feature,idf
 0.,2.600704232465346
 0.5,2.7404661748405044
 0.50,2.7404661748405044
 0.7,4.414442608412176
 0.75,4.414442608412176
 1.,2.1596481792544786
 1.0,4.819907716520341
 1.00,4.819907716520341
 1.2,2.44966397505248
 1.25,2.44966397505248
 1.5,4.483435479899128
 1.50,4.483435479899128
 1.7,3.9869985935852363
 1.75,3.9869985935852363
 10,5.330733340286331
 10.,5.330733340286331
 10.5,5.736198448394496
 11,4.9252682321781664
 11.,4.9252682321781664
 11.2,5.330733340286331
 11.5,6.0238805208462765
 12,5.330733340286331
 12.,5.736198448394496
 121,6.0238805208462765
 1213,6.0238805208462765
 13,5.513054897080286
 13.,5.513054897080286
 13.5,5.513054897080286
 14,5.330733340286331
 14.,5.330733340286331
 14.5,6.0238805208462765
 14.7,5.736198448394496
 15,5.736198448394496
 15.,5.736198448394496
 16,5.736198448394496
 16.,5.736198448394496
 16.2,6.0238805208462765
 19,5.513054897080286
 19.,5.513054897080286
 19.5,6.0238805208462765
 2.,2.7657839828247943
 2.0,4.724597536716015
 2.00,4.724597536716015
 2.2,3.4849066497880004
 2.25,3.4849066497880004
 2.5,4.232121051618222
 2.50,4.232121051618222
 2.7,4.414442608412176
 2.75,4.414442608412176
 24,6.0238805208462765
 24.,6.0238805208462765
 3.,2.9481055396187488
 3.0,4.637586159726386
 3.00,4.637586159726386
 3.2,3.790288299339182
 3.25,3.790288299339182
 3.5,4.28927946545817
 3.50,4.28927946545817
 3.7,4.637586159726386
 3.75,4.637586159726386
 30,6.0238805208462765
 30.,6.0238805208462765
 30.7,6.0238805208462765
 4.,3.4849066497880004
 4.0,6.0238805208462765
 4.00,6.0238805208462765
 4.2,4.232121051618222
 4.25,4.232121051618222
 4.5,4.483435479899128
 4.50,4.483435479899128
 4.7,5.330733340286331
 4.75,5.330733340286331
 5.,3.8643962714929043
 5.2,4.232121051618222
 5.25,4.232121051618222
 5.5,5.513054897080286
 5.50,5.513054897080286
 5.7,5.513054897080286
 5.75,5.513054897080286
 6.,3.8643962714929043
 6.2,4.28927946545817
 6.25,4.28927946545817
 6.5,5.513054897080286
 6.50,5.513054897080286
 6.7,5.513054897080286
 6.75,5.513054897080286
 7.,3.755196979527912
 7.0,6.0238805208462765
 7.00,6.0238805208462765
 7.2,4.557543452052849
 7.25,4.557543452052849
 7.5,4.819907716520341
 7.50,4.819907716520341
 7.7,5.330733340286331
 7.75,5.330733340286331
 8.,4.03145035615607
 8.0,6.0238805208462765
 8.00,6.0238805208462765
 8.2,4.724597536716015
 8.25,4.724597536716015
 8.5,5.513054897080286
 8.50,5.513054897080286
 8.7,5.176582660459073
 8.75,5.176582660459073
 9.,4.724597536716015
 9.2,5.330733340286331
 9.25,5.330733340286331
 9.5,5.330733340286331
 9.50,5.330733340286331
 a ,4.483435479899128
 ac,2.1808503869050817
 aca,3.0449553656086668
 acad,3.0449553656086668
 acc,3.538973871058276
 acce,5.736198448394496
 acco,3.625985248047906
 act,2.963609726154714
 acti,2.963609726154714
 ad,2.1596481792544786
 adm,2.600704232465346
 admi,2.600704232465346
 adv,3.097141118779237
 adve,5.736198448394496
 advi,3.2512917986064953
 advo,4.724597536716015
 ag,3.9869985935852363
 age,4.724597536716015
 agen,4.724597536716015
 agr,4.483435479899128
 agre,4.483435479899128
 al,5.176582660459073
 all,5.176582660459073
 allo,5.176582660459073
 an,1.1436070446132642
 ana,2.9481055396187488
 anal,2.9481055396187488
 and,1.1640681164846043
 and ,1.1640681164846043
" and,",6.0238805208462765
 ani,4.724597536716015
 anim,4.724597536716015
 ap,4.483435479899128
 app,4.483435479899128
 appl,4.483435479899128
 ar,3.1906671767900603
 are,5.736198448394496
 area,5.736198448394496
 art,3.2512917986064953
 art ,6.0238805208462765
 arti,3.2723452078043276
 as,2.173732919136218
 ask,5.330733340286331
 aski,5.330733340286331
 ass,2.173732919136218
 assi,2.1808503869050817
 at,5.176582660459073
 at ,6.0238805208462765
 att,5.513054897080286
 atte,5.736198448394496
 au,4.349904087274605
 aud,4.349904087274605
 audi,4.349904087274605
 ba,1.7153210380542674
 bab,5.736198448394496
 baby,5.736198448394496
 bac,1.7288652631620245
 bach,1.733421079697885
 bak,5.513054897080286
 bake,5.513054897080286
 bar,5.513054897080286
 bart,5.736198448394496
 bi,6.0238805208462765
 bio,6.0238805208462765
 biol,6.0238805208462765
 bo,5.176582660459073
 boo,5.736198448394496
 book,5.736198448394496
 box,6.0238805208462765
 boxi,6.0238805208462765
 br,5.736198448394496
 bu,2.4590537154023187
 bud,3.408920742810078
 budg,3.408920742810078
 bui,4.557543452052849
 buil,4.557543452052849
 bus,2.9328380674879604
 busi,2.9481055396187488
 ca,3.133508762950112
 cal,4.232121051618222
 calc,4.819907716520341
 call,4.9252682321781664
 cam,6.0238805208462765
 camp,6.0238805208462765
 car,3.625985248047906
 care,4.178053830347945
 cari,4.178053830347945
 cas,5.04305126783455
 cash,5.176582660459073
 ce,4.724597536716015
 cen,4.724597536716015
 cent,4.724597536716015
 ch,3.5115748968701617
 cha,4.232121051618222
 chai,4.349904087274605
 chi,4.178053830347945
 chil,4.178053830347945
 cl,2.4039939382192914
 cle,2.507372292673127
 clea,4.724597536716015
 cler,2.600704232465346
 cli,3.755196979527912
 clie,3.755196979527912
 clo,6.0238805208462765
 clot,6.0238805208462765
 co,1.6460292575828754
 coa,3.596132284898225
 coac,3.596132284898225
 col,2.67984155302407
 coll,2.691676010671072
 com,2.431144927285242
 comm,3.4336133554004498
 comp,2.7404661748405044
 con,2.6451559950361796
 cond,3.3848231912310176
 cons,4.232121051618222
 cont,3.6885056050292397
 coo,4.414442608412176
 coor,4.414442608412176
 cop,5.736198448394496
 copy,5.736198448394496
 cou,5.04305126783455
 coun,5.04305126783455
 cr,3.0794415416798357
 cre,3.0794415416798357
 crea,3.133508762950112
 crew,5.736198448394496
 cu,4.28927946545817
 cul,5.176582660459073
 cult,5.176582660459073
 cur,6.0238805208462765
 cus,4.9252682321781664
 cust,4.9252682321781664
 da,2.622683139184121
 dat,2.622683139184121
 data,2.622683139184121
 de,1.8860508466844368
 dec,3.4336133554004498
 deco,3.4589311633847397
 dem,5.513054897080286
 demo,5.513054897080286
 den,5.736198448394496
 dent,5.736198448394496
 dep,6.0238805208462765
 des,2.9328380674879604
 desi,2.995358424469295
 desk,5.513054897080286
 det,6.0238805208462765
 dete,6.0238805208462765
 dev,2.2704625455947687
 deve,2.2704625455947687
 di,2.066247004166078
 dia,4.9252682321781664
 diag,4.9252682321781664
 dig,2.42201244372197
 digi,2.42201244372197
 dir,4.28927946545817
 dire,4.28927946545817
 dis,3.2306725114037596
 disp,3.2723452078043276
 dist,6.0238805208462765
 div,6.0238805208462765
 divi,6.0238805208462765
 do,3.625985248047906
 doc,3.6567569067146595
 docu,3.6567569067146595
 dr,3.5671447480249725
 dri,3.5671447480249725
 drin,3.6567569067146595
 driv,5.513054897080286
 ec,4.483435479899128
 eco,4.483435479899128
 econ,4.483435479899128
 edi,5.736198448394496
 edit,5.736198448394496
 el,4.414442608412176
 ele,4.414442608412176
 elec,4.414442608412176
 em,5.04305126783455
 eme,6.0238805208462765
 emer,6.0238805208462765
 emp,5.330733340286331
 empl,5.330733340286331
 en,3.3158303197440664
 ene,6.0238805208462765
 ener,6.0238805208462765
 enf,4.819907716520341
 enfo,4.819907716520341
 eng,5.330733340286331
 enga,6.0238805208462765
 engi,5.736198448394496
 ens,4.724597536716015
 ensu,4.724597536716015
 ent,4.126760535960395
 ente,4.232121051618222
 entr,5.736198448394496
 env,5.736198448394496
 envi,5.736198448394496
 eq,3.755196979527912
 equ,3.755196979527912
 equi,3.755196979527912
 es,5.736198448394496
 est,6.0238805208462765
 esta,6.0238805208462765
 ev,2.4129626082020517
 eva,3.0116189453410747
 eval,3.0116189453410747
 eve,2.91780019012342
 even,2.91780019012342
 ex,2.91780019012342
 exe,3.152200895962264
 exec,3.152200895962264
 exp,5.513054897080286
 expe,5.736198448394496
 ext,4.724597536716015
 exte,4.724597536716015
 fa,4.724597536716015
 fab,5.736198448394496
 fabr,5.736198448394496
 fam,5.513054897080286
 fami,5.513054897080286
 fe,5.513054897080286
 fee,5.513054897080286
 feed,5.513054897080286
 fi,2.4590537154023187
 fin,2.4685324593568625
 fina,2.4781019103730135
 fo,2.2472954863132344
 fol,5.736198448394496
 foll,5.736198448394496
 foo,3.4336133554004498
 food,3.538973871058276
 foot,5.513054897080286
 for,2.547781831011003
 for ,2.600704232465346
 fore,5.513054897080286
 fr,5.04305126783455
 fro,5.04305126783455
 from,5.176582660459073
 fu,6.0238805208462765
 fur,6.0238805208462765
 fur ,6.0238805208462765
 ga,2.8458266904983307
 gar,6.0238805208462765
 garm,6.0238805208462765
 gat,2.9029851043382795
 gath,2.9029851043382795
 ge,2.294179072212085
 gen,2.294179072212085
 gene,2.294179072212085
 gi,5.330733340286331
 giv,5.330733340286331
 givi,5.330733340286331
 go,4.349904087274605
 goo,4.349904087274605
 good,4.349904087274605
 gr,3.4589311633847397
 gra,3.9869985935852363
 grap,3.9869985935852363
 gro,4.28927946545817
 grou,4.28927946545817
 ha,5.04305126783455
 hai,6.0238805208462765
 hair,6.0238805208462765
 han,5.330733340286331
 hand,5.330733340286331
 haz,5.736198448394496
 haza,5.736198448394496
 he,3.4849066497880004
 hea,3.538973871058276
 head,5.330733340286331
 heal,3.6885056050292397
 hel,6.0238805208462765
 help,6.0238805208462765
 hi,4.637586159726386
 hir,4.724597536716015
 hiri,4.724597536716015
 ho,4.178053830347945
 hom,5.04305126783455
 home,5.04305126783455
 hos,4.9252682321781664
 host,5.04305126783455
 hou,6.0238805208462765
 hous,6.0238805208462765
 hu,4.483435479899128
 hum,4.483435479899128
 huma,4.483435479899128
 ic,4.28927946545817
 ict,4.28927946545817
 ict ,4.28927946545817
 id,4.557543452052849
 ide,4.557543452052849
 iden,4.557543452052849
 il,6.0238805208462765
 ill,6.0238805208462765
 illu,6.0238805208462765
 im,3.538973871058276
 ima,3.596132284898225
 imag,3.596132284898225
 imp,6.0238805208462765
 impl,6.0238805208462765
 in,2.09861228866811
 in ,4.126760535960395
 ind,2.9793580831228534
 indi,3.0116189453410747
 indu,6.0238805208462765
 inf,3.293851413025291
 info,3.293851413025291
 ins,3.625985248047906
 insp,5.513054897080286
 inst,3.755196979527912
 int,3.9869985935852363
 inte,3.9869985935852363
 inv,6.0238805208462765
 inve,6.0238805208462765
 is,5.176582660459073
 iss,5.176582660459073
 issu,5.176582660459073
 jo,6.0238805208462765
 jou,6.0238805208462765
 jour,6.0238805208462765
 ki,6.0238805208462765
 kit,6.0238805208462765
 kitc,6.0238805208462765
 la,4.483435479899128
 lan,4.637586159726386
 lang,4.724597536716015
 law,6.0238805208462765
 le,3.755196979527912
 lea,4.724597536716015
 lead,5.330733340286331
 leat,5.736198448394496
 lec,5.330733340286331
 lect,5.330733340286331
 leg,4.414442608412176
 lega,5.330733340286331
 legi,4.724597536716015
 li,3.2306725114037596
 lia,3.538973871058276
 liai,3.538973871058276
 lif,5.176582660459073
 life,5.513054897080286
 lift,6.0238805208462765
 lis,5.330733340286331
 list,5.330733340286331
 lo,4.9252682321781664
 loa,6.0238805208462765
 load,6.0238805208462765
 log,5.330733340286331
 logi,5.330733340286331
 ma,1.4770459118711483
 mac,5.176582660459073
 mach,5.176582660459073
 mai,3.625985248047906
 main,3.625985248047906
 mak,5.736198448394496
 make,6.0238805208462765
 man,2.1666657519131256
 mana,2.173732919136218
 manu,6.0238805208462765
 mar,2.9793580831228534
 mark,2.9793580831228534
 mas,2.368902618408021
 mast,2.368902618408021
 mat,3.5671447480249725
 mate,3.9036169846461855
 matt,4.724597536716015
 me,2.832033368365995
 mec,5.513054897080286
 mech,5.513054897080286
 med,3.790288299339182
 medi,3.790288299339182
 mem,5.513054897080286
 memb,5.513054897080286
 men,3.5671447480249725
 ment,3.625985248047906
 menu,5.736198448394496
 mer,6.0238805208462765
 merc,6.0238805208462765
 met,5.736198448394496
 meta,5.736198448394496
 mi,5.736198448394496
 mig,6.0238805208462765
 migr,6.0238805208462765
 mo,2.58989331636113
 mob,5.736198448394496
 mobi,5.736198448394496
 mod,5.04305126783455
 mode,5.04305126783455
 mon,2.67984155302407
 moni,2.67984155302407
 mot,5.513054897080286
 moti,5.736198448394496
 mov,6.0238805208462765
 movi,6.0238805208462765
 mu,5.330733340286331
 mus,5.513054897080286
 musi,5.513054897080286
 ne,2.537525330843814
 nee,4.077970371790963
 need,4.077970371790963
 neg,4.483435479899128
 nego,4.483435479899128
 net,2.791759469228055
 netw,2.791759469228055
 new,6.0238805208462765
 new ,6.0238805208462765
 no,3.293851413025291
 no ,3.293851413025291
 nu,5.330733340286331
 nur,5.330733340286331
 nurs,5.330733340286331
 ob,4.414442608412176
 obj,4.414442608412176
 obje,4.414442608412176
 of,2.600704232465346
 of ,2.8050046959780754
 off,3.9869985935852363
 offi,3.9869985935852363
 on,3.1906671767900603
 on ,3.4336133554004498
 onl,4.637586159726386
 onli,4.637586159726386
 op,2.2704625455947687
 ope,2.294179072212085
 oper,2.294179072212085
 opp,5.04305126783455
 oppo,5.04305126783455
 or,1.3762896189742329
 or ,1.3923930265408115
 ord,6.0238805208462765
 orde,6.0238805208462765
 org,3.9869985935852363
 orga,3.9869985935852363
 ot,5.736198448394496
 oth,5.736198448394496
 othe,5.736198448394496
 pa,4.178053830347945
 pac,4.724597536716015
 pack,4.724597536716015
 par,5.736198448394496
 part,6.0238805208462765
 pas,6.0238805208462765
 pe,1.589103320786866
 peo,3.1151596242819153
 peop,3.1151596242819153
 per,1.7659065348423737
 perf,1.8754687373538999
 perm,5.736198448394496
 pers,3.790288299339182
 ph,3.7212954278522306
 pha,6.0238805208462765
 phar,6.0238805208462765
 phd,6.0238805208462765
 phd ,6.0238805208462765
 pho,5.513054897080286
 phot,5.736198448394496
 phy,3.9869985935852363
 phys,3.9869985935852363
 pi,5.736198448394496
 pic,6.0238805208462765
 pick,6.0238805208462765
 pl,2.4129626082020517
 pla,2.42201244372197
 plan,2.42201244372197
 po,4.557543452052849
 pol,4.9252682321781664
 poli,4.9252682321781664
 pos,5.513054897080286
 post,5.513054897080286
 pr,1.258861633916289
 pra,4.9252682321781664
 prac,4.9252682321781664
 pre,2.859812932473071
 prec,5.330733340286331
 prep,3.028148247292285
 pres,5.04305126783455
 pri,4.178053830347945
 prim,5.330733340286331
 priv,4.557543452052849
 pro,1.3794896217049037
 prob,4.724597536716015
 proc,2.4781019103730135
 prod,2.173732919136218
 prof,2.791759469228055
 prog,2.1457590670938114
 proj,4.819907716520341
 prom,2.691676010671072
 prot,4.349904087274605
 prov,2.995358424469295
 pu,4.178053830347945
 pub,4.414442608412176
 publ,4.414442608412176
 pur,5.736198448394496
 purc,5.736198448394496
 qu,3.0449553656086668
 qua,3.171249090932959
 qual,3.171249090932959
 que,5.330733340286331
 ques,5.330733340286331
 qui,5.736198448394496
 quic,5.736198448394496
 re,1.8443781502838688
 rec,3.0116189453410747
 rece,5.736198448394496
 reci,5.736198448394496
 reco,3.2723452078043276
 recr,4.724597536716015
 reg,5.330733340286331
 regu,5.330733340286331
 rel,2.7657839828247943
 rela,2.7786873876607023
 ren,6.0238805208462765
 rep,3.293851413025291
 repa,5.176582660459073
 repo,3.790288299339182
 repr,4.557543452052849
 res,2.691676010671072
 rese,3.5671447480249725
 resi,5.330733340286331
 reso,3.5115748968701617
 rest,4.637586159726386
 ri,5.513054897080286
 ris,5.513054897080286
 risk,5.513054897080286
 ro,5.176582660459073
 roa,5.736198448394496
 road,5.736198448394496
 roo,6.0238805208462765
 room,6.0238805208462765
 sa,3.028148247292285
 saf,3.9869985935852363
 safe,3.9869985935852363
 sal,3.4336133554004498
 sale,3.4336133554004498
 sc,2.3103084541419685
 sch,2.326702263917645
 sche,4.03145035615607
 scho,2.4685324593568625
 sci,5.513054897080286
 scie,5.513054897080286
 se,1.7019578102421002
 sec,2.3518081850487214
 seco,2.5273729593797962
 secr,4.637586159726386
 secu,4.557543452052849
 sel,3.4336133554004498
 sell,3.4336133554004498
 ser,2.278305723055795
 serv,2.278305723055795
 set,5.330733340286331
 sett,5.513054897080286
 sh,4.349904087274605
 shi,6.0238805208462765
 ship,6.0238805208462765
 sho,4.483435479899128
 shop,4.557543452052849
 si,6.0238805208462765
 so,2.91780019012342
 soc,4.414442608412176
 soci,4.414442608412176
 sof,5.176582660459073
 soft,5.176582660459073
 sol,4.557543452052849
 solu,4.637586159726386
 sou,3.4336133554004498
 soun,3.596132284898225
 sour,5.176582660459073
 sp,3.8643962714929043
 spe,4.349904087274605
 spec,4.414442608412176
 spo,4.724597536716015
 spor,4.724597536716015
 st,2.633856439782246
 sta,5.176582660459073
 stag,5.736198448394496
 stat,6.0238805208462765
 sto,2.7280436548419473
 stop,5.176582660459073
 stor,2.8184277163102163
 str,5.736198448394496
 stru,6.0238805208462765
 su,2.8458266904983307
 sub,4.126760535960395
 subj,4.126760535960395
 sup,3.0794415416798357
 supe,4.126760535960395
 supp,3.4336133554004498
 sw,6.0238805208462765
 swi,6.0238805208462765
 swit,6.0238805208462765
 sy,4.232121051618222
 sys,4.232121051618222
 syst,4.232121051618222
 ta,2.6565846908598023
 tas,2.6565846908598023
 task,2.6565846908598023
 te,2.1666657519131256
 tea,2.9793580831228534
 teac,3.3158303197440664
 team,3.9036169846461855
 tec,3.5671447480249725
 tech,3.5671447480249725
 tel,5.513054897080286
 tele,5.513054897080286
 ten,5.513054897080286
 tenn,6.0238805208462765
 ter,3.293851413025291
 tert,3.293851413025291
 tes,5.04305126783455
 test,5.04305126783455
 tex,5.736198448394496
 text,5.736198448394496
 th,2.9328380674879604
 the,2.9328380674879604
 the ,2.9481055396187488
 to,2.431144927285242
 to ,3.171249090932959
 too,3.097141118779237
 tool,3.097141118779237
 tou,5.736198448394496
 tour,5.736198448394496
 tr,2.3518081850487214
 tra,2.368902618408021
 trai,3.408920742810078
 tran,2.7786873876607023
 tre,5.736198448394496
 trea,5.736198448394496
 tu,6.0238805208462765
 tut,6.0238805208462765
 tuto,6.0238805208462765
 un,5.176582660459073
 uni,5.513054897080286
 univ,5.513054897080286
 unl,6.0238805208462765
 unlo,6.0238805208462765
 up,5.513054897080286
 up ,5.513054897080286
 us,2.963609726154714
 use,5.736198448394496
 user,6.0238805208462765
 usi,3.028148247292285
 usin,3.028148247292285
 va,6.0238805208462765
 val,6.0238805208462765
 ve,4.9252682321781664
 veh,5.330733340286331
 vehi,5.330733340286331
 ver,6.0238805208462765
 veri,6.0238805208462765
 vi,3.4336133554004498
 vis,3.4336133554004498
 visu,3.4336133554004498
 vo,3.7212954278522306
 voc,3.9036169846461855
 voca,3.9036169846461855
 vol,5.176582660459073
 volu,5.176582660459073
 wa,4.178053830347945
 wai,4.483435479899128
 wait,4.483435479899128
 war,5.736198448394496
 ware,5.736198448394496
 we,3.9869985935852363
 web,5.330733340286331
 web ,5.330733340286331
 wel,4.232121051618222
 welc,4.232121051618222
 wi,2.8050046959780754
 wit,2.8050046959780754
 with,2.8050046959780754
 wo,2.9793580831228534
 woo,5.736198448394496
 wood,5.736198448394496
 wor,3.028148247292285
 word,5.736198448394496
 work,3.0449553656086668
 wr,3.538973871058276
 wri,3.538973871058276
 writ,3.538973871058276
 yo,5.736198448394496
 you,5.736198448394496
 youn,6.0238805208462765
-mo,5.176582660459073
-mot,5.176582660459073
-moti,5.176582660459073
-vi,4.637586159726386
-vis,4.637586159726386
-visu,4.637586159726386
.00,3.5115748968701617
.00 ,3.5115748968701617
.25,1.6460292575828754
.25 ,1.6460292575828754
.5 ,6.0238805208462765
.50,2.0535886072941545
.50 ,2.0535886072941545
.75,2.633856439782246
.75 ,2.633856439782246
/po,6.0238805208462765
/pos,6.0238805208462765
/post,6.0238805208462765
/re,5.176582660459073
/res,5.176582660459073
/rest,5.176582660459073
/wa,4.483435479899128
/wai,4.483435479899128
/wait,4.483435479899128
0.5,2.703652201717788
0.50,2.703652201717788
0.50 ,2.703652201717788
0.7,4.232121051618222
0.75,4.232121051618222
0.75 ,4.232121051618222
00 ,3.5115748968701617
1.0,4.819907716520341
1.00,4.819907716520341
1.00 ,4.819907716520341
1.2,2.3951049908020456
1.25,2.3951049908020456
1.25 ,2.3951049908020456
1.5,4.349904087274605
1.50,4.349904087274605
1.50 ,4.349904087274605
1.7,3.9444389791664403
1.75,3.9444389791664403
1.75 ,3.9444389791664403
10.,5.330733340286331
10.5,5.736198448394496
10.50,5.736198448394496
11.,4.9252682321781664
11.2,5.330733340286331
11.25,5.330733340286331
11.5,6.0238805208462765
11.50,6.0238805208462765
12.,5.736198448394496
121,6.0238805208462765
1213,6.0238805208462765
1213.,6.0238805208462765
13.,5.176582660459073
13.5,5.176582660459073
13.5 ,6.0238805208462765
13.50,5.513054897080286
14.,5.330733340286331
14.5,6.0238805208462765
14.50,6.0238805208462765
14.7,5.736198448394496
14.75,5.736198448394496
15.,5.736198448394496
16.,5.736198448394496
16.2,6.0238805208462765
16.25,6.0238805208462765
19.,5.513054897080286
19.5,6.0238805208462765
19.50,6.0238805208462765
2.0,4.724597536716015
2.00,4.724597536716015
2.00 ,4.724597536716015
2.2,3.4589311633847397
2.25,3.4589311633847397
2.25 ,3.4589311633847397
2.5,4.178053830347945
2.50,4.178053830347945
2.50 ,4.178053830347945
2.7,4.349904087274605
2.75,4.349904087274605
2.75 ,4.349904087274605
213,6.0238805208462765
213.,6.0238805208462765
213.5,6.0238805208462765
24.,6.0238805208462765
25 ,1.6460292575828754
3.0,4.637586159726386
3.00,4.637586159726386
3.00 ,4.637586159726386
3.2,3.790288299339182
3.25,3.790288299339182
3.25 ,3.790288299339182
3.5,3.9869985935852363
3.5 ,6.0238805208462765
3.50,4.077970371790963
3.50 ,4.077970371790963
3.7,4.557543452052849
3.75,4.557543452052849
3.75 ,4.557543452052849
30.,6.0238805208462765
30.7,6.0238805208462765
30.75,6.0238805208462765
4.0,6.0238805208462765
4.00,6.0238805208462765
4.00 ,6.0238805208462765
4.2,4.126760535960395
4.25,4.126760535960395
4.25 ,4.126760535960395
4.5,4.349904087274605
4.50,4.349904087274605
4.50 ,4.349904087274605
4.7,4.819907716520341
4.75,4.819907716520341
4.75 ,4.819907716520341
5.2,4.178053830347945
5.25,4.178053830347945
5.25 ,4.178053830347945
5.5,5.330733340286331
5.50,5.330733340286331
5.50 ,5.330733340286331
5.7,5.330733340286331
5.75,5.330733340286331
5.75 ,5.330733340286331
50 ,2.0535886072941545
6.2,4.126760535960395
6.25,4.126760535960395
6.25 ,4.126760535960395
6.5,5.513054897080286
6.50,5.513054897080286
6.50 ,5.513054897080286
6.7,5.330733340286331
6.75,5.330733340286331
6.75 ,5.330733340286331
7.0,6.0238805208462765
7.00,6.0238805208462765
7.00 ,6.0238805208462765
7.2,4.557543452052849
7.25,4.557543452052849
7.25 ,4.557543452052849
7.5,4.724597536716015
7.50,4.724597536716015
7.50 ,4.724597536716015
7.7,5.330733340286331
7.75,5.330733340286331
7.75 ,5.330733340286331
75 ,2.633856439782246
8.0,6.0238805208462765
8.00,6.0238805208462765
8.00 ,6.0238805208462765
8.2,4.724597536716015
8.25,4.724597536716015
8.25 ,4.724597536716015
8.5,5.513054897080286
8.50,5.513054897080286
8.50 ,5.513054897080286
8.7,5.176582660459073
8.75,5.176582660459073
8.75 ,5.176582660459073
9.2,5.176582660459073
9.25,5.176582660459073
9.25 ,5.176582660459073
9.5,5.04305126783455
9.50,5.04305126783455
9.50 ,5.04305126783455
"a, ",3.028148247292285
aba,5.736198448394496
abas,5.736198448394496
abase,5.736198448394496
abl,6.0238805208462765
abo,2.91780019012342
abor,2.91780019012342
abora,2.91780019012342
abr,5.736198448394496
abri,5.736198448394496
abric,5.736198448394496
aby,5.736198448394496
abys,5.736198448394496
abysi,5.736198448394496
aca,3.0449553656086668
acad,3.0449553656086668
acade,3.0449553656086668
acc,3.538973871058276
acce,5.736198448394496
accep,6.0238805208462765
acco,3.625985248047906
accom,4.232121051618222
accou,4.349904087274605
ace,5.736198448394496
ace ,6.0238805208462765
ach,1.6010318916521395
ach ,4.819907716520341
ache,1.6714543559486854
achel,1.733421079697885
acher,3.625985248047906
achi,3.0449553656086668
achin,3.0449553656086668
ack,4.349904087274605
ack ,5.736198448394496
"ack,",6.0238805208462765
"ack, ",6.0238805208462765
acka,4.724597536716015
ackag,4.724597536716015
act,2.217218031075957
act ,5.736198448394496
acti,2.343369316402857
actio,3.133508762950112
actis,4.9252682321781664
activ,2.963609726154714
acts,4.28927946545817
acts ,4.483435479899128
"acts,",5.736198448394496
actu,6.0238805208462765
actur,6.0238805208462765
acy,4.483435479899128
acy ,4.483435479899128
ad ,5.513054897080286
ade,3.0116189453410747
adem,3.0449553656086668
ademi,3.0449553656086668
ader,6.0238805208462765
ader ,6.0238805208462765
adi,5.330733340286331
adin,5.330733340286331
ading,5.330733340286331
adm,2.600704232465346
admi,2.600704232465346
admin,2.600704232465346
adt,6.0238805208462765
adte,6.0238805208462765
adtea,6.0238805208462765
adv,3.097141118779237
adve,5.736198448394496
adver,5.736198448394496
advi,3.2512917986064953
advic,4.637586159726386
advis,3.5115748968701617
advo,4.724597536716015
advoc,4.724597536716015
afe,3.9869985935852363
afet,3.9869985935852363
afety,3.9869985935852363
age,2.4403615823901665
age ,5.736198448394496
ageh,6.0238805208462765
ageha,6.0238805208462765
agem,5.04305126783455
ageme,5.04305126783455
agen,4.724597536716015
agent,4.724597536716015
ager,3.2306725114037596
ager ,3.2306725114037596
ages,3.3612926938208236
ages ,3.5671447480249725
"ages,",4.9252682321781664
agi,2.3022112439093494
agin,2.3022112439093494
aging,2.3022112439093494
agn,4.9252682321781664
agno,4.9252682321781664
agnos,4.9252682321781664
agr,4.483435479899128
agre,4.483435479899128
agree,4.483435479899128
agu,4.232121051618222
ague,4.232121051618222
agues,4.232121051618222
ail,5.736198448394496
ail ,5.736198448394496
ain,2.633856439782246
ain ,4.232121051618222
aine,5.176582660459073
ainer,5.176582660459073
aini,2.9481055396187488
ainin,2.9481055396187488
aint,3.596132284898225
ainta,3.625985248047906
air,5.04305126783455
air ,5.736198448394496
airi,5.176582660459073
airin,5.176582660459073
ais,3.538973871058276
aisi,3.538973871058276
aisin,3.538973871058276
ait,4.483435479899128
aite,4.483435479899128
aiter,4.483435479899128
aitr,4.483435479899128
aitre,4.483435479899128
ake,5.176582660459073
aker,5.330733340286331
aker ,6.0238805208462765
akery,5.736198448394496
aki,6.0238805208462765
akin,6.0238805208462765
aking,6.0238805208462765
al ,1.1512309697239236
"al,",3.4336133554004498
"al, ",3.4336133554004498
alc,4.819907716520341
alcu,4.819907716520341
alcul,4.819907716520341
ale,3.3612926938208236
ales,3.408920742810078
ales ,3.408920742810078
ali,2.9481055396187488
alif,3.293851413025291
alifi,3.293851413025291
alis,4.414442608412176
alise,5.04305126783455
alist,5.04305126783455
alit,5.04305126783455
ality,5.04305126783455
all,3.826655943510057
all ,4.557543452052849
alle,6.0238805208462765
aller,6.0238805208462765
alli,4.9252682321781664
allin,4.9252682321781664
allo,5.176582660459073
alloc,5.176582660459073
als,2.8184277163102163
als ,3.7212954278522306
"als,",3.152200895962264
"als, ",3.152200895962264
alt,3.6885056050292397
alth,3.6885056050292397
alth ,3.6885056050292397
althc,6.0238805208462765
alu,2.995358424469295
alua,3.0116189453410747
aluat,3.0116189453410747
aly,2.9481055396187488
alys,2.9481055396187488
alysi,2.995358424469295
alyst,5.330733340286331
am ,4.483435479899128
ami,5.513054897080286
amil,5.513054897080286
amily,5.513054897080286
amm,2.67984155302407
amme,2.7786873876607023
amme ,5.176582660459073
ammes,2.859812932473071
ammi,4.819907716520341
ammin,4.819907716520341
amp,6.0238805208462765
ampi,6.0238805208462765
ampin,6.0238805208462765
ams,2.715773562250133
ams ,3.9036169846461855
"ams,",2.9793580831228534
"ams, ",2.9793580831228534
an ,3.9444389791664403
an/,6.0238805208462765
an/p,6.0238805208462765
an/po,6.0238805208462765
ana,1.9295359586241756
anag,2.173732919136218
anage,3.1151596242819153
anagi,2.3951049908020456
anal,2.9481055396187488
analy,2.9481055396187488
anc,1.7379977467252972
ance,2.034896474282002
ance ,2.537525330843814
ances,2.9029851043382795
anci,2.5273729593797962
ancia,2.5273729593797962
and,1.1640681164846043
and ,1.1640681164846043
"and,",6.0238805208462765
"and, ",6.0238805208462765
andl,5.513054897080286
andli,5.736198448394496
ang,4.724597536716015
angu,4.724597536716015
angua,4.724597536716015
ani,3.538973871058276
anic,5.513054897080286
anica,5.513054897080286
anim,4.724597536716015
anima,4.724597536716015
anin,4.724597536716015
aning,4.724597536716015
anis,3.9869985935852363
anisi,4.03145035615607
ann,2.600704232465346
anni,2.611633302997536
annin,2.611633302997536
ans,2.5273729593797962
"ans,",3.9869985935852363
"ans, ",3.9869985935852363
ansa,3.152200895962264
ansac,3.152200895962264
ansf,4.28927946545817
ansfo,4.28927946545817
ansl,5.513054897080286
ansla,5.513054897080286
ansp,5.330733340286331
anspo,5.330733340286331
ant,2.1808503869050817
ant ,2.1808503869050817
anu,6.0238805208462765
anuf,6.0238805208462765
anufa,6.0238805208462765
any,4.232121051618222
anyi,4.232121051618222
anyin,4.232121051618222
aph,3.826655943510057
aphe,5.513054897080286
apher,5.513054897080286
aphi,3.9869985935852363
aphic,3.9869985935852363
app,4.483435479899128
appl,4.483435479899128
appli,4.483435479899128
ar ,6.0238805208462765
arc,3.538973871058276
arch,3.538973871058276
arch ,4.557543452052849
"arch,",3.755196979527912
ard,5.04305126783455
ard ,5.736198448394496
ardo,5.736198448394496
ardou,5.736198448394496
are,3.596132284898225
are ,3.9036169846461855
"are,",5.736198448394496
"are, ",5.736198448394496
area,5.736198448394496
area ,5.736198448394496
areh,5.736198448394496
areho,5.736198448394496
ari,2.8050046959780754
arin,2.8184277163102163
aring,2.8184277163102163
ark,2.963609726154714
arke,3.028148247292285
arket,3.028148247292285
arki,5.513054897080286
arkin,5.513054897080286
arm,5.513054897080286
arma,6.0238805208462765
armac,6.0238805208462765
arme,6.0238805208462765
armen,6.0238805208462765
arn,6.0238805208462765
arni,6.0238805208462765
arnin,6.0238805208462765
art,3.133508762950112
art ,6.0238805208462765
arte,5.736198448394496
arten,5.736198448394496
arti,3.2723452078043276
artis,3.2723452078043276
arts,5.736198448394496
arts ,5.736198448394496
ary,2.0920548881219507
ary ,2.0920548881219507
ase,5.513054897080286
ase ,5.513054897080286
ash,4.9252682321781664
ashi,4.9252682321781664
ashie,5.176582660459073
asi,5.513054897080286
asin,5.513054897080286
asing,5.513054897080286
ask,2.600704232465346
aski,5.330733340286331
askin,5.330733340286331
asks,2.6565846908598023
asks ,5.513054897080286
"asks,",2.703652201717788
ass,2.1666657519131256
asse,6.0238805208462765
assi,2.1808503869050817
assis,2.1808503869050817
ast,2.36031887471663
aste,2.368902618408021
aster,2.368902618408021
at ,5.513054897080286
ata,2.622683139184121
ata ,3.5115748968701617
"ata,",3.028148247292285
"ata, ",3.028148247292285
atab,5.736198448394496
ataba,5.736198448394496
ate,3.6885056050292397
ate ,5.736198448394496
ater,3.8643962714929043
ateri,3.9036169846461855
ath,2.859812932473071
athe,2.859812932473071
ather,2.859812932473071
atin,1.913006656672965
ating,1.913006656672965
ativ,2.431144927285242
ative,2.4685324593568625
ativi,5.330733340286331
atm,5.736198448394496
atme,5.736198448394496
atmen,5.736198448394496
ato,3.293851413025291
ator,3.293851413025291
ator ,3.338303175596125
atory,5.330733340286331
att,4.414442608412176
atte,4.483435479899128
atten,5.736198448394496
atter,4.724597536716015
aud,4.349904087274605
audi,4.349904087274605
audio,4.557543452052849
audit,5.736198448394496
aur,4.637586159726386
aura,4.637586159726386
auran,4.637586159726386
ays,3.4589311633847397
ays ,3.4589311633847397
aza,5.736198448394496
azar,5.736198448394496
azard,5.736198448394496
bab,5.736198448394496
baby,5.736198448394496
babys,5.736198448394496
bac,1.7243301079966333
bach,1.733421079697885
bache,1.733421079697885
back,5.330733340286331
back ,5.736198448394496
"back,",6.0238805208462765
bak,5.513054897080286
bake,5.513054897080286
baker,5.513054897080286
bal,5.513054897080286
ball,5.513054897080286
ball ,5.513054897080286
bar,5.513054897080286
bart,5.736198448394496
barte,5.736198448394496
bas,5.736198448394496
base,5.736198448394496
base ,5.736198448394496
ber,5.513054897080286
ber ,5.736198448394496
bil,5.736198448394496
bili,6.0238805208462765
bilit,6.0238805208462765
bio,6.0238805208462765
biol,6.0238805208462765
biolo,6.0238805208462765
bje,3.596132284898225
bjec,3.596132284898225
bject,3.596132284898225
ble,4.637586159726386
blem,4.724597536716015
blems,4.724597536716015
bli,4.349904087274605
blic,4.724597536716015
blic ,4.724597536716015
blis,5.330733340286331
blish,5.330733340286331
boa,6.0238805208462765
boar,6.0238805208462765
board,6.0238805208462765
boo,5.736198448394496
book,5.736198448394496
bookk,6.0238805208462765
bor,2.91780019012342
bora,2.91780019012342
borat,2.91780019012342
box,6.0238805208462765
boxi,6.0238805208462765
boxin,6.0238805208462765
bri,5.736198448394496
bric,5.736198448394496
brica,5.736198448394496
bud,3.408920742810078
budg,3.408920742810078
budge,3.408920742810078
bui,4.557543452052849
buil,4.557543452052849
build,4.557543452052849
bus,2.9328380674879604
busi,2.9481055396187488
busin,2.9481055396187488
but,5.736198448394496
buti,6.0238805208462765
butio,6.0238805208462765
bys,5.736198448394496
bysi,5.736198448394496
bysit,5.736198448394496
"c, ",5.513054897080286
cad,3.0449553656086668
cade,3.0449553656086668
cadem,3.0449553656086668
cal,2.072636802264849
cal ,2.1952391243571814
"cal,",4.9252682321781664
"cal, ",4.9252682321781664
calc,4.819907716520341
calcu,4.819907716520341
call,4.9252682321781664
call ,4.9252682321781664
cam,6.0238805208462765
camp,6.0238805208462765
campi,6.0238805208462765
car,3.5671447480249725
care,4.077970371790963
care ,4.126760535960395
cari,4.178053830347945
carin,4.178053830347945
cas,5.04305126783455
cash,5.176582660459073
cashi,5.176582660459073
catin,3.5115748968701617
cce,5.736198448394496
ccep,6.0238805208462765
ccept,6.0238805208462765
cco,3.625985248047906
ccom,4.232121051618222
ccomp,4.232121051618222
ccou,4.349904087274605
ccoun,4.349904087274605
ce ,2.36031887471663
"ce,",4.724597536716015
"ce, ",4.724597536716015
ced,2.995358424469295
cedu,2.995358424469295
cedur,2.995358424469295
cen,4.724597536716015
cent,4.724597536716015
centr,4.724597536716015
cep,5.176582660459073
cept,5.176582660459073
cepti,5.330733340286331
cer,4.724597536716015
cer ,4.724597536716015
ces,1.7243301079966333
ces ,2.859812932473071
"ces,",2.1185465035689273
"ces, ",2.1185465035689273
cess,3.2512917986064953
cesse,5.330733340286331
cessi,3.538973871058276
cesso,5.04305126783455
ch ,4.03145035615607
"ch,",3.755196979527912
"ch, ",3.755196979527912
cha,3.826655943510057
chai,4.349904087274605
chain,4.349904087274605
chan,5.176582660459073
chani,5.513054897080286
chas,5.736198448394496
chasi,5.736198448394496
chb,6.0238805208462765
chbo,6.0238805208462765
chboa,6.0238805208462765
che,1.6171612735820233
ched,4.03145035615607
chedu,4.03145035615607
chel,1.733421079697885
chelo,1.733421079697885
chen,6.0238805208462765
chen ,6.0238805208462765
cher,3.625985248047906
cher ,3.625985248047906
chi,2.873997567465027
chil,4.178053830347945
child,4.178053830347945
chin,3.0449553656086668
chine,5.176582660459073
ching,3.133508762950112
chn,3.5671447480249725
chni,3.596132284898225
chnic,3.596132284898225
cho,2.4590537154023187
choo,2.4685324593568625
chool,2.4685324593568625
cia,2.2704625455947687
cial,2.3350010667323398
cial ,2.579198027244382
"cial,",3.9444389791664403
ciali,4.637586159726386
cian,4.9252682321781664
cian ,4.9252682321781664
cie,4.819907716520341
cien,5.513054897080286
cienc,6.0238805208462765
cient,6.0238805208462765
cies,5.330733340286331
cies ,5.330733340286331
cin,4.724597536716015
cing,4.724597536716015
cing ,4.724597536716015
cip,5.736198448394496
cipe,5.736198448394496
cipes,5.736198448394496
cis,5.176582660459073
cisi,5.176582660459073
cisio,5.176582660459073
ck ,5.04305126783455
"ck,",6.0238805208462765
"ck, ",6.0238805208462765
cka,4.724597536716015
ckag,4.724597536716015
ckagi,4.724597536716015
cke,6.0238805208462765
cker,6.0238805208462765
cker ,6.0238805208462765
cle,2.4685324593568625
clea,4.724597536716015
clean,4.724597536716015
cler,2.600704232465346
cleri,2.6565846908598023
clerk,4.557543452052849
cles,5.513054897080286
cles ,5.736198448394496
"cles,",6.0238805208462765
cli,3.755196979527912
clie,3.755196979527912
clien,3.755196979527912
clo,6.0238805208462765
clot,6.0238805208462765
cloth,6.0238805208462765
coa,3.596132284898225
coac,3.596132284898225
coach,3.596132284898225
col,2.67984155302407
coll,2.691676010671072
colla,2.91780019012342
colle,4.232121051618222
com,2.3103084541419685
comi,4.232121051618222
comin,4.232121051618222
comm,3.3848231912310176
comme,5.513054897080286
commu,3.5115748968701617
comp,2.58989331636113
compa,4.178053830347945
compl,3.133508762950112
compo,4.557543452052849
compu,4.28927946545817
con,1.9692012150166072
cond,2.2321436812926323
conda,2.5273729593797962
condi,4.9252682321781664
condu,3.5671447480249725
cono,4.483435479899128
conom,4.483435479899128
cons,4.232121051618222
consu,4.28927946545817
cont,3.6885056050292397
conta,6.0238805208462765
conte,5.736198448394496
contr,3.8643962714929043
coo,4.414442608412176
coor,4.414442608412176
coord,4.414442608412176
cop,5.736198448394496
copy,5.736198448394496
copyw,6.0238805208462765
cor,2.6681455132608782
cora,3.4589311633847397
corat,3.4589311633847397
cord,3.2723452078043276
cordi,6.0238805208462765
cords,3.293851413025291
cou,3.9869985935852363
coun,3.9869985935852363
couns,5.330733340286331
count,4.232121051618222
cre,2.9029851043382795
crea,3.133508762950112
creat,3.133508762950112
cret,4.637586159726386
creta,4.637586159726386
crew,5.736198448394496
crew ,5.736198448394496
cru,4.724597536716015
crui,4.724597536716015
cruit,4.724597536716015
cs ,5.330733340286331
ct ,3.826655943510057
cti,1.8342257788198508
ctin,2.963609726154714
cting,2.963609726154714
ctio,2.9481055396187488
ction,2.9481055396187488
ctis,4.9252682321781664
ctisi,4.9252682321781664
ctiv,2.4877638212847506
ctive,4.557543452052849
ctivi,2.58989331636113
cto,4.557543452052849
ctor,4.557543452052849
ctor ,4.637586159726386
ctr,4.414442608412176
ctri,5.04305126783455
ctric,5.04305126783455
ctro,4.557543452052849
ctron,4.557543452052849
cts,2.09861228866811
cts ,2.691676010671072
"cts,",2.5686159179138452
"cts, ",2.5686159179138452
ctu,4.819907716520341
ctur,4.819907716520341
cture,4.819907716520341
cul,4.178053830347945
cula,4.819907716520341
culat,4.819907716520341
cult,5.04305126783455
cultu,5.04305126783455
cum,3.6567569067146595
cume,3.6567569067146595
cumen,3.6567569067146595
cur,4.349904087274605
curi,4.557543452052849
curit,4.557543452052849
cus,4.9252682321781664
cust,4.9252682321781664
custo,4.9252682321781664
cut,3.152200895962264
cuti,3.152200895962264
cutin,3.152200895962264
cy ,4.28927946545817
"d, ",6.0238805208462765
dan,5.736198448394496
dant,5.736198448394496
dant ,5.736198448394496
dar,2.5173226235262947
dary,2.5273729593797962
dary ,2.5273729593797962
dat,2.622683139184121
data,2.622683139184121
data ,3.5115748968701617
"data,",3.028148247292285
datab,5.736198448394496
dba,5.513054897080286
dbac,5.513054897080286
dback,5.513054897080286
dec,3.4336133554004498
deco,3.4589311633847397
decor,3.4589311633847397
del,6.0238805208462765
dem,2.995358424469295
demi,3.0449553656086668
demic,3.0449553656086668
demo,5.513054897080286
demon,5.513054897080286
den,3.9444389791664403
den ,5.736198448394496
dent,4.077970371790963
denta,5.736198448394496
denti,4.232121051618222
dep,6.0238805208462765
der,4.414442608412176
der ,4.9252682321781664
dern,5.176582660459073
dern ,5.176582660459073
des,2.91780019012342
desi,2.995358424469295
desig,2.995358424469295
desk,5.513054897080286
desk ,6.0238805208462765
deskt,6.0238805208462765
det,6.0238805208462765
dete,6.0238805208462765
dev,2.2704625455947687
deve,2.2704625455947687
devel,2.2704625455947687
dge,3.408920742810078
dget,3.408920742810078
dgets,3.408920742810078
dia,3.9869985935852363
dia ,4.819907716520341
diag,4.9252682321781664
diagn,4.9252682321781664
diat,5.330733340286331
diati,5.330733340286331
dic,4.414442608412176
dica,4.414442608412176
dical,4.414442608412176
dig,2.42201244372197
digi,2.42201244372197
digit,2.42201244372197
din,2.600704232465346
dina,4.414442608412176
dinat,4.414442608412176
ding,2.7280436548419473
ding ,2.859812932473071
dings,4.724597536716015
dio,4.557543452052849
dio-,4.637586159726386
dio-v,4.637586159726386
dir,4.28927946545817
dire,4.28927946545817
direc,4.28927946545817
dis,3.2306725114037596
disp,3.2723452078043276
displ,3.4589311633847397
dispo,5.736198448394496
dispu,5.330733340286331
dist,6.0238805208462765
distr,6.0238805208462765
dit,4.349904087274605
diti,4.9252682321781664
ditio,4.9252682321781664
dito,5.176582660459073
ditor,5.176582660459073
div,2.995358424469295
divi,2.995358424469295
divid,3.0116189453410747
divis,6.0238805208462765
dle,6.0238805208462765
dli,5.736198448394496
dlin,5.736198448394496
dling,5.736198448394496
dmi,2.600704232465346
dmin,2.600704232465346
dmini,2.600704232465346
doc,3.6567569067146595
docu,3.6567569067146595
docum,3.6567569067146595
dou,5.736198448394496
dous,5.736198448394496
dous ,5.736198448394496
dre,4.178053830347945
dren,4.178053830347945
dren ,5.736198448394496
"dren,",4.349904087274605
dri,3.5671447480249725
drin,3.6567569067146595
drink,3.6567569067146595
driv,5.513054897080286
drive,5.736198448394496
drivi,6.0238805208462765
ds ,3.5671447480249725
"ds,",3.2723452078043276
"ds, ",3.2723452078043276
dte,6.0238805208462765
dtea,6.0238805208462765
dteac,6.0238805208462765
dua,3.0116189453410747
dual,3.0116189453410747
dual ,4.724597536716015
duals,3.133508762950112
duct,1.9985288301111273
duct ,6.0238805208462765
ducti,2.9328380674879604
ducts,2.326702263917645
dul,3.9869985935852363
duli,4.03145035615607
dulin,4.03145035615607
dural,5.330733340286331
dure,3.062049798967967
dures,3.062049798967967
dus,6.0238805208462765
dust,6.0238805208462765
dustr,6.0238805208462765
dve,5.736198448394496
dver,5.736198448394496
dvert,5.736198448394496
dvi,3.2512917986064953
dvic,4.637586159726386
dvice,4.637586159726386
dvis,3.5115748968701617
dvisi,3.538973871058276
dvo,4.724597536716015
dvoc,4.724597536716015
dvoca,4.724597536716015
"e, ",3.1151596242819153
ea ,5.736198448394496
eac,3.2723452078043276
each,3.2723452078043276
eache,3.625985248047906
eachi,3.4336133554004498
ead,4.724597536716015
ead ,5.736198448394496
eade,6.0238805208462765
eader,6.0238805208462765
eadi,5.736198448394496
eadin,5.736198448394496
eadt,6.0238805208462765
eadte,6.0238805208462765
eag,4.232121051618222
eagu,4.232121051618222
eague,4.232121051618222
eal,3.6567569067146595
ealt,3.6885056050292397
ealth,3.6885056050292397
eam,3.9036169846461855
eam ,4.483435479899128
eams,4.557543452052849
eams ,4.9252682321781664
"eams,",5.513054897080286
ean,4.637586159726386
eani,4.724597536716015
eanin,4.724597536716015
earc,3.5671447480249725
earch,3.5671447480249725
earn,6.0238805208462765
earni,6.0238805208462765
eat,3.062049798967967
eath,5.736198448394496
eathe,5.736198448394496
eati,3.133508762950112
eatin,3.2512917986064953
eativ,4.819907716520341
eatm,5.736198448394496
eatme,5.736198448394496
eb ,5.330733340286331
ece,5.736198448394496
ecep,5.736198448394496
ecept,5.736198448394496
ech,3.538973871058276
echa,5.513054897080286
echan,5.513054897080286
echn,3.5671447480249725
echni,3.596132284898225
eci,3.9444389791664403
ecia,4.414442608412176
ecial,4.414442608412176
ecip,5.736198448394496
ecipe,5.736198448394496
ecis,5.176582660459073
ecisi,5.176582660459073
eco,1.935107003673631
ecom,6.0238805208462765
ecomm,6.0238805208462765
econ,2.42201244372197
econd,2.5273729593797962
econo,4.483435479899128
ecor,2.67984155302407
ecora,3.4589311633847397
ecord,3.2723452078043276
ecr,4.077970371790963
ecre,4.637586159726386
ecret,4.637586159726386
ecru,4.724597536716015
ecrui,4.724597536716015
ect,2.6681455132608782
ect ,5.04305126783455
ecti,3.596132284898225
ectin,3.6885056050292397
ectiv,6.0238805208462765
ecto,5.176582660459073
ector,5.176582660459073
ectr,4.414442608412176
ectri,5.04305126783455
ectro,4.557543452052849
ects,3.5115748968701617
ects ,3.9036169846461855
"ects,",4.483435479899128
ectu,5.330733340286331
ectur,5.330733340286331
ecu,2.9481055396187488
ecur,4.557543452052849
ecuri,4.557543452052849
ecut,3.152200895962264
ecuti,3.152200895962264
ed ,4.9252682321781664
edb,5.513054897080286
edba,5.513054897080286
edbac,5.513054897080286
edi,3.625985248047906
edia,4.414442608412176
edia ,4.819907716520341
ediat,5.330733340286331
edic,4.414442608412176
edica,4.414442608412176
edit,5.736198448394496
edito,5.736198448394496
eds,4.077970371790963
eds ,4.819907716520341
"eds,",4.557543452052849
"eds, ",4.557543452052849
edul,4.03145035615607
eduli,4.03145035615607
edur,2.995358424469295
edura,5.330733340286331
edure,3.062049798967967
ee ,5.330733340286331
eed,3.8643962714929043
eedb,5.513054897080286
eedba,5.513054897080286
eeds,4.077970371790963
eeds ,4.819907716520341
"eeds,",4.557543452052849
eem,4.483435479899128
eeme,4.483435479899128
eemen,4.483435479899128
eep,6.0238805208462765
eepe,6.0238805208462765
eeper,6.0238805208462765
eer,4.724597536716015
eer ,5.513054897080286
eeri,5.176582660459073
eerin,5.176582660459073
ega,5.330733340286331
egal,5.330733340286331
egal ,6.0238805208462765
"egal,",5.330733340286331
egi,4.637586159726386
egis,4.724597536716015
egisl,4.724597536716015
ego,4.483435479899128
egot,4.483435479899128
egoti,4.483435479899128
egr,6.0238805208462765
egra,6.0238805208462765
egrat,6.0238805208462765
egu,5.330733340286331
egul,5.330733340286331
egula,5.330733340286331
eha,6.0238805208462765
ehan,6.0238805208462765
ehand,6.0238805208462765
ehi,5.330733340286331
ehic,5.330733340286331
ehicl,5.330733340286331
eho,5.513054897080286
ehou,5.736198448394496
ehous,5.736198448394496
eig,5.736198448394496
eign,5.736198448394496
eign ,5.736198448394496
ela,2.7786873876607023
elat,2.7786873876607023
elati,2.791759469228055
elc,4.232121051618222
elco,4.232121051618222
elcom,4.232121051618222
ele,4.232121051618222
elec,4.349904087274605
eleco,6.0238805208462765
elect,4.414442608412176
elep,6.0238805208462765
eleph,6.0238805208462765
eles,6.0238805208462765
eless,6.0238805208462765
eli,6.0238805208462765
ell,3.3158303197440664
elle,5.176582660459073
eller,5.176582660459073
elli,3.4336133554004498
ellin,3.4336133554004498
elo,1.4735185713531802
elop,2.2704625455947687
elope,4.819907716520341
elopi,2.326702263917645
elopm,5.513054897080286
elor,1.733421079697885
elor ,1.733421079697885
elp,6.0238805208462765
elp ,6.0238805208462765
em ,6.0238805208462765
emb,5.513054897080286
embe,5.513054897080286
ember,5.513054897080286
eme,3.8643962714929043
emen,3.9444389791664403
ement,3.9444389791664403
emer,6.0238805208462765
emerg,6.0238805208462765
emi,3.028148247292285
emic,3.028148247292285
emic ,3.0449553656086668
emo,5.513054897080286
emon,5.513054897080286
emons,5.513054897080286
emp,5.330733340286331
empl,5.330733340286331
emplo,5.330733340286331
ems,3.790288299339182
ems ,4.349904087274605
"ems,",3.9869985935852363
"ems, ",3.9869985935852363
en ,4.9252682321781664
"en,",4.349904087274605
"en, ",4.349904087274605
enc,5.513054897080286
ence,6.0238805208462765
ence ,6.0238805208462765
ency,6.0238805208462765
ency ,6.0238805208462765
end,5.04305126783455
enda,5.736198448394496
endan,5.736198448394496
ende,5.736198448394496
ender,5.736198448394496
ene,2.2704625455947687
ener,2.278305723055795
enera,2.294179072212085
energ,6.0238805208462765
eneu,6.0238805208462765
eneur,6.0238805208462765
enf,4.819907716520341
enfo,4.819907716520341
enfor,4.819907716520341
eng,5.176582660459073
enga,6.0238805208462765
engag,6.0238805208462765
engi,5.736198448394496
engin,5.736198448394496
eni,5.330733340286331
enin,5.330733340286331
ening,5.330733340286331
enn,6.0238805208462765
enni,6.0238805208462765
ennis,6.0238805208462765
ens,4.724597536716015
ensu,4.724597536716015
ensur,4.724597536716015
ent,1.6253245842211843
ent ,3.133508762950112
"ent,",4.077970371790963
"ent, ",4.077970371790963
enta,3.790288299339182
ental,4.9252682321781664
entat,4.03145035615607
ente,4.232121051618222
enter,4.232121051618222
enti,3.8643962714929043
entia,5.330733340286331
entif,4.637586159726386
entin,5.176582660459073
entis,6.0238805208462765
entit,6.0238805208462765
ento,3.6567569067146595
entor,3.6567569067146595
entr,4.483435479899128
entre,4.557543452052849
ents,2.239690886928015
ents ,2.611633302997536
"ents,",3.2512917986064953
enu,5.736198448394496
enus,5.736198448394496
enus ,5.736198448394496
env,5.736198448394496
envi,5.736198448394496
envir,5.736198448394496
eop,3.1151596242819153
eopl,3.1151596242819153
eople,3.1151596242819153
epa,2.91780019012342
epai,5.176582660459073
epair,5.176582660459073
epar,3.0116189453410747
epari,3.028148247292285
epe,6.0238805208462765
eper,6.0238805208462765
eper ,6.0238805208462765
eph,6.0238805208462765
epho,6.0238805208462765
ephon,6.0238805208462765
epo,3.790288299339182
epor,3.790288299339182
eport,3.790288299339182
epr,4.414442608412176
epre,4.414442608412176
epren,6.0238805208462765
epres,4.557543452052849
ept,5.176582660459073
epti,5.330733340286331
eptin,6.0238805208462765
eptio,5.736198448394496
equ,3.755196979527912
equi,3.755196979527912
equip,3.755196979527912
er ,1.4253993230089816
er/,4.483435479899128
er/w,4.483435479899128
er/wa,4.483435479899128
era,1.780158557549575
eral,2.294179072212085
eral ,2.294179072212085
erat,2.294179072212085
erati,2.3184717647811297
erato,5.513054897080286
erc,5.04305126783455
erch,6.0238805208462765
ercha,6.0238805208462765
erci,5.513054897080286
ercia,5.513054897080286
erf,1.8702193814677561
erfa,6.0238805208462765
erfac,6.0238805208462765
erfo,1.8754687373538999
erfor,1.8754687373538999
erg,5.330733340286331
erge,5.736198448394496
ergen,6.0238805208462765
ergy,6.0238805208462765
ergy ,6.0238805208462765
eri,2.066247004166078
eria,3.9036169846461855
erial,3.9036169846461855
eric,2.6565846908598023
erica,2.6565846908598023
erif,6.0238805208462765
erify,6.0238805208462765
erin,2.6681455132608782
ering,2.6681455132608782
erio,4.637586159726386
erior,4.637586159726386
erk,4.557543452052849
erk ,4.557543452052849
erm,5.513054897080286
ermi,5.513054897080286
ermit,5.736198448394496
ern,5.04305126783455
ern ,5.176582660459073
erp,5.513054897080286
erpr,5.513054897080286
erpre,5.513054897080286
ers,3.293851413025291
ers ,4.9252682321781664
"ers,",5.176582660459073
"ers, ",5.176582660459073
ersi,5.513054897080286
ersit,5.513054897080286
erso,3.790288299339182
erson,3.790288299339182
ert,3.152200895962264
erti,3.1906671767900603
ertia,3.293851413025291
ertis,5.176582660459073
erv,2.1596481792544786
ervi,2.1666657519131256
ervic,2.294179072212085
ervin,4.178053830347945
ervis,4.126760535960395
ery,4.557543452052849
ery ,4.724597536716015
"ery,",6.0238805208462765
"ery, ",6.0238805208462765
es ,1.7425954559739263
"es,",1.597039870382602
"es, ",1.597039870382602
ese,3.152200895962264
esea,3.5671447480249725
esear,3.5671447480249725
esen,4.126760535960395
esent,4.126760535960395
esi,2.91780019012342
esid,5.330733340286331
eside,5.330733340286331
esig,2.995358424469295
esign,2.995358424469295
esk,5.513054897080286
esk ,6.0238805208462765
eskt,6.0238805208462765
eskto,6.0238805208462765
eso,3.5115748968701617
esol,4.349904087274605
esolv,4.349904087274605
esou,3.9869985935852363
esour,3.9869985935852363
ess,1.8860508466844368
ess ,2.6565846908598023
esse,5.176582660459073
esses,5.330733340286331
essi,2.42201244372197
essin,3.5115748968701617
essio,2.791759469228055
essn,6.0238805208462765
essne,6.0238805208462765
esso,5.04305126783455
essor,5.04305126783455
est,3.790288299339182
esta,4.483435479899128
estau,4.637586159726386
esti,4.557543452052849
estin,5.330733340286331
estio,5.330733340286331
et ,3.5115748968701617
eta,4.349904087274605
etal,5.736198448394496
etal ,5.736198448394496
etar,4.637586159726386
etary,4.637586159726386
ete,4.232121051618222
eter,4.349904087274605
eter ,4.414442608412176
eti,3.6567569067146595
etin,3.6567569067146595
eting,3.6567569067146595
ets,3.3848231912310176
ets ,3.755196979527912
"ets,",3.9036169846461855
"ets, ",3.9036169846461855
ett,5.513054897080286
etti,5.513054897080286
ettin,5.513054897080286
etw,2.791759469228055
etwo,2.791759469228055
etwor,2.791759469228055
ety,3.9869985935852363
ety ,3.9869985935852363
eur,6.0238805208462765
eur ,6.0238805208462765
eva,3.0116189453410747
eval,3.0116189453410747
evalu,3.0116189453410747
eve,1.9295359586241756
evel,2.2704625455947687
evelo,2.2704625455947687
even,2.91780019012342
event,2.91780019012342
ew ,5.330733340286331
ewa,6.0238805208462765
ewi,6.0238805208462765
ewin,6.0238805208462765
ewing,6.0238805208462765
exe,3.152200895962264
exec,3.152200895962264
execu,3.152200895962264
exp,5.513054897080286
expe,5.736198448394496
exper,5.736198448394496
ext,4.557543452052849
exte,4.724597536716015
exter,4.724597536716015
exti,5.736198448394496
extil,5.736198448394496
fab,5.736198448394496
fabr,5.736198448394496
fabri,5.736198448394496
fac,5.330733340286331
face,6.0238805208462765
face ,6.0238805208462765
fact,5.736198448394496
factu,6.0238805208462765
fam,5.513054897080286
fami,5.513054897080286
famil,5.513054897080286
fe ,5.513054897080286
fee,5.513054897080286
feed,5.513054897080286
feedb,5.513054897080286
fes,2.791759469228055
fess,2.791759469228055
fessi,2.791759469228055
fet,3.9869985935852363
fety,3.9869985935852363
fety ,3.9869985935852363
ffi,3.9869985935852363
ffic,3.9869985935852363
ffice,3.9869985935852363
fic,2.888386304917127
fica,3.2306725114037596
ficat,3.2306725114037596
fice,3.9869985935852363
fice ,4.557543452052849
ficer,4.724597536716015
fin,2.4685324593568625
fina,2.4781019103730135
finan,2.4781019103730135
fol,5.736198448394496
foll,5.736198448394496
follo,5.736198448394496
foo,3.4336133554004498
food,3.538973871058276
food ,3.538973871058276
foot,5.513054897080286
footb,5.513054897080286
for,1.5203739886346852
for ,2.600704232465346
forc,4.819907716520341
forci,4.819907716520341
fore,5.513054897080286
forei,5.736198448394496
form,1.7288652631620245
forma,2.217218031075957
formi,2.368902618408021
fro,5.04305126783455
from,5.176582660459073
from ,5.176582660459073
fti,6.0238805208462765
ftin,6.0238805208462765
fting,6.0238805208462765
ftw,5.176582660459073
ftwa,5.176582660459073
ftwar,5.176582660459073
fur,6.0238805208462765
fur ,6.0238805208462765
fy ,6.0238805208462765
fyi,4.9252682321781664
fyin,4.9252682321781664
fying,4.9252682321781664
"g, ",2.072636802264849
gag,6.0238805208462765
gagi,6.0238805208462765
gagin,6.0238805208462765
gal,5.176582660459073
gal ,6.0238805208462765
"gal,",5.330733340286331
"gal, ",5.330733340286331
gan,3.9869985935852363
gani,3.9869985935852363
ganis,3.9869985935852363
gar,6.0238805208462765
garm,6.0238805208462765
garme,6.0238805208462765
gat,2.888386304917127
gath,2.9029851043382795
gathe,2.9029851043382795
ge ,5.736198448394496
geh,6.0238805208462765
geha,6.0238805208462765
gehan,6.0238805208462765
gem,5.04305126783455
geme,5.04305126783455
gemen,5.04305126783455
gen,2.2549583590588034
genc,6.0238805208462765
gency,6.0238805208462765
gene,2.294179072212085
gener,2.294179072212085
gent,4.724597536716015
gent ,4.724597536716015
ger,3.1906671767900603
ger ,3.1906671767900603
ges,3.3612926938208236
ges ,3.5671447480249725
"ges,",4.9252682321781664
"ges, ",4.9252682321781664
get,3.408920742810078
gets,3.408920742810078
gets ,3.790288299339182
"gets,",3.9036169846461855
ght,6.0238805208462765
ght ,6.0238805208462765
gie,6.0238805208462765
gies,6.0238805208462765
gin,2.278305723055795
gine,5.736198448394496
ginee,5.736198448394496
ging,2.3022112439093494
ging ,2.9328380674879604
"ging,",2.963609726154714
gis,4.349904087274605
gisl,4.724597536716015
gisla,4.724597536716015
gist,5.176582660459073
gisti,5.330733340286331
git,2.42201244372197
gita,2.42201244372197
gital,2.42201244372197
giv,5.330733340286331
givi,5.330733340286331
givin,5.330733340286331
gn ,5.330733340286331
gne,3.5671447480249725
gner,3.5671447480249725
gner ,3.5671447480249725
gni,4.819907716520341
gnin,4.819907716520341
gning,4.819907716520341
gno,4.9252682321781664
gnos,4.9252682321781664
gnosi,4.9252682321781664
gns,3.338303175596125
gns ,3.338303175596125
goo,4.349904087274605
good,4.349904087274605
goods,4.349904087274605
got,4.483435479899128
goti,4.483435479899128
gotia,4.483435479899128
gra,1.9749983327009328
gram,2.1457590670938114
gramm,2.67984155302407
grams,2.8050046959780754
gran,6.0238805208462765
grant,6.0238805208462765
grap,3.826655943510057
graph,3.826655943510057
grat,6.0238805208462765
grato,6.0238805208462765
gre,4.483435479899128
gree,4.483435479899128
greem,4.483435479899128
gro,4.28927946545817
grou,4.28927946545817
groun,5.736198448394496
group,4.483435479899128
gs ,5.176582660459073
"gs,",5.513054897080286
"gs, ",5.513054897080286
gua,4.637586159726386
guag,4.724597536716015
guage,4.724597536716015
gue,4.232121051618222
gues,4.232121051618222
gues ,4.232121051618222
gul,5.330733340286331
gula,5.330733340286331
gulat,5.330733340286331
gy ,5.513054897080286
"h, ",3.755196979527912
hai,4.232121051618222
hain,4.349904087274605
hain ,4.349904087274605
hair,6.0238805208462765
hair ,6.0238805208462765
han,4.483435479899128
hand,4.9252682321781664
hand ,5.736198448394496
handl,5.513054897080286
hani,5.513054897080286
hanic,5.513054897080286
har,6.0238805208462765
harm,6.0238805208462765
harma,6.0238805208462765
has,5.736198448394496
hasi,5.736198448394496
hasin,5.736198448394496
haz,5.736198448394496
haza,5.736198448394496
hazar,5.736198448394496
hbo,6.0238805208462765
hboa,6.0238805208462765
hboar,6.0238805208462765
hca,6.0238805208462765
hcar,6.0238805208462765
hcare,6.0238805208462765
hd ,6.0238805208462765
he ,2.9481055396187488
hea,3.5115748968701617
head,5.330733340286331
head ,5.736198448394496
headt,6.0238805208462765
heal,3.6885056050292397
healt,3.6885056050292397
hed,4.03145035615607
hedu,4.03145035615607
hedul,4.03145035615607
hel,1.7243301079966333
helo,1.733421079697885
helor,1.733421079697885
help,6.0238805208462765
help ,6.0238805208462765
hen,6.0238805208462765
hen ,6.0238805208462765
her,2.3951049908020456
her ,3.338303175596125
heri,2.9029851043382795
herin,2.9029851043382795
hers,5.736198448394496
hers ,5.736198448394496
hic,3.790288299339182
hic ,3.9869985935852363
hicl,5.330733340286331
hicle,5.330733340286331
hie,5.176582660459073
hier,5.176582660459073
hier ,5.176582660459073
hil,4.178053830347945
hild,4.178053830347945
hild ,5.176582660459073
hildr,4.178053830347945
hin,2.9793580831228534
hine,5.176582660459073
hiner,5.176582660459073
hing,3.0449553656086668
hing ,3.0449553656086668
hip,2.7530449570473645
hipp,6.0238805208462765
hippi,6.0238805208462765
hips,2.791759469228055
hips ,2.791759469228055
hir,4.724597536716015
hiri,4.724597536716015
hirin,4.724597536716015
hni,3.596132284898225
hnic,3.596132284898225
hnica,3.826655943510057
hnici,5.04305126783455
hol,6.0238805208462765
hom,5.04305126783455
home,5.04305126783455
home ,5.176582660459073
homel,6.0238805208462765
hon,5.736198448394496
hone,5.736198448394496
hone ,5.736198448394496
hoo,2.4685324593568625
hool,2.4685324593568625
hool ,2.4685324593568625
hop,4.557543452052849
hop ,4.557543452052849
hor,6.0238805208462765
hos,4.9252682321781664
host,5.04305126783455
host/,5.04305126783455
hoste,5.04305126783455
hot,5.736198448394496
hoto,5.736198448394496
hotog,5.736198448394496
hou,5.330733340286331
hous,5.330733340286331
house,5.330733340286331
ht ,6.0238805208462765
hum,4.483435479899128
huma,4.483435479899128
human,4.483435479899128
hys,3.9869985935852363
hysi,3.9869985935852363
hysic,3.9869985935852363
ia ,4.819907716520341
iag,4.9252682321781664
iagn,4.9252682321781664
iagno,4.9252682321781664
iai,3.538973871058276
iais,3.538973871058276
iaisi,3.538973871058276
ial,2.1388861878060497
ial ,2.497519996230115
"ial,",3.9444389791664403
"ial, ",3.9444389791664403
iali,4.637586159726386
ialis,4.637586159726386
ials,3.9036169846461855
ials ,4.28927946545817
"ials,",4.637586159726386
ian,4.178053830347945
ian ,4.9252682321781664
ianc,4.724597536716015
iance,4.724597536716015
iar,3.293851413025291
iary,3.293851413025291
iary ,3.293851413025291
iat,4.178053830347945
iati,4.178053830347945
iatin,4.178053830347945
ibu,6.0238805208462765
ibut,6.0238805208462765
ibuti,6.0238805208462765
ic ,2.239690886928015
"ic,",5.513054897080286
"ic, ",5.513054897080286
ica,1.854634650451058
ical,2.1666657519131256
ical ,2.1952391243571814
"ical,",4.9252682321781664
icat,2.703652201717788
icati,2.703652201717788
ice,2.1052129726994617
ice ,3.7212954278522306
"ice,",4.724597536716015
"ice, ",4.724597536716015
icer,4.724597536716015
icer ,4.724597536716015
ices,2.368902618408021
ices ,3.7212954278522306
"ices,",2.600704232465346
ici,4.414442608412176
icia,4.9252682321781664
ician,4.9252682321781664
icie,5.330733340286331
icies,5.330733340286331
ick,5.330733340286331
ick ,5.736198448394496
icke,6.0238805208462765
icker,6.0238805208462765
icl,5.330733340286331
icle,5.330733340286331
icles,5.513054897080286
ics,5.330733340286331
ics ,5.330733340286331
ict,4.28927946545817
ict ,4.28927946545817
ide,4.178053830347945
iden,4.232121051618222
ident,4.232121051618222
idi,2.995358424469295
idin,2.995358424469295
iding,2.995358424469295
idu,3.0116189453410747
idua,3.0116189453410747
idual,3.0116189453410747
ien,3.596132284898225
ienc,6.0238805208462765
ience,6.0238805208462765
ient,3.6567569067146595
ient ,5.513054897080286
ienti,6.0238805208462765
ients,3.8643962714929043
ier,5.176582660459073
ier ,5.176582660459073
ies,2.791759469228055
ies ,3.133508762950112
"ies,",3.790288299339182
"ies, ",3.790288299339182
ife,5.513054897080286
ife ,5.513054897080286
ifi,3.2306725114037596
ific,3.2306725114037596
ifica,3.2306725114037596
ift,6.0238805208462765
ifti,6.0238805208462765
iftin,6.0238805208462765
ify,4.819907716520341
ify ,6.0238805208462765
ifyi,4.9252682321781664
ifyin,4.9252682321781664
igh,5.736198448394496
ight,6.0238805208462765
ight ,6.0238805208462765
igi,2.4129626082020517
igit,2.42201244372197
igita,2.42201244372197
ign,2.963609726154714
ign ,5.330733340286331
igne,3.5671447480249725
igner,3.5671447480249725
igni,4.819907716520341
ignin,4.819907716520341
igns,3.338303175596125
igns ,3.338303175596125
igr,6.0238805208462765
igra,6.0238805208462765
igran,6.0238805208462765
il ,5.736198448394496
ild,3.826655943510057
ild ,5.176582660459073
ildi,4.557543452052849
ildin,4.557543452052849
ildr,4.178053830347945
ildre,4.178053830347945
ile,5.330733340286331
ile ,5.513054897080286
iles,5.736198448394496
"iles,",6.0238805208462765
ili,6.0238805208462765
ilit,6.0238805208462765
ility,6.0238805208462765
illu,6.0238805208462765
illus,6.0238805208462765
ily,5.513054897080286
ily ,5.513054897080286
ima,3.2306725114037596
imag,3.596132284898225
image,3.596132284898225
imar,5.330733340286331
imary,5.330733340286331
imat,4.819907716520341
imato,4.819907716520341
imp,6.0238805208462765
impl,6.0238805208462765
imple,6.0238805208462765
in ,3.5115748968701617
ina,2.3951049908020456
inan,2.4781019103730135
inanc,2.4781019103730135
inat,4.414442608412176
inati,5.330733340286331
inato,4.819907716520341
ind,2.9793580831228534
indi,3.0116189453410747
indiv,3.0116189453410747
indu,6.0238805208462765
indus,6.0238805208462765
ine,2.7280436548419473
ine ,4.483435479899128
inee,5.736198448394496
ineer,5.736198448394496
iner,4.557543452052849
iner ,5.176582660459073
inery,5.176582660459073
ines,2.9481055396187488
iness,2.9481055396187488
inf,3.293851413025291
info,3.293851413025291
infor,3.293851413025291
"ing,",2.072636802264849
"ing, ",2.072636802264849
ings,4.724597536716015
ings ,5.176582660459073
"ings,",5.513054897080286
ini,2.0920548881219507
inin,2.9328380674879604
ining,2.9328380674879604
inis,2.579198027244382
inist,2.58989331636113
ink,3.6567569067146595
inks,3.6567569067146595
"inks,",3.6567569067146595
ins,3.625985248047906
insp,5.513054897080286
inspe,5.513054897080286
inst,3.755196979527912
insta,4.9252682321781664
instr,4.03145035615607
int,3.133508762950112
inta,3.625985248047906
intai,3.625985248047906
inte,3.9444389791664403
integ,6.0238805208462765
inter,4.03145035615607
inv,6.0238805208462765
inve,6.0238805208462765
inves,6.0238805208462765
io-,4.637586159726386
io-v,4.637586159726386
io-vi,4.637586159726386
iol,5.736198448394496
iolo,5.736198448394496
iolog,5.736198448394496
"ion,",3.625985248047906
"ion, ",3.625985248047906
iona,2.0287426087076237
ional,2.0287426087076237
ioni,5.736198448394496
ionis,5.736198448394496
ions,1.6844135005911909
ions ,2.888386304917127
"ions,",2.3022112439093494
ionsh,2.791759469228055
ior,4.637586159726386
ior ,4.637586159726386
ipe,5.736198448394496
ipes,5.736198448394496
ipes ,5.736198448394496
ipm,3.755196979527912
ipme,3.755196979527912
ipmen,3.755196979527912
ipp,6.0238805208462765
ippi,6.0238805208462765
ippin,6.0238805208462765
ips,2.791759469228055
ips ,2.791759469228055
ir ,5.736198448394496
ire,4.28927946545817
irec,4.28927946545817
irect,4.28927946545817
iri,4.28927946545817
irin,4.28927946545817
iring,4.28927946545817
iro,5.736198448394496
iron,5.736198448394496
ironm,5.736198448394496
is ,5.176582660459073
ise,4.557543452052849
"ise,",5.736198448394496
"ise, ",5.736198448394496
ised,5.04305126783455
ised ,5.04305126783455
iser,6.0238805208462765
iser ,6.0238805208462765
ish,5.176582660459073
ishe,5.513054897080286
isher,5.513054897080286
ishi,5.736198448394496
ishin,5.736198448394496
isi,2.44966397505248
isin,2.497519996230115
ising,2.497519996230115
isio,4.9252682321781664
ision,4.9252682321781664
isk,5.513054897080286
isk ,5.513054897080286
isl,4.724597536716015
isla,4.724597536716015
islat,4.724597536716015
iso,6.0238805208462765
isor,6.0238805208462765
isor ,6.0238805208462765
isp,3.2723452078043276
ispl,3.4589311633847397
ispla,3.4589311633847397
ispo,5.736198448394496
ispos,5.736198448394496
ispu,5.330733340286331
isput,5.330733340286331
iss,5.176582660459073
issu,5.176582660459073
issue,5.176582660459073
ist,1.6800750989925926
ist ,4.077970371790963
ista,2.2246530095634744
istan,2.2246530095634744
iste,4.637586159726386
isten,5.330733340286331
ister,5.176582660459073
isti,3.0116189453410747
istic,3.171249090932959
istin,4.819907716520341
istr,2.611633302997536
istra,2.633856439782246
istri,6.0238805208462765
isu,3.2723452078043276
isua,3.2723452078043276
isual,3.2723452078043276
ita,2.4039939382192914
ital,2.4039939382192914
ital ,2.42201244372197
itali,6.0238805208462765
itc,5.513054897080286
itch,5.513054897080286
itchb,6.0238805208462765
itche,6.0238805208462765
ite,4.178053830347945
iter,4.232121051618222
iter ,5.330733340286331
iter/,4.483435479899128
ith,2.8050046959780754
ith ,2.8050046959780754
iti,2.3951049908020456
itie,2.9328380674879604
ities,2.9328380674879604
itin,3.293851413025291
iting,3.293851413025291
itio,4.819907716520341
ition,4.819907716520341
itm,4.724597536716015
itme,4.724597536716015
itmen,4.724597536716015
ito,2.622683139184121
itor,2.622683139184121
itor ,5.330733340286331
itori,2.6681455132608782
itr,4.483435479899128
itre,4.483435479899128
itres,4.483435479899128
its,5.736198448394496
its ,6.0238805208462765
itt,5.736198448394496
itte,5.736198448394496
itter,5.736198448394496
ity,2.8458266904983307
ity ,3.133508762950112
"ity,",4.03145035615607
"ity, ",4.03145035615607
iva,4.349904087274605
ivac,4.557543452052849
ivacy,4.557543452052849
ivat,5.736198448394496
ivati,5.736198448394496
ive,2.326702263917645
ive ,2.386294361119891
iver,5.04305126783455
iver ,5.736198448394496
ivers,5.513054897080286
ivi,2.059897776487419
ivid,3.0116189453410747
ividu,3.0116189453410747
ivin,5.04305126783455
iving,5.04305126783455
ivis,6.0238805208462765
ivisi,6.0238805208462765
ivit,2.55814461804655
iviti,3.0449553656086668
ivity,3.408920742810078
jec,3.3848231912310176
ject,3.3848231912310176
ject ,5.176582660459073
jects,3.5115748968701617
jou,6.0238805208462765
jour,6.0238805208462765
journ,6.0238805208462765
"k, ",6.0238805208462765
kag,4.724597536716015
kagi,4.724597536716015
kagin,4.724597536716015
kee,6.0238805208462765
keep,6.0238805208462765
keepe,6.0238805208462765
ker,3.6885056050292397
ker ,3.755196979527912
kery,5.736198448394496
kery ,5.736198448394496
ket,3.028148247292285
ket ,3.5671447480249725
kete,4.637586159726386
keter,4.637586159726386
keti,3.755196979527912
ketin,3.755196979527912
kin,3.826655943510057
king,3.826655943510057
king ,3.826655943510057
kit,6.0238805208462765
kitc,6.0238805208462765
kitch,6.0238805208462765
kke,6.0238805208462765
kkee,6.0238805208462765
kkeep,6.0238805208462765
ks ,3.5115748968701617
"ks,",2.1052129726994617
"ks, ",2.1052129726994617
kto,6.0238805208462765
ktop,6.0238805208462765
ktop ,6.0238805208462765
"l, ",3.4336133554004498
lab,2.91780019012342
labo,2.91780019012342
labor,2.91780019012342
lan,2.3184717647811297
lang,4.724597536716015
langu,4.724597536716015
lann,2.611633302997536
lanni,2.611633302997536
lans,3.9444389791664403
"lans,",3.9869985935852363
lat,2.5273729593797962
lati,2.55814461804655
latin,5.513054897080286
latio,2.58989331636113
lato,5.176582660459073
lator,5.176582660459073
law,6.0238805208462765
lay,3.4589311633847397
lays,3.4589311633847397
lays ,3.4589311633847397
lco,4.232121051618222
lcom,4.232121051618222
lcomi,4.232121051618222
lcu,4.819907716520341
lcul,4.819907716520341
lcula,4.819907716520341
ld ,5.04305126783455
ldi,4.557543452052849
ldin,4.557543452052849
lding,4.557543452052849
ldr,4.178053830347945
ldre,4.178053830347945
ldren,4.178053830347945
"le,",3.408920742810078
"le, ",3.408920742810078
lea,3.4589311633847397
lead,5.330733340286331
leade,6.0238805208462765
leadi,5.736198448394496
leag,4.232121051618222
leagu,4.232121051618222
lean,4.724597536716015
leani,4.724597536716015
lear,6.0238805208462765
learn,6.0238805208462765
leat,5.736198448394496
leath,5.736198448394496
lec,4.077970371790963
leco,6.0238805208462765
lecom,6.0238805208462765
lect,4.126760535960395
lectr,4.414442608412176
lectu,5.330733340286331
leg,4.414442608412176
lega,5.330733340286331
legal,5.330733340286331
legi,4.724597536716015
legis,4.724597536716015
lem,4.557543452052849
leme,6.0238805208462765
lemen,6.0238805208462765
lems,4.724597536716015
lems ,6.0238805208462765
"lems,",4.9252682321781664
lep,6.0238805208462765
leph,6.0238805208462765
lepho,6.0238805208462765
ler,2.4781019103730135
ler ,4.557543452052849
leri,2.6565846908598023
leric,2.6565846908598023
lerk,4.557543452052849
lerk ,4.557543452052849
les,3.1906671767900603
les ,3.3158303197440664
"les,",5.513054897080286
"les, ",5.513054897080286
less,6.0238805208462765
lessn,6.0238805208462765
lia,3.3848231912310176
liai,3.538973871058276
liais,3.538973871058276
lian,4.724597536716015
lianc,4.724597536716015
lic,3.7212954278522306
lic ,4.724597536716015
lica,4.414442608412176
licat,4.414442608412176
lici,5.330733340286331
licie,5.330733340286331
lie,3.6885056050292397
lien,3.755196979527912
lient,3.755196979527912
lies,6.0238805208462765
"lies,",6.0238805208462765
lif,3.1906671767900603
life,5.513054897080286
life ,5.513054897080286
lifi,3.293851413025291
lific,3.293851413025291
lift,6.0238805208462765
lifti,6.0238805208462765
lig,6.0238805208462765
lin,2.622683139184121
line,4.637586159726386
line ,4.637586159726386
ling,2.7280436548419473
ling ,2.7404661748405044
lis,3.9036169846461855
lise,5.04305126783455
lised,5.04305126783455
lish,5.330733340286331
lishe,5.736198448394496
lishi,5.736198448394496
list,4.557543452052849
list ,5.04305126783455
liste,5.330733340286331
lit,4.724597536716015
lity,4.819907716520341
lity ,4.9252682321781664
ll ,4.483435479899128
lla,2.91780019012342
llab,2.91780019012342
llabo,2.91780019012342
lle,3.755196979527912
llea,4.232121051618222
lleag,4.232121051618222
ller,4.637586159726386
ller ,4.724597536716015
lli,3.1151596242819153
llin,3.1151596242819153
lling,3.1151596242819153
llo,4.724597536716015
lloc,5.176582660459073
lloca,5.176582660459073
llow,5.736198448394496
llowi,5.736198448394496
llu,6.0238805208462765
llus,6.0238805208462765
llust,6.0238805208462765
loa,6.0238805208462765
load,6.0238805208462765
loadi,6.0238805208462765
loc,5.176582660459073
loca,5.176582660459073
locat,5.176582660459073
log,4.819907716520341
logi,5.04305126783455
logis,5.176582660459073
logy,6.0238805208462765
logy ,6.0238805208462765
lop,2.2704625455947687
lope,4.819907716520341
loper,4.819907716520341
lopi,2.326702263917645
lopin,2.326702263917645
lopm,5.513054897080286
lopme,5.513054897080286
lor,1.733421079697885
lor ,1.733421079697885
lot,6.0238805208462765
loth,6.0238805208462765
lothi,6.0238805208462765
low,5.736198448394496
lowi,5.736198448394496
lowin,5.736198448394496
loy,5.330733340286331
loye,5.330733340286331
loyee,5.330733340286331
lp ,6.0238805208462765
"ls,",3.133508762950112
"ls, ",3.133508762950112
lta,4.28927946545817
ltan,4.28927946545817
ltant,4.28927946545817
lth,3.6885056050292397
lth ,3.6885056050292397
lthc,6.0238805208462765
lthca,6.0238805208462765
lti,6.0238805208462765
ltu,5.04305126783455
ltur,5.04305126783455
ltura,5.04305126783455
lua,3.0116189453410747
luat,3.0116189453410747
luati,3.0116189453410747
lum,5.736198448394496
lun,5.176582660459073
lunt,5.176582660459073
lunte,5.176582660459073
lus,6.0238805208462765
lust,6.0238805208462765
lustr,6.0238805208462765
lut,4.637586159726386
luti,4.637586159726386
lutio,4.637586159726386
lve,4.9252682321781664
lve ,4.9252682321781664
lvi,5.04305126783455
lvin,5.04305126783455
lving,5.04305126783455
ly ,4.077970371790963
lyi,3.2723452078043276
lyin,3.2723452078043276
lying,3.2723452078043276
lys,2.9481055396187488
lysi,2.995358424469295
lysin,3.0449553656086668
lysis,5.513054897080286
lyst,5.330733340286331
lyst ,5.330733340286331
mac,4.9252682321781664
mach,5.176582660459073
machi,5.176582660459073
mag,3.5671447480249725
mage,3.596132284898225
mages,3.596132284898225
mai,3.625985248047906
main,3.625985248047906
maint,3.625985248047906
mak,5.736198448394496
make,6.0238805208462765
man,1.6887708059601465
man ,4.349904087274605
man/,6.0238805208462765
man/p,6.0238805208462765
mana,2.173732919136218
manag,2.173732919136218
manc,2.55814461804655
mance,2.55814461804655
manu,6.0238805208462765
manuf,6.0238805208462765
mar,2.9029851043382795
mark,2.9793580831228534
marke,3.028148247292285
marki,5.736198448394496
mary,5.330733340286331
mary ,5.330733340286331
mas,2.368902618408021
mast,2.368902618408021
maste,2.368902618408021
mat,2.691676010671072
mate,3.9036169846461855
mater,3.9036169846461855
mati,3.293851413025291
matio,3.293851413025291
mato,4.819907716520341
mator,4.819907716520341
matt,4.724597536716015
matte,4.724597536716015
mbe,5.513054897080286
mber,5.513054897080286
mber ,5.736198448394496
me ,4.557543452052849
mec,5.513054897080286
mech,5.513054897080286
mecha,5.513054897080286
med,3.755196979527912
medi,3.755196979527912
media,4.414442608412176
medic,4.414442608412176
mel,6.0238805208462765
mele,6.0238805208462765
meles,6.0238805208462765
mem,5.513054897080286
memb,5.513054897080286
membe,5.513054897080286
men,2.278305723055795
ment,2.294179072212085
ment ,3.6567569067146595
"ment,",4.077970371790963
menta,4.724597536716015
menti,6.0238805208462765
mento,3.6567569067146595
ments,3.293851413025291
menu,5.736198448394496
menus,5.736198448394496
mer,4.28927946545817
mer ,4.9252682321781664
merc,5.176582660459073
merch,6.0238805208462765
merci,5.513054897080286
merg,6.0238805208462765
merge,6.0238805208462765
mes,2.832033368365995
mes ,5.176582660459073
"mes,",2.9328380674879604
"mes, ",2.9328380674879604
met,5.736198448394496
meta,5.736198448394496
metal,5.736198448394496
mic,2.859812932473071
mic ,2.873997567465027
mig,6.0238805208462765
migr,6.0238805208462765
migra,6.0238805208462765
mil,5.513054897080286
mily,5.513054897080286
mily ,5.513054897080286
min,2.173732919136218
ming,2.2025118836862614
ming ,2.2025118836862614
mini,2.58989331636113
minis,2.600704232465346
mit,5.736198448394496
mits,5.736198448394496
mits ,6.0238805208462765
mme,2.7280436548419473
mme ,5.176582660459073
mmer,5.513054897080286
mmerc,5.513054897080286
mmes,2.859812932473071
mmes ,5.330733340286331
"mmes,",2.9328380674879604
mmi,4.819907716520341
mmin,4.819907716520341
mming,4.819907716520341
mmu,3.5115748968701617
mmun,3.5115748968701617
mmuni,3.5115748968701617
mob,5.736198448394496
mobi,5.736198448394496
mobil,5.736198448394496
mod,4.9252682321781664
mode,5.04305126783455
moder,5.176582660459073
mon,2.633856439782246
moni,2.67984155302407
monit,2.67984155302407
mons,5.513054897080286
monst,5.513054897080286
mot,2.58989331636113
moti,2.600704232465346
motin,2.791759469228055
motio,4.178053830347945
motiv,5.736198448394496
mov,6.0238805208462765
movi,6.0238805208462765
movin,6.0238805208462765
mpa,4.178053830347945
mpan,4.178053830347945
mpany,4.232121051618222
mpi,6.0238805208462765
mpin,6.0238805208462765
mping,6.0238805208462765
mpl,3.0116189453410747
mple,6.0238805208462765
mplem,6.0238805208462765
mpli,4.724597536716015
mplia,4.724597536716015
mplo,5.330733340286331
mploy,5.330733340286331
mply,3.2723452078043276
mplyi,3.2723452078043276
mpo,4.483435479899128
mpon,5.736198448394496
mpone,5.736198448394496
mpos,4.819907716520341
mposi,4.819907716520341
mpu,4.28927946545817
mput,4.28927946545817
mpute,4.28927946545817
ms ,3.4336133554004498
"ms,",2.691676010671072
"ms, ",2.691676010671072
mun,3.5115748968701617
muni,3.5115748968701617
munic,3.8643962714929043
munit,4.637586159726386
mus,5.513054897080286
musi,5.513054897080286
music,5.513054897080286
"n, ",3.338303175596125
n/p,6.0238805208462765
n/po,6.0238805208462765
n/pos,6.0238805208462765
nag,2.173732919136218
nage,3.1151596242819153
nagem,5.04305126783455
nager,3.2306725114037596
nagi,2.3951049908020456
nagin,2.3951049908020456
nal,1.8043728156701697
nal ,1.9925940945913125
"nal,",5.513054897080286
"nal, ",5.513054897080286
nali,6.0238805208462765
nalis,6.0238805208462765
naly,2.9481055396187488
nalys,2.9481055396187488
nan,2.4685324593568625
nanc,2.4781019103730135
nance,3.8643962714929043
nanci,2.5273729593797962
nat,4.349904087274605
nati,5.176582660459073
natin,5.330733340286331
nato,4.819907716520341
nator,4.819907716520341
nce,2.034896474282002
nce ,2.537525330843814
nces,2.9029851043382795
nces ,3.9444389791664403
"nces,",3.2306725114037596
nci,2.5273729593797962
ncia,2.5273729593797962
ncial,2.5273729593797962
ncy,6.0238805208462765
ncy ,6.0238805208462765
nd ,1.1640681164846043
"nd,",6.0238805208462765
"nd, ",6.0238805208462765
nda,2.4877638212847506
ndan,5.736198448394496
ndant,5.736198448394496
ndar,2.5173226235262947
ndary,2.5273729593797962
nde,5.736198448394496
nder,5.736198448394496
nder ,5.736198448394496
ndi,2.888386304917127
ndit,4.9252682321781664
nditi,4.9252682321781664
ndiv,3.0116189453410747
ndivi,3.0116189453410747
ndl,5.513054897080286
ndli,5.736198448394496
ndlin,5.736198448394496
ndu,3.5115748968701617
nduc,3.5671447480249725
nduct,3.5671447480249725
ndus,6.0238805208462765
ndust,6.0238805208462765
ne ,4.28927946545817
nee,3.9444389791664403
need,4.077970371790963
needs,4.077970371790963
neer,5.736198448394496
neer ,6.0238805208462765
neg,4.483435479899128
nego,4.483435479899128
negot,4.483435479899128
nen,5.736198448394496
nent,5.736198448394496
nents,5.736198448394496
ner,1.9749983327009328
ner ,3.3848231912310176
nera,2.294179072212085
neral,2.294179072212085
nerg,6.0238805208462765
nergy,6.0238805208462765
nery,5.176582660459073
nery ,5.513054897080286
"nery,",6.0238805208462765
nes,2.91780019012342
ness,2.91780019012342
ness ,2.91780019012342
net,2.791759469228055
netw,2.791759469228055
netwo,2.791759469228055
neu,6.0238805208462765
neur,6.0238805208462765
neur ,6.0238805208462765
new,5.736198448394496
new ,6.0238805208462765
nfo,3.133508762950112
nfor,3.133508762950112
nforc,4.819907716520341
nform,3.293851413025291
"ng,",2.072636802264849
"ng, ",2.072636802264849
nga,6.0238805208462765
ngag,6.0238805208462765
ngagi,6.0238805208462765
nge,6.0238805208462765
nger,6.0238805208462765
nger ,6.0238805208462765
ngi,5.736198448394496
ngin,5.736198448394496
ngine,5.736198448394496
ngs,4.724597536716015
ngs ,5.176582660459073
"ngs,",5.513054897080286
"ngs, ",5.513054897080286
ngu,4.637586159726386
ngua,4.724597536716015
nguag,4.724597536716015
nic,2.91780019012342
nic ,4.557543452052849
nica,3.133508762950112
nical,3.6885056050292397
nicat,3.8643962714929043
nici,5.04305126783455
nicia,5.04305126783455
nim,4.724597536716015
nima,4.724597536716015
nimat,4.819907716520341
nin,2.010505021157843
ning,2.010505021157843
ning ,2.125280535750271
"ning,",4.03145035615607
nis,2.343369316402857
nis ,6.0238805208462765
nisi,4.03145035615607
nisin,4.03145035615607
nist,2.5686159179138452
nist ,5.330733340286331
niste,5.176582660459073
nistr,2.633856439782246
nit,2.5173226235262947
niti,5.04305126783455
nitie,5.04305126783455
nito,2.67984155302407
nitor,2.67984155302407
nity,4.637586159726386
nity ,4.637586159726386
niv,5.513054897080286
nive,5.513054897080286
niver,5.513054897080286
nks,3.6567569067146595
"nks,",3.6567569067146595
"nks, ",3.6567569067146595
nli,4.637586159726386
nlin,4.637586159726386
nline,4.637586159726386
nlo,6.0238805208462765
nloa,6.0238805208462765
nload,6.0238805208462765
nme,5.513054897080286
nmen,5.513054897080286
nment,5.513054897080286
nni,2.611633302997536
nnin,2.611633302997536
nning,2.611633302997536
nnis,6.0238805208462765
nnis ,6.0238805208462765
no ,3.293851413025291
nom,4.483435479899128
nomi,4.483435479899128
nomic,4.483435479899128
nos,4.9252682321781664
nosi,4.9252682321781664
nosin,4.9252682321781664
ns ,2.44966397505248
"ns,",2.173732919136218
"ns, ",2.173732919136218
nsa,3.152200895962264
nsac,3.152200895962264
nsact,3.152200895962264
nse,5.04305126783455
nsel,5.330733340286331
nsell,5.330733340286331
nsf,4.28927946545817
nsfo,4.28927946545817
nsfor,4.28927946545817
nsh,2.791759469228055
nshi,2.791759469228055
nship,2.791759469228055
nsl,5.513054897080286
nsla,5.513054897080286
nslat,5.513054897080286
nsp,4.819907716520341
nspe,5.513054897080286
nspec,5.513054897080286
nspo,5.330733340286331
nspor,5.330733340286331
nst,3.625985248047906
nsta,4.9252682321781664
nstal,4.9252682321781664
nstr,3.8643962714929043
nstra,5.513054897080286
nstru,4.03145035615607
nsu,3.8643962714929043
nsul,4.28927946545817
nsult,4.28927946545817
nsur,4.724597536716015
nsuri,4.724597536716015
nt ,1.935107003673631
"nt,",4.077970371790963
"nt, ",4.077970371790963
nta,3.1151596242819153
ntac,6.0238805208462765
ntact,6.0238805208462765
ntai,3.625985248047906
ntain,3.625985248047906
ntal,4.9252682321781664
ntal ,4.9252682321781664
ntat,4.03145035615607
ntati,4.03145035615607
nte,3.171249090932959
ntee,5.176582660459073
nteer,5.176582660459073
nteg,6.0238805208462765
ntegr,6.0238805208462765
nten,5.736198448394496
ntent,5.736198448394496
nter,3.408920742810078
nter ,5.736198448394496
nterf,6.0238805208462765
nteri,3.790288299339182
nterp,5.513054897080286
nti,3.5671447480249725
ntia,5.330733340286331
ntial,5.330733340286331
ntif,4.637586159726386
ntifi,5.736198448394496
ntify,4.9252682321781664
ntin,4.349904087274605
nting,4.349904087274605
ntis,6.0238805208462765
ntist,6.0238805208462765
ntit,6.0238805208462765
ntiti,6.0238805208462765
nto,3.6567569067146595
ntor,3.6567569067146595
ntor ,6.0238805208462765
ntori,3.6567569067146595
ntr,3.5115748968701617
ntra,4.28927946545817
ntrac,4.28927946545817
ntre,4.557543452052849
ntre ,4.724597536716015
ntrep,6.0238805208462765
ntro,4.819907716520341
ntrol,4.819907716520341
nts,2.239690886928015
nts ,2.611633302997536
"nts,",3.2512917986064953
"nts, ",3.2512917986064953
nuf,6.0238805208462765
nufa,6.0238805208462765
nufac,6.0238805208462765
nur,5.330733340286331
nurs,5.330733340286331
nurse,5.736198448394496
nursi,5.736198448394496
nus,5.736198448394496
nus ,5.736198448394496
nve,6.0238805208462765
nves,6.0238805208462765
nvest,6.0238805208462765
nvi,5.736198448394496
nvir,5.736198448394496
nviro,5.736198448394496
nyi,4.232121051618222
nyin,4.232121051618222
nying,4.232121051618222
o-v,4.637586159726386
o-vi,4.637586159726386
o-vis,4.637586159726386
oac,3.596132284898225
oach,3.596132284898225
oach ,4.819907716520341
oachi,3.6567569067146595
oad,5.330733340286331
oad ,6.0238805208462765
oadi,6.0238805208462765
oadin,6.0238805208462765
oar,6.0238805208462765
oard,6.0238805208462765
oard ,6.0238805208462765
obi,5.736198448394496
obil,5.736198448394496
obili,6.0238805208462765
obj,4.414442608412176
obje,4.414442608412176
objec,4.414442608412176
obl,4.724597536716015
oble,4.724597536716015
oblem,4.724597536716015
oca,3.4336133554004498
ocat,3.4336133554004498
ocati,3.4336133554004498
oce,2.4781019103730135
oced,2.995358424469295
ocedu,2.995358424469295
oces,3.2723452078043276
ocess,3.2723452078043276
oci,4.414442608412176
ocia,4.414442608412176
ocial,4.414442608412176
ock,6.0238805208462765
ocu,3.6567569067146595
ocum,3.6567569067146595
ocume,3.6567569067146595
od ,3.538973871058276
ode,4.724597536716015
oden,5.736198448394496
oden ,5.736198448394496
oder,5.176582660459073
odern,5.176582660459073
ods,4.349904087274605
ods ,4.349904087274605
odu,2.173732919136218
oduc,2.173732919136218
oduct,2.173732919136218
of ,2.8050046959780754
ofe,2.791759469228055
ofes,2.791759469228055
ofess,2.791759469228055
off,3.9869985935852363
offi,3.9869985935852363
offic,3.9869985935852363
oft,5.176582660459073
oftw,5.176582660459073
oftwa,5.176582660459073
ogi,5.04305126783455
ogis,5.176582660459073
ogist,5.176582660459073
ogr,2.125280535750271
ogra,2.125280535750271
ogram,2.1457590670938114
ograp,5.513054897080286
ogy,6.0238805208462765
ogy ,6.0238805208462765
oje,4.819907716520341
ojec,4.819907716520341
oject,4.819907716520341
okk,6.0238805208462765
okke,6.0238805208462765
okkee,6.0238805208462765
ol ,2.4685324593568625
old,6.0238805208462765
oli,4.9252682321781664
olic,5.04305126783455
olici,5.330733340286331
oll,2.547781831011003
olla,2.91780019012342
ollab,2.91780019012342
olle,4.077970371790963
ollea,4.232121051618222
oller,5.736198448394496
olli,5.04305126783455
ollin,5.04305126783455
ollo,5.736198448394496
ollow,5.736198448394496
olo,5.513054897080286
olog,5.513054897080286
ologi,6.0238805208462765
ology,6.0238805208462765
ols,3.097141118779237
ols ,3.097141118779237
olu,4.178053830347945
olun,5.176582660459073
olunt,5.176582660459073
olut,4.637586159726386
oluti,4.637586159726386
olv,4.349904087274605
olve,4.9252682321781664
olve ,4.9252682321781664
olvi,5.04305126783455
olvin,5.04305126783455
om ,4.9252682321781664
oma,6.0238805208462765
oman,6.0238805208462765
oman ,6.0238805208462765
ome,4.28927946545817
ome ,5.176582660459073
omel,6.0238805208462765
omele,6.0238805208462765
omer,4.9252682321781664
omer ,4.9252682321781664
omi,3.7212954278522306
omic,4.483435479899128
omic ,4.483435479899128
omin,4.232121051618222
oming,4.232121051618222
omm,3.3848231912310176
omme,5.513054897080286
ommer,5.513054897080286
ommu,3.5115748968701617
ommun,3.5115748968701617
omo,2.691676010671072
omot,2.691676010671072
omoti,2.691676010671072
omp,2.58989331636113
ompa,4.178053830347945
ompan,4.178053830347945
ompl,3.133508762950112
ompli,4.724597536716015
omply,3.2723452078043276
ompo,4.557543452052849
ompon,5.736198448394496
ompos,4.819907716520341
ompu,4.28927946545817
omput,4.28927946545817
"on,",3.625985248047906
"on, ",3.625985248047906
ona,1.9866943724641244
onal,1.9866943724641244
onal ,1.9925940945913125
"onal,",5.513054897080286
ond,2.2321436812926323
onda,2.5273729593797962
ondar,2.5273729593797962
ondi,4.9252682321781664
ondit,4.9252682321781664
ondu,3.5671447480249725
onduc,3.5671447480249725
one,5.176582660459073
one ,5.736198448394496
onen,5.736198448394496
onent,5.736198448394496
oni,2.537525330843814
onic,4.557543452052849
onic ,4.557543452052849
onis,5.736198448394496
onist,5.736198448394496
onit,2.67984155302407
onito,2.67984155302407
onl,4.637586159726386
onli,4.637586159726386
onlin,4.637586159726386
onm,5.736198448394496
onme,5.736198448394496
onmen,5.736198448394496
ono,4.483435479899128
onom,4.483435479899128
onomi,4.483435479899128
ons,1.6714543559486854
ons ,2.888386304917127
"ons,",2.3022112439093494
"ons, ",2.3022112439093494
onse,6.0238805208462765
onsh,2.791759469228055
onshi,2.791759469228055
onst,5.513054897080286
onstr,5.513054897080286
onsu,4.28927946545817
onsul,4.28927946545817
ont,3.6567569067146595
onta,6.0238805208462765
ontac,6.0238805208462765
onte,5.736198448394496
onten,5.736198448394496
ontr,3.8643962714929043
ontra,4.28927946545817
ontro,4.819907716520341
ood,3.1906671767900603
ood ,3.538973871058276
oode,5.736198448394496
ooden,5.736198448394496
oods,4.349904087274605
oods ,4.349904087274605
ook,5.736198448394496
ookk,6.0238805208462765
ookke,6.0238805208462765
ool,2.0790676925951397
ool ,2.4685324593568625
ools,3.097141118779237
ools ,3.097141118779237
oom,6.0238805208462765
oom ,6.0238805208462765
oor,4.414442608412176
oord,4.414442608412176
oordi,4.414442608412176
oot,5.513054897080286
ootb,5.513054897080286
ootba,5.513054897080286
op ,4.414442608412176
op-,5.176582660459073
op-m,5.176582660459073
op-mo,5.176582660459073
ope,2.2549583590588034
oper,2.2549583590588034
oper ,4.819907716520341
opera,2.294179072212085
opi,2.326702263917645
opin,2.326702263917645
oping,2.326702263917645
opl,3.1151596242819153
ople,3.1151596242819153
ople ,4.28927946545817
"ople,",3.408920742810078
opm,5.513054897080286
opme,5.513054897080286
opmen,5.513054897080286
opp,5.04305126783455
oppo,5.04305126783455
oppor,5.04305126783455
opy,5.736198448394496
opyw,6.0238805208462765
opywr,6.0238805208462765
or ,1.131028262406404
ora,2.4590537154023187
orat,2.4685324593568625
orati,2.4685324593568625
orc,4.819907716520341
orci,4.819907716520341
orcin,4.819907716520341
ord,3.0116189453410747
ord ,5.736198448394496
orde,6.0238805208462765
order,6.0238805208462765
ordi,4.349904087274605
ordin,4.349904087274605
ords,3.293851413025291
ords ,4.637586159726386
"ords,",3.5671447480249725
ore,5.330733340286331
orei,5.736198448394496
oreig,5.736198448394496
org,3.9869985935852363
orga,3.9869985935852363
organ,3.9869985935852363
ori,2.034896474282002
orin,2.047318994280559
oring,2.047318994280559
ork,2.3518081850487214
ork ,3.9444389791664403
orke,3.9444389791664403
orker,3.9444389791664403
orki,4.349904087274605
orkin,4.349904087274605
orks,2.791759469228055
orks ,3.625985248047906
"orks,",3.293851413025291
orm,1.7288652631620245
orma,2.217218031075957
orman,2.55814461804655
ormat,3.293851413025291
ormi,2.368902618408021
ormin,2.368902618408021
ort,3.0116189453410747
ort ,3.755196979527912
orts,3.4849066497880004
orts ,6.0238805208462765
"orts,",3.538973871058276
ortu,5.04305126783455
ortun,5.04305126783455
ory,5.176582660459073
ory ,5.176582660459073
osi,4.126760535960395
osin,4.126760535960395
osing,4.126760535960395
ost,4.637586159726386
ost ,6.0238805208462765
ost/,5.04305126783455
ost/r,5.176582660459073
oste,5.04305126783455
ostes,5.04305126783455
ostm,6.0238805208462765
ostma,6.0238805208462765
ostw,6.0238805208462765
ostwo,6.0238805208462765
otb,5.513054897080286
otba,5.513054897080286
otbal,5.513054897080286
ote,4.28927946545817
otec,4.349904087274605
otect,4.349904087274605
oth,5.330733340286331
othe,5.736198448394496
other,5.736198448394496
othi,6.0238805208462765
othin,6.0238805208462765
oti,2.547781831011003
otia,4.483435479899128
otiat,4.483435479899128
otin,2.791759469228055
oting,2.791759469228055
otio,4.178053830347945
otion,4.178053830347945
otiv,5.736198448394496
otiva,5.736198448394496
oto,5.513054897080286
otog,5.736198448394496
otogr,5.736198448394496
oun,3.0116189453410747
ound,3.5115748968701617
ound ,3.5115748968701617
oung,6.0238805208462765
oung ,6.0238805208462765
ouns,5.330733340286331
ounse,5.330733340286331
ount,4.232121051618222
ount ,5.176582660459073
ounte,6.0238805208462765
ounti,4.819907716520341
oup,4.483435479899128
oup ,4.819907716520341
"oup,",5.513054897080286
"oup, ",5.513054897080286
our,3.596132284898225
ourc,3.755196979527912
ource,3.755196979527912
ouri,6.0238805208462765
ouris,6.0238805208462765
ourn,6.0238805208462765
ourna,6.0238805208462765
ous,4.819907716520341
ous ,5.513054897080286
ouse,5.330733340286331
ouse ,5.513054897080286
out,6.0238805208462765
ovi,2.963609726154714
ovid,2.995358424469295
ovidi,2.995358424469295
ovin,6.0238805208462765
oving,6.0238805208462765
owi,5.736198448394496
owin,5.736198448394496
owing,5.736198448394496
oxi,6.0238805208462765
oxin,6.0238805208462765
oxing,6.0238805208462765
oye,5.330733340286331
oyee,5.330733340286331
oyee ,5.330733340286331
"p, ",5.513054897080286
p-m,5.176582660459073
p-mo,5.176582660459073
p-mot,5.176582660459073
pac,4.724597536716015
pack,4.724597536716015
packa,4.724597536716015
pai,5.04305126783455
pair,5.176582660459073
pairi,5.176582660459073
pan,4.178053830347945
pany,4.232121051618222
panyi,4.232121051618222
par,2.963609726154714
pari,3.028148247292285
parin,3.028148247292285
part,5.736198448394496
parts,6.0238805208462765
pas,6.0238805208462765
pec,4.178053830347945
peci,4.414442608412176
pecia,4.414442608412176
pect,5.513054897080286
pecti,6.0238805208462765
pecto,5.513054897080286
peo,3.1151596242819153
peop,3.1151596242819153
peopl,3.1151596242819153
per,1.4491695423428936
per ,4.637586159726386
pera,2.294179072212085
perat,2.294179072212085
perf,1.8754687373538999
perfo,1.8754687373538999
perm,5.736198448394496
permi,5.736198448394496
pers,3.790288299339182
perso,3.790288299339182
pert,5.513054897080286
perti,5.736198448394496
perv,4.126760535960395
pervi,4.126760535960395
pes,5.736198448394496
pes ,5.736198448394496
pha,6.0238805208462765
phar,6.0238805208462765
pharm,6.0238805208462765
phd,6.0238805208462765
phd ,6.0238805208462765
phe,5.513054897080286
pher,5.513054897080286
pher ,5.513054897080286
phi,3.9869985935852363
phic,3.9869985935852363
phic ,3.9869985935852363
pho,5.176582660459073
phon,5.736198448394496
phone,5.736198448394496
phot,5.736198448394496
photo,5.736198448394496
phy,3.9869985935852363
phys,3.9869985935852363
physi,3.9869985935852363
pic,6.0238805208462765
pick,6.0238805208462765
picke,6.0238805208462765
pin,2.286210902562908
ping,2.286210902562908
ping ,2.286210902562908
pit,6.0238805208462765
pita,6.0238805208462765
pital,6.0238805208462765
pla,2.1596481792544786
plan,2.42201244372197
plann,2.611633302997536
plans,3.9444389791664403
play,3.4589311633847397
plays,3.4589311633847397
ple,3.0794415416798357
ple ,4.28927946545817
"ple,",3.408920742810078
"ple, ",3.408920742810078
plem,6.0238805208462765
pleme,6.0238805208462765
pli,3.9444389791664403
plia,4.724597536716015
plian,4.724597536716015
plic,4.483435479899128
plica,4.483435479899128
plie,6.0238805208462765
plies,6.0238805208462765
plo,5.330733340286331
ploy,5.330733340286331
ploye,5.330733340286331
ply,2.995358424469295
ply ,4.349904087274605
plyi,3.2723452078043276
plyin,3.2723452078043276
pme,3.625985248047906
pmen,3.625985248047906
pment,3.625985248047906
pol,4.9252682321781664
poli,4.9252682321781664
polic,5.04305126783455
pon,5.513054897080286
pone,5.736198448394496
ponen,5.736198448394496
por,3.028148247292285
port,3.028148247292285
port ,3.790288299339182
ports,3.4849066497880004
portu,5.04305126783455
pos,4.28927946545817
posi,4.557543452052849
posin,4.557543452052849
post,5.513054897080286
post ,6.0238805208462765
postm,6.0238805208462765
postw,6.0238805208462765
ppi,6.0238805208462765
ppin,6.0238805208462765
pping,6.0238805208462765
ppl,3.6885056050292397
ppli,4.349904087274605
pplic,4.483435479899128
pplie,6.0238805208462765
pply,4.349904087274605
pply ,4.349904087274605
ppo,3.7212954278522306
ppor,3.7212954278522306
pport,3.7212954278522306
pra,4.9252682321781664
prac,4.9252682321781664
pract,4.9252682321781664
pre,2.6565846908598023
prec,5.330733340286331
preci,5.330733340286331
pren,6.0238805208462765
prene,6.0238805208462765
prep,3.028148247292285
prepa,3.028148247292285
pres,4.126760535960395
prese,4.126760535960395
pret,5.513054897080286
prete,5.736198448394496
preti,5.513054897080286
pri,4.178053830347945
prim,5.330733340286331
prima,5.330733340286331
priv,4.557543452052849
priva,4.557543452052849
pro,1.3794896217049037
prob,4.724597536716015
probl,4.724597536716015
proc,2.4781019103730135
proce,2.4781019103730135
prod,2.173732919136218
produ,2.173732919136218
prof,2.791759469228055
profe,2.791759469228055
prog,2.1457590670938114
progr,2.1457590670938114
proj,4.819907716520341
proje,4.819907716520341
prom,2.691676010671072
promo,2.691676010671072
prot,4.349904087274605
prote,4.349904087274605
prov,2.995358424469295
provi,2.995358424469295
ps ,2.791759469228055
pti,5.330733340286331
ptin,6.0238805208462765
pting,6.0238805208462765
ptio,5.736198448394496
ption,5.736198448394496
pub,4.414442608412176
publ,4.414442608412176
publi,4.414442608412176
pur,5.736198448394496
purc,5.736198448394496
purch,5.736198448394496
put,3.9869985935852363
pute,4.03145035615607
puter,4.28927946545817
putes,5.330733340286331
pyw,6.0238805208462765
pywr,6.0238805208462765
pywri,6.0238805208462765
qua,3.171249090932959
qual,3.171249090932959
quali,3.171249090932959
que,5.330733340286331
ques,5.330733340286331
quest,5.330733340286331
qui,3.6567569067146595
quic,5.736198448394496
quick,5.736198448394496
quip,3.755196979527912
quipm,3.755196979527912
r/w,4.483435479899128
r/wa,4.483435479899128
r/wai,4.483435479899128
rac,3.8643962714929043
ract,3.8643962714929043
racti,4.819907716520341
racts,4.28927946545817
rai,3.3848231912310176
rain,3.408920742810078
raine,5.176582660459073
raini,3.5671447480249725
ral,2.217218031075957
ral ,2.217218031075957
ram,2.1457590670938114
ramm,2.67984155302407
ramme,2.7786873876607023
rammi,4.819907716520341
rams,2.8050046959780754
rams ,4.232121051618222
"rams,",3.0449553656086668
ran,2.6681455132608782
rans,2.7786873876607023
ransa,3.152200895962264
ransf,4.28927946545817
ransl,5.513054897080286
ransp,5.330733340286331
rant,4.557543452052849
rant ,4.557543452052849
rap,3.826655943510057
raph,3.826655943510057
raphe,5.513054897080286
raphi,3.9869985935852363
ratin,3.1906671767900603
rativ,2.622683139184121
rato,3.9444389791664403
rator,3.9444389791664403
rce,3.7212954278522306
rces,3.7212954278522306
rces ,4.126760535960395
"rces,",4.557543452052849
rch,3.408920742810078
rch ,4.557543452052849
"rch,",3.755196979527912
"rch, ",3.755196979527912
rcha,5.330733340286331
rchan,6.0238805208462765
rchas,5.736198448394496
rci,4.483435479899128
rcia,5.513054897080286
rcial,5.513054897080286
rcin,4.819907716520341
rcing,4.819907716520341
rd ,5.176582660459073
rde,5.736198448394496
rder,6.0238805208462765
rder ,6.0238805208462765
rdi,4.349904087274605
rdin,4.349904087274605
rdina,4.414442608412176
rding,6.0238805208462765
rdo,5.736198448394496
rdou,5.736198448394496
rdous,5.736198448394496
rds,3.2723452078043276
rds ,4.637586159726386
"rds,",3.538973871058276
"rds, ",3.538973871058276
re ,3.4589311633847397
"re,",5.736198448394496
"re, ",5.736198448394496
rea,3.0449553656086668
rea ,5.736198448394496
reat,3.097141118779237
reati,3.133508762950112
reatm,5.736198448394496
rec,2.791759469228055
rece,5.736198448394496
recep,5.736198448394496
reci,4.9252682321781664
recip,5.736198448394496
recis,5.330733340286331
reco,3.2723452078043276
recor,3.2723452078043276
recr,4.724597536716015
recru,4.724597536716015
rect,4.28927946545817
recti,4.414442608412176
recto,6.0238805208462765
ree,4.414442608412176
reem,4.483435479899128
reeme,4.483435479899128
reg,5.330733340286331
regu,5.330733340286331
regul,5.330733340286331
reh,5.736198448394496
reho,5.736198448394496
rehou,5.736198448394496
rei,5.736198448394496
reig,5.736198448394496
reign,5.736198448394496
rel,2.7657839828247943
rela,2.7786873876607023
relat,2.7786873876607023
ren,3.9444389791664403
ren ,5.736198448394496
"ren,",4.349904087274605
"ren, ",4.349904087274605
rene,5.736198448394496
reneu,6.0238805208462765
rep,2.7404661748405044
repa,2.9328380674879604
repai,5.176582660459073
repar,3.028148247292285
repo,3.790288299339182
repor,3.790288299339182
repr,4.414442608412176
repre,4.414442608412176
rer,5.330733340286331
rer ,5.330733340286331
res,2.1666657519131256
res ,4.232121051618222
"res,",3.338303175596125
"res, ",3.338303175596125
rese,3.152200895962264
resea,3.5671447480249725
resen,4.126760535960395
resi,5.330733340286331
resid,5.330733340286331
reso,3.5115748968701617
resol,4.349904087274605
resou,3.9869985935852363
ress,4.483435479899128
ress ,4.483435479899128
rest,4.637586159726386
resta,4.637586159726386
ret,4.28927946545817
reta,4.557543452052849
retar,4.637586159726386
rete,5.736198448394496
reter,5.736198448394496
reti,5.513054897080286
retin,5.513054897080286
rew,5.736198448394496
rew ,5.736198448394496
rfa,6.0238805208462765
rfac,6.0238805208462765
rface,6.0238805208462765
rfo,1.8754687373538999
rfor,1.8754687373538999
rform,1.8754687373538999
rga,3.9869985935852363
rgan,3.9869985935852363
rgani,3.9869985935852363
rge,5.736198448394496
rgen,6.0238805208462765
rgenc,6.0238805208462765
rgy,6.0238805208462765
rgy ,6.0238805208462765
ria,3.790288299339182
rial,3.790288299339182
rial ,5.736198448394496
rials,3.9036169846461855
rib,6.0238805208462765
ribu,6.0238805208462765
ribut,6.0238805208462765
ric,2.547781831011003
rica,2.5686159179138452
rical,2.600704232465346
ricat,5.736198448394496
rif,6.0238805208462765
rify,6.0238805208462765
rifyi,6.0238805208462765
rim,5.330733340286331
rima,5.330733340286331
rimar,5.330733340286331
rin,1.6335550833576997
ring,1.637695876023731
ring ,1.6887708059601465
"ring,",3.7212954278522306
rink,3.6567569067146595
rinks,3.6567569067146595
rio,4.637586159726386
rior,4.637586159726386
rior ,4.637586159726386
ris,5.04305126783455
risk,5.513054897080286
risk ,5.513054897080286
rist,6.0238805208462765
rit,3.2512917986064953
rite,5.330733340286331
riter,5.330733340286331
riti,3.538973871058276
ritin,3.538973871058276
rity,4.557543452052849
rity ,5.736198448394496
"rity,",4.819907716520341
riv,4.28927946545817
riva,4.557543452052849
rivac,4.557543452052849
rive,5.736198448394496
river,5.736198448394496
rivi,6.0238805208462765
rivin,6.0238805208462765
rk ,3.538973871058276
rke,2.715773562250133
rker,3.9444389791664403
rker ,3.9444389791664403
rket,3.028148247292285
rket ,3.5671447480249725
rkete,4.637586159726386
rketi,3.755196979527912
rki,4.126760535960395
rkin,4.126760535960395
rking,4.126760535960395
rks,2.791759469228055
rks ,3.625985248047906
"rks,",3.293851413025291
"rks, ",3.293851413025291
rma,2.2025118836862614
rmac,6.0238805208462765
rman,2.55814461804655
rmanc,2.55814461804655
rmat,3.293851413025291
rmati,3.293851413025291
rme,6.0238805208462765
rmen,6.0238805208462765
rment,6.0238805208462765
rmi,2.3350010667323398
rmin,2.36031887471663
rming,2.368902618408021
rmit,5.736198448394496
rmits,5.736198448394496
rn ,5.176582660459073
rna,5.736198448394496
rnal,6.0238805208462765
rnali,6.0238805208462765
rni,6.0238805208462765
rnin,6.0238805208462765
rning,6.0238805208462765
roa,5.736198448394496
road,5.736198448394496
road ,6.0238805208462765
rob,4.724597536716015
robl,4.724597536716015
roble,4.724597536716015
roc,2.4781019103730135
roce,2.4781019103730135
roced,2.995358424469295
roces,3.2723452078043276
rod,2.173732919136218
rodu,2.173732919136218
roduc,2.173732919136218
rof,2.791759469228055
rofe,2.791759469228055
rofes,2.791759469228055
rog,2.1457590670938114
rogr,2.1457590670938114
rogra,2.1457590670938114
roj,4.819907716520341
roje,4.819907716520341
rojec,4.819907716520341
rol,4.637586159726386
roll,4.637586159726386
rolle,5.736198448394496
rolli,5.04305126783455
rom,2.622683139184121
rom ,5.176582660459073
romo,2.691676010671072
romot,2.691676010671072
ron,4.28927946545817
roni,4.557543452052849
ronic,4.557543452052849
ronm,5.736198448394496
ronme,5.736198448394496
roo,6.0238805208462765
room,6.0238805208462765
room ,6.0238805208462765
rot,4.349904087274605
rote,4.349904087274605
rotec,4.349904087274605
rou,4.28927946545817
roun,5.736198448394496
round,5.736198448394496
roup,4.483435479899128
roup ,4.819907716520341
"roup,",5.513054897080286
rov,2.995358424469295
rovi,2.995358424469295
rovid,2.995358424469295
rpr,5.513054897080286
rpre,5.513054897080286
rpret,5.513054897080286
"rs,",5.176582660459073
"rs, ",5.176582660459073
rse,5.513054897080286
rse ,6.0238805208462765
rser,6.0238805208462765
rsery,6.0238805208462765
rsi,5.04305126783455
rsin,5.736198448394496
rsing,5.736198448394496
rsit,5.513054897080286
rsity,5.513054897080286
rso,3.790288299339182
rson,3.790288299339182
rsona,3.790288299339182
rt ,3.6885056050292397
rte,5.736198448394496
rten,5.736198448394496
rtend,5.736198448394496
rti,2.611633302997536
rtia,3.293851413025291
rtiar,3.293851413025291
rtis,3.171249090932959
rtise,5.736198448394496
rtisi,5.736198448394496
rtist,3.2723452078043276
rts,3.408920742810078
rts ,5.330733340286331
"rts,",3.538973871058276
"rts, ",3.538973871058276
rtu,5.04305126783455
rtun,5.04305126783455
rtuni,5.04305126783455
ruc,3.9444389791664403
ruct,3.9444389791664403
ructi,4.232121051618222
ructo,5.330733340286331
ructu,6.0238805208462765
rui,4.724597536716015
ruit,4.724597536716015
ruiti,4.724597536716015
ruitm,4.724597536716015
rvi,2.1666657519131256
rvic,2.294179072212085
rvice,2.294179072212085
rvin,4.178053830347945
rving,4.178053830347945
rvis,4.126760535960395
rvisi,4.178053830347945
ry ,2.0226263816901877
"ry,",6.0238805208462765
"ry, ",6.0238805208462765
"s, ",1.0846218895922484
sac,3.152200895962264
sact,3.152200895962264
sacti,3.152200895962264
saf,3.9869985935852363
safe,3.9869985935852363
safet,3.9869985935852363
sal,3.3848231912310176
sale,3.3848231912310176
sales,3.408920742810078
sch,2.326702263917645
sche,4.03145035615607
sched,4.03145035615607
scho,2.4685324593568625
schoo,2.4685324593568625
sci,5.513054897080286
scie,5.513054897080286
scien,5.513054897080286
se ,4.557543452052849
"se,",5.736198448394496
"se, ",5.736198448394496
sea,3.5671447480249725
sear,3.5671447480249725
searc,3.5671447480249725
sec,2.3518081850487214
seco,2.5273729593797962
secon,2.5273729593797962
secr,4.637586159726386
secre,4.637586159726386
secu,4.557543452052849
secur,4.557543452052849
sed,5.04305126783455
sed ,5.04305126783455
sel,3.3158303197440664
sell,3.3158303197440664
selle,5.176582660459073
selli,3.4336133554004498
sen,4.03145035615607
sent,4.126760535960395
senta,4.349904087274605
senti,5.513054897080286
ser,2.239690886928015
ser ,5.513054897080286
serv,2.2704625455947687
servi,2.278305723055795
sery,6.0238805208462765
sery ,6.0238805208462765
ses,5.176582660459073
"ses,",5.513054897080286
"ses, ",5.513054897080286
set,5.330733340286331
sett,5.513054897080286
setti,5.513054897080286
sfo,4.28927946545817
sfor,4.28927946545817
sform,4.28927946545817
she,5.330733340286331
sher,5.330733340286331
sher ,5.330733340286331
shi,2.633856439782246
shie,5.176582660459073
shier,5.176582660459073
shin,5.513054897080286
shing,5.513054897080286
ship,2.7530449570473645
shipp,6.0238805208462765
ships,2.791759469228055
sho,4.483435479899128
shop,4.557543452052849
shop ,4.557543452052849
sic,3.826655943510057
sic ,5.513054897080286
sica,3.9869985935852363
sical,3.9869985935852363
sid,5.176582660459073
side,5.176582660459073
siden,5.330733340286331
sig,2.995358424469295
sign,2.995358424469295
sign ,6.0238805208462765
signe,3.5671447480249725
signi,4.819907716520341
signs,3.338303175596125
sin,1.7288652631620245
sine,2.9481055396187488
sines,2.9481055396187488
sing,1.7379977467252972
sing ,1.8860508466844368
"sing,",3.2306725114037596
sio,2.703652201717788
sion,2.703652201717788
sion ,5.04305126783455
siona,2.791759469228055
sis,2.1526795099383853
sis ,5.513054897080286
sist,2.1808503869050817
sista,2.2246530095634744
sisti,4.819907716520341
sit,5.04305126783455
sitt,5.736198448394496
sitte,5.736198448394496
sity,5.513054897080286
sity ,5.513054897080286
sk ,5.176582660459073
skin,5.330733340286331
sking,5.330733340286331
sks,2.6565846908598023
sks ,5.513054897080286
"sks,",2.703652201717788
"sks, ",2.703652201717788
skt,6.0238805208462765
skto,6.0238805208462765
sktop,6.0238805208462765
sla,4.483435479899128
slat,4.483435479899128
slati,4.483435479899128
sne,6.0238805208462765
snes,6.0238805208462765
sness,6.0238805208462765
soc,4.414442608412176
soci,4.414442608412176
socia,4.414442608412176
sof,5.176582660459073
soft,5.176582660459073
softw,5.176582660459073
sol,3.790288299339182
solu,4.637586159726386
solut,4.637586159726386
solv,4.349904087274605
solve,4.9252682321781664
solvi,5.04305126783455
son,3.790288299339182
sona,3.790288299339182
sonal,3.790288299339182
sor,4.819907716520341
sor ,4.9252682321781664
sou,2.995358424469295
soun,3.596132284898225
sound,3.596132284898225
sour,3.755196979527912
sourc,3.755196979527912
spe,4.126760535960395
spec,4.178053830347945
speci,4.414442608412176
spect,5.513054897080286
spl,3.4589311633847397
spla,3.4589311633847397
splay,3.4589311633847397
spo,4.178053830347945
spor,4.349904087274605
sport,4.349904087274605
spos,5.736198448394496
sposi,5.736198448394496
spu,5.330733340286331
sput,5.330733340286331
spute,5.330733340286331
ss ,2.6451559950361796
sse,4.9252682321781664
ssen,6.0238805208462765
sses,5.176582660459073
"sses,",5.513054897080286
ssi,1.654432668379255
ssin,3.5115748968701617
ssing,3.5115748968701617
ssio,2.791759469228055
ssion,2.791759469228055
ssis,2.1808503869050817
ssist,2.1808503869050817
ssn,6.0238805208462765
ssne,6.0238805208462765
ssnes,6.0238805208462765
sso,5.04305126783455
ssor,5.04305126783455
ssor ,5.176582660459073
ssu,5.176582660459073
ssue,5.176582660459073
ssues,5.176582660459073
st ,3.755196979527912
st/,5.04305126783455
st/r,5.176582660459073
st/re,5.176582660459073
sta,2.066247004166078
stag,5.736198448394496
stage,5.736198448394496
stal,4.9252682321781664
stall,4.9252682321781664
stan,2.217218031075957
stanc,3.5115748968701617
stant,2.4403615823901665
stat,5.736198448394496
state,5.736198448394496
stau,4.637586159726386
staur,4.637586159726386
ste,2.1457590670938114
stem,4.232121051618222
stem ,6.0238805208462765
stems,4.232121051618222
sten,5.330733340286331
steni,5.330733340286331
ster,2.3103084541419685
ster ,2.36031887471663
steri,5.176582660459073
stes,5.04305126783455
stess,5.04305126783455
sti,2.832033368365995
stic,3.152200895962264
stic ,3.2512917986064953
"stic,",5.736198448394496
stics,5.330733340286331
stin,4.414442608412176
sting,4.414442608412176
stio,5.330733340286331
stion,5.330733340286331
stm,6.0238805208462765
stma,6.0238805208462765
stman,6.0238805208462765
sto,2.611633302997536
stom,4.9252682321781664
stome,4.9252682321781664
stop,5.176582660459073
stop-,5.176582660459073
stor,2.791759469228055
stori,2.8184277163102163
str,2.368902618408021
stra,2.5686159179138452
strat,2.5686159179138452
stri,5.513054897080286
stria,6.0238805208462765
strib,6.0238805208462765
stru,3.9444389791664403
struc,3.9444389791664403
stw,6.0238805208462765
stwo,6.0238805208462765
stwom,6.0238805208462765
sua,3.2723452078043276
sual,3.2723452078043276
sual ,3.2723452078043276
sub,4.126760535960395
subj,4.126760535960395
subje,4.126760535960395
sue,5.176582660459073
sues,5.176582660459073
sues ,5.513054897080286
"sues,",6.0238805208462765
sul,4.28927946545817
sult,4.28927946545817
sulta,4.28927946545817
sup,3.0794415416798357
supe,4.126760535960395
super,4.126760535960395
supp,3.4336133554004498
suppl,4.232121051618222
suppo,3.9869985935852363
sur,4.724597536716015
suri,4.724597536716015
surin,4.724597536716015
swi,6.0238805208462765
swit,6.0238805208462765
switc,6.0238805208462765
sys,4.232121051618222
syst,4.232121051618222
syste,4.232121051618222
"t, ",4.077970371790963
t/r,5.176582660459073
t/re,5.176582660459073
t/res,5.176582660459073
ta ,3.4849066497880004
"ta,",3.028148247292285
"ta, ",3.028148247292285
tab,5.513054897080286
taba,5.736198448394496
tabas,5.736198448394496
tac,6.0238805208462765
tact,6.0238805208462765
tact ,6.0238805208462765
tag,5.736198448394496
tage,5.736198448394496
tageh,6.0238805208462765
tai,3.538973871058276
tail,6.0238805208462765
tail ,6.0238805208462765
tain,3.596132284898225
taini,3.625985248047906
tal,2.286210902562908
tal ,2.343369316402857
tali,6.0238805208462765
tall,4.9252682321781664
talli,4.9252682321781664
tan,2.09861228866811
tanc,3.5115748968701617
tance,3.5115748968701617
tant,2.294179072212085
tant ,2.294179072212085
tar,4.637586159726386
tary,4.637586159726386
tary ,4.637586159726386
tas,2.6565846908598023
task,2.6565846908598023
tasks,2.6565846908598023
tat,3.9036169846461855
tate,5.736198448394496
tate ,5.736198448394496
tati,4.03145035615607
tatio,4.819907716520341
tativ,4.557543452052849
tau,4.637586159726386
taur,4.637586159726386
taura,4.637586159726386
tba,5.513054897080286
tbal,5.513054897080286
tball,5.513054897080286
tch,5.513054897080286
tchb,6.0238805208462765
tchbo,6.0238805208462765
tche,6.0238805208462765
tchen,6.0238805208462765
te ,5.736198448394496
tea,2.9793580831228534
teac,3.2723452078043276
teach,3.2723452078043276
team,3.9036169846461855
team ,4.483435479899128
teams,4.557543452052849
tec,3.1906671767900603
tech,3.5671447480249725
techn,3.5671447480249725
tect,4.232121051618222
tecti,4.28927946545817
tee,5.04305126783455
teer,5.04305126783455
teer ,6.0238805208462765
teeri,5.330733340286331
teg,5.736198448394496
tegr,6.0238805208462765
tegra,6.0238805208462765
tel,5.513054897080286
tele,5.513054897080286
telec,6.0238805208462765
telep,6.0238805208462765
tem,4.232121051618222
tem ,6.0238805208462765
tems,4.232121051618222
tems ,4.483435479899128
"tems,",4.414442608412176
ten,4.178053830347945
tend,5.04305126783455
tenda,5.736198448394496
tende,5.736198448394496
teni,5.330733340286331
tenin,5.330733340286331
tenn,6.0238805208462765
tenni,6.0238805208462765
tent,5.513054897080286
tent ,5.513054897080286
ter,1.654432668379255
ter ,2.1457590670938114
ter/,4.483435479899128
ter/w,4.483435479899128
terf,6.0238805208462765
terfa,6.0238805208462765
teri,3.133508762950112
teria,3.9036169846461855
terin,3.9869985935852363
terio,4.637586159726386
terp,5.513054897080286
terpr,5.513054897080286
ters,4.637586159726386
ters ,5.330733340286331
"ters,",5.176582660459073
tert,3.2723452078043276
terti,3.293851413025291
tes,4.077970371790963
tes ,5.513054897080286
tess,4.9252682321781664
tess ,5.04305126783455
test,5.04305126783455
testi,5.330733340286331
tex,5.736198448394496
text,5.736198448394496
texti,5.736198448394496
th ,2.691676010671072
thc,6.0238805208462765
thca,6.0238805208462765
thcar,6.0238805208462765
the,2.2549583590588034
the ,2.9481055396187488
ther,2.8184277163102163
ther ,5.736198448394496
theri,2.9029851043382795
thers,5.736198448394496
thi,6.0238805208462765
thin,6.0238805208462765
thing,6.0238805208462765
tia,2.9793580831228534
tial,5.330733340286331
tial ,5.330733340286331
tiar,3.293851413025291
tiary,3.293851413025291
tiat,4.483435479899128
tiati,4.483435479899128
tic,3.1151596242819153
tic ,3.2512917986064953
"tic,",5.736198448394496
"tic, ",5.736198448394496
tica,6.0238805208462765
tical,6.0238805208462765
tics,5.330733340286331
tics ,5.330733340286331
tie,2.91780019012342
ties,2.9328380674879604
ties ,3.293851413025291
"ties,",3.9036169846461855
tif,4.637586159726386
tifi,5.736198448394496
tific,5.736198448394496
tify,4.9252682321781664
tify ,6.0238805208462765
tifyi,5.04305126783455
til,5.736198448394496
tile,5.736198448394496
tile ,6.0238805208462765
tiles,5.736198448394496
tin,1.3325326386171328
ting,1.3325326386171328
ting ,1.3355954281476783
"ting,",3.9869985935852363
"tion,",3.625985248047906
tiona,2.4129626082020517
tioni,5.736198448394496
tions,1.6844135005911909
tis,3.0116189453410747
tise,5.736198448394496
"tise,",5.736198448394496
tisi,4.724597536716015
tisin,4.724597536716015
tist,3.2306725114037596
tist ,5.513054897080286
tisti,3.2723452078043276
titi,6.0238805208462765
titie,6.0238805208462765
tiv,1.8913841926597994
tiva,5.736198448394496
tivat,5.736198448394496
tive,2.386294361119891
tive ,2.3951049908020456
tivi,2.55814461804655
tivit,2.55814461804655
tma,6.0238805208462765
tman,6.0238805208462765
tman/,6.0238805208462765
tme,4.414442608412176
tmen,4.414442608412176
tment,4.414442608412176
to ,3.171249090932959
tog,5.736198448394496
togr,5.736198448394496
togra,5.736198448394496
tom,4.9252682321781664
tome,4.9252682321781664
tomer,4.9252682321781664
too,3.097141118779237
tool,3.097141118779237
tools,3.097141118779237
top,4.9252682321781664
top ,6.0238805208462765
top-,5.176582660459073
top-m,5.176582660459073
tor,1.799482830375978
tor ,2.9793580831228534
tori,2.0410884445299233
torin,2.047318994280559
tory,5.176582660459073
tory ,5.176582660459073
tou,5.736198448394496
tour,5.736198448394496
touri,6.0238805208462765
tra,1.780158557549575
trac,4.232121051618222
tract,4.232121051618222
trai,3.408920742810078
train,3.408920742810078
tran,2.7786873876607023
trans,2.7786873876607023
trat,2.5686159179138452
trati,2.6565846908598023
trato,4.349904087274605
tre,3.7212954278522306
tre ,4.637586159726386
trea,5.736198448394496
treat,5.736198448394496
trep,6.0238805208462765
trepr,6.0238805208462765
tres,4.483435479899128
tress,4.483435479899128
tri,4.637586159726386
tria,6.0238805208462765
trial,6.0238805208462765
trib,6.0238805208462765
tribu,6.0238805208462765
tric,5.04305126783455
trica,5.04305126783455
tro,4.03145035615607
trol,4.819907716520341
troll,4.819907716520341
tron,4.557543452052849
troni,4.557543452052849
tru,3.9444389791664403
truc,3.9444389791664403
truct,3.9444389791664403
ts ,1.8702193814677561
"ts,",2.2025118836862614
"ts, ",2.2025118836862614
tte,4.349904087274605
tten,5.736198448394496
ttend,5.736198448394496
tter,4.557543452052849
tter ,5.736198448394496
tters,4.724597536716015
tti,5.513054897080286
ttin,5.513054897080286
tting,5.513054897080286
tun,5.04305126783455
tuni,5.04305126783455
tunit,5.04305126783455
tur,4.28927946545817
tura,5.04305126783455
tural,5.04305126783455
ture,4.724597536716015
ture ,5.736198448394496
turer,5.330733340286331
tures,6.0238805208462765
tut,6.0238805208462765
tuto,6.0238805208462765
tutor,6.0238805208462765
twa,5.176582660459073
twar,5.176582660459073
tware,5.176582660459073
two,2.791759469228055
twom,6.0238805208462765
twoma,6.0238805208462765
twor,2.791759469228055
twork,2.791759469228055
ty ,2.8184277163102163
"ty,",4.03145035615607
"ty, ",4.03145035615607
uag,4.724597536716015
uage,4.724597536716015
uage ,6.0238805208462765
uages,4.819907716520341
ual,2.1052129726994617
ual ,3.0794415416798357
uali,3.171249090932959
ualif,3.293851413025291
ualit,5.176582660459073
uals,3.133508762950112
uals ,4.414442608412176
"uals,",3.3848231912310176
uat,3.0116189453410747
uati,3.0116189453410747
uatin,3.0116189453410747
ubj,4.126760535960395
ubje,4.126760535960395
ubjec,4.126760535960395
ubl,4.414442608412176
ubli,4.414442608412176
ublic,4.724597536716015
ublis,5.513054897080286
uct,1.9295359586241756
uct ,6.0238805208462765
ucti,2.7657839828247943
uctin,3.5671447480249725
uctio,4.637586159726386
uctiv,3.408920742810078
ucto,5.330733340286331
uctor,5.330733340286331
ucts,2.326702263917645
ucts ,3.028148247292285
"ucts,",2.7530449570473645
uctu,6.0238805208462765
uctur,6.0238805208462765
udg,3.408920742810078
udge,3.408920742810078
udget,3.408920742810078
udi,4.28927946545817
udio,4.557543452052849
udio-,4.637586159726386
udit,5.736198448394496
udito,5.736198448394496
ues,3.755196979527912
ues ,4.03145035615607
"ues,",6.0238805208462765
"ues, ",6.0238805208462765
uest,5.330733340286331
uesti,5.330733340286331
ufa,6.0238805208462765
ufac,6.0238805208462765
ufact,6.0238805208462765
uic,5.736198448394496
uick,5.736198448394496
uick ,5.736198448394496
uil,4.557543452052849
uild,4.557543452052849
uildi,4.557543452052849
uip,3.755196979527912
uipm,3.755196979527912
uipme,3.755196979527912
uit,4.724597536716015
uiti,4.724597536716015
uitin,4.724597536716015
uitm,4.724597536716015
uitme,4.724597536716015
ula,4.349904087274605
ulat,4.414442608412176
ulati,4.819907716520341
ulato,5.330733340286331
uli,4.03145035615607
ulin,4.03145035615607
uling,4.03145035615607
ult,3.9036169846461855
ulta,4.28927946545817
ultan,4.28927946545817
ulti,6.0238805208462765
ultu,5.04305126783455
ultur,5.04305126783455
uma,4.483435479899128
uman,4.483435479899128
uman ,4.483435479899128
ume,3.6567569067146595
umen,3.6567569067146595
ument,3.6567569067146595
und,3.5115748968701617
und ,3.5115748968701617
ung,6.0238805208462765
ung ,6.0238805208462765
uni,3.2723452078043276
unic,3.8643962714929043
unica,3.8643962714929043
unit,4.178053830347945
uniti,5.04305126783455
unity,4.637586159726386
univ,5.513054897080286
unive,5.513054897080286
unl,6.0238805208462765
unlo,6.0238805208462765
unloa,6.0238805208462765
uns,5.330733340286331
unse,5.330733340286331
unsel,5.330733340286331
unt,3.9444389791664403
unt ,5.176582660459073
unte,4.9252682321781664
untee,5.176582660459073
unter,6.0238805208462765
unti,4.819907716520341
untin,4.819907716520341
up ,4.414442608412176
"up,",5.513054897080286
"up, ",5.513054897080286
upe,4.126760535960395
uper,4.126760535960395
uperv,4.126760535960395
upp,3.408920742810078
uppl,4.232121051618222
uppli,6.0238805208462765
upply,4.349904087274605
uppo,3.9869985935852363
uppor,3.9869985935852363
ur ,5.330733340286331
ural,4.557543452052849
ural ,4.557543452052849
uran,4.637586159726386
urant,4.637586159726386
urato,6.0238805208462765
urc,3.6567569067146595
urce,3.755196979527912
urces,3.755196979527912
urch,5.736198448394496
urcha,5.736198448394496
ure,2.9481055396187488
ure ,5.736198448394496
urer,5.330733340286331
urer ,5.330733340286331
ures,3.062049798967967
ures ,4.232121051618222
"ures,",3.338303175596125
uri,3.9444389791664403
urin,4.724597536716015
uring,4.724597536716015
uris,6.0238805208462765
urit,4.557543452052849
urity,4.557543452052849
urn,6.0238805208462765
urna,6.0238805208462765
urnal,6.0238805208462765
urs,5.330733340286331
urse,5.736198448394496
urser,6.0238805208462765
ursi,5.736198448394496
ursin,5.736198448394496
us ,4.9252682321781664
use,4.9252682321781664
use ,5.330733340286331
user,6.0238805208462765
user ,6.0238805208462765
usi,2.4129626082020517
usic,5.513054897080286
usic ,5.736198448394496
usin,2.44966397505248
usine,2.9481055396187488
using,3.028148247292285
ust,4.483435479899128
usto,4.9252682321781664
ustom,4.9252682321781664
ustr,5.513054897080286
ustra,6.0238805208462765
ustri,6.0238805208462765
ute,4.03145035615607
uter,4.28927946545817
uter ,4.349904087274605
utes,5.330733340286331
utes ,5.513054897080286
uti,2.91780019012342
utin,3.152200895962264
uting,3.152200895962264
utio,4.483435479899128
ution,4.483435479899128
uto,6.0238805208462765
utor,6.0238805208462765
utor ,6.0238805208462765
uty,6.0238805208462765
uty ,6.0238805208462765
vac,4.557543452052849
vacy,4.557543452052849
vacy ,4.557543452052849
val,2.9793580831228534
valu,2.995358424469295
valua,3.0116189453410747
vat,5.513054897080286
vati,5.513054897080286
vatin,5.736198448394496
ve ,2.3350010667323398
veh,5.330733340286331
vehi,5.330733340286331
vehic,5.330733340286331
vel,2.2704625455947687
velo,2.2704625455947687
velop,2.2704625455947687
ven,2.9029851043382795
vent,2.9029851043382795
vent ,5.176582660459073
vents,2.91780019012342
ver,4.557543452052849
ver ,5.736198448394496
veri,6.0238805208462765
verif,6.0238805208462765
vers,5.513054897080286
versi,5.513054897080286
vert,5.736198448394496
verti,5.736198448394496
ves,5.736198448394496
vest,6.0238805208462765
vic,2.2472954863132344
vice,2.2472954863132344
vice ,4.28927946545817
"vice,",4.724597536716015
vices,2.368902618408021
vid,2.36031887471663
vidi,2.995358424469295
vidin,2.995358424469295
vidu,3.0116189453410747
vidua,3.0116189453410747
vin,3.5671447480249725
ving,3.5671447480249725
ving ,3.5671447480249725
vir,5.736198448394496
viro,5.736198448394496
viron,5.736198448394496
vis,2.537525330843814
visi,3.152200895962264
visin,3.152200895962264
visio,6.0238805208462765
viso,6.0238805208462765
visor,6.0238805208462765
visu,3.2723452078043276
visua,3.2723452078043276
vit,2.55814461804655
viti,3.0449553656086668
vitie,3.0449553656086668
vity,3.408920742810078
vity ,3.755196979527912
"vity,",4.557543452052849
voc,3.596132284898225
voca,3.596132284898225
vocat,3.596132284898225
vol,5.176582660459073
volu,5.176582660459073
volun,5.176582660459073
wai,4.483435479899128
wait,4.483435479899128
waite,4.483435479899128
waitr,4.483435479899128
war,4.724597536716015
ware,4.819907716520341
ware ,5.513054897080286
"ware,",6.0238805208462765
wareh,5.736198448394496
web,5.330733340286331
web ,5.330733340286331
wel,4.232121051618222
welc,4.232121051618222
welco,4.232121051618222
win,5.330733340286331
wing,5.330733340286331
wing ,5.513054897080286
wit,2.7786873876607023
witc,6.0238805208462765
witch,6.0238805208462765
with,2.8050046959780754
with ,2.8050046959780754
wom,6.0238805208462765
woma,6.0238805208462765
woman,6.0238805208462765
woo,5.736198448394496
wood,5.736198448394496
woode,5.736198448394496
wor,2.343369316402857
word,5.736198448394496
word ,5.736198448394496
work,2.3518081850487214
work ,3.9444389791664403
worke,3.9444389791664403
worki,4.349904087274605
works,2.791759469228055
wri,3.538973871058276
writ,3.538973871058276
write,5.330733340286331
writi,3.538973871058276
xec,3.152200895962264
xecu,3.152200895962264
xecut,3.152200895962264
xin,6.0238805208462765
xing,6.0238805208462765
xing ,6.0238805208462765
xpe,5.736198448394496
xper,5.736198448394496
xpert,5.736198448394496
xte,4.724597536716015
xter,4.724597536716015
xteri,4.724597536716015
xti,5.736198448394496
xtil,5.736198448394496
xtile,5.736198448394496
"y, ",3.9444389791664403
yee,5.330733340286331
yee ,5.330733340286331
yer,6.0238805208462765
yer ,6.0238805208462765
yin,2.91780019012342
ying,2.91780019012342
ying ,2.91780019012342
you,5.736198448394496
youn,6.0238805208462765
young,6.0238805208462765
ys ,3.4589311633847397
ysi,2.703652201717788
ysic,3.9869985935852363
ysica,3.9869985935852363
ysin,3.0449553656086668
ysing,3.0449553656086668
ysis,5.513054897080286
ysis ,5.513054897080286
ysit,5.736198448394496
ysitt,5.736198448394496
yst,4.03145035615607
yst ,5.330733340286331
yste,4.232121051618222
ystem,4.232121051618222
ywr,6.0238805208462765
ywri,6.0238805208462765
ywrit,6.0238805208462765
zar,5.736198448394496
zard,5.736198448394496
zardo,5.736198448394496
