role_id,skill_id,skill_name,skill_type,importance
M121106,00920055-eb50-4cb8-a23d-3deedbf3753e,Enterprise Risk Management,technical,100
M121106,0d564cb6-98ef-4c18-9392-dd69e6724cbf,Risk Transfer,technical,100
M121106,0efbe2dc-2770-47ec-b8f4-d1bdff6ac0a4,Advise on Risk Management,technical,100
M121106,1c08d63d-1c5e-4b9b-ad3e-f7ba7debb2d1,Forecast Organisational Risks,technical,100
M121106,3d3ee5c3-4286-457f-9f76-1704011f7e11,Comply with Legal Regulations,technical,100
M121106,64bd4157-5df0-4166-8259-ede237dd7cdf,Estimate Impact of Risks,technical,100
M121106,66db424f-2abe-420d-8e5b-186607266b61,Corporate Social Responsibility,technical,100
M121106,6eff134b-e34f-4d6e-a6e8-5e47cf2228d0,Risk Management,technical,100
M121106,701f0a7d-1be9-4e98-b985-2652b2bf327a,Risk Financing Techniques,technical,100
M121106,773e217c-8b21-4d8c-b384-68752a2243a9,Quantitative Risk Analysis Techniques,technical,100
M121106,7e7bbf72-2bfb-49c2-a341-04c02932f916,Define Risk Policies,technical,100
M121106,873f205a-05f8-45f8-b544-fe963a3edc1e,Address Identified Risks,technical,100
M121106,8744f28f-59a9-45af-8ef6-6944cb5a1473,Risk Identification,technical,100
M121106,8804d963-5a31-4609-b5df-f741b7199fb7,Internal Auditing,technical,100
M121106,88ec9e5e-8798-475d-81a3-dd5ea7e96215,Qualitative Risk Analysis Techniques,technical,100
M121106,91816e1a-d026-4d21-9b1c-59ca5cf488de,Analyse Internal Factors of Companies,technical,100
M121106,96a893b6-4520-4daa-89c1-b79487505da2,Key Risk Indicators,technical,100
M121106,ce5b1446-b5e3-4f05-a5ac-83f2ee142a44,Analyse External Factors of Companies,technical,100
M121106,d7b66759-c40c-44de-9f31-9418f84e10c5,Assess Risk Factors,technical,100
M121106,ee7f90cc-922e-4da7-a7ae-83c2688fed10,Align Efforts Towards Business Development,technical,100
M121106,f14ff4b7-be1e-4b55-b39b-520005f8a97e,Liaise with Managers,technical,100
M121106,f2c63b7a-ed6c-4890-9f8c-7685d172624c,Implement Corporate Governance,technical,100
M121106,f5bf985b-ac78-4d23-881a-18a359234528,Corporate Sustainability,technical,100
M121106,f5f5b244-6cea-4fbc-8a50-8f712791bc09,Follow Company Standards,technical,100
M121106,f60c9e52-95fc-4ca1-a73c-18a491153b63,Make Strategic Business Decisions,technical,100
M121106,f780a6ad-b01e-4c35-9746-af8fc0c5ad06,Apply Crisis Management,technical,100
M121106,fce3268c-c944-4a5f-8b9c-034a72d5df13,Types of Insurance,technical,100
M131111,079079fd-7918-491b-8302-34bec3e10d5d,Respond to Visitor Complaints,technical,100
M131111,1c34d5c8-68d9-4cb2-9a38-5ca95652bf86,Organise Zoological Exhibitions,technical,100
M131111,21c5790c-0930-4d74-b3b0-84caf5af12ea,Manage Budgets,technical,100
M131111,27e8f919-3ae1-42fc-b1e0-7d8f9ed972a7,Zoo Regulations,technical,100
M131111,2de4572a-4724-4f76-afc2-72a568a264ac,Speak Different Languages,technical,100
M131111,3e56a2b6-6316-4de9-9a56-e5f87359ca72,Zoo Community,technical,100
M131111,3f24d74c-a8b6-425e-b197-85757cf657da,Develop Visitor Engagement Strategies,technical,100
M131111,478e8a68-eda7-4c1a-9fc3-32ef14c7d40a,Read Zoo Reports,technical,100
M131111,6c870993-9341-438b-91c0-c7fe4f96d8f5,Apply Strategic Thinking,technical,100
M131111,6f5850ea-5785-4e2c-b062-743066fd5bdb,Environmental Legislation,technical,100
M131111,75e48971-3242-4ea5-a1ba-4deec48ad41c,Manage Teamwork,technical,100
M131111,936bac96-56cf-4a5a-a693-3cf69715c06e,Oversee Animal Management,technical,100
M131111,953445c0-4770-4be0-91cf-270a64c0e297,Implement Strategic Management,technical,100
M131111,cd5efa8c-e44d-4cbc-91c6-796018dbed68,Perform Project Management,technical,100
M131111,dc9a236c-c640-43c3-812f-269403591edb,Customer Relationship Management,technical,100
M131111,dffed0c4-0de5-437c-90d6-a1619eacc05e,Speak About Your Work in Public,technical,100
M131111,e25a23f4-c956-4d04-88f0-116157fd0726,Work Effectively with Animal-Related Organisations,technical,100
M131111,f120ad8f-dab4-4fa5-bbd8-b031d60cbfbf,Manage Zoo Staff,technical,100
M131111,f35fa66a-32bd-4be2-be62-786ba5ade441,Zoo Exhibit Design,technical,100
M131114,118796d8-28a3-4865-bcd0-d037f4abcc0f,Coordinate Greenhouse Environment,technical,100
M131114,14026826-61f5-4476-a217-4e4d62e86b4f,Quality Criteria for Storage Facilities,technical,100
M131114,188ad0ce-1703-4d41-801b-201d739aeede,Maintain Storage Facilities,technical,100
M131114,237db40b-4600-47c0-837f-4a2c4f3014ab,Project Management Principles,technical,100
M131114,2e4e8114-e579-453d-918e-b0262818ab76,Harvest Crop,technical,100
M131114,3419fac9-575d-4492-a018-edff6f4dae26,Environmental Legislation in Agriculture and Forestry,technical,100
M131114,44e5dcba-0731-493b-848f-a7d2a256ba8e,Supervise Horticultural Crews,technical,100
M131114,4ca83b9d-afa0-49f8-b7af-e4e6a42ad299,Crop Production Principles,technical,100
M131114,5a8d4d8c-ff64-4f82-945e-ec6f56e05cbe,Supervise Hygiene Procedures in Agricultural Settings,technical,100
M131114,624fd970-2877-4290-9c01-0dedd5735bfe,Greenhouse Types,technical,100
M131114,6c1143b7-1a4c-49ba-849a-ae328673e566,Soil Structure,technical,100
M131114,6dc2dfac-3e21-44dd-a71c-9a1c8fe2514c,Make Independent Operating Decisions,technical,100
M131114,70f89c90-0290-4fbb-a91a-d433a5f28b15,Monitor Fields,technical,100
M131114,73997f48-cd9d-4724-872d-86ecbb2ed9a2,Plant Species,technical,100
M131114,798d427e-51b3-4cd4-8b24-1357015e9ae7,Optimise Production,technical,100
M131114,7b3717e4-e963-44e0-b94f-1088a7242da0,Nurse Plants,technical,100
M131114,81f53835-1dfe-4819-8bc1-01d9b647add8,Types of Storage Facilities,technical,100
M131114,844e9480-7aef-49f6-9260-d88c27249241,Propagate Plants,technical,100
M131114,92721092-fe7c-4689-96bd-4f02385bc0e7,Manage Contracts,technical,100
M131114,94812554-043f-4ffd-838e-583eccf3e297,Watering Principles,technical,100
M131114,949fe489-274a-4ce5-8c00-334b46b144e3,Operate Horticulture Equipment,technical,100
M131114,9b115fce-f6ee-4d20-96f5-847fc6b11c6b,Maintain the Greenhouse,technical,100
M131114,9d75efb9-0c77-4f86-b5e7-99100808564a,Pest Control in Plants,technical,100
M131114,a5f836cc-7e6d-4f3d-a7ee-0146ebb84260,Create Soil and Plant Improvement Programmes,technical,100
M131114,a8f1c3cf-bd8b-4c85-80d3-c69955f6bd00,Pruning Techniques,technical,100
M131114,af9b6098-7d2f-4990-b4eb-d7dd73fdb933,Prune Plants,technical,100
M131114,b4db1a85-2488-4dc9-bd53-3dcb3f9deac7,Fertilisation Principles,technical,100
M131114,b8931778-5f34-41a3-8200-b52357f70e74,Plant Harvest Methods,technical,100
M131114,b9f621b2-fecb-417c-98ca-802cbf0ba0b9,Store Crops,technical,100
M131114,c5f255ef-02d3-4ab0-a652-2bf055d1d493,Grow Plants,technical,100
M131114,d5145a9a-602e-40bf-b3e1-f04cf9c3ef86,Leadership Principles,technical,100
M131114,dcb01a4f-720a-480f-b61a-11a1286d56f3,Horticulture Principles,technical,100
M131114,e1479957-1606-4dbd-90f7-4c46c615936c,Prepare Planting Area,technical,100
M131114,e693138a-842f-4d9f-9aa5-bf515605c359,Ensure Soil Fertility,technical,100
M131114,e85cff6b-ee0e-4106-98f0-b57b39a2ea3f,Execute Disease and Pest Control Activities,technical,100
M131114,f2f463e5-2382-49cb-8199-e7e043d868df,Health and Safety Regulations,technical,100
M131114,f36dff27-a70e-4c23-b2de-e2dffe84adbf,Plant Propagation,technical,100
M131114,f675d28f-9e1f-4938-ae49-c1d07f902fed,Store Products,technical,100
M131114,f8460277-3c9a-4be4-b203-600a2a295f47,Plant Disease Control,technical,100
M131114,fdc388ba-c8f4-4455-a55f-ffdf29b05f5f,Use Agricultural Information Systems and Databases,digital,100
M131114,fe82195e-af26-4156-b554-c724b28fb2fb,Pruning Types,technical,100
M131202,0524a62d-96bb-45f5-b7c6-baacbef31af9,Fish Grading,technical,100
M131202,0a43729f-2a79-4dae-9faa-95520daae79f,Apply Company Policies,technical,100
M131202,1ba35185-09cc-4b54-a3c5-57b87be4d9d1,Compare Production Forecasts with Actual Results,technical,100
M131202,20cafa47-c3e5-4ab6-83dc-f948183a38fc,Fishing Industry,technical,100
M131202,2234f499-aae9-4a7a-9d41-3aaa5cd98c07,Plan Aquatic Resources Feeding Regimes,technical,100
M131202,29d37533-c151-40a2-82f1-7f65f2548f6e,Fish Harvesting Methods,technical,100
M131202,2a2e85d7-75cc-40b4-8a34-82277d72eb84,Supervise Waste Disposal,technical,100
M131202,31032902-0909-44ac-a8e7-b6b1d5f52149,Manage a Small-to-Medium Business,technical,100
M131202,49212efd-acf0-4257-a011-e07c9e369ecf,Animal Welfare Legislation,technical,100
M131202,4ba6ac71-22ca-4e65-8aaa-7a065fc3deda,Aquaculture Reproduction,technical,100
M131202,6c6da46c-c939-488c-8055-006b11d4ed1a,Monitor the Use of Resources in Production,technical,100
M131202,6f5850ea-5785-4e2c-b062-743066fd5bdb,Environmental Legislation,technical,100
M131202,7376894b-6c71-495c-bbe4-8b373f2ec5a6,Fish Biology,technical,100
M131202,7493634f-30ea-4f2f-8fd4-c78b4a309bf7,Fresh Water Ecosystems,technical,100
M131202,75e48971-3242-4ea5-a1ba-4deec48ad41c,Manage Teamwork,technical,100
M131202,834b8673-1498-4423-b748-7bb6dc312169,Manage Aquatic Resources Stock Production,technical,100
M131202,8c3e63aa-b645-4fc7-ae8a-823dea0930bd,Shellfish Cultivation Systems,technical,100
M131202,918f5211-b99f-4b29-9a34-6e475583ef55,Write Work-Related Reports,technical,100
M131202,9a0c96a2-8ffb-4384-b9e8-8928e7f86e23,Control Aquatic Production Environment,technical,100
M131202,9fc8af29-f33f-4e80-8a23-11e258c910ab,Rates of Growth Assessment,technical,100
M131202,a0b6f2b8-0f41-420d-9d7b-942026f83b50,Aquaculture Production Planning Software,digital,100
M131202,a30bc8c8-1d7a-4629-82fc-24a0c07a30a2,Develop Stock Health Programmes,technical,100
M131202,a3ff9653-a07e-428b-9ae8-1af2f864cae8,Design Principles of Containment Systems,technical,100
M131202,ab1f5998-7ee8-4123-a420-7e96fb8de143,Develop Management Plans to Reduce Risks in Aquaculture,technical,100
M131202,ab927ee8-acd9-41c2-aef0-2020364a1003,Principles of Insurance,technical,100
M131202,acf62e14-76eb-4ada-bb09-7570006f4d59,Deliver Aquatic Products to Customer Specifications,technical,100
M131202,b229114a-01d3-46f3-95db-d71230ea085a,Implement Contingency Plans for Escapees,technical,100
M131202,c16a14d7-55f2-4505-ae72-de7a9b3cd7e0,Monitor Growth Rates of Cultivated Fish Species,technical,100
M131202,c5e3bd7d-670b-4579-beab-a2c66e72e9b5,Quality Standards Applicable to Aquaculture Products,technical,100
M131202,c96c2080-1654-4787-a2bf-895d0adc31c9,Escapee Contingency Plans,technical,100
M131202,ca2a7a85-43cf-43c0-b703-f18fed7dfba5,Husbandry and Harvesting Effects on Aquatic Resources,technical,100
M131202,cd5efa8c-e44d-4cbc-91c6-796018dbed68,Perform Project Management,technical,100
M131202,d483ae95-5f25-4601-ba97-113bbb7a31b0,Monitor the Farm Environmental Management Plan,technical,100
M131202,d62755fd-2b38-45b8-aed6-22b4cb36f8c8,Supervise Aquaculture Facilities,technical,100
M131202,e71e0f4d-4ae7-42c9-bf71-ca5126727477,Treat Fish Diseases,technical,100
M131202,f17a8366-5d5d-44b1-9cc8-94c605ef9b8e,Ensure Aquaculture Personnel Health and Safety,technical,100
M131202,f49df8e2-f451-49aa-9aa9-b21b2afdbb87,Biosecurity,technical,100
M131202,fcc29203-1f8d-4c54-90ee-78cb18467695,Supervise Waste Water Treatments,technical,100
M131202,fd199f25-cb19-4195-9cc4-dd34746ce3f3,Provide on-Site Training in Aquaculture Facilities,technical,100
M132104,0dc8813a-cebd-4a42-acc8-9a7c4e6e3663,Test Procedures in Electricity Transmission,technical,100
M132104,0e8d16c9-e2db-4862-ac06-1567f01ef806,Building Systems Monitoring Technology,digital,100
M132104,2179e0fd-7431-41a3-bbf4-76451c615ce2,Inspect Electrical Supplies,technical,100
M132104,2206af0c-3deb-48c5-a544-b9983d347da3,Answer Requests for Quotation,technical,100
M132104,2bbdea06-a265-42b5-bb4f-7241b661f069,Electromechanics,technical,100
M132104,3892f2ff-714e-4201-823d-5d6fc5bab621,Check Compatibility of Materials,technical,100
M132104,44e2c4c4-9fd2-42d4-a133-d81360ded4bc,Manage Health and Safety Standards,technical,100
M132104,44f6a65f-6be7-4818-9a66-73908797283f,Monitor Stock Level,technical,100
M132104,4fa2d6ba-4fff-4f21-bddd-4a54ae840955,Work in a Construction Team,technical,100
M132104,50f2d23c-b3fb-48a5-967b-14fd0a6dd205,Inspect Construction Supplies,technical,100
M132104,6181f475-110c-497c-a46d-ed2e14e7bc90,Ensure Compliance with Construction Project Deadline,technical,100
M132104,69f23426-9279-4fe6-a283-24c2aa4c855d,Ensure Equipment Availability,technical,100
M132104,7c05199f-7b03-4a4a-afee-7c9dfcf9066a,Plan Resource Allocation,technical,100
M132104,85aa1871-db96-42f7-801f-c39f924de2d7,Plan Shifts of Employees,technical,100
M132104,86df7af2-f9f3-4c06-a500-7f1fba9e78fe,Follow Health and Safety Procedures in Construction,technical,100
M132104,8a98707e-b2ee-48fe-9f36-e47e3555ecf7,Evaluate Employees Work,technical,100
M132104,95c35c3a-035f-47c2-90cf-7e934d20fc08,Electronics,digital,100
M132104,9601b2a8-68e4-4906-9306-a23679b8f0b0,Supervise Staff,technical,100
M132104,9f1bd2a4-91af-4b60-aeb3-0fe1f4434966,Order Construction Supplies,technical,100
M132104,a3e0224a-c952-4b4e-b664-d7186f62715b,Process Incoming Construction Supplies,technical,100
M132104,baf501a8-f0fe-4ad7-9b69-8e920fa1a87b,Test Electronic Units,technical,100
M132104,be7c80ee-0b7a-455c-8928-055cfa65076c,React to Events in Time-Critical Environments,technical,100
M132104,c643e59b-d74c-4f44-b76e-6e1d96c05ec4,Use Safety Equipment in Construction,technical,100
M132104,c8ac1986-38fa-43b2-89dc-50a4beeb420e,Electricity,technical,100
M132104,ccfbdaad-b91d-4bfe-bd0e-d30b33587f19,Keep Records of Work Progress,technical,100
M132104,d15e92c4-c8dc-48cd-a1f6-94fe13347f87,Electrical Wiring Plans,technical,100
M132104,f14ff4b7-be1e-4b55-b39b-520005f8a97e,Liaise with Managers,technical,100
M132109,020b3c27-bae1-4b85-9d6f-eccee0f5ed99,Manage Supplies,technical,100
M132109,05c00631-b864-4842-b47e-06710c197c7a,Coordinate Manufacturing Production Activities,technical,100
M132109,12c7b323-d870-4f5b-9d7d-d9f525206d77,Production Processes,technical,100
M132109,21c5790c-0930-4d74-b3b0-84caf5af12ea,Manage Budgets,technical,100
M132109,28ad7c97-9fb3-4b1d-846a-654e529ab8ac,Sustainable Manufacturing,technical,100
M132109,2a2fa8e8-aaf3-4abf-a60b-af6415f1c6d4,Strive for Company Growth,technical,100
M132109,2a778aeb-f246-4f03-9a96-c60183001037,Schedule Production,technical,100
M132109,339ac029-066a-4985-9f9d-b3d7c8fea0bb,Manage Staff,technical,100
M132109,37520413-563e-4d99-a14c-1c6dca3cf833,Create Manufacturing Guidelines,technical,100
M132109,3786b61f-f22e-48d1-af8d-ad4c354534db,Manufacturing Processes,technical,100
M132109,435d1751-8667-41ec-8b32-865b7cd3c684,Manage Production Enterprise,technical,100
M132109,46e1b714-94f4-462d-88e6-31f442708812,Define Manufacturing Quality Criteria,technical,100
M132109,764db027-9063-4468-acb3-c73ecfc76f35,Develop Manufacturing Policies,technical,100
M132109,798d427e-51b3-4cd4-8b24-1357015e9ae7,Optimise Production,technical,100
M132109,7d0f33ea-e724-4d77-8b75-ee4fe66bb9ba,Plan Manufacturing Processes,technical,100
M132109,82fea746-853f-4f1b-8ab7-55de8619cccd,Lean Manufacturing,technical,100
M132109,91abe492-18be-4cce-93c7-0dca07072363,Meet Deadlines,technical,100
M132109,aa238394-8126-4ada-be2f-9dfe065cf314,Adhere to Organisational Guidelines,technical,100
M132109,b3a75400-103f-42c7-b742-be11d161d05b,Manage Production Systems,digital,100
M132109,f1b5800e-b763-4740-9586-3fef30568e81,Analyse Production Processes for Improvement,technical,100
M132109,f5f5b244-6cea-4fbc-8a50-8f712791bc09,Follow Company Standards,technical,100
M151108,1e7ed56a-6d6b-422f-962e-38543d150755,Manage Changes in ICT System,digital,100
M151108,21c5790c-0930-4d74-b3b0-84caf5af12ea,Manage Budgets,technical,100
M151108,248894d1-42dc-474f-af6e-2da52ac0c679,Define Technology Strategy,technical,100
M151108,2c28fc20-8a60-4311-8899-5ef8729c05b3,Design Process,digital,100
M151108,2d140a3a-45a6-4248-80dd-b3760ebc9cc6,Operations Management,technical,100
M151108,2fb8480e-de3c-462b-b169-e8bbb344da68,Innovation Processes,technical,100
M151108,339ac029-066a-4985-9f9d-b3d7c8fea0bb,Manage Staff,technical,100
M151108,397da142-ab35-48fe-b154-7c38f447adfb,Digital Systems,digital,100
M151108,3cd35f5d-ce6d-4f14-9a09-53d7a28d834c,Maintain Relationship with Suppliers,technical,100
M151108,415abd43-e8e5-4643-b5da-5f11307af57a,Use Different Communication Channels,technical,100
M151108,5d34adde-0b78-42b4-9d3d-69e9388d8398,Oversee Quality Control,technical,100
M151108,6430eb0d-c6de-46b7-a7fc-3dd2e8e62a69,Use ICT Ticketing System,digital,100
M151108,751941a0-5645-4f8b-b97e-b252909d5edb,Develop ICT Workflow,digital,100
M151108,75b30aeb-34c0-40f4-b77d-271d75a98b14,Improve Business Processes,technical,100
M151108,7f0b1a66-ebaf-4c8a-b606-4c1844eb692e,Attend to ICT Systems Quality,digital,100
M151108,8dcbcabe-09f7-4d11-940d-125af57bbc40,Track Key Performance Indicators,technical,100
M151108,cd5efa8c-e44d-4cbc-91c6-796018dbed68,Perform Project Management,technical,100
M151108,e54ff029-1ce9-447d-a5b2-eb7283a23e6e,Train Employees,technical,100
M151119,05bc7677-5a64-4e0c-ade3-0140348d4125,Organise Rehearsals,technical,100
M151119,271a36a0-bc7a-43a9-ad29-0a3f3cac4e57,Write Risk Assessment on Performing Arts Production,technical,100
M151119,47ed1d37-971b-472c-86be-26f893991274,Coordinate with Creative Departments,technical,100
M151119,591dd514-735b-46e4-a28d-3a4c42f49b72,Adapt to Artists' Creative Demands,technical,100
M151119,860be36a-d19b-4ba8-ae74-bc61b9f0bf63,Negotiate Health and Safety Issues with Third Parties,technical,100
M151119,892f8e2f-189a-41d5-a4b6-b8e2afb99974,Adapt Designers’ Work to the Performance Venue,technical,100
M151119,93a68dcb-3dc6-4dbe-b196-f6d212228a50,Promote Health and Safety,technical,100
M151119,f64fe2c2-d090-4e91-ba74-1355d96b9bca,Coordinate Technical Teams in Artistic Productions,technical,100
M151119,fed5b267-73fa-461d-9f69-827c78beb39d,Theatre Techniques,technical,100
M151124,0cc9c234-f817-4f4c-908a-4d28fe3b0f4a,Coach Employees,technical,100
M151124,0daaf096-1639-461c-bf1a-bbeea77e6b67,Internal Risk Management Policy,digital,100
M151124,0ee94af1-b445-4973-9c3f-459fab250342,Apply Conflict Management,technical,100
M151124,1dd23dba-dd00-45ab-abf4-642902538317,Perform Risk Analysis,technical,100
M151124,21c5790c-0930-4d74-b3b0-84caf5af12ea,Manage Budgets,technical,100
M151124,21fecc8a-392e-49ce-ac26-fb0696ccfead,Create Project Specifications,technical,100
M151124,22902bf9-cc3f-495b-811a-c441e28e23f6,Manage Project Information,technical,100
M151124,248894d1-42dc-474f-af6e-2da52ac0c679,Define Technology Strategy,technical,100
M151124,339ac029-066a-4985-9f9d-b3d7c8fea0bb,Manage Staff,technical,100
M151124,3c76296d-4bbd-44ba-8eaa-95bf275f79b7,Manage ICT Project,technical,100
M151124,48b68726-0fd6-4e03-a5eb-82236516ee7a,Provide Cost Benefit Analysis Reports,technical,100
M151124,496932f1-0b6b-4f73-9432-d95c7ddcd43b,Recruit Employees,technical,100
M151124,4df7a57a-9405-4995-8e02-4ca404832247,Manage Project Changes,technical,100
M151124,5da3c765-10a3-49eb-934c-ec401ceb1a34,Analyse Business Plans,technical,100
M151124,8300443c-c793-4102-bff5-aa917a0cb39f,Define Roadmap for Blockchain in Applications,digital,100
M151124,8d4271ca-c9fd-40b3-875f-15f78332a49e,Quality Standards,technical,100
M151124,93b22bbf-ece1-4e2d-8d47-0c9392c5a4fd,Develop Blockchain Technology,digital,100
M151124,94dd823c-148e-4614-a6e8-99249b16357d,ICT Project Management,digital,100
M151124,b9bf9e17-ae47-417b-bbb1-e8b7c263ccac,Identify Legal Requirements,technical,100
M151124,bec4359e-cb92-468f-a997-8fb28e32fba9,ICT Project Management Methodologies,digital,100
M151124,cd5efa8c-e44d-4cbc-91c6-796018dbed68,Perform Project Management,technical,100
M151124,dc72ad0a-c5dc-4abd-bc0d-ca43e82162e1,Build Business Relationships,technical,100
M151124,e207163b-7963-4c3e-9494-7a4bb000211b,Estimate Duration of Work,technical,100
M151124,e54ff029-1ce9-447d-a5b2-eb7283a23e6e,Train Employees,technical,100
M151124,f5dd06b8-5d17-4932-9d03-957d0c4f5051,Perform Resource Planning,technical,100
M151124,fc94266b-322d-4f1d-87a0-03f999e72344,Blockchain Mining Principles,digital,100
M161202,0450eaee-1a00-4622-8f4e-5356fce816d2,Hygiene in a Health Care Setting,technical,100
M161202,049c8caf-dd12-45fc-9bfa-b64051f32a19,Respond to Changing Situations in Health Care,technical,100
M161202,092f44f6-8631-460c-a862-f79f5c15dc03,Delegate Emergency Care,technical,100
M161202,097098fc-6d89-44e9-9305-98ac5c0a78ac,Educate on the Prevention of Illness,technical,100
M161202,0b5aaee4-c948-4853-bf8d-b9cd6c4917ee,Inform Policy Makers on Health-Related Challenges,technical,100
M161202,1023ac61-250f-4eef-b7a9-238cf071685f,Provide Professional Care in Nursing,technical,100
M161202,13724e7d-b946-4773-915e-9621340237bc,Contribute to Continuity of Health Care,technical,100
M161202,16636767-c215-4cf0-b126-e144fea20926,Use E-Health and Mobile Health Technologies,digital,100
M161202,1709f408-9965-489b-9805-8e1e5d9e483b,Health Care Legislation,technical,100
M161202,1b3370df-c280-470c-ac35-951f42ca8b19,Promote a Positive Image of Nursing,technical,100
M161202,1d4b74b0-1a48-48ec-a3cd-26cca0c212a3,Biological Chemistry,technical,100
M161202,2475cd27-8d6c-4318-a364-21395b23acba,Empathise with the Healthcare User,technical,100
M161202,27a638bc-6362-45f8-afce-5596a606269b,Impact of Social Contexts on Health,technical,100
M161202,2b1ce548-4e16-45fb-bfb2-f3141c8efe8d,Patient Autonomy,technical,100
M161202,2d6904db-9e16-42a5-bc12-c5acb8bfab18,Safe Management of Medicines,technical,100
M161202,441707bb-9ad3-406c-9975-a6bec96f537b,"Empower Individuals, Families and Groups",technical,100
M161202,46003629-a579-4d0a-b3ea-80ef890699d6,Diagnose Nursing Care,technical,100
M161202,4be3c34e-47ba-4881-ac74-8bd244e0b04c,Participate in Health Personnel Training,technical,100
M161202,4f7b14d8-f09c-49f7-abae-231e8c210e07,General Medicine,technical,100
M161202,508f3b4c-799a-4742-b3ae-75f2ff11153d,Surgery,technical,100
M161202,516e324b-03fc-4d3b-9986-e46e9834cd43,Implement Fundamentals of Nursing,technical,100
M161202,51e53aff-6f8a-42ca-9cb9-47335130f4d7,Human Physiology,technical,100
M161202,51e79cb4-fab3-404c-88f3-cd4a1bd5879e,Deal with Emergency Care Situations,technical,100
M161202,52047630-b880-4939-bb19-6700187af031,Adolescence Medicine,technical,100
M161202,52c19dc8-651f-4095-98fe-dcb2799d702e,Geriatrics,technical,100
M161202,54411e8e-d62f-46d8-b87b-fce23f8e3bc8,Disability Care,technical,100
M161202,572c3e87-61ed-4271-9c95-148837deae5e,Citizen Involvement in Healthcare,technical,100
M161202,5cc97a45-69fc-4f37-a973-402d5ac561ac,Initiate Life Preserving Measures,technical,100
M161202,5ff6f551-f2a4-4cef-a72d-e81116155a43,Newborn Care,technical,100
M161202,6063652e-22c4-472e-bb96-6e5ec1e7c5de,Provide Nursing Advice on Healthcare,technical,100
M161202,60b2dd49-c677-4f47-816e-aff3b577e113,Provide Health Education,technical,100
M161202,60c544c9-0815-479c-bcec-93c7891815ea,Pharmacology,technical,100
M161202,646d871b-4503-4dc8-a076-06d7085e4cde,Promote Human Rights,technical,100
M161202,6acf652c-33b2-4e28-8f79-1e553f255229,Plan Nursing Care,technical,100
M161202,6c3e28d6-e3cc-4b25-a5da-a0dce043cf17,Manage Information in Health Care,technical,100
M161202,6d13053b-ee35-492c-8976-8178420df398,Infection Control,technical,100
M161202,7110bf9f-b245-4adc-9159-5081013fd64d,Communicate in Healthcare,technical,100
M161202,71480db1-a706-47f9-952f-bdc5036e3df3,Coordinate Care,technical,100
M161202,76395873-7fe2-4f9a-b4b6-9932f8cbd0b4,Follow Clinical Guidelines,technical,100
M161202,78de3e5f-e3ea-4da2-aa09-3704d03ba622,Advise on Healthy Lifestyles,technical,100
M161202,79c012c7-4b09-497e-8152-e73e5d1d3384,Adapt Leadership Styles in Healthcare,technical,100
M161202,7a63f944-6948-4ae4-9c1f-d08e492535c9,Apply Person-Centred Care,technical,100
M161202,8168333b-8257-48f6-82c5-6b5128c21ecc,Person Centred Care,technical,100
M161202,81b6d428-028b-4bf5-89a2-5e5cb4a8c444,Provide Stroke Rehabilitation Services,technical,100
M161202,8232979d-6aa4-40c9-a12b-5152a52a76b8,Advise on Healthcare Users' Informed Consent,technical,100
M161202,848c6821-5578-4104-9060-f1bf75bb3a80,Provide Comprehensive Care for Patients with Surgical Conditions,technical,100
M161202,8671290a-ab17-42c2-9114-adcb741e7257,Paediatrics,technical,100
M161202,8881a9c2-bd07-4954-bf27-c1f8acca9af0,Sociology,technical,100
M161202,8b3aefd2-5021-418f-b069-828fb7abc598,Nursing Principles,technical,100
M161202,8bd49d04-ab2f-4333-b5d9-12d716e4e2f6,Resuscitation,technical,100
M161202,8e0bfbba-6e9d-48e0-b152-2cc949e5022a,Implement Scientific Decision Making in Healthcare,technical,100
M161202,9570e84e-6699-4c9f-9a12-7bc82d53a231,Public Health,technical,100
M161202,98eb1f3b-3480-416b-bd4b-811946f7e347,Comply with Quality Standards Related to Healthcare Practice,technical,100
M161202,9b9244b4-6f62-4834-839b-19e9eba0a407,Acute Care,technical,100
M161202,9c1e94ad-6c81-4fce-bc16-f7cf2e730cf0,Primary Care,technical,100
M161202,9ec4252d-cbe8-4134-88fa-549dee1883f3,Human Anatomy,technical,100
M161202,9fcf9918-fdef-49c3-aedc-518eb1e7e1f5,Comply with Legislation Related to Health Care,technical,100
M161202,a117f32c-662b-4dd9-b739-1230dd04cb60,Pedagogy,technical,100
M161202,a17286c5-238d-4f0b-bc24-29e9121345de,Listen Actively,technical,100
M161202,a28e8141-89ee-4b24-a3bb-1aebcc56c72d,Apply Nursing Care in Long-Term Care,technical,100
M161202,a32e7fb1-af9e-4c09-8ea7-72b7442e9cda,Solve Problems in Healthcare,technical,100
M161202,a46743b7-ff8c-49b6-99f7-7fa5bc241771,Use Electronic Health Records in Nursing,digital,100
M161202,a8d24a95-47b3-4f88-92e7-06600bcd3612,Manage Personal Professional Development,technical,100
M161202,aa238394-8126-4ada-be2f-9dfe065cf314,Adhere to Organisational Guidelines,technical,100
M161202,ae965e49-06f1-442f-87bf-e48fc1e1d8b6,Analyse Quality of Nurse Care,technical,100
M161202,b55f61a4-5f9e-4741-ba95-9ac04b64119b,Work in a Multicultural Environment in Health Care,technical,100
M161202,b729d6bc-326b-46cd-aa63-ea280024b116,Evidence-Based Nursing Care,technical,100
M161202,b9f16465-56a9-426b-a047-0f9f1f95ec92,Address Problems Critically,technical,100
M161202,bc7a6b88-a279-4b6e-ac5e-21666bc51dae,Innovation in Nursing,technical,100
M161202,bcd2ce08-ba12-4d66-865f-f4ba36419707,Promote Inclusion,technical,100
M161202,bfe4f330-d595-48c7-ab3c-f309471d6953,Psychology,technical,100
M161202,c5a80bb0-31e6-4de0-868c-00a0f9b88b47,Palliative Care,technical,100
M161202,c65aa043-98da-4136-9877-494e72d9e4cf,Interact with Healthcare Users,technical,100
M161202,c82f9319-cf46-4257-a8ce-542d0a7fed8f,Provide Treatment Strategies for Challenges to Human Health,technical,100
M161202,ce0d6a42-59c1-433e-ab62-adfc969c46bb,Ensure Safety of Healthcare Users,technical,100
M161202,cf6ca1fc-f2be-4deb-bb35-1fffe4099023,Leadership in Nursing,technical,100
M161202,d15ce60f-ddab-41ce-ba56-398451b77b60,Have Computer Literacy,digital,100
M161202,d3eccb86-f02d-4950-bfbd-20b9510774a1,Apply Organisational Techniques,technical,100
M161202,d429b19a-132f-44d3-971b-bb0ccd94f979,Nursing Science,technical,100
M161202,d93f9e29-9740-4231-8486-13d377b99f05,Develop a Collaborative Therapeutic Relationship,technical,100
M161202,db8a9ba7-96ad-4c53-b552-d4f1570dfefb,Pathology,technical,100
M161202,e18a6a3c-4f26-4141-8c72-4b4f01d77914,Apply Context Specific Clinical Competences,technical,100
M161202,e6bf6e73-230a-434c-97b2-a0c042a8b7ac,Apply Sustainability Principles in Health Care,technical,100
M161202,e98a5096-de98-46d2-88c8-951f4029c038,Evaluate Nursing Care,technical,100
M161202,eba85523-6ad2-4cd9-9b27-a0b6a39b8cfa,Work in Multidisciplinary Health Teams,technical,100
M161202,ed3f3dba-3a35-4ed5-b113-67f4d10ef4c8,Scientific Research Methodology,technical,100
M161202,f190355a-cea5-4cd0-b6cd-a5c3d9a14985,Dietetics,technical,100
M161202,f735e153-1f57-4841-afe9-4712cc740054,Manage Multiple Patients Simultaneously,technical,100
M161202,f7464f30-662b-4177-85a0-3df9693e9e58,First Aid,technical,100
M161202,f90d4810-8bac-4e5e-b870-3e35a4138ff7,Accept Own Accountability,technical,100
M161202,f98e06f5-a09a-4356-b6a8-d55a7d3c5356,Implement Nursing Care,technical,100
M161202,f9f258e3-4728-4107-9e08-293d5d2ef65e,Psychiatry,technical,100
M161210,0aa02c52-077d-45f8-8c2d-7132c11ac16e,Carry out Strategic Research,technical,100
M161210,1a4fdd0e-2cbe-4b77-aa6e-e46efc181b76,Represent the Organisation,technical,100
M161210,20a8fe89-d4eb-4698-8521-8881c13377e0,Interact Professionally in Research and Professional Environments,technical,100
M161210,21056f6a-8a85-4eb0-b709-468578b809e0,Assess the Feasibility of Implementing Developments,technical,100
M161210,21c5790c-0930-4d74-b3b0-84caf5af12ea,Manage Budgets,technical,100
M161210,2ad081e6-0a3f-4612-ac15-7ace75d39e26,Intellectual Property Law,technical,100
M161210,2de4572a-4724-4f76-afc2-72a568a264ac,Speak Different Languages,technical,100
M161210,2fb8480e-de3c-462b-b169-e8bbb344da68,Innovation Processes,technical,100
M161210,339ac029-066a-4985-9f9d-b3d7c8fea0bb,Manage Staff,technical,100
M161210,518dc04d-092d-4fa1-bd82-88b7a9278ef7,Manage Intellectual Property Rights,technical,100
M161210,5da3c765-10a3-49eb-934c-ec401ceb1a34,Analyse Business Plans,technical,100
M161210,66db424f-2abe-420d-8e5b-186607266b61,Corporate Social Responsibility,technical,100
M161210,7111b95d-0ce3-441a-9d92-4c75d05c4388,Project Management,technical,100
M161210,8770350e-746f-4adb-9556-18ca68104be6,Market Research,technical,100
M161210,91816e1a-d026-4d21-9b1c-59ca5cf488de,Analyse Internal Factors of Companies,technical,100
M161210,9a58cd26-58eb-4a1c-b1b6-64037fe9cfa1,Think Abstractly,technical,100
M161210,a8d24a95-47b3-4f88-92e7-06600bcd3612,Manage Personal Professional Development,technical,100
M161210,c544a9f3-5945-4b54-afed-de0697852817,Report Analysis Results,technical,100
M161210,cd5efa8c-e44d-4cbc-91c6-796018dbed68,Perform Project Management,technical,100
M161210,ce5b1446-b5e3-4f05-a5ac-83f2ee142a44,Analyse External Factors of Companies,technical,100
M161210,d207a30b-2f80-4138-9b77-f88d549b8768,Identify New Business Opportunities,technical,100
M161210,d2c81ad1-2439-43cf-9c63-204187b8f771,Mitigate Waste of Resources,technical,100
M161210,d5dbc342-8e39-4998-8237-ebbe05a381ce,Manage Research and Development Projects,technical,100
M161210,de03f4fd-c147-4477-a048-7109e5ba2d6f,Marketing Principles,technical,100
M161210,ec6df9cb-be92-4027-80fa-83b70aabce58,Industrial Research and Development,technical,100
M161210,f715be1d-5fc4-49d3-82a5-0b8090d12849,Synthesise Information,technical,100
M161210,f975091a-e5a5-4472-ac17-11680e53e98f,Seek Innovation in Current Practices,technical,100
M161210,fe39d4db-4cb5-4299-bb9f-896c8fd6ab13,Perform Market Research,technical,100
M213117,02e235f4-a30a-412a-a06e-1c471ad28678,Follow Procedures to Control Substances Hazardous to Health,technical,100
M213117,0450eaee-1a00-4622-8f4e-5356fce816d2,Hygiene in a Health Care Setting,technical,100
M213117,1709f408-9965-489b-9805-8e1e5d9e483b,Health Care Legislation,technical,100
M213117,1bd03b9b-835e-4719-ac20-d2d547840061,Conduct Cancer Screening Tests,technical,100
M213117,1d4975d3-3278-4a35-ab2f-92215876ae73,Perform Gynecological Examination,technical,100
M213117,24513b22-fed9-4f28-9c37-8b4d198b42b6,Recognize Cytologic Abnormalities,technical,100
M213117,26a79a26-7e70-4727-bf1b-eb79febe388a,Label Medical Laboratory Samples,technical,100
M213117,2cb9cefd-5333-4893-ba47-9b38d13f7ec6,Provide Test Results to Medical Staff,technical,100
M213117,41ef4b15-1c8c-488e-9abc-6731d8011312,Examine Cell Specimens Microscopically,technical,100
M213117,499c05a2-6f36-4407-83c1-dc3448d35818,Ensure Public Safety and Security,technical,100
M213117,585593ef-d0a3-47a2-82da-14f26d75d83e,Biosafety in Biomedical Laboratory,technical,100
M213117,66b1758e-0999-44f9-87ab-bf22c8b92b37,Clinical Cytology,technical,100
M213117,6b29b77f-7265-4dae-8309-78077f99ab60,Assist in the Production of Laboratory Documentation,technical,100
M213117,6d13053b-ee35-492c-8976-8178420df398,Infection Control,technical,100
M213117,6f46a3bb-eb18-4c3e-b05b-8b073fceb4fb,Sterilization Techniques,technical,100
M213117,6f571969-3640-4774-a9bc-fd2ef583fdec,Apply Safety Procedures in Laboratory,technical,100
M213117,7110bf9f-b245-4adc-9159-5081013fd64d,Communicate in Healthcare,technical,100
M213117,72aed9bf-33ba-474d-a02e-5ae3de2d5e05,Operate Microscope,technical,100
M213117,76395873-7fe2-4f9a-b4b6-9932f8cbd0b4,Follow Clinical Guidelines,technical,100
M213117,8557f2f8-7ff3-47d8-bdb4-b9608dee906e,Maintain Medical Laboratory Equipment,technical,100
M213117,8b85dc08-df56-49b4-a1dd-69c48ac557dc,Cytopathology,technical,100
M213117,98eb1f3b-3480-416b-bd4b-811946f7e347,Comply with Quality Standards Related to Healthcare Practice,technical,100
M213117,9a7cc3c2-b529-44a4-ab8e-f04fc91362e2,Professional Documentation in Health Care,technical,100
M213117,9c604f80-b430-40f3-8c88-e19e29899dbc,Fine-Needle Aspiration,technical,100
M213117,9fcf9918-fdef-49c3-aedc-518eb1e7e1f5,Comply with Legislation Related to Health Care,technical,100
M213117,b21e2984-c6b2-4352-bbe8-8f3b03bd50f6,Medical Informatics,digital,100
M213117,cde9911c-f92e-4de1-811f-336e177ac4ce,Chemistry,technical,100
M213117,ce086892-462b-45b3-80e7-33bdb5d2db4d,Manage Infection Control in the Facility,technical,100
M213117,deed7f6d-328d-4f67-b74e-9b83180c1c5c,Microscopic Techniques,technical,100
M213117,e0e86af6-ecb7-446b-acdd-d70cf2e7daad,Check the Received Biological Samples,technical,100
M213117,e18a6a3c-4f26-4141-8c72-4b4f01d77914,Apply Context Specific Clinical Competences,technical,100
M213117,eba85523-6ad2-4cd9-9b27-a0b6a39b8cfa,Work in Multidisciplinary Health Teams,technical,100
M213117,ecee574b-4332-4cb4-b81c-d7ac71a0e2e2,Apply Good Clinical Practices,technical,100
M213117,f2af6651-a600-4324-bd90-b22cbcd67068,Tissue Cytogenetics,technical,100
M213117,f8c1295e-6666-4c47-aa1d-4b6936b464d0,Cervical Screening,technical,100
M213117,f90d4810-8bac-4e5e-b870-3e35a4138ff7,Accept Own Accountability,technical,100
M213117,f9f6559c-029a-4586-ab68-02cbc1632b67,Carry out Flow Cytometry,technical,100
M213202,21331900-9d2a-4806-9a0c-a1885e16dc3d,Perform Forest Analysis,technical,100
M213202,23072dbb-e93b-48ab-8756-c64f74aaab26,Apply Forest Legislation,technical,100
M213202,2474e095-309f-4283-b880-6a3a9aec4d34,Assess Harvesting Impact on Wildlife,technical,100
M213202,29c60c96-d71c-4a6e-ad81-fca0a4e48925,Habitat Restoration,technical,100
M213202,2a910a87-2253-404c-b75d-05af9b3363e3,Perform Forest Diseases Control,technical,100
M213202,2b281511-176e-4f7c-a581-0875d3c4cb51,Forestry Regulations,technical,100
M213202,33e5a0ea-6e6f-4b22-9865-71864de92985,Advise on Fertiliser and Herbicide,technical,100
M213202,347b6a67-59ad-4408-bb9c-cfa502867e24,Monitor Forest Health,technical,100
M213202,415abd43-e8e5-4643-b5da-5f11307af57a,Use Different Communication Channels,technical,100
M213202,6f5850ea-5785-4e2c-b062-743066fd5bdb,Environmental Legislation,technical,100
M213202,77390acd-7cf6-4cb2-895a-16bc6b6d2058,Wildlife,technical,100
M213202,83331548-2159-4b87-9177-c3cb29978540,Inspect Trees,technical,100
M213202,8df12fb1-7f41-4068-8d05-007e8fec8f33,Conserve Forests,technical,100
M213202,afdcb380-ef9f-4785-b877-cc551f035034,Agronomy,technical,100
M213202,b0316cca-d844-451e-a9ba-aad6db2149ce,Advise on Timber Harvest,technical,100
M213202,c6543651-d743-4e12-be72-c81d1eaf4541,Estimate Damage,technical,100
M213202,c8195036-dab3-4d87-b83b-395a59b18a42,Make Decisions Regarding Forestry Management,technical,100
M213202,cd5efa8c-e44d-4cbc-91c6-796018dbed68,Perform Project Management,technical,100
M213202,d0e23450-1409-4dd7-99ef-0f84ffd15da1,Coordinate New Sites Preparation,technical,100
M213202,d589970b-933d-4656-bcb6-a43b3cc67888,Monitor Water Quality,technical,100
M213202,ddbf25f1-b91a-4083-9ef1-cc113a46e4c0,Ecosystems,technical,100
M213202,e381f278-7218-4f30-a7b6-34dc3eb7e4a8,Reforestation,technical,100
M213202,e5727f3b-0dc9-4daf-84e0-d5789b33a6d9,Forest Ecology,technical,100
M213203,072f35a1-98e7-4a6c-9a19-474ace5644da,Cultivate Crops for Biomass,technical,100
M213203,0b917c3e-e49f-40d9-8f95-3bc8e9c06fd2,Perform Laboratory Tests,technical,100
M213203,2ea26d96-22bc-4425-97d4-3fab5384f614,Manage Nutrients,technical,100
M213203,31c69100-b612-4a61-8db5-fd314318854c,Execute Analytical Mathematical Calculations,technical,100
M213203,3419fac9-575d-4492-a018-edff6f4dae26,Environmental Legislation in Agriculture and Forestry,technical,100
M213203,3529d640-5d49-45fe-8ede-491e9c8e0447,Maintain Laboratory Equipment,technical,100
M213203,38788a64-6271-40ff-9e0b-5644c38322ff,Consultation Methods,technical,100
M213203,4339176e-3acd-4f7f-a5d9-445bee3d23f2,Mathematics,technical,100
M213203,4ca83b9d-afa0-49f8-b7af-e4e6a42ad299,Crop Production Principles,technical,100
M213203,5a8d4d8c-ff64-4f82-945e-ec6f56e05cbe,Supervise Hygiene Procedures in Agricultural Settings,technical,100
M213203,5b6abc4b-0cfe-4178-845d-479da3d2d699,Pesticides,technical,100
M213203,60c4cdfa-1aa3-452d-a989-10fd61706911,European Pesticide Legislation,technical,100
M213203,63d22ad4-b8f9-4910-862f-febfdc2e7f5b,Apply Horticultural Standards and Practices,technical,100
M213203,6f571969-3640-4774-a9bc-fd2ef583fdec,Apply Safety Procedures in Laboratory,technical,100
M213203,6f5850ea-5785-4e2c-b062-743066fd5bdb,Environmental Legislation,technical,100
M213203,700ea222-8139-4c48-95cf-014855565530,Irrigation Systems,technical,100
M213203,74688c5d-2af1-4f7a-9d1c-00e808eaa1e6,Budgetary Principles,technical,100
M213203,74e49482-75e8-4637-bdb1-fff868d02f7a,Scientific Literature,technical,100
M213203,8259c2c0-2749-41e2-a4a8-4a64a76eab37,Laboratory Techniques,technical,100
M213203,89db623e-e1fc-4ec2-9a0f-7b72b4c35303,Gather Experimental Data,technical,100
M213203,918f5211-b99f-4b29-9a34-6e475583ef55,Write Work-Related Reports,technical,100
M213203,9433da85-70fa-4a25-8f96-71fa59dd1989,Biology,technical,100
M213203,9531fe02-1e1f-4a36-95f7-a76a77cd4b8d,Consult with Business Clients,technical,100
M213203,9d75efb9-0c77-4f86-b5e7-99100808564a,Pest Control in Plants,technical,100
M213203,afdcb380-ef9f-4785-b877-cc551f035034,Agronomy,technical,100
M213203,b47da85a-bfde-4012-a3b2-60be9f7ddcdc,Research Improvement of Crop Yields,technical,100
M213203,b8931778-5f34-41a3-8200-b52357f70e74,Plant Harvest Methods,technical,100
M213203,c4b03a17-a93e-4a8e-9846-4c4d469d4001,Agroecology,technical,100
M213203,c5f3e735-917b-4024-b2cf-19f4f75b2469,Livestock Species,technical,100
M213203,d3d99bf2-cdad-4bdf-acd3-c94d599c4808,Manage Livestock,technical,100
M213203,dcb01a4f-720a-480f-b61a-11a1286d56f3,Horticulture Principles,technical,100
M213203,ecf9829d-e532-45cf-aaff-1dd1fb1c812b,Manage Crop Rotation,technical,100
M213203,f36dff27-a70e-4c23-b2de-e2dffe84adbf,Plant Propagation,technical,100
M213203,f8460277-3c9a-4be4-b203-600a2a295f47,Plant Disease Control,technical,100
M213203,fdc388ba-c8f4-4455-a55f-ffdf29b05f5f,Use Agricultural Information Systems and Databases,digital,100
M213205,072f35a1-98e7-4a6c-9a19-474ace5644da,Cultivate Crops for Biomass,technical,100
M213205,0b917c3e-e49f-40d9-8f95-3bc8e9c06fd2,Perform Laboratory Tests,technical,100
M213205,2ea26d96-22bc-4425-97d4-3fab5384f614,Manage Nutrients,technical,100
M213205,31c69100-b612-4a61-8db5-fd314318854c,Execute Analytical Mathematical Calculations,technical,100
M213205,3419fac9-575d-4492-a018-edff6f4dae26,Environmental Legislation in Agriculture and Forestry,technical,100
M213205,3529d640-5d49-45fe-8ede-491e9c8e0447,Maintain Laboratory Equipment,technical,100
M213205,38788a64-6271-40ff-9e0b-5644c38322ff,Consultation Methods,technical,100
M213205,4339176e-3acd-4f7f-a5d9-445bee3d23f2,Mathematics,technical,100
M213205,4ca83b9d-afa0-49f8-b7af-e4e6a42ad299,Crop Production Principles,technical,100
M213205,5a8d4d8c-ff64-4f82-945e-ec6f56e05cbe,Supervise Hygiene Procedures in Agricultural Settings,technical,100
M213205,5b6abc4b-0cfe-4178-845d-479da3d2d699,Pesticides,technical,100
M213205,60c4cdfa-1aa3-452d-a989-10fd61706911,European Pesticide Legislation,technical,100
M213205,63d22ad4-b8f9-4910-862f-febfdc2e7f5b,Apply Horticultural Standards and Practices,technical,100
M213205,6f571969-3640-4774-a9bc-fd2ef583fdec,Apply Safety Procedures in Laboratory,technical,100
M213205,6f5850ea-5785-4e2c-b062-743066fd5bdb,Environmental Legislation,technical,100
M213205,700ea222-8139-4c48-95cf-014855565530,Irrigation Systems,technical,100
M213205,74688c5d-2af1-4f7a-9d1c-00e808eaa1e6,Budgetary Principles,technical,100
M213205,74e49482-75e8-4637-bdb1-fff868d02f7a,Scientific Literature,technical,100
M213205,8259c2c0-2749-41e2-a4a8-4a64a76eab37,Laboratory Techniques,technical,100
M213205,89db623e-e1fc-4ec2-9a0f-7b72b4c35303,Gather Experimental Data,technical,100
M213205,918f5211-b99f-4b29-9a34-6e475583ef55,Write Work-Related Reports,technical,100
M213205,9433da85-70fa-4a25-8f96-71fa59dd1989,Biology,technical,100
M213205,9531fe02-1e1f-4a36-95f7-a76a77cd4b8d,Consult with Business Clients,technical,100
M213205,9d75efb9-0c77-4f86-b5e7-99100808564a,Pest Control in Plants,technical,100
M213205,afdcb380-ef9f-4785-b877-cc551f035034,Agronomy,technical,100
M213205,b47da85a-bfde-4012-a3b2-60be9f7ddcdc,Research Improvement of Crop Yields,technical,100
M213205,b8931778-5f34-41a3-8200-b52357f70e74,Plant Harvest Methods,technical,100
M213205,c4b03a17-a93e-4a8e-9846-4c4d469d4001,Agroecology,technical,100
M213205,c5f3e735-917b-4024-b2cf-19f4f75b2469,Livestock Species,technical,100
M213205,d3d99bf2-cdad-4bdf-acd3-c94d599c4808,Manage Livestock,technical,100
M213205,dcb01a4f-720a-480f-b61a-11a1286d56f3,Horticulture Principles,technical,100
M213205,ecf9829d-e532-45cf-aaff-1dd1fb1c812b,Manage Crop Rotation,technical,100
M213205,f36dff27-a70e-4c23-b2de-e2dffe84adbf,Plant Propagation,technical,100
M213205,f8460277-3c9a-4be4-b203-600a2a295f47,Plant Disease Control,technical,100
M213205,fdc388ba-c8f4-4455-a55f-ffdf29b05f5f,Use Agricultural Information Systems and Databases,digital,100
M213209,072f35a1-98e7-4a6c-9a19-474ace5644da,Cultivate Crops for Biomass,technical,100
M213209,0b917c3e-e49f-40d9-8f95-3bc8e9c06fd2,Perform Laboratory Tests,technical,100
M213209,2ea26d96-22bc-4425-97d4-3fab5384f614,Manage Nutrients,technical,100
M213209,31c69100-b612-4a61-8db5-fd314318854c,Execute Analytical Mathematical Calculations,technical,100
M213209,3419fac9-575d-4492-a018-edff6f4dae26,Environmental Legislation in Agriculture and Forestry,technical,100
M213209,3529d640-5d49-45fe-8ede-491e9c8e0447,Maintain Laboratory Equipment,technical,100
M213209,38788a64-6271-40ff-9e0b-5644c38322ff,Consultation Methods,technical,100
M213209,4339176e-3acd-4f7f-a5d9-445bee3d23f2,Mathematics,technical,100
M213209,4ca83b9d-afa0-49f8-b7af-e4e6a42ad299,Crop Production Principles,technical,100
M213209,5a8d4d8c-ff64-4f82-945e-ec6f56e05cbe,Supervise Hygiene Procedures in Agricultural Settings,technical,100
M213209,5b6abc4b-0cfe-4178-845d-479da3d2d699,Pesticides,technical,100
M213209,60c4cdfa-1aa3-452d-a989-10fd61706911,European Pesticide Legislation,technical,100
M213209,63d22ad4-b8f9-4910-862f-febfdc2e7f5b,Apply Horticultural Standards and Practices,technical,100
M213209,6f571969-3640-4774-a9bc-fd2ef583fdec,Apply Safety Procedures in Laboratory,technical,100
M213209,6f5850ea-5785-4e2c-b062-743066fd5bdb,Environmental Legislation,technical,100
M213209,700ea222-8139-4c48-95cf-014855565530,Irrigation Systems,technical,100
M213209,74688c5d-2af1-4f7a-9d1c-00e808eaa1e6,Budgetary Principles,technical,100
M213209,74e49482-75e8-4637-bdb1-fff868d02f7a,Scientific Literature,technical,100
M213209,8259c2c0-2749-41e2-a4a8-4a64a76eab37,Laboratory Techniques,technical,100
M213209,89db623e-e1fc-4ec2-9a0f-7b72b4c35303,Gather Experimental Data,technical,100
M213209,918f5211-b99f-4b29-9a34-6e475583ef55,Write Work-Related Reports,technical,100
M213209,9433da85-70fa-4a25-8f96-71fa59dd1989,Biology,technical,100
M213209,9531fe02-1e1f-4a36-95f7-a76a77cd4b8d,Consult with Business Clients,technical,100
M213209,9d75efb9-0c77-4f86-b5e7-99100808564a,Pest Control in Plants,technical,100
M213209,afdcb380-ef9f-4785-b877-cc551f035034,Agronomy,technical,100
M213209,b47da85a-bfde-4012-a3b2-60be9f7ddcdc,Research Improvement of Crop Yields,technical,100
M213209,b8931778-5f34-41a3-8200-b52357f70e74,Plant Harvest Methods,technical,100
M213209,c4b03a17-a93e-4a8e-9846-4c4d469d4001,Agroecology,technical,100
M213209,c5f3e735-917b-4024-b2cf-19f4f75b2469,Livestock Species,technical,100
M213209,d3d99bf2-cdad-4bdf-acd3-c94d599c4808,Manage Livestock,technical,100
M213209,dcb01a4f-720a-480f-b61a-11a1286d56f3,Horticulture Principles,technical,100
M213209,ecf9829d-e532-45cf-aaff-1dd1fb1c812b,Manage Crop Rotation,technical,100
M213209,f36dff27-a70e-4c23-b2de-e2dffe84adbf,Plant Propagation,technical,100
M213209,f8460277-3c9a-4be4-b203-600a2a295f47,Plant Disease Control,technical,100
M213209,fdc388ba-c8f4-4455-a55f-ffdf29b05f5f,Use Agricultural Information Systems and Databases,digital,100
M213210,21331900-9d2a-4806-9a0c-a1885e16dc3d,Perform Forest Analysis,technical,100
M213210,23072dbb-e93b-48ab-8756-c64f74aaab26,Apply Forest Legislation,technical,100
M213210,2474e095-309f-4283-b880-6a3a9aec4d34,Assess Harvesting Impact on Wildlife,technical,100
M213210,29c60c96-d71c-4a6e-ad81-fca0a4e48925,Habitat Restoration,technical,100
M213210,2a910a87-2253-404c-b75d-05af9b3363e3,Perform Forest Diseases Control,technical,100
M213210,2b281511-176e-4f7c-a581-0875d3c4cb51,Forestry Regulations,technical,100
M213210,33e5a0ea-6e6f-4b22-9865-71864de92985,Advise on Fertiliser and Herbicide,technical,100
M213210,347b6a67-59ad-4408-bb9c-cfa502867e24,Monitor Forest Health,technical,100
M213210,415abd43-e8e5-4643-b5da-5f11307af57a,Use Different Communication Channels,technical,100
M213210,6f5850ea-5785-4e2c-b062-743066fd5bdb,Environmental Legislation,technical,100
M213210,77390acd-7cf6-4cb2-895a-16bc6b6d2058,Wildlife,technical,100
M213210,83331548-2159-4b87-9177-c3cb29978540,Inspect Trees,technical,100
M213210,8df12fb1-7f41-4068-8d05-007e8fec8f33,Conserve Forests,technical,100
M213210,afdcb380-ef9f-4785-b877-cc551f035034,Agronomy,technical,100
M213210,b0316cca-d844-451e-a9ba-aad6db2149ce,Advise on Timber Harvest,technical,100
M213210,c6543651-d743-4e12-be72-c81d1eaf4541,Estimate Damage,technical,100
M213210,c8195036-dab3-4d87-b83b-395a59b18a42,Make Decisions Regarding Forestry Management,technical,100
M213210,cd5efa8c-e44d-4cbc-91c6-796018dbed68,Perform Project Management,technical,100
M213210,d0e23450-1409-4dd7-99ef-0f84ffd15da1,Coordinate New Sites Preparation,technical,100
M213210,d589970b-933d-4656-bcb6-a43b3cc67888,Monitor Water Quality,technical,100
M213210,ddbf25f1-b91a-4083-9ef1-cc113a46e4c0,Ecosystems,technical,100
M213210,e381f278-7218-4f30-a7b6-34dc3eb7e4a8,Reforestation,technical,100
M213210,e5727f3b-0dc9-4daf-84e0-d5789b33a6d9,Forest Ecology,technical,100
M213301,081d7679-5070-4777-bece-a28c49f15636,Environmental Policy,technical,100
M213301,089ee650-297e-4716-87d1-440743b70a0d,Ensure Compliance with Environmental Legislation,technical,100
M213301,1cebfd4f-2ab3-480a-a3c8-8065a303717d,Address Public Health Issues,technical,100
M213301,1ff53c92-370d-414b-b758-b0a1b8026853,Check Methods,technical,100
M213301,3f82a026-8a37-4b54-9ebb-7702b66eeb24,Perform Environmental Investigations,technical,100
M213301,414332e4-8347-4771-b947-65bd3801a620,Use Consulting Techniques,technical,100
M213301,6a536b36-c5c7-4d10-bf67-a4fb0f8549b2,Audit Techniques,digital,100
M213301,6f5850ea-5785-4e2c-b062-743066fd5bdb,Environmental Legislation,technical,100
M213301,8bdc520c-6293-4e99-bf6f-a44d5da3ebcb,Monitor Legislation Developments,technical,100
M213301,93a68dcb-3dc6-4dbe-b196-f6d212228a50,Promote Health and Safety,technical,100
M213301,9570e84e-6699-4c9f-9a12-7bc82d53a231,Public Health,technical,100
M213301,96835f47-da71-415b-8cbf-d37386dc98d4,Conduct Environmental Surveys,technical,100
M213301,b77b7ac5-f25f-4baf-8e49-dcd4f31899f2,Contribute to Public Health Campaigns,technical,100
M213301,cdd2b6cc-b4a9-42a0-824b-766f52176fd3,Write Inspection Reports,technical,100
M213301,d0f2f8a7-d935-4a6d-8e54-dcc3e5e2cbeb,Present Reports,technical,100
M213301,d4cc5022-7801-4885-bcff-166552788d35,Provide Improvement Strategies,technical,100
M213305,0e531bd6-7997-43c0-b042-7cec951e6ada,Develop Agricultural Production Plans,technical,100
M213305,118796d8-28a3-4865-bcd0-d037f4abcc0f,Coordinate Greenhouse Environment,technical,100
M213305,14026826-61f5-4476-a217-4e4d62e86b4f,Quality Criteria for Storage Facilities,technical,100
M213305,188ad0ce-1703-4d41-801b-201d739aeede,Maintain Storage Facilities,technical,100
M213305,237db40b-4600-47c0-837f-4a2c4f3014ab,Project Management Principles,technical,100
M213305,2e4e8114-e579-453d-918e-b0262818ab76,Harvest Crop,technical,100
M213305,3419fac9-575d-4492-a018-edff6f4dae26,Environmental Legislation in Agriculture and Forestry,technical,100
M213305,435d1751-8667-41ec-8b32-865b7cd3c684,Manage Production Enterprise,technical,100
M213305,4ca83b9d-afa0-49f8-b7af-e4e6a42ad299,Crop Production Principles,technical,100
M213305,5a8d4d8c-ff64-4f82-945e-ec6f56e05cbe,Supervise Hygiene Procedures in Agricultural Settings,technical,100
M213305,624fd970-2877-4290-9c01-0dedd5735bfe,Greenhouse Types,technical,100
M213305,6c1143b7-1a4c-49ba-849a-ae328673e566,Soil Structure,technical,100
M213305,6d53015b-6867-408f-8f3a-4eb9d5dae101,Maintain Plant Soil Nutrition,technical,100
M213305,6dc2dfac-3e21-44dd-a71c-9a1c8fe2514c,Make Independent Operating Decisions,technical,100
M213305,70f89c90-0290-4fbb-a91a-d433a5f28b15,Monitor Fields,technical,100
M213305,73997f48-cd9d-4724-872d-86ecbb2ed9a2,Plant Species,technical,100
M213305,74688c5d-2af1-4f7a-9d1c-00e808eaa1e6,Budgetary Principles,technical,100
M213305,754de174-292f-4ddc-ae08-24b8fb8cff2e,Manage Crop Production,technical,100
M213305,798d427e-51b3-4cd4-8b24-1357015e9ae7,Optimise Production,technical,100
M213305,81f53835-1dfe-4819-8bc1-01d9b647add8,Types of Storage Facilities,technical,100
M213305,844e9480-7aef-49f6-9260-d88c27249241,Propagate Plants,technical,100
M213305,94812554-043f-4ffd-838e-583eccf3e297,Watering Principles,technical,100
M213305,949fe489-274a-4ce5-8c00-334b46b144e3,Operate Horticulture Equipment,technical,100
M213305,9d3490b2-a0e6-415b-81a4-a3a4a63268b0,Maintain Plant Health,technical,100
M213305,9d75efb9-0c77-4f86-b5e7-99100808564a,Pest Control in Plants,technical,100
M213305,a5f836cc-7e6d-4f3d-a7ee-0146ebb84260,Create Soil and Plant Improvement Programmes,technical,100
M213305,a8f1c3cf-bd8b-4c85-80d3-c69955f6bd00,Pruning Techniques,technical,100
M213305,af9b6098-7d2f-4990-b4eb-d7dd73fdb933,Prune Plants,technical,100
M213305,b4db1a85-2488-4dc9-bd53-3dcb3f9deac7,Fertilisation Principles,technical,100
M213305,b8931778-5f34-41a3-8200-b52357f70e74,Plant Harvest Methods,technical,100
M213305,b9f621b2-fecb-417c-98ca-802cbf0ba0b9,Store Crops,technical,100
M213305,c5f255ef-02d3-4ab0-a652-2bf055d1d493,Grow Plants,technical,100
M213305,d5145a9a-602e-40bf-b3e1-f04cf9c3ef86,Leadership Principles,technical,100
M213305,dcb01a4f-720a-480f-b61a-11a1286d56f3,Horticulture Principles,technical,100
M213305,e693138a-842f-4d9f-9aa5-bf515605c359,Ensure Soil Fertility,technical,100
M213305,e85cff6b-ee0e-4106-98f0-b57b39a2ea3f,Execute Disease and Pest Control Activities,technical,100
M213305,f2f463e5-2382-49cb-8199-e7e043d868df,Health and Safety Regulations,technical,100
M213305,f36dff27-a70e-4c23-b2de-e2dffe84adbf,Plant Propagation,technical,100
M213305,f675d28f-9e1f-4938-ae49-c1d07f902fed,Store Products,technical,100
M213305,f8460277-3c9a-4be4-b203-600a2a295f47,Plant Disease Control,technical,100
M213305,fdc388ba-c8f4-4455-a55f-ffdf29b05f5f,Use Agricultural Information Systems and Databases,digital,100
M213305,fe82195e-af26-4156-b554-c724b28fb2fb,Pruning Types,technical,100
M213306,10f04ffe-7435-44d4-9f6f-6bf6e87b9a0e,Advise on Acquisitions,technical,100
M213306,21c5790c-0930-4d74-b3b0-84caf5af12ea,Manage Budgets,technical,100
M213306,29fb0fb5-dfc4-4098-ac9b-3a712000f48f,Manage Database,digital,100
M213306,2a58e994-74b9-4211-85ac-cfb409a9b667,Botany,technical,100
M213306,43b13058-68d0-40c6-8031-caf5a7b7d20c,Keep Task Records,technical,100
M213306,550ed2f5-be07-4fee-9dbc-0299209a933a,Identify Plants Characteristics,technical,100
M213306,556be6f4-225f-46a2-a795-d3d54d98c3f7,Conduct Workplace Audits,technical,100
M213306,5fd6c193-93c6-4f2d-bf9b-e0debb851f2d,Collection Management Software,digital,100
M213306,6c8ed0d1-4fc9-41a6-9587-6dbc82cabfc3,Collection Management,technical,100
M213306,92721092-fe7c-4689-96bd-4f02385bc0e7,Manage Contracts,technical,100
M213306,9433da85-70fa-4a25-8f96-71fa59dd1989,Biology,technical,100
M213306,a8429098-ddac-481b-91e7-688d021c092e,Ecology,technical,100
M213306,aba1f05b-f312-47d8-be71-7c574134de8f,Advertising Techniques,technical,100
M213306,be6eac29-bb46-492d-a511-2438fca420bd,Horticultural Design,technical,100
M213306,d085f57a-db05-4db7-aab5-9d9a29e8b949,Manage Ground Maintenance,technical,100
M213306,dcb01a4f-720a-480f-b61a-11a1286d56f3,Horticulture Principles,technical,100
M213315,0f9098d1-9bcd-453c-a9ec-e8b635705976,Woodworking Processes,technical,100
M213315,1536a96f-9dab-4386-85e7-29f2a2edef9e,Wood Moisture Content,technical,100
M213315,16cd7594-f518-45db-bd9a-9cf2b5a59691,Chemistry of Wood,technical,100
M213315,209a5498-3449-4689-8ed9-bd08cab4fd78,Engineering Principles,technical,100
M213315,2336b108-a59b-4ff0-84c4-d838b4d297bd,Timber Products,technical,100
M213315,233be639-bdb5-4099-ab40-96d537d6c1f3,Ensure Compliance with Safety Legislation,technical,100
M213315,267b9417-9d05-4731-a877-bfb978fb50eb,Plan Engineering Activities,technical,100
M213315,3786b61f-f22e-48d1-af8d-ad4c354534db,Manufacturing Processes,technical,100
M213315,3b5d16de-6894-4712-aa52-86f1e2c48f0d,Advise Customers on Wood Products,technical,100
M213315,42b23922-1c40-4dbe-9e0c-7a568dfdf06b,Adjust Engineering Designs,technical,100
M213315,44e2906f-48f2-48ee-88f8-351ecdb53f18,Manipulate Wood,technical,100
M213315,4c06a716-6363-4308-b548-88f7a3e70097,Woodworking Tools,technical,100
M213315,4fabca9a-7435-4f33-b1da-3cdb00340fdc,Perform Scientific Research,technical,100
M213315,541561bc-510c-4a99-881c-2d8bf5a85462,Use Technical Drawing Software,digital,100
M213315,576b305e-8c25-4546-8a69-87f975783114,Meet Contract Specifications,technical,100
M213315,59ea80e1-463a-4dba-82c6-d0b6d577d532,Technical Drawings,digital,100
M213315,5ac07f1a-6436-4103-b891-c59a7ac505f0,Construction Products,technical,100
M213315,68b6ef08-d823-489d-a95c-752ae6f6e6a7,Read Standard Blueprints,technical,100
M213315,72a74f69-5cf1-43c5-99b9-62a444578919,Engineering Processes,technical,100
M213315,7c05199f-7b03-4a4a-afee-7c9dfcf9066a,Plan Resource Allocation,technical,100
M213315,82887396-e5bf-4306-af51-3fe8d82790b2,Civil Engineering,technical,100
M213315,9148c1e4-beae-433c-bd72-e4a009440744,Monitor Production Developments,technical,100
M213315,a36de838-7fd3-474a-8391-492354b47fc1,Distinguish Wood Quality,technical,100
M213315,bf59255e-782a-4e83-a93c-6055cfdd8e7f,Draw Blueprints,technical,100
M213315,c9026b8f-7c5c-44b4-9e59-ae1e72fb29c0,Wood Products,technical,100
M213315,ce4990a4-bf69-4f5f-becb-e4fd96da3a74,"Mining, Construction and Civil Engineering Machinery Products",technical,100
M213315,cf2005ee-c788-4283-81d9-b443dfdf2c2e,Types of Wood,technical,100
M213315,f54c10e4-630d-4e50-95e9-4e9e268e8f12,Approve Engineering Design,technical,100
M213316,00b9a3aa-7070-4bb5-8020-f228a97cf42f,Draft Scientific or Academic Papers and Technical Documentation,technical,100
M213316,08b04e53-ed25-41a2-9f90-0b9cd939ba3d,Manage Research Data,digital,100
M213316,17c4385f-ee2d-4105-b0a1-32dded6987a2,Perform Laboratory Testing on Samples of Animals,technical,100
M213316,1d6d32ea-9753-4069-b6b3-98cd6a1195c1,Maintain Veterinary Clinical Records,technical,100
M213316,1fc580ca-9adc-46af-8a88-61e871273b49,Manage Animal Biosecurity,technical,100
M213316,20a8fe89-d4eb-4698-8521-8881c13377e0,Interact Professionally in Research and Professional Environments,technical,100
M213316,246c0425-b9f8-44db-b989-4f4385732413,Communicate Specialised Veterinary Information,technical,100
M213316,2b1e2927-3542-48da-9063-02925e7562c1,Disseminate Results to the Scientific Community,technical,100
M213316,2b34764d-637c-48f5-aa70-31e15c965db6,Operate Open Source Software,digital,100
M213316,2de4572a-4724-4f76-afc2-72a568a264ac,Speak Different Languages,technical,100
M213316,39f67488-cfd3-4370-8d7e-da98163102d9,Evaluate Research Activities,technical,100
M213316,4134622c-c3fb-4a41-beb6-6d58ba5107db,Demonstrate Disciplinary Expertise,technical,100
M213316,45399c1f-2ea2-4a5a-8701-def168041e5b,Veterinary Terminology,technical,100
M213316,4d39b27a-b34f-4c89-8d46-df844d42f728,Increase the Impact of Science on Policy and Society,technical,100
M213316,4f5c1208-62fd-4e5a-a51e-306c06947e11,Manage Findable Accessible Interoperable and Reusable Data,digital,100
M213316,4fabca9a-7435-4f33-b1da-3cdb00340fdc,Perform Scientific Research,technical,100
M213316,518dc04d-092d-4fa1-bd82-88b7a9278ef7,Manage Intellectual Property Rights,technical,100
M213316,5f0082ab-2131-49b5-94d6-a1821daf57d6,Apply for Research Funding,technical,100
M213316,74ce6ebc-8886-437e-bee9-ce5735aaa020,Fundamental Veterinary Sciences,technical,100
M213316,80cf2345-7fd8-4535-8e8d-0279771a03cf,Apply Safe Work Practices in a Veterinary Setting,technical,100
M213316,8316979b-df5a-4dc7-98ef-61ec6a10df84,Conduct Quantitative Research,technical,100
M213316,833289fa-3646-4010-9d9e-93ba8c9ef2d8,Apply Research Ethics and Scientific Integrity Principles in Research Activities,technical,100
M213316,872a1632-f1db-4feb-bb27-0a6a359b7591,Promote Open Innovation in Research,technical,100
M213316,912f7556-6b75-4d73-9658-4e710050199d,Apply Animal Hygiene Practices,technical,100
M213316,979cf728-896f-4f2c-8fa8-2698ca0d4930,Publish Academic Research,technical,100
M213316,988f4ac3-a37c-4b0a-a40f-4e0e56b5919e,Promote the Transfer of Knowledge,technical,100
M213316,9a58cd26-58eb-4a1c-b1b6-64037fe9cfa1,Think Abstractly,technical,100
M213316,a584a638-a2c0-4b3c-bdf3-a64f87225be9,Mentor Individuals,technical,100
M213316,a8d24a95-47b3-4f88-92e7-06600bcd3612,Manage Personal Professional Development,technical,100
M213316,aca0ed11-96f2-43b0-850f-93503565d949,Collect Samples From Animals,technical,100
M213316,bd6148e4-f776-486f-9f88-efd77d786bfe,Apply Specialised Veterinary Knowledge,technical,100
M213316,c3c2420c-ce9a-4371-8eed-1db479c3a562,Write Scientific Publications,technical,100
M213316,cbd2c661-741d-47fe-874f-53d23378aa59,Manage the Use of Vaccines,technical,100
M213316,cc61f9e5-d4fc-470e-8606-1ce865ff8386,Develop Professional Network with Researchers and Scientists,technical,100
M213316,cd50d616-1f8b-481e-983f-68d2674ff82d,Integrate Gender Dimension in Research,technical,100
M213316,cd5efa8c-e44d-4cbc-91c6-796018dbed68,Perform Project Management,technical,100
M213316,d055b839-911d-4c93-aab1-09baba13af92,Perform Veterinary Diagnosis,technical,100
M213316,d33b9bd2-6dcb-4abc-b3c2-96b8983d5c97,Assess Animal Behaviour,technical,100
M213316,da930e2f-6047-4616-a598-bba8ecef3039,Manage Open Publications,digital,100
M213316,e286eddc-75e5-4ae3-966b-ec89c1c046ba,Anatomy of Animals,technical,100
M213316,ef822959-5142-4a45-967f-8cc745ceab38,Provide Anaesthetics to Animals,technical,100
M213316,f715be1d-5fc4-49d3-82a5-0b8090d12849,Synthesise Information,technical,100
M213316,f7b071bf-4882-4cfc-ae0a-7e0e0ab94c61,Conduct Research Across Disciplines,technical,100
M213316,fa465db3-56e8-4b5d-a781-e2a313a4ed2d,Conduct Qualitative Research,technical,100
M213316,fa642fc3-5cc5-41cf-8926-6617a8b976a7,Promote the Participation of Citizens in Scientific and Research Activities,technical,100
M213316,ff64e9fc-36dd-4035-872a-83aa41dc1ad9,Communicate with a Non-Scientific Audience,technical,100
M213433,10026df1-670d-4c75-b3d5-ee0037f9d59b,Lead Process Optimisation,technical,100
M213433,1289bd81-8daf-4e7c-bb46-6bbfe9141c49,Legislation About Animal Origin Products,technical,100
M213433,1d1b0108-3d56-45e2-bf0a-dca06a8ee5e3,Bioethics,technical,100
M213433,2465763d-2bc8-4d76-8705-4755a2a120ce,Foodborne Diseases,technical,100
M213433,2ec7edc2-f184-4c7d-bcd1-52b9d994934c,Manage Food Manufacturing Laboratory,technical,100
M213433,3f4e4eab-a8e0-4aed-b8bb-79afe7c890e3,Food Safety Principles,technical,100
M213433,442f1140-fc9e-4652-b6d8-28cccc288a13,Detect Microorganisms,technical,100
M213433,451c8010-7dbb-4f96-b4d4-0955766d9eff,Improve Chemical Processes,technical,100
M213433,46d64d3c-22d6-4186-b2a7-9765e6585eae,Enzymatic Processing,technical,100
M213433,499c05a2-6f36-4407-83c1-dc3448d35818,Ensure Public Safety and Security,technical,100
M213433,4e081e0a-e25f-4f6e-9c75-e9043ba08aad,Food Toxicity,technical,100
M213433,5966d07c-0242-43ad-b2e8-839031a084d9,Follow-up Lab Results,technical,100
M213433,5ba1d5b9-3f8d-46ca-bf9f-2e9ca65d1350,Apply HACCP,technical,100
M213433,5f1cfde7-344e-4e55-9190-627e82778673,Perform Microbiological Analysis in Food,technical,100
M213433,609d6bb4-db16-4578-87fc-57b11a701cc2,Bioeconomy,technical,100
M213433,61bef658-d7f9-4759-b1b0-0f9cb3bc581a,Biotechnology,technical,100
M213433,67ba7f39-1ebc-4d71-ba11-5804a1712ff3,Analyse Samples of Food and Beverages,technical,100
M213433,699d61dd-7e3f-40e6-87d5-2bd609055761,Food Products Composition,technical,100
M213433,713f1ba8-c7a8-43e5-a5cc-0b869474efe7,Food Legislation,technical,100
M213433,72aed9bf-33ba-474d-a02e-5ae3de2d5e05,Operate Microscope,technical,100
M213433,756e7f39-d48d-4f42-a900-b09e0c34aa8c,Infections in Food,technical,100
M213433,78521a78-d0b6-41ca-ae11-d1af9da8a3cb,Food Science,technical,100
M213433,7976294b-215b-4310-a53f-5b0b5ee23d16,Fermentation Processes of Food,technical,100
M213433,7a9c3fa5-a9bb-46a0-8b5b-4d87427c8b76,Monitor Processing Conditions,technical,100
M213433,942948af-0959-418b-966a-732762f88519,Monitor Developments Used for Food Industry,technical,100
M213433,a118a699-7258-48d1-bc45-45fc04f792c8,Ingredient Threats,technical,100
M213433,b4b3b539-81ae-43aa-a540-0e2ea2c7e802,Food Storage,technical,100
M213433,b856655a-ee98-481f-a5a3-b0abc45f6ad5,Molecular Gastronomy,technical,100
M213433,bb992d83-2d7d-4618-9109-0f0e04881a8e,Food Product Ingredients,technical,100
M213433,bc250150-3372-42c9-834a-a1b65f89ca0b,Apply Requirements Concerning Manufacturing of Food and Beverages,technical,100
M213433,bf7a45c4-0d72-4e6e-9da7-127b2b6656b7,Apply GMP,technical,100
M213433,c0326e27-5fa8-4dca-aecb-ed89ab491513,Prepare Visual Data,digital,100
M213433,c1e6e283-bc66-4e78-b4ec-501ff082d9f1,Food Allergies,technical,100
M213433,c299c135-7cdf-4c06-ad9d-50da94ae2d21,Keep up with Innovations in Food Manufacturing,technical,100
M213433,c52d4012-4a97-436c-a452-b76c26ae423c,Pathogenic Microorganisms in Food,technical,100
M213433,c7cc6dc5-d56b-4323-8e5c-47c4022f615f,Quality Assurance Methodologies,technical,100
M213433,cc1d0498-bcce-4b0f-aa2c-372246f8da6b,Manage Discarded Products,technical,100
M213433,d560f55d-9718-48ba-90a6-5c759b39438c,Fermentation Processes of Beverages,technical,100
M213433,d5c9c535-6539-4fc7-bada-e3169dcc445d,Food Authentication Techniques,technical,100
M213433,dc57f705-75b6-4232-b531-1f020afa0364,Food and Beverage Industry,technical,100
M213433,dd06c2e2-ecf7-4ce8-9f12-ae5d935071f2,Food Fraud,technical,100
M213433,de134835-030e-4f79-9873-e87c34c1a0db,Laboratory-Based Sciences,technical,100
M213433,e4a46d74-71a8-469a-85ad-e40278a23ba1,Food Preservation,technical,100
M213433,ee5e17b9-be48-48c8-a72f-a489988eaf74,Identify the Factors Causing Changes in Food During Storage,technical,100
M213433,ef258352-7226-4eb8-a943-4be6eaa5ec00,Perform Food Risk Analysis,technical,100
M213436,00b9a3aa-7070-4bb5-8020-f228a97cf42f,Draft Scientific or Academic Papers and Technical Documentation,technical,100
M213436,055192dc-f16c-4855-835d-19cac6ff20aa,Life Sciences,technical,100
M213436,08b04e53-ed25-41a2-9f90-0b9cd939ba3d,Manage Research Data,digital,100
M213436,0b917c3e-e49f-40d9-8f95-3bc8e9c06fd2,Perform Laboratory Tests,technical,100
M213436,0bc42cda-a6f0-4cac-9b34-7911faba0bd4,Microbiology-Bacteriology,technical,100
M213436,15e83051-b2dd-4231-a35f-60e1c6ad2fed,Neoplasia,technical,100
M213436,20a8fe89-d4eb-4698-8521-8881c13377e0,Interact Professionally in Research and Professional Environments,technical,100
M213436,235a6894-16ad-42f4-a16a-d0da28e7448c,Undertake Research in Medical Genetics,technical,100
M213436,2b1e2927-3542-48da-9063-02925e7562c1,Disseminate Results to the Scientific Community,technical,100
M213436,2b34764d-637c-48f5-aa70-31e15c965db6,Operate Open Source Software,digital,100
M213436,2de4572a-4724-4f76-afc2-72a568a264ac,Speak Different Languages,technical,100
M213436,39f67488-cfd3-4370-8d7e-da98163102d9,Evaluate Research Activities,technical,100
M213436,4134622c-c3fb-4a41-beb6-6d58ba5107db,Demonstrate Disciplinary Expertise,technical,100
M213436,4d39b27a-b34f-4c89-8d46-df844d42f728,Increase the Impact of Science on Policy and Society,technical,100
M213436,4f5c1208-62fd-4e5a-a51e-306c06947e11,Manage Findable Accessible Interoperable and Reusable Data,digital,100
M213436,4fabca9a-7435-4f33-b1da-3cdb00340fdc,Perform Scientific Research,technical,100
M213436,50431cf0-3b03-40fe-82aa-0b3a55ff7f9b,Genomics,technical,100
M213436,518dc04d-092d-4fa1-bd82-88b7a9278ef7,Manage Intellectual Property Rights,technical,100
M213436,54b2c5ea-4475-4bf5-a433-b0dc5442e691,Genetics,technical,100
M213436,5f0082ab-2131-49b5-94d6-a1821daf57d6,Apply for Research Funding,technical,100
M213436,61bef658-d7f9-4759-b1b0-0f9cb3bc581a,Biotechnology,technical,100
M213436,74e49482-75e8-4637-bdb1-fff868d02f7a,Scientific Literature,technical,100
M213436,7a34b3d9-bd3b-4f4e-a0f6-f97439901cb7,Apply Scientific Methods,technical,100
M213436,7abd0821-f3ba-4946-a79a-310edb85471f,Conduct Genome Research,technical,100
M213436,7b85473a-d609-4da4-92b7-a66cfaa86302,Stem Cells,technical,100
M213436,8259c2c0-2749-41e2-a4a8-4a64a76eab37,Laboratory Techniques,technical,100
M213436,833289fa-3646-4010-9d9e-93ba8c9ef2d8,Apply Research Ethics and Scientific Integrity Principles in Research Activities,technical,100
M213436,872a1632-f1db-4feb-bb27-0a6a359b7591,Promote Open Innovation in Research,technical,100
M213436,9433da85-70fa-4a25-8f96-71fa59dd1989,Biology,technical,100
M213436,979cf728-896f-4f2c-8fa8-2698ca0d4930,Publish Academic Research,technical,100
M213436,988f4ac3-a37c-4b0a-a40f-4e0e56b5919e,Promote the Transfer of Knowledge,technical,100
M213436,9a58cd26-58eb-4a1c-b1b6-64037fe9cfa1,Think Abstractly,technical,100
M213436,9fb9f552-917f-4d26-acfb-bbe6d1005b90,Interpret Laboratory Data in Medical Genetics,technical,100
M213436,a584a638-a2c0-4b3c-bdf3-a64f87225be9,Mentor Individuals,technical,100
M213436,a8d24a95-47b3-4f88-92e7-06600bcd3612,Manage Personal Professional Development,technical,100
M213436,af7a7ae3-b803-4448-b0b0-a5a5af26e5a1,Decide on Type of Genetic Testing,technical,100
M213436,c07dab7f-deb2-4985-ac64-c62514221869,Cryopreservation,technical,100
M213436,c3c2420c-ce9a-4371-8eed-1db479c3a562,Write Scientific Publications,technical,100
M213436,c544a9f3-5945-4b54-afed-de0697852817,Report Analysis Results,technical,100
M213436,cc61f9e5-d4fc-470e-8606-1ce865ff8386,Develop Professional Network with Researchers and Scientists,technical,100
M213436,cd50d616-1f8b-481e-983f-68d2674ff82d,Integrate Gender Dimension in Research,technical,100
M213436,cd5efa8c-e44d-4cbc-91c6-796018dbed68,Perform Project Management,technical,100
M213436,d6ed2572-96be-483f-863b-d8a3c19255ea,Medical Genetics,technical,100
M213436,da930e2f-6047-4616-a598-bba8ecef3039,Manage Open Publications,digital,100
M213436,e135f4ad-2eed-448c-8f39-beb44238177c,Evaluate Genetic Data,technical,100
M213436,e3423f86-0e6b-4bec-a354-1d21fe8597b6,Genetic Engineering,technical,100
M213436,ed3f3dba-3a35-4ed5-b113-67f4d10ef4c8,Scientific Research Methodology,technical,100
M213436,f2af6651-a600-4324-bd90-b22cbcd67068,Tissue Cytogenetics,technical,100
M213436,f715be1d-5fc4-49d3-82a5-0b8090d12849,Synthesise Information,technical,100
M213436,f7b071bf-4882-4cfc-ae0a-7e0e0ab94c61,Conduct Research Across Disciplines,technical,100
M213436,fa642fc3-5cc5-41cf-8926-6617a8b976a7,Promote the Participation of Citizens in Scientific and Research Activities,technical,100
M213436,ff258a7e-b2ba-414a-9878-2380ecf89de0,Interpret Pedigree Charts,technical,100
M213436,ff64e9fc-36dd-4035-872a-83aa41dc1ad9,Communicate with a Non-Scientific Audience,technical,100
M214106,0023e7a5-43da-4b68-bee3-726ef21f986d,Apply Diplomatic Principles,technical,100
M214106,089bab26-a854-40fb-8c04-5be4f693315a,Integrate Strategic Foundation in Daily Performance,technical,100
M214106,1ba59ce0-7fec-434b-8d5c-9b275250a26c,Prepare Presentation Material,technical,100
M214106,25a7fc25-f2fc-4bfd-9999-943c03d53372,Protect Client Interests,technical,100
M214106,3c834f6e-523a-49ee-8ed1-e073e28ae6fe,Develop Communications Strategies,technical,100
M214106,415abd43-e8e5-4643-b5da-5f11307af57a,Use Different Communication Channels,technical,100
M214106,54e60889-c5cc-435f-8d6d-7aefb67e993a,Organise Participation in Local or International Events,technical,100
M214106,574257ea-7b64-4100-b7b6-e27c233fe143,Digital Communication and Collaboration,digital,100
M214106,5753e2ca-8934-45d3-8e52-3877d373239d,Diplomatic Principles,technical,100
M214106,637ca2e2-0624-48b1-be6e-9ff4580344ac,Proofread Text,technical,100
M214106,66db424f-2abe-420d-8e5b-186607266b61,Corporate Social Responsibility,technical,100
M214106,69f36674-440a-4fa0-89f9-1b70172ebb9d,Advise on Communication Strategies,technical,100
M214106,7edc05fe-378b-4c9e-bbb2-e5a29c5a845f,Perform Public Relations,technical,100
M214106,8770350e-746f-4adb-9556-18ca68104be6,Market Research,technical,100
M214106,91816e1a-d026-4d21-9b1c-59ca5cf488de,Analyse Internal Factors of Companies,technical,100
M214106,9194696f-8a5a-4f7b-bf8a-a680da41c320,Forming of Public Opinion,technical,100
M214106,949ced5f-7536-4614-ac60-563ffc91a2f2,Strategic Planning,technical,100
M214106,96a67da1-881f-4d09-927e-ac75fcff4d93,Compile Content,technical,100
M214106,96ae5ab6-d696-4d4f-be1c-d02e722c6f55,Apply Grammar and Spelling Rules,technical,100
M214106,aa56a80c-b4d5-495c-9c15-70b5a7933911,Rhetoric,technical,100
M214106,b17f4305-741a-4a1c-8fe8-6f11cb3d5c0a,Business Communication,technical,100
M214106,c606cb12-9c63-4d2d-a58a-934b1dd3a0a8,Develop Public Relations Strategies,technical,100
M214106,c779cf40-506b-44b6-a366-b3bff0a5e11a,Use Intranet,digital,100
M214106,ce5b1446-b5e3-4f05-a5ac-83f2ee142a44,Analyse External Factors of Companies,technical,100
M214106,cf310cff-0d28-4dbc-9dbb-cc500a3196c2,Office Software,digital,100
M214106,d4ae9564-0b61-4aa0-9df0-d4fdc969fd6f,Grammar,technical,100
M214106,d80f7a28-1e75-4247-9104-de8e5f909f0a,Reputation Management,technical,100
M214106,d83e8dbd-257b-4aa9-abb5-e65924eb1797,Ethics of Sharing Work Through Social Media,digital,100
M214106,d952e003-b5af-4a8a-9d32-921d34dc4907,Advise on Public Image,technical,100
M214106,eade4171-3d57-4fb2-9518-44d5a1da4ff5,Build Trust,technical,100
M214106,f43ee9cc-7284-406f-b23f-3eedb0581141,Identify Clients' Needs,technical,100
M214106,f5bf985b-ac78-4d23-881a-18a359234528,Corporate Sustainability,technical,100
M214106,fe30a4b0-1a99-4fc7-afff-b162b8c834ba,Communication Principles,technical,100
M214115,36bca324-45b8-4a90-925c-9f61f6b7bed4,Prepare Cost-Plus Pricing Models,technical,100
M214115,39e43f7c-a95e-4583-be76-bb134ccce1ae,Financial Department Processes,technical,100
M214115,48b68726-0fd6-4e03-a5eb-82236516ee7a,Provide Cost Benefit Analysis Reports,technical,100
M214115,5c99d21a-9d02-4638-9b52-a6ba840dcb0a,Synthesise Financial Information,technical,100
M214115,5f1d1319-7954-4a9b-90c7-57668e3a0d4b,Interpret Financial Statements,technical,100
M214115,6556cbf1-d5c0-4f53-89a9-8707066069a6,Evaluate Budgets,technical,100
M214115,781797f4-c2c3-49a4-a80d-eb81eb4f818c,Liquidity Management,technical,100
M214115,7d35602d-bc94-4975-aa7c-f4e8e05ce8e0,Cost Management,technical,100
M214115,958b8802-ec3e-4813-97f7-6c8f48610dbd,Identify Process Improvements,technical,100
M214115,c5b90c0c-3af0-4c8c-a06c-cc3ced02242c,Perform Cost Accounting Activities,technical,100
M214115,e1f5c539-7c93-49ee-917d-a24e0d887686,Control of Expenses,technical,100
M214115,e95058a6-e139-42e7-a470-72038a606649,Assess Financial Viability,technical,100
M214115,f75b740c-b36c-495e-bc67-efe347bbc6b5,Company Policies,technical,100
M214238,209a5498-3449-4689-8ed9-bd08cab4fd78,Engineering Principles,technical,100
M214238,233be639-bdb5-4099-ab40-96d537d6c1f3,Ensure Compliance with Safety Legislation,technical,100
M214238,377861af-f966-4c87-a2db-7e99904312b9,Geographic Information Systems,digital,100
M214238,3b64ab47-a874-403a-b781-7b23c2fc3c6c,Advise on Building Matters,technical,100
M214238,42b23922-1c40-4dbe-9e0c-7a568dfdf06b,Adjust Engineering Designs,technical,100
M214238,4fabca9a-7435-4f33-b1da-3cdb00340fdc,Perform Scientific Research,technical,100
M214238,541561bc-510c-4a99-881c-2d8bf5a85462,Use Technical Drawing Software,digital,100
M214238,59ea80e1-463a-4dba-82c6-d0b6d577d532,Technical Drawings,digital,100
M214238,6f5850ea-5785-4e2c-b062-743066fd5bdb,Environmental Legislation,technical,100
M214238,72a74f69-5cf1-43c5-99b9-62a444578919,Engineering Processes,technical,100
M214238,75ffb6d4-0b48-4471-b3c9-731b01ee1b47,Geological Time Scale,technical,100
M214238,82887396-e5bf-4306-af51-3fe8d82790b2,Civil Engineering,technical,100
M214238,8bdd25f8-4b6e-40fe-a2cf-c1badc594114,Geology,technical,100
M214238,b5a1fc87-c9f2-41f4-a1ae-28e023715592,Perform Sample Testing,technical,100
M214238,c974b9e9-3a19-4706-9d0b-7ded148bdab7,Monitor Geotechnical Structures,technical,100
M214238,ce4990a4-bf69-4f5f-becb-e4fd96da3a74,"Mining, Construction and Civil Engineering Machinery Products",technical,100
M214238,d74df140-eb69-43e2-bac9-1cafc824d702,Execute Feasibility Study,technical,100
M214238,dab7c301-2a33-454e-8fed-23218fa28eee,Environmental Design,technical,100
M214238,e541c69c-ea80-4b17-87cb-4001d0b9d303,Assess Environmental Impact,technical,100
M214238,f54c10e4-630d-4e50-95e9-4e9e268e8f12,Approve Engineering Design,technical,100
M214404,0b034df5-6d36-4a4c-932e-d348850d5cb6,Install Lift Governor,technical,100
M214404,156f8c5b-894a-4ccc-a70e-37a2726f3f00,Work Ergonomically,technical,100
M214404,1de6b87b-2c7d-49aa-bcc0-3b2ef75f064f,Resolve Equipment Malfunctions,technical,100
M214404,328733a7-6d84-420d-a65c-2a8014fadc60,Record Test Data,technical,100
M214404,334e3e49-fb02-4051-809a-f06adfdc1c40,Troubleshoot,technical,100
M214404,45da162b-c721-4282-983a-9c29293a96fc,Install Lift Shaft Support Equipment,technical,100
M214404,502b4d8d-eb4f-4427-a82f-651549b98a3d,Guide Lift Car Installation,technical,100
M214404,50f2d23c-b3fb-48a5-967b-14fd0a6dd205,Inspect Construction Supplies,technical,100
M214404,52797dce-911c-4e6d-b0cb-491f6469014f,Install Electrical and Electronic Equipment,technical,100
M214404,59bfa2b4-c5e0-44d6-afe2-991d173516ba,Types of Lifts,technical,100
M214404,65a3a184-7d11-4db9-9b85-281961d1514b,Conduct Routine Machinery Checks,technical,100
M214404,68e66ed6-a171-4350-8ec1-2cfc4cae50e4,Hydraulics,technical,100
M214404,69bece91-c806-42ad-bde4-db28c7f8fc4b,Mechanical Systems,technical,100
M214404,6ed2fb8d-3580-497f-8a21-30a0ada5caae,Secure Working Area,technical,100
M214404,753b1781-ea44-4eea-b84a-f8a76fbd6c4d,Install Hydraulic Systems,technical,100
M214404,79aa4ec0-399d-432e-aae8-7a390ce89bcc,Perform Maintenance on Installed Equipment,technical,100
M214404,82da5835-1759-4eeb-9d58-a834ee80384e,Install Pneumatic Systems,technical,100
M214404,86df7af2-f9f3-4c06-a500-7f1fba9e78fe,Follow Health and Safety Procedures in Construction,technical,100
M214404,98296642-26b2-4ef0-97f4-38c84603e2e4,Lift Safety Mechanisms,technical,100
M214404,9f34107c-8db0-4b00-84d8-3f64e400c80c,Consult Technical Resources,technical,100
M214404,a347cf6a-1f32-42b9-8fd7-d5c0294ff973,Provide Escalator Maintenance,technical,100
M214404,bf419e00-8548-491a-a06f-d72ab439df2f,Pneumatics,technical,100
M214404,c643e59b-d74c-4f44-b76e-6e1d96c05ec4,Use Safety Equipment in Construction,technical,100
M214404,c8ac1986-38fa-43b2-89dc-50a4beeb420e,Electricity,technical,100
M214404,d15e92c4-c8dc-48cd-a1f6-94fe13347f87,Electrical Wiring Plans,technical,100
M214404,d5e53e8c-ea8f-47fb-a715-6edcf3842ca6,Lift Safety Legislation,technical,100
M214404,daa56d49-d7d3-4ba4-9b41-8b542ecfaa27,Program Lift Controller,technical,100
M214404,e574c14e-eeb2-4db7-b7ce-a1b46d98f42b,Install Lift Controller,technical,100
M214404,efa141df-f382-418f-9121-bd88fd735669,Mechanics,technical,100
M214404,f30a7ea4-77dd-452c-8a2d-b06c12606a7f,Operate Soldering Equipment,technical,100
M214404,f464be1f-4bb2-4501-a7d2-3ff74daca3bd,Test Lift Operation,technical,100
M214601,275db6dd-7606-4dce-b8dc-644b2a50e578,Interface with Anti-Mining Lobbyists,technical,100
M214601,2d78e626-28e9-423a-abb1-5f6491785a20,Maintain Plans of a Mining Site,technical,100
M214601,35bca3d6-c1ae-48ff-9ae3-a11cea578c2c,Impact of Geological Factors on Mining Operations,technical,100
M214601,5eeac647-dc4b-496d-b109-c90b58006021,Mining Engineering,technical,100
M214601,8bdd25f8-4b6e-40fe-a2cf-c1badc594114,Geology,technical,100
M214601,909c2e48-262e-4ebe-be05-5324ab086c1d,Generate Reconciliation Reports,technical,100
M214601,9601b2a8-68e4-4906-9306-a23679b8f0b0,Supervise Staff,technical,100
M214601,99fc129e-360c-4174-9553-5c666a64a395,Prepare Scientific Reports,technical,100
M214601,9ebae336-b0dc-4711-9aef-0aeb3504ba63,Monitor Mine Production,technical,100
M214601,a4ec696c-ac73-4bd5-8a3c-09a783cf3944,Use Mine Planning Software,digital,100
M214601,b9f16465-56a9-426b-a047-0f9f1f95ec92,Address Problems Critically,technical,100
M214601,f4482d36-86d0-422d-aeb2-59d1bbebb6ff,Advise on Mine Equipment,technical,100
M214601,f8ea6bda-9f1d-4864-b8f4-ba7e6984e5dd,Schedule Mine Production,technical,100
M214606,334e3e49-fb02-4051-809a-f06adfdc1c40,Troubleshoot,technical,100
M214606,33887e80-89d8-4473-8622-e56fd90aaa5b,Manage Well Interaction,technical,100
M214606,3606bf22-1987-4356-b8c4-13e89d8f6c69,Interpret Extraction Data,technical,100
M214606,3cfb159e-3a0b-48bb-951d-bc2d3b071a37,Report Well Results,technical,100
M214606,3e5c6279-457f-429a-a53a-d27d4d38a10a,Well Testing Operations,technical,100
M214606,4339176e-3acd-4f7f-a5d9-445bee3d23f2,Mathematics,technical,100
M214606,4515f6b6-76e7-4005-9fd8-6db8b84396b3,Liaise with Well Test Engineers,technical,100
M214606,45a87caf-d38d-4ad2-a8fa-4289e8f4b5d6,Manage Fluid Production in Gas,technical,100
M214606,4da883cc-056d-4661-8970-da4bbcc1f9e0,Prepare Extraction Proposals,technical,100
M214606,4f449a5e-302a-4d02-808f-a7e687532400,Provide Petroleum Engineering Support,technical,100
M214606,6004cc99-d2d1-47c7-ad13-32d8fc85811e,Manage Production Fluid in Oil Production,technical,100
M214606,6edc677d-60d2-4dbc-8eed-cf83020bd09e,Prepare Well Formation Evaluation Programmes,technical,100
M214606,729ee685-e714-4858-8c49-584a29cbcd6e,Liaise with Mine Professionals,technical,100
M214606,854de3ad-0bf5-4b8f-a283-1c31b4c7e272,Design Well Flow Systems,technical,100
M214606,8bdd25f8-4b6e-40fe-a2cf-c1badc594114,Geology,technical,100
M214606,91aade3a-9427-4e80-998b-29492dcb9ffd,Use Reservoir Surveillance,digital,100
M214606,9601b2a8-68e4-4906-9306-a23679b8f0b0,Supervise Staff,technical,100
M214606,99fc129e-360c-4174-9553-5c666a64a395,Prepare Scientific Reports,technical,100
M214606,a0cafd94-40c3-4d55-9e94-bc27ef071b4b,Compile Reservoir Performance Plans,technical,100
M214606,a94ef591-d0c5-4097-98ff-6a7f50ea72e8,Monitor Extraction Logging Operations,technical,100
M214606,b9f16465-56a9-426b-a047-0f9f1f95ec92,Address Problems Critically,technical,100
M214606,cde9911c-f92e-4de1-811f-336e177ac4ce,Chemistry,technical,100
M214606,ce84a0b1-5217-4653-8683-7fff7df37946,Select Well Equipment,technical,100
M214606,d6141677-b63e-4ce3-bcd1-fc860dc989bf,Determine Flow Rate Enhancement,technical,100
M214624,01faf296-e037-494c-bb1c-65bda5aed750,Develop Efficiency Plans for Maritime Shipping,technical,100
M214624,059b2748-e1df-43d2-8a08-0331fb8d0ddf,Types of Cargo,technical,100
M214624,080b0153-36ae-43f6-b3c3-c1fe6fd8f1de,Plan Procedures for Cargo Operations,technical,100
M214624,0b4f9939-4c27-4743-9158-ea1ceccb46b4,Physical Parts of the Vessel,technical,100
M214624,243ffeb4-3395-4e39-9cf0-695be5b142aa,Maritime Law,technical,100
M214624,34879781-a164-4ebe-86f0-cdbe2f91d0f3,International Maritime Organisation Conventions,technical,100
M214624,349f6b99-9b8c-4463-9665-9842d95af241,Supervise Unloading of Cargo,technical,100
M214624,36dc2bd2-3d9a-4a84-ad70-918a539c4311,Manage Vessel Fleet,technical,100
M214624,3d2a1f45-5367-47d2-a15a-a8fc72a45bbc,Supervise Loading of Cargo,technical,100
M214624,45496598-075a-4eb0-9cdb-f0aec3e7b73a,Inspect Maritime Operations,technical,100
M214624,466af4b2-3467-4f4c-bf9a-8cfb0e0c8e21,Advise on Tanker Operations,technical,100
M214624,554a5829-7383-47cc-9cad-5f9f69de4a79,Apply Regulations on Cargo Transport Operations,technical,100
M214624,629c9139-8a87-447b-8f61-bfe678cf3e7c,Types of Maritime Vessels,technical,100
M214624,6ae27517-4d1c-452a-bcfa-e7ffa2a6cb0c,Manage Vessel Deck Operations,technical,100
M214624,6d2e2dac-e93b-4afc-8621-7b8ceb3e48f9,Establish Draft Annual Schedules for Vessels,technical,100
M214624,7b901041-3863-4f35-ad9b-5f89de38b1e5,Advise on Maritime Regulations,technical,100
M214624,89602bfd-eba0-4989-bd1a-19398df22420,Negotiate Prices for Transport of Cargo,technical,100
M214624,9f278b77-76f3-44cb-a82a-4c6f07cec4e7,Maintain Vessel Inventory,technical,100
M214624,a8109a61-55b2-4e89-8672-f589d455380a,Conduct on Board Safety Inspections,technical,100
M214624,bbb653b1-677a-4dc2-9504-374cba290bf1,Assess Vessel Capability,technical,100
M214624,bbdfdc78-3297-48d0-a03f-f7d18fe6f5d3,Ensure Incident Free Execution of Voyages,technical,100
M214624,d3e63bd9-cc29-4e46-92b1-c2b6fa491624,Principles of Cargo Stowage,technical,100
M214624,e243c15f-d1f7-4cc7-904d-84a113eb1f43,Consider Constraints in Maritime Shipping,technical,100
M214624,e5235e42-776d-4cd6-8b4c-95d500306f61,Calculate the Amount of Cargo on a Vessel,technical,100
M214624,f5994792-4487-4e69-9944-f1aa1879cf23,Coordinate the Itineraries of Vessels,technical,100
M214624,f6c7b7a5-6194-45a2-8791-9609c897b1a0,Consider Time Zones in Execution of Work,technical,100
M214624,fa656035-d990-4b73-bc89-16bb90b4b697,Vessel Traffic Services,technical,100
M214624,ffaf5635-45b2-4192-8bd8-6987cfde04de,Match Vessels to Shipping Routes,technical,100
M214642,07ec6866-d283-46a6-991c-e8ce0c6fc159,Interpret Scientific Data to Assess Water Quality,technical,100
M214642,089ee650-297e-4716-87d1-440743b70a0d,Ensure Compliance with Environmental Legislation,technical,100
M214642,209a5498-3449-4689-8ed9-bd08cab4fd78,Engineering Principles,technical,100
M214642,233be639-bdb5-4099-ab40-96d537d6c1f3,Ensure Compliance with Safety Legislation,technical,100
M214642,25b973c6-68ea-4ff7-bd26-aa76bd08b62a,Hydraulic Fluid,technical,100
M214642,414bfea8-a6bd-44e1-8820-80b1238a39cc,Detect Flaws in Pipeline Infrastructure,technical,100
M214642,42b23922-1c40-4dbe-9e0c-7a568dfdf06b,Adjust Engineering Designs,technical,100
M214642,4ee4ed1d-dc38-48e0-a9e6-a6b64f316ea6,Water Policies,technical,100
M214642,4fabca9a-7435-4f33-b1da-3cdb00340fdc,Perform Scientific Research,technical,100
M214642,541561bc-510c-4a99-881c-2d8bf5a85462,Use Technical Drawing Software,digital,100
M214642,59ea80e1-463a-4dba-82c6-d0b6d577d532,Technical Drawings,digital,100
M214642,5b8d63ff-a58b-4331-a53b-b1925acae4dc,Advise on Irrigation Projects,technical,100
M214642,6055a4be-3f41-47e3-acd1-0535fa17e04c,Landscape Design,technical,100
M214642,68e66ed6-a171-4350-8ec1-2cfc4cae50e4,Hydraulics,technical,100
M214642,6b5d032a-b85a-44ea-9dad-5201048d2dd2,Develop Flood Remediation Strategies,technical,100
M214642,72a74f69-5cf1-43c5-99b9-62a444578919,Engineering Processes,technical,100
M214642,981f770c-24f1-4711-afc0-13a6fa1a33ab,Create Designs for Pipeline Engineering,technical,100
M214642,991efbde-9d52-40f7-8d4a-dc40d13913a7,Lead a Team in Water Management,technical,100
M214642,9c5dbb72-563f-449d-ab89-56b8dfc271b6,Flood Remediation Equipment,technical,100
M214642,b970e437-2f8b-42e3-ae49-6718a0cca44f,Water Reuse,technical,100
M214642,c1d7a6df-92e8-4b2f-9259-e04dd7242be3,Types of Pipelines,technical,100
M214642,f54c10e4-630d-4e50-95e9-4e9e268e8f12,Approve Engineering Design,technical,100
M214642,fbe6232a-e2b2-4830-a5e6-ed6415f01e85,Analyse Community Needs,technical,100
M214642,fd2930ce-cd21-4eb2-87f7-115c3d197e24,Conserve Water Resource,technical,100
M214645,200a8387-d67c-43e4-9cdc-44ab592c299e,Ensure Regulatory Compliance in Pipeline Infrastructures,technical,100
M214645,209a5498-3449-4689-8ed9-bd08cab4fd78,Engineering Principles,technical,100
M214645,21dfab2e-f954-49ab-8fb6-18cc98cf10bb,Geometry,technical,100
M214645,2db2667c-bbaf-4e30-8640-c9a647bd2512,Perform Water Analysis,technical,100
M214645,36aa8d72-84b2-4abc-a30b-cdee19363cb3,Measure Parts of Manufactured Products,technical,100
M214645,3ef76cca-f763-4ec0-b4b7-71971e0f35ff,Design Pipelines with Different Coating Solutions,technical,100
M214645,59ea80e1-463a-4dba-82c6-d0b6d577d532,Technical Drawings,digital,100
M214645,7efb32ce-dc98-4d94-a4c7-a08890b74a87,Pipeline Coating Properties,technical,100
M214645,8981d38b-fbc1-4ebe-9300-2357fb71913a,Integrate Measures in Architectural Designs,technical,100
M214645,981f770c-24f1-4711-afc0-13a6fa1a33ab,Create Designs for Pipeline Engineering,technical,100
M214645,9c071f1d-eac3-449d-b004-c14775b5a3b9,Mechanical Engineering,technical,100
M214645,a46b6220-7313-4b3b-9bdb-cca897aff546,Perform Pipeline Routing Studies,technical,100
M214645,afc7c834-8190-4b65-acc6-5c158c851c85,Consider the Impact of Material Characteristics on Pipeline Flows,technical,100
M214645,b92758d4-4591-4df1-9ceb-f907aa71ebd9,Use Measurement Instruments,technical,100
M214645,c1d7a6df-92e8-4b2f-9259-e04dd7242be3,Types of Pipelines,technical,100
M214645,d4673a6d-4b7e-439b-81b0-e6d5ee67d396,Isometric Perspective,technical,100
M214645,dcc96a49-0bac-4a9c-8f8e-a32b4e47e6eb,Apply Health and Safety Standards,technical,100
M214645,dfb76ee8-1e49-4371-b0ef-ea132d93aaca,Metal Bending Techniques,technical,100
M214645,e2028206-3060-4e81-8350-77baefabefde,Oversee Wetlands in Project Development,technical,100
M214648,200a8387-d67c-43e4-9cdc-44ab592c299e,Ensure Regulatory Compliance in Pipeline Infrastructures,technical,100
M214648,209a5498-3449-4689-8ed9-bd08cab4fd78,Engineering Principles,technical,100
M214648,21dfab2e-f954-49ab-8fb6-18cc98cf10bb,Geometry,technical,100
M214648,2db2667c-bbaf-4e30-8640-c9a647bd2512,Perform Water Analysis,technical,100
M214648,36aa8d72-84b2-4abc-a30b-cdee19363cb3,Measure Parts of Manufactured Products,technical,100
M214648,3ef76cca-f763-4ec0-b4b7-71971e0f35ff,Design Pipelines with Different Coating Solutions,technical,100
M214648,59ea80e1-463a-4dba-82c6-d0b6d577d532,Technical Drawings,digital,100
M214648,7efb32ce-dc98-4d94-a4c7-a08890b74a87,Pipeline Coating Properties,technical,100
M214648,8981d38b-fbc1-4ebe-9300-2357fb71913a,Integrate Measures in Architectural Designs,technical,100
M214648,981f770c-24f1-4711-afc0-13a6fa1a33ab,Create Designs for Pipeline Engineering,technical,100
M214648,9c071f1d-eac3-449d-b004-c14775b5a3b9,Mechanical Engineering,technical,100
M214648,a46b6220-7313-4b3b-9bdb-cca897aff546,Perform Pipeline Routing Studies,technical,100
M214648,afc7c834-8190-4b65-acc6-5c158c851c85,Consider the Impact of Material Characteristics on Pipeline Flows,technical,100
M214648,b92758d4-4591-4df1-9ceb-f907aa71ebd9,Use Measurement Instruments,technical,100
M214648,c1d7a6df-92e8-4b2f-9259-e04dd7242be3,Types of Pipelines,technical,100
M214648,d4673a6d-4b7e-439b-81b0-e6d5ee67d396,Isometric Perspective,technical,100
M214648,dcc96a49-0bac-4a9c-8f8e-a32b4e47e6eb,Apply Health and Safety Standards,technical,100
M214648,dfb76ee8-1e49-4371-b0ef-ea132d93aaca,Metal Bending Techniques,technical,100
M214648,e2028206-3060-4e81-8350-77baefabefde,Oversee Wetlands in Project Development,technical,100
M214901,1e3e0736-6d4a-4a65-8787-1fa16bff5660,Explosives,technical,100
M214901,233be639-bdb5-4099-ab40-96d537d6c1f3,Ensure Compliance with Safety Legislation,technical,100
M214901,334e3e49-fb02-4051-809a-f06adfdc1c40,Troubleshoot,technical,100
M214901,35bca3d6-c1ae-48ff-9ae3-a11cea578c2c,Impact of Geological Factors on Mining Operations,technical,100
M214901,3f54dea5-0bef-4229-8a7c-e277be134499,Report Misfires,technical,100
M214901,47d491a9-f7c0-4b13-a10f-983d3aa0113e,Safety Engineering,technical,100
M214901,5b98cca5-778a-4041-a0c9-130f92b680fc,Handle Explosives,technical,100
M214901,65c6a8a0-2dca-4d03-a6dc-20ad15c51096,Issue Drilling Instructions,technical,100
M214901,8bdd25f8-4b6e-40fe-a2cf-c1badc594114,Geology,technical,100
M214901,995bf279-5055-4eed-910b-ccc927074658,Decide Quantity of Explosives Required,technical,100
M214901,b18aa3d0-4f04-4b25-b983-21bf9ffb6ef6,Sequence Explosions,technical,100
M214901,b9f16465-56a9-426b-a047-0f9f1f95ec92,Address Problems Critically,technical,100
M214901,c8ac1986-38fa-43b2-89dc-50a4beeb420e,Electricity,technical,100
M214901,cb21d617-4aa5-4a93-81ac-cde9aae7716a,Report Outcome of Blast,technical,100
M214901,cde9911c-f92e-4de1-811f-336e177ac4ce,Chemistry,technical,100
M214901,d2a9965e-6f93-4edc-90e6-125f063fb5b0,Examine Prospective Blast Area,technical,100
M214902,0d73a5c0-7f95-4ede-92f3-eac434a970a9,Marine Engineering,technical,100
M214902,209a5498-3449-4689-8ed9-bd08cab4fd78,Engineering Principles,technical,100
M214902,2ee670aa-c687-4ff7-92eb-0abc9b57e5f2,Mechanics of Vessels,technical,100
M214902,31c69100-b612-4a61-8db5-fd314318854c,Execute Analytical Mathematical Calculations,technical,100
M214902,3cbe7548-973c-416f-8af9-d0484f0bba99,Maritime Electric Drives,technical,100
M214902,42b23922-1c40-4dbe-9e0c-7a568dfdf06b,Adjust Engineering Designs,technical,100
M214902,4339176e-3acd-4f7f-a5d9-445bee3d23f2,Mathematics,technical,100
M214902,49830020-70f3-41ee-801d-dd19533f9ae9,Inspect Engine Rooms,technical,100
M214902,4fabca9a-7435-4f33-b1da-3cdb00340fdc,Perform Scientific Research,technical,100
M214902,541561bc-510c-4a99-881c-2d8bf5a85462,Use Technical Drawing Software,digital,100
M214902,54804209-6aac-4ca4-bf3c-aef4fbe18f8c,Principles of Mechanical Engineering,technical,100
M214902,72a74f69-5cf1-43c5-99b9-62a444578919,Engineering Processes,technical,100
M214902,92f54ff7-f6d8-4702-8e0f-2d7d3254a7fd,Re-Assemble Engines,technical,100
M214902,9a26b8b7-ec0f-46f8-a698-1f07cef1c5e3,Ensure Vessel Compliance with Regulations,technical,100
M214902,adc76417-47f8-4f3d-8037-3c5c5ce9d9b2,Use Maritime English,technical,100
M214902,b34be26f-fea9-4e58-90d1-3f8d2176a803,Naval Architecture,technical,100
M214902,bacbfc27-4b5d-47de-8bfd-af5fa27562a2,Design Prototypes,technical,100
M214902,cbc24ea1-8f53-4211-96d4-2c682d018b8a,Use Tools for Construction and Repair,technical,100
M214902,efa141df-f382-418f-9121-bd88fd735669,Mechanics,technical,100
M214902,f54c10e4-630d-4e50-95e9-4e9e268e8f12,Approve Engineering Design,technical,100
M214913,12c7b323-d870-4f5b-9d7d-d9f525206d77,Production Processes,technical,100
M214913,209a5498-3449-4689-8ed9-bd08cab4fd78,Engineering Principles,technical,100
M214913,31c69100-b612-4a61-8db5-fd314318854c,Execute Analytical Mathematical Calculations,technical,100
M214913,3786b61f-f22e-48d1-af8d-ad4c354534db,Manufacturing Processes,technical,100
M214913,4339176e-3acd-4f7f-a5d9-445bee3d23f2,Mathematics,technical,100
M214913,4fabca9a-7435-4f33-b1da-3cdb00340fdc,Perform Scientific Research,technical,100
M214913,541561bc-510c-4a99-881c-2d8bf5a85462,Use Technical Drawing Software,digital,100
M214913,59ea80e1-463a-4dba-82c6-d0b6d577d532,Technical Drawings,digital,100
M214913,6a899482-8bcf-40ca-ae67-579a1cc467ab,Manage Engineering Project,technical,100
M214913,7111b95d-0ce3-441a-9d92-4c75d05c4388,Project Management,technical,100
M214913,72a74f69-5cf1-43c5-99b9-62a444578919,Engineering Processes,technical,100
M214913,be48353d-25c7-4f86-bea9-7b9e248fbc6e,Interpret Technical Requirements,technical,100
M214913,d74df140-eb69-43e2-bac9-1cafc824d702,Execute Feasibility Study,technical,100
M214913,d9e5349e-8791-49c2-8ba4-839fdd1606c2,Define Technical Requirements,technical,100
M214913,e95058a6-e139-42e7-a470-72038a606649,Assess Financial Viability,technical,100
M214921,1177c6f5-09c5-4c35-873c-afd22d170ad3,Quality Assurance Procedures,technical,100
M214921,1a3660c2-011c-4e96-9b1d-529afc305428,Inspect Quality of Products,technical,100
M214921,1dd23dba-dd00-45ab-abf4-642902538317,Perform Risk Analysis,technical,100
M214921,22b8039c-c890-4610-9228-5527e3b98f12,Set Quality Assurance Objectives,technical,100
M214921,328733a7-6d84-420d-a65c-2a8014fadc60,Record Test Data,technical,100
M214921,36e9c099-614e-44f1-ab0a-5e6fda4a0763,Undertake Inspections,technical,100
M214921,561c2525-5bd8-4d86-8f45-820f4be7db93,Report Test Findings,technical,100
M214921,5d9e766b-8f17-4e17-bfab-3bb0e0719791,Define Quality Standards,technical,100
M214921,81a2db2c-7e55-44d0-9cd9-74c25147d7cd,Analyse Test Data,technical,100
M214921,8d4271ca-c9fd-40b3-875f-15f78332a49e,Quality Standards,technical,100
M214921,958b8802-ec3e-4813-97f7-6c8f48610dbd,Identify Process Improvements,technical,100
M214921,c0fce59c-e227-4745-945f-95eb2f0bc03e,Recommend Product Improvements,technical,100
M214921,c7cc6dc5-d56b-4323-8e5c-47c4022f615f,Quality Assurance Methodologies,technical,100
M214921,ccbd0898-e225-4abc-8992-57a23b0e2eec,Support Implementation of Quality Management Systems,technical,100
M214921,cdd2b6cc-b4a9-42a0-824b-766f52176fd3,Write Inspection Reports,technical,100
M214921,d512d178-37a6-4eab-a660-412d2bb0824a,Test Procedures,technical,100
M214922,095fdace-1cc3-4e80-b37b-268fe297904a,Prepare Audit Activities,technical,100
M214922,0cfc7eb9-2891-4153-b335-6331f381ff05,Communicate Health and Safety Measures,technical,100
M214922,0efbe2dc-2770-47ec-b8f4-d1bdff6ac0a4,Advise on Risk Management,technical,100
M214922,101d63ee-bb22-4a7c-9e0a-c2716063696a,"Make Health, Safety and Environment Assessments",technical,100
M214922,14d88fae-ead0-4d19-8519-04b154b46987,Promote Health and Safety Policies in Health Services,technical,100
M214922,198b614d-a9af-46f5-b3fd-2672b401dd8e,Health and Safety in the Workplace,technical,100
M214922,2cbb31ac-2403-4c31-90f3-7473623a56fc,Investigate Occupational Injuries,technical,100
M214922,2d9aaad3-a3c8-4c5b-bf67-46984d860873,Adhere to OHSAS 18001,technical,100
M214922,2dbdd054-896a-4167-8f11-e9b9ebcf199d,"Health, Safety and Hygiene Legislation",technical,100
M214922,324f0243-1a21-4f5c-9f71-52eebc2596ed,Interview Techniques,technical,100
M214922,41437077-2522-49bf-bcb2-083a23d52958,Inform on Workplace Safety Standards,technical,100
M214922,4707bc7a-e7e7-48e5-8dc5-49ec60fbae90,Document Safety Actions,technical,100
M214922,556be6f4-225f-46a2-a795-d3d54d98c3f7,Conduct Workplace Audits,technical,100
M214922,5d204ec8-981b-4405-9a82-0b1cb21ca9d3,Monitor Employee's Health,technical,100
M214922,5f97fac8-2001-4b81-ae8b-22f9062d921a,Identify Hazards in the Workplace,technical,100
M214922,6a536b36-c5c7-4d10-bf67-a4fb0f8549b2,Audit Techniques,digital,100
M214922,6eff134b-e34f-4d6e-a6e8-5e47cf2228d0,Risk Management,technical,100
M214922,751f6baf-de47-4d67-a657-4133066703f4,Identify Policy Breach,technical,100
M214922,8006596d-605b-4088-a3f6-8e3aedec21ab,Prevent Health and Safety Problems,technical,100
M214922,801ef90e-6db2-4a6b-83bc-5e1144524d10,Prevent Work Accidents,technical,100
M214922,896563fc-6255-4419-89c2-ffed30159ad6,Conduct Research Interview,technical,100
M214922,8bdc520c-6293-4e99-bf6f-a44d5da3ebcb,Monitor Legislation Developments,technical,100
M214922,93a68dcb-3dc6-4dbe-b196-f6d212228a50,Promote Health and Safety,technical,100
M214922,988ec766-73c5-4066-97ed-dee2a6d07fba,Ensure Annual Safety Inspections,technical,100
M214922,bb663409-5c88-4e3a-bc16-01aa1c8ce171,Plan Health and Safety Procedures,technical,100
M214922,d0f48427-7987-4f86-b24d-709837a37fd2,Assist Employee Health Programmes,technical,100
M214922,d2d9051a-10e1-41c5-9cfb-bbdc58016176,Follow Safety Precautions in Work Practices,technical,100
M214922,d5e39a53-4f54-4d5f-9df3-b49664c9559d,Occupational Health,technical,100
M214922,db9050db-ae5d-4be8-8114-c26f272c3bda,Manage Health and Safety,technical,100
M214922,dcc96a49-0bac-4a9c-8f8e-a32b4e47e6eb,Apply Health and Safety Standards,technical,100
M214922,e111620f-090e-4427-a996-21a6e5a2d14f,Instruct on Safety Measures,technical,100
M214922,e4c19f92-6379-45e7-b94d-592457c6d68d,Foster Compliance with Health and Safety Rules by Setting an Example,technical,100
M214922,f2f463e5-2382-49cb-8199-e7e043d868df,Health and Safety Regulations,technical,100
M214922,f9d70f2a-c3f0-475d-ac55-dc2e2ba856e8,Lead Inspections,technical,100
M216301,0fdc32f8-d7f4-48c3-895a-5aefc23a44b4,Perform Ideation Activities,technical,100
M216301,209a5498-3449-4689-8ed9-bd08cab4fd78,Engineering Principles,technical,100
M216301,25f4c955-e429-44a6-98a7-7d8cb3b6b690,Follow a Brief,technical,100
M216301,26514334-a6b2-47d6-ae86-490f5ee972f7,Determine Suitability of Materials,technical,100
M216301,33a0a2ea-025e-4107-8717-39ac45b3b78c,Design Management,technical,100
M216301,3786b61f-f22e-48d1-af8d-ad4c354534db,Manufacturing Processes,technical,100
M216301,4339176e-3acd-4f7f-a5d9-445bee3d23f2,Mathematics,technical,100
M216301,4c58528e-bdaa-43ad-8f5a-8ad0b8cd4bbb,Design Principles,technical,100
M216301,6db3ac8e-8636-4ced-965b-75e35c3193c3,Aesthetics,technical,100
M216301,72a74f69-5cf1-43c5-99b9-62a444578919,Engineering Processes,technical,100
M216301,91abe492-18be-4cce-93c7-0dca07072363,Meet Deadlines,technical,100
M216301,a8d41cca-3bc9-4d2a-ae09-436dabe86e21,Draft Design Specifications,technical,100
M216301,a8ea1f32-be7e-48ff-8ef5-7e2847beadb1,Conduct Research on Trends in Design,technical,100
M216301,b87f6102-5bab-4e99-a5d8-11b6be1b99c2,Present Artistic Design Proposals,technical,100
M216301,c5c51528-ccfc-4c53-b409-c200aaa44222,Liaise with Engineers,technical,100
M216301,e2103a1d-4a84-47a9-b4f7-774787573449,Copyright Legislation,technical,100
M216301,efacdaad-ab73-4056-bee3-4eb34b458bf6,Industrial Design,technical,100
M216301,fbdbed1c-442a-47b3-a26f-0e867d82bbea,Ergonomics,technical,100
M216301,fc4fcb4b-993f-4f2c-b158-c2171ec18ed8,Draw Design Sketches,technical,100
M216301,fe39d4db-4cb5-4299-bb9f-896c8fd6ab13,Perform Market Research,technical,100
M216401,00b9a3aa-7070-4bb5-8020-f228a97cf42f,Draft Scientific or Academic Papers and Technical Documentation,technical,100
M216401,081d7679-5070-4777-bece-a28c49f15636,Environmental Policy,technical,100
M216401,08b04e53-ed25-41a2-9f90-0b9cd939ba3d,Manage Research Data,digital,100
M216401,20a8fe89-d4eb-4698-8521-8881c13377e0,Interact Professionally in Research and Professional Environments,technical,100
M216401,27c7910a-c3b5-4d8d-a713-a6c334929a42,Spatial Planning,technical,100
M216401,2839f191-cd94-49a9-ac16-46018066b8b2,Liaise with Local Authorities,technical,100
M216401,2b1e2927-3542-48da-9063-02925e7562c1,Disseminate Results to the Scientific Community,technical,100
M216401,2b34764d-637c-48f5-aa70-31e15c965db6,Operate Open Source Software,digital,100
M216401,2de4572a-4724-4f76-afc2-72a568a264ac,Speak Different Languages,technical,100
M216401,39f67488-cfd3-4370-8d7e-da98163102d9,Evaluate Research Activities,technical,100
M216401,4134622c-c3fb-4a41-beb6-6d58ba5107db,Demonstrate Disciplinary Expertise,technical,100
M216401,440f64e5-e66c-45ee-bc29-53c14a2ad720,Use Geographic Information Systems,digital,100
M216401,4ccf7d02-764c-4129-a1df-fa1dd2e12647,Meet Building Regulations,technical,100
M216401,4d39b27a-b34f-4c89-8d46-df844d42f728,Increase the Impact of Science on Policy and Society,technical,100
M216401,4f5c1208-62fd-4e5a-a51e-306c06947e11,Manage Findable Accessible Interoperable and Reusable Data,digital,100
M216401,4fabca9a-7435-4f33-b1da-3cdb00340fdc,Perform Scientific Research,technical,100
M216401,518dc04d-092d-4fa1-bd82-88b7a9278ef7,Manage Intellectual Property Rights,technical,100
M216401,5368a46a-54b5-4874-a06f-964d557c1cfb,Green Space Strategies,technical,100
M216401,538f8bc6-a5bf-422b-8112-5ad3fe9de9a0,Urban Sustainability,technical,100
M216401,5f0082ab-2131-49b5-94d6-a1821daf57d6,Apply for Research Funding,technical,100
M216401,615cfc39-797f-4229-8e92-159fcf8f3030,Building Codes,technical,100
M216401,76654176-5cc8-4cb3-b307-4ef1b6c2543c,Zoning Codes,technical,100
M216401,7f18039d-dfae-471b-9daa-507f6b2d2842,Urban Planning,technical,100
M216401,833289fa-3646-4010-9d9e-93ba8c9ef2d8,Apply Research Ethics and Scientific Integrity Principles in Research Activities,technical,100
M216401,872a1632-f1db-4feb-bb27-0a6a359b7591,Promote Open Innovation in Research,technical,100
M216401,88680a21-57f9-46b6-8268-7d8e42aef849,Architecture Regulations,technical,100
M216401,8b46636e-e201-4086-a8d5-049b65eaf40e,Advise on Use of Land,technical,100
M216401,979cf728-896f-4f2c-8fa8-2698ca0d4930,Publish Academic Research,technical,100
M216401,988f4ac3-a37c-4b0a-a40f-4e0e56b5919e,Promote the Transfer of Knowledge,technical,100
M216401,9a58cd26-58eb-4a1c-b1b6-64037fe9cfa1,Think Abstractly,technical,100
M216401,a06907da-7037-45ef-846c-4b684c9b6f91,Study Human Population,technical,100
M216401,a584a638-a2c0-4b3c-bdf3-a64f87225be9,Mentor Individuals,technical,100
M216401,a8d24a95-47b3-4f88-92e7-06600bcd3612,Manage Personal Professional Development,technical,100
M216401,c3ac5c4c-b4b9-4842-b871-43e12cfc0442,Green Building Practices,technical,100
M216401,c94dd931-f568-48e2-9a1c-922f1ce21f67,Demography,technical,100
M216401,cc61f9e5-d4fc-470e-8606-1ce865ff8386,Develop Professional Network with Researchers and Scientists,technical,100
M216401,cd50d616-1f8b-481e-983f-68d2674ff82d,Integrate Gender Dimension in Research,technical,100
M216401,cd5efa8c-e44d-4cbc-91c6-796018dbed68,Perform Project Management,technical,100
M216401,d74df140-eb69-43e2-bac9-1cafc824d702,Execute Feasibility Study,technical,100
M216401,da930e2f-6047-4616-a598-bba8ecef3039,Manage Open Publications,digital,100
M216401,dc72ad0a-c5dc-4abd-bc0d-ca43e82162e1,Build Business Relationships,technical,100
M216401,f715be1d-5fc4-49d3-82a5-0b8090d12849,Synthesise Information,technical,100
M216401,f7b071bf-4882-4cfc-ae0a-7e0e0ab94c61,Conduct Research Across Disciplines,technical,100
M216401,fa642fc3-5cc5-41cf-8926-6617a8b976a7,Promote the Participation of Citizens in Scientific and Research Activities,technical,100
M216401,ff64e9fc-36dd-4035-872a-83aa41dc1ad9,Communicate with a Non-Scientific Audience,technical,100
M216407,00b9a3aa-7070-4bb5-8020-f228a97cf42f,Draft Scientific or Academic Papers and Technical Documentation,technical,100
M216407,081d7679-5070-4777-bece-a28c49f15636,Environmental Policy,technical,100
M216407,08b04e53-ed25-41a2-9f90-0b9cd939ba3d,Manage Research Data,digital,100
M216407,20a8fe89-d4eb-4698-8521-8881c13377e0,Interact Professionally in Research and Professional Environments,technical,100
M216407,27c7910a-c3b5-4d8d-a713-a6c334929a42,Spatial Planning,technical,100
M216407,2839f191-cd94-49a9-ac16-46018066b8b2,Liaise with Local Authorities,technical,100
M216407,2b1e2927-3542-48da-9063-02925e7562c1,Disseminate Results to the Scientific Community,technical,100
M216407,2b34764d-637c-48f5-aa70-31e15c965db6,Operate Open Source Software,digital,100
M216407,2de4572a-4724-4f76-afc2-72a568a264ac,Speak Different Languages,technical,100
M216407,39f67488-cfd3-4370-8d7e-da98163102d9,Evaluate Research Activities,technical,100
M216407,4134622c-c3fb-4a41-beb6-6d58ba5107db,Demonstrate Disciplinary Expertise,technical,100
M216407,440f64e5-e66c-45ee-bc29-53c14a2ad720,Use Geographic Information Systems,digital,100
M216407,4ccf7d02-764c-4129-a1df-fa1dd2e12647,Meet Building Regulations,technical,100
M216407,4d39b27a-b34f-4c89-8d46-df844d42f728,Increase the Impact of Science on Policy and Society,technical,100
M216407,4f5c1208-62fd-4e5a-a51e-306c06947e11,Manage Findable Accessible Interoperable and Reusable Data,digital,100
M216407,4fabca9a-7435-4f33-b1da-3cdb00340fdc,Perform Scientific Research,technical,100
M216407,518dc04d-092d-4fa1-bd82-88b7a9278ef7,Manage Intellectual Property Rights,technical,100
M216407,5368a46a-54b5-4874-a06f-964d557c1cfb,Green Space Strategies,technical,100
M216407,538f8bc6-a5bf-422b-8112-5ad3fe9de9a0,Urban Sustainability,technical,100
M216407,5f0082ab-2131-49b5-94d6-a1821daf57d6,Apply for Research Funding,technical,100
M216407,615cfc39-797f-4229-8e92-159fcf8f3030,Building Codes,technical,100
M216407,76654176-5cc8-4cb3-b307-4ef1b6c2543c,Zoning Codes,technical,100
M216407,7f18039d-dfae-471b-9daa-507f6b2d2842,Urban Planning,technical,100
M216407,833289fa-3646-4010-9d9e-93ba8c9ef2d8,Apply Research Ethics and Scientific Integrity Principles in Research Activities,technical,100
M216407,872a1632-f1db-4feb-bb27-0a6a359b7591,Promote Open Innovation in Research,technical,100
M216407,88680a21-57f9-46b6-8268-7d8e42aef849,Architecture Regulations,technical,100
M216407,8b46636e-e201-4086-a8d5-049b65eaf40e,Advise on Use of Land,technical,100
M216407,979cf728-896f-4f2c-8fa8-2698ca0d4930,Publish Academic Research,technical,100
M216407,988f4ac3-a37c-4b0a-a40f-4e0e56b5919e,Promote the Transfer of Knowledge,technical,100
M216407,9a58cd26-58eb-4a1c-b1b6-64037fe9cfa1,Think Abstractly,technical,100
M216407,a06907da-7037-45ef-846c-4b684c9b6f91,Study Human Population,technical,100
M216407,a584a638-a2c0-4b3c-bdf3-a64f87225be9,Mentor Individuals,technical,100
M216407,a8d24a95-47b3-4f88-92e7-06600bcd3612,Manage Personal Professional Development,technical,100
M216407,c3ac5c4c-b4b9-4842-b871-43e12cfc0442,Green Building Practices,technical,100
M216407,c94dd931-f568-48e2-9a1c-922f1ce21f67,Demography,technical,100
M216407,cc61f9e5-d4fc-470e-8606-1ce865ff8386,Develop Professional Network with Researchers and Scientists,technical,100
M216407,cd50d616-1f8b-481e-983f-68d2674ff82d,Integrate Gender Dimension in Research,technical,100
M216407,cd5efa8c-e44d-4cbc-91c6-796018dbed68,Perform Project Management,technical,100
M216407,d74df140-eb69-43e2-bac9-1cafc824d702,Execute Feasibility Study,technical,100
M216407,da930e2f-6047-4616-a598-bba8ecef3039,Manage Open Publications,digital,100
M216407,dc72ad0a-c5dc-4abd-bc0d-ca43e82162e1,Build Business Relationships,technical,100
M216407,f715be1d-5fc4-49d3-82a5-0b8090d12849,Synthesise Information,technical,100
M216407,f7b071bf-4882-4cfc-ae0a-7e0e0ab94c61,Conduct Research Across Disciplines,technical,100
M216407,fa642fc3-5cc5-41cf-8926-6617a8b976a7,Promote the Participation of Citizens in Scientific and Research Activities,technical,100
M216407,ff64e9fc-36dd-4035-872a-83aa41dc1ad9,Communicate with a Non-Scientific Audience,technical,100
M216501,023f4870-b417-4bd2-b0ae-78e61587c79f,Geomatics,technical,100
M216501,032b0bed-22b1-456b-8009-91e6b838fe45,Geological Mapping,technical,100
M216501,1cca610d-2afc-44a7-97fc-f2262fb5fc75,Surveying,technical,100
M216501,2b834a98-14ff-47e1-8aef-cf8ffae912fa,Collect Mapping Data,digital,100
M216501,2dfa5bd5-c87c-461c-bce9-69b2c58732bd,Cartography,technical,100
M216501,31c69100-b612-4a61-8db5-fd314318854c,Execute Analytical Mathematical Calculations,technical,100
M216501,377861af-f966-4c87-a2db-7e99904312b9,Geographic Information Systems,digital,100
M216501,382c11ed-20d5-4ae7-b60e-15fec527fa6c,Apply Statistical Analysis Techniques,digital,100
M216501,4339176e-3acd-4f7f-a5d9-445bee3d23f2,Mathematics,technical,100
M216501,440f64e5-e66c-45ee-bc29-53c14a2ad720,Use Geographic Information Systems,digital,100
M216501,4463a721-69f3-413d-8321-43e3af13a4f1,Use Databases,digital,100
M216501,49320ec7-65f9-4f90-bed2-2d41784f1836,Compile GIS-Data,digital,100
M216501,6b30644d-bdc5-4bca-b1af-edbf5c6b15ee,Process Collected Survey Data,digital,100
M216501,7ee4c2ea-b349-4bd2-81a3-ec31475d4833,Statistics,technical,100
M216501,86945516-619a-456e-b0d0-2fb31d927992,Perform Surveying Calculations,technical,100
M216501,9295d1c5-8d7d-423e-a6ce-dfbc1d991f88,Apply Digital Mapping,digital,100
M216501,9e14c1d8-72f2-45ba-815d-0d12e12d19fa,Create Thematic Maps,digital,100
M216501,bad66a63-4e3f-41f9-9e5d-a4d5f12f8d36,Create GIS Reports,digital,100
M216501,cf9c8e73-105d-419e-86dd-4304cc6cd718,Geography,technical,100
M216501,dab7c301-2a33-454e-8fed-23218fa28eee,Environmental Design,technical,100
M217201,0b4f100c-813d-4eec-8aa5-4227bb98c635,Ship Related Legislative Requirements,technical,100
M217201,1177c6f5-09c5-4c35-873c-afd22d170ad3,Quality Assurance Procedures,technical,100
M217201,16f22744-64f4-4798-8666-aea6d7d201fc,International Waterways,technical,100
M217201,2ee670aa-c687-4ff7-92eb-0abc9b57e5f2,Mechanics of Vessels,technical,100
M217201,38eed4e2-7fdd-47e6-a79f-5f29bee6c52a,Comply with Operational Standards for Vessels,technical,100
M217201,3eefc2c7-d5a6-4340-9277-d908e4e0e1bd,Ensure Vessel Security,technical,100
M217201,4339176e-3acd-4f7f-a5d9-445bee3d23f2,Mathematics,technical,100
M217201,629c9139-8a87-447b-8f61-bfe678cf3e7c,Types of Maritime Vessels,technical,100
M217201,68b6ef08-d823-489d-a95c-752ae6f6e6a7,Read Standard Blueprints,technical,100
M217201,7b901041-3863-4f35-ad9b-5f89de38b1e5,Advise on Maritime Regulations,technical,100
M217201,89364a58-c32b-4fab-b3ca-622648bbe443,Inspect Vessel,technical,100
M217201,8ae07465-e7f2-4094-bd27-f4b8257f1e38,Stay up-to-Date with Maritime Transportation Technology,technical,100
M217201,9156104b-9bcb-4c22-aaa8-02e3e990ebc7,Maritime Telecommunications,digital,100
M217201,9a26b8b7-ec0f-46f8-a698-1f07cef1c5e3,Ensure Vessel Compliance with Regulations,technical,100
M217201,9c071f1d-eac3-449d-b004-c14775b5a3b9,Mechanical Engineering,technical,100
M217201,a2bd1707-d1b8-47f6-a720-bc2002000982,Perform Inspections Required by International Conventions,technical,100
M217201,a6c478c7-9807-4a67-bab4-aa9e02547175,Analyse Ship Operations,technical,100
M217201,b0279338-ddfa-473d-b961-fa51b1185612,Recognise Signs of Corrosion,technical,100
M217201,b07daddc-8625-4360-946e-ad2b0e56ebf6,Read Engineering Drawings,technical,100
M217201,bbb653b1-677a-4dc2-9504-374cba290bf1,Assess Vessel Capability,technical,100
M217201,be0d40bc-23cb-4551-89ac-727faa8a4e52,Assess Structural Integrity of Ship for Maritime Usage,technical,100
M217201,cdd2b6cc-b4a9-42a0-824b-766f52176fd3,Write Inspection Reports,technical,100
M217201,d84ff2a1-aa27-44a8-8af0-317db8d3001b,National Waterways,technical,100
M217201,de41f238-93b5-4122-be08-b7e3b42566c0,Integrate Committee on Safe Seas Guidelines into Inspections,technical,100
M217201,e6c6da92-cc13-4c83-bce8-2e0bd2a27f15,Determine Cause of Damage,technical,100
M217201,e93acbe5-535a-4927-9e7c-3b2e06ddfee8,Global Maritime Distress and Safety System,technical,100
M217201,f9d70f2a-c3f0-475d-ac55-dc2e2ba856e8,Lead Inspections,technical,100
M217203,03d988af-2e63-4151-bb5e-950f366e2c64,Guide Ships into Docks,technical,100
M217203,07c73859-2c3f-4810-8735-53656f6944f9,Ensure Compliance with Port Regulations,technical,100
M217203,0d07fb7e-2815-454c-83e2-9c736c23435c,Coordinate Dock Operations,technical,100
M217203,224423a6-ac6a-4b3e-be7c-e38b41f82116,Use Water Navigation Devices,digital,100
M217203,2b4a3217-c06c-456c-905b-58350ab2c32d,Anchor Ships to the Port,technical,100
M217203,4c945cb7-446b-4199-a1be-f54bc0603353,Local Waters of the Port,technical,100
M217203,53b12b36-d27d-4ae9-8681-36d1cf697939,Use Rigging Tools,technical,100
M217203,6210f756-7d6a-4ae3-b326-b5504aae05a5,Assist Water-Based Navigation,technical,100
M217203,6ab316ef-985c-45d8-85a5-79c774d2728d,Plan Pilotage,technical,100
M217203,849d8ce0-d362-4e39-943b-9d1150cdf3a7,Vessel Stability Principles,technical,100
M217203,882cb8bb-1538-4a77-818b-64c65697fe73,Balance Transportation Cargo,technical,100
M217203,8db66322-ff8f-4471-82c5-37f8d3e4227f,Maintain Ship Logs,technical,100
M217203,94a67c29-2078-4091-8bd9-9f10c7089a4c,Carry out Ship-to-Shore Operations,technical,100
M217203,9b696239-fbf2-4031-84b7-eccdeaa2f11c,Conduct Water Navigation,technical,100
M217203,a9728d44-4f93-489e-a517-b8b11b7ad0f8,Steer Vessels in Ports,technical,100
M217203,b29e0c5c-7d3a-44a8-a182-75374abd4e76,Analyse Weather Forecast,technical,100
M217203,bb39a4c6-164f-40dd-ab6e-7ad018eefd4c,Monitor Aviation Meteorology,technical,100
M217203,d3e63bd9-cc29-4e46-92b1-c2b6fa491624,Principles of Cargo Stowage,technical,100
M217203,d90ee634-e618-4d67-8b33-200266acea92,Assist in Maritime Rescue Operations,technical,100
M217203,e8c81e5f-bd2c-494a-9c71-b725c3a600e2,Regulate the Speed of Ships in Ports,technical,100
M217203,fa656035-d990-4b73-bc89-16bb90b4b697,Vessel Traffic Services,technical,100
M217205,07c73859-2c3f-4810-8735-53656f6944f9,Ensure Compliance with Port Regulations,technical,100
M217205,0b4f9939-4c27-4743-9158-ea1ceccb46b4,Physical Parts of the Vessel,technical,100
M217205,0d07fb7e-2815-454c-83e2-9c736c23435c,Coordinate Dock Operations,technical,100
M217205,0db1a833-e4b7-4cae-9c6f-ddcdd4326e85,Geographic Areas,technical,100
M217205,1c7c161d-1c78-4098-b28d-147857d44699,Ensure Ongoing Compliance with Regulations,technical,100
M217205,1dea2f3a-857c-4fc3-b1f8-d5f2015c46a9,Give Instructions to Staff,technical,100
M217205,272b74a0-f01a-49c9-ba36-7bf3ecfd198f,Supervise Movement of Crew,technical,100
M217205,2f6e5619-2478-475f-a414-ec05c2b72795,Operate Port Communications Systems,digital,100
M217205,3013c7d0-b22b-43b0-9318-c0e8eca25c78,Supervise Movement of Passengers,technical,100
M217205,339ac029-066a-4985-9f9d-b3d7c8fea0bb,Manage Staff,technical,100
M217205,349f6b99-9b8c-4463-9665-9842d95af241,Supervise Unloading of Cargo,technical,100
M217205,35421ebd-dc4c-4827-adbb-faf4a98c1968,Apply Procedures to Ensure Cargo Complies with Customs Regulations,technical,100
M217205,3d2a1f45-5367-47d2-a15a-a8fc72a45bbc,Supervise Loading of Cargo,technical,100
M217205,499c05a2-6f36-4407-83c1-dc3448d35818,Ensure Public Safety and Security,technical,100
M217205,5be12b90-774f-4105-a44f-f3937c1c53f1,Commodities in Maritime Transportation,technical,100
M217205,629c9139-8a87-447b-8f61-bfe678cf3e7c,Types of Maritime Vessels,technical,100
M217205,65df3083-d28c-4a24-8351-b8fdfc4dc529,Manage Vessel Cargo Activities,technical,100
M217205,69ab1f34-a861-49ab-96bb-1f235002d3f1,Operate Marine Communication Systems,technical,100
M217205,7a21689e-3f98-4284-8501-6e9b053262c9,Load Cargo onto Ships,technical,100
M217205,8c2d6746-1966-442b-9a7d-8ee1accdadfc,Customs Regulations for Passengers,technical,100
M217205,94f5e909-48c5-4782-9005-84d793dd01ba,Manage Port Operations,technical,100
M217205,989dc903-5838-4d84-8e04-e5b7a2ba97c5,Apply Safety Management,technical,100
M217205,a7b9e3cd-cd39-4ea1-b617-3f5b651fd535,Conduct Full-Scale Emergency Plan Exercises,technical,100
M217205,a9acb2ba-a88b-4d53-98ca-0e04ec83b5e6,Anticipate Logistics Requirements for Port Operations,technical,100
M217205,ab1af25a-1513-47ea-80e7-2726610c10c7,Manage Port Operations Improvement Procedures,technical,100
M217205,c4c51507-f669-4740-abf0-9bee87732185,Port Regulation,technical,100
M217205,d6d99ded-08d9-4e2b-b6bf-bc9fc4d266b6,Liaise with Port Users,technical,100
M217205,f5994792-4487-4e69-9944-f1aa1879cf23,Coordinate the Itineraries of Vessels,technical,100
M217205,f98159cb-935a-4a20-97d0-68e2e3e60765,Anticipate Installation Maintenance,technical,100
M217205,fa656035-d990-4b73-bc89-16bb90b4b697,Vessel Traffic Services,technical,100
M217205,ffaf5635-45b2-4192-8bd8-6987cfde04de,Match Vessels to Shipping Routes,technical,100
M217211,07c73859-2c3f-4810-8735-53656f6944f9,Ensure Compliance with Port Regulations,technical,100
M217211,35421ebd-dc4c-4827-adbb-faf4a98c1968,Apply Procedures to Ensure Cargo Complies with Customs Regulations,technical,100
M217211,39d92981-7b68-47de-bfc0-5374c067dba9,Control Trade Commercial Documentation,technical,100
M217211,59e2df68-7442-4306-92b9-116c48146cc3,Make Bids in Forward Auctions,technical,100
M217211,7c02513e-c23b-4686-8bdd-1ad99de5a8eb,Manage Import Export Licenses,technical,100
M217211,84e953cf-6e59-4bae-8e4d-7582baaedd8d,Comply with Regulations Related to Export in Different Countries,technical,100
M217211,b3a6dda3-e084-40e4-b211-7abb76a07eb6,Provide Advice to Clients in Terms of Export Restrictions,technical,100
M217211,be974fa8-60d4-4f4f-bd8d-e8c32a661fe2,Provide Advice to Clients in Terms of Import Restrictions,technical,100
M217211,bfe7009d-4f93-4803-8b7d-9ee51b4860e6,Keep up-to-Date to Current Customs Regulations,technical,100
M217211,c4118654-695f-44bc-b9d3-1b26f3a955f8,International Import Export Regulations,technical,100
M217211,c4c51507-f669-4740-abf0-9bee87732185,Port Regulation,technical,100
M217211,d6d99ded-08d9-4e2b-b6bf-bc9fc4d266b6,Liaise with Port Users,technical,100
M217303,0256f6b0-f4a9-4c5e-9cfd-96d58a2a70fe,Operate Radio Equipment,digital,100
M217303,0a14bbb7-6f92-4fb1-8f87-a5353b662e1b,Visual Flight Rules,technical,100
M217303,0db1a833-e4b7-4cae-9c6f-ddcdd4326e85,Geographic Areas,technical,100
M217303,1c7c161d-1c78-4098-b28d-147857d44699,Ensure Ongoing Compliance with Regulations,technical,100
M217303,2672f6a9-1e70-43c5-859d-e6a0fc9ea0f1,Aircraft Flight Control Systems,digital,100
M217303,3007c147-5c93-47a8-be0a-378a040c9fa9,Operate Radio Navigation Instruments,technical,100
M217303,30d926ba-1615-417c-a799-e24a3ea239b9,Operate Two-Way Radio Systems,digital,100
M217303,3172f001-a4dd-4e7e-9f74-9707b2e7c6e1,Read Maps,technical,100
M217303,415abd43-e8e5-4643-b5da-5f11307af57a,Use Different Communication Channels,technical,100
M217303,4d06fa94-49f8-4c75-b52c-3a4e699b73cc,Implement Airside Safety Procedures,technical,100
M217303,4e7b2c61-aa42-404c-995f-32281b818923,Have Spatial Awareness,technical,100
M217303,6a50499d-70cc-4fa7-9895-682302d08f16,Operate Cockpit Control Panels,technical,100
M217303,768fe91b-ccde-4649-94f3-07be5d8b6be1,Read 3D Displays,digital,100
M217303,791eff86-914c-417c-9159-1a123ee516ae,Apply Signalling Control Procedures,technical,100
M217303,86c6e967-2e4f-4bfe-9fe6-abf1c40d8cbc,Comply with Air Traffic Control Operations,technical,100
M217303,91300a14-24c6-4b1f-b827-909d992f8d1d,Perform Take off and Landing,technical,100
M217303,b293aa52-8ead-42b7-96ef-de4fb0654c28,Air Transport Law,technical,100
M217303,b29e0c5c-7d3a-44a8-a182-75374abd4e76,Analyse Weather Forecast,technical,100
M217303,b387bca8-0f61-4548-b41c-2fe6887d1534,Air Traffic Control Operations,technical,100
M217303,b79955b0-8ca8-4a9f-8134-41c06cdbc234,Ensure Compliance with Civil Aviation Regulations,technical,100
M217303,bebb3e1a-1c39-474a-b452-57e51c1b09fd,Civil Aviation Regulations,technical,100
M217303,c6c37f68-190e-4482-905c-93007a64ed61,Operate Radar Equipment,digital,100
M217303,d5b63f98-28ce-4cbb-b075-6ac539a685b0,Common Aviation Safety Regulations,technical,100
M217303,edd6a6bc-139c-45de-8f1a-d0ea353f45ab,Undertake Procedures to Meet Aircraft Flight Requirements,technical,100
M217322,04bcb522-62a9-4fc1-8ea9-b7ccff10147e,Coordinate Flight Schedules,technical,100
M217322,0f46a403-9606-465f-8247-8ae975ff4f35,Communicate Verbal Instructions,technical,100
M217322,1f551366-dd12-4a80-8913-865276149e42,Deal with Air Traffic Issues,technical,100
M217322,21c5790c-0930-4d74-b3b0-84caf5af12ea,Manage Budgets,technical,100
M217322,4d06fa94-49f8-4c75-b52c-3a4e699b73cc,Implement Airside Safety Procedures,technical,100
M217322,6f2721bf-40ad-4f5d-8774-a478d1d6f5a6,Work in Shifts,technical,100
M217322,829e07c7-d7d8-4cdf-8c67-3953e7490e42,Organise Aircraft Maintenance,technical,100
M217322,83c92faa-7ad7-42fa-9229-4eb6fc9719c1,Manage Aviation Planning,technical,100
M217322,875217fb-fe22-4c2c-adf4-b57f2052626a,Make Time-Critical Decisions,technical,100
M217322,94c24e4a-cc9a-4a49-b623-bc00bb5aa1a3,Identify Airport Safety Hazards,technical,100
M217322,b293aa52-8ead-42b7-96ef-de4fb0654c28,Air Transport Law,technical,100
M217322,b387bca8-0f61-4548-b41c-2fe6887d1534,Air Traffic Control Operations,technical,100
M217322,b79955b0-8ca8-4a9f-8134-41c06cdbc234,Ensure Compliance with Civil Aviation Regulations,technical,100
M217322,bf0f48cc-6cc4-4f4d-809c-13c7cfefcce6,Manage Aircraft Support Systems,technical,100
M217322,c928ace5-bd88-46ca-b49a-c7235fcd64d9,Manage Allocation of Flight Resources,technical,100
M217322,deeb6ab7-c8e6-4486-8eae-897e58aa349f,Ensure Flights Run to Schedule,technical,100
M217322,f263da7f-0708-42c2-b1a9-39083416f632,Communicate Analytical Insights,technical,100
M218201,020b3c27-bae1-4b85-9d6f-eccee0f5ed99,Manage Supplies,technical,100
M218201,05c00631-b864-4842-b47e-06710c197c7a,Coordinate Manufacturing Production Activities,technical,100
M218201,12c7b323-d870-4f5b-9d7d-d9f525206d77,Production Processes,technical,100
M218201,21c5790c-0930-4d74-b3b0-84caf5af12ea,Manage Budgets,technical,100
M218201,28ad7c97-9fb3-4b1d-846a-654e529ab8ac,Sustainable Manufacturing,technical,100
M218201,2a2fa8e8-aaf3-4abf-a60b-af6415f1c6d4,Strive for Company Growth,technical,100
M218201,2a778aeb-f246-4f03-9a96-c60183001037,Schedule Production,technical,100
M218201,339ac029-066a-4985-9f9d-b3d7c8fea0bb,Manage Staff,technical,100
M218201,37520413-563e-4d99-a14c-1c6dca3cf833,Create Manufacturing Guidelines,technical,100
M218201,3786b61f-f22e-48d1-af8d-ad4c354534db,Manufacturing Processes,technical,100
M218201,435d1751-8667-41ec-8b32-865b7cd3c684,Manage Production Enterprise,technical,100
M218201,46e1b714-94f4-462d-88e6-31f442708812,Define Manufacturing Quality Criteria,technical,100
M218201,764db027-9063-4468-acb3-c73ecfc76f35,Develop Manufacturing Policies,technical,100
M218201,798d427e-51b3-4cd4-8b24-1357015e9ae7,Optimise Production,technical,100
M218201,7d0f33ea-e724-4d77-8b75-ee4fe66bb9ba,Plan Manufacturing Processes,technical,100
M218201,82fea746-853f-4f1b-8ab7-55de8619cccd,Lean Manufacturing,technical,100
M218201,91abe492-18be-4cce-93c7-0dca07072363,Meet Deadlines,technical,100
M218201,aa238394-8126-4ada-be2f-9dfe065cf314,Adhere to Organisational Guidelines,technical,100
M218201,b3a75400-103f-42c7-b742-be11d161d05b,Manage Production Systems,digital,100
M218201,f1b5800e-b763-4740-9586-3fef30568e81,Analyse Production Processes for Improvement,technical,100
M218201,f5f5b244-6cea-4fbc-8a50-8f712791bc09,Follow Company Standards,technical,100
M218207,03b9b491-fc9b-4868-914a-bf7cd47b5041,Create Solutions to Problems,technical,100
M218207,089ddb19-1c7a-43ff-ba64-070f7ce4787a,Warehouse Operations,technical,100
M218207,0a30a7df-750a-4df3-9a70-f537c5d14277,Oversee Warehouse Value-Added Activities,technical,100
M218207,0a74ff59-62a8-4942-9063-10fea819e19a,Monitor Security Procedures in Warehouse Operations,technical,100
M218207,0cc9c234-f817-4f4c-908a-4d28fe3b0f4a,Coach Employees,technical,100
M218207,1dea2f3a-857c-4fc3-b1f8-d5f2015c46a9,Give Instructions to Staff,technical,100
M218207,23db1cab-e565-4a90-89f8-3a8685a20029,Maintain Physical Condition of Warehouse,technical,100
M218207,2c5cbddf-3393-452f-abb0-8e734d1b61be,Plan Future Capacity Requirements,technical,100
M218207,339ac029-066a-4985-9f9d-b3d7c8fea0bb,Manage Staff,technical,100
M218207,415abd43-e8e5-4643-b5da-5f11307af57a,Use Different Communication Channels,technical,100
M218207,519b3949-b711-4a08-a395-a4bd068f9fa2,Safety Regulations for Warehouses,technical,100
M218207,5461dd07-62e9-429c-af24-15810a17c230,Monitor Storage Space,technical,100
M218207,5b91b6d4-345e-4195-a078-218514871e7b,Ensure Efficient Utilisation of Warehouse Space,technical,100
M218207,5c5d38eb-4529-48d1-ab98-b6f6800f0a92,Warehousing Regulations,technical,100
M218207,63359272-1303-41d5-a437-f4522f5abcc2,Manage Warehouse Organisation,technical,100
M218207,7111b95d-0ce3-441a-9d92-4c75d05c4388,Project Management,technical,100
M218207,75b30aeb-34c0-40f4-b77d-271d75a98b14,Improve Business Processes,technical,100
M218207,772a9c72-abef-4333-9788-f4cb48ad8e08,Identify Software for Warehouse Management,digital,100
M218207,7ace7312-2775-4bfc-9705-3416a9f7b35b,Provide Staff Training in Warehouse Management,technical,100
M218207,7c821387-b428-4f75-b5a7-7b038aa81cfd,Use a Warehouse Management System,digital,100
M218207,81db5616-3c98-4317-a728-5dae08d44bd4,Comprehend Financial Business Terminology,technical,100
M218207,8bc11ec8-90a3-4d4d-aba3-1c48c71e8fe2,Manage Third-Party Logistics Providers,technical,100
M218207,8ee39fb7-8b46-490e-ae21-6e8b32854dd6,Manage Dispatch Software Systems,digital,100
M218207,989dc903-5838-4d84-8e04-e5b7a2ba97c5,Apply Safety Management,technical,100
M218207,9d59f4e5-20a5-428e-b8b3-645043500457,Create a Work Atmosphere of Continuous Improvement,technical,100
M218207,a42cb3ed-f7d3-4c9c-af2e-ff4d9c9f4d48,Plan the Dispatching of Products,technical,100
M218207,a906a992-65d3-48c4-9912-43f5bcc34e72,Plan the Stocking of Products,technical,100
M218207,ab6265f2-a9bf-49e8-a9a5-67cbab4de38b,Manage Inventory,technical,100
M218207,c5b90c0c-3af0-4c8c-a06c-cc3ced02242c,Perform Cost Accounting Activities,technical,100
M218207,c7e8948c-e7e4-406a-957d-55daaa4cdb44,Ensure Stock Storage Safety,technical,100
M218207,ca226595-beda-406b-a0ac-c65c40784ca4,Oversee Freight-Related Financial Documentation,technical,100
M218207,db9463b7-5c24-46d2-8419-002e03bae1dc,Meet Productivity Targets,technical,100
M218207,dc72ad0a-c5dc-4abd-bc0d-ca43e82162e1,Build Business Relationships,technical,100
M218207,de804504-bd5c-465d-b54f-9da299d8ee90,Maintain Stock Control Systems,digital,100
M218207,e0ae0101-ab8f-47a2-938b-ab0cc367b3b5,Maintain Warehouse Database,digital,100
M218207,e54ff029-1ce9-447d-a5b2-eb7283a23e6e,Train Employees,technical,100
M218207,fa7be6bf-f906-4b8e-857d-48a9a7da901c,Manage Warehouse Operations,technical,100
M218207,faf8943c-72ff-4736-a587-25508695d6f0,Maintain Financial Records,technical,100
M218207,fb39389b-07d5-439f-948b-6c6e58c0384f,Manage Transport of Goods From Warehouse Facilities,technical,100
M218207,fe29e658-7cad-4b70-a169-10a240ec0bef,Work in a Logistics Team,technical,100
M218229,00e53a0a-c0ba-4c9f-a2ed-4706d5832a00,Guarantee Customer Satisfaction,technical,100
M218229,03b9b491-fc9b-4868-914a-bf7cd47b5041,Create Solutions to Problems,technical,100
M218229,0da516ee-e70e-4384-be13-f5ff80be8127,Communicate with Customers,technical,100
M218229,0eb05180-6927-4c35-b898-176e00d0488c,Sell Services,technical,100
M218229,15a33d76-4640-438d-ae64-fdc0c1d3eebc,Customer Service,technical,100
M218229,2239694b-771a-4586-8b54-2794e361a9ae,Maintain Relationship with Customers,technical,100
M218229,28d715e3-3e5b-4fb6-8dd2-4be4919c8587,Handle Customer Complaints,technical,100
M218229,31c83903-8fc8-4bd8-9ca4-7a98a9c31eae,Perform Customers’ Needs Analysis,technical,100
M218229,339ac029-066a-4985-9f9d-b3d7c8fea0bb,Manage Staff,technical,100
M218229,64c813d6-f73a-4f55-8154-8fef4ef54ec7,Inform Customers of Activity Changes,technical,100
M218229,66db424f-2abe-420d-8e5b-186607266b61,Corporate Social Responsibility,technical,100
M218229,68698869-c13c-4563-adc7-118b7644f45d,Identify Customer's Needs,technical,100
M218229,75dfe1ee-5935-42ce-b820-697f827825c3,Maintain Customer Service,technical,100
M218229,81513fdf-5ea9-4375-9bc4-67ad959ac5de,Contact Customers,technical,100
M218229,8ebb2c0a-0baa-43bf-95cf-094047c57427,Maintain Professional Administration,technical,100
M218229,91306a20-9b81-4f3d-97eb-f5368b607da7,Perform Customer Management,technical,100
M218229,a15dab55-f1da-4f85-ae3e-2b5c5b5333ca,Provide High Quality Customer Service,technical,100
M218229,a4346013-a967-4a58-a533-6b32ad1364c5,Data Protection,digital,100
M218229,a56dec32-05ef-45de-a256-ee6741f356db,Information Confidentiality,digital,100
M218229,b1fd9eda-3d2e-48ef-9c1d-0ba318e3c7e6,Supervise Work,technical,100
M218229,b215031a-dd21-48b1-a998-75d6373838d8,Communicate with Customer Service Department,technical,100
M218229,bf5d77ad-e18c-48d8-83f0-bc79c011c74a,Develop Professional Network,technical,100
M218229,c09c5786-a479-46de-b0aa-d5d2d8ccc123,Manage Customer Service,technical,100
M218229,cace7a77-38b7-4cdf-8171-e17692bef5f6,Respond to Customers' Inquiries,technical,100
M218229,d6d3fee7-47e2-47f4-a0ec-6c75f28c6abd,Product Comprehension,technical,100
M218229,d7e4a9fa-cfc2-45f9-96eb-13dc6e48c86c,Video Conferencing Tool,digital,100
M218229,dc72ad0a-c5dc-4abd-bc0d-ca43e82162e1,Build Business Relationships,technical,100
M218229,dc9a236c-c640-43c3-812f-269403591edb,Customer Relationship Management,technical,100
M218229,ead58f22-0af5-467c-ac1e-b750e4e1ac6a,Develop Business Plans,technical,100
M218229,ee1d5734-89b8-4519-81f1-733a6b4f8df8,Monitor Customer Service,technical,100
M218229,f5f5b244-6cea-4fbc-8a50-8f712791bc09,Follow Company Standards,technical,100
M221266,07e1799a-82c2-4877-9b43-1499812c5619,Wear Cleanroom Suit,technical,100
M221266,08cdc2d8-3b6d-491b-8c0e-f631855c8083,Test Medical Devices,technical,100
M221266,1a3660c2-011c-4e96-9b1d-529afc305428,Inspect Quality of Products,technical,100
M221266,1de6b87b-2c7d-49aa-bcc0-3b2ef75f064f,Resolve Equipment Malfunctions,technical,100
M221266,328733a7-6d84-420d-a65c-2a8014fadc60,Record Test Data,technical,100
M221266,3c333552-8d89-43f5-90bd-856e15bec433,Design Drawings,technical,100
M221266,3e71ddfd-fff4-4c8d-a510-a46f4e2edb6b,Medical Device Test Procedures,technical,100
M221266,42b23922-1c40-4dbe-9e0c-7a568dfdf06b,Adjust Engineering Designs,technical,100
M221266,465ff64a-1271-4064-8ed1-e969cb68d8b4,Perform Test Run,technical,100
M221266,499323d7-8f52-4195-9766-f59e61118574,Manufacture Medical Devices,technical,100
M221266,4ddd2c3e-db95-4299-bbc6-f206820ef4c2,Medical Devices Materials,technical,100
M221266,5133ed7b-0785-4c28-825d-1dcf518c4b5b,Align Components,technical,100
M221266,52797dce-911c-4e6d-b0cb-491f6469014f,Install Electrical and Electronic Equipment,technical,100
M221266,65a3a184-7d11-4db9-9b85-281961d1514b,Conduct Routine Machinery Checks,technical,100
M221266,74374d09-7a54-4a05-ae78-d5940423de7c,Use Testing Equipment,technical,100
M221266,79aa4ec0-399d-432e-aae8-7a390ce89bcc,Perform Maintenance on Installed Equipment,technical,100
M221266,82da5835-1759-4eeb-9d58-a834ee80384e,Install Pneumatic Systems,technical,100
M221266,9f34107c-8db0-4b00-84d8-3f64e400c80c,Consult Technical Resources,technical,100
M221266,b07daddc-8625-4360-946e-ad2b0e56ebf6,Read Engineering Drawings,technical,100
M221266,b761de43-013f-42cf-89db-f307b05cd2e9,Repair Medical Devices,technical,100
M221266,b92758d4-4591-4df1-9ceb-f907aa71ebd9,Use Measurement Instruments,technical,100
M221266,bf419e00-8548-491a-a06f-d72ab439df2f,Pneumatics,technical,100
M221266,c5c51528-ccfc-4c53-b409-c200aaa44222,Liaise with Engineers,technical,100
M221266,c8ac1986-38fa-43b2-89dc-50a4beeb420e,Electricity,technical,100
M221266,cafc2723-c308-4058-9921-61306b5de924,Fasten Components,technical,100
M221266,cb1a2fbf-242d-4a4e-a466-588378f124c1,Operate Scientific Measuring Equipment,technical,100
M221266,d15e92c4-c8dc-48cd-a1f6-94fe13347f87,Electrical Wiring Plans,technical,100
M221266,d6179c4b-ff5a-4bbb-a3c8-e0acf0de1f56,Assist Scientific Research,technical,100
M221266,d9b6af48-e906-4a2a-94d9-557023740180,Biomedical Engineering,technical,100
M221266,df958b10-9e1c-4a80-9170-5572a5366e84,Medical Devices,technical,100
M221266,e921279a-1a7e-4900-9720-bde93ae3e70e,Prepare Production Prototypes,technical,100
M221266,ef539e4d-8907-4a88-b2f7-8f8fa95e3117,Medical Device Regulations,technical,100
M221266,efa141df-f382-418f-9121-bd88fd735669,Mechanics,technical,100
M221266,fef20fea-bb6d-4423-9b19-c28e225081a8,Maintain Medical Devices,technical,100
M225101,0302f93a-0d38-4c00-bc37-eda17b6316ea,Biosecurity Related to Animals,technical,100
M225101,15e2a323-7cfd-4a40-ba44-a693b70f7d02,Certify the Performance of Veterinary Procedures,technical,100
M225101,17c4385f-ee2d-4105-b0a1-32dded6987a2,Perform Laboratory Testing on Samples of Animals,technical,100
M225101,1d6d32ea-9753-4069-b6b3-98cd6a1195c1,Maintain Veterinary Clinical Records,technical,100
M225101,1fc580ca-9adc-46af-8a88-61e871273b49,Manage Animal Biosecurity,technical,100
M225101,24ae68dc-59c5-4156-b25b-3070bfdaa79e,Follow Environmentally Sustainable Work Practices in the Veterinary Sector,technical,100
M225101,27bcdf34-aebd-413b-9c02-e8ac63558e6a,Conduct Ante-Mortem Veterinary Health Inspection,technical,100
M225101,32d011d6-7875-4cc3-9755-28b366ef927b,Signs of Animal Illness,technical,100
M225101,3984527c-3a61-460f-8089-a8473b92b515,Evaluate Information in the Field of Veterinary Nursing,technical,100
M225101,3ff821af-f977-4cfd-98d7-27d30d2e4828,Advise on Livestock Disease Control,technical,100
M225101,49212efd-acf0-4257-a011-e07c9e369ecf,Animal Welfare Legislation,technical,100
M225101,4bd422bb-6ea3-4161-a908-53c0f5a1bb00,Animal Production Science,technical,100
M225101,4c1fcf22-65d6-40da-8b96-8c576c2ff068,Perform Inspections of Food-Processing Plants,technical,100
M225101,4e6cfb60-9579-4822-8a5e-424bc0c8835c,Animal Welfare,technical,100
M225101,5cfd2965-ea80-4d1d-a6d6-9ac5c6af6073,Assess Animal's Condition,technical,100
M225101,60e0ed61-6340-4372-984a-416d1fe0010c,Physiology of Animals,technical,100
M225101,6cdcabee-5927-4f16-9b46-0bb384782915,Make Decisions Regarding the Animal's Welfare,technical,100
M225101,70159320-b7f9-4d3e-9f00-99e0adf3f77e,Perform Inspection Analysis,technical,100
M225101,735d7622-351b-4c22-b1b0-c718a8148179,Issue Certificates for Animal Products,technical,100
M225101,74ce6ebc-8886-437e-bee9-ce5735aaa020,Fundamental Veterinary Sciences,technical,100
M225101,90439304-b13d-4e0e-99bc-11f256688653,Regulate Animal Health Standards,technical,100
M225101,912f7556-6b75-4d73-9658-4e710050199d,Apply Animal Hygiene Practices,technical,100
M225101,95261d1e-b16b-4c41-a39b-2d1279062719,Comply with Veterinary Inspection Standards,technical,100
M225101,b4d13ce4-30b6-42b4-8f58-2846a8e641c2,Apply Veterinary Epidemiology,technical,100
M225101,b5a8e3fe-63b3-4a67-a4c4-dee8f4ff5d1a,Safe Work Practices in a Veterinary Setting,technical,100
M225101,c2d48b3a-1f91-4442-8f18-6c43a589737b,Develop Media Strategy,technical,100
M225101,cde1ed83-8527-4ad1-9d26-7d8ccb2e8b03,Handle Veterinary Emergencies,technical,100
M225101,d055b839-911d-4c93-aab1-09baba13af92,Perform Veterinary Diagnosis,technical,100
M225101,d10030a4-f49c-4125-8646-6b091efe5089,Monitor the Welfare of Animals,technical,100
M225101,e16e37e8-e5eb-4b88-a9df-7546f71412ac,Veterinary Clinical Sciences,technical,100
M225101,e286eddc-75e5-4ae3-966b-ec89c1c046ba,Anatomy of Animals,technical,100
M225101,f022949a-39bf-4f54-978e-3d5fa8dd19d9,Animal Behaviour,technical,100
M225101,f2711363-fced-40af-837e-5cea0c7f0604,Advise on Animal Welfare,technical,100
M225101,f8e5f1fd-82ee-45c0-b179-399d8e9a22aa,Deal with Challenging People,technical,100
M225101,fc39a239-f574-4109-b280-cf1f06966bda,Develop Zoonotic Disease Control Policies,technical,100
M226101,01d80f57-3906-44e9-8592-fd1bd8a35808,Medico-Biological and Medical Sciences Related to Dentistry,technical,100
M226101,023e4b09-a193-4c2b-9009-f7dc9326a19b,Perform Oral Health Diagnosis,technical,100
M226101,049c8caf-dd12-45fc-9bfa-b64051f32a19,Respond to Changing Situations in Health Care,technical,100
M226101,04ba2e0a-a939-43ab-92fe-63f50b55c798,Rehabilitate Worn Dentition,technical,100
M226101,06ec0ecb-87fc-47a4-8348-81df2470ff3d,Lead the Dental Team,technical,100
M226101,083c139e-3228-413e-93f0-71fe5e301421,Differentiate Between Maxillofacial Tissues,technical,100
M226101,08f5c290-a81f-4614-89d2-bb5e81e82276,Provide Periodontal Treatment,technical,100
M226101,097098fc-6d89-44e9-9305-98ac5c0a78ac,Educate on the Prevention of Illness,technical,100
M226101,0b144726-21c2-46ed-8d13-c03d27f61604,Perform Multiple Tasks at the Same Time,technical,100
M226101,0c8c1e58-1c48-4efc-9359-9a28f803c52d,Undertake Clinical Audit,technical,100
M226101,0ddce721-52dd-485d-a2da-f3237c65dec7,Restore Teeths' Natural Colour,technical,100
M226101,1273b436-800b-49f5-91ad-82e22f5ebe57,Treat Snoring Problems,technical,100
M226101,13724e7d-b946-4773-915e-9621340237bc,Contribute to Continuity of Health Care,technical,100
M226101,14d88fae-ead0-4d19-8519-04b154b46987,Promote Health and Safety Policies in Health Services,technical,100
M226101,16636767-c215-4cf0-b126-e144fea20926,Use E-Health and Mobile Health Technologies,digital,100
M226101,1ccb6921-3599-4d58-86ee-b659b5fa1c2a,Discuss Dental Treatment Options with Patient,technical,100
M226101,1e186b86-9ef9-405b-94d0-73593c5f6dc2,Use Orthodontic Tools,technical,100
M226101,2475cd27-8d6c-4318-a364-21395b23acba,Empathise with the Healthcare User,technical,100
M226101,24e3d6ad-3357-4c6e-af8d-909f0e22f1bf,Treat Tooth Decay,technical,100
M226101,2f1b740a-8b2c-48c0-a38a-64d347370d1f,Manage Edentulous Patients,technical,100
M226101,445f384e-c0bb-4362-8e44-22f65821f9b6,Manage Adverse Reactions to Anaesthesia,technical,100
M226101,476015fc-ab0d-462b-83bb-0354e2d48610,Cosmetic Dental Procedures,technical,100
M226101,4d614c92-0c48-4a11-a5ed-416b34fd50d2,Manage Healthcare Users' Data,technical,100
M226101,4eae43eb-bf68-4f29-998a-dc48627bb905,Manage Occlusion,technical,100
M226101,508f3b4c-799a-4742-b3ae-75f2ff11153d,Surgery,technical,100
M226101,51e79cb4-fab3-404c-88f3-cd4a1bd5879e,Deal with Emergency Care Situations,technical,100
M226101,5a70f4b8-0e70-4432-b052-6aa33345154f,Minimise Occupational Hazards in Dentistry Practice,technical,100
M226101,60b2dd49-c677-4f47-816e-aff3b577e113,Provide Health Education,technical,100
M226101,6717f75b-1c16-4e5f-80c2-b7c02280f87f,Select Materials for Orthodontic Appliances,technical,100
M226101,6c77aeef-327e-440f-8510-74ce5a73bd8a,Deal with Patients' Anxiety,technical,100
M226101,7110bf9f-b245-4adc-9159-5081013fd64d,Communicate in Healthcare,technical,100
M226101,76395873-7fe2-4f9a-b4b6-9932f8cbd0b4,Follow Clinical Guidelines,technical,100
M226101,7718ad50-18ab-45a6-9eda-91e7634e3b4b,Supervise Dental Staff,technical,100
M226101,7bab3575-28d7-4b29-9429-350cdf214a6f,Keep Records for Dental Prostheses,technical,100
M226101,7f2cb89b-cd07-48d3-8e29-0082942284ef,Counsel on Nutrition and Its Impact on Oral Health,technical,100
M226101,8232979d-6aa4-40c9-a12b-5152a52a76b8,Advise on Healthcare Users' Informed Consent,technical,100
M226101,87635702-302f-47a5-8f3f-30c2cde8742a,Treat Cases of Malocclusion,technical,100
M226101,88323c78-204d-4b96-81ad-6b52add135c0,Interpret Findings From Medical Examinations,technical,100
M226101,972465ce-3f6a-45c2-9a79-98b9ce97bdd2,Perform Dental Clinical Examination,technical,100
M226101,98eb1f3b-3480-416b-bd4b-811946f7e347,Comply with Quality Standards Related to Healthcare Practice,technical,100
M226101,9b9e03bd-b8cd-45d1-8983-7a68e0e63e1f,Fit Dental Appliances,technical,100
M226101,9fcf9918-fdef-49c3-aedc-518eb1e7e1f5,Comply with Legislation Related to Health Care,technical,100
M226101,a17286c5-238d-4f0b-bc24-29e9121345de,Listen Actively,technical,100
M226101,a5d88c63-853a-4f4e-80c3-1e793bb42051,Correct Temporomandibular Joint Abnormalities,technical,100
M226101,ae04aae5-968e-4b05-ae3a-a38d61964528,Treat Exposure of Dental Pulp,technical,100
M226101,b55f61a4-5f9e-4741-ba95-9ac04b64119b,Work in a Multicultural Environment in Health Care,technical,100
M226101,b82fffce-9874-4c6f-b1b9-e8b61d7ecfdb,Carry out Local Anesthesia in Dental Procedures,technical,100
M226101,b8990fac-b9d6-4c9a-980c-fd6753757106,Dentistry Science,technical,100
M226101,bc916b78-2b53-4850-a4aa-7d748e99cc0a,Diagnose Abnormalities of Dental-Facial Structures,technical,100
M226101,bcd2ce08-ba12-4d66-865f-f4ba36419707,Promote Inclusion,technical,100
M226101,c35fc70f-20b6-4798-8907-510c736c41ab,Clinical Disciplines in Dentistry,technical,100
M226101,c65aa043-98da-4136-9877-494e72d9e4cf,Interact with Healthcare Users,technical,100
M226101,c82f9319-cf46-4257-a8ce-542d0a7fed8f,Provide Treatment Strategies for Challenges to Human Health,technical,100
M226101,c8e42fdb-ac7f-4494-acea-f29561c19ab6,Provide Instruction in Orthodontic Procedures,technical,100
M226101,ce086892-462b-45b3-80e7-33bdb5d2db4d,Manage Infection Control in the Facility,technical,100
M226101,ce0d6a42-59c1-433e-ab62-adfc969c46bb,Ensure Safety of Healthcare Users,technical,100
M226101,d3eccb86-f02d-4950-bfbd-20b9510774a1,Apply Organisational Techniques,technical,100
M226101,d4b14482-e5c2-48a2-a3f6-f4ba37a6e588,Perform Reconstructive Oral Surgery,technical,100
M226101,d93f9e29-9740-4231-8486-13d377b99f05,Develop a Collaborative Therapeutic Relationship,technical,100
M226101,e18a6a3c-4f26-4141-8c72-4b4f01d77914,Apply Context Specific Clinical Competences,technical,100
M226101,eb9f8a48-4be4-434b-be9d-293ff5c07f97,Refer Healthcare Users,technical,100
M226101,eba85523-6ad2-4cd9-9b27-a0b6a39b8cfa,Work in Multidisciplinary Health Teams,technical,100
M226101,ef0c52b6-8225-4b65-ba83-5164d0528d1c,Mouth Anatomy,technical,100
M226101,ef69c0d3-0203-4de5-848f-9329c7fe8440,Write Prescriptions for Medication in Dentistry,technical,100
M226101,f8f89b7f-901c-462e-bc6d-f7d2ba68f92e,Anaesthetics,technical,100
M226101,f90d4810-8bac-4e5e-b870-3e35a4138ff7,Accept Own Accountability,technical,100
M226101,ff1c55da-2436-4b6c-a978-a0255e12d39b,Manage Dental Emergencies,technical,100
M226324,095fdace-1cc3-4e80-b37b-268fe297904a,Prepare Audit Activities,technical,100
M226324,0cfc7eb9-2891-4153-b335-6331f381ff05,Communicate Health and Safety Measures,technical,100
M226324,0efbe2dc-2770-47ec-b8f4-d1bdff6ac0a4,Advise on Risk Management,technical,100
M226324,101d63ee-bb22-4a7c-9e0a-c2716063696a,"Make Health, Safety and Environment Assessments",technical,100
M226324,14d88fae-ead0-4d19-8519-04b154b46987,Promote Health and Safety Policies in Health Services,technical,100
M226324,198b614d-a9af-46f5-b3fd-2672b401dd8e,Health and Safety in the Workplace,technical,100
M226324,2cbb31ac-2403-4c31-90f3-7473623a56fc,Investigate Occupational Injuries,technical,100
M226324,2d9aaad3-a3c8-4c5b-bf67-46984d860873,Adhere to OHSAS 18001,technical,100
M226324,2dbdd054-896a-4167-8f11-e9b9ebcf199d,"Health, Safety and Hygiene Legislation",technical,100
M226324,324f0243-1a21-4f5c-9f71-52eebc2596ed,Interview Techniques,technical,100
M226324,41437077-2522-49bf-bcb2-083a23d52958,Inform on Workplace Safety Standards,technical,100
M226324,4707bc7a-e7e7-48e5-8dc5-49ec60fbae90,Document Safety Actions,technical,100
M226324,556be6f4-225f-46a2-a795-d3d54d98c3f7,Conduct Workplace Audits,technical,100
M226324,5d204ec8-981b-4405-9a82-0b1cb21ca9d3,Monitor Employee's Health,technical,100
M226324,5f97fac8-2001-4b81-ae8b-22f9062d921a,Identify Hazards in the Workplace,technical,100
M226324,6a536b36-c5c7-4d10-bf67-a4fb0f8549b2,Audit Techniques,digital,100
M226324,6eff134b-e34f-4d6e-a6e8-5e47cf2228d0,Risk Management,technical,100
M226324,751f6baf-de47-4d67-a657-4133066703f4,Identify Policy Breach,technical,100
M226324,8006596d-605b-4088-a3f6-8e3aedec21ab,Prevent Health and Safety Problems,technical,100
M226324,801ef90e-6db2-4a6b-83bc-5e1144524d10,Prevent Work Accidents,technical,100
M226324,896563fc-6255-4419-89c2-ffed30159ad6,Conduct Research Interview,technical,100
M226324,8bdc520c-6293-4e99-bf6f-a44d5da3ebcb,Monitor Legislation Developments,technical,100
M226324,93a68dcb-3dc6-4dbe-b196-f6d212228a50,Promote Health and Safety,technical,100
M226324,988ec766-73c5-4066-97ed-dee2a6d07fba,Ensure Annual Safety Inspections,technical,100
M226324,bb663409-5c88-4e3a-bc16-01aa1c8ce171,Plan Health and Safety Procedures,technical,100
M226324,d0f48427-7987-4f86-b24d-709837a37fd2,Assist Employee Health Programmes,technical,100
M226324,d2d9051a-10e1-41c5-9cfb-bbdc58016176,Follow Safety Precautions in Work Practices,technical,100
M226324,d5e39a53-4f54-4d5f-9df3-b49664c9559d,Occupational Health,technical,100
M226324,db9050db-ae5d-4be8-8114-c26f272c3bda,Manage Health and Safety,technical,100
M226324,dcc96a49-0bac-4a9c-8f8e-a32b4e47e6eb,Apply Health and Safety Standards,technical,100
M226324,e111620f-090e-4427-a996-21a6e5a2d14f,Instruct on Safety Measures,technical,100
M226324,e4c19f92-6379-45e7-b94d-592457c6d68d,Foster Compliance with Health and Safety Rules by Setting an Example,technical,100
M226324,f2f463e5-2382-49cb-8199-e7e043d868df,Health and Safety Regulations,technical,100
M226324,f9d70f2a-c3f0-475d-ac55-dc2e2ba856e8,Lead Inspections,technical,100
M226325,17fa2e6a-ca80-4d60-afb0-03f170e9d5f3,Collect Samples,technical,100
M226325,2839f191-cd94-49a9-ac16-46018066b8b2,Liaise with Local Authorities,technical,100
M226325,2bdc2f65-b42f-4963-abff-d7214ca4caae,Emission Standards,technical,100
M226325,334e3e49-fb02-4051-809a-f06adfdc1c40,Troubleshoot,technical,100
M226325,3f82a026-8a37-4b54-9ebb-7702b66eeb24,Perform Environmental Investigations,technical,100
M226325,5641a2af-9eb2-4209-9fc6-856f78f2d2f2,Pollution Legislation,technical,100
M226325,5aec5b83-df71-483e-90b9-21e56a0a3cb2,Measure Pollution,technical,100
M226325,75f312e1-622b-4751-8d93-815b32feaf8d,Pollution Prevention,technical,100
M226325,7a34b3d9-bd3b-4f4e-a0f6-f97439901cb7,Apply Scientific Methods,technical,100
M226325,7f18c3a2-f1ce-4db2-a354-9417691b5a43,Write Production Reports,technical,100
M226325,82423b5c-486f-42e7-b00e-7358757a8de5,Test Samples for Pollutants,technical,100
M226325,929a997b-d56c-4383-b36d-6de9fa0e1721,Work with Chemicals,technical,100
M226325,95c35c3a-035f-47c2-90cf-7e934d20fc08,Electronics,digital,100
M226325,9f763ac3-1d6c-48d2-ab54-324b1b144f40,Manage Air Quality,technical,100
M226325,c3bb5700-a94d-407a-8cd0-147727378f25,Urban Pollution Implications,technical,100
M226325,cde9911c-f92e-4de1-811f-336e177ac4ce,Chemistry,technical,100
M226325,f3cc52e3-a96c-4549-b841-6e41a846fa99,Report on Environmental Issues,technical,100
M226331,0e21e183-e787-4f23-a240-93b416c088c2,Maintain Personal Hygiene Standards,technical,100
M226331,1a90e24e-c548-4104-8554-011870b0a891,Prepare Reports on Sanitation,technical,100
M226331,37c325b6-1818-4d38-998c-cea4a7380094,Plan Inspections for Prevention of Sanitation Violations,technical,100
M226331,43b13058-68d0-40c6-8031-caf5a7b7d20c,Keep Task Records,technical,100
M226331,459f76d9-8534-4880-aa23-209179ea5080,Monitor Packaging Operations,technical,100
M226331,47bff4b6-0152-46e0-b20a-48cc78e4ba46,Develop Food Safety Programmes,technical,100
M226331,4d7410df-51a9-42bc-83ec-363c201ee631,Control Food Safety Regulations,technical,100
M226331,56d9c810-c598-4e4b-85ab-722674f90fe8,Take Action on Food Safety Violations,technical,100
M226331,599b2e75-00e8-482f-9335-b2f9aca415f1,Evaluate Retail Food Inspection Findings,technical,100
M226331,713f1ba8-c7a8-43e5-a5cc-0b869474efe7,Food Legislation,technical,100
M226331,756e7f39-d48d-4f42-a900-b09e0c34aa8c,Infections in Food,technical,100
M226331,914c9f5d-b8c5-44af-b302-1947b55bd115,Investigate Complaints Related to Consumer Protection,technical,100
M226331,b4b3b539-81ae-43aa-a540-0e2ea2c7e802,Food Storage,technical,100
M226331,d5c9c535-6539-4fc7-bada-e3169dcc445d,Food Authentication Techniques,technical,100
M226331,dd06c2e2-ecf7-4ce8-9f12-ae5d935071f2,Food Fraud,technical,100
M226331,e4a46d74-71a8-469a-85ad-e40278a23ba1,Food Preservation,technical,100
M226331,e54ff029-1ce9-447d-a5b2-eb7283a23e6e,Train Employees,technical,100
M226337,10026df1-670d-4c75-b3d5-ee0037f9d59b,Lead Process Optimisation,technical,100
M226337,1289bd81-8daf-4e7c-bb46-6bbfe9141c49,Legislation About Animal Origin Products,technical,100
M226337,12d2c08a-3b23-4b15-8aae-15e675f60182,Use New Technologies in Food Manufacturing,technical,100
M226337,1f1da04a-897e-4347-b465-1058a3e9b93c,Manage Ethics Issues in the Food Industry,technical,100
M226337,22c45bf7-e52b-475f-847b-c32a87f65a5d,Circular Economy,technical,100
M226337,2465763d-2bc8-4d76-8705-4755a2a120ce,Foodborne Diseases,technical,100
M226337,2492becf-6769-4431-8e95-bee41b36232a,Ensure Responsible Sourcing in Food Supply Chains,technical,100
M226337,27b86b4c-758e-4749-b242-f6dfde2e74f2,Food Canning Production Line,technical,100
M226337,2879e8f6-037a-49ed-ba73-6f7d7766223e,Food Waste Monitoring Systems,digital,100
M226337,2dbdd054-896a-4167-8f11-e9b9ebcf199d,"Health, Safety and Hygiene Legislation",technical,100
M226337,2ec7edc2-f184-4c7d-bcd1-52b9d994934c,Manage Food Manufacturing Laboratory,technical,100
M226337,3761780c-a40f-409e-9320-4de0ec25472a,Food Materials,technical,100
M226337,3f4e4eab-a8e0-4aed-b8bb-79afe7c890e3,Food Safety Principles,technical,100
M226337,40f65a56-ccbe-4601-9f32-1cc6cdd24f28,Waste Management,technical,100
M226337,42c7632a-b497-4995-b120-56932a59fc77,Describe Chemical Innovation in Products,technical,100
M226337,451c8010-7dbb-4f96-b4d4-0955766d9eff,Improve Chemical Processes,technical,100
M226337,456f68b4-ca28-4029-a67f-7813b2c6cb4d,Food Ethics,technical,100
M226337,46d64d3c-22d6-4186-b2a7-9765e6585eae,Enzymatic Processing,technical,100
M226337,486e0580-470f-42a2-bd6d-ec940c239a9b,Analyse Packaging Requirements,technical,100
M226337,499c05a2-6f36-4407-83c1-dc3448d35818,Ensure Public Safety and Security,technical,100
M226337,4bbb309f-9162-49b9-93da-fb2c371e5c5f,Collect Samples for Analysis,technical,100
M226337,4e081e0a-e25f-4f6e-9c75-e9043ba08aad,Food Toxicity,technical,100
M226337,509ae385-e593-4535-8bac-28c96b200a70,Food Engineering,technical,100
M226337,5966d07c-0242-43ad-b2e8-839031a084d9,Follow-up Lab Results,technical,100
M226337,5ba1d5b9-3f8d-46ca-bf9f-2e9ca65d1350,Apply HACCP,technical,100
M226337,609d6bb4-db16-4578-87fc-57b11a701cc2,Bioeconomy,technical,100
M226337,61bef658-d7f9-4759-b1b0-0f9cb3bc581a,Biotechnology,technical,100
M226337,6338e1e5-1cce-47ab-9e55-8914d8adc2f0,Manage the Use of Additives in Food Manufacturing,technical,100
M226337,63e92f65-e70d-421e-94ac-40f944966161,Promote Ethical Eating,technical,100
M226337,67ba7f39-1ebc-4d71-ba11-5804a1712ff3,Analyse Samples of Food and Beverages,technical,100
M226337,699d61dd-7e3f-40e6-87d5-2bd609055761,Food Products Composition,technical,100
M226337,713f1ba8-c7a8-43e5-a5cc-0b869474efe7,Food Legislation,technical,100
M226337,77558a0f-5e48-44bb-80d2-6380592080de,Develop Food Production Processes,technical,100
M226337,78521a78-d0b6-41ca-ae11-d1af9da8a3cb,Food Science,technical,100
M226337,7976294b-215b-4310-a53f-5b0b5ee23d16,Fermentation Processes of Food,technical,100
M226337,7a9c3fa5-a9bb-46a0-8b5b-4d87427c8b76,Monitor Processing Conditions,technical,100
M226337,83fc0b2b-6cd2-46af-b1ff-d3fc83604c26,Energy Efficiency,technical,100
M226337,886af2d0-64e5-4046-8883-68491cb4f9ca,Evaluate Ingredient Documentation From Suppliers,technical,100
M226337,8a203a8c-d42e-4063-9036-970434c424e4,Combination of Flavours,technical,100
M226337,918f5211-b99f-4b29-9a34-6e475583ef55,Write Work-Related Reports,technical,100
M226337,942948af-0959-418b-966a-732762f88519,Monitor Developments Used for Food Industry,technical,100
M226337,960e6f79-2606-4a45-8971-b74876cb584c,Strive for Nutritional Improvement of Food Manufacturing,technical,100
M226337,97bba453-d31b-4ba3-8dca-51c5991c9e79,Watch Food Product Trends,technical,100
M226337,9e8377c5-ff35-4dd1-a7e4-f50bc7e6f39e,Combination of Textures,technical,100
M226337,a118a699-7258-48d1-bc45-45fc04f792c8,Ingredient Threats,technical,100
M226337,a17286c5-238d-4f0b-bc24-29e9121345de,Listen Actively,technical,100
M226337,a92dbdb0-03b2-4547-a030-982d087a94eb,Assess HACCP Implementation in Plants,technical,100
M226337,b07daddc-8625-4360-946e-ad2b0e56ebf6,Read Engineering Drawings,technical,100
M226337,b4b3b539-81ae-43aa-a540-0e2ea2c7e802,Food Storage,technical,100
M226337,b6ccadfa-695d-43f6-94c6-bfc9d1adb88f,Apply Food Technology Principles,technical,100
M226337,b856655a-ee98-481f-a5a3-b0abc45f6ad5,Molecular Gastronomy,technical,100
M226337,bacbf3d2-c151-4911-b376-e664faa313e3,"Risks Associated to Physical, Chemical, Biological Hazards in Food and Beverages",technical,100
M226337,bb992d83-2d7d-4618-9109-0f0e04881a8e,Food Product Ingredients,technical,100
M226337,bc250150-3372-42c9-834a-a1b65f89ca0b,Apply Requirements Concerning Manufacturing of Food and Beverages,technical,100
M226337,bf7a45c4-0d72-4e6e-9da7-127b2b6656b7,Apply GMP,technical,100
M226337,c0326e27-5fa8-4dca-aecb-ed89ab491513,Prepare Visual Data,digital,100
M226337,c1e6e283-bc66-4e78-b4ec-501ff082d9f1,Food Allergies,technical,100
M226337,c299c135-7cdf-4c06-ad9d-50da94ae2d21,Keep up with Innovations in Food Manufacturing,technical,100
M226337,c52d4012-4a97-436c-a452-b76c26ae423c,Pathogenic Microorganisms in Food,technical,100
M226337,c7cc6dc5-d56b-4323-8e5c-47c4022f615f,Quality Assurance Methodologies,technical,100
M226337,cc1d0498-bcce-4b0f-aa2c-372246f8da6b,Manage Discarded Products,technical,100
M226337,cde9911c-f92e-4de1-811f-336e177ac4ce,Chemistry,technical,100
M226337,d11fd23b-ad01-4f12-85f4-e0d2ed16d5af,Functional Properties of Foods,technical,100
M226337,d5c9c535-6539-4fc7-bada-e3169dcc445d,Food Authentication Techniques,technical,100
M226337,dc57f705-75b6-4232-b531-1f020afa0364,Food and Beverage Industry,technical,100
M226337,dd06c2e2-ecf7-4ce8-9f12-ae5d935071f2,Food Fraud,technical,100
M226337,de134835-030e-4f79-9873-e87c34c1a0db,Laboratory-Based Sciences,technical,100
M226337,e4a46d74-71a8-469a-85ad-e40278a23ba1,Food Preservation,technical,100
M226337,ee5e17b9-be48-48c8-a72f-a489988eaf74,Identify the Factors Causing Changes in Food During Storage,technical,100
M226337,ef258352-7226-4eb8-a943-4be6eaa5ec00,Perform Food Risk Analysis,technical,100
M226337,f3c3e51d-f4dc-49a8-8725-2a2d3160446e,Processes of Foods and Beverages Manufacturing,technical,100
M226337,f6fcc895-3dfc-4b00-bb83-348e3c9c72e1,Interpret Data in Food Manufacturing,technical,100
M226337,f81ff65a-f235-41ea-af47-620e535c51e0,Traceability in Food Industry,technical,100
M226401,029e2bb0-6dd8-4600-bb89-ac7480ae8fb0,Contribute to Quality Physiotherapy Services,technical,100
M226401,03b9b491-fc9b-4868-914a-bf7cd47b5041,Create Solutions to Problems,technical,100
M226401,049c8caf-dd12-45fc-9bfa-b64051f32a19,Respond to Changing Situations in Health Care,technical,100
M226401,072a702d-70c3-4959-91c7-85e69d143894,Manage a Healthcare Unit Budget,technical,100
M226401,097098fc-6d89-44e9-9305-98ac5c0a78ac,Educate on the Prevention of Illness,technical,100
M226401,0b5aaee4-c948-4853-bf8d-b9cd6c4917ee,Inform Policy Makers on Health-Related Challenges,technical,100
M226401,0cd351e5-8798-482e-88a0-4d3eb8fec257,Adjust Physiotherapy Interventions,technical,100
M226401,0e0e4af2-4af8-40f5-8460-99e7401733c6,Employ Cognitive Behaviour Treatment Techniques,technical,100
M226401,0f3ac478-54fa-4305-b077-50e3c0baeb8c,Manage Physiotherapy Staff,technical,100
M226401,0f62b20e-90ea-446b-b5a4-eb5ece4057b0,Develop Strategic Plans for Physiotherapy Services,technical,100
M226401,13724e7d-b946-4773-915e-9621340237bc,Contribute to Continuity of Health Care,technical,100
M226401,14d88fae-ead0-4d19-8519-04b154b46987,Promote Health and Safety Policies in Health Services,technical,100
M226401,154c7027-53f6-4e52-96b9-32bdf949c389,Provide Physiotherapy Diagnosis,technical,100
M226401,16284f84-15c9-4542-b122-a6d584f937ee,Manage Clinical Risk,technical,100
M226401,16636767-c215-4cf0-b126-e144fea20926,Use E-Health and Mobile Health Technologies,digital,100
M226401,190be8c6-69a6-4aff-8320-473aee68d4c8,Orthopaedic Manual Physiotherapy,technical,100
M226401,1b9899a4-5b50-44b0-a21a-e2f86c51ac5a,Assess Physical Conditions of Clients,technical,100
M226401,2475cd27-8d6c-4318-a364-21395b23acba,Empathise with the Healthcare User,technical,100
M226401,2806260f-6399-4add-8f11-070141423f9d,Medical Terminology,technical,100
M226401,28cd3cc4-5b92-47e6-9534-a0e1a4981103,Emergency Surgery,technical,100
M226401,2ed78f04-8282-40ab-89a6-9392fde00826,Orthopaedics,technical,100
M226401,32fcad69-381e-43cb-aebc-94f51ea15bab,Triage Clients for Physiotherapy,technical,100
M226401,342af3a1-4fdc-4ddc-898a-bb82a7f62efe,Record Healthcare Users' Progress Related to Treatment,technical,100
M226401,394028bf-8dd1-4910-ad46-bc9e8e6e5b6d,Advocate Health,technical,100
M226401,398304c5-6073-4968-afc7-394fbd837d74,Measure Effectiveness of the Service Provided,technical,100
M226401,415abd43-e8e5-4643-b5da-5f11307af57a,Use Different Communication Channels,technical,100
M226401,4d614c92-0c48-4a11-a5ed-416b34fd50d2,Manage Healthcare Users' Data,technical,100
M226401,4f7b14d8-f09c-49f7-abae-231e8c210e07,General Medicine,technical,100
M226401,508f3b4c-799a-4742-b3ae-75f2ff11153d,Surgery,technical,100
M226401,51e53aff-6f8a-42ca-9cb9-47335130f4d7,Human Physiology,technical,100
M226401,51e79cb4-fab3-404c-88f3-cd4a1bd5879e,Deal with Emergency Care Situations,technical,100
M226401,52c19dc8-651f-4095-98fe-dcb2799d702e,Geriatrics,technical,100
M226401,541f6f61-40ee-43d3-9f24-a1a5b31c2a34,Develop Physiotherapy Services,technical,100
M226401,56a46b02-ab98-4603-8816-c9daff1a119a,Kinetics,technical,100
M226401,5dfcc46a-4fb1-453c-961b-5d41bf077433,Neurology,technical,100
M226401,60b2dd49-c677-4f47-816e-aff3b577e113,Provide Health Education,technical,100
M226401,60c544c9-0815-479c-bcec-93c7891815ea,Pharmacology,technical,100
M226401,624d9fff-370d-4001-9481-9c86129fd84f,Provide Self Management Support,technical,100
M226401,674e8dd7-bb77-407c-8f77-c2dda956aa54,Prescribe Healthcare Products,technical,100
M226401,684a597e-0d82-4f98-92f1-1e5888043764,Contribute to the Rehabilitation Process,technical,100
M226401,68aefa78-9a8c-4d5f-879a-abcfe1cd464f,Adhere to Health Well-Being and Safety,technical,100
M226401,692ace70-7f97-4214-92bd-88f7637d8a44,Physics,technical,100
M226401,6d6fb354-ae77-4fb0-80d3-e4e52270774a,Provide Information on the Effects of Physiotherapy,technical,100
M226401,6fa0f0de-5630-4a08-a042-a2e07de9208e,Obstetrics and Gynaecology,technical,100
M226401,7110bf9f-b245-4adc-9159-5081013fd64d,Communicate in Healthcare,technical,100
M226401,73a023d0-888c-4d89-87e4-a03e84395da8,Develop Therapeutic Relationships,technical,100
M226401,758e8e0c-2406-460f-b33c-36b422e018bb,Provide Learning Support in Healthcare,technical,100
M226401,76395873-7fe2-4f9a-b4b6-9932f8cbd0b4,Follow Clinical Guidelines,technical,100
M226401,7d08e3cd-3a68-4568-8273-5b53ac0cbc71,Collect Healthcare User's General Data,technical,100
M226401,81b6d428-028b-4bf5-89a2-5e5cb4a8c444,Provide Stroke Rehabilitation Services,technical,100
M226401,8232979d-6aa4-40c9-a12b-5152a52a76b8,Advise on Healthcare Users' Informed Consent,technical,100
M226401,8671290a-ab17-42c2-9114-adcb741e7257,Paediatrics,technical,100
M226401,87669743-a291-4ea0-9a50-cac60d45649c,Rehabilitation,technical,100
M226401,8881a9c2-bd07-4954-bf27-c1f8acca9af0,Sociology,technical,100
M226401,8a06c621-adfe-41df-8fe9-6b33f1ea3f0a,Biomechanics,technical,100
M226401,95992467-644f-4178-97ad-b0e50a8ab084,Therapeutic Massage,technical,100
M226401,98eb1f3b-3480-416b-bd4b-811946f7e347,Comply with Quality Standards Related to Healthcare Practice,technical,100
M226401,9ec4252d-cbe8-4134-88fa-549dee1883f3,Human Anatomy,technical,100
M226401,9fcf9918-fdef-49c3-aedc-518eb1e7e1f5,Comply with Legislation Related to Health Care,technical,100
M226401,a17286c5-238d-4f0b-bc24-29e9121345de,Listen Actively,technical,100
M226401,a1ce519d-6aeb-4f54-955a-beef7f08f5f0,Supervise Physiotherapist Assistants,technical,100
M226401,a3aff665-ab4a-4a9a-9eba-0cd60cba6517,Conduct Physiotherapy Assessment,technical,100
M226401,aa238394-8126-4ada-be2f-9dfe065cf314,Adhere to Organisational Guidelines,technical,100
M226401,ac846964-c171-4d43-8834-cc83ff96f582,Correct Potentially Harmful Movements,technical,100
M226401,add39442-b8ca-4412-8156-391db53b0c5d,Manage Healthcare Staff,technical,100
M226401,afdee309-07f9-464e-ad3b-29f4e539da88,Conduct Health Related Research,technical,100
M226401,b21e2984-c6b2-4352-bbe8-8f3b03bd50f6,Medical Informatics,digital,100
M226401,b55f61a4-5f9e-4741-ba95-9ac04b64119b,Work in a Multicultural Environment in Health Care,technical,100
M226401,b63bfc0b-5b35-4019-b909-68ade8d9be66,Develop Plans Related to the Transfer of Care,technical,100
M226401,bcd2ce08-ba12-4d66-865f-f4ba36419707,Promote Inclusion,technical,100
M226401,bfe4f330-d595-48c7-ab3c-f309471d6953,Psychology,technical,100
M226401,c65aa043-98da-4136-9877-494e72d9e4cf,Interact with Healthcare Users,technical,100
M226401,c82f9319-cf46-4257-a8ce-542d0a7fed8f,Provide Treatment Strategies for Challenges to Human Health,technical,100
M226401,ce0d6a42-59c1-433e-ab62-adfc969c46bb,Ensure Safety of Healthcare Users,technical,100
M226401,d07e7d39-60f9-4ab9-ba03-73f5f8d65cc8,Supervise Physiotherapy Students,technical,100
M226401,d3eccb86-f02d-4950-bfbd-20b9510774a1,Apply Organisational Techniques,technical,100
M226401,d59d023b-8f28-4e67-9a41-aa36320e6c69,Interpret Medical Results,technical,100
M226401,d81a22a2-4f57-4b4d-a3eb-11767238be21,Engage in Physiotherapy Research,technical,100
M226401,d93f9e29-9740-4231-8486-13d377b99f05,Develop a Collaborative Therapeutic Relationship,technical,100
M226401,e18a6a3c-4f26-4141-8c72-4b4f01d77914,Apply Context Specific Clinical Competences,technical,100
M226401,e2ca587e-9018-4f80-a9f6-100bc3d384ab,Develop Plans Related to Client Discharge,technical,100
M226401,e35bfbda-2b8a-4d8e-9afb-8a1862703642,Respiratory Therapy,technical,100
M226401,e862fb43-5acd-4d37-a4a2-63684c164932,Intensive Care Medicine,technical,100
M226401,eb9f8a48-4be4-434b-be9d-293ff5c07f97,Refer Healthcare Users,technical,100
M226401,eba85523-6ad2-4cd9-9b27-a0b6a39b8cfa,Work in Multidisciplinary Health Teams,technical,100
M226401,f6ea35a8-4ef0-4e87-8388-491a6b49aaf8,Maintain Physiotherapy Equipment,technical,100
M226401,f7464f30-662b-4177-85a0-3df9693e9e58,First Aid,technical,100
M226401,f90d4810-8bac-4e5e-b870-3e35a4138ff7,Accept Own Accountability,technical,100
M226401,f9f258e3-4728-4107-9e08-293d5d2ef65e,Psychiatry,technical,100
M226401,fd02e17b-05ea-4449-963d-95273199159d,Formulate a Treatment Plan,technical,100
M226411,029e2bb0-6dd8-4600-bb89-ac7480ae8fb0,Contribute to Quality Physiotherapy Services,technical,100
M226411,03b9b491-fc9b-4868-914a-bf7cd47b5041,Create Solutions to Problems,technical,100
M226411,049c8caf-dd12-45fc-9bfa-b64051f32a19,Respond to Changing Situations in Health Care,technical,100
M226411,072a702d-70c3-4959-91c7-85e69d143894,Manage a Healthcare Unit Budget,technical,100
M226411,097098fc-6d89-44e9-9305-98ac5c0a78ac,Educate on the Prevention of Illness,technical,100
M226411,0b5aaee4-c948-4853-bf8d-b9cd6c4917ee,Inform Policy Makers on Health-Related Challenges,technical,100
M226411,0cd351e5-8798-482e-88a0-4d3eb8fec257,Adjust Physiotherapy Interventions,technical,100
M226411,0e0e4af2-4af8-40f5-8460-99e7401733c6,Employ Cognitive Behaviour Treatment Techniques,technical,100
M226411,0f3ac478-54fa-4305-b077-50e3c0baeb8c,Manage Physiotherapy Staff,technical,100
M226411,0f62b20e-90ea-446b-b5a4-eb5ece4057b0,Develop Strategic Plans for Physiotherapy Services,technical,100
M226411,13724e7d-b946-4773-915e-9621340237bc,Contribute to Continuity of Health Care,technical,100
M226411,14d88fae-ead0-4d19-8519-04b154b46987,Promote Health and Safety Policies in Health Services,technical,100
M226411,154c7027-53f6-4e52-96b9-32bdf949c389,Provide Physiotherapy Diagnosis,technical,100
M226411,16284f84-15c9-4542-b122-a6d584f937ee,Manage Clinical Risk,technical,100
M226411,16636767-c215-4cf0-b126-e144fea20926,Use E-Health and Mobile Health Technologies,digital,100
M226411,190be8c6-69a6-4aff-8320-473aee68d4c8,Orthopaedic Manual Physiotherapy,technical,100
M226411,1b9899a4-5b50-44b0-a21a-e2f86c51ac5a,Assess Physical Conditions of Clients,technical,100
M226411,2475cd27-8d6c-4318-a364-21395b23acba,Empathise with the Healthcare User,technical,100
M226411,2806260f-6399-4add-8f11-070141423f9d,Medical Terminology,technical,100
M226411,28cd3cc4-5b92-47e6-9534-a0e1a4981103,Emergency Surgery,technical,100
M226411,2ed78f04-8282-40ab-89a6-9392fde00826,Orthopaedics,technical,100
M226411,32fcad69-381e-43cb-aebc-94f51ea15bab,Triage Clients for Physiotherapy,technical,100
M226411,342af3a1-4fdc-4ddc-898a-bb82a7f62efe,Record Healthcare Users' Progress Related to Treatment,technical,100
M226411,394028bf-8dd1-4910-ad46-bc9e8e6e5b6d,Advocate Health,technical,100
M226411,398304c5-6073-4968-afc7-394fbd837d74,Measure Effectiveness of the Service Provided,technical,100
M226411,415abd43-e8e5-4643-b5da-5f11307af57a,Use Different Communication Channels,technical,100
M226411,4d614c92-0c48-4a11-a5ed-416b34fd50d2,Manage Healthcare Users' Data,technical,100
M226411,4f7b14d8-f09c-49f7-abae-231e8c210e07,General Medicine,technical,100
M226411,508f3b4c-799a-4742-b3ae-75f2ff11153d,Surgery,technical,100
M226411,51e53aff-6f8a-42ca-9cb9-47335130f4d7,Human Physiology,technical,100
M226411,51e79cb4-fab3-404c-88f3-cd4a1bd5879e,Deal with Emergency Care Situations,technical,100
M226411,52c19dc8-651f-4095-98fe-dcb2799d702e,Geriatrics,technical,100
M226411,541f6f61-40ee-43d3-9f24-a1a5b31c2a34,Develop Physiotherapy Services,technical,100
M226411,56a46b02-ab98-4603-8816-c9daff1a119a,Kinetics,technical,100
M226411,5dfcc46a-4fb1-453c-961b-5d41bf077433,Neurology,technical,100
M226411,60b2dd49-c677-4f47-816e-aff3b577e113,Provide Health Education,technical,100
M226411,60c544c9-0815-479c-bcec-93c7891815ea,Pharmacology,technical,100
M226411,624d9fff-370d-4001-9481-9c86129fd84f,Provide Self Management Support,technical,100
M226411,674e8dd7-bb77-407c-8f77-c2dda956aa54,Prescribe Healthcare Products,technical,100
M226411,684a597e-0d82-4f98-92f1-1e5888043764,Contribute to the Rehabilitation Process,technical,100
M226411,68aefa78-9a8c-4d5f-879a-abcfe1cd464f,Adhere to Health Well-Being and Safety,technical,100
M226411,692ace70-7f97-4214-92bd-88f7637d8a44,Physics,technical,100
M226411,6d6fb354-ae77-4fb0-80d3-e4e52270774a,Provide Information on the Effects of Physiotherapy,technical,100
M226411,6fa0f0de-5630-4a08-a042-a2e07de9208e,Obstetrics and Gynaecology,technical,100
M226411,7110bf9f-b245-4adc-9159-5081013fd64d,Communicate in Healthcare,technical,100
M226411,73a023d0-888c-4d89-87e4-a03e84395da8,Develop Therapeutic Relationships,technical,100
M226411,758e8e0c-2406-460f-b33c-36b422e018bb,Provide Learning Support in Healthcare,technical,100
M226411,76395873-7fe2-4f9a-b4b6-9932f8cbd0b4,Follow Clinical Guidelines,technical,100
M226411,7d08e3cd-3a68-4568-8273-5b53ac0cbc71,Collect Healthcare User's General Data,technical,100
M226411,81b6d428-028b-4bf5-89a2-5e5cb4a8c444,Provide Stroke Rehabilitation Services,technical,100
M226411,8232979d-6aa4-40c9-a12b-5152a52a76b8,Advise on Healthcare Users' Informed Consent,technical,100
M226411,8671290a-ab17-42c2-9114-adcb741e7257,Paediatrics,technical,100
M226411,87669743-a291-4ea0-9a50-cac60d45649c,Rehabilitation,technical,100
M226411,8881a9c2-bd07-4954-bf27-c1f8acca9af0,Sociology,technical,100
M226411,8a06c621-adfe-41df-8fe9-6b33f1ea3f0a,Biomechanics,technical,100
M226411,95992467-644f-4178-97ad-b0e50a8ab084,Therapeutic Massage,technical,100
M226411,98eb1f3b-3480-416b-bd4b-811946f7e347,Comply with Quality Standards Related to Healthcare Practice,technical,100
M226411,9ec4252d-cbe8-4134-88fa-549dee1883f3,Human Anatomy,technical,100
M226411,9fcf9918-fdef-49c3-aedc-518eb1e7e1f5,Comply with Legislation Related to Health Care,technical,100
M226411,a17286c5-238d-4f0b-bc24-29e9121345de,Listen Actively,technical,100
M226411,a1ce519d-6aeb-4f54-955a-beef7f08f5f0,Supervise Physiotherapist Assistants,technical,100
M226411,a3aff665-ab4a-4a9a-9eba-0cd60cba6517,Conduct Physiotherapy Assessment,technical,100
M226411,aa238394-8126-4ada-be2f-9dfe065cf314,Adhere to Organisational Guidelines,technical,100
M226411,ac846964-c171-4d43-8834-cc83ff96f582,Correct Potentially Harmful Movements,technical,100
M226411,add39442-b8ca-4412-8156-391db53b0c5d,Manage Healthcare Staff,technical,100
M226411,afdee309-07f9-464e-ad3b-29f4e539da88,Conduct Health Related Research,technical,100
M226411,b21e2984-c6b2-4352-bbe8-8f3b03bd50f6,Medical Informatics,digital,100
M226411,b55f61a4-5f9e-4741-ba95-9ac04b64119b,Work in a Multicultural Environment in Health Care,technical,100
M226411,b63bfc0b-5b35-4019-b909-68ade8d9be66,Develop Plans Related to the Transfer of Care,technical,100
M226411,bcd2ce08-ba12-4d66-865f-f4ba36419707,Promote Inclusion,technical,100
M226411,bfe4f330-d595-48c7-ab3c-f309471d6953,Psychology,technical,100
M226411,c65aa043-98da-4136-9877-494e72d9e4cf,Interact with Healthcare Users,technical,100
M226411,c82f9319-cf46-4257-a8ce-542d0a7fed8f,Provide Treatment Strategies for Challenges to Human Health,technical,100
M226411,ce0d6a42-59c1-433e-ab62-adfc969c46bb,Ensure Safety of Healthcare Users,technical,100
M226411,d07e7d39-60f9-4ab9-ba03-73f5f8d65cc8,Supervise Physiotherapy Students,technical,100
M226411,d3eccb86-f02d-4950-bfbd-20b9510774a1,Apply Organisational Techniques,technical,100
M226411,d59d023b-8f28-4e67-9a41-aa36320e6c69,Interpret Medical Results,technical,100
M226411,d81a22a2-4f57-4b4d-a3eb-11767238be21,Engage in Physiotherapy Research,technical,100
M226411,d93f9e29-9740-4231-8486-13d377b99f05,Develop a Collaborative Therapeutic Relationship,technical,100
M226411,e18a6a3c-4f26-4141-8c72-4b4f01d77914,Apply Context Specific Clinical Competences,technical,100
M226411,e2ca587e-9018-4f80-a9f6-100bc3d384ab,Develop Plans Related to Client Discharge,technical,100
M226411,e35bfbda-2b8a-4d8e-9afb-8a1862703642,Respiratory Therapy,technical,100
M226411,e862fb43-5acd-4d37-a4a2-63684c164932,Intensive Care Medicine,technical,100
M226411,eb9f8a48-4be4-434b-be9d-293ff5c07f97,Refer Healthcare Users,technical,100
M226411,eba85523-6ad2-4cd9-9b27-a0b6a39b8cfa,Work in Multidisciplinary Health Teams,technical,100
M226411,f6ea35a8-4ef0-4e87-8388-491a6b49aaf8,Maintain Physiotherapy Equipment,technical,100
M226411,f7464f30-662b-4177-85a0-3df9693e9e58,First Aid,technical,100
M226411,f90d4810-8bac-4e5e-b870-3e35a4138ff7,Accept Own Accountability,technical,100
M226411,f9f258e3-4728-4107-9e08-293d5d2ef65e,Psychiatry,technical,100
M226411,fd02e17b-05ea-4449-963d-95273199159d,Formulate a Treatment Plan,technical,100
M226514,001d46db-035e-4b92-83a3-ed8771e0c123,Train Staff to Reduce Food Waste,technical,100
M226514,05cd9341-0d92-4bcc-983c-bf47132ac3f8,Supervise Employees in Food Production Plants,technical,100
M226514,095b0a0f-9b66-4e42-965e-d1c538a2986f,Set Production KPI,technical,100
M226514,2239694b-771a-4586-8b54-2794e361a9ae,Maintain Relationship with Customers,technical,100
M226514,22b8039c-c890-4610-9228-5527e3b98f12,Set Quality Assurance Objectives,technical,100
M226514,277f489c-7a47-4791-bd87-61ca01737f96,Oversee Production Requirements,technical,100
M226514,286e486c-a094-4715-8e5b-a2370b09a408,Manage Corrective Actions,technical,100
M226514,2879e8f6-037a-49ed-ba73-6f7d7766223e,Food Waste Monitoring Systems,digital,100
M226514,2da73273-67ce-4a5d-b890-491491bac073,Implement Short Term Objectives,technical,100
M226514,3936cc7d-d045-4eb0-b951-b862a072c0a2,Design Indicators for Food Waste Reduction,technical,100
M226514,4548416b-2310-4afc-bd6a-c022d3e41014,Ensure Cost Efficiency in Food Manufacturing,technical,100
M226514,5ba1d5b9-3f8d-46ca-bf9f-2e9ca65d1350,Apply HACCP,technical,100
M226514,5f97fac8-2001-4b81-ae8b-22f9062d921a,Identify Hazards in the Workplace,technical,100
M226514,5faaac96-9273-4156-93fb-8b3d48cf20f4,Analyse Trends in the Food and Beverage Industries,technical,100
M226514,713f1ba8-c7a8-43e5-a5cc-0b869474efe7,Food Legislation,technical,100
M226514,811bdb9d-5bf7-4b5a-a3f5-4fc2002f6d57,Financial Capability,technical,100
M226514,85aa1871-db96-42f7-801f-c39f924de2d7,Plan Shifts of Employees,technical,100
M226514,aa5428e2-5464-45bc-ad2b-928775051258,Manage Resources in Food Manufacturing,technical,100
M226514,bc250150-3372-42c9-834a-a1b65f89ca0b,Apply Requirements Concerning Manufacturing of Food and Beverages,technical,100
M226514,bf7a45c4-0d72-4e6e-9da7-127b2b6656b7,Apply GMP,technical,100
M226514,c299c135-7cdf-4c06-ad9d-50da94ae2d21,Keep up with Innovations in Food Manufacturing,technical,100
M226514,c7cc6dc5-d56b-4323-8e5c-47c4022f615f,Quality Assurance Methodologies,technical,100
M226514,d7d53919-5313-4f23-a701-d12f86c03a60,Use Resource-Efficient Technologies in Hospitality,technical,100
M226514,dc57f705-75b6-4232-b531-1f020afa0364,Food and Beverage Industry,technical,100
M226514,de2db5d2-966c-4062-ad10-e37386c439e9,Plan Food Plant Production Activities,technical,100
M226514,dff0087d-25e4-40bf-979e-32fdf2445438,Develop Food Waste Reduction Strategies,technical,100
M226514,e1f5c539-7c93-49ee-917d-a24e0d887686,Control of Expenses,technical,100
M226514,e8db787b-d1a2-4000-b74a-e3db5436fef6,Communicate Production Plan,technical,100
M226514,ee8fee1a-75c1-43fb-b08d-779929f99249,Apply Control Process Statistical Methods,digital,100
M226514,f1b5800e-b763-4740-9586-3fef30568e81,Analyse Production Processes for Improvement,technical,100
M226514,f6fcc895-3dfc-4b00-bb83-348e3c9c72e1,Interpret Data in Food Manufacturing,technical,100
M226701,049c8caf-dd12-45fc-9bfa-b64051f32a19,Respond to Changing Situations in Health Care,technical,100
M226701,097098fc-6d89-44e9-9305-98ac5c0a78ac,Educate on the Prevention of Illness,technical,100
M226701,0b5aaee4-c948-4853-bf8d-b9cd6c4917ee,Inform Policy Makers on Health-Related Challenges,technical,100
M226701,12a105f9-8288-48b5-91e3-ac886c5f77fe,Use Ophthalmic Instruments,technical,100
M226701,13e2378e-0d10-450d-843a-b3592575826e,Implement Marketing Strategies,technical,100
M226701,18edb12e-4f41-4ae0-8085-7513236580c8,Optical Glass Characteristics,technical,100
M226701,2475cd27-8d6c-4318-a364-21395b23acba,Empathise with the Healthcare User,technical,100
M226701,325e8546-a5bb-4bbe-be43-07df4cd2970e,Test Visual Acuity,technical,100
M226701,32bfacd9-51b7-4757-952e-7f2be2671632,Determine Eye Disease Progression,technical,100
M226701,339ac029-066a-4985-9f9d-b3d7c8fea0bb,Manage Staff,technical,100
M226701,39da28ca-7dbc-49d7-8633-ba1b3a4b00c7,Diagnose Problems of the Visual System,technical,100
M226701,45bd49b2-2e24-4279-89a8-b5ae84e8acf2,Fit Contact Lenses,technical,100
M226701,4d614c92-0c48-4a11-a5ed-416b34fd50d2,Manage Healthcare Users' Data,technical,100
M226701,51e79cb4-fab3-404c-88f3-cd4a1bd5879e,Deal with Emergency Care Situations,technical,100
M226701,5dd01a1e-7ba0-4b7f-a76c-ed811c12bfde,Apply Numeracy Skills,technical,100
M226701,5f7c6321-25d2-4c5a-83ea-0e68da0ecb85,Perform Ocular Tonometry,technical,100
M226701,616940bc-d888-4be8-912d-014b78550bf2,Quality Standards of Ophthalmic Equipment,technical,100
M226701,7110bf9f-b245-4adc-9159-5081013fd64d,Communicate in Healthcare,technical,100
M226701,76395873-7fe2-4f9a-b4b6-9932f8cbd0b4,Follow Clinical Guidelines,technical,100
M226701,7d0da710-7fb9-4291-abbe-5e359c8339d0,Record Healthcare Users' Billing Information,technical,100
M226701,7d35b31e-a1b2-4f4e-98f1-6f93081aa0f5,Perform Comprehensive Eye Examinations,technical,100
M226701,8232979d-6aa4-40c9-a12b-5152a52a76b8,Advise on Healthcare Users' Informed Consent,technical,100
M226701,8813cd22-3831-457d-82b3-b197ba974ace,Promote Ocular Health,technical,100
M226701,886f4899-872a-4100-94ac-d331e827a99d,Advise Customers on Optical Instruments Maintenance,technical,100
M226701,8fd5cc16-8d8a-4ae4-b557-9847207e9483,Eye Protection Regulations,technical,100
M226701,98eb1f3b-3480-416b-bd4b-811946f7e347,Comply with Quality Standards Related to Healthcare Practice,technical,100
M226701,9fcf9918-fdef-49c3-aedc-518eb1e7e1f5,Comply with Legislation Related to Health Care,technical,100
M226701,a17286c5-238d-4f0b-bc24-29e9121345de,Listen Actively,technical,100
M226701,aa1eb7ac-53a8-4c08-ba6f-3f3196b1cae1,Advise Patients on Vision Improvement Conditions,technical,100
M226701,aa238394-8126-4ada-be2f-9dfe065cf314,Adhere to Organisational Guidelines,technical,100
M226701,ac745bcf-7b2a-4f64-bd81-129c1d4c8699,Prescribe Corrective Lenses,technical,100
M226701,b55f61a4-5f9e-4741-ba95-9ac04b64119b,Work in a Multicultural Environment in Health Care,technical,100
M226701,b97f4aef-ccda-4d55-8587-d62be69755b2,Refraction of the Eye,technical,100
M226701,bcd2ce08-ba12-4d66-865f-f4ba36419707,Promote Inclusion,technical,100
M226701,bdcac0c8-b77a-4640-9eaf-c0cf3efd1e23,Process Payments,technical,100
M226701,c65aa043-98da-4136-9877-494e72d9e4cf,Interact with Healthcare Users,technical,100
M226701,ce0d6a42-59c1-433e-ab62-adfc969c46bb,Ensure Safety of Healthcare Users,technical,100
M226701,d15ce60f-ddab-41ce-ba56-398451b77b60,Have Computer Literacy,digital,100
M226701,d3eccb86-f02d-4950-bfbd-20b9510774a1,Apply Organisational Techniques,technical,100
M226701,db59cca2-7b61-4d28-9579-00bb4a81712e,Advise on Contact Lense Maintenance,technical,100
M226701,e18a6a3c-4f26-4141-8c72-4b4f01d77914,Apply Context Specific Clinical Competences,technical,100
M226701,eb9f8a48-4be4-434b-be9d-293ff5c07f97,Refer Healthcare Users,technical,100
M226701,eba85523-6ad2-4cd9-9b27-a0b6a39b8cfa,Work in Multidisciplinary Health Teams,technical,100
M226701,f8bd915e-8424-469f-bab8-e64fc2e4c2dd,Optical Instruments,technical,100
M226701,f90d4810-8bac-4e5e-b870-3e35a4138ff7,Accept Own Accountability,technical,100
M226701,ff031994-dd71-4bb6-a351-1b9c83efa0d1,Provide Therapy of the Visual System,technical,100
M226902,0450eaee-1a00-4622-8f4e-5356fce816d2,Hygiene in a Health Care Setting,technical,100
M226902,049c8caf-dd12-45fc-9bfa-b64051f32a19,Respond to Changing Situations in Health Care,technical,100
M226902,11f536f5-b0e2-46a6-95c1-bd765946604c,Guarantee Students' Safety,technical,100
M226902,1709f408-9965-489b-9805-8e1e5d9e483b,Health Care Legislation,technical,100
M226902,1b3370df-c280-470c-ac35-951f42ca8b19,Promote a Positive Image of Nursing,technical,100
M226902,20f57a7f-b90e-4403-8c77-5ddd89b5835b,Prepare Lesson Content,technical,100
M226902,229b10cf-6f3a-490c-9706-01c107df0562,Facilitate Teamwork Between Students,technical,100
M226902,31b67516-af16-4b97-8430-a8a8e0f84190,Assessment Processes,technical,100
M226902,33c01497-8264-4773-81dd-6096ad512f02,Health Care Occupation-Specific Ethics,technical,100
M226902,44da96fe-26a3-4a32-9a0f-c49614bb7298,Manage Student Relationships,technical,100
M226902,4f7b14d8-f09c-49f7-abae-231e8c210e07,General Medicine,technical,100
M226902,516e324b-03fc-4d3b-9986-e46e9834cd43,Implement Fundamentals of Nursing,technical,100
M226902,51e53aff-6f8a-42ca-9cb9-47335130f4d7,Human Physiology,technical,100
M226902,51e79cb4-fab3-404c-88f3-cd4a1bd5879e,Deal with Emergency Care Situations,technical,100
M226902,573d3f91-c81c-407e-a56d-0f3a63272b43,Adapt Teaching to Student's Capabilities,technical,100
M226902,59eb177a-2f30-4943-8b30-5f87dd51a80d,Apply Teaching Strategies,technical,100
M226902,5a42eaf5-93bb-4bca-8ebd-4d78e96e4929,Maintain Students' Discipline,technical,100
M226902,6f46a3bb-eb18-4c3e-b05b-8b073fceb4fb,Sterilization Techniques,technical,100
M226902,6fe019dd-027f-45f3-b19c-d27f7ae00980,Assess Students,technical,100
M226902,731101d9-94bc-4805-bff4-9578d1bf03b5,Learning Difficulties,technical,100
M226902,7530bc44-f09d-4dd2-8911-92b98333e442,Assist Students with Equipment,technical,100
M226902,81ad8286-cc55-4a08-92a6-38474c35c893,Instructional Strategies,technical,100
M226902,9ec4252d-cbe8-4134-88fa-549dee1883f3,Human Anatomy,technical,100
M226902,b9bb1f03-15e2-4079-943e-7e483b21725b,Give Constructive Feedback,technical,100
M226902,d5e1e30e-44ab-4aba-abab-b8263e801b7a,Assist Students in Their Learning,technical,100
M226902,e3ef4981-2cba-4b34-b273-728c3a33d04f,Apply Intercultural Teaching Strategies,technical,100
M226902,ec74893f-e11b-471f-85e0-f7339da98d53,Work in Vocational School,technical,100
M226902,edff6d20-660d-4d33-b412-9a5b664a14be,Curriculum Objectives,technical,100
M226902,f0699875-51da-48d2-bc92-54b0749baef1,Develop Course Outline,technical,100
M242103,00b9a3aa-7070-4bb5-8020-f228a97cf42f,Draft Scientific or Academic Papers and Technical Documentation,technical,100
M242103,03b9b491-fc9b-4868-914a-bf7cd47b5041,Create Solutions to Problems,technical,100
M242103,0760bfac-9a03-427a-ad84-ccd33a2f2ae8,Mathematical Modelling,technical,100
M242103,08b04e53-ed25-41a2-9f90-0b9cd939ba3d,Manage Research Data,digital,100
M242103,20a8fe89-d4eb-4698-8521-8881c13377e0,Interact Professionally in Research and Professional Environments,technical,100
M242103,2b1e2927-3542-48da-9063-02925e7562c1,Disseminate Results to the Scientific Community,technical,100
M242103,2b34764d-637c-48f5-aa70-31e15c965db6,Operate Open Source Software,digital,100
M242103,2de4572a-4724-4f76-afc2-72a568a264ac,Speak Different Languages,technical,100
M242103,31c69100-b612-4a61-8db5-fd314318854c,Execute Analytical Mathematical Calculations,technical,100
M242103,39f67488-cfd3-4370-8d7e-da98163102d9,Evaluate Research Activities,technical,100
M242103,4134622c-c3fb-4a41-beb6-6d58ba5107db,Demonstrate Disciplinary Expertise,technical,100
M242103,4339176e-3acd-4f7f-a5d9-445bee3d23f2,Mathematics,technical,100
M242103,4d39b27a-b34f-4c89-8d46-df844d42f728,Increase the Impact of Science on Policy and Society,technical,100
M242103,4f5c1208-62fd-4e5a-a51e-306c06947e11,Manage Findable Accessible Interoperable and Reusable Data,digital,100
M242103,4fabca9a-7435-4f33-b1da-3cdb00340fdc,Perform Scientific Research,technical,100
M242103,518dc04d-092d-4fa1-bd82-88b7a9278ef7,Manage Intellectual Property Rights,technical,100
M242103,55e910e4-736d-44cf-bfa9-b15adc5d91d2,Algebra,technical,100
M242103,5f0082ab-2131-49b5-94d6-a1821daf57d6,Apply for Research Funding,technical,100
M242103,629685b8-5f9e-4522-8cff-b3e2c4ec625a,Digital Data Processing,digital,100
M242103,6b4f794c-062e-4e05-863a-ae1bad44f395,Monte Carlo Simulation,digital,100
M242103,7a34b3d9-bd3b-4f4e-a0f6-f97439901cb7,Apply Scientific Methods,technical,100
M242103,7ee4c2ea-b349-4bd2-81a3-ec31475d4833,Statistics,technical,100
M242103,8316979b-df5a-4dc7-98ef-61ec6a10df84,Conduct Quantitative Research,technical,100
M242103,833289fa-3646-4010-9d9e-93ba8c9ef2d8,Apply Research Ethics and Scientific Integrity Principles in Research Activities,technical,100
M242103,872a1632-f1db-4feb-bb27-0a6a359b7591,Promote Open Innovation in Research,technical,100
M242103,979cf728-896f-4f2c-8fa8-2698ca0d4930,Publish Academic Research,technical,100
M242103,988f4ac3-a37c-4b0a-a40f-4e0e56b5919e,Promote the Transfer of Knowledge,technical,100
M242103,9a58cd26-58eb-4a1c-b1b6-64037fe9cfa1,Think Abstractly,technical,100
M242103,a5826fe3-8df6-4fa8-adad-b7116864588f,Communicate Mathematical Information,technical,100
M242103,a584a638-a2c0-4b3c-bdf3-a64f87225be9,Mentor Individuals,technical,100
M242103,a8d24a95-47b3-4f88-92e7-06600bcd3612,Manage Personal Professional Development,technical,100
M242103,c3c2420c-ce9a-4371-8eed-1db479c3a562,Write Scientific Publications,technical,100
M242103,cb304338-3a44-4b6f-802b-dfc6c64de109,Scientific Modelling,technical,100
M242103,cc61f9e5-d4fc-470e-8606-1ce865ff8386,Develop Professional Network with Researchers and Scientists,technical,100
M242103,cd50d616-1f8b-481e-983f-68d2674ff82d,Integrate Gender Dimension in Research,technical,100
M242103,cd5efa8c-e44d-4cbc-91c6-796018dbed68,Perform Project Management,technical,100
M242103,da930e2f-6047-4616-a598-bba8ecef3039,Manage Open Publications,digital,100
M242103,e72ce847-f7a9-40b8-ac66-ce291a2121de,Study the Relationships Between Quantities,technical,100
M242103,ed3f3dba-3a35-4ed5-b113-67f4d10ef4c8,Scientific Research Methodology,technical,100
M242103,f715be1d-5fc4-49d3-82a5-0b8090d12849,Synthesise Information,technical,100
M242103,f7b071bf-4882-4cfc-ae0a-7e0e0ab94c61,Conduct Research Across Disciplines,technical,100
M242103,fa642fc3-5cc5-41cf-8926-6617a8b976a7,Promote the Participation of Citizens in Scientific and Research Activities,technical,100
M242103,fce09eac-0b2d-4a50-bdcd-9dff4edfd9d0,Numerical Sequences,technical,100
M242103,ff64e9fc-36dd-4035-872a-83aa41dc1ad9,Communicate with a Non-Scientific Audience,technical,100
M242601,21c5790c-0930-4d74-b3b0-84caf5af12ea,Manage Budgets,technical,100
M242601,339ac029-066a-4985-9f9d-b3d7c8fea0bb,Manage Staff,technical,100
M242601,4fabca9a-7435-4f33-b1da-3cdb00340fdc,Perform Scientific Research,technical,100
M242601,52272cdd-7a52-4b88-a12b-7ca442c37f99,Provide Project Information on Exhibitions,technical,100
M242601,54e4e941-76cd-4bb7-bf25-019d50b737de,Discuss Research Proposals,technical,100
M242601,54f78038-58a8-46cb-9633-41ade03c07b7,Study Topics,technical,100
M242601,7111b95d-0ce3-441a-9d92-4c75d05c4388,Project Management,technical,100
M242601,7159e587-c7cb-4ec0-a662-03e1dee2cccb,Research Design,technical,100
M242601,75595bbd-e2f4-40b7-846f-27945e52ab7c,Respect Cultural Differences in the Field of Exhibition,technical,100
M242601,9fc400ac-8ed2-4aff-915f-aa4f2609ec7b,Multidisciplinary Research,technical,100
M242601,c544a9f3-5945-4b54-afed-de0697852817,Report Analysis Results,technical,100
M242601,d5dbc342-8e39-4998-8237-ebbe05a381ce,Manage Research and Development Projects,technical,100
M242601,d82b3bfc-b323-44d6-8776-e3d28e9183a4,Cope with Challenging Demands,technical,100
M242601,daea23cb-c46e-4dc7-b0ac-882ecff74f40,Work Independently on Exhibitions,technical,100
M242601,db27065e-3c06-4f89-aa55-48fd87dabf82,Study a Collection,technical,100
M242601,e207163b-7963-4c3e-9494-7a4bb000211b,Estimate Duration of Work,technical,100
M242601,ed3f3dba-3a35-4ed5-b113-67f4d10ef4c8,Scientific Research Methodology,technical,100
M242602,0e1fe34b-f4e7-4642-8c8b-5a05ac3438e5,Manage Schedule of Tasks,technical,100
M242602,1be9dd4c-ea8d-485e-8a45-28e8a7ab36d3,Interpret Medical Images,technical,100
M242602,21c5790c-0930-4d74-b3b0-84caf5af12ea,Manage Budgets,technical,100
M242602,2cb9cefd-5333-4893-ba47-9b38d13f7ec6,Provide Test Results to Medical Staff,technical,100
M242602,339ac029-066a-4985-9f9d-b3d7c8fea0bb,Manage Staff,technical,100
M242602,44e2c4c4-9fd2-42d4-a133-d81360ded4bc,Manage Health and Safety Standards,technical,100
M242602,46a5e3ea-e276-4d84-a289-bd1187ac8cb1,Diagnostic Methods in Medical Laboratory,technical,100
M242602,587f6825-0ef1-4fb0-8425-71a50d786a37,Arrange Equipment Repairs,technical,100
M242602,6f571969-3640-4774-a9bc-fd2ef583fdec,Apply Safety Procedures in Laboratory,technical,100
M242602,7111b95d-0ce3-441a-9d92-4c75d05c4388,Project Management,technical,100
M242602,8557f2f8-7ff3-47d8-bdb4-b9608dee906e,Maintain Medical Laboratory Equipment,technical,100
M242602,8c6feedd-339f-4dba-b28a-dae84c759853,Develop Project Schedule,technical,100
M242602,93261e82-8ffe-4a8b-b8b0-02265edbf562,Supervise Laboratory Operations,technical,100
M242602,9601b2a8-68e4-4906-9306-a23679b8f0b0,Supervise Staff,technical,100
M242602,ab6265f2-a9bf-49e8-a9a5-67cbab4de38b,Manage Inventory,technical,100
M242602,c73ea1b8-e121-4f91-b8f0-dee4ee28d6ec,Plan Schedule,technical,100
M242602,ca17f0df-59e4-4ed2-9360-fc5325bc7151,Supervise Equipment,technical,100
M242602,d59d023b-8f28-4e67-9a41-aa36320e6c69,Interpret Medical Results,technical,100
M242602,e0cfe83a-17d7-4015-a427-bd3986f27b42,Medical Laboratory Technology,technical,100
M242602,f2f463e5-2382-49cb-8199-e7e043d868df,Health and Safety Regulations,technical,100
M242613,21c5790c-0930-4d74-b3b0-84caf5af12ea,Manage Budgets,technical,100
M242613,339ac029-066a-4985-9f9d-b3d7c8fea0bb,Manage Staff,technical,100
M242613,4fabca9a-7435-4f33-b1da-3cdb00340fdc,Perform Scientific Research,technical,100
M242613,52272cdd-7a52-4b88-a12b-7ca442c37f99,Provide Project Information on Exhibitions,technical,100
M242613,54e4e941-76cd-4bb7-bf25-019d50b737de,Discuss Research Proposals,technical,100
M242613,54f78038-58a8-46cb-9633-41ade03c07b7,Study Topics,technical,100
M242613,7111b95d-0ce3-441a-9d92-4c75d05c4388,Project Management,technical,100
M242613,7159e587-c7cb-4ec0-a662-03e1dee2cccb,Research Design,technical,100
M242613,75595bbd-e2f4-40b7-846f-27945e52ab7c,Respect Cultural Differences in the Field of Exhibition,technical,100
M242613,9fc400ac-8ed2-4aff-915f-aa4f2609ec7b,Multidisciplinary Research,technical,100
M242613,c544a9f3-5945-4b54-afed-de0697852817,Report Analysis Results,technical,100
M242613,d5dbc342-8e39-4998-8237-ebbe05a381ce,Manage Research and Development Projects,technical,100
M242613,d82b3bfc-b323-44d6-8776-e3d28e9183a4,Cope with Challenging Demands,technical,100
M242613,daea23cb-c46e-4dc7-b0ac-882ecff74f40,Work Independently on Exhibitions,technical,100
M242613,db27065e-3c06-4f89-aa55-48fd87dabf82,Study a Collection,technical,100
M242613,e207163b-7963-4c3e-9494-7a4bb000211b,Estimate Duration of Work,technical,100
M242613,ed3f3dba-3a35-4ed5-b113-67f4d10ef4c8,Scientific Research Methodology,technical,100
M243301,03a0ab28-ce99-4e14-baf8-a66c55da28f8,Carry out Event Management,technical,100
M243301,0c0488b3-fca5-4deb-865b-8dc605c3d909,Sales Argumentation,technical,100
M243301,163f98f3-a8a7-4008-be49-87f4c7d27738,Advise on Medical Products,technical,100
M243301,2806260f-6399-4add-8f11-070141423f9d,Medical Terminology,technical,100
M243301,2dd6ecdf-8a08-438b-8b4b-e0374f7b523b,Carry out Sales Analysis,technical,100
M243301,4262ddf4-4985-4d23-ba82-f82a226b2bde,Medication Classification,technical,100
M243301,45844ea3-bb3c-4f63-b23e-a0a62b78bc49,Provide Customers with Order Information,technical,100
M243301,4db59630-40d1-403d-b2f0-0cc81d95632d,Pharmacovigilance Legislation,technical,100
M243301,4ddd2c3e-db95-4299-bbc6-f206820ef4c2,Medical Devices Materials,technical,100
M243301,6d97bf55-6fb6-4795-8282-3ef915ae0bb8,Prospect New Customers,technical,100
M243301,71152876-b629-4a99-b9ea-0f25a0d07e4e,Negotiate Sales Contracts,technical,100
M243301,73225018-7139-433b-bdba-2b90774761d9,Issue Purchase Orders,technical,100
M243301,7dd3640b-d224-45c8-a542-dad9e6e11c3a,Provide Legal Information on Medical Devices,technical,100
M243301,9072e955-3c24-408e-a069-15f3fb012e72,Advise on Medical Device Features,technical,100
M243301,9b63d92b-5a3a-46b0-b2ba-c98b39ea5aaf,Health Care System,technical,100
M243301,bea8009d-7d73-4daf-bbe8-39870aa3cceb,Medical Sales Industry,technical,100
M243301,c44d8c88-8a21-4a39-8585-fc7cfc49180c,Organise Retail Sampling Events,technical,100
M243301,cf22d572-a77f-410d-83e4-3a627cc8df77,Supervise Sales Activities,technical,100
M243301,e7219848-a27a-4bf4-8775-d367707be7c9,Sales Strategies,technical,100
M243301,f4d3a8ff-2db1-4015-aa28-d4564afef3fd,Keep Records on Sales,technical,100
M243401,00e53a0a-c0ba-4c9f-a2ed-4706d5832a00,Guarantee Customer Satisfaction,technical,100
M243401,0da516ee-e70e-4384-be13-f5ff80be8127,Communicate with Customers,technical,100
M243401,0e1fe34b-f4e7-4642-8c8b-5a05ac3438e5,Manage Schedule of Tasks,technical,100
M243401,13e2378e-0d10-450d-843a-b3592575826e,Implement Marketing Strategies,technical,100
M243401,1585fc98-bfe4-461f-97fc-734055a2c3ce,Characteristics of Products,technical,100
M243401,1dae8445-12e5-423a-bb26-824010e299b9,Ensure Compliance with Legal Requirements,technical,100
M243401,2206af0c-3deb-48c5-a544-b9983d347da3,Answer Requests for Quotation,technical,100
M243401,2239694b-771a-4586-8b54-2794e361a9ae,Maintain Relationship with Customers,technical,100
M243401,49fed129-e32b-4f67-b80a-609d79e45b20,Electronic and Telecommunication Equipment,digital,100
M243401,50181a4b-1cfd-4fbd-ac9a-c1a494b9c5d0,Implement Customer Follow-Up,technical,100
M243401,6d97bf55-6fb6-4795-8282-3ef915ae0bb8,Prospect New Customers,technical,100
M243401,756ae350-9e1f-4cb9-9c27-6bd99806dadc,Sales Promotion Techniques,technical,100
M243401,7f783956-f734-4d56-85de-10f0c1706f8a,Record Customers' Personal Data,technical,100
M243401,81513fdf-5ea9-4375-9bc4-67ad959ac5de,Contact Customers,technical,100
M243401,8b7409b0-e18e-4dfc-9ad9-8ddbcce38849,Keep Records of Customer Interaction,technical,100
M243401,97b246e3-4f45-4708-9734-cd3158d868cf,Demonstrate Motivation for Sales,technical,100
M243401,9889b795-d755-41b2-8afd-2e3c87a65a38,Use Customer Relationship Management Software,digital,100
M243401,b0565bd9-29c8-42f6-b174-702970fc2f4f,Produce Sales Reports,technical,100
M243401,b7c8f418-08d5-45d6-b697-ab26c6ecbfb4,Ensure Client Orientation,technical,100
M243401,b99aa3b8-0066-46b2-a027-30afae444ad8,Implement Sales Strategies,technical,100
M243401,c32ad607-0c4d-4e34-b73f-668298f7bf13,Apply Technical Communication Skills,technical,100
M243401,cace7a77-38b7-4cdf-8171-e17692bef5f6,Respond to Customers' Inquiries,technical,100
M243401,cf22d572-a77f-410d-83e4-3a627cc8df77,Supervise Sales Activities,technical,100
M243401,d15ce60f-ddab-41ce-ba56-398451b77b60,Have Computer Literacy,digital,100
M243401,d6d3fee7-47e2-47f4-a0ec-6c75f28c6abd,Product Comprehension,technical,100
M243401,de7b8c6c-9ed4-4776-924c-4265dd1d9cde,Demonstrate Products' Features,technical,100
M243401,debb8d81-ed7f-447d-853a-5d107fda6fcf,Provide Customer Follow-up Services,technical,100
M243401,f4d3a8ff-2db1-4015-aa28-d4564afef3fd,Keep Records on Sales,technical,100
M243401,fb3bc9b5-2297-4bba-85b1-60f696a92db8,Characteristics of Services,technical,100
M251101,04fe962b-4017-4eb7-9139-7d69b6922bc9,Use an Application-Specific Interface,digital,100
M251101,09f2f811-a3fb-4de3-a70f-6420a6935575,Systems Development Life-Cycle,digital,100
M251101,0e0c9c11-b39e-43cf-ba95-2fe646f5de64,Identify Customer Requirements,technical,100
M251101,2450c3b3-e78e-435b-b84d-e05d984e71dc,Software Architecture Models,digital,100
M251101,382c11ed-20d5-4ae7-b60e-15fec527fa6c,Apply Statistical Analysis Techniques,digital,100
M251101,397da142-ab35-48fe-b154-7c38f447adfb,Digital Systems,digital,100
M251101,3ce1fe19-7f9e-4070-941d-651673a5693b,Decision Support Systems,digital,100
M251101,501537a7-9d63-491d-ae02-09f04767ff1e,Attack Vectors,digital,100
M251101,56042303-972b-41be-9310-58467599ff7e,Analyse Business Processes,technical,100
M251101,7adb8473-bcc6-4ff8-9850-76d945d40092,Analyse ICT System,digital,100
M251101,85f46538-ae70-498a-bfbc-b8ddafe96c7d,Levels of Software Testing,digital,100
M251101,861313ba-3a1a-4d33-842a-1b8e45e2415b,Manage ICT Legacy Implication,digital,100
M251101,9190d87f-9792-42e0-bb7f-64294a656bcd,Monitor System Performance,digital,100
M251101,9714735d-6f60-440b-bdbc-aaf45ebcbe78,Analyse the Context of an Organisation,technical,100
M251101,9e06bac6-6b91-48ca-8b7d-c1f48cdecd7c,Solve ICT System Problems,digital,100
M251101,a47d194d-0ffd-4aaa-b695-fbbe0255000e,Design Information System,digital,100
M251101,a8797f21-1af0-4c5e-98ca-bf1442929363,Interact with Users to Gather Requirements,technical,100
M251101,b0a3bb25-a02f-43ed-ab1f-994fa66a424a,Online Analytical Processing,digital,100
M251101,ce354460-500e-4eaa-8e95-8f243fcea3db,Manage System Testing,digital,100
M251101,d0c6d77e-cb25-4770-bf77-2073fc5f7523,ICT Infrastructure,digital,100
M251101,d74df140-eb69-43e2-bac9-1cafc824d702,Execute Feasibility Study,technical,100
M251101,d9e5349e-8791-49c2-8ba4-839fdd1606c2,Define Technical Requirements,technical,100
M251101,dad7e408-162f-46a4-8567-db560e19e2fc,Identify ICT System Weaknesses,digital,100
M251101,ed39edd3-44d0-4a16-9796-bfb99f92baf3,ICT Performance Analysis Methods,digital,100
M251101,f28617ad-afdd-4041-814c-216153a38998,Analyse Software Specifications,digital,100
M251101,f4a85869-1855-45d5-a43c-7ee8cd451996,Perform ICT Security Testing,digital,100
M251101,fb7aee4d-f6c6-4a87-8e9d-8e542b3771f8,Software Metrics,digital,100
M251101,fbafa41f-cd05-4109-a649-8b44d306d779,Create Data Models,digital,100
M251144,04fe962b-4017-4eb7-9139-7d69b6922bc9,Use an Application-Specific Interface,digital,100
M251144,09f2f811-a3fb-4de3-a70f-6420a6935575,Systems Development Life-Cycle,digital,100
M251144,0af062de-eb43-41e9-9b96-249e2cd22d26,Use Markup Languages,digital,100
M251144,0dc7aa1b-b5af-4f4b-81ce-ee22ed8b6926,Assess ICT Knowledge,digital,100
M251144,117373c8-f04b-4fff-8683-aebe36edac81,Hardware Platforms,digital,100
M251144,14d1e367-3efe-4ec5-86ae-eca48710ee4e,Implement ICT Security Policies,digital,100
M251144,2857540c-180b-4208-9127-e94a01871966,Align Software with System Architectures,digital,100
M251144,29fb0fb5-dfc4-4098-ac9b-3a712000f48f,Manage Database,digital,100
M251144,397da142-ab35-48fe-b154-7c38f447adfb,Digital Systems,digital,100
M251144,69bbd53f-fbb0-4476-b4b2-ef7844464e28,Web Programming,digital,100
M251144,90be83d9-56f1-46a4-a6bc-96c51f6c9025,Acquire System Component,digital,100
M251144,98301d4a-2cc3-439d-8d7f-0b6ac76302bb,Business Process Modelling,technical,100
M251144,9ef0f3a0-9ce2-4ef1-a987-0366b5cb2dbe,Database Development Tools,digital,100
M251144,a47d194d-0ffd-4aaa-b695-fbbe0255000e,Design Information System,digital,100
M251144,b04f377b-ee80-4b38-aca1-19d266a23b17,Analyse Business Requirements,technical,100
M251144,cbe2c304-1e7d-489a-97d9-a7d3e37a9db6,Apply ICT Systems Theory,digital,100
M251144,cdd8b6b2-2fd9-453c-8d62-8a1dc6efcd49,Systems Theory,digital,100
M251144,ce354460-500e-4eaa-8e95-8f243fcea3db,Manage System Testing,digital,100
M251144,d9e5349e-8791-49c2-8ba4-839fdd1606c2,Define Technical Requirements,technical,100
M251144,ed8de897-adbe-4f0e-b4d2-534953e64c72,Integrate System Components,digital,100
M251144,ee3c1d54-f46a-43c7-a0f9-0ba3648164d0,Design Enterprise Architecture,technical,100
M251144,fae27053-8924-4bfd-b565-c9fe502044c9,System Design,digital,100
M251144,fbafa41f-cd05-4109-a649-8b44d306d779,Create Data Models,digital,100
M251219,04fe962b-4017-4eb7-9139-7d69b6922bc9,Use an Application-Specific Interface,digital,100
M251219,09f2f811-a3fb-4de3-a70f-6420a6935575,Systems Development Life-Cycle,digital,100
M251219,0af062de-eb43-41e9-9b96-249e2cd22d26,Use Markup Languages,digital,100
M251219,0dc7aa1b-b5af-4f4b-81ce-ee22ed8b6926,Assess ICT Knowledge,digital,100
M251219,117373c8-f04b-4fff-8683-aebe36edac81,Hardware Platforms,digital,100
M251219,14d1e367-3efe-4ec5-86ae-eca48710ee4e,Implement ICT Security Policies,digital,100
M251219,2857540c-180b-4208-9127-e94a01871966,Align Software with System Architectures,digital,100
M251219,29fb0fb5-dfc4-4098-ac9b-3a712000f48f,Manage Database,digital,100
M251219,397da142-ab35-48fe-b154-7c38f447adfb,Digital Systems,digital,100
M251219,69bbd53f-fbb0-4476-b4b2-ef7844464e28,Web Programming,digital,100
M251219,90be83d9-56f1-46a4-a6bc-96c51f6c9025,Acquire System Component,digital,100
M251219,98301d4a-2cc3-439d-8d7f-0b6ac76302bb,Business Process Modelling,technical,100
M251219,9ef0f3a0-9ce2-4ef1-a987-0366b5cb2dbe,Database Development Tools,digital,100
M251219,a47d194d-0ffd-4aaa-b695-fbbe0255000e,Design Information System,digital,100
M251219,b04f377b-ee80-4b38-aca1-19d266a23b17,Analyse Business Requirements,technical,100
M251219,cbe2c304-1e7d-489a-97d9-a7d3e37a9db6,Apply ICT Systems Theory,digital,100
M251219,cdd8b6b2-2fd9-453c-8d62-8a1dc6efcd49,Systems Theory,digital,100
M251219,ce354460-500e-4eaa-8e95-8f243fcea3db,Manage System Testing,digital,100
M251219,d9e5349e-8791-49c2-8ba4-839fdd1606c2,Define Technical Requirements,technical,100
M251219,ed8de897-adbe-4f0e-b4d2-534953e64c72,Integrate System Components,digital,100
M251219,ee3c1d54-f46a-43c7-a0f9-0ba3648164d0,Design Enterprise Architecture,technical,100
M251219,fae27053-8924-4bfd-b565-c9fe502044c9,System Design,digital,100
M251219,fbafa41f-cd05-4109-a649-8b44d306d779,Create Data Models,digital,100
M251434,04fe962b-4017-4eb7-9139-7d69b6922bc9,Use an Application-Specific Interface,digital,100
M251434,1019423b-3368-4f83-b24f-19e5fa23e816,Software UI Design Patterns,digital,100
M251434,21d2f96d-35f7-4e3f-9745-c533d2dd6e97,Computer Programming,digital,100
M251434,2b7a79e5-84d8-4880-be66-3d9bb05bea17,Use Software Design Patterns,digital,100
M251434,69bbd53f-fbb0-4476-b4b2-ef7844464e28,Web Programming,digital,100
M251434,7364cc39-b9c0-449f-9416-57723e2fd9c4,Use Methodologies for User-Centered Design,technical,100
M251434,797a4416-0b8d-44f3-8fcd-eb10bd0be6b4,Develop Software Prototype,digital,100
M251434,85c11255-469f-41bd-a6d1-382bc4a87783,Interpret Technical Texts,technical,100
M251434,8696aff0-18c0-4ba6-a4d0-9a21861b3e5e,World Wide Web Consortium Standards,digital,100
M251434,8b94aa1e-89c9-459d-b3b4-1dfab8dec2df,Use Software Libraries,digital,100
M251434,925463a7-d51f-4d5b-9f79-4d28cf30acde,Integrated Development Environment Software,digital,100
M251434,a71577b2-7550-4222-88ee-dcbd2d881516,Graphics Editor Software,digital,100
M251434,c2999f0c-eb37-4cdf-b9b0-82107b628794,Style Sheet Languages,digital,100
M251434,f058bf62-70d1-4f5e-be2a-8b26fac24a96,Design Graphics,technical,100
M251434,f28617ad-afdd-4041-814c-216153a38998,Analyse Software Specifications,digital,100
M251434,fc4fcb4b-993f-4f2c-b158-c2171ec18ed8,Draw Design Sketches,technical,100
M251434,fd33c66c-70c4-40e6-b87c-5495bd3bf26e,Design User Interface,digital,100
M252222,0a52bed5-fd29-45fb-aba6-e32bccfda1c1,Plan Migration to Cloud,digital,100
M252222,11430d93-c835-48ed-8e70-285fa69c9ae6,Design Cloud Architecture,digital,100
M252222,4da4587a-fd0b-4ca2-886c-c42a1562d432,Design Cloud Networks,digital,100
M252222,6195c5f7-a4fb-425d-a3dd-c4467c4471a3,Deploy Cloud Resource,digital,100
M252222,94b2c46e-6338-4a1d-950a-d44eef018c53,Collaborate with Engineers,technical,100
M252222,bd14968e-e409-45af-b362-3495ed7b10e0,Cloud Technologies,digital,100
M252238,023f4870-b417-4bd2-b0ae-78e61587c79f,Geomatics,technical,100
M252238,032b0bed-22b1-456b-8009-91e6b838fe45,Geological Mapping,technical,100
M252238,1cca610d-2afc-44a7-97fc-f2262fb5fc75,Surveying,technical,100
M252238,2b834a98-14ff-47e1-8aef-cf8ffae912fa,Collect Mapping Data,digital,100
M252238,2dfa5bd5-c87c-461c-bce9-69b2c58732bd,Cartography,technical,100
M252238,31c69100-b612-4a61-8db5-fd314318854c,Execute Analytical Mathematical Calculations,technical,100
M252238,377861af-f966-4c87-a2db-7e99904312b9,Geographic Information Systems,digital,100
M252238,382c11ed-20d5-4ae7-b60e-15fec527fa6c,Apply Statistical Analysis Techniques,digital,100
M252238,4339176e-3acd-4f7f-a5d9-445bee3d23f2,Mathematics,technical,100
M252238,440f64e5-e66c-45ee-bc29-53c14a2ad720,Use Geographic Information Systems,digital,100
M252238,4463a721-69f3-413d-8321-43e3af13a4f1,Use Databases,digital,100
M252238,49320ec7-65f9-4f90-bed2-2d41784f1836,Compile GIS-Data,digital,100
M252238,6b30644d-bdc5-4bca-b1af-edbf5c6b15ee,Process Collected Survey Data,digital,100
M252238,7ee4c2ea-b349-4bd2-81a3-ec31475d4833,Statistics,technical,100
M252238,86945516-619a-456e-b0d0-2fb31d927992,Perform Surveying Calculations,technical,100
M252238,9295d1c5-8d7d-423e-a6ce-dfbc1d991f88,Apply Digital Mapping,digital,100
M252238,9e14c1d8-72f2-45ba-815d-0d12e12d19fa,Create Thematic Maps,digital,100
M252238,bad66a63-4e3f-41f9-9e5d-a4d5f12f8d36,Create GIS Reports,digital,100
M252238,cf9c8e73-105d-419e-86dd-4304cc6cd718,Geography,technical,100
M252238,dab7c301-2a33-454e-8fed-23218fa28eee,Environmental Design,technical,100
M253102,0daaf096-1639-461c-bf1a-bbeea77e6b67,Internal Risk Management Policy,digital,100
M253102,0ffdb6ac-03b5-4f1c-bfcc-3d9cb874fdf9,Ethical Hacking Principles,digital,100
M253102,114c9698-c999-4369-8498-81bf641fe871,Establish an ICT Security Prevention Plan,digital,100
M253102,11eebd42-44ab-401d-8a2c-bdb9fc9beb50,Information Security Strategy,digital,100
M253102,2a3a96a3-709e-4d60-81f6-d247d6933f13,Manage System Security,digital,100
M253102,2ddb1226-1117-4eb4-ae65-3a2f5a5a3c80,ICT Network Security Risks,digital,100
M253102,3ff589b7-68df-4ea5-ae41-b395bdb2378f,ICT Security Standards,digital,100
M253102,426ceaba-6867-481c-bb6b-aee3933da7d2,ICT Safety,digital,100
M253102,477173ca-5fc2-406b-9122-95d92811f284,Communicate with Stakeholders,technical,100
M253102,4918ec9a-0204-4935-8b09-b0112370daa8,Establish an Information Security Management System,digital,100
M253102,501537a7-9d63-491d-ae02-09f04767ff1e,Attack Vectors,digital,100
M253102,5898d99a-62a4-4e10-a2e3-0d815ce44248,Cyber Attack Counter-Measures,digital,100
M253102,5acf6408-e084-4202-9442-ffcf0119811c,Security Threats,technical,100
M253102,69cfc5ed-6569-4aca-a4cc-fd782ba51d9c,Implement ICT Risk Management,digital,100
M253102,6eff134b-e34f-4d6e-a6e8-5e47cf2228d0,Risk Management,technical,100
M253102,6f1edc19-191f-4ba5-a048-ee69aff05bab,Security Engineering,technical,100
M253102,7f27f1ff-2e17-4b69-990e-c23334478313,Assessment of Risks and Threats,digital,100
M253102,8088750d-8388-4170-a76f-48354c469c44,Cyber Security,digital,100
M253102,99c4c69a-025c-464f-adda-874c7f107a31,Engage with Stakeholders,technical,100
M253102,b8271c8a-cba6-4baa-80f5-6361af3f07e3,Ensure Adherence to Organisational ICT Standards,digital,100
M253102,e71c6cee-7247-49f4-829a-141c880ae938,Advice on Security Risk Management,technical,100
M253102,ed39edd3-44d0-4a16-9796-bfb99f92baf3,ICT Performance Analysis Methods,digital,100
M253103,06358891-8424-43c5-891e-d40f226bef40,Manage IT Security Compliances,digital,100
M253103,0c766ca3-9364-4203-916b-fed16e4814c1,Gather Data for Forensic Purposes,technical,100
M253103,114c9698-c999-4369-8498-81bf641fe871,Establish an ICT Security Prevention Plan,digital,100
M253103,118a9b27-1c5a-4214-b685-1a4d9e6365ea,Computer Forensics,digital,100
M253103,1ff53c92-370d-414b-b758-b0a1b8026853,Check Methods,technical,100
M253103,283cbcd3-7101-4dbb-be37-56f3625515b1,Provide ICT Consulting Advice,technical,100
M253103,28a0fe16-4e03-4d5e-8f0e-5198309e77a9,Perform Forensic Preservations of Digital Devices,digital,100
M253103,2ddb1226-1117-4eb4-ae65-3a2f5a5a3c80,ICT Network Security Risks,digital,100
M253103,326686e4-a55f-4eba-9d07-1c86408d5c5e,Present Evidence,technical,100
M253103,3579208e-49b3-4ce4-98e7-20e41b1ce8d4,Develop Information Security Strategy,technical,100
M253103,3c4c3fa1-d638-42df-8e98-2a38021da6f9,Use Software for Data Preservation,digital,100
M253103,3ff589b7-68df-4ea5-ae41-b395bdb2378f,ICT Security Standards,digital,100
M253103,45a16833-6666-488d-aadf-e02e569275e8,Use Technology for Forensics,digital,100
M253103,501537a7-9d63-491d-ae02-09f04767ff1e,Attack Vectors,digital,100
M253103,5898d99a-62a4-4e10-a2e3-0d815ce44248,Cyber Attack Counter-Measures,digital,100
M253103,5acf6408-e084-4202-9442-ffcf0119811c,Security Threats,technical,100
M253103,5ef0c719-5bcb-49f8-b8eb-824388225333,Use Scripting Programming,digital,100
M253103,629685b8-5f9e-4522-8cff-b3e2c4ec625a,Digital Data Processing,digital,100
M253103,6a536b36-c5c7-4d10-bf67-a4fb0f8549b2,Audit Techniques,digital,100
M253103,6aef2baa-5fa7-4c16-bd28-3e070ec4e4df,Educate on Data Confidentiality,technical,100
M253103,6f1edc19-191f-4ba5-a048-ee69aff05bab,Security Engineering,technical,100
M253103,7557f0f4-b8bc-4ac0-b91e-222ab1ba744f,Tools for ICT Test Automation,digital,100
M253103,7814e88f-c133-4c3b-b27f-857afa145d42,ICT Security Legislation,digital,100
M253103,8088750d-8388-4170-a76f-48354c469c44,Cyber Security,digital,100
M253103,85f46538-ae70-498a-bfbc-b8ddafe96c7d,Levels of Software Testing,digital,100
M253103,93f1caa3-df33-4de7-98da-40f5fc30fd52,Forensic Intelligence,technical,100
M253103,99207709-d076-4cce-ba38-e90d3bb28806,Resource Description Framework Query Language,digital,100
M253103,9cf681c7-89ec-470c-b651-7fe03786f586,Query Languages,digital,100
M253103,a56dec32-05ef-45de-a256-ee6741f356db,Information Confidentiality,digital,100
M253103,a7a14be2-78b5-4b4a-ba77-2658285e2756,Apply Reverse Engineering,digital,100
M253103,a89a94fb-c417-49b4-a9a9-9a22e0f12697,Manage Data for Legal Matters,technical,100
M253103,bf7ea00f-db77-4a95-9b9f-2d12b6d9fcb4,Implement ICT Network Diagnostic Tools,digital,100
M253103,d0c6d77e-cb25-4770-bf77-2073fc5f7523,ICT Infrastructure,digital,100
M253103,d3e9b00a-0891-4fa8-836d-8240ec3d2758,GDPR,digital,100
M253103,dad7e408-162f-46a4-8567-db560e19e2fc,Identify ICT System Weaknesses,digital,100
M253103,de586dcf-d7e5-4340-bf5b-d59026f1b436,Penetration Testing Tool,digital,100
M253103,f09e70cb-5d8c-4c57-b027-a45127c0bf92,Secure Sensitive Customer's Information,technical,100
M253103,f4a85869-1855-45d5-a43c-7ee8cd451996,Perform ICT Security Testing,digital,100
M253103,f9a6f35b-01a7-40c9-8b61-b6ee46f97272,Operating Systems,digital,100
M253103,fe1c2b32-7fe9-4668-affa-07ff658a68cf,Identify ICT Security Risks,digital,100
M253130,0daaf096-1639-461c-bf1a-bbeea77e6b67,Internal Risk Management Policy,digital,100
M253130,0ffdb6ac-03b5-4f1c-bfcc-3d9cb874fdf9,Ethical Hacking Principles,digital,100
M253130,114c9698-c999-4369-8498-81bf641fe871,Establish an ICT Security Prevention Plan,digital,100
M253130,11eebd42-44ab-401d-8a2c-bdb9fc9beb50,Information Security Strategy,digital,100
M253130,2a3a96a3-709e-4d60-81f6-d247d6933f13,Manage System Security,digital,100
M253130,2ddb1226-1117-4eb4-ae65-3a2f5a5a3c80,ICT Network Security Risks,digital,100
M253130,3ff589b7-68df-4ea5-ae41-b395bdb2378f,ICT Security Standards,digital,100
M253130,426ceaba-6867-481c-bb6b-aee3933da7d2,ICT Safety,digital,100
M253130,477173ca-5fc2-406b-9122-95d92811f284,Communicate with Stakeholders,technical,100
M253130,4918ec9a-0204-4935-8b09-b0112370daa8,Establish an Information Security Management System,digital,100
M253130,501537a7-9d63-491d-ae02-09f04767ff1e,Attack Vectors,digital,100
M253130,5898d99a-62a4-4e10-a2e3-0d815ce44248,Cyber Attack Counter-Measures,digital,100
M253130,5acf6408-e084-4202-9442-ffcf0119811c,Security Threats,technical,100
M253130,69cfc5ed-6569-4aca-a4cc-fd782ba51d9c,Implement ICT Risk Management,digital,100
M253130,6eff134b-e34f-4d6e-a6e8-5e47cf2228d0,Risk Management,technical,100
M253130,6f1edc19-191f-4ba5-a048-ee69aff05bab,Security Engineering,technical,100
M253130,7f27f1ff-2e17-4b69-990e-c23334478313,Assessment of Risks and Threats,digital,100
M253130,8088750d-8388-4170-a76f-48354c469c44,Cyber Security,digital,100
M253130,99c4c69a-025c-464f-adda-874c7f107a31,Engage with Stakeholders,technical,100
M253130,b8271c8a-cba6-4baa-80f5-6361af3f07e3,Ensure Adherence to Organisational ICT Standards,digital,100
M253130,e71c6cee-7247-49f4-829a-141c880ae938,Advice on Security Risk Management,technical,100
M253130,ed39edd3-44d0-4a16-9796-bfb99f92baf3,ICT Performance Analysis Methods,digital,100
M253131,22b8039c-c890-4610-9228-5527e3b98f12,Set Quality Assurance Objectives,technical,100
M253131,561c2525-5bd8-4d86-8f45-820f4be7db93,Report Test Findings,technical,100
M253131,5d74614d-32c8-4ca4-9818-6980e52424b1,Plan Software Testing,digital,100
M253131,7253d98c-4a6d-4e37-8b6c-accca9f4b639,Develop ICT Test Suite,digital,100
M253131,78a74fd1-efc6-49dc-adb1-1b0fbe35c22c,Provide Software Testing Documentation,digital,100
M253131,85f46538-ae70-498a-bfbc-b8ddafe96c7d,Levels of Software Testing,digital,100
M253131,913e7e83-b8f8-4574-b1ca-1b38f3fd974a,Execute Software Tests,digital,100
M253131,b9f16465-56a9-426b-a047-0f9f1f95ec92,Address Problems Critically,technical,100
M253131,eb3aa8c1-fb14-47b4-a352-b7975abd2480,Replicate Customer Software Issues,digital,100
M253139,03ff0d53-573a-47a0-a0ad-1995815a4339,Information Structure,digital,100
M253139,06f33d6a-f7a7-4a2b-baa5-8c3c53bd1a9c,Keywords in Digital Content,digital,100
M253139,0af062de-eb43-41e9-9b96-249e2cd22d26,Use Markup Languages,digital,100
M253139,0dcbf7c5-bedf-4485-b16b-23df54443864,Translate Requirement Concepts into Content,digital,100
M253139,0e0c9c11-b39e-43cf-ba95-2fe646f5de64,Identify Customer Requirements,technical,100
M253139,1dae8445-12e5-423a-bb26-824010e299b9,Ensure Compliance with Legal Requirements,technical,100
M253139,29154735-107a-4daa-a050-537f7707f34e,Conduct Content Quality Assurance,technical,100
M253139,2d6d4784-0992-48e7-b100-22d7229b3f0a,Translate Requirements into Visual Design,digital,100
M253139,37a438f3-e28c-4e32-83c5-299f047c1dc9,Apply Tools for Content Development,digital,100
M253139,3d3ee5c3-4286-457f-9f76-1704011f7e11,Comply with Legal Regulations,technical,100
M253139,4cb51222-3e2e-417c-9a5c-e9ccf262721d,Ensure Compliance with Company Regulations,technical,100
M253139,56a10e3e-c9e7-4d39-b6f1-6013398fcb3a,Use Content Management System Software,digital,100
M253139,5fd5c985-eaaa-47aa-8314-62359c54505a,Develop Digital Content,digital,100
M253139,69bbd53f-fbb0-4476-b4b2-ef7844464e28,Web Programming,digital,100
M253139,7234e847-451d-499a-9c7b-0050a4e758d6,Utilise Content Types,digital,100
M253139,85c11255-469f-41bd-a6d1-382bc4a87783,Interpret Technical Texts,technical,100
M253139,93e65de1-923c-437e-aa5b-e6002967ce71,Web Based Collaborative Platforms,digital,100
M253139,96a67da1-881f-4d09-927e-ac75fcff4d93,Compile Content,technical,100
M253139,9710092c-f174-4e84-95bf-2064d39ad7a0,Manage Content Metadata,digital,100
M253139,a0bf9b9d-e53f-418c-a839-5d99eff718fe,Conduct Search Engine Optimisation,digital,100
M253139,a846cb9e-c152-41e7-bd34-45e7ff941e3b,Legal Requirements of ICT Products,technical,100
M253139,b9bf9e17-ae47-417b-bbb1-e8b7c263ccac,Identify Legal Requirements,technical,100
M253139,be40c4c3-a855-4d67-9ca5-6f4428c34b0d,Provide Written Content,technical,100
M253139,c0e2f74c-51f0-4020-9756-d190848cf181,Integrate Content into Output Media,digital,100
M253139,c1f29568-f2bb-49d2-b6c2-28748bd1629b,Manage Online Content,digital,100
M253139,c2999f0c-eb37-4cdf-b9b0-82107b628794,Style Sheet Languages,digital,100
M253139,d4789070-2ff7-4bbb-94ca-8bb1739826a9,Authoring Software,digital,100
M253139,d6c29154-9cc1-48a4-a2de-3d1d0d7f0831,Publishing Strategy,digital,100
M253139,df996a98-202f-4a9b-b088-38c8db03ef1b,Create Content Title,technical,100
M253139,dfb9cec6-3ae3-408a-9d57-c44361bf7aaf,Provide Multimedia Content,digital,100
M253139,e74f4f21-8d45-412c-b5c3-652e6167ee32,Content Development Processes,digital,100
M253139,f5369f2f-e52b-43d8-8d31-79a6c11188d8,Digital Content Creation,digital,100
M254112,0253b09a-7217-43fc-b62f-e6b23ffebac9,Develop Script Bible,technical,100
M254112,08e2ff26-88ff-47b5-9d37-d19ace01b075,Manage Feedback,technical,100
M254112,0ab9d433-10e5-4683-ae54-4687179a5259,Literature,technical,100
M254112,194c05ed-253c-485a-8bf0-0c8de1aaafda,Follow Work Schedule,technical,100
M254112,1d0c2220-6855-4689-aeea-16c9c615b284,Consult with Motion Picture Producer,technical,100
M254112,1e929fc8-bf0c-4222-925c-f31e1dfc74ad,Create a Shooting Script,technical,100
M254112,24229e89-9e1d-4c1a-ae23-c64777b152ce,Consult with Production Director,technical,100
M254112,2c474763-2cdd-48d6-8e65-c0a60ad5cf9f,Summarise Stories,technical,100
M254112,2f573ad6-1fa6-46c5-a48d-912368fe55aa,Deliver a Sales Pitch,technical,100
M254112,493b20c2-c435-449a-896e-0af057c41fef,Film Production Process,technical,100
M254112,54f78038-58a8-46cb-9633-41ade03c07b7,Study Topics,technical,100
M254112,663a92c4-ea7e-4936-b71a-66d0c5a2cb69,Screenwriting Theories,technical,100
M254112,681a1f8a-4244-4e82-af36-0148b89c2863,Write Dialogues,technical,100
M254112,7287dff1-7420-4d24-939a-5f4eb15b752b,Consult Information Sources,technical,100
M254112,7d092d81-d1e2-4c34-b3cb-c1c9f2e68b7d,Finish Project Within Budget,technical,100
M254112,8c4c49d4-9708-433f-8ca7-bf2c5211ee49,Develop Creative Ideas,technical,100
M254112,8fd96f45-e2ff-48e3-8829-5f25684993b9,Write Storylines,technical,100
M254112,91dd8397-063d-499c-83b9-0603a10d94ac,Writing Techniques,technical,100
M254112,94e3fa6e-54d7-42a8-a3fe-7f1b5f6d14e4,Consult with Editor,technical,100
M254112,c2f70431-2cc5-4552-bcb7-6564512c15bd,Use Specific Writing Techniques,technical,100
M254112,e2103a1d-4a84-47a9-b4f7-774787573449,Copyright Legislation,technical,100
M254201,09f2f811-a3fb-4de3-a70f-6420a6935575,Systems Development Life-Cycle,digital,100
M254201,0af062de-eb43-41e9-9b96-249e2cd22d26,Use Markup Languages,digital,100
M254201,0e361e34-c563-4892-b9d3-873a6a4fef8a,Digital Game Genres,digital,100
M254201,208b41bd-3b61-4439-b3ca-d39628dd7fe3,Compose Digital Game Story,technical,100
M254201,2c28fc20-8a60-4311-8899-5ef8729c05b3,Design Process,digital,100
M254201,3140d979-2d6a-4c10-add9-f7091103829f,Create Concept of Digital Game,digital,100
M254201,3bddfd7c-ab6d-40c2-883d-5e97fb7640ba,Create Software Design,digital,100
M254201,546a96b1-5f0a-4c80-b3c5-8ac0830d9f0e,Create Digital Game Characters,digital,100
M254201,69bbd53f-fbb0-4476-b4b2-ef7844464e28,Web Programming,digital,100
M254201,7482a123-e801-48de-9733-262125671410,Task Algorithmisation,digital,100
M254201,966f2fd3-3de6-42da-b87c-da924c6d7960,Digital Game Creation Systems,digital,100
M254201,96f80c78-c021-4e15-8f94-784f2961a355,Formulate Game Rules,technical,100
M254201,a96dea4e-1c76-4808-8f18-3ce662ff82cb,Specify Digital Game Scenes,digital,100
M254201,afda6ca0-7aa8-41ef-ba5e-8dc607839daf,Computer Graphics,digital,100
M254201,b04f377b-ee80-4b38-aca1-19d266a23b17,Analyse Business Requirements,technical,100
M254201,c1f29568-f2bb-49d2-b6c2-28748bd1629b,Manage Online Content,digital,100
M254201,d9e5349e-8791-49c2-8ba4-839fdd1606c2,Define Technical Requirements,technical,100
M254201,f058bf62-70d1-4f5e-be2a-8b26fac24a96,Design Graphics,technical,100
M254203,0e361e34-c563-4892-b9d3-873a6a4fef8a,Digital Game Genres,digital,100
M254203,438ff259-d086-4004-acda-1ec3e1631bc6,Software Anomalies,digital,100
M254203,561c2525-5bd8-4d86-8f45-820f4be7db93,Report Test Findings,technical,100
M254203,78a74fd1-efc6-49dc-adb1-1b0fbe35c22c,Provide Software Testing Documentation,digital,100
M254203,85f46538-ae70-498a-bfbc-b8ddafe96c7d,Levels of Software Testing,digital,100
M254203,913e7e83-b8f8-4574-b1ca-1b38f3fd974a,Execute Software Tests,digital,100
M254203,b9f16465-56a9-426b-a047-0f9f1f95ec92,Address Problems Critically,technical,100
M254203,c4b626c1-e71c-44ec-9f88-042766f37fcc,Application Usability,digital,100
M254203,eb3aa8c1-fb14-47b4-a352-b7975abd2480,Replicate Customer Software Issues,digital,100
M254206,020918ef-4b55-47c1-8430-ab7b8f6a7377,Migrate Existing Data,digital,100
M254206,0620ecd1-e4b1-4dfa-972b-38a93e5ebd9d,Create 3D Environments,digital,100
M254206,1859883d-c047-4fe1-8e74-7bb4385d6ad2,Apply 3D Imaging Techniques,digital,100
M254206,3325729c-96db-4217-a9ca-4564cc1f909b,Use Polygonal Modelling,digital,100
M254206,3e7516dc-0f7c-4686-8b2f-fade4e5d21be,3D Texturing,digital,100
M254206,6b21150f-e704-4758-b102-63fd3412543c,Create 3D Characters,digital,100
M254206,6e53fd99-b646-4327-9580-ac062ab21188,3D Lighting,digital,100
M254206,86c8482c-776b-43b5-a01c-956601069cfe,Discuss Artwork,technical,100
M254206,8c4c49d4-9708-433f-8ca7-bf2c5211ee49,Develop Creative Ideas,technical,100
M254206,abdc7ac8-151f-40c6-bc1a-1e9b4b073290,Augmented Reality,digital,100
M254206,afda6ca0-7aa8-41ef-ba5e-8dc607839daf,Computer Graphics,digital,100
M254206,be59c6bd-0e88-4ffe-bc81-50b86be815e6,Create 3D Texture Map,digital,100
M254206,dc72ad0a-c5dc-4abd-bc0d-ca43e82162e1,Build Business Relationships,technical,100
M254206,e8171178-9a60-40a6-ad3b-510e10cfebad,Render 3D Images,digital,100
M254206,f5b33464-4df9-4cf3-b468-b0a2d6b3ee85,Operate 3D Computer Graphics Software,digital,100
M254206,fcb7ca53-130f-451e-b29f-b0aa6d41ea86,Holography,technical,100
M254210,08fe5910-8c4c-4679-a988-eb2ded3c4909,Labour Legislation,technical,100
M254210,0d90f823-6f6a-44df-8ab0-1771300d9660,Monitor Developments in Technology Used for Design,technical,100
M254210,273eb12c-7c34-41d2-afd2-c0222bf853bc,Develop an Artistic Framework,technical,100
M254210,2ad081e6-0a3f-4612-ac15-7ace75d39e26,Intellectual Property Law,technical,100
M254210,3c1af34b-4562-4c39-a30e-0812b84a147e,Use Specialised Design Software,digital,100
M254210,574257ea-7b64-4100-b7b6-e27c233fe143,Digital Communication and Collaboration,digital,100
M254210,5f782745-6382-4873-b415-8fb91c705b03,Create Digital Images,digital,100
M254210,5fd5c985-eaaa-47aa-8314-62359c54505a,Develop Digital Content,digital,100
M254210,6c6f0d6e-1f31-4413-b2ee-dabe135b29a7,Art History,technical,100
M254210,86c8482c-776b-43b5-a01c-956601069cfe,Discuss Artwork,technical,100
M254210,8bbf9c69-ba9d-4e6d-a50a-ba4f666e0d25,Contextualise Artistic Work,technical,100
M254210,90e3b759-6425-4d7a-a9fa-af45a163c5db,Create Pen-and-Paper Images,technical,100
M254210,94a56423-06a2-4753-b158-4d9231c8293e,Define Creative Components,technical,100
M254210,a88da605-095f-4a4f-be1c-d1444df8228a,Digital Media,digital,100
M254210,afda6ca0-7aa8-41ef-ba5e-8dc607839daf,Computer Graphics,digital,100
M254210,b2f9eb81-eda4-49a9-8453-3ba345da2d98,Convert into Animated Object,digital,100
M254210,b99c9b86-b16f-4592-8505-de3d9c99e25b,Digital Arts,digital,100
M254210,bff8e986-204f-41f0-b760-6fc9bf6029fd,Define Artistic Approach,technical,100
M254210,d15ce60f-ddab-41ce-ba56-398451b77b60,Have Computer Literacy,digital,100
M254210,d9c7afc0-2c34-4757-b9f1-cc9137f11a29,Gather Reference Materials for Artwork,technical,100
M254210,dade132a-487b-40fb-9d8e-f20ce5e6c076,Develop Design Concept,technical,100
M254210,eee58e6d-4587-42f0-b9a0-fe055cfe2044,Develop Animations,digital,100
M254210,f5369f2f-e52b-43d8-8d31-79a6c11188d8,Digital Content Creation,digital,100
M254215,0e361e34-c563-4892-b9d3-873a6a4fef8a,Digital Game Genres,digital,100
M254215,172020d1-e151-445b-8173-e2a5fb16fe51,Utilise Computer-Aided Software Engineering Tools,digital,100
M254215,1859883d-c047-4fe1-8e74-7bb4385d6ad2,Apply 3D Imaging Techniques,digital,100
M254215,21d2f96d-35f7-4e3f-9745-c533d2dd6e97,Computer Programming,digital,100
M254215,2522a6ce-3202-4ac8-9f5b-b9cb5a3a83a1,Debug Software,digital,100
M254215,2b7a79e5-84d8-4880-be66-3d9bb05bea17,Use Software Design Patterns,digital,100
M254215,31c69100-b612-4a61-8db5-fd314318854c,Execute Analytical Mathematical Calculations,technical,100
M254215,3e7516dc-0f7c-4686-8b2f-fade4e5d21be,3D Texturing,digital,100
M254215,5fd5c985-eaaa-47aa-8314-62359c54505a,Develop Digital Content,digital,100
M254215,6014921e-1d25-4039-adc2-04852d61880e,ICT Debugging Tools,digital,100
M254215,6e53fd99-b646-4327-9580-ac062ab21188,3D Lighting,digital,100
M254215,797a4416-0b8d-44f3-8fcd-eb10bd0be6b4,Develop Software Prototype,digital,100
M254215,85c11255-469f-41bd-a6d1-382bc4a87783,Interpret Technical Texts,technical,100
M254215,8b94aa1e-89c9-459d-b3b4-1dfab8dec2df,Use Software Libraries,digital,100
M254215,925463a7-d51f-4d5b-9f79-4d28cf30acde,Integrated Development Environment Software,digital,100
M254215,9d2e926f-53d9-41f5-98f3-19dfaa687f3f,Tools for Software Configuration Management,digital,100
M254215,afda6ca0-7aa8-41ef-ba5e-8dc607839daf,Computer Graphics,digital,100
M254215,e8171178-9a60-40a6-ad3b-510e10cfebad,Render 3D Images,digital,100
M254215,f28617ad-afdd-4041-814c-216153a38998,Analyse Software Specifications,digital,100
M254217,07d3074b-f5cd-420a-bdf8-c8d643563ea5,Respect Publication Formats,technical,100
M254217,1bc718b6-ed90-4a9d-9fa7-8cec928a4581,Use Creative Suite Software,digital,100
M254217,25f4c955-e429-44a6-98a7-7d8cb3b6b690,Follow a Brief,technical,100
M254217,273eb12c-7c34-41d2-afd2-c0222bf853bc,Develop an Artistic Framework,technical,100
M254217,2d6d4784-0992-48e7-b100-22d7229b3f0a,Translate Requirements into Visual Design,digital,100
M254217,5fd5c985-eaaa-47aa-8314-62359c54505a,Develop Digital Content,digital,100
M254217,68698869-c13c-4563-adc7-118b7644f45d,Identify Customer's Needs,technical,100
M254217,719d8699-a221-4b5a-8fc3-68a8645cbe03,Adobe Creative Suite,digital,100
M254217,7378b8c3-3b62-46de-9d67-1c9528954615,Adapt to Type of Media,technical,100
M254217,7abf5b24-8f18-49c5-a64b-5a5870a03a56,Convert Scribbles into Virtual Sketches,digital,100
M254217,7d092d81-d1e2-4c34-b3cb-c1c9f2e68b7d,Finish Project Within Budget,technical,100
M254217,7fb699d9-182a-430e-b7a0-6d8ed05c284b,Graphic Design,digital,100
M254217,8c4c49d4-9708-433f-8ca7-bf2c5211ee49,Develop Creative Ideas,technical,100
M254217,a88da605-095f-4a4f-be1c-d1444df8228a,Digital Media,digital,100
M254217,bacbfc27-4b5d-47de-8bfd-af5fa27562a2,Design Prototypes,technical,100
M254217,c46cf6f9-8b1e-44b9-a529-f5774c9167dd,Desktop Publishing,digital,100
M254217,e2103a1d-4a84-47a9-b4f7-774787573449,Copyright Legislation,technical,100
M254217,f058bf62-70d1-4f5e-be2a-8b26fac24a96,Design Graphics,technical,100
M254217,fe39d4db-4cb5-4299-bb9f-896c8fd6ab13,Perform Market Research,technical,100
M254314,04fe962b-4017-4eb7-9139-7d69b6922bc9,Use an Application-Specific Interface,digital,100
M254314,0af062de-eb43-41e9-9b96-249e2cd22d26,Use Markup Languages,digital,100
M254314,1019423b-3368-4f83-b24f-19e5fa23e816,Software UI Design Patterns,digital,100
M254314,123cf7c5-6a3b-419d-be4f-49a6cc020f9f,Interactive Media,digital,100
M254314,2c28fc20-8a60-4311-8899-5ef8729c05b3,Design Process,digital,100
M254314,2d6d4784-0992-48e7-b100-22d7229b3f0a,Translate Requirements into Visual Design,digital,100
M254314,3e23db60-0c3d-498a-a6ac-ffbed0ecb033,ICT Accessibility Standards,digital,100
M254314,465e7c78-cd26-4503-a5ca-40009e807705,Assess Users' Interaction with ICT Applications,digital,100
M254314,69bbd53f-fbb0-4476-b4b2-ef7844464e28,Web Programming,digital,100
M254314,7364cc39-b9c0-449f-9416-57723e2fd9c4,Use Methodologies for User-Centered Design,technical,100
M254314,7482a123-e801-48de-9733-262125671410,Task Algorithmisation,digital,100
M254314,7814e88f-c133-4c3b-b27f-857afa145d42,ICT Security Legislation,digital,100
M254314,8696aff0-18c0-4ba6-a4d0-9a21861b3e5e,World Wide Web Consortium Standards,digital,100
M254314,8c4c49d4-9708-433f-8ca7-bf2c5211ee49,Develop Creative Ideas,technical,100
M254314,9136cbf1-7916-4f1c-bc9a-0318ee1d6016,Human-Computer Interaction,digital,100
M254314,a71577b2-7550-4222-88ee-dcbd2d881516,Graphics Editor Software,digital,100
M254314,a8797f21-1af0-4c5e-98ca-bf1442929363,Interact with Users to Gather Requirements,technical,100
M254314,be64bb4c-84ac-4c83-8cc7-fc8593e15136,Test System Accessibility for Users with Special Needs,digital,100
M254314,c1f29568-f2bb-49d2-b6c2-28748bd1629b,Manage Online Content,digital,100
M254314,c4b626c1-e71c-44ec-9f88-042766f37fcc,Application Usability,digital,100
M254314,d9e5349e-8791-49c2-8ba4-839fdd1606c2,Define Technical Requirements,technical,100
M254314,dc72ad0a-c5dc-4abd-bc0d-ca43e82162e1,Build Business Relationships,technical,100
M254314,de0be6e8-644c-4cc9-9c8d-925dd98dda56,Software Interaction Design,digital,100
M254314,f058bf62-70d1-4f5e-be2a-8b26fac24a96,Design Graphics,technical,100
M254314,f0f5bb34-71df-4715-9c9e-03567b76ec8f,Create Website Wireframe,digital,100
M254314,fc4fcb4b-993f-4f2c-b158-c2171ec18ed8,Draw Design Sketches,technical,100
M254314,fd33c66c-70c4-40e6-b87c-5495bd3bf26e,Design User Interface,digital,100
M254318,0620ecd1-e4b1-4dfa-972b-38a93e5ebd9d,Create 3D Environments,digital,100
M254318,13666d7d-41a8-42b6-80ba-34ea6a64667f,Particle Animation,digital,100
M254318,1859883d-c047-4fe1-8e74-7bb4385d6ad2,Apply 3D Imaging Techniques,digital,100
M254318,1c00bc98-2713-4c62-82c5-6d86f2e6a4cb,Principles of Animation,digital,100
M254318,3e7516dc-0f7c-4686-8b2f-fade4e5d21be,3D Texturing,digital,100
M254318,6b21150f-e704-4758-b102-63fd3412543c,Create 3D Characters,digital,100
M254318,6e53fd99-b646-4327-9580-ac062ab21188,3D Lighting,digital,100
M254318,7edd11f2-6b4a-4a76-8b82-b5c57f3d8f07,Animate 3D Organic Forms,digital,100
M254318,86c8482c-776b-43b5-a01c-956601069cfe,Discuss Artwork,technical,100
M254318,abdc7ac8-151f-40c6-bc1a-1e9b4b073290,Augmented Reality,digital,100
M254318,afda6ca0-7aa8-41ef-ba5e-8dc607839daf,Computer Graphics,digital,100
M254318,c415ce6e-24f5-4130-add4-645b9d455c71,Rig 3D Characters,digital,100
M254318,e8171178-9a60-40a6-ad3b-510e10cfebad,Render 3D Images,digital,100
M254318,f5b33464-4df9-4cf3-b468-b0a2d6b3ee85,Operate 3D Computer Graphics Software,digital,100
M254318,fcb7ca53-130f-451e-b29f-b0aa6d41ea86,Holography,technical,100
M291608,0dcea846-04b4-4ffc-8c75-a35c991454b1,Apply First Response,technical,100
M291608,1dd23dba-dd00-45ab-abf4-642902538317,Perform Risk Analysis,technical,100
M291608,3172f001-a4dd-4e7e-9f74-9707b2e7c6e1,Read Maps,technical,100
M291608,37838e04-ac5f-43a5-82d0-35f42351fd60,Advise on Safety Improvements,technical,100
M291608,918f5211-b99f-4b29-9a34-6e475583ef55,Write Work-Related Reports,technical,100
M291608,9581639c-e521-4d12-9b4e-25faca24d34b,Supervise Crew,technical,100
M291608,a4fd17bf-6309-47c5-b7fa-ae5560673acf,Identify Security Threats,technical,100
M291608,b29e0c5c-7d3a-44a8-a182-75374abd4e76,Analyse Weather Forecast,technical,100
M291608,c6543651-d743-4e12-be72-c81d1eaf4541,Estimate Damage,technical,100
M291608,d90ee634-e618-4d67-8b33-200266acea92,Assist in Maritime Rescue Operations,technical,100
M291608,e0417d6c-b6ec-4730-a406-2018c3bee038,Coordinate Rescue Missions,technical,100
M291608,eaa4cdc0-43e0-4388-9b8a-e2779218d10e,First Response,technical,100
M291608,f0153530-9ff3-4fe6-8f9e-012d06ac5b89,Ensure Law Application,technical,100
M291608,fa3567c8-a7c1-40de-bac0-a4f5a85b9f1a,Develop Contingency Plans for Emergencies,technical,100
M311102,00b9a3aa-7070-4bb5-8020-f228a97cf42f,Draft Scientific or Academic Papers and Technical Documentation,technical,100
M311102,08b04e53-ed25-41a2-9f90-0b9cd939ba3d,Manage Research Data,digital,100
M311102,0ee7b0d6-db98-4785-9948-f2ef415d155a,Write Research Proposals,technical,100
M311102,1b70a55d-b8a4-49fc-96c6-15ab4cff2522,Use Data Processing Techniques,digital,100
M311102,20a8fe89-d4eb-4698-8521-8881c13377e0,Interact Professionally in Research and Professional Environments,technical,100
M311102,23ac233d-84ad-4517-b0f5-8ca19ba2614e,Monitor Developments in Field of Expertise,technical,100
M311102,2b1e2927-3542-48da-9063-02925e7562c1,Disseminate Results to the Scientific Community,technical,100
M311102,2b34764d-637c-48f5-aa70-31e15c965db6,Operate Open Source Software,digital,100
M311102,2de4572a-4724-4f76-afc2-72a568a264ac,Speak Different Languages,technical,100
M311102,39f67488-cfd3-4370-8d7e-da98163102d9,Evaluate Research Activities,technical,100
M311102,4134622c-c3fb-4a41-beb6-6d58ba5107db,Demonstrate Disciplinary Expertise,technical,100
M311102,485cdafb-3c7f-4104-ab1c-773e6131a39a,Conduct Scholarly Research,technical,100
M311102,4d39b27a-b34f-4c89-8d46-df844d42f728,Increase the Impact of Science on Policy and Society,technical,100
M311102,4f5c1208-62fd-4e5a-a51e-306c06947e11,Manage Findable Accessible Interoperable and Reusable Data,digital,100
M311102,4fabca9a-7435-4f33-b1da-3cdb00340fdc,Perform Scientific Research,technical,100
M311102,518dc04d-092d-4fa1-bd82-88b7a9278ef7,Manage Intellectual Property Rights,technical,100
M311102,54e4e941-76cd-4bb7-bf25-019d50b737de,Discuss Research Proposals,technical,100
M311102,54f78038-58a8-46cb-9633-41ade03c07b7,Study Topics,technical,100
M311102,5f0082ab-2131-49b5-94d6-a1821daf57d6,Apply for Research Funding,technical,100
M311102,7159e587-c7cb-4ec0-a662-03e1dee2cccb,Research Design,technical,100
M311102,74e49482-75e8-4637-bdb1-fff868d02f7a,Scientific Literature,technical,100
M311102,7a34b3d9-bd3b-4f4e-a0f6-f97439901cb7,Apply Scientific Methods,technical,100
M311102,810134a4-3c40-4140-b8ca-6d6e8d0dc0f1,Develop Scientific Theories,technical,100
M311102,833289fa-3646-4010-9d9e-93ba8c9ef2d8,Apply Research Ethics and Scientific Integrity Principles in Research Activities,technical,100
M311102,872a1632-f1db-4feb-bb27-0a6a359b7591,Promote Open Innovation in Research,technical,100
M311102,979cf728-896f-4f2c-8fa8-2698ca0d4930,Publish Academic Research,technical,100
M311102,988f4ac3-a37c-4b0a-a40f-4e0e56b5919e,Promote the Transfer of Knowledge,technical,100
M311102,9a58cd26-58eb-4a1c-b1b6-64037fe9cfa1,Think Abstractly,technical,100
M311102,a584a638-a2c0-4b3c-bdf3-a64f87225be9,Mentor Individuals,technical,100
M311102,a8d24a95-47b3-4f88-92e7-06600bcd3612,Manage Personal Professional Development,technical,100
M311102,b30b6e13-6688-4035-b99b-fb3a1def0833,Archive Scientific Documentation,technical,100
M311102,c3c2420c-ce9a-4371-8eed-1db479c3a562,Write Scientific Publications,technical,100
M311102,cc61f9e5-d4fc-470e-8606-1ce865ff8386,Develop Professional Network with Researchers and Scientists,technical,100
M311102,cd50d616-1f8b-481e-983f-68d2674ff82d,Integrate Gender Dimension in Research,technical,100
M311102,cd5efa8c-e44d-4cbc-91c6-796018dbed68,Perform Project Management,technical,100
M311102,d4e9055e-597f-42ca-98ac-a5e3d8e881e1,University Procedures,technical,100
M311102,d6179c4b-ff5a-4bbb-a3c8-e0acf0de1f56,Assist Scientific Research,technical,100
M311102,da930e2f-6047-4616-a598-bba8ecef3039,Manage Open Publications,digital,100
M311102,ed3f3dba-3a35-4ed5-b113-67f4d10ef4c8,Scientific Research Methodology,technical,100
M311102,f715be1d-5fc4-49d3-82a5-0b8090d12849,Synthesise Information,technical,100
M311102,f7b071bf-4882-4cfc-ae0a-7e0e0ab94c61,Conduct Research Across Disciplines,technical,100
M311102,fa642fc3-5cc5-41cf-8926-6617a8b976a7,Promote the Participation of Citizens in Scientific and Research Activities,technical,100
M311102,ff64e9fc-36dd-4035-872a-83aa41dc1ad9,Communicate with a Non-Scientific Audience,technical,100
M311105,156f8c5b-894a-4ccc-a70e-37a2726f3f00,Work Ergonomically,technical,100
M311105,16a3d876-e330-4648-b03f-5f8d7e18ee17,Collect Geological Data,technical,100
M311105,17fa2e6a-ca80-4d60-afb0-03f170e9d5f3,Collect Samples,technical,100
M311105,2dfa5bd5-c87c-461c-bce9-69b2c58732bd,Cartography,technical,100
M311105,31c69100-b612-4a61-8db5-fd314318854c,Execute Analytical Mathematical Calculations,technical,100
M311105,328733a7-6d84-420d-a65c-2a8014fadc60,Record Test Data,technical,100
M311105,382c11ed-20d5-4ae7-b60e-15fec527fa6c,Apply Statistical Analysis Techniques,digital,100
M311105,4339176e-3acd-4f7f-a5d9-445bee3d23f2,Mathematics,technical,100
M311105,4bbb309f-9162-49b9-93da-fb2c371e5c5f,Collect Samples for Analysis,technical,100
M311105,4c72749b-c2c8-47b6-8330-5ebb22862314,Percolation,technical,100
M311105,6f571969-3640-4774-a9bc-fd2ef583fdec,Apply Safety Procedures in Laboratory,technical,100
M311105,75ffb6d4-0b48-4471-b3c9-731b01ee1b47,Geological Time Scale,technical,100
M311105,7a34b3d9-bd3b-4f4e-a0f6-f97439901cb7,Apply Scientific Methods,technical,100
M311105,7ee4c2ea-b349-4bd2-81a3-ec31475d4833,Statistics,technical,100
M311105,7f18c3a2-f1ce-4db2-a354-9417691b5a43,Write Production Reports,technical,100
M311105,99fc129e-360c-4174-9553-5c666a64a395,Prepare Scientific Reports,technical,100
M311105,b5a1fc87-c9f2-41f4-a1ae-28e023715592,Perform Sample Testing,technical,100
M311105,bc54eee1-a858-4f80-afdc-0442a617ef50,Conduct Field Work,technical,100
M311105,cb1a2fbf-242d-4a4e-a466-588378f124c1,Operate Scientific Measuring Equipment,technical,100
M311105,cd4b9e72-a18d-44bd-b227-14bbdd162dc1,Prepare Samples for Testing,technical,100
M311105,d6179c4b-ff5a-4bbb-a3c8-e0acf0de1f56,Assist Scientific Research,technical,100
M311105,db9f6f5d-2177-4c49-bf97-8eb462536665,Test Raw Minerals,technical,100
M311105,ed3f3dba-3a35-4ed5-b113-67f4d10ef4c8,Scientific Research Methodology,technical,100
M311107,0b917c3e-e49f-40d9-8f95-3bc8e9c06fd2,Perform Laboratory Tests,technical,100
M311107,31c69100-b612-4a61-8db5-fd314318854c,Execute Analytical Mathematical Calculations,technical,100
M311107,3529d640-5d49-45fe-8ede-491e9c8e0447,Maintain Laboratory Equipment,technical,100
M311107,382c11ed-20d5-4ae7-b60e-15fec527fa6c,Apply Statistical Analysis Techniques,digital,100
M311107,692ace70-7f97-4214-92bd-88f7637d8a44,Physics,technical,100
M311107,6f571969-3640-4774-a9bc-fd2ef583fdec,Apply Safety Procedures in Laboratory,technical,100
M311107,8259c2c0-2749-41e2-a4a8-4a64a76eab37,Laboratory Techniques,technical,100
M311107,89db623e-e1fc-4ec2-9a0f-7b72b4c35303,Gather Experimental Data,technical,100
M311107,aafbfaa4-5f93-457e-8cb8-d4ed855277f8,Analyse Experimental Laboratory Data,technical,100
M311107,b92758d4-4591-4df1-9ceb-f907aa71ebd9,Use Measurement Instruments,technical,100
M311107,c544a9f3-5945-4b54-afed-de0697852817,Report Analysis Results,technical,100
M311107,d6179c4b-ff5a-4bbb-a3c8-e0acf0de1f56,Assist Scientific Research,technical,100
M311107,ed3f3dba-3a35-4ed5-b113-67f4d10ef4c8,Scientific Research Methodology,technical,100
M311108,0b917c3e-e49f-40d9-8f95-3bc8e9c06fd2,Perform Laboratory Tests,technical,100
M311108,31c69100-b612-4a61-8db5-fd314318854c,Execute Analytical Mathematical Calculations,technical,100
M311108,3529d640-5d49-45fe-8ede-491e9c8e0447,Maintain Laboratory Equipment,technical,100
M311108,382c11ed-20d5-4ae7-b60e-15fec527fa6c,Apply Statistical Analysis Techniques,digital,100
M311108,692ace70-7f97-4214-92bd-88f7637d8a44,Physics,technical,100
M311108,6f571969-3640-4774-a9bc-fd2ef583fdec,Apply Safety Procedures in Laboratory,technical,100
M311108,8259c2c0-2749-41e2-a4a8-4a64a76eab37,Laboratory Techniques,technical,100
M311108,89db623e-e1fc-4ec2-9a0f-7b72b4c35303,Gather Experimental Data,technical,100
M311108,aafbfaa4-5f93-457e-8cb8-d4ed855277f8,Analyse Experimental Laboratory Data,technical,100
M311108,b92758d4-4591-4df1-9ceb-f907aa71ebd9,Use Measurement Instruments,technical,100
M311108,c544a9f3-5945-4b54-afed-de0697852817,Report Analysis Results,technical,100
M311108,d6179c4b-ff5a-4bbb-a3c8-e0acf0de1f56,Assist Scientific Research,technical,100
M311108,ed3f3dba-3a35-4ed5-b113-67f4d10ef4c8,Scientific Research Methodology,technical,100
M311120,023f4870-b417-4bd2-b0ae-78e61587c79f,Geomatics,technical,100
M311120,120b9b87-3aad-4a42-b5e7-1b146a672038,Record Survey Data,technical,100
M311120,1cca610d-2afc-44a7-97fc-f2262fb5fc75,Surveying,technical,100
M311120,222137dc-9021-4be8-bb7a-29833e02616a,Prepare Surveying Report,technical,100
M311120,2b834a98-14ff-47e1-8aef-cf8ffae912fa,Collect Mapping Data,digital,100
M311120,2dfa5bd5-c87c-461c-bce9-69b2c58732bd,Cartography,technical,100
M311120,4339176e-3acd-4f7f-a5d9-445bee3d23f2,Mathematics,technical,100
M311120,5b6fb4d6-582e-4187-9f17-f6e582f8714f,Survey Techniques,technical,100
M311120,65f375e1-6724-4539-8f8d-b35f4ba11af0,Document Survey Operations,technical,100
M311120,67785eab-0818-41f9-9756-a8e0a215b95b,Surveying Methods,technical,100
M311120,790a335b-2005-4b8a-b6fe-47ff7701ebb7,Topography,technical,100
M311120,7d4e4636-f136-46f6-ae23-2a7639d6b861,Geodesy,technical,100
M311120,86945516-619a-456e-b0d0-2fb31d927992,Perform Surveying Calculations,technical,100
M311120,918f5211-b99f-4b29-9a34-6e475583ef55,Write Work-Related Reports,technical,100
M311120,9737edec-475a-4a00-907f-1223770d6b99,Conduct Underwater Surveys,technical,100
M311120,af1df253-5103-46d7-a757-b17bf5a4e581,Operate Surveying Instruments,technical,100
M311120,b7b1d2aa-c489-41c2-9fe3-9b237c0a79c3,Bathymetry,technical,100
M311120,bb0069d2-0953-43d4-923b-18ad370bc2f3,Adjust Surveying Equipment,technical,100
M311120,d2c3fe66-d01a-473e-a7b1-cb463a617f86,Hydrography,technical,100
M311120,d7cbc3a2-fd0a-4d3b-acb9-6e24706c2176,Assist Hydrographic Surveys,technical,100
M311120,f6cb0d31-b245-4de6-b8dc-b5e11af3f017,Morphology,technical,100
M311133,02b6350e-433a-42b1-b620-92fc53b9a14d,Operate Remote Sensing Equipment,technical,100
M311133,0ce96a86-7a28-4c44-9e59-591375310894,Collect Weather-Related Data,digital,100
M311133,206f5738-e91f-4390-84a2-fcb864bc11b1,Use Specialised Computer Models for Weather Forecasting,digital,100
M311133,2f954283-4642-409a-8e9b-d6ae0a11b358,Use Meteorological Tools to Forecast Meteorological Conditions,digital,100
M311133,31c69100-b612-4a61-8db5-fd314318854c,Execute Analytical Mathematical Calculations,technical,100
M311133,382c11ed-20d5-4ae7-b60e-15fec527fa6c,Apply Statistical Analysis Techniques,digital,100
M311133,42c25baf-ccb3-47d9-a872-bb2ceb615538,Operate Precision Measuring Equipment,technical,100
M311133,4339176e-3acd-4f7f-a5d9-445bee3d23f2,Mathematics,technical,100
M311133,440f64e5-e66c-45ee-bc29-53c14a2ad720,Use Geographic Information Systems,digital,100
M311133,46fbc5cb-e6df-4355-8483-a4ccb819f753,Calibrate Optical Instruments,technical,100
M311133,4fabca9a-7435-4f33-b1da-3cdb00340fdc,Perform Scientific Research,technical,100
M311133,5e09534b-9ba1-4f29-84ad-1b3ad66d2dc8,Review Meteorological Forecast Data,technical,100
M311133,607e4018-3144-43c3-832a-6da339f1d1ef,Operate Meteorological Instruments,technical,100
M311133,79c366d4-0316-4838-b72e-c3be4f90fbd3,Use Communication Devices,digital,100
M311133,7a34b3d9-bd3b-4f4e-a0f6-f97439901cb7,Apply Scientific Methods,technical,100
M311133,840ea882-439c-4fa9-b219-edbe0607fe60,Meteorology,technical,100
M311133,91abe492-18be-4cce-93c7-0dca07072363,Meet Deadlines,technical,100
M311133,941364b9-1375-4add-9889-d67bae99bc8c,Write Technical Reports,technical,100
M311133,b386e189-12c5-4df6-b1db-059eb3f6dd88,Precision Measuring Instruments,technical,100
M311133,c605fd71-08c4-4f03-8187-9874d2401cb7,Carry out Meteorological Research,technical,100
M311133,cfccea88-0558-40d4-b896-56a1e7993e24,Climatology,technical,100
M311133,d6179c4b-ff5a-4bbb-a3c8-e0acf0de1f56,Assist Scientific Research,technical,100
M311137,00b9a3aa-7070-4bb5-8020-f228a97cf42f,Draft Scientific or Academic Papers and Technical Documentation,technical,100
M311137,08b04e53-ed25-41a2-9f90-0b9cd939ba3d,Manage Research Data,digital,100
M311137,0ee7b0d6-db98-4785-9948-f2ef415d155a,Write Research Proposals,technical,100
M311137,1b70a55d-b8a4-49fc-96c6-15ab4cff2522,Use Data Processing Techniques,digital,100
M311137,20a8fe89-d4eb-4698-8521-8881c13377e0,Interact Professionally in Research and Professional Environments,technical,100
M311137,23ac233d-84ad-4517-b0f5-8ca19ba2614e,Monitor Developments in Field of Expertise,technical,100
M311137,2b1e2927-3542-48da-9063-02925e7562c1,Disseminate Results to the Scientific Community,technical,100
M311137,2b34764d-637c-48f5-aa70-31e15c965db6,Operate Open Source Software,digital,100
M311137,2de4572a-4724-4f76-afc2-72a568a264ac,Speak Different Languages,technical,100
M311137,39f67488-cfd3-4370-8d7e-da98163102d9,Evaluate Research Activities,technical,100
M311137,4134622c-c3fb-4a41-beb6-6d58ba5107db,Demonstrate Disciplinary Expertise,technical,100
M311137,485cdafb-3c7f-4104-ab1c-773e6131a39a,Conduct Scholarly Research,technical,100
M311137,4d39b27a-b34f-4c89-8d46-df844d42f728,Increase the Impact of Science on Policy and Society,technical,100
M311137,4f5c1208-62fd-4e5a-a51e-306c06947e11,Manage Findable Accessible Interoperable and Reusable Data,digital,100
M311137,4fabca9a-7435-4f33-b1da-3cdb00340fdc,Perform Scientific Research,technical,100
M311137,518dc04d-092d-4fa1-bd82-88b7a9278ef7,Manage Intellectual Property Rights,technical,100
M311137,54e4e941-76cd-4bb7-bf25-019d50b737de,Discuss Research Proposals,technical,100
M311137,54f78038-58a8-46cb-9633-41ade03c07b7,Study Topics,technical,100
M311137,5f0082ab-2131-49b5-94d6-a1821daf57d6,Apply for Research Funding,technical,100
M311137,7159e587-c7cb-4ec0-a662-03e1dee2cccb,Research Design,technical,100
M311137,74e49482-75e8-4637-bdb1-fff868d02f7a,Scientific Literature,technical,100
M311137,7a34b3d9-bd3b-4f4e-a0f6-f97439901cb7,Apply Scientific Methods,technical,100
M311137,810134a4-3c40-4140-b8ca-6d6e8d0dc0f1,Develop Scientific Theories,technical,100
M311137,833289fa-3646-4010-9d9e-93ba8c9ef2d8,Apply Research Ethics and Scientific Integrity Principles in Research Activities,technical,100
M311137,872a1632-f1db-4feb-bb27-0a6a359b7591,Promote Open Innovation in Research,technical,100
M311137,979cf728-896f-4f2c-8fa8-2698ca0d4930,Publish Academic Research,technical,100
M311137,988f4ac3-a37c-4b0a-a40f-4e0e56b5919e,Promote the Transfer of Knowledge,technical,100
M311137,9a58cd26-58eb-4a1c-b1b6-64037fe9cfa1,Think Abstractly,technical,100
M311137,a584a638-a2c0-4b3c-bdf3-a64f87225be9,Mentor Individuals,technical,100
M311137,a8d24a95-47b3-4f88-92e7-06600bcd3612,Manage Personal Professional Development,technical,100
M311137,b30b6e13-6688-4035-b99b-fb3a1def0833,Archive Scientific Documentation,technical,100
M311137,c3c2420c-ce9a-4371-8eed-1db479c3a562,Write Scientific Publications,technical,100
M311137,cc61f9e5-d4fc-470e-8606-1ce865ff8386,Develop Professional Network with Researchers and Scientists,technical,100
M311137,cd50d616-1f8b-481e-983f-68d2674ff82d,Integrate Gender Dimension in Research,technical,100
M311137,cd5efa8c-e44d-4cbc-91c6-796018dbed68,Perform Project Management,technical,100
M311137,d4e9055e-597f-42ca-98ac-a5e3d8e881e1,University Procedures,technical,100
M311137,d6179c4b-ff5a-4bbb-a3c8-e0acf0de1f56,Assist Scientific Research,technical,100
M311137,da930e2f-6047-4616-a598-bba8ecef3039,Manage Open Publications,digital,100
M311137,ed3f3dba-3a35-4ed5-b113-67f4d10ef4c8,Scientific Research Methodology,technical,100
M311137,f715be1d-5fc4-49d3-82a5-0b8090d12849,Synthesise Information,technical,100
M311137,f7b071bf-4882-4cfc-ae0a-7e0e0ab94c61,Conduct Research Across Disciplines,technical,100
M311137,fa642fc3-5cc5-41cf-8926-6617a8b976a7,Promote the Participation of Citizens in Scientific and Research Activities,technical,100
M311137,ff64e9fc-36dd-4035-872a-83aa41dc1ad9,Communicate with a Non-Scientific Audience,technical,100
M311204,01c03003-516d-43c6-8477-45c472413521,Advise on Construction Materials,technical,100
M311204,1de548e0-9535-4d2e-9d20-d4474c1ea813,Oversee Construction Project,technical,100
M311204,1f632076-fd9b-4b18-a9a2-b59a59181d3e,Urban Planning Law,technical,100
M311204,21c5790c-0930-4d74-b3b0-84caf5af12ea,Manage Budgets,technical,100
M311204,32abc65b-333e-4af8-88df-ae2938018fb9,Communicate with Construction Crews,technical,100
M311204,4a84caca-4423-4a73-aeb4-47986173922b,Identify Customer Objectives,technical,100
M311204,5d9dd44a-81f8-4710-bd4d-af27ec5c2139,Calculate Needs for Construction Supplies,technical,100
M311204,615cfc39-797f-4229-8e92-159fcf8f3030,Building Codes,technical,100
M311204,6c190890-d5ab-46ab-915b-04e995dc0d76,Building Construction Principles,technical,100
M311204,7d092d81-d1e2-4c34-b3cb-c1c9f2e68b7d,Finish Project Within Budget,technical,100
M311204,7d35602d-bc94-4975-aa7c-f4e8e05ce8e0,Cost Management,technical,100
M311204,80274731-15ce-490a-8d5b-f55a36b976b0,Prepare Construction Documents,technical,100
M311204,92721092-fe7c-4689-96bd-4f02385bc0e7,Manage Contracts,technical,100
M311204,9be758b6-a45d-403c-8943-68390ee2c961,Quantity Surveying,technical,100
M311204,9f1bd2a4-91af-4b60-aeb3-0fe1f4434966,Order Construction Supplies,technical,100
M311204,c5b90c0c-3af0-4c8c-a06c-cc3ced02242c,Perform Cost Accounting Activities,technical,100
M311204,ccfbdaad-b91d-4bfe-bd0e-d30b33587f19,Keep Records of Work Progress,technical,100
M311204,e1f5c539-7c93-49ee-917d-a24e0d887686,Control of Expenses,technical,100
M311204,fe77f9ca-7bd2-4a68-98f4-8463a4fb8301,Construction Industry,technical,100
M311210,156f8c5b-894a-4ccc-a70e-37a2726f3f00,Work Ergonomically,technical,100
M311210,3baa5993-1438-41d3-b629-9412ea8833b1,Switch Tunnel Boring Machine Modes,technical,100
M311210,4af56376-7b2f-4ced-ac58-0c3967bd1e83,Transport Construction Supplies,technical,100
M311210,4c196a43-8b0a-4d22-a158-77ea6f346093,Drive Tunnel Boring Machine,technical,100
M311210,63395522-32f0-46c4-851d-69c2d3800a8a,Prevent Damage to Utility Infrastructure,technical,100
M311210,692b9132-5b2a-4c62-8cc8-6d02ab5668a6,Tunnel Boring Machine Console,technical,100
M311210,69bece91-c806-42ad-bde4-db28c7f8fc4b,Mechanical Systems,technical,100
M311210,86df7af2-f9f3-4c06-a500-7f1fba9e78fe,Follow Health and Safety Procedures in Construction,technical,100
M311210,9227d524-d1fa-470b-975f-13a83bdd22d9,Operate Theodolite,technical,100
M311210,a8c14569-704d-4615-bfb3-b1ecfd721bb3,Tend Boring Machine,technical,100
M311210,bc125238-252c-48bc-9c1e-c1d202352fa1,Install Tunnel Segments,technical,100
M311210,be7c80ee-0b7a-455c-8928-055cfa65076c,React to Events in Time-Critical Environments,technical,100
M311210,c643e59b-d74c-4f44-b76e-6e1d96c05ec4,Use Safety Equipment in Construction,technical,100
M311210,efa141df-f382-418f-9121-bd88fd735669,Mechanics,technical,100
M311219,3d427a49-4f85-42cd-8a92-62d4a34f41a1,File Documents,digital,100
M311219,4339176e-3acd-4f7f-a5d9-445bee3d23f2,Mathematics,technical,100
M311219,76f22707-8d30-453f-9eb7-3376e2960311,Handle Mail,technical,100
M311219,7c3865d1-e5a9-4043-a7a4-2e9e30468c0b,Perform Office Routine Activities,technical,100
M311219,8bc1c7da-c832-4896-a441-30d087c46aad,Examine Engineering Principles,technical,100
M311219,94b2c46e-6338-4a1d-950a-d44eef018c53,Collaborate with Engineers,technical,100
M311219,ab986bc4-df92-4351-9ac1-aa75af943cf7,Perform Clerical Duties,technical,100
M311219,c5c51528-ccfc-4c53-b409-c200aaa44222,Liaise with Engineers,technical,100
M311219,d6179c4b-ff5a-4bbb-a3c8-e0acf0de1f56,Assist Scientific Research,technical,100
M311225,3d427a49-4f85-42cd-8a92-62d4a34f41a1,File Documents,digital,100
M311225,4339176e-3acd-4f7f-a5d9-445bee3d23f2,Mathematics,technical,100
M311225,76f22707-8d30-453f-9eb7-3376e2960311,Handle Mail,technical,100
M311225,7c3865d1-e5a9-4043-a7a4-2e9e30468c0b,Perform Office Routine Activities,technical,100
M311225,8bc1c7da-c832-4896-a441-30d087c46aad,Examine Engineering Principles,technical,100
M311225,94b2c46e-6338-4a1d-950a-d44eef018c53,Collaborate with Engineers,technical,100
M311225,ab986bc4-df92-4351-9ac1-aa75af943cf7,Perform Clerical Duties,technical,100
M311225,c5c51528-ccfc-4c53-b409-c200aaa44222,Liaise with Engineers,technical,100
M311225,d6179c4b-ff5a-4bbb-a3c8-e0acf0de1f56,Assist Scientific Research,technical,100
M311226,03b9b491-fc9b-4868-914a-bf7cd47b5041,Create Solutions to Problems,technical,100
M311226,12c7b323-d870-4f5b-9d7d-d9f525206d77,Production Processes,technical,100
M311226,1de6b87b-2c7d-49aa-bcc0-3b2ef75f064f,Resolve Equipment Malfunctions,technical,100
M311226,209a5498-3449-4689-8ed9-bd08cab4fd78,Engineering Principles,technical,100
M311226,328733a7-6d84-420d-a65c-2a8014fadc60,Record Test Data,technical,100
M311226,334e3e49-fb02-4051-809a-f06adfdc1c40,Troubleshoot,technical,100
M311226,42b23922-1c40-4dbe-9e0c-7a568dfdf06b,Adjust Engineering Designs,technical,100
M311226,65a3a184-7d11-4db9-9b85-281961d1514b,Conduct Routine Machinery Checks,technical,100
M311226,72a74f69-5cf1-43c5-99b9-62a444578919,Engineering Processes,technical,100
M311226,79aa4ec0-399d-432e-aae8-7a390ce89bcc,Perform Maintenance on Installed Equipment,technical,100
M311226,81a2db2c-7e55-44d0-9cd9-74c25147d7cd,Analyse Test Data,technical,100
M311226,82313e12-9d39-47d1-b7c9-78bbd6bb50e2,CAE Software,digital,100
M311226,94b2c46e-6338-4a1d-950a-d44eef018c53,Collaborate with Engineers,technical,100
M311226,acc74047-f59f-4935-afc0-45ec43b9b57a,Define Part Requirements,technical,100
M311226,b07daddc-8625-4360-946e-ad2b0e56ebf6,Read Engineering Drawings,technical,100
M311226,f1b5800e-b763-4740-9586-3fef30568e81,Analyse Production Processes for Improvement,technical,100
M311227,28d715e3-3e5b-4fb6-8dd2-4be4919c8587,Handle Customer Complaints,technical,100
M311227,3d3ee5c3-4286-457f-9f76-1704011f7e11,Comply with Legal Regulations,technical,100
M311227,98119761-07b9-4e27-ae16-23586ab4becb,Examine the Conditions of Buildings,technical,100
M311227,a97353c8-f2a3-47be-86e1-f7c301fca630,Manage Cleaning Activities,technical,100
M311227,d085f57a-db05-4db7-aab5-9d9a29e8b949,Manage Ground Maintenance,technical,100
M311227,d1ba2b40-8811-4b60-8fc9-0e82b369c887,Register Information on Arrivals and Departures,technical,100
M311227,ddce2912-bc0f-4a47-aa2b-c1de48bc4b44,Energy Conservation,technical,100
M311227,f13bcfba-84b9-44a0-974f-a3d5b470ea9a,Execute Inspection Walkway,technical,100
M311227,f14ff4b7-be1e-4b55-b39b-520005f8a97e,Liaise with Managers,technical,100
M311227,f5f5b244-6cea-4fbc-8a50-8f712791bc09,Follow Company Standards,technical,100
M311230,03b9b491-fc9b-4868-914a-bf7cd47b5041,Create Solutions to Problems,technical,100
M311230,277f489c-7a47-4791-bd87-61ca01737f96,Oversee Production Requirements,technical,100
M311230,2b92a5b2-6758-4ee3-9fb4-b6387a55cc8f,Perform Data Analysis,digital,100
M311230,6122d586-5978-431f-8e7a-96e61fc1f3fc,Wear Appropriate Protective Gear,technical,100
M311230,68b6ef08-d823-489d-a95c-752ae6f6e6a7,Read Standard Blueprints,technical,100
M311230,8269dc3d-50ee-46b5-a742-a7d2cb7d90bb,Check for Damaged Items,technical,100
M311230,85aa1871-db96-42f7-801f-c39f924de2d7,Plan Shifts of Employees,technical,100
M311230,91be6910-bd67-4e1f-95b0-32513b399b24,Communicate Problems to Senior Colleagues,technical,100
M311230,a571ae14-3e16-4fd3-a615-5646e0b0b696,Inspect Data,digital,100
M311230,a7b9039e-0145-4e3e-bbf8-30151d3e6cc0,Schedule Regular Machine Maintenance,technical,100
M311230,c5bc42be-4970-4dce-80e2-af78bae42e84,Manage Maintenance Operations,technical,100
M311230,cd85312f-0e0b-460b-addd-57d6df800595,Coordinate Communication Within a Team,technical,100
M311230,f14ff4b7-be1e-4b55-b39b-520005f8a97e,Liaise with Managers,technical,100
M311230,fb40d2c6-fe3c-4e49-9289-49e98900b315,Ensure Compliance with Maintenance Legislation,technical,100
M311307,0dc8813a-cebd-4a42-acc8-9a7c4e6e3663,Test Procedures in Electricity Transmission,technical,100
M311307,0e8d16c9-e2db-4862-ac06-1567f01ef806,Building Systems Monitoring Technology,digital,100
M311307,2179e0fd-7431-41a3-bbf4-76451c615ce2,Inspect Electrical Supplies,technical,100
M311307,2206af0c-3deb-48c5-a544-b9983d347da3,Answer Requests for Quotation,technical,100
M311307,2bbdea06-a265-42b5-bb4f-7241b661f069,Electromechanics,technical,100
M311307,3892f2ff-714e-4201-823d-5d6fc5bab621,Check Compatibility of Materials,technical,100
M311307,44e2c4c4-9fd2-42d4-a133-d81360ded4bc,Manage Health and Safety Standards,technical,100
M311307,44f6a65f-6be7-4818-9a66-73908797283f,Monitor Stock Level,technical,100
M311307,4fa2d6ba-4fff-4f21-bddd-4a54ae840955,Work in a Construction Team,technical,100
M311307,50f2d23c-b3fb-48a5-967b-14fd0a6dd205,Inspect Construction Supplies,technical,100
M311307,6181f475-110c-497c-a46d-ed2e14e7bc90,Ensure Compliance with Construction Project Deadline,technical,100
M311307,69f23426-9279-4fe6-a283-24c2aa4c855d,Ensure Equipment Availability,technical,100
M311307,7c05199f-7b03-4a4a-afee-7c9dfcf9066a,Plan Resource Allocation,technical,100
M311307,85aa1871-db96-42f7-801f-c39f924de2d7,Plan Shifts of Employees,technical,100
M311307,86df7af2-f9f3-4c06-a500-7f1fba9e78fe,Follow Health and Safety Procedures in Construction,technical,100
M311307,8a98707e-b2ee-48fe-9f36-e47e3555ecf7,Evaluate Employees Work,technical,100
M311307,95c35c3a-035f-47c2-90cf-7e934d20fc08,Electronics,digital,100
M311307,9601b2a8-68e4-4906-9306-a23679b8f0b0,Supervise Staff,technical,100
M311307,9f1bd2a4-91af-4b60-aeb3-0fe1f4434966,Order Construction Supplies,technical,100
M311307,a3e0224a-c952-4b4e-b664-d7186f62715b,Process Incoming Construction Supplies,technical,100
M311307,baf501a8-f0fe-4ad7-9b69-8e920fa1a87b,Test Electronic Units,technical,100
M311307,be7c80ee-0b7a-455c-8928-055cfa65076c,React to Events in Time-Critical Environments,technical,100
M311307,c643e59b-d74c-4f44-b76e-6e1d96c05ec4,Use Safety Equipment in Construction,technical,100
M311307,c8ac1986-38fa-43b2-89dc-50a4beeb420e,Electricity,technical,100
M311307,ccfbdaad-b91d-4bfe-bd0e-d30b33587f19,Keep Records of Work Progress,technical,100
M311307,d15e92c4-c8dc-48cd-a1f6-94fe13347f87,Electrical Wiring Plans,technical,100
M311307,f14ff4b7-be1e-4b55-b39b-520005f8a97e,Liaise with Managers,technical,100
M311314,136596a4-00b5-4ed3-bb6e-717198c1ccbe,Apply Soldering Techniques,technical,100
M311314,16da7f95-bd00-4a5c-b837-bf1c2a5a9f15,Prepare Pieces for Joining,technical,100
M311314,1a3660c2-011c-4e96-9b1d-529afc305428,Inspect Quality of Products,technical,100
M311314,1fea0bc2-a6fa-4fe8-b36f-7a3194f8ed1c,Electricity Principles,technical,100
M311314,270de514-3206-4cf9-b122-0f148ab06fa1,Measure Electrical Characteristics,technical,100
M311314,2feeef46-05cf-445c-9ca1-c96a30e10106,Read Assembly Drawings,technical,100
M311314,328733a7-6d84-420d-a65c-2a8014fadc60,Record Test Data,technical,100
M311314,3c333552-8d89-43f5-90bd-856e15bec433,Design Drawings,technical,100
M311314,3e40c7d0-0e36-4b33-bc33-0aa87eda0561,Electrical Engineering,technical,100
M311314,3f6dc31c-ceef-4e93-9d8a-b4b862cf9b51,Test Electrical Equipment,technical,100
M311314,415cb0c2-e169-4f99-ba3e-d1c433b75368,Assemble Electrical Components,technical,100
M311314,42b23922-1c40-4dbe-9e0c-7a568dfdf06b,Adjust Engineering Designs,technical,100
M311314,465ff64a-1271-4064-8ed1-e969cb68d8b4,Perform Test Run,technical,100
M311314,5133ed7b-0785-4c28-825d-1dcf518c4b5b,Align Components,technical,100
M311314,56a13f47-ad7c-451f-81cf-e550107abc03,Electrical Discharge,technical,100
M311314,6122d586-5978-431f-8e7a-96e61fc1f3fc,Wear Appropriate Protective Gear,technical,100
M311314,68b6ef08-d823-489d-a95c-752ae6f6e6a7,Read Standard Blueprints,technical,100
M311314,b07daddc-8625-4360-946e-ad2b0e56ebf6,Read Engineering Drawings,technical,100
M311314,c0ccbd15-36f3-4515-ae0b-b4062d225ee2,Abide by Regulations on Banned Materials,technical,100
M311314,c5c51528-ccfc-4c53-b409-c200aaa44222,Liaise with Engineers,technical,100
M311314,c8bd9f9f-0ec6-447a-ab78-ad6eeeed9aa8,Electrical Testing Methods,technical,100
M311314,cafc2723-c308-4058-9921-61306b5de924,Fasten Components,technical,100
M311314,d6179c4b-ff5a-4bbb-a3c8-e0acf0de1f56,Assist Scientific Research,technical,100
M311314,df08a4ae-4024-4460-8c92-eab78da1c94b,Ensure Material Compliance,technical,100
M311314,e5ad0cce-e3d5-4c60-8504-5d1c7e3b55b9,Electrical Equipment Components,technical,100
M311314,e921279a-1a7e-4900-9720-bde93ae3e70e,Prepare Production Prototypes,technical,100
M311314,ed291aa0-8b2f-4179-b2f7-540ea6f63bf3,Electrical Wiring Diagrams,technical,100
M311314,f30a7ea4-77dd-452c-8a2d-b06c12606a7f,Operate Soldering Equipment,technical,100
M311315,02c71cde-f513-43da-8952-0974763c7568,Interpret Circuit Diagrams,technical,100
M311315,117373c8-f04b-4fff-8683-aebe36edac81,Hardware Platforms,digital,100
M311315,1177c6f5-09c5-4c35-873c-afd22d170ad3,Quality Assurance Procedures,technical,100
M311315,19ec88aa-c0b1-4515-ba10-56b6cf27369e,Electronic Equipment Standards,technical,100
M311315,1a3660c2-011c-4e96-9b1d-529afc305428,Inspect Quality of Products,technical,100
M311315,270de514-3206-4cf9-b122-0f148ab06fa1,Measure Electrical Characteristics,technical,100
M311315,2feeef46-05cf-445c-9ca1-c96a30e10106,Read Assembly Drawings,technical,100
M311315,41a3240f-58ba-44e2-a688-edeb21ea5c16,Conduct Quality Control Analysis,technical,100
M311315,4b51e76e-9e8a-455f-a289-5b48246345c4,Hardware Components,digital,100
M311315,52b38e90-3d05-4042-a9e2-d19dec8dd7c1,Test Hardware,digital,100
M311315,53456d90-8c0d-4bd2-9f1b-312619b6e2a6,Hardware Testing Methods,digital,100
M311315,56a13f47-ad7c-451f-81cf-e550107abc03,Electrical Discharge,technical,100
M311315,61d6ef20-6cc7-40f8-919e-3360db6cf2b3,Hardware Materials,digital,100
M311315,68b6ef08-d823-489d-a95c-752ae6f6e6a7,Read Standard Blueprints,technical,100
M311315,69fe6624-bc7f-412e-ad6d-35c7b0df842e,Instrument Performance Elements,technical,100
M311315,74374d09-7a54-4a05-ae78-d5940423de7c,Use Testing Equipment,technical,100
M311315,81a2db2c-7e55-44d0-9cd9-74c25147d7cd,Analyse Test Data,technical,100
M311315,85e6b82a-8244-45f6-8300-a6b2d62ee748,Communicate Test Results to Other Departments,technical,100
M311315,8d4271ca-c9fd-40b3-875f-15f78332a49e,Quality Standards,technical,100
M311315,91abe492-18be-4cce-93c7-0dca07072363,Meet Deadlines,technical,100
M311315,b07daddc-8625-4360-946e-ad2b0e56ebf6,Read Engineering Drawings,technical,100
M311315,b92758d4-4591-4df1-9ceb-f907aa71ebd9,Use Measurement Instruments,technical,100
M311315,e043aeeb-78f5-4049-afbf-12bba52225bc,Hardware Architectures,digital,100
M311315,efc5534d-3631-4564-a7b0-f6ae558f3c03,Ensure Conformity to Specifications,technical,100
M311404,02c71cde-f513-43da-8952-0974763c7568,Interpret Circuit Diagrams,technical,100
M311404,03459358-3f0f-4b13-a143-890e2da798d3,Configure Electronic Equipment,technical,100
M311404,0e9e3a56-3b26-4fa5-91df-6d9bfbea4259,Electronic Test Procedures,technical,100
M311404,136596a4-00b5-4ed3-bb6e-717198c1ccbe,Apply Soldering Techniques,technical,100
M311404,19ec88aa-c0b1-4515-ba10-56b6cf27369e,Electronic Equipment Standards,technical,100
M311404,1a3660c2-011c-4e96-9b1d-529afc305428,Inspect Quality of Products,technical,100
M311404,26ed52cf-30ca-451e-9699-a6c04a30649f,Solder Electronics,technical,100
M311404,2b9f4584-da2e-44e2-a2fb-4dd4fc64c1a2,Integrated Circuits,technical,100
M311404,2feeef46-05cf-445c-9ca1-c96a30e10106,Read Assembly Drawings,technical,100
M311404,328733a7-6d84-420d-a65c-2a8014fadc60,Record Test Data,technical,100
M311404,3c333552-8d89-43f5-90bd-856e15bec433,Design Drawings,technical,100
M311404,42b23922-1c40-4dbe-9e0c-7a568dfdf06b,Adjust Engineering Designs,technical,100
M311404,4ed385bf-3e87-476a-9f06-08c2e801133a,Assemble Electronic Units,technical,100
M311404,5133ed7b-0785-4c28-825d-1dcf518c4b5b,Align Components,technical,100
M311404,52838a25-11f5-4cb1-b4ab-c5c7d59041e8,Types of Electronics,technical,100
M311404,68269b0a-35c5-4867-bc17-a0b0230fe60c,Ensure Finished Product Meet Requirements,technical,100
M311404,6a2bc03b-e30d-429b-9549-5784cb92ae2f,Printed Circuit Boards,digital,100
M311404,74374d09-7a54-4a05-ae78-d5940423de7c,Use Testing Equipment,technical,100
M311404,8a2f841c-fe35-46c0-90bd-51858a88a83b,Electronic Components,technical,100
M311404,91abe492-18be-4cce-93c7-0dca07072363,Meet Deadlines,technical,100
M311404,95c35c3a-035f-47c2-90cf-7e934d20fc08,Electronics,digital,100
M311404,b07daddc-8625-4360-946e-ad2b0e56ebf6,Read Engineering Drawings,technical,100
M311404,baf501a8-f0fe-4ad7-9b69-8e920fa1a87b,Test Electronic Units,technical,100
M311404,bbd57056-80e0-45bb-a2c1-658ed99a1251,Conduct Performance Tests,technical,100
M311404,c5c51528-ccfc-4c53-b409-c200aaa44222,Liaise with Engineers,technical,100
M311404,cafc2723-c308-4058-9921-61306b5de924,Fasten Components,technical,100
M311404,d6179c4b-ff5a-4bbb-a3c8-e0acf0de1f56,Assist Scientific Research,technical,100
M311404,e76dd90d-91c4-49c0-bfd0-dfa2c4c90c81,Interpret Electronic Design Specifications,technical,100
M311404,e921279a-1a7e-4900-9720-bde93ae3e70e,Prepare Production Prototypes,technical,100
M311404,f820e9db-fdb1-4237-9c6b-6f912ca884e2,Battery Formation,technical,100
M311514,3d427a49-4f85-42cd-8a92-62d4a34f41a1,File Documents,digital,100
M311514,4339176e-3acd-4f7f-a5d9-445bee3d23f2,Mathematics,technical,100
M311514,76f22707-8d30-453f-9eb7-3376e2960311,Handle Mail,technical,100
M311514,7c3865d1-e5a9-4043-a7a4-2e9e30468c0b,Perform Office Routine Activities,technical,100
M311514,8bc1c7da-c832-4896-a441-30d087c46aad,Examine Engineering Principles,technical,100
M311514,94b2c46e-6338-4a1d-950a-d44eef018c53,Collaborate with Engineers,technical,100
M311514,ab986bc4-df92-4351-9ac1-aa75af943cf7,Perform Clerical Duties,technical,100
M311514,c5c51528-ccfc-4c53-b409-c200aaa44222,Liaise with Engineers,technical,100
M311514,d6179c4b-ff5a-4bbb-a3c8-e0acf0de1f56,Assist Scientific Research,technical,100
M311516,07c73859-2c3f-4810-8735-53656f6944f9,Ensure Compliance with Port Regulations,technical,100
M311516,0b4f9939-4c27-4743-9158-ea1ceccb46b4,Physical Parts of the Vessel,technical,100
M311516,0d07fb7e-2815-454c-83e2-9c736c23435c,Coordinate Dock Operations,technical,100
M311516,0db1a833-e4b7-4cae-9c6f-ddcdd4326e85,Geographic Areas,technical,100
M311516,1c7c161d-1c78-4098-b28d-147857d44699,Ensure Ongoing Compliance with Regulations,technical,100
M311516,1dea2f3a-857c-4fc3-b1f8-d5f2015c46a9,Give Instructions to Staff,technical,100
M311516,272b74a0-f01a-49c9-ba36-7bf3ecfd198f,Supervise Movement of Crew,technical,100
M311516,2f6e5619-2478-475f-a414-ec05c2b72795,Operate Port Communications Systems,digital,100
M311516,3013c7d0-b22b-43b0-9318-c0e8eca25c78,Supervise Movement of Passengers,technical,100
M311516,339ac029-066a-4985-9f9d-b3d7c8fea0bb,Manage Staff,technical,100
M311516,349f6b99-9b8c-4463-9665-9842d95af241,Supervise Unloading of Cargo,technical,100
M311516,35421ebd-dc4c-4827-adbb-faf4a98c1968,Apply Procedures to Ensure Cargo Complies with Customs Regulations,technical,100
M311516,3d2a1f45-5367-47d2-a15a-a8fc72a45bbc,Supervise Loading of Cargo,technical,100
M311516,499c05a2-6f36-4407-83c1-dc3448d35818,Ensure Public Safety and Security,technical,100
M311516,5be12b90-774f-4105-a44f-f3937c1c53f1,Commodities in Maritime Transportation,technical,100
M311516,629c9139-8a87-447b-8f61-bfe678cf3e7c,Types of Maritime Vessels,technical,100
M311516,65df3083-d28c-4a24-8351-b8fdfc4dc529,Manage Vessel Cargo Activities,technical,100
M311516,69ab1f34-a861-49ab-96bb-1f235002d3f1,Operate Marine Communication Systems,technical,100
M311516,7a21689e-3f98-4284-8501-6e9b053262c9,Load Cargo onto Ships,technical,100
M311516,8c2d6746-1966-442b-9a7d-8ee1accdadfc,Customs Regulations for Passengers,technical,100
M311516,94f5e909-48c5-4782-9005-84d793dd01ba,Manage Port Operations,technical,100
M311516,989dc903-5838-4d84-8e04-e5b7a2ba97c5,Apply Safety Management,technical,100
M311516,a7b9e3cd-cd39-4ea1-b617-3f5b651fd535,Conduct Full-Scale Emergency Plan Exercises,technical,100
M311516,a9acb2ba-a88b-4d53-98ca-0e04ec83b5e6,Anticipate Logistics Requirements for Port Operations,technical,100
M311516,ab1af25a-1513-47ea-80e7-2726610c10c7,Manage Port Operations Improvement Procedures,technical,100
M311516,c4c51507-f669-4740-abf0-9bee87732185,Port Regulation,technical,100
M311516,d6d99ded-08d9-4e2b-b6bf-bc9fc4d266b6,Liaise with Port Users,technical,100
M311516,f5994792-4487-4e69-9944-f1aa1879cf23,Coordinate the Itineraries of Vessels,technical,100
M311516,f98159cb-935a-4a20-97d0-68e2e3e60765,Anticipate Installation Maintenance,technical,100
M311516,fa656035-d990-4b73-bc89-16bb90b4b697,Vessel Traffic Services,technical,100
M311516,ffaf5635-45b2-4192-8bd8-6987cfde04de,Match Vessels to Shipping Routes,technical,100
M311517,07c73859-2c3f-4810-8735-53656f6944f9,Ensure Compliance with Port Regulations,technical,100
M311517,0b4f9939-4c27-4743-9158-ea1ceccb46b4,Physical Parts of the Vessel,technical,100
M311517,0d07fb7e-2815-454c-83e2-9c736c23435c,Coordinate Dock Operations,technical,100
M311517,0db1a833-e4b7-4cae-9c6f-ddcdd4326e85,Geographic Areas,technical,100
M311517,1c7c161d-1c78-4098-b28d-147857d44699,Ensure Ongoing Compliance with Regulations,technical,100
M311517,1dea2f3a-857c-4fc3-b1f8-d5f2015c46a9,Give Instructions to Staff,technical,100
M311517,272b74a0-f01a-49c9-ba36-7bf3ecfd198f,Supervise Movement of Crew,technical,100
M311517,2f6e5619-2478-475f-a414-ec05c2b72795,Operate Port Communications Systems,digital,100
M311517,3013c7d0-b22b-43b0-9318-c0e8eca25c78,Supervise Movement of Passengers,technical,100
M311517,339ac029-066a-4985-9f9d-b3d7c8fea0bb,Manage Staff,technical,100
M311517,349f6b99-9b8c-4463-9665-9842d95af241,Supervise Unloading of Cargo,technical,100
M311517,35421ebd-dc4c-4827-adbb-faf4a98c1968,Apply Procedures to Ensure Cargo Complies with Customs Regulations,technical,100
M311517,3d2a1f45-5367-47d2-a15a-a8fc72a45bbc,Supervise Loading of Cargo,technical,100
M311517,499c05a2-6f36-4407-83c1-dc3448d35818,Ensure Public Safety and Security,technical,100
M311517,5be12b90-774f-4105-a44f-f3937c1c53f1,Commodities in Maritime Transportation,technical,100
M311517,629c9139-8a87-447b-8f61-bfe678cf3e7c,Types of Maritime Vessels,technical,100
M311517,65df3083-d28c-4a24-8351-b8fdfc4dc529,Manage Vessel Cargo Activities,technical,100
M311517,69ab1f34-a861-49ab-96bb-1f235002d3f1,Operate Marine Communication Systems,technical,100
M311517,7a21689e-3f98-4284-8501-6e9b053262c9,Load Cargo onto Ships,technical,100
M311517,8c2d6746-1966-442b-9a7d-8ee1accdadfc,Customs Regulations for Passengers,technical,100
M311517,94f5e909-48c5-4782-9005-84d793dd01ba,Manage Port Operations,technical,100
M311517,989dc903-5838-4d84-8e04-e5b7a2ba97c5,Apply Safety Management,technical,100
M311517,a7b9e3cd-cd39-4ea1-b617-3f5b651fd535,Conduct Full-Scale Emergency Plan Exercises,technical,100
M311517,a9acb2ba-a88b-4d53-98ca-0e04ec83b5e6,Anticipate Logistics Requirements for Port Operations,technical,100
M311517,ab1af25a-1513-47ea-80e7-2726610c10c7,Manage Port Operations Improvement Procedures,technical,100
M311517,c4c51507-f669-4740-abf0-9bee87732185,Port Regulation,technical,100
M311517,d6d99ded-08d9-4e2b-b6bf-bc9fc4d266b6,Liaise with Port Users,technical,100
M311517,f5994792-4487-4e69-9944-f1aa1879cf23,Coordinate the Itineraries of Vessels,technical,100
M311517,f98159cb-935a-4a20-97d0-68e2e3e60765,Anticipate Installation Maintenance,technical,100
M311517,fa656035-d990-4b73-bc89-16bb90b4b697,Vessel Traffic Services,technical,100
M311517,ffaf5635-45b2-4192-8bd8-6987cfde04de,Match Vessels to Shipping Routes,technical,100
M311521,1de6b87b-2c7d-49aa-bcc0-3b2ef75f064f,Resolve Equipment Malfunctions,technical,100
M311521,25b973c6-68ea-4ff7-bd26-aa76bd08b62a,Hydraulic Fluid,technical,100
M311521,328733a7-6d84-420d-a65c-2a8014fadc60,Record Test Data,technical,100
M311521,465ff64a-1271-4064-8ed1-e969cb68d8b4,Perform Test Run,technical,100
M311521,68b6ef08-d823-489d-a95c-752ae6f6e6a7,Read Standard Blueprints,technical,100
M311521,68e66ed6-a171-4350-8ec1-2cfc4cae50e4,Hydraulics,technical,100
M311521,6ed2fb8d-3580-497f-8a21-30a0ada5caae,Secure Working Area,technical,100
M311521,74374d09-7a54-4a05-ae78-d5940423de7c,Use Testing Equipment,technical,100
M311521,753b1781-ea44-4eea-b84a-f8a76fbd6c4d,Install Hydraulic Systems,technical,100
M311521,87b1c959-236d-4761-b3be-b1c729497f75,Fluid Mechanics,technical,100
M311521,9f34107c-8db0-4b00-84d8-3f64e400c80c,Consult Technical Resources,technical,100
M311521,efa141df-f382-418f-9121-bd88fd735669,Mechanics,technical,100
M311521,f30a7ea4-77dd-452c-8a2d-b06c12606a7f,Operate Soldering Equipment,technical,100
M311527,0c77bcd5-b94a-475d-98e9-5a4327e4d726,Statistical Process Control,technical,100
M311527,1f5148bb-1eb0-473d-a312-50e4ed24159f,Supply Machine with Appropriate Tools,technical,100
M311527,31f01be9-7bbf-4afb-a647-bcd4931cfc8b,Remove Inadequate Workpieces,technical,100
M311527,334e3e49-fb02-4051-809a-f06adfdc1c40,Troubleshoot,technical,100
M311527,357e1729-e2a8-49f4-8b42-dc8b278320fa,Remove Processed Workpiece,technical,100
M311527,3786b61f-f22e-48d1-af8d-ad4c354534db,Manufacturing Processes,technical,100
M311527,42c25baf-ccb3-47d9-a872-bb2ceb615538,Operate Precision Measuring Equipment,technical,100
M311527,465ff64a-1271-4064-8ed1-e969cb68d8b4,Perform Test Run,technical,100
M311527,68b6ef08-d823-489d-a95c-752ae6f6e6a7,Read Standard Blueprints,technical,100
M311527,69f23426-9279-4fe6-a283-24c2aa4c855d,Ensure Equipment Availability,technical,100
M311527,7a757fa5-9a6f-43ab-9e66-f8f4dba1ffcb,Use CAM Software,digital,100
M311527,7aa52bdc-9c56-4341-be65-e8e30f64403f,Monitor Automated Machines,digital,100
M311527,7d10fcb2-b368-48ab-996b-7c9fafcf68ed,Use Automatic Programming,digital,100
M311527,8a4e99e0-f259-4931-888f-604cfdc15b31,Perform Machine Maintenance,technical,100
M311527,8d4271ca-c9fd-40b3-875f-15f78332a49e,Quality Standards,technical,100
M311527,9ea652f6-accf-45bb-b9a8-590f06f7bd51,Supply Machine,technical,100
M311527,9f34107c-8db0-4b00-84d8-3f64e400c80c,Consult Technical Resources,technical,100
M311527,bf942c60-8539-4951-83ee-63f770da1cb8,Program a CNC Controller,digital,100
M311527,d9818afc-1dec-4944-8c9c-e3ae8fad176d,Set up the Controller of a Machine,digital,100
M311529,0b472dad-1a3f-456e-99ba-de5ffe8665c2,Non-Ferrous Metal Processing,technical,100
M311529,0d254d2f-f6c7-49ac-be0d-a2651c222f7a,Precious Metals,technical,100
M311529,17fa2e6a-ca80-4d60-afb0-03f170e9d5f3,Collect Samples,technical,100
M311529,1c5f1010-17aa-4a17-acd3-3bbef4fcd2b4,Corrosion Types,technical,100
M311529,328733a7-6d84-420d-a65c-2a8014fadc60,Record Test Data,technical,100
M311529,3529d640-5d49-45fe-8ede-491e9c8e0447,Maintain Laboratory Equipment,technical,100
M311529,3606bf22-1987-4356-b8c4-13e89d8f6c69,Interpret Extraction Data,technical,100
M311529,3b2d77a8-6a61-48a0-af4b-e63bd083334f,Alloys of Precious Metals,technical,100
M311529,46786464-6c5b-4970-9a63-2f2fb29b4c12,Ferrous Metal Processing,technical,100
M311529,6f571969-3640-4774-a9bc-fd2ef583fdec,Apply Safety Procedures in Laboratory,technical,100
M311529,7f107a85-d6ac-410f-a995-d635c5aa418b,Types of Metal,technical,100
M311529,81a2db2c-7e55-44d0-9cd9-74c25147d7cd,Analyse Test Data,technical,100
M311529,aafbfaa4-5f93-457e-8cb8-d4ed855277f8,Analyse Experimental Laboratory Data,technical,100
M311529,b5a1fc87-c9f2-41f4-a1ae-28e023715592,Perform Sample Testing,technical,100
M311529,bc54eee1-a858-4f80-afdc-0442a617ef50,Conduct Field Work,technical,100
M311529,db9f6f5d-2177-4c49-bf97-8eb462536665,Test Raw Minerals,technical,100
M311529,f12d412a-04e3-49a8-a4f6-2e32a67c12a2,Metal Drawing Processes,technical,100
M311529,ffc2465f-d2b5-4b2d-bf6e-56eefbe02da1,Precious Metal Processing,technical,100
M311531,095fdace-1cc3-4e80-b37b-268fe297904a,Prepare Audit Activities,technical,100
M311531,0cfc7eb9-2891-4153-b335-6331f381ff05,Communicate Health and Safety Measures,technical,100
M311531,0efbe2dc-2770-47ec-b8f4-d1bdff6ac0a4,Advise on Risk Management,technical,100
M311531,101d63ee-bb22-4a7c-9e0a-c2716063696a,"Make Health, Safety and Environment Assessments",technical,100
M311531,14d88fae-ead0-4d19-8519-04b154b46987,Promote Health and Safety Policies in Health Services,technical,100
M311531,198b614d-a9af-46f5-b3fd-2672b401dd8e,Health and Safety in the Workplace,technical,100
M311531,2cbb31ac-2403-4c31-90f3-7473623a56fc,Investigate Occupational Injuries,technical,100
M311531,2d9aaad3-a3c8-4c5b-bf67-46984d860873,Adhere to OHSAS 18001,technical,100
M311531,2dbdd054-896a-4167-8f11-e9b9ebcf199d,"Health, Safety and Hygiene Legislation",technical,100
M311531,324f0243-1a21-4f5c-9f71-52eebc2596ed,Interview Techniques,technical,100
M311531,41437077-2522-49bf-bcb2-083a23d52958,Inform on Workplace Safety Standards,technical,100
M311531,4707bc7a-e7e7-48e5-8dc5-49ec60fbae90,Document Safety Actions,technical,100
M311531,556be6f4-225f-46a2-a795-d3d54d98c3f7,Conduct Workplace Audits,technical,100
M311531,5d204ec8-981b-4405-9a82-0b1cb21ca9d3,Monitor Employee's Health,technical,100
M311531,5f97fac8-2001-4b81-ae8b-22f9062d921a,Identify Hazards in the Workplace,technical,100
M311531,6a536b36-c5c7-4d10-bf67-a4fb0f8549b2,Audit Techniques,digital,100
M311531,6eff134b-e34f-4d6e-a6e8-5e47cf2228d0,Risk Management,technical,100
M311531,751f6baf-de47-4d67-a657-4133066703f4,Identify Policy Breach,technical,100
M311531,8006596d-605b-4088-a3f6-8e3aedec21ab,Prevent Health and Safety Problems,technical,100
M311531,801ef90e-6db2-4a6b-83bc-5e1144524d10,Prevent Work Accidents,technical,100
M311531,896563fc-6255-4419-89c2-ffed30159ad6,Conduct Research Interview,technical,100
M311531,8bdc520c-6293-4e99-bf6f-a44d5da3ebcb,Monitor Legislation Developments,technical,100
M311531,93a68dcb-3dc6-4dbe-b196-f6d212228a50,Promote Health and Safety,technical,100
M311531,988ec766-73c5-4066-97ed-dee2a6d07fba,Ensure Annual Safety Inspections,technical,100
M311531,bb663409-5c88-4e3a-bc16-01aa1c8ce171,Plan Health and Safety Procedures,technical,100
M311531,d0f48427-7987-4f86-b24d-709837a37fd2,Assist Employee Health Programmes,technical,100
M311531,d2d9051a-10e1-41c5-9cfb-bbdc58016176,Follow Safety Precautions in Work Practices,technical,100
M311531,d5e39a53-4f54-4d5f-9df3-b49664c9559d,Occupational Health,technical,100
M311531,db9050db-ae5d-4be8-8114-c26f272c3bda,Manage Health and Safety,technical,100
M311531,dcc96a49-0bac-4a9c-8f8e-a32b4e47e6eb,Apply Health and Safety Standards,technical,100
M311531,e111620f-090e-4427-a996-21a6e5a2d14f,Instruct on Safety Measures,technical,100
M311531,e4c19f92-6379-45e7-b94d-592457c6d68d,Foster Compliance with Health and Safety Rules by Setting an Example,technical,100
M311531,f2f463e5-2382-49cb-8199-e7e043d868df,Health and Safety Regulations,technical,100
M311531,f9d70f2a-c3f0-475d-ac55-dc2e2ba856e8,Lead Inspections,technical,100
M311549,12c7b323-d870-4f5b-9d7d-d9f525206d77,Production Processes,technical,100
M311549,209a5498-3449-4689-8ed9-bd08cab4fd78,Engineering Principles,technical,100
M311549,31c69100-b612-4a61-8db5-fd314318854c,Execute Analytical Mathematical Calculations,technical,100
M311549,3786b61f-f22e-48d1-af8d-ad4c354534db,Manufacturing Processes,technical,100
M311549,4339176e-3acd-4f7f-a5d9-445bee3d23f2,Mathematics,technical,100
M311549,4fabca9a-7435-4f33-b1da-3cdb00340fdc,Perform Scientific Research,technical,100
M311549,541561bc-510c-4a99-881c-2d8bf5a85462,Use Technical Drawing Software,digital,100
M311549,59ea80e1-463a-4dba-82c6-d0b6d577d532,Technical Drawings,digital,100
M311549,6a899482-8bcf-40ca-ae67-579a1cc467ab,Manage Engineering Project,technical,100
M311549,7111b95d-0ce3-441a-9d92-4c75d05c4388,Project Management,technical,100
M311549,72a74f69-5cf1-43c5-99b9-62a444578919,Engineering Processes,technical,100
M311549,be48353d-25c7-4f86-bea9-7b9e248fbc6e,Interpret Technical Requirements,technical,100
M311549,d74df140-eb69-43e2-bac9-1cafc824d702,Execute Feasibility Study,technical,100
M311549,d9e5349e-8791-49c2-8ba4-839fdd1606c2,Define Technical Requirements,technical,100
M311549,e95058a6-e139-42e7-a470-72038a606649,Assess Financial Viability,technical,100
M311550,12c7b323-d870-4f5b-9d7d-d9f525206d77,Production Processes,technical,100
M311550,14b4a40e-da80-452a-86d6-88a959052219,Operate Oxy-Fuel Welding Torch,technical,100
M311550,209a5498-3449-4689-8ed9-bd08cab4fd78,Engineering Principles,technical,100
M311550,27d26fd6-5795-4f0a-884e-112df7c68314,Apply Arc Welding Techniques,technical,100
M311550,2fcd95a4-1f9a-41cf-95a9-4701bde476b4,Operate Welding Equipment,technical,100
M311550,34016949-da9c-4107-98e3-1080ae405e27,Perform Welding Inspection,technical,100
M311550,34250f4b-b39e-42bd-a2d7-783e90051b08,Spot Metal Imperfections,technical,100
M311550,3786b61f-f22e-48d1-af8d-ad4c354534db,Manufacturing Processes,technical,100
M311550,3c333552-8d89-43f5-90bd-856e15bec433,Design Drawings,technical,100
M311550,42b23922-1c40-4dbe-9e0c-7a568dfdf06b,Adjust Engineering Designs,technical,100
M311550,4fabca9a-7435-4f33-b1da-3cdb00340fdc,Perform Scientific Research,technical,100
M311550,530cb489-d900-46ab-9350-4d50ccd49eea,Welding Techniques,technical,100
M311550,541561bc-510c-4a99-881c-2d8bf5a85462,Use Technical Drawing Software,digital,100
M311550,59ea80e1-463a-4dba-82c6-d0b6d577d532,Technical Drawings,digital,100
M311550,72a74f69-5cf1-43c5-99b9-62a444578919,Engineering Processes,technical,100
M311550,7f107a85-d6ac-410f-a995-d635c5aa418b,Types of Metal,technical,100
M311550,8ed0f653-795d-422b-8856-a55ec250bb88,Research Welding Techniques,technical,100
M311550,9f34107c-8db0-4b00-84d8-3f64e400c80c,Consult Technical Resources,technical,100
M311550,9f8a0463-e34e-4af0-ae66-f9a0f3a82180,Ensure Fulfilment of Legal Requirements,technical,100
M311550,a1816dfd-dbdc-4499-bef3-ff81dd895b33,Industrial Engineering,technical,100
M311550,c32ad607-0c4d-4e34-b73f-668298f7bf13,Apply Technical Communication Skills,technical,100
M311550,d73a88a6-6325-4c2b-887c-5d598580afad,Develop New Welding Techniques,technical,100
M311550,d9e5349e-8791-49c2-8ba4-839fdd1606c2,Define Technical Requirements,technical,100
M311550,e921279a-1a7e-4900-9720-bde93ae3e70e,Prepare Production Prototypes,technical,100
M311550,f14ff4b7-be1e-4b55-b39b-520005f8a97e,Liaise with Managers,technical,100
M311550,f30a7ea4-77dd-452c-8a2d-b06c12606a7f,Operate Soldering Equipment,technical,100
M311550,f33b0ef2-7fe1-4ac1-96c4-36a1bff1771b,Select Filler Metal,technical,100
M311550,f54c10e4-630d-4e50-95e9-4e9e268e8f12,Approve Engineering Design,technical,100
M311550,fc4fcb4b-993f-4f2c-b158-c2171ec18ed8,Draw Design Sketches,technical,100
M311552,095fdace-1cc3-4e80-b37b-268fe297904a,Prepare Audit Activities,technical,100
M311552,0cfc7eb9-2891-4153-b335-6331f381ff05,Communicate Health and Safety Measures,technical,100
M311552,0efbe2dc-2770-47ec-b8f4-d1bdff6ac0a4,Advise on Risk Management,technical,100
M311552,101d63ee-bb22-4a7c-9e0a-c2716063696a,"Make Health, Safety and Environment Assessments",technical,100
M311552,14d88fae-ead0-4d19-8519-04b154b46987,Promote Health and Safety Policies in Health Services,technical,100
M311552,198b614d-a9af-46f5-b3fd-2672b401dd8e,Health and Safety in the Workplace,technical,100
M311552,2cbb31ac-2403-4c31-90f3-7473623a56fc,Investigate Occupational Injuries,technical,100
M311552,2d9aaad3-a3c8-4c5b-bf67-46984d860873,Adhere to OHSAS 18001,technical,100
M311552,2dbdd054-896a-4167-8f11-e9b9ebcf199d,"Health, Safety and Hygiene Legislation",technical,100
M311552,324f0243-1a21-4f5c-9f71-52eebc2596ed,Interview Techniques,technical,100
M311552,41437077-2522-49bf-bcb2-083a23d52958,Inform on Workplace Safety Standards,technical,100
M311552,4707bc7a-e7e7-48e5-8dc5-49ec60fbae90,Document Safety Actions,technical,100
M311552,556be6f4-225f-46a2-a795-d3d54d98c3f7,Conduct Workplace Audits,technical,100
M311552,5d204ec8-981b-4405-9a82-0b1cb21ca9d3,Monitor Employee's Health,technical,100
M311552,5f97fac8-2001-4b81-ae8b-22f9062d921a,Identify Hazards in the Workplace,technical,100
M311552,6a536b36-c5c7-4d10-bf67-a4fb0f8549b2,Audit Techniques,digital,100
M311552,6eff134b-e34f-4d6e-a6e8-5e47cf2228d0,Risk Management,technical,100
M311552,751f6baf-de47-4d67-a657-4133066703f4,Identify Policy Breach,technical,100
M311552,8006596d-605b-4088-a3f6-8e3aedec21ab,Prevent Health and Safety Problems,technical,100
M311552,801ef90e-6db2-4a6b-83bc-5e1144524d10,Prevent Work Accidents,technical,100
M311552,896563fc-6255-4419-89c2-ffed30159ad6,Conduct Research Interview,technical,100
M311552,8bdc520c-6293-4e99-bf6f-a44d5da3ebcb,Monitor Legislation Developments,technical,100
M311552,93a68dcb-3dc6-4dbe-b196-f6d212228a50,Promote Health and Safety,technical,100
M311552,988ec766-73c5-4066-97ed-dee2a6d07fba,Ensure Annual Safety Inspections,technical,100
M311552,bb663409-5c88-4e3a-bc16-01aa1c8ce171,Plan Health and Safety Procedures,technical,100
M311552,d0f48427-7987-4f86-b24d-709837a37fd2,Assist Employee Health Programmes,technical,100
M311552,d2d9051a-10e1-41c5-9cfb-bbdc58016176,Follow Safety Precautions in Work Practices,technical,100
M311552,d5e39a53-4f54-4d5f-9df3-b49664c9559d,Occupational Health,technical,100
M311552,db9050db-ae5d-4be8-8114-c26f272c3bda,Manage Health and Safety,technical,100
M311552,dcc96a49-0bac-4a9c-8f8e-a32b4e47e6eb,Apply Health and Safety Standards,technical,100
M311552,e111620f-090e-4427-a996-21a6e5a2d14f,Instruct on Safety Measures,technical,100
M311552,e4c19f92-6379-45e7-b94d-592457c6d68d,Foster Compliance with Health and Safety Rules by Setting an Example,technical,100
M311552,f2f463e5-2382-49cb-8199-e7e043d868df,Health and Safety Regulations,technical,100
M311552,f9d70f2a-c3f0-475d-ac55-dc2e2ba856e8,Lead Inspections,technical,100
M311604,233be639-bdb5-4099-ab40-96d537d6c1f3,Ensure Compliance with Safety Legislation,technical,100
M311604,334e3e49-fb02-4051-809a-f06adfdc1c40,Troubleshoot,technical,100
M311604,445b65c5-5b16-4f66-94ce-f2a7f49f9ee7,Manage Emergency Procedures,technical,100
M311604,7f18c3a2-f1ce-4db2-a354-9417691b5a43,Write Production Reports,technical,100
M311604,920764e7-43c6-42c0-b2a6-2cbcc07fafc2,Monitor Equipment Condition,technical,100
M311604,95c35c3a-035f-47c2-90cf-7e934d20fc08,Electronics,digital,100
M311604,9bafaea2-76cd-4532-ab77-8b3d21fa6235,Coordinate Remote Communications,technical,100
M311604,ad536e6e-7333-4d86-bea6-130ca4ed9ee3,Petroleum,technical,100
M311604,f041ce17-a005-4c69-846e-e3806e0b62f9,Conduct Inter-Shift Communication,technical,100
M311605,089ee650-297e-4716-87d1-440743b70a0d,Ensure Compliance with Environmental Legislation,technical,100
M311605,0b917c3e-e49f-40d9-8f95-3bc8e9c06fd2,Perform Laboratory Tests,technical,100
M311605,0ba0717c-3a7a-45a3-834c-59c554e56c72,Translate Formulae into Processes,digital,100
M311605,12c7b323-d870-4f5b-9d7d-d9f525206d77,Production Processes,technical,100
M311605,209a5498-3449-4689-8ed9-bd08cab4fd78,Engineering Principles,technical,100
M311605,31c69100-b612-4a61-8db5-fd314318854c,Execute Analytical Mathematical Calculations,technical,100
M311605,31d35d3d-2bf2-49aa-9c20-92566ef80277,Use ICT Systems,digital,100
M311605,371d57e6-cc5f-4fc0-9c0c-58feb595cc5b,Perform Product Testing,technical,100
M311605,6eff134b-e34f-4d6e-a6e8-5e47cf2228d0,Risk Management,technical,100
M311605,6f41081b-39ee-4a42-a8d4-a1cee7a39873,Run Laboratory Simulations,technical,100
M311605,6f571969-3640-4774-a9bc-fd2ef583fdec,Apply Safety Procedures in Laboratory,technical,100
M311605,72a74f69-5cf1-43c5-99b9-62a444578919,Engineering Processes,technical,100
M311605,7b663720-0834-4291-bad3-96b4e48f80a1,Oxidation,technical,100
M311605,8259c2c0-2749-41e2-a4a8-4a64a76eab37,Laboratory Techniques,technical,100
M311605,82fadde2-45cc-4734-bace-dadafdeaa41f,Calibrate Laboratory Equipment,technical,100
M311605,89d2bb53-67fc-4b9e-80c7-07b6c587bc0d,Work Safely with Chemicals,technical,100
M311605,94b2c46e-6338-4a1d-950a-d44eef018c53,Collaborate with Engineers,technical,100
M311605,aafbfaa4-5f93-457e-8cb8-d4ed855277f8,Analyse Experimental Laboratory Data,technical,100
M311605,ab2e56f3-24f0-413b-a67b-291a67fc2d1f,Test Chemical Samples,technical,100
M311605,b589fa82-f177-4cce-9fb4-31bbbebf792b,Green Chemistry,technical,100
M311605,c79a6989-a73c-496b-997f-c706e1c5c52b,Determine Production Feasibility,technical,100
M311605,c7cc6dc5-d56b-4323-8e5c-47c4022f615f,Quality Assurance Methodologies,technical,100
M311605,cde9911c-f92e-4de1-811f-336e177ac4ce,Chemistry,technical,100
M311605,e2e9bf69-80b3-4237-afd9-40960dc3c67e,Prepare Chemical Samples,technical,100
M311704,0b472dad-1a3f-456e-99ba-de5ffe8665c2,Non-Ferrous Metal Processing,technical,100
M311704,0d254d2f-f6c7-49ac-be0d-a2651c222f7a,Precious Metals,technical,100
M311704,17fa2e6a-ca80-4d60-afb0-03f170e9d5f3,Collect Samples,technical,100
M311704,1c5f1010-17aa-4a17-acd3-3bbef4fcd2b4,Corrosion Types,technical,100
M311704,328733a7-6d84-420d-a65c-2a8014fadc60,Record Test Data,technical,100
M311704,3529d640-5d49-45fe-8ede-491e9c8e0447,Maintain Laboratory Equipment,technical,100
M311704,3606bf22-1987-4356-b8c4-13e89d8f6c69,Interpret Extraction Data,technical,100
M311704,3b2d77a8-6a61-48a0-af4b-e63bd083334f,Alloys of Precious Metals,technical,100
M311704,46786464-6c5b-4970-9a63-2f2fb29b4c12,Ferrous Metal Processing,technical,100
M311704,6f571969-3640-4774-a9bc-fd2ef583fdec,Apply Safety Procedures in Laboratory,technical,100
M311704,7f107a85-d6ac-410f-a995-d635c5aa418b,Types of Metal,technical,100
M311704,81a2db2c-7e55-44d0-9cd9-74c25147d7cd,Analyse Test Data,technical,100
M311704,aafbfaa4-5f93-457e-8cb8-d4ed855277f8,Analyse Experimental Laboratory Data,technical,100
M311704,b5a1fc87-c9f2-41f4-a1ae-28e023715592,Perform Sample Testing,technical,100
M311704,bc54eee1-a858-4f80-afdc-0442a617ef50,Conduct Field Work,technical,100
M311704,db9f6f5d-2177-4c49-bf97-8eb462536665,Test Raw Minerals,technical,100
M311704,f12d412a-04e3-49a8-a4f6-2e32a67c12a2,Metal Drawing Processes,technical,100
M311704,ffc2465f-d2b5-4b2d-bf6e-56eefbe02da1,Precious Metal Processing,technical,100
M311801,204713d1-a658-435b-b495-765866715755,Construction Legal Systems,technical,100
M311801,2bc4d0cc-5f2b-41cf-954c-a8d3d5783396,Check Architectural Drawings on Site,technical,100
M311801,31c69100-b612-4a61-8db5-fd314318854c,Execute Analytical Mathematical Calculations,technical,100
M311801,3a33cec3-4b44-471a-8864-5cc8567a8b1f,CADD Software,digital,100
M311801,3c333552-8d89-43f5-90bd-856e15bec433,Design Drawings,technical,100
M311801,4339176e-3acd-4f7f-a5d9-445bee3d23f2,Mathematics,technical,100
M311801,44d5340c-45df-4478-9e55-2363342a7324,Design Building Retrofitting Solutions,technical,100
M311801,541561bc-510c-4a99-881c-2d8bf5a85462,Use Technical Drawing Software,digital,100
M311801,54ddd422-5905-44db-93d4-03b17b913c5e,Use CADD Software,digital,100
M311801,59ea80e1-463a-4dba-82c6-d0b6d577d532,Technical Drawings,digital,100
M311801,5a19182a-7f24-4b34-91ed-9c342787f821,Liaise with Architects,technical,100
M311801,5c98825f-146d-4d35-97cf-207b2afd9ae2,Create Technical Plans,technical,100
M311801,615cfc39-797f-4229-8e92-159fcf8f3030,Building Codes,technical,100
M311801,76654176-5cc8-4cb3-b307-4ef1b6c2543c,Zoning Codes,technical,100
M311801,a2b5dcf3-5b6a-453d-876c-cff540c0faf1,CAD Software,digital,100
M311801,a8d41cca-3bc9-4d2a-ae09-436dabe86e21,Draft Design Specifications,technical,100
M311801,ae0f2a15-ba82-4a88-817c-431c58c70167,Manual Draughting Techniques,technical,100
M311801,b34e2ba1-9080-48c9-9b42-ee9192a4d3f1,Use CAD Software,digital,100
M311801,bc5deb5a-5b54-4241-b52e-68389d9a1e92,Create Architectural Sketches,technical,100
M311801,bf59255e-782a-4e83-a93c-6055cfdd8e7f,Draw Blueprints,technical,100
M311801,cc173f61-3386-44c5-a048-3889e1ec9114,Construction Methods,technical,100
M311801,ee239d14-bfc8-4939-91ff-824b5814ff67,Integrate Engineering Principles in Architectural Design,technical,100
M311801,f03a3387-c4a7-41e3-a5d4-dd4577147940,Integrated Design,technical,100
M311824,023f4870-b417-4bd2-b0ae-78e61587c79f,Geomatics,technical,100
M311824,032b0bed-22b1-456b-8009-91e6b838fe45,Geological Mapping,technical,100
M311824,1cca610d-2afc-44a7-97fc-f2262fb5fc75,Surveying,technical,100
M311824,2b834a98-14ff-47e1-8aef-cf8ffae912fa,Collect Mapping Data,digital,100
M311824,2dfa5bd5-c87c-461c-bce9-69b2c58732bd,Cartography,technical,100
M311824,31c69100-b612-4a61-8db5-fd314318854c,Execute Analytical Mathematical Calculations,technical,100
M311824,377861af-f966-4c87-a2db-7e99904312b9,Geographic Information Systems,digital,100
M311824,382c11ed-20d5-4ae7-b60e-15fec527fa6c,Apply Statistical Analysis Techniques,digital,100
M311824,4339176e-3acd-4f7f-a5d9-445bee3d23f2,Mathematics,technical,100
M311824,440f64e5-e66c-45ee-bc29-53c14a2ad720,Use Geographic Information Systems,digital,100
M311824,4463a721-69f3-413d-8321-43e3af13a4f1,Use Databases,digital,100
M311824,49320ec7-65f9-4f90-bed2-2d41784f1836,Compile GIS-Data,digital,100
M311824,6b30644d-bdc5-4bca-b1af-edbf5c6b15ee,Process Collected Survey Data,digital,100
M311824,7ee4c2ea-b349-4bd2-81a3-ec31475d4833,Statistics,technical,100
M311824,86945516-619a-456e-b0d0-2fb31d927992,Perform Surveying Calculations,technical,100
M311824,9295d1c5-8d7d-423e-a6ce-dfbc1d991f88,Apply Digital Mapping,digital,100
M311824,9e14c1d8-72f2-45ba-815d-0d12e12d19fa,Create Thematic Maps,digital,100
M311824,bad66a63-4e3f-41f9-9e5d-a4d5f12f8d36,Create GIS Reports,digital,100
M311824,cf9c8e73-105d-419e-86dd-4304cc6cd718,Geography,technical,100
M311824,dab7c301-2a33-454e-8fed-23218fa28eee,Environmental Design,technical,100
M311826,0332f526-6dc0-4f09-8a7c-2b9473c50736,Ensure Infrastructure Accessibility,technical,100
M311826,03b9b491-fc9b-4868-914a-bf7cd47b5041,Create Solutions to Problems,technical,100
M311826,16d61c6a-30e8-49e2-abbb-d20879eb8afd,Design Spatial Layout of Outdoor Areas,technical,100
M311826,3a0d4d83-6392-4a81-87f1-5b57b08110b5,Satisfy Aesthetic Requirements,technical,100
M311826,3b64ab47-a874-403a-b781-7b23c2fc3c6c,Advise on Building Matters,technical,100
M311826,44d5340c-45df-4478-9e55-2363342a7324,Design Building Retrofitting Solutions,technical,100
M311826,48b68726-0fd6-4e03-a5eb-82236516ee7a,Provide Cost Benefit Analysis Reports,technical,100
M311826,4ccf7d02-764c-4129-a1df-fa1dd2e12647,Meet Building Regulations,technical,100
M311826,54660948-b811-49a9-874c-bf2be5f280a2,Satisfy Technical Requirements,technical,100
M311826,589f0d24-0846-4971-bc6c-a42bb274f69a,Airtight Construction,technical,100
M311826,5def6d00-daed-4d21-af9e-47938cf1877f,Sustainable Building Design,technical,100
M311826,615cfc39-797f-4229-8e92-159fcf8f3030,Building Codes,technical,100
M311826,63f9a5bc-f070-46a6-bea7-c6b9e9dbacc3,Envelope Systems for Buildings,technical,100
M311826,68698869-c13c-4563-adc7-118b7644f45d,Identify Customer's Needs,technical,100
M311826,76654176-5cc8-4cb3-b307-4ef1b6c2543c,Zoning Codes,technical,100
M311826,7c3cde53-9ff7-4e82-8396-13fdfadd3432,Design Buildings,technical,100
M311826,7f18039d-dfae-471b-9daa-507f6b2d2842,Urban Planning,technical,100
M311826,80c042de-bc1a-4d78-b266-35bc80ba3093,Architectural Design,technical,100
M311826,87de6e49-ca1c-42a4-8751-5ff0b991966b,Negotiate with Stakeholders,technical,100
M311826,88680a21-57f9-46b6-8268-7d8e42aef849,Architecture Regulations,technical,100
M311826,8981d38b-fbc1-4ebe-9300-2357fb71913a,Integrate Measures in Architectural Designs,technical,100
M311826,921f52c7-d977-4e84-8b62-adf64fed999f,Develop Architectural Plans,technical,100
M311826,9f5e899e-a53f-4b7a-a137-aade7fb18b86,Architectural Theory,technical,100
M311826,a4c4c0b7-3dc4-4a6b-b1c8-6502cde56a14,Consider Building Constraints in Architectural Designs,technical,100
M311826,b10c9a92-d6ff-40bc-ac64-4705949a2ac7,Perform Field Research,technical,100
M311826,b22e46d7-1c5f-4837-943f-7f75531acc26,Identify Necessary Human Resources,technical,100
M311826,b34e2ba1-9080-48c9-9b42-ee9192a4d3f1,Use CAD Software,digital,100
M311826,bc54eee1-a858-4f80-afdc-0442a617ef50,Conduct Field Work,technical,100
M311826,bc5deb5a-5b54-4241-b52e-68389d9a1e92,Create Architectural Sketches,technical,100
M311826,bd2102ea-c8d9-40f6-8327-211450120e96,Integrate Building Requirements in the Architectural Design,technical,100
M311826,be48353d-25c7-4f86-bea9-7b9e248fbc6e,Interpret Technical Requirements,technical,100
M311826,bf59255e-782a-4e83-a93c-6055cfdd8e7f,Draw Blueprints,technical,100
M311826,bf9a2403-850d-4dd3-b266-edaabebc8ab0,Evaluate Integrated Design of Buildings,technical,100
M311826,c24f8b78-95c2-4dd0-8314-0cddaeba0399,Write an Architectural Brief,technical,100
M311826,c3ac5c4c-b4b9-4842-b871-43e12cfc0442,Green Building Practices,technical,100
M311826,c5afeb33-4291-44c9-a89a-373185d0bfef,"Study the Relationship Between Buildings, People and the Environment",technical,100
M311826,cc0a45a7-4883-4122-af11-7ca6c45a37c2,Design Building Envelope Systems,technical,100
M311826,ce689fb5-2c21-4f96-a4b0-d02d4af35923,Design Passive Energy Measures,technical,100
M311826,d74df140-eb69-43e2-bac9-1cafc824d702,Execute Feasibility Study,technical,100
M311826,dab7c301-2a33-454e-8fed-23218fa28eee,Environmental Design,technical,100
M311826,dada8e80-2a53-41bf-9eac-f8c1f9971bed,Sustainable Building Materials,technical,100
M311826,dae7b6eb-dea0-4298-9554-d951656e9389,Design Open Spaces,technical,100
M311826,ee239d14-bfc8-4939-91ff-824b5814ff67,Integrate Engineering Principles in Architectural Design,technical,100
M311826,f03a3387-c4a7-41e3-a5d4-dd4577147940,Integrated Design,technical,100
M311826,fae7e545-5114-43cc-8e83-178e2549ecb9,Building Information Modelling,digital,100
M311828,13f7cd7c-6ec5-4186-8744-de3c780b973d,Advise on Landscapes,technical,100
M311828,16d61c6a-30e8-49e2-abbb-d20879eb8afd,Design Spatial Layout of Outdoor Areas,technical,100
M311828,1f51e46a-4588-4c1d-b507-3f9ea480dde2,Design Landscape Schemes,technical,100
M311828,48b68726-0fd6-4e03-a5eb-82236516ee7a,Provide Cost Benefit Analysis Reports,technical,100
M311828,4c598891-db23-4b7c-9b39-233ba8eaf848,Landscape Architecture,technical,100
M311828,5368a46a-54b5-4874-a06f-964d557c1cfb,Green Space Strategies,technical,100
M311828,6055a4be-3f41-47e3-acd1-0535fa17e04c,Landscape Design,technical,100
M311828,68698869-c13c-4563-adc7-118b7644f45d,Identify Customer's Needs,technical,100
M311828,68e8e227-b843-4f2b-8572-9cbe63aada3a,Specify Landscape Design Components,technical,100
M311828,6db3ac8e-8636-4ced-965b-75e35c3193c3,Aesthetics,technical,100
M311828,76654176-5cc8-4cb3-b307-4ef1b6c2543c,Zoning Codes,technical,100
M311828,7f18039d-dfae-471b-9daa-507f6b2d2842,Urban Planning,technical,100
M311828,88680a21-57f9-46b6-8268-7d8e42aef849,Architecture Regulations,technical,100
M311828,8981d38b-fbc1-4ebe-9300-2357fb71913a,Integrate Measures in Architectural Designs,technical,100
M311828,921f52c7-d977-4e84-8b62-adf64fed999f,Develop Architectural Plans,technical,100
M311828,a8429098-ddac-481b-91e7-688d021c092e,Ecology,technical,100
M311828,d96e25fe-18f2-47bc-9939-bad113934204,Manage Landscape Design Projects,technical,100
M311828,fdeabe51-1d92-4770-acfe-eff9769b3d4f,Landscape Analysis,technical,100
M311829,081d7679-5070-4777-bece-a28c49f15636,Environmental Policy,technical,100
M311829,1cca610d-2afc-44a7-97fc-f2262fb5fc75,Surveying,technical,100
M311829,1f632076-fd9b-4b18-a9a2-b59a59181d3e,Urban Planning Law,technical,100
M311829,209a5498-3449-4689-8ed9-bd08cab4fd78,Engineering Principles,technical,100
M311829,377861af-f966-4c87-a2db-7e99904312b9,Geographic Information Systems,digital,100
M311829,59ea80e1-463a-4dba-82c6-d0b6d577d532,Technical Drawings,digital,100
M311829,67785eab-0818-41f9-9756-a8e0a215b95b,Surveying Methods,technical,100
M311829,6b30644d-bdc5-4bca-b1af-edbf5c6b15ee,Process Collected Survey Data,digital,100
M311829,76654176-5cc8-4cb3-b307-4ef1b6c2543c,Zoning Codes,technical,100
M311829,790a335b-2005-4b8a-b6fe-47ff7701ebb7,Topography,technical,100
M311829,7f18039d-dfae-471b-9daa-507f6b2d2842,Urban Planning,technical,100
M311829,7f4d1dee-bc5a-495a-926b-17b383b8d8fd,Green Building Standards,technical,100
M311829,82887396-e5bf-4306-af51-3fe8d82790b2,Civil Engineering,technical,100
M311829,8b46636e-e201-4086-a8d5-049b65eaf40e,Advise on Use of Land,technical,100
M311829,910b818b-bc24-4d17-844e-941a8bc997a9,Advise on Architectural Matters,technical,100
M311829,c69587b4-05d3-45bb-b79b-9b85e6603fc2,Provide Technical Expertise,technical,100
M311829,cf9c8e73-105d-419e-86dd-4304cc6cd718,Geography,technical,100
M311829,d74df140-eb69-43e2-bac9-1cafc824d702,Execute Feasibility Study,technical,100
M311829,e2b82b00-f07f-4fc8-a7bb-c8febf65efe5,Compare Survey Computations,digital,100
M311830,02820870-3b92-480b-8475-8a521563ea3c,Collect Property Financial Information,technical,100
M311830,0da516ee-e70e-4384-be13-f5ff80be8127,Communicate with Customers,technical,100
M311830,15a33d76-4640-438d-ae64-fdc0c1d3eebc,Customer Service,technical,100
M311830,3e04e39d-9eb6-4167-ad2d-e3413f647e4e,Organise Business Documents,technical,100
M311830,48391ec6-42ba-4093-acf4-c7673b0c07f4,Process Commissioned Instructions,technical,100
M311830,648782e0-b5e5-4e59-bed0-627aa8ac29f0,Maintain Records of Financial Transactions,technical,100
M311830,68698869-c13c-4563-adc7-118b7644f45d,Identify Customer's Needs,technical,100
M311830,6c3f7679-af52-4806-ab0d-2a692640703b,Inform on Renting Agreements,technical,100
M311830,6f6163dc-a801-416c-86e9-ce857d71c24d,Real Estate Market,technical,100
M311830,71ae4f64-6505-4b6f-91b9-5acfa5721798,Obtain Financial Information,technical,100
M311830,71dde84c-0058-4c52-a556-523369333db8,Use Office Systems,technical,100
M311830,7c3865d1-e5a9-4043-a7a4-2e9e30468c0b,Perform Office Routine Activities,technical,100
M311830,7c394f22-0d20-40e9-b7f7-230b36be6494,Prepare Inventory of Properties,technical,100
M311830,8f6a8df0-ab99-4e5c-8606-6d1652d14a6a,Provide Information on Properties,technical,100
M311830,906c9e66-bdee-4f8e-93d7-88d9fcf39a0a,Fix Meetings,technical,100
M311830,933e7ccf-5d56-46ba-aca4-857f826a6b3a,Administer Appointments,technical,100
M311830,cf310cff-0d28-4dbc-9dbb-cc500a3196c2,Office Software,digital,100
M311830,de2f0ce8-f8d6-48c5-a213-4d065251cecf,Communicate by Telephone,technical,100
M311830,debef2fc-7af4-4bff-ac92-4d0317915a84,Electronic Communication,digital,100
M311830,f7e7ccb6-fadc-4c35-935d-e1040be40dfe,Handle Financial Transactions,technical,100
M311928,1177c6f5-09c5-4c35-873c-afd22d170ad3,Quality Assurance Procedures,technical,100
M311928,1a3660c2-011c-4e96-9b1d-529afc305428,Inspect Quality of Products,technical,100
M311928,1dae8445-12e5-423a-bb26-824010e299b9,Ensure Compliance with Legal Requirements,technical,100
M311928,22b8039c-c890-4610-9228-5527e3b98f12,Set Quality Assurance Objectives,technical,100
M311928,328733a7-6d84-420d-a65c-2a8014fadc60,Record Test Data,technical,100
M311928,36e9c099-614e-44f1-ab0a-5e6fda4a0763,Undertake Inspections,technical,100
M311928,465ff64a-1271-4064-8ed1-e969cb68d8b4,Perform Test Run,technical,100
M311928,4cb51222-3e2e-417c-9a5c-e9ccf262721d,Ensure Compliance with Company Regulations,technical,100
M311928,561c2525-5bd8-4d86-8f45-820f4be7db93,Report Test Findings,technical,100
M311928,5d34adde-0b78-42b4-9d3d-69e9388d8398,Oversee Quality Control,technical,100
M311928,8d4271ca-c9fd-40b3-875f-15f78332a49e,Quality Standards,technical,100
M311928,913e7e83-b8f8-4574-b1ca-1b38f3fd974a,Execute Software Tests,digital,100
M311928,bbd57056-80e0-45bb-a2c1-658ed99a1251,Conduct Performance Tests,technical,100
M311928,c7cc6dc5-d56b-4323-8e5c-47c4022f615f,Quality Assurance Methodologies,technical,100
M311928,cdd2b6cc-b4a9-42a0-824b-766f52176fd3,Write Inspection Reports,technical,100
M311928,d512d178-37a6-4eab-a660-412d2bb0824a,Test Procedures,technical,100
M311928,d67aaf6e-e3fc-4d47-9694-3fba2dc64ef6,Inspect Material,technical,100
M311929,095fdace-1cc3-4e80-b37b-268fe297904a,Prepare Audit Activities,technical,100
M311929,0cfc7eb9-2891-4153-b335-6331f381ff05,Communicate Health and Safety Measures,technical,100
M311929,0efbe2dc-2770-47ec-b8f4-d1bdff6ac0a4,Advise on Risk Management,technical,100
M311929,101d63ee-bb22-4a7c-9e0a-c2716063696a,"Make Health, Safety and Environment Assessments",technical,100
M311929,14d88fae-ead0-4d19-8519-04b154b46987,Promote Health and Safety Policies in Health Services,technical,100
M311929,198b614d-a9af-46f5-b3fd-2672b401dd8e,Health and Safety in the Workplace,technical,100
M311929,2cbb31ac-2403-4c31-90f3-7473623a56fc,Investigate Occupational Injuries,technical,100
M311929,2d9aaad3-a3c8-4c5b-bf67-46984d860873,Adhere to OHSAS 18001,technical,100
M311929,2dbdd054-896a-4167-8f11-e9b9ebcf199d,"Health, Safety and Hygiene Legislation",technical,100
M311929,324f0243-1a21-4f5c-9f71-52eebc2596ed,Interview Techniques,technical,100
M311929,41437077-2522-49bf-bcb2-083a23d52958,Inform on Workplace Safety Standards,technical,100
M311929,4707bc7a-e7e7-48e5-8dc5-49ec60fbae90,Document Safety Actions,technical,100
M311929,556be6f4-225f-46a2-a795-d3d54d98c3f7,Conduct Workplace Audits,technical,100
M311929,5d204ec8-981b-4405-9a82-0b1cb21ca9d3,Monitor Employee's Health,technical,100
M311929,5f97fac8-2001-4b81-ae8b-22f9062d921a,Identify Hazards in the Workplace,technical,100
M311929,6a536b36-c5c7-4d10-bf67-a4fb0f8549b2,Audit Techniques,digital,100
M311929,6eff134b-e34f-4d6e-a6e8-5e47cf2228d0,Risk Management,technical,100
M311929,751f6baf-de47-4d67-a657-4133066703f4,Identify Policy Breach,technical,100
M311929,8006596d-605b-4088-a3f6-8e3aedec21ab,Prevent Health and Safety Problems,technical,100
M311929,801ef90e-6db2-4a6b-83bc-5e1144524d10,Prevent Work Accidents,technical,100
M311929,896563fc-6255-4419-89c2-ffed30159ad6,Conduct Research Interview,technical,100
M311929,8bdc520c-6293-4e99-bf6f-a44d5da3ebcb,Monitor Legislation Developments,technical,100
M311929,93a68dcb-3dc6-4dbe-b196-f6d212228a50,Promote Health and Safety,technical,100
M311929,988ec766-73c5-4066-97ed-dee2a6d07fba,Ensure Annual Safety Inspections,technical,100
M311929,bb663409-5c88-4e3a-bc16-01aa1c8ce171,Plan Health and Safety Procedures,technical,100
M311929,d0f48427-7987-4f86-b24d-709837a37fd2,Assist Employee Health Programmes,technical,100
M311929,d2d9051a-10e1-41c5-9cfb-bbdc58016176,Follow Safety Precautions in Work Practices,technical,100
M311929,d5e39a53-4f54-4d5f-9df3-b49664c9559d,Occupational Health,technical,100
M311929,db9050db-ae5d-4be8-8114-c26f272c3bda,Manage Health and Safety,technical,100
M311929,dcc96a49-0bac-4a9c-8f8e-a32b4e47e6eb,Apply Health and Safety Standards,technical,100
M311929,e111620f-090e-4427-a996-21a6e5a2d14f,Instruct on Safety Measures,technical,100
M311929,e4c19f92-6379-45e7-b94d-592457c6d68d,Foster Compliance with Health and Safety Rules by Setting an Example,technical,100
M311929,f2f463e5-2382-49cb-8199-e7e043d868df,Health and Safety Regulations,technical,100
M311929,f9d70f2a-c3f0-475d-ac55-dc2e2ba856e8,Lead Inspections,technical,100
M311943,1c8a92d4-18b9-4279-898c-ad89233bb511,Monitor Ingredient Storage,technical,100
M311943,22c45bf7-e52b-475f-847b-c32a87f65a5d,Circular Economy,technical,100
M311943,2384ce67-127d-467c-8ac3-cdabd3629936,Set up Equipment for Food Production,technical,100
M311943,2879e8f6-037a-49ed-ba73-6f7d7766223e,Food Waste Monitoring Systems,digital,100
M311943,360e1c45-d335-4a19-b717-e1932927a72b,Handle Delivery of Raw Materials,technical,100
M311943,3fedb2c6-488f-4c78-b20d-af23d481348a,Manage Packaging Material,technical,100
M311943,456f68b4-ca28-4029-a67f-7813b2c6cb4d,Food Ethics,technical,100
M311943,499c05a2-6f36-4407-83c1-dc3448d35818,Ensure Public Safety and Security,technical,100
M311943,5521fcf8-80fa-489b-af18-a69823b85702,Clean Food and Beverage Machinery,technical,100
M311943,5ba1d5b9-3f8d-46ca-bf9f-2e9ca65d1350,Apply HACCP,technical,100
M311943,63e92f65-e70d-421e-94ac-40f944966161,Promote Ethical Eating,technical,100
M311943,67ba7f39-1ebc-4d71-ba11-5804a1712ff3,Analyse Samples of Food and Beverages,technical,100
M311943,83fc0b2b-6cd2-46af-b1ff-d3fc83604c26,Energy Efficiency,technical,100
M311943,8b9d609a-6d62-4d5c-9133-01d41979cfac,Manage All Process Engineering Activities,technical,100
M311943,918f5211-b99f-4b29-9a34-6e475583ef55,Write Work-Related Reports,technical,100
M311943,a022bb4b-6ee0-470a-829d-10ca30284edb,Monitor the Production Line,technical,100
M311943,a17286c5-238d-4f0b-bc24-29e9121345de,Listen Actively,technical,100
M311943,a7b9039e-0145-4e3e-bbf8-30151d3e6cc0,Schedule Regular Machine Maintenance,technical,100
M311943,b856655a-ee98-481f-a5a3-b0abc45f6ad5,Molecular Gastronomy,technical,100
M311943,bb992d83-2d7d-4618-9109-0f0e04881a8e,Food Product Ingredients,technical,100
M311943,bc250150-3372-42c9-834a-a1b65f89ca0b,Apply Requirements Concerning Manufacturing of Food and Beverages,technical,100
M311943,bf7a45c4-0d72-4e6e-9da7-127b2b6656b7,Apply GMP,technical,100
M311943,c0326e27-5fa8-4dca-aecb-ed89ab491513,Prepare Visual Data,digital,100
M311943,c2241f73-9151-4817-96b2-b9a6aae4c9e9,Carry out Checks of Production Plant Equipment,technical,100
M311943,c52d4012-4a97-436c-a452-b76c26ae423c,Pathogenic Microorganisms in Food,technical,100
M311943,c7cc6dc5-d56b-4323-8e5c-47c4022f615f,Quality Assurance Methodologies,technical,100
M311943,d11fd23b-ad01-4f12-85f4-e0d2ed16d5af,Functional Properties of Foods,technical,100
M311943,dc57f705-75b6-4232-b531-1f020afa0364,Food and Beverage Industry,technical,100
M311943,e4a46d74-71a8-469a-85ad-e40278a23ba1,Food Preservation,technical,100
M311943,ee5e17b9-be48-48c8-a72f-a489988eaf74,Identify the Factors Causing Changes in Food During Storage,technical,100
M311943,f2d873cb-d6c0-40cf-81de-8c5ccca5961f,Monitor Freezing Processes,technical,100
M311943,f3c3e51d-f4dc-49a8-8725-2a2d3160446e,Processes of Foods and Beverages Manufacturing,technical,100
M311944,0c77bcd5-b94a-475d-98e9-5a4327e4d726,Statistical Process Control,technical,100
M311944,27065048-bca8-4b0a-891a-b192b9ceadfd,CAM Software,digital,100
M311944,31f01be9-7bbf-4afb-a647-bcd4931cfc8b,Remove Inadequate Workpieces,technical,100
M311944,334e3e49-fb02-4051-809a-f06adfdc1c40,Troubleshoot,technical,100
M311944,3364034e-78b0-4faf-8dab-6b40bec41159,Types of Lubricants,technical,100
M311944,357e1729-e2a8-49f4-8b42-dc8b278320fa,Remove Processed Workpiece,technical,100
M311944,3786b61f-f22e-48d1-af8d-ad4c354534db,Manufacturing Processes,technical,100
M311944,3b3b7373-220a-4287-87cf-e24a208b63c6,Quality and Cycle Time Optimisation,technical,100
M311944,42c25baf-ccb3-47d9-a872-bb2ceb615538,Operate Precision Measuring Equipment,technical,100
M311944,465ff64a-1271-4064-8ed1-e969cb68d8b4,Perform Test Run,technical,100
M311944,4f4ca760-970a-4839-9ce2-ab85ed66772e,Dispose of Cutting Waste Material,technical,100
M311944,68b6ef08-d823-489d-a95c-752ae6f6e6a7,Read Standard Blueprints,technical,100
M311944,69f23426-9279-4fe6-a283-24c2aa4c855d,Ensure Equipment Availability,technical,100
M311944,74dc2276-263f-4d84-b354-547b9ccbcf4c,Operate Surface Grinder,technical,100
M311944,7a757fa5-9a6f-43ab-9e66-f8f4dba1ffcb,Use CAM Software,digital,100
M311944,7aa52bdc-9c56-4341-be65-e8e30f64403f,Monitor Automated Machines,digital,100
M311944,7d10fcb2-b368-48ab-996b-7c9fafcf68ed,Use Automatic Programming,digital,100
M311944,7f107a85-d6ac-410f-a995-d635c5aa418b,Types of Metal,technical,100
M311944,8a4e99e0-f259-4931-888f-604cfdc15b31,Perform Machine Maintenance,technical,100
M311944,8d4271ca-c9fd-40b3-875f-15f78332a49e,Quality Standards,technical,100
M311944,9ea652f6-accf-45bb-b9a8-590f06f7bd51,Supply Machine,technical,100
M311944,9f34107c-8db0-4b00-84d8-3f64e400c80c,Consult Technical Resources,technical,100
M311944,bf942c60-8539-4951-83ee-63f770da1cb8,Program a CNC Controller,digital,100
M311944,d9818afc-1dec-4944-8c9c-e3ae8fad176d,Set up the Controller of a Machine,digital,100
M311944,e3688cae-7a28-4405-88b5-6b87179e0d76,Interpret Geometric Dimensions and Tolerances,technical,100
M311944,ee8fee1a-75c1-43fb-b08d-779929f99249,Apply Control Process Statistical Methods,digital,100
M312215,03b9b491-fc9b-4868-914a-bf7cd47b5041,Create Solutions to Problems,technical,100
M312215,286e486c-a094-4715-8e5b-a2370b09a408,Manage Corrective Actions,technical,100
M312215,2879a6f9-868b-40a1-a424-d50007ca8354,Record Production Data for Quality Control,technical,100
M312215,3edfcb2b-2d0e-4673-87ce-f55c37eb5fca,Monitor Manufacturing Quality Standards,technical,100
M312215,41ec47dd-08b3-464a-9c45-c706f3e74467,Industrial Software,digital,100
M312215,46e1b714-94f4-462d-88e6-31f442708812,Define Manufacturing Quality Criteria,technical,100
M312215,556be6f4-225f-46a2-a795-d3d54d98c3f7,Conduct Workplace Audits,technical,100
M312215,58240e34-7364-4078-a530-7a4f51649731,Identify Preventive Actions,technical,100
M312215,5d05068e-7ae7-4ff6-8fa3-e35ea03b48b1,Check Quality of Products on the Production Line,technical,100
M312215,5d34adde-0b78-42b4-9d3d-69e9388d8398,Oversee Quality Control,technical,100
M312215,6a536b36-c5c7-4d10-bf67-a4fb0f8549b2,Audit Techniques,digital,100
M312215,6c315001-d329-4930-9294-9cf2c7afb672,Revise Quality Control Systems Documentation,technical,100
M312215,81a2db2c-7e55-44d0-9cd9-74c25147d7cd,Analyse Test Data,technical,100
M312215,86065a19-7537-4bd5-b41c-7e0638d67b58,Follow Standards for Machinery Safety,technical,100
M312215,8804d963-5a31-4609-b5df-f741b7199fb7,Internal Auditing,technical,100
M312215,8d4271ca-c9fd-40b3-875f-15f78332a49e,Quality Standards,technical,100
M312215,94747ff4-603d-47d4-9780-bf53be41e190,Inspect Industrial Equipment,technical,100
M312215,958b8802-ec3e-4813-97f7-6c8f48610dbd,Identify Process Improvements,technical,100
M312215,a1816dfd-dbdc-4499-bef3-ff81dd895b33,Industrial Engineering,technical,100
M312215,a93011ca-e6ab-4182-8a05-4d4b282cff27,Check Quality of Raw Materials,technical,100
M312215,b5c7e0dc-dda3-4790-a7d1-d6d8023b3089,Database Quality Standards,digital,100
M312215,c2fddf67-6b53-4cd4-8483-82e97e0f2a81,Evaluate Industrial Hygiene,technical,100
M312215,c69587b4-05d3-45bb-b79b-9b85e6603fc2,Provide Technical Expertise,technical,100
M312215,ccbd0898-e225-4abc-8992-57a23b0e2eec,Support Implementation of Quality Management Systems,technical,100
M312215,d1317634-ccea-44d0-9cdc-c863f9bf856b,Liaise with Industrial Professionals,technical,100
M312215,d4a0744a-508b-4a5e-97a5-ad1fc7f55e6e,Correctional Procedures,technical,100
M312215,d83cba15-8511-4d07-b89a-9fde0d1d8241,Perform Quality Audits,technical,100
M312215,ed0718f6-5823-4c74-9749-2936c9c06203,Develop Audit Plan,technical,100
M312215,efacdaad-ab73-4056-bee3-4eb34b458bf6,Industrial Design,technical,100
M312218,0f7b4bf5-8d37-4205-bd61-fe0878e9d9e2,Adjust Production Schedule,technical,100
M312218,12c7b323-d870-4f5b-9d7d-d9f525206d77,Production Processes,technical,100
M312218,21c5790c-0930-4d74-b3b0-84caf5af12ea,Manage Budgets,technical,100
M312218,2a2fa8e8-aaf3-4abf-a60b-af6415f1c6d4,Strive for Company Growth,technical,100
M312218,2a778aeb-f246-4f03-9a96-c60183001037,Schedule Production,technical,100
M312218,339ac029-066a-4985-9f9d-b3d7c8fea0bb,Manage Staff,technical,100
M312218,3786b61f-f22e-48d1-af8d-ad4c354534db,Manufacturing Processes,technical,100
M312218,44f6a65f-6be7-4818-9a66-73908797283f,Monitor Stock Level,technical,100
M312218,5d34adde-0b78-42b4-9d3d-69e9388d8398,Oversee Quality Control,technical,100
M312218,62d34066-f07a-4437-914b-0548ba8bbe59,Monitor Conveyor Belt,technical,100
M312218,66cf649e-fd1d-4840-8250-ebd546a12239,Assess Production Needs to Plan a Production Schedule,technical,100
M312218,68269b0a-35c5-4867-bc17-a0b0230fe60c,Ensure Finished Product Meet Requirements,technical,100
M312218,69f23426-9279-4fe6-a283-24c2aa4c855d,Ensure Equipment Availability,technical,100
M312218,6fcf2fc7-7b74-42e5-845f-f5854fd44f37,Ensure Correct Goods Labelling,technical,100
M312218,798d427e-51b3-4cd4-8b24-1357015e9ae7,Optimise Production,technical,100
M312218,7add3681-17b6-4027-8a9d-ee92d2b96a42,Manage Workflow Processes,technical,100
M312218,85aa1871-db96-42f7-801f-c39f924de2d7,Plan Shifts of Employees,technical,100
M312218,8a98707e-b2ee-48fe-9f36-e47e3555ecf7,Evaluate Employees Work,technical,100
M312218,8add048c-4d51-41c5-8aa2-f57412c4a637,Enhance Production Workflow,technical,100
M312218,9148c1e4-beae-433c-bd72-e4a009440744,Monitor Production Developments,technical,100
M312218,91abe492-18be-4cce-93c7-0dca07072363,Meet Deadlines,technical,100
M312218,9601b2a8-68e4-4906-9306-a23679b8f0b0,Supervise Staff,technical,100
M312218,aa238394-8126-4ada-be2f-9dfe065cf314,Adhere to Organisational Guidelines,technical,100
M312218,ab239c75-dfcc-4f6c-9d11-75bb78049afc,Ensure Safety in the Production Area,technical,100
M312218,c8f14c32-7f24-41bb-9e8f-b24d6fd3ca86,Follow Production Schedule,technical,100
M312218,cd85312f-0e0b-460b-addd-57d6df800595,Coordinate Communication Within a Team,technical,100
M312218,d154e48f-95b4-4ce6-907e-4a44d50129fe,Set Production Facilities Standards,technical,100
M312218,d58a48d1-5b7f-4028-ae11-b051d13ee1a8,Analyse Staff Capacity,technical,100
M312218,d73cb129-b385-4776-8303-f3f926b2e481,Report on Production Results,technical,100
M312218,da56feea-941c-4ff6-b573-bb16ccbde670,Communicate Schedules to the People Concerned,technical,100
M312218,db9463b7-5c24-46d2-8419-002e03bae1dc,Meet Productivity Targets,technical,100
M312218,ddce2912-bc0f-4a47-aa2b-c1de48bc4b44,Energy Conservation,technical,100
M312218,e8db787b-d1a2-4000-b74a-e3db5436fef6,Communicate Production Plan,technical,100
M312218,f14ff4b7-be1e-4b55-b39b-520005f8a97e,Liaise with Managers,technical,100
M312218,f1b5800e-b763-4740-9586-3fef30568e81,Analyse Production Processes for Improvement,technical,100
M312218,f5dd06b8-5d17-4932-9d03-957d0c4f5051,Perform Resource Planning,technical,100
M312218,f5f5b244-6cea-4fbc-8a50-8f712791bc09,Follow Company Standards,technical,100
M312218,f7b5d916-52f0-4865-b6a6-e1a3b711cb5e,Implement Strategic Planning,technical,100
M312218,feceacee-d425-4e73-821a-02dfb85084db,Control Production,technical,100
M312220,0e21e183-e787-4f23-a240-93b416c088c2,Maintain Personal Hygiene Standards,technical,100
M312220,1a90e24e-c548-4104-8554-011870b0a891,Prepare Reports on Sanitation,technical,100
M312220,37c325b6-1818-4d38-998c-cea4a7380094,Plan Inspections for Prevention of Sanitation Violations,technical,100
M312220,43b13058-68d0-40c6-8031-caf5a7b7d20c,Keep Task Records,technical,100
M312220,459f76d9-8534-4880-aa23-209179ea5080,Monitor Packaging Operations,technical,100
M312220,47bff4b6-0152-46e0-b20a-48cc78e4ba46,Develop Food Safety Programmes,technical,100
M312220,4d7410df-51a9-42bc-83ec-363c201ee631,Control Food Safety Regulations,technical,100
M312220,56d9c810-c598-4e4b-85ab-722674f90fe8,Take Action on Food Safety Violations,technical,100
M312220,599b2e75-00e8-482f-9335-b2f9aca415f1,Evaluate Retail Food Inspection Findings,technical,100
M312220,713f1ba8-c7a8-43e5-a5cc-0b869474efe7,Food Legislation,technical,100
M312220,756e7f39-d48d-4f42-a900-b09e0c34aa8c,Infections in Food,technical,100
M312220,914c9f5d-b8c5-44af-b302-1947b55bd115,Investigate Complaints Related to Consumer Protection,technical,100
M312220,b4b3b539-81ae-43aa-a540-0e2ea2c7e802,Food Storage,technical,100
M312220,d5c9c535-6539-4fc7-bada-e3169dcc445d,Food Authentication Techniques,technical,100
M312220,dd06c2e2-ecf7-4ce8-9f12-ae5d935071f2,Food Fraud,technical,100
M312220,e4a46d74-71a8-469a-85ad-e40278a23ba1,Food Preservation,technical,100
M312220,e54ff029-1ce9-447d-a5b2-eb7283a23e6e,Train Employees,technical,100
M312226,03b9b491-fc9b-4868-914a-bf7cd47b5041,Create Solutions to Problems,technical,100
M312226,277f489c-7a47-4791-bd87-61ca01737f96,Oversee Production Requirements,technical,100
M312226,2b92a5b2-6758-4ee3-9fb4-b6387a55cc8f,Perform Data Analysis,digital,100
M312226,6122d586-5978-431f-8e7a-96e61fc1f3fc,Wear Appropriate Protective Gear,technical,100
M312226,68b6ef08-d823-489d-a95c-752ae6f6e6a7,Read Standard Blueprints,technical,100
M312226,8269dc3d-50ee-46b5-a742-a7d2cb7d90bb,Check for Damaged Items,technical,100
M312226,85aa1871-db96-42f7-801f-c39f924de2d7,Plan Shifts of Employees,technical,100
M312226,91be6910-bd67-4e1f-95b0-32513b399b24,Communicate Problems to Senior Colleagues,technical,100
M312226,a571ae14-3e16-4fd3-a615-5646e0b0b696,Inspect Data,digital,100
M312226,a7b9039e-0145-4e3e-bbf8-30151d3e6cc0,Schedule Regular Machine Maintenance,technical,100
M312226,c5bc42be-4970-4dce-80e2-af78bae42e84,Manage Maintenance Operations,technical,100
M312226,cd85312f-0e0b-460b-addd-57d6df800595,Coordinate Communication Within a Team,technical,100
M312226,f14ff4b7-be1e-4b55-b39b-520005f8a97e,Liaise with Managers,technical,100
M312226,fb40d2c6-fe3c-4e49-9289-49e98900b315,Ensure Compliance with Maintenance Legislation,technical,100
M312228,04e08696-b62e-446c-9b53-3b48f9af0904,Slaughter Animals,technical,100
M312228,06cf28f4-608d-4fb9-94c5-c0698d70ea71,Maintain Cutting Equipment,technical,100
M312228,08040bcc-a824-4441-bfd0-738b2de965cf,Tolerate Strong Smells,technical,100
M312228,0c944316-12f6-4949-a156-a03dbaae790f,Ensure Sanitation,technical,100
M312228,1289bd81-8daf-4e7c-bb46-6bbfe9141c49,Legislation About Animal Origin Products,technical,100
M312228,2711c7be-a232-44c6-9779-a1a1b3ace2d8,Halal Slaughtering Practices,technical,100
M312228,2c1683df-c037-4bdc-b008-3a8db0665cc8,Monitor the Identification of Animals,technical,100
M312228,2f4f78ac-0246-4c59-907d-9fcb46f8fb77,Mark Differences in Colours,technical,100
M312228,3935e442-df7f-46c9-8eb8-901d001990b6,Warm Blooded Animal Organs,technical,100
M312228,41ad35e8-8978-4f97-b420-971dc534a275,Ensure Animal Welfare in Slaughtering Practices,technical,100
M312228,42a56403-8ec8-4a13-951a-f60c79353817,Clean Carcasses,technical,100
M312228,48e10631-64c1-4831-8518-a6a992ae0a13,Documentation Concerning Meat Production,technical,100
M312228,49a5effb-e497-4dba-afb9-c6c354882b22,Halal Meat,technical,100
M312228,5ac3a1b8-78d4-4f7d-b922-dad34595c975,Handle Knives for Cutting Activities,technical,100
M312228,5ba1d5b9-3f8d-46ca-bf9f-2e9ca65d1350,Apply HACCP,technical,100
M312228,7a258bc5-c5bc-41ae-ab7f-d7976fd9ed0d,Deal with Killing Animals Processes,technical,100
M312228,8474d1d3-1fea-43b2-b6ed-5b961faabe9e,Process Livestock Organs,technical,100
M312228,8c245dab-8890-47be-adfc-c85fc3be634e,Skin Animals,technical,100
M312228,9a5b670b-81b5-4807-8db6-a5d5b8413f83,Cope with Blood,technical,100
M312228,a4ed301c-1339-4f4f-97bb-2730d9ee6a41,Prepare Meat Products for Shipping,technical,100
M312228,a6f62b85-d347-446e-8e1f-c0fa0023c278,Control Animals in Distress,technical,100
M312228,ae1b0406-4948-4c7e-93bb-885d84231a83,Clean the Trimming Box,technical,100
M312228,b36e7ccd-fa4b-413f-a858-029737119ea6,Weigh Animals for Food Manufacturing,technical,100
M312228,bc250150-3372-42c9-834a-a1b65f89ca0b,Apply Requirements Concerning Manufacturing of Food and Beverages,technical,100
M312228,bf7a45c4-0d72-4e6e-9da7-127b2b6656b7,Apply GMP,technical,100
M312228,c811bb08-31cc-4b3b-a26d-a098182411fa,Cope with Excrements,technical,100
M312228,cfcc2266-a578-4300-93ce-ce7860c7398c,Monitor Temperature in Manufacturing Process of Food and Beverages,technical,100
M312228,e0324a23-7946-4851-b770-d1fdbe79166d,Suspend Animals,technical,100
M312228,e7b73261-ac14-4f71-9d98-3213a41b3885,Handle Meat Processing Equipment in Cooling Rooms,technical,100
M312228,ef46ca1b-8f6d-4d3d-9f72-f681223f5b52,Inspect Animal Carcasses,technical,100
M312228,ef59f2b1-66d6-4a10-a775-00714fc4f2dc,Split Animal Carcasses,technical,100
M312228,f9aa7826-8572-4cd0-8fbf-932b3e79e78a,Operate in Slaughterhouse Installations,technical,100
M312228,fcae5ce9-62a7-4318-bed4-339553f6a83f,Animal Anatomy for Food Production,technical,100
M312229,03b9b491-fc9b-4868-914a-bf7cd47b5041,Create Solutions to Problems,technical,100
M312229,089ddb19-1c7a-43ff-ba64-070f7ce4787a,Warehouse Operations,technical,100
M312229,0a30a7df-750a-4df3-9a70-f537c5d14277,Oversee Warehouse Value-Added Activities,technical,100
M312229,0a74ff59-62a8-4942-9063-10fea819e19a,Monitor Security Procedures in Warehouse Operations,technical,100
M312229,0cc9c234-f817-4f4c-908a-4d28fe3b0f4a,Coach Employees,technical,100
M312229,1dea2f3a-857c-4fc3-b1f8-d5f2015c46a9,Give Instructions to Staff,technical,100
M312229,23db1cab-e565-4a90-89f8-3a8685a20029,Maintain Physical Condition of Warehouse,technical,100
M312229,2c5cbddf-3393-452f-abb0-8e734d1b61be,Plan Future Capacity Requirements,technical,100
M312229,339ac029-066a-4985-9f9d-b3d7c8fea0bb,Manage Staff,technical,100
M312229,415abd43-e8e5-4643-b5da-5f11307af57a,Use Different Communication Channels,technical,100
M312229,519b3949-b711-4a08-a395-a4bd068f9fa2,Safety Regulations for Warehouses,technical,100
M312229,5461dd07-62e9-429c-af24-15810a17c230,Monitor Storage Space,technical,100
M312229,5b91b6d4-345e-4195-a078-218514871e7b,Ensure Efficient Utilisation of Warehouse Space,technical,100
M312229,5c5d38eb-4529-48d1-ab98-b6f6800f0a92,Warehousing Regulations,technical,100
M312229,63359272-1303-41d5-a437-f4522f5abcc2,Manage Warehouse Organisation,technical,100
M312229,7111b95d-0ce3-441a-9d92-4c75d05c4388,Project Management,technical,100
M312229,75b30aeb-34c0-40f4-b77d-271d75a98b14,Improve Business Processes,technical,100
M312229,772a9c72-abef-4333-9788-f4cb48ad8e08,Identify Software for Warehouse Management,digital,100
M312229,7ace7312-2775-4bfc-9705-3416a9f7b35b,Provide Staff Training in Warehouse Management,technical,100
M312229,7c821387-b428-4f75-b5a7-7b038aa81cfd,Use a Warehouse Management System,digital,100
M312229,81db5616-3c98-4317-a728-5dae08d44bd4,Comprehend Financial Business Terminology,technical,100
M312229,8bc11ec8-90a3-4d4d-aba3-1c48c71e8fe2,Manage Third-Party Logistics Providers,technical,100
M312229,8ee39fb7-8b46-490e-ae21-6e8b32854dd6,Manage Dispatch Software Systems,digital,100
M312229,989dc903-5838-4d84-8e04-e5b7a2ba97c5,Apply Safety Management,technical,100
M312229,9d59f4e5-20a5-428e-b8b3-645043500457,Create a Work Atmosphere of Continuous Improvement,technical,100
M312229,a42cb3ed-f7d3-4c9c-af2e-ff4d9c9f4d48,Plan the Dispatching of Products,technical,100
M312229,a906a992-65d3-48c4-9912-43f5bcc34e72,Plan the Stocking of Products,technical,100
M312229,ab6265f2-a9bf-49e8-a9a5-67cbab4de38b,Manage Inventory,technical,100
M312229,c5b90c0c-3af0-4c8c-a06c-cc3ced02242c,Perform Cost Accounting Activities,technical,100
M312229,c7e8948c-e7e4-406a-957d-55daaa4cdb44,Ensure Stock Storage Safety,technical,100
M312229,ca226595-beda-406b-a0ac-c65c40784ca4,Oversee Freight-Related Financial Documentation,technical,100
M312229,db9463b7-5c24-46d2-8419-002e03bae1dc,Meet Productivity Targets,technical,100
M312229,dc72ad0a-c5dc-4abd-bc0d-ca43e82162e1,Build Business Relationships,technical,100
M312229,de804504-bd5c-465d-b54f-9da299d8ee90,Maintain Stock Control Systems,digital,100
M312229,e0ae0101-ab8f-47a2-938b-ab0cc367b3b5,Maintain Warehouse Database,digital,100
M312229,e54ff029-1ce9-447d-a5b2-eb7283a23e6e,Train Employees,technical,100
M312229,fa7be6bf-f906-4b8e-857d-48a9a7da901c,Manage Warehouse Operations,technical,100
M312229,faf8943c-72ff-4736-a587-25508695d6f0,Maintain Financial Records,technical,100
M312229,fb39389b-07d5-439f-948b-6c6e58c0384f,Manage Transport of Goods From Warehouse Facilities,technical,100
M312229,fe29e658-7cad-4b70-a169-10a240ec0bef,Work in a Logistics Team,technical,100
M313104,1de6b87b-2c7d-49aa-bcc0-3b2ef75f064f,Resolve Equipment Malfunctions,technical,100
M313104,386774ac-fe5b-431a-b485-9aec0bf5c09e,Maintain Electrical Equipment,technical,100
M313104,555ee719-4bc2-49c9-82b2-c2c01bfe3637,Oversee Power Equipment Operation,technical,100
M313104,57869946-cec2-4121-981c-84c9846c58d0,Electric Current,technical,100
M313104,58c3ed60-c06b-47c0-b213-4e3608608644,Use Remote Control Equipment,digital,100
M313104,6122d586-5978-431f-8e7a-96e61fc1f3fc,Wear Appropriate Protective Gear,technical,100
M313104,6360d655-3494-45f6-bfc6-d5f63afc355b,Electrical Power Safety Regulations,technical,100
M313104,6542601c-92ee-4a03-abd9-fde0635727a2,Respond to Electrical Power Contingencies,technical,100
M313104,65a3a184-7d11-4db9-9b85-281961d1514b,Conduct Routine Machinery Checks,technical,100
M313104,7807d33c-c581-48dd-be90-69cc9b13b54c,Maintain Power Plant Machinery,technical,100
M313104,7aa52bdc-9c56-4341-be65-e8e30f64403f,Monitor Automated Machines,digital,100
M313104,c8ac1986-38fa-43b2-89dc-50a4beeb420e,Electricity,technical,100
M313104,c8c18b8d-a813-49f8-a702-689564dcf8b2,Electric Generators,technical,100
M313104,c927ec6e-9082-4b22-afd3-0c4e219eaf73,Ensure Equipment Maintenance,technical,100
M313104,efa141df-f382-418f-9121-bd88fd735669,Mechanics,technical,100
M313104,f4a6e9f7-5cff-46c0-894c-59c20bb78694,Automation Technology,digital,100
M313104,f7a4fb1d-d951-4c4c-8643-3212c0958f71,Monitor Electric Generators,technical,100
M313106,27d26fd6-5795-4f0a-884e-112df7c68314,Apply Arc Welding Techniques,technical,100
M313106,2879a6f9-868b-40a1-a424-d50007ca8354,Record Production Data for Quality Control,technical,100
M313106,2fcd95a4-1f9a-41cf-95a9-4701bde476b4,Operate Welding Equipment,technical,100
M313106,334e3e49-fb02-4051-809a-f06adfdc1c40,Troubleshoot,technical,100
M313106,42c25baf-ccb3-47d9-a872-bb2ceb615538,Operate Precision Measuring Equipment,technical,100
M313106,465ff64a-1271-4064-8ed1-e969cb68d8b4,Perform Test Run,technical,100
M313106,60e7f136-49eb-4496-a54f-410a6e564de6,Handle Gas Cylinders,technical,100
M313106,6122d586-5978-431f-8e7a-96e61fc1f3fc,Wear Appropriate Protective Gear,technical,100
M313106,68b6ef08-d823-489d-a95c-752ae6f6e6a7,Read Standard Blueprints,technical,100
M313106,69f23426-9279-4fe6-a283-24c2aa4c855d,Ensure Equipment Availability,technical,100
M313106,7c127140-3a91-4fe2-b33e-12567d78ef0f,Fuel Gas,technical,100
M313106,7f107a85-d6ac-410f-a995-d635c5aa418b,Types of Metal,technical,100
M313106,8b09c290-c941-4119-870f-bdafbd78c669,Operate Oxy-Fuel Cutting Torch,technical,100
M313106,8d4271ca-c9fd-40b3-875f-15f78332a49e,Quality Standards,technical,100
M313106,98d0c976-2966-4f72-831b-ffd1f531a2c6,Apply Precision Metalworking Techniques,technical,100
M313106,b713a540-54d8-4648-809f-6304450579f5,Smooth Burred Surfaces,technical,100
M313106,bd620a17-3f2b-411f-9613-8c6e8b3faafd,Ensure Correct Metal Temperature,technical,100
M313106,beba7567-b897-4832-84b5-67d3ae38fd99,Manufacturing of Heating Equipment,technical,100
M313106,e2ba5755-d934-486e-b6cb-a938c2857b79,Flammable Fluids,technical,100
M313106,ebd90bfe-ab0f-4155-a77c-3de9267b27a1,Metal Smoothing Technologies,technical,100
M313106,f30a7ea4-77dd-452c-8a2d-b06c12606a7f,Operate Soldering Equipment,technical,100
M313106,f33b0ef2-7fe1-4ac1-96c4-36a1bff1771b,Select Filler Metal,technical,100
M313113,1de6b87b-2c7d-49aa-bcc0-3b2ef75f064f,Resolve Equipment Malfunctions,technical,100
M313113,386774ac-fe5b-431a-b485-9aec0bf5c09e,Maintain Electrical Equipment,technical,100
M313113,555ee719-4bc2-49c9-82b2-c2c01bfe3637,Oversee Power Equipment Operation,technical,100
M313113,57869946-cec2-4121-981c-84c9846c58d0,Electric Current,technical,100
M313113,58c3ed60-c06b-47c0-b213-4e3608608644,Use Remote Control Equipment,digital,100
M313113,6122d586-5978-431f-8e7a-96e61fc1f3fc,Wear Appropriate Protective Gear,technical,100
M313113,6360d655-3494-45f6-bfc6-d5f63afc355b,Electrical Power Safety Regulations,technical,100
M313113,6542601c-92ee-4a03-abd9-fde0635727a2,Respond to Electrical Power Contingencies,technical,100
M313113,65a3a184-7d11-4db9-9b85-281961d1514b,Conduct Routine Machinery Checks,technical,100
M313113,7807d33c-c581-48dd-be90-69cc9b13b54c,Maintain Power Plant Machinery,technical,100
M313113,7aa52bdc-9c56-4341-be65-e8e30f64403f,Monitor Automated Machines,digital,100
M313113,c8ac1986-38fa-43b2-89dc-50a4beeb420e,Electricity,technical,100
M313113,c8c18b8d-a813-49f8-a702-689564dcf8b2,Electric Generators,technical,100
M313113,c927ec6e-9082-4b22-afd3-0c4e219eaf73,Ensure Equipment Maintenance,technical,100
M313113,efa141df-f382-418f-9121-bd88fd735669,Mechanics,technical,100
M313113,f4a6e9f7-5cff-46c0-894c-59c20bb78694,Automation Technology,digital,100
M313113,f7a4fb1d-d951-4c4c-8643-3212c0958f71,Monitor Electric Generators,technical,100
M313116,05e5e14f-ffa6-4106-b311-c6335ccc2bd2,Solar Energy,technical,100
M313116,08a5f6dd-d3dd-4371-9919-6d730f34499c,Mount Photovoltaic Panels,technical,100
M313116,0dc8813a-cebd-4a42-acc8-9a7c4e6e3663,Test Procedures in Electricity Transmission,technical,100
M313116,156f8c5b-894a-4ccc-a70e-37a2726f3f00,Work Ergonomically,technical,100
M313116,18d3f89a-6ac5-4ca6-bf93-0baec4e13bcd,Install Photovoltaic Systems,technical,100
M313116,2179e0fd-7431-41a3-bbf4-76451c615ce2,Inspect Electrical Supplies,technical,100
M313116,3892f2ff-714e-4201-823d-5d6fc5bab621,Check Compatibility of Materials,technical,100
M313116,3d3ee5c3-4286-457f-9f76-1704011f7e11,Comply with Legal Regulations,technical,100
M313116,4af56376-7b2f-4ced-ac58-0c3967bd1e83,Transport Construction Supplies,technical,100
M313116,50f2d23c-b3fb-48a5-967b-14fd0a6dd205,Inspect Construction Supplies,technical,100
M313116,52797dce-911c-4e6d-b0cb-491f6469014f,Install Electrical and Electronic Equipment,technical,100
M313116,76b9e515-715d-4a53-a702-019adad1059b,Install Circuit Breakers,technical,100
M313116,86df7af2-f9f3-4c06-a500-7f1fba9e78fe,Follow Health and Safety Procedures in Construction,technical,100
M313116,8f585def-6ade-41b3-b897-3d71fba4151d,Alternative Energy,technical,100
M313116,982ccb23-102c-4d7a-a899-4df50a032def,Install Concentrated Solar Power Systems,technical,100
M313116,aafbb139-02c6-4f35-bc62-ff73faf97d6d,Interpret 3D Plans,technical,100
M313116,ab0deac2-b872-45c8-ad65-657938d2fe79,Operate Solar Thermal Energy Systems for Hot Water and Heating,technical,100
M313116,b92758d4-4591-4df1-9ceb-f907aa71ebd9,Use Measurement Instruments,technical,100
M313116,c4867766-50f8-489e-98d7-262da5589c0a,Solar Products,technical,100
M313116,c8ac1986-38fa-43b2-89dc-50a4beeb420e,Electricity,technical,100
M313116,d15e92c4-c8dc-48cd-a1f6-94fe13347f87,Electrical Wiring Plans,technical,100
M313116,dfce2aba-783e-4e17-9c17-e74aca505ec2,Interpret 2D Plans,technical,100
M313116,e45507ff-c1e2-4e0c-92fb-b6c0e6cb6245,Photovoltaic Systems,technical,100
M313116,efa141df-f382-418f-9121-bd88fd735669,Mechanics,technical,100
M313116,fafbb75f-ec35-4cc2-996a-20c85ef6c266,Follow Safety Procedures When Working at Heights,technical,100
M313201,1de6b87b-2c7d-49aa-bcc0-3b2ef75f064f,Resolve Equipment Malfunctions,technical,100
M313201,386774ac-fe5b-431a-b485-9aec0bf5c09e,Maintain Electrical Equipment,technical,100
M313201,555ee719-4bc2-49c9-82b2-c2c01bfe3637,Oversee Power Equipment Operation,technical,100
M313201,57869946-cec2-4121-981c-84c9846c58d0,Electric Current,technical,100
M313201,58c3ed60-c06b-47c0-b213-4e3608608644,Use Remote Control Equipment,digital,100
M313201,6122d586-5978-431f-8e7a-96e61fc1f3fc,Wear Appropriate Protective Gear,technical,100
M313201,6360d655-3494-45f6-bfc6-d5f63afc355b,Electrical Power Safety Regulations,technical,100
M313201,6542601c-92ee-4a03-abd9-fde0635727a2,Respond to Electrical Power Contingencies,technical,100
M313201,65a3a184-7d11-4db9-9b85-281961d1514b,Conduct Routine Machinery Checks,technical,100
M313201,7807d33c-c581-48dd-be90-69cc9b13b54c,Maintain Power Plant Machinery,technical,100
M313201,7aa52bdc-9c56-4341-be65-e8e30f64403f,Monitor Automated Machines,digital,100
M313201,c8ac1986-38fa-43b2-89dc-50a4beeb420e,Electricity,technical,100
M313201,c8c18b8d-a813-49f8-a702-689564dcf8b2,Electric Generators,technical,100
M313201,c927ec6e-9082-4b22-afd3-0c4e219eaf73,Ensure Equipment Maintenance,technical,100
M313201,efa141df-f382-418f-9121-bd88fd735669,Mechanics,technical,100
M313201,f4a6e9f7-5cff-46c0-894c-59c20bb78694,Automation Technology,digital,100
M313201,f7a4fb1d-d951-4c4c-8643-3212c0958f71,Monitor Electric Generators,technical,100
M313406,3310562c-ed9e-43c2-a4d0-bafeed7057a4,Report on Fuel Distribution Incidents,technical,100
M313406,3a92bdc4-19b4-4d7e-811f-47a44e7129c7,Ensure Maintenance of Fuel Distribution Facilities,technical,100
M313406,414bfea8-a6bd-44e1-8820-80b1238a39cc,Detect Flaws in Pipeline Infrastructure,technical,100
M313406,60e7f136-49eb-4496-a54f-410a6e564de6,Handle Gas Cylinders,technical,100
M313406,6c4b5031-2eaf-449e-af88-8304a66e4eb5,Fuel Distribution Systems,technical,100
M313406,7491916c-bb6a-4e56-b2a7-ee9821eb62c2,Prevent Pipeline Deterioration,technical,100
M313406,7c127140-3a91-4fe2-b33e-12567d78ef0f,Fuel Gas,technical,100
M313406,8fea133a-8e3d-4ae6-89b6-94961445ee85,Ensure Correct Gas Pressure,technical,100
M313406,90cac92e-bda6-4739-a754-6a2172df7c2f,Comply with Pipeline Transport Regulations,technical,100
M313406,adeeed0d-25cd-4e7b-bcb2-ef63bea7e491,Regulate the Flow of Substances in Pipelines,technical,100
M313406,c1d7a6df-92e8-4b2f-9259-e04dd7242be3,Types of Pipelines,technical,100
M313406,c3404999-faaa-4779-9cbf-e594b9c4d3b6,Perform Follow-up on Pipeline Route Services,technical,100
M313406,c927ec6e-9082-4b22-afd3-0c4e219eaf73,Ensure Equipment Maintenance,technical,100
M313406,e8c60367-d0fb-498d-9e90-7d46346f0089,Ensure Compliance with Gas Distribution Schedule,technical,100
M313406,f4349677-549e-419a-8f8e-eb10bfe10720,Monitor Valves,technical,100
M313412,10ac5282-3288-4383-8f69-9864d8564ea9,Inspect Pipelines,technical,100
M313412,11dc8e6b-dffa-42e4-9de1-c47293a848ff,Operate Pumping Equipment,technical,100
M313412,284771c8-2648-4443-a39c-adf9b6808f6b,Synchronise Pumphouse Activities,technical,100
M313412,334e3e49-fb02-4051-809a-f06adfdc1c40,Troubleshoot,technical,100
M313412,41b64d51-7439-432d-9639-dc6422933c42,Monitor the Transfer of Oil,technical,100
M313412,42b2e137-201d-4859-bd14-c3b580687666,Control Pumping Operations in Petroleum Production,technical,100
M313412,44297bbb-306a-46fa-ab1b-fa3fb327ebda,Mechanical Tools,technical,100
M313412,445b65c5-5b16-4f66-94ce-f2a7f49f9ee7,Manage Emergency Procedures,technical,100
M313412,5fc0d7d8-bb81-4c1e-b420-e0f1ef8c2743,Set Equipment Controls,technical,100
M313412,62dcff8d-ef02-4b50-9786-679ad940e665,Verify Oil Circulation,technical,100
M313412,95c35c3a-035f-47c2-90cf-7e934d20fc08,Electronics,digital,100
M313412,9bafaea2-76cd-4532-ab77-8b3d21fa6235,Coordinate Remote Communications,technical,100
M313412,a6dcd5bd-d498-4469-96c9-cbc46e8efd04,Operate Hydraulic Pumps,technical,100
M313412,bda6846c-72b4-4d22-b3fb-01ebba562f4f,Monitor Fuel Storage Tanks,technical,100
M313412,cde9911c-f92e-4de1-811f-336e177ac4ce,Chemistry,technical,100
M314101,055192dc-f16c-4855-835d-19cac6ff20aa,Life Sciences,technical,100
M314101,0b917c3e-e49f-40d9-8f95-3bc8e9c06fd2,Perform Laboratory Tests,technical,100
M314101,3529d640-5d49-45fe-8ede-491e9c8e0447,Maintain Laboratory Equipment,technical,100
M314101,35f1dcdc-577f-46c6-96d9-6c7a64501de9,Laboratory Equipment,technical,100
M314101,4bbb309f-9162-49b9-93da-fb2c371e5c5f,Collect Samples for Analysis,technical,100
M314101,4fabca9a-7435-4f33-b1da-3cdb00340fdc,Perform Scientific Research,technical,100
M314101,6b29b77f-7265-4dae-8309-78077f99ab60,Assist in the Production of Laboratory Documentation,technical,100
M314101,6f571969-3640-4774-a9bc-fd2ef583fdec,Apply Safety Procedures in Laboratory,technical,100
M314101,70bc4cfe-16c8-4433-a873-15ea8620453e,Use Laboratory Equipment,technical,100
M314101,7a34b3d9-bd3b-4f4e-a0f6-f97439901cb7,Apply Scientific Methods,technical,100
M314101,7b85473a-d609-4da4-92b7-a66cfaa86302,Stem Cells,technical,100
M314101,8259c2c0-2749-41e2-a4a8-4a64a76eab37,Laboratory Techniques,technical,100
M314101,82fadde2-45cc-4734-bace-dadafdeaa41f,Calibrate Laboratory Equipment,technical,100
M314101,835a88b8-3a49-47b2-8a86-6d58cf42757c,Perform Stem Cell Transplantation,technical,100
M314101,941364b9-1375-4add-9889-d67bae99bc8c,Write Technical Reports,technical,100
M314101,9433da85-70fa-4a25-8f96-71fa59dd1989,Biology,technical,100
M314101,aafbfaa4-5f93-457e-8cb8-d4ed855277f8,Analyse Experimental Laboratory Data,technical,100
M314101,ab6265f2-a9bf-49e8-a9a5-67cbab4de38b,Manage Inventory,technical,100
M314101,c07dab7f-deb2-4985-ac64-c62514221869,Cryopreservation,technical,100
M314101,e3fcd642-5f9c-48ee-be58-258dd895d281,Collect Biological Data,technical,100
M314101,e464363b-8346-421d-9035-52118b76d8c8,Computational Biology,digital,100
M314101,ed3f3dba-3a35-4ed5-b113-67f4d10ef4c8,Scientific Research Methodology,technical,100
M314107,0302f93a-0d38-4c00-bc37-eda17b6316ea,Biosecurity Related to Animals,technical,100
M314107,07846f2f-e182-4f94-a7c7-9fd2865c0dde,Insert Semen,technical,100
M314107,1fc580ca-9adc-46af-8a88-61e871273b49,Manage Animal Biosecurity,technical,100
M314107,3195533c-acdb-42dd-8c72-18bc36b3826f,Select Semen for Artificial Insemination of Animals,technical,100
M314107,32d011d6-7875-4cc3-9755-28b366ef927b,Signs of Animal Illness,technical,100
M314107,49212efd-acf0-4257-a011-e07c9e369ecf,Animal Welfare Legislation,technical,100
M314107,4c92e214-7749-46ee-a35d-d1c57dc4656c,Handle Frozen Semen,technical,100
M314107,4e6cfb60-9579-4822-8a5e-424bc0c8835c,Animal Welfare,technical,100
M314107,58bacbcf-2b82-4716-959e-ac529120342d,Evaluate Animal Pregnancy,technical,100
M314107,60e0ed61-6340-4372-984a-416d1fe0010c,Physiology of Animals,technical,100
M314107,6b6c6b8f-3a1d-43af-a40a-73fb50518d00,Carry out Artificial Insemination of Livestock,technical,100
M314107,6d043734-b8a7-40bd-8e7a-c873bf9e310b,Maintain Breeding Equipment,technical,100
M314107,7837ef5c-2c81-4a89-8227-b4d4f1f7331e,Maintain Professional Records,technical,100
M314107,80cf2345-7fd8-4535-8e8d-0279771a03cf,Apply Safe Work Practices in a Veterinary Setting,technical,100
M314107,8a455b44-004d-43c7-8e42-45163482a66f,Evaluate Semen,technical,100
M314107,8f822c28-fe87-4791-be2b-6b7889da7a79,Store Semen,technical,100
M314107,912f7556-6b75-4d73-9658-4e710050199d,Apply Animal Hygiene Practices,technical,100
M314107,b5a8e3fe-63b3-4a67-a4c4-dee8f4ff5d1a,Safe Work Practices in a Veterinary Setting,technical,100
M314107,c07dab7f-deb2-4985-ac64-c62514221869,Cryopreservation,technical,100
M314107,cde1ed83-8527-4ad1-9d26-7d8ccb2e8b03,Handle Veterinary Emergencies,technical,100
M314107,d10030a4-f49c-4125-8646-6b091efe5089,Monitor the Welfare of Animals,technical,100
M314107,d33b9bd2-6dcb-4abc-b3c2-96b8983d5c97,Assess Animal Behaviour,technical,100
M314107,e286eddc-75e5-4ae3-966b-ec89c1c046ba,Anatomy of Animals,technical,100
M314107,e9d625ad-ea81-4ff8-b3fe-ccc1bea65cb5,Administer Drugs to Facilitate Breeding,technical,100
M314107,f022949a-39bf-4f54-978e-3d5fa8dd19d9,Animal Behaviour,technical,100
M314203,0b917c3e-e49f-40d9-8f95-3bc8e9c06fd2,Perform Laboratory Tests,technical,100
M314203,17fa2e6a-ca80-4d60-afb0-03f170e9d5f3,Collect Samples,technical,100
M314203,222137dc-9021-4be8-bb7a-29833e02616a,Prepare Surveying Report,technical,100
M314203,233be639-bdb5-4099-ab40-96d537d6c1f3,Ensure Compliance with Safety Legislation,technical,100
M314203,4bbb309f-9162-49b9-93da-fb2c371e5c5f,Collect Samples for Analysis,technical,100
M314203,5548401e-dbe9-4603-9917-1c8b3e0ad4ad,Soil Mechanics,technical,100
M314203,6c1143b7-1a4c-49ba-849a-ae328673e566,Soil Structure,technical,100
M314203,6f571969-3640-4774-a9bc-fd2ef583fdec,Apply Safety Procedures in Laboratory,technical,100
M314203,6f5850ea-5785-4e2c-b062-743066fd5bdb,Environmental Legislation,technical,100
M314203,8259c2c0-2749-41e2-a4a8-4a64a76eab37,Laboratory Techniques,technical,100
M314203,89db623e-e1fc-4ec2-9a0f-7b72b4c35303,Gather Experimental Data,technical,100
M314203,8bdd25f8-4b6e-40fe-a2cf-c1badc594114,Geology,technical,100
M314203,918f5211-b99f-4b29-9a34-6e475583ef55,Write Work-Related Reports,technical,100
M314203,91a6da8d-24dc-4453-9821-de305864677c,Soil Science,technical,100
M314203,a11c4c9c-ed68-4dcd-b7ef-841e7e347d70,Conduct Soil Sample Tests,technical,100
M314203,a8429098-ddac-481b-91e7-688d021c092e,Ecology,technical,100
M314203,af1df253-5103-46d7-a757-b17bf5a4e581,Operate Surveying Instruments,technical,100
M314203,bb0069d2-0953-43d4-923b-18ad370bc2f3,Adjust Surveying Equipment,technical,100
M314203,bc54eee1-a858-4f80-afdc-0442a617ef50,Conduct Field Work,technical,100
M314205,31c69100-b612-4a61-8db5-fd314318854c,Execute Analytical Mathematical Calculations,technical,100
M314205,3529d640-5d49-45fe-8ede-491e9c8e0447,Maintain Laboratory Equipment,technical,100
M314205,36ff57b0-637d-4a83-a0e8-d14f86f9f078,Analyse Scientific Data,technical,100
M314205,6f571969-3640-4774-a9bc-fd2ef583fdec,Apply Safety Procedures in Laboratory,technical,100
M314205,77f109c4-3107-4d2a-a512-5160ac103933,Analyse Environmental Data,technical,100
M314205,81a2db2c-7e55-44d0-9cd9-74c25147d7cd,Analyse Test Data,technical,100
M314205,8259c2c0-2749-41e2-a4a8-4a64a76eab37,Laboratory Techniques,technical,100
M314205,89db623e-e1fc-4ec2-9a0f-7b72b4c35303,Gather Experimental Data,technical,100
M314205,918f5211-b99f-4b29-9a34-6e475583ef55,Write Work-Related Reports,technical,100
M314205,bc54eee1-a858-4f80-afdc-0442a617ef50,Conduct Field Work,technical,100
M314217,081d7679-5070-4777-bece-a28c49f15636,Environmental Policy,technical,100
M314217,1cca610d-2afc-44a7-97fc-f2262fb5fc75,Surveying,technical,100
M314217,1f632076-fd9b-4b18-a9a2-b59a59181d3e,Urban Planning Law,technical,100
M314217,209a5498-3449-4689-8ed9-bd08cab4fd78,Engineering Principles,technical,100
M314217,377861af-f966-4c87-a2db-7e99904312b9,Geographic Information Systems,digital,100
M314217,59ea80e1-463a-4dba-82c6-d0b6d577d532,Technical Drawings,digital,100
M314217,67785eab-0818-41f9-9756-a8e0a215b95b,Surveying Methods,technical,100
M314217,6b30644d-bdc5-4bca-b1af-edbf5c6b15ee,Process Collected Survey Data,digital,100
M314217,76654176-5cc8-4cb3-b307-4ef1b6c2543c,Zoning Codes,technical,100
M314217,790a335b-2005-4b8a-b6fe-47ff7701ebb7,Topography,technical,100
M314217,7f18039d-dfae-471b-9daa-507f6b2d2842,Urban Planning,technical,100
M314217,7f4d1dee-bc5a-495a-926b-17b383b8d8fd,Green Building Standards,technical,100
M314217,82887396-e5bf-4306-af51-3fe8d82790b2,Civil Engineering,technical,100
M314217,8b46636e-e201-4086-a8d5-049b65eaf40e,Advise on Use of Land,technical,100
M314217,910b818b-bc24-4d17-844e-941a8bc997a9,Advise on Architectural Matters,technical,100
M314217,c69587b4-05d3-45bb-b79b-9b85e6603fc2,Provide Technical Expertise,technical,100
M314217,cf9c8e73-105d-419e-86dd-4304cc6cd718,Geography,technical,100
M314217,d74df140-eb69-43e2-bac9-1cafc824d702,Execute Feasibility Study,technical,100
M314217,e2b82b00-f07f-4fc8-a7bb-c8febf65efe5,Compare Survey Computations,digital,100
M314218,08dede9c-570a-462a-931a-481aef87fd6d,Livestock Reproduction,technical,100
M314218,10d57d01-c5cc-4e50-967e-4ccaada0787d,Estimate Costs in Farm,technical,100
M314218,186ba200-6c13-4ffd-947d-dbfe75a2b985,Quality Criteria for Livestock Feed Production,technical,100
M314218,37fd96cf-404a-4fa3-a443-2b5d6858c010,Animal Nutrition,technical,100
M314218,38788a64-6271-40ff-9e0b-5644c38322ff,Consultation Methods,technical,100
M314218,415abd43-e8e5-4643-b5da-5f11307af57a,Use Different Communication Channels,technical,100
M314218,49212efd-acf0-4257-a011-e07c9e369ecf,Animal Welfare Legislation,technical,100
M314218,4ca83b9d-afa0-49f8-b7af-e4e6a42ad299,Crop Production Principles,technical,100
M314218,5a8d4d8c-ff64-4f82-945e-ec6f56e05cbe,Supervise Hygiene Procedures in Agricultural Settings,technical,100
M314218,691c7db6-bad8-4a09-a3c4-4bf799375a35,Sustainable Agricultural Production Principles,technical,100
M314218,9a6e9f3a-830d-4bdf-9aee-3db636e8e93d,Livestock Farming Systems,technical,100
M314218,a5a146a4-a2e5-4d47-a982-192c42f5d449,Comply with Agricultural Code of Practice,technical,100
M314218,a7309d64-6209-49d7-878e-2b0e403908a4,Livestock Feeding,technical,100
M314218,b66f9bca-e042-4eca-bd28-b81de0e5e129,Advise on Livestock Productivity,technical,100
M314218,c5f3e735-917b-4024-b2cf-19f4f75b2469,Livestock Species,technical,100
M314218,d3d99bf2-cdad-4bdf-acd3-c94d599c4808,Manage Livestock,technical,100
M314218,d4eeb8f1-50d2-4a62-a405-f5eeaeec7f52,Research Livestock Production,technical,100
M314218,dc9a236c-c640-43c3-812f-269403591edb,Customer Relationship Management,technical,100
M314218,de03f4fd-c147-4477-a048-7109e5ba2d6f,Marketing Principles,technical,100
M314218,ed3afb1d-c091-45c7-b0aa-09fd1ec97332,Livestock Selection Principles,technical,100
M314218,f1e1057f-c441-4e76-9721-786821cf5ef6,Make Decisions Regarding Livestock Management,technical,100
M314218,f2f463e5-2382-49cb-8199-e7e043d868df,Health and Safety Regulations,technical,100
M314218,f49df8e2-f451-49aa-9aa9-b21b2afdbb87,Biosecurity,technical,100
M314218,fdc388ba-c8f4-4455-a55f-ffdf29b05f5f,Use Agricultural Information Systems and Databases,digital,100
M314221,00dd3271-077f-4a12-a958-e297fdd724ce,Operate Agricultural Machinery,technical,100
M314221,07862bb1-835a-4f14-9245-17717dc550a8,Technical Equipment for Crop Production,technical,100
M314221,188ad0ce-1703-4d41-801b-201d739aeede,Maintain Storage Facilities,technical,100
M314221,18a5e674-550e-4fdf-98e9-df4584e2869c,Assign Duties to Agriculture Workers,technical,100
M314221,263782c1-c65d-458a-ae67-8526ccf214f5,Manage Agricultural Staff,technical,100
M314221,2e4e8114-e579-453d-918e-b0262818ab76,Harvest Crop,technical,100
M314221,3419fac9-575d-4492-a018-edff6f4dae26,Environmental Legislation in Agriculture and Forestry,technical,100
M314221,4ca83b9d-afa0-49f8-b7af-e4e6a42ad299,Crop Production Principles,technical,100
M314221,5a8d4d8c-ff64-4f82-945e-ec6f56e05cbe,Supervise Hygiene Procedures in Agricultural Settings,technical,100
M314221,5eafee30-f3b6-4cd6-baf8-517bb2f3d625,Agronomical Production Principles,technical,100
M314221,64c626b1-0078-4958-bbde-86b5cf2b18fa,Prepare Equipment for Harvest,technical,100
M314221,6c1143b7-1a4c-49ba-849a-ae328673e566,Soil Structure,technical,100
M314221,6d53015b-6867-408f-8f3a-4eb9d5dae101,Maintain Plant Soil Nutrition,technical,100
M314221,70f89c90-0290-4fbb-a91a-d433a5f28b15,Monitor Fields,technical,100
M314221,726629ad-29f1-4e46-9723-13c023ed43b4,Execute Fertilisation,technical,100
M314221,73997f48-cd9d-4724-872d-86ecbb2ed9a2,Plant Species,technical,100
M314221,8034a1ea-5ee0-4a84-8fd3-16411c8d86fb,Agroforestry,technical,100
M314221,81f53835-1dfe-4819-8bc1-01d9b647add8,Types of Storage Facilities,technical,100
M314221,844e9480-7aef-49f6-9260-d88c27249241,Propagate Plants,technical,100
M314221,9d3490b2-a0e6-415b-81a4-a3a4a63268b0,Maintain Plant Health,technical,100
M314221,9d75efb9-0c77-4f86-b5e7-99100808564a,Pest Control in Plants,technical,100
M314221,a8429098-ddac-481b-91e7-688d021c092e,Ecology,technical,100
M314221,b4db1a85-2488-4dc9-bd53-3dcb3f9deac7,Fertilisation Principles,technical,100
M314221,b8931778-5f34-41a3-8200-b52357f70e74,Plant Harvest Methods,technical,100
M314221,b9f621b2-fecb-417c-98ca-802cbf0ba0b9,Store Crops,technical,100
M314221,c4b03a17-a93e-4a8e-9846-4c4d469d4001,Agroecology,technical,100
M314221,c5f255ef-02d3-4ab0-a652-2bf055d1d493,Grow Plants,technical,100
M314221,e1479957-1606-4dbd-90f7-4c46c615936c,Prepare Planting Area,technical,100
M314221,e693138a-842f-4d9f-9aa5-bf515605c359,Ensure Soil Fertility,technical,100
M314221,e85cff6b-ee0e-4106-98f0-b57b39a2ea3f,Execute Disease and Pest Control Activities,technical,100
M314221,ea00877d-ac0f-4de0-bb76-f7bfa61d3d25,Maintain Technical Equipment,technical,100
M314221,ecf9829d-e532-45cf-aaff-1dd1fb1c812b,Manage Crop Rotation,technical,100
M314221,f2f463e5-2382-49cb-8199-e7e043d868df,Health and Safety Regulations,technical,100
M314221,f36dff27-a70e-4c23-b2de-e2dffe84adbf,Plant Propagation,technical,100
M314221,f675d28f-9e1f-4938-ae49-c1d07f902fed,Store Products,technical,100
M314221,f8460277-3c9a-4be4-b203-600a2a295f47,Plant Disease Control,technical,100
M314305,0058526a-11e9-40a1-ab33-7c5ffdf5da05,Conduct Research on Flora,technical,100
M314305,062ec888-7fd2-4b1e-860e-4cdcc9503ab3,Manage Land Resources Permits,technical,100
M314305,089ee650-297e-4716-87d1-440743b70a0d,Ensure Compliance with Environmental Legislation,technical,100
M314305,23845010-4c1e-41d3-94a3-940bcab65bce,Monitor Nature Conservation,technical,100
M314305,29c60c96-d71c-4a6e-ad81-fca0a4e48925,Habitat Restoration,technical,100
M314305,339ac029-066a-4985-9f9d-b3d7c8fea0bb,Manage Staff,technical,100
M314305,43b13058-68d0-40c6-8031-caf5a7b7d20c,Keep Task Records,technical,100
M314305,469e19ed-a0bd-445a-ae2d-4ba9430e296b,Promote Sustainability,technical,100
M314305,51b4a8c4-6af7-41b7-a68d-f3c2fd63c9ec,De-Limb Trees,technical,100
M314305,5be72e00-e506-45ca-a251-b59500d7fca7,Protect Wilderness Areas,technical,100
M314305,6742977a-aa00-4c8c-9861-898b0373907e,Advise on Sustainable Management Policies,technical,100
M314305,6f5850ea-5785-4e2c-b062-743066fd5bdb,Environmental Legislation,technical,100
M314305,76f552ef-bb2d-4f66-83a8-ad205086967e,Educate People About Nature,technical,100
M314305,77f109c4-3107-4d2a-a512-5160ac103933,Analyse Environmental Data,technical,100
M314305,861009ea-4d15-4e80-a8dc-7db41ecaf49b,Fire Prevention Procedures,technical,100
M314305,87cadd76-4e3a-47e5-b66d-559fbc1e8993,Respond to Enquiries,technical,100
M314305,9433da85-70fa-4a25-8f96-71fa59dd1989,Biology,technical,100
M314305,a8429098-ddac-481b-91e7-688d021c092e,Ecology,technical,100
M314305,b34f8562-9fcc-4e58-bd1c-8088ebadd315,Advise on Nature Conservation,technical,100
M314305,bb4f3174-8d64-478b-8d9b-5f37cbf557b7,Manage Visitor Flows in Natural Protected Areas,technical,100
M314305,bc70f963-c1c0-49a5-b940-3e28e163db45,Plan Measures to Safeguard Cultural Heritage,technical,100
M314305,d168d98c-b7bb-4b9a-b1dc-eac008af4df3,Implement Biodiversity Action Plans,technical,100
M314305,e0475631-c151-4413-829c-cb5c76b83271,Measure Sustainability of Tourism Activities,technical,100
M314305,e381f278-7218-4f30-a7b6-34dc3eb7e4a8,Reforestation,technical,100
M314305,e541c69c-ea80-4b17-87cb-4001d0b9d303,Assess Environmental Impact,technical,100
M314305,e9d6ebab-13ad-45ce-a955-fc3f1e56add8,Plan Measures to Safeguard Natural Protected Areas,technical,100
M314305,eecbbdd5-5c07-41a4-9486-c0373de7fbab,Conduct Research on Fauna,technical,100
M314305,f3cc52e3-a96c-4549-b841-6e41a846fa99,Report on Environmental Issues,technical,100
M314306,0058526a-11e9-40a1-ab33-7c5ffdf5da05,Conduct Research on Flora,technical,100
M314306,062ec888-7fd2-4b1e-860e-4cdcc9503ab3,Manage Land Resources Permits,technical,100
M314306,089ee650-297e-4716-87d1-440743b70a0d,Ensure Compliance with Environmental Legislation,technical,100
M314306,23845010-4c1e-41d3-94a3-940bcab65bce,Monitor Nature Conservation,technical,100
M314306,29c60c96-d71c-4a6e-ad81-fca0a4e48925,Habitat Restoration,technical,100
M314306,339ac029-066a-4985-9f9d-b3d7c8fea0bb,Manage Staff,technical,100
M314306,43b13058-68d0-40c6-8031-caf5a7b7d20c,Keep Task Records,technical,100
M314306,469e19ed-a0bd-445a-ae2d-4ba9430e296b,Promote Sustainability,technical,100
M314306,51b4a8c4-6af7-41b7-a68d-f3c2fd63c9ec,De-Limb Trees,technical,100
M314306,5be72e00-e506-45ca-a251-b59500d7fca7,Protect Wilderness Areas,technical,100
M314306,6742977a-aa00-4c8c-9861-898b0373907e,Advise on Sustainable Management Policies,technical,100
M314306,6f5850ea-5785-4e2c-b062-743066fd5bdb,Environmental Legislation,technical,100
M314306,76f552ef-bb2d-4f66-83a8-ad205086967e,Educate People About Nature,technical,100
M314306,77f109c4-3107-4d2a-a512-5160ac103933,Analyse Environmental Data,technical,100
M314306,861009ea-4d15-4e80-a8dc-7db41ecaf49b,Fire Prevention Procedures,technical,100
M314306,87cadd76-4e3a-47e5-b66d-559fbc1e8993,Respond to Enquiries,technical,100
M314306,9433da85-70fa-4a25-8f96-71fa59dd1989,Biology,technical,100
M314306,a8429098-ddac-481b-91e7-688d021c092e,Ecology,technical,100
M314306,b34f8562-9fcc-4e58-bd1c-8088ebadd315,Advise on Nature Conservation,technical,100
M314306,bb4f3174-8d64-478b-8d9b-5f37cbf557b7,Manage Visitor Flows in Natural Protected Areas,technical,100
M314306,bc70f963-c1c0-49a5-b940-3e28e163db45,Plan Measures to Safeguard Cultural Heritage,technical,100
M314306,d168d98c-b7bb-4b9a-b1dc-eac008af4df3,Implement Biodiversity Action Plans,technical,100
M314306,e0475631-c151-4413-829c-cb5c76b83271,Measure Sustainability of Tourism Activities,technical,100
M314306,e381f278-7218-4f30-a7b6-34dc3eb7e4a8,Reforestation,technical,100
M314306,e541c69c-ea80-4b17-87cb-4001d0b9d303,Assess Environmental Impact,technical,100
M314306,e9d6ebab-13ad-45ce-a955-fc3f1e56add8,Plan Measures to Safeguard Natural Protected Areas,technical,100
M314306,eecbbdd5-5c07-41a4-9486-c0373de7fbab,Conduct Research on Fauna,technical,100
M314306,f3cc52e3-a96c-4549-b841-6e41a846fa99,Report on Environmental Issues,technical,100
M314401,07ec6866-d283-46a6-991c-e8ce0c6fc159,Interpret Scientific Data to Assess Water Quality,technical,100
M314401,14addffe-fa1a-4679-b3f0-440cdf43c657,Monitor Larval Growth,technical,100
M314401,1e48c5d9-b4e2-4069-8ab0-0a2e84e050f5,Maintain the Production of Juveniles at the Nursery Stage,technical,100
M314401,26068834-fa73-47b3-9f46-a8b551447854,Hatchery Design,technical,100
M314401,266a3d52-5b86-45d7-b980-52be1a647fc7,Carry out Feeding Operations,technical,100
M314401,2cb23f25-95ff-4349-ac8d-bc4a75c64120,Monitor Fish Health Status,technical,100
M314401,32c2af8a-6bc7-499c-b9c5-d043c6d6e00a,Induce Spawning and Fertilisation on Aquaculture Species,technical,100
M314401,34be82f1-8442-46e4-a911-40b91fa8bf24,Maintain Hatchery Equipment,technical,100
M314401,40a2c1a1-e446-4cea-a4a7-a79a57703060,Condition Broodstock,technical,100
M314401,49212efd-acf0-4257-a011-e07c9e369ecf,Animal Welfare Legislation,technical,100
M314401,4ba6ac71-22ca-4e65-8aaa-7a065fc3deda,Aquaculture Reproduction,technical,100
M314401,512702d5-e700-4ddf-b72d-9c41c23f8ec1,Preserve Fish Samples for Diagnosis,technical,100
M314401,5206a9b8-8337-4f0b-ae00-163a2f55d8cf,Carry out Waste Water Treatment,technical,100
M314401,6a37e62d-0c83-4200-899f-b958a402d337,Manage Capture Broodstock Operations,technical,100
M314401,7376894b-6c71-495c-bbe4-8b373f2ec5a6,Fish Biology,technical,100
M314401,7b75c076-6c0f-4cf8-a6be-a6404c02eef5,Screen Live Fish Deformities,technical,100
M314401,8cb74cda-060e-4a86-b763-92527caa029c,Operate Hatchery Recirculation System,technical,100
M314401,98efbf90-3786-4f20-832a-887a2cfdece9,Sanitation Measures for Aquaculture Hatchery Production,technical,100
M314401,c1436327-d95b-4cb1-9125-40182f87a5d2,Carry out Hatchery Production Processes,technical,100
M314401,c8b34758-5954-4388-b475-a4e57b3906ac,Green Water Incubation Technology,technical,100
M314401,d589970b-933d-4656-bcb6-a43b3cc67888,Monitor Water Quality,technical,100
M314401,d5f8208c-07b8-41f3-be93-822942202b31,Maintain Hatchery Facilities,technical,100
M314401,d7d1887c-1baa-41e2-a714-0dd2723ac2cd,Carry out Maintenance of Aquaculture Equipment,technical,100
M314401,dd5e070b-92c5-4483-a321-dfd97b814257,Maintain Hatchery Records,technical,100
M314401,e63438d4-0e09-4ca4-8622-56a94f45664c,Collect Broodstock,technical,100
M314401,e9d3081f-d1c9-4981-8dc3-617eab62de1c,Monitor Hatchery Production,technical,100
M314401,f0cfc5d3-5d39-433e-b652-0ac274703495,Operate Hatchery Trays,technical,100
M314401,f17a8366-5d5d-44b1-9cc8-94c605ef9b8e,Ensure Aquaculture Personnel Health and Safety,technical,100
M314401,f1e6a941-ea9b-45d8-8393-47b9e445e897,Plankton Production,technical,100
M314401,f7f4d43e-86fb-4395-b52f-552f3c6ba9b4,Culture Aquaculture Hatchery Stocks,technical,100
M314402,01755f08-4df4-4cf0-8d22-08f94cad68b5,Organise Labour,technical,100
M314402,0a43729f-2a79-4dae-9faa-95520daae79f,Apply Company Policies,technical,100
M314402,0c8f5f32-a286-4f88-b9e9-d7e7f3a3684b,Develop Aquaculture Hatchery Business Plan,technical,100
M314402,162c2e87-3d6f-4f7e-ab3c-97694c2f6f08,Schedule Hatchery Supplies,technical,100
M314402,1e48c5d9-b4e2-4069-8ab0-0a2e84e050f5,Maintain the Production of Juveniles at the Nursery Stage,technical,100
M314402,2234f499-aae9-4a7a-9d41-3aaa5cd98c07,Plan Aquatic Resources Feeding Regimes,technical,100
M314402,2c24c001-686d-456b-aab1-96668f1f9983,Inspect Aquaculture Equipment,technical,100
M314402,32bbd1de-4995-4e47-84ab-fb3a2b0cfdf1,Fish Identification and Classification,technical,100
M314402,32c2af8a-6bc7-499c-b9c5-d043c6d6e00a,Induce Spawning and Fertilisation on Aquaculture Species,technical,100
M314402,41168850-6e3f-4fc8-afd5-9337f0c66190,Assess Environmental Impact in Aquaculture Operations,technical,100
M314402,49212efd-acf0-4257-a011-e07c9e369ecf,Animal Welfare Legislation,technical,100
M314402,4ba6ac71-22ca-4e65-8aaa-7a065fc3deda,Aquaculture Reproduction,technical,100
M314402,619f7f8b-5141-4e4d-a1fa-1d5308e656da,Enforce Sanitation Procedures,technical,100
M314402,67e27398-fa6c-4aa1-8de8-b03792bcf1e3,Genetic Selection Programme,technical,100
M314402,6a37e62d-0c83-4200-899f-b958a402d337,Manage Capture Broodstock Operations,technical,100
M314402,7376894b-6c71-495c-bbe4-8b373f2ec5a6,Fish Biology,technical,100
M314402,834b8673-1498-4423-b748-7bb6dc312169,Manage Aquatic Resources Stock Production,technical,100
M314402,875217fb-fe22-4c2c-adf4-b57f2052626a,Make Time-Critical Decisions,technical,100
M314402,918f5211-b99f-4b29-9a34-6e475583ef55,Write Work-Related Reports,technical,100
M314402,98efbf90-3786-4f20-832a-887a2cfdece9,Sanitation Measures for Aquaculture Hatchery Production,technical,100
M314402,9a0c96a2-8ffb-4384-b9e8-8928e7f86e23,Control Aquatic Production Environment,technical,100
M314402,ab1f5998-7ee8-4123-a420-7e96fb8de143,Develop Management Plans to Reduce Risks in Aquaculture,technical,100
M314402,ab944aef-09dc-4047-a4ac-0048d8405fb3,Licences Regulation,technical,100
M314402,acf62e14-76eb-4ada-bb09-7570006f4d59,Deliver Aquatic Products to Customer Specifications,technical,100
M314402,ae6d2f17-313d-4747-af86-213625db5084,Assess Feeding Behaviour of Larvae,technical,100
M314402,cacc8765-aee4-492e-a938-d556c912412b,Fish Anatomy,technical,100
M314402,d62755fd-2b38-45b8-aed6-22b4cb36f8c8,Supervise Aquaculture Facilities,technical,100
M314402,e71e0f4d-4ae7-42c9-bf71-ca5126727477,Treat Fish Diseases,technical,100
M314402,f17a8366-5d5d-44b1-9cc8-94c605ef9b8e,Ensure Aquaculture Personnel Health and Safety,technical,100
M314402,f1e6a941-ea9b-45d8-8393-47b9e445e897,Plankton Production,technical,100
M314402,f49df8e2-f451-49aa-9aa9-b21b2afdbb87,Biosecurity,technical,100
M314402,fd199f25-cb19-4195-9cc4-dd34746ce3f3,Provide on-Site Training in Aquaculture Facilities,technical,100
M314407,13f56e40-eb4c-41d4-82e4-850f6f356581,Fisheries Management,technical,100
M314407,20cafa47-c3e5-4ab6-83dc-f948183a38fc,Fishing Industry,technical,100
M314407,222137dc-9021-4be8-bb7a-29833e02616a,Prepare Surveying Report,technical,100
M314407,29c60c96-d71c-4a6e-ad81-fca0a4e48925,Habitat Restoration,technical,100
M314407,2cb23f25-95ff-4349-ac8d-bc4a75c64120,Monitor Fish Health Status,technical,100
M314407,32bbd1de-4995-4e47-84ab-fb3a2b0cfdf1,Fish Identification and Classification,technical,100
M314407,3a08450a-7e60-449d-84cb-a39b3d8aaece,Provide Advice to Hatcheries,technical,100
M314407,3e25fd3e-2bcd-4320-9587-0aadf7fb93b1,Advise on Soil and Water Protection,technical,100
M314407,4170595f-4424-42ff-83c5-7ff80aa3d7d6,Inspect Fish Eggs,technical,100
M314407,4ee4ed1d-dc38-48e0-a9e6-a6b64f316ea6,Water Policies,technical,100
M314407,530cda05-cdb9-4ec2-b35e-644ed67981d0,Study Fish Migration,technical,100
M314407,6b30644d-bdc5-4bca-b1af-edbf5c6b15ee,Process Collected Survey Data,digital,100
M314407,6e508ff8-b580-4a94-b148-b62bc92dee48,Estimate Fishery Status,technical,100
M314407,6f5850ea-5785-4e2c-b062-743066fd5bdb,Environmental Legislation,technical,100
M314407,7376894b-6c71-495c-bbe4-8b373f2ec5a6,Fish Biology,technical,100
M314407,7ff1cbaf-f06c-4726-a74d-e2bc8c446f0f,Assess Site Production Potential,technical,100
M314407,a4bbd0d9-a6be-4472-b05d-291e60cf6b4b,Develop Business Case,technical,100
M314407,b422efe7-b151-4120-86ae-db11a48dd0fa,Advise on Environmental Remediation,technical,100
M314407,bc05eaf7-8d1f-46e3-8834-9d45c4e92831,Fisheries Legislation,technical,100
M314407,bf257425-65f0-406d-a971-6500ae91a575,Support Fishery Training Procedures,technical,100
M314407,c6445183-6a52-49e0-a51c-6b3481ba5c54,Conduct Research Before Survey,technical,100
M314407,e9d3081f-d1c9-4981-8dc3-617eab62de1c,Monitor Hatchery Production,technical,100
M314407,ecadff1d-9ba6-4802-bd27-6f534ab5c478,Apply Fishery Biology to Fishery Management,technical,100
M315108,1bc7c69b-4292-4592-b854-f48165a06082,Repair Engines,technical,100
M315108,209a5498-3449-4689-8ed9-bd08cab4fd78,Engineering Principles,technical,100
M315108,2bbdea06-a265-42b5-bb4f-7241b661f069,Electromechanics,technical,100
M315108,3e40c7d0-0e36-4b33-bc33-0aa87eda0561,Electrical Engineering,technical,100
M315108,415cb0c2-e169-4f99-ba3e-d1c433b75368,Assemble Electrical Components,technical,100
M315108,44e2c4c4-9fd2-42d4-a133-d81360ded4bc,Manage Health and Safety Standards,technical,100
M315108,52797dce-911c-4e6d-b0cb-491f6469014f,Install Electrical and Electronic Equipment,technical,100
M315108,532bcdca-a889-4dea-8f7f-4e03d8cfd0d2,Aircraft Mechanics,technical,100
M315108,59ea80e1-463a-4dba-82c6-d0b6d577d532,Technical Drawings,digital,100
M315108,5bf7f85a-b080-4b27-8ddc-9f62af4643f5,Use Power Tools,technical,100
M315108,6122d586-5978-431f-8e7a-96e61fc1f3fc,Wear Appropriate Protective Gear,technical,100
M315108,62b7060c-3055-4ab8-bcf2-8080fd7c01f3,Ensure Compliance with Airport Security Measures,technical,100
M315108,68b6ef08-d823-489d-a95c-752ae6f6e6a7,Read Standard Blueprints,technical,100
M315108,72a74f69-5cf1-43c5-99b9-62a444578919,Engineering Processes,technical,100
M315108,95c35c3a-035f-47c2-90cf-7e934d20fc08,Electronics,digital,100
M315108,9c071f1d-eac3-449d-b004-c14775b5a3b9,Mechanical Engineering,technical,100
M315108,b07daddc-8625-4360-946e-ad2b0e56ebf6,Read Engineering Drawings,technical,100
M315108,c32ad607-0c4d-4e34-b73f-668298f7bf13,Apply Technical Communication Skills,technical,100
M315108,c648deac-4969-41b7-8a67-9987f5d414a6,Airport Safety Regulations,technical,100
M315108,c8ac1986-38fa-43b2-89dc-50a4beeb420e,Electricity,technical,100
M315108,cffc3e97-e942-4b13-a2f3-0bf4910c06d3,Use Technical Documentation,technical,100
M315108,d15e92c4-c8dc-48cd-a1f6-94fe13347f87,Electrical Wiring Plans,technical,100
M315108,d5b63f98-28ce-4cbb-b075-6ac539a685b0,Common Aviation Safety Regulations,technical,100
M315108,db3c8181-31b4-4950-bf0b-de01f93c372b,Disassemble Engines,technical,100
M315108,ed938748-60ae-4964-a657-ff2685ecc0d0,Evaluate Engine Performance,technical,100
M315108,efa141df-f382-418f-9121-bd88fd735669,Mechanics,technical,100
M315108,f30a7ea4-77dd-452c-8a2d-b06c12606a7f,Operate Soldering Equipment,technical,100
M315108,f5fa2654-52cc-45d2-ac92-ac979dee5d12,Engine Components,technical,100
M315108,faf1930e-1818-4710-a85e-c690a153eeca,Follow Manufacturer Guidelines in Use of Airport Equipment,technical,100
M315114,209a5498-3449-4689-8ed9-bd08cab4fd78,Engineering Principles,technical,100
M315114,2964011e-f828-4c6c-b98b-51e984d66365,Material Mechanics,technical,100
M315114,31c69100-b612-4a61-8db5-fd314318854c,Execute Analytical Mathematical Calculations,technical,100
M315114,334e3e49-fb02-4051-809a-f06adfdc1c40,Troubleshoot,technical,100
M315114,42b23922-1c40-4dbe-9e0c-7a568dfdf06b,Adjust Engineering Designs,technical,100
M315114,4339176e-3acd-4f7f-a5d9-445bee3d23f2,Mathematics,technical,100
M315114,532bcdca-a889-4dea-8f7f-4e03d8cfd0d2,Aircraft Mechanics,technical,100
M315114,692ace70-7f97-4214-92bd-88f7637d8a44,Physics,technical,100
M315114,72a74f69-5cf1-43c5-99b9-62a444578919,Engineering Processes,technical,100
M315114,82313e12-9d39-47d1-b7c9-78bbd6bb50e2,CAE Software,digital,100
M315114,9ce670ec-318c-4a91-9179-03437db728dc,ICT Software Specifications,digital,100
M315114,a59708e3-e654-4e37-8b8a-741c3b756eee,Multimedia Systems,digital,100
M315114,b07daddc-8625-4360-946e-ad2b0e56ebf6,Read Engineering Drawings,technical,100
M315114,bdafc87b-c8a3-4e2a-914d-d3a96b2d98cc,Follow Industry Codes of Practice for Aviation Safety,technical,100
M315114,be566f3e-6c21-4799-a7d0-fa4abbcb71cd,Ensure Aircraft Compliance with Regulation,technical,100
M315114,c5c51528-ccfc-4c53-b409-c200aaa44222,Liaise with Engineers,technical,100
M315114,d5b63f98-28ce-4cbb-b075-6ac539a685b0,Common Aviation Safety Regulations,technical,100
M315114,efa141df-f382-418f-9121-bd88fd735669,Mechanics,technical,100
M315115,095fdace-1cc3-4e80-b37b-268fe297904a,Prepare Audit Activities,technical,100
M315115,0b198656-2440-4ab6-91c1-05f2ba6e12fe,Conduct Quality Assurance Inspections on Fuel Operations,technical,100
M315115,0f997f18-7304-4f0c-b0f0-6468f953d52d,Procedures Associated with Different Air Navigation Areas,technical,100
M315115,1dd23dba-dd00-45ab-abf4-642902538317,Perform Risk Analysis,technical,100
M315115,2167bb42-8f4c-452b-a091-50cf64e46b99,Inspect Aircraft Documentation,technical,100
M315115,3d3ee5c3-4286-457f-9f76-1704011f7e11,Comply with Legal Regulations,technical,100
M315115,3e9b580d-811b-48df-a5d1-a7bdd26f901f,Prepare Financial Auditing Reports,technical,100
M315115,77a331d1-5110-4ff5-8383-037a0e03d421,Aviation Standards and Recommended Practices,technical,100
M315115,7f6cef79-026b-41cc-ad8e-a0aaf9ce72d9,Conduct Aviation Auditing,technical,100
M315115,8143d024-c593-49d2-834a-e9e9df1110b8,Airworthiness Directives,technical,100
M315115,9d5521f9-44d7-4db4-b7ac-0ba7d389f44d,Liaise with Colleagues,technical,100
M315115,a2bd1707-d1b8-47f6-a720-bc2002000982,Perform Inspections Required by International Conventions,technical,100
M315115,a56dec32-05ef-45de-a256-ee6741f356db,Information Confidentiality,digital,100
M315115,a7fbcdfa-23af-49ba-a7b1-3d5d69078f3e,Apply Airport Standards and Regulations,technical,100
M315115,b013ae1f-5efc-42b5-8dab-8a8add39bbd8,Enforce Fuel Storage Regulations,technical,100
M315115,c32ad607-0c4d-4e34-b73f-668298f7bf13,Apply Technical Communication Skills,technical,100
M315115,cffc3e97-e942-4b13-a2f3-0bf4910c06d3,Use Technical Documentation,technical,100
M315115,d15ce60f-ddab-41ce-ba56-398451b77b60,Have Computer Literacy,digital,100
M315115,d2590cd1-8c5a-4f81-b77e-6ea212076ede,Evaluate Implementation of Safety Procedures,technical,100
M315115,d5b63f98-28ce-4cbb-b075-6ac539a685b0,Common Aviation Safety Regulations,technical,100
M315115,de8a922b-f688-498a-8198-6e530d65f882,Monitor Airworthiness Certifications,technical,100
M315115,e6b84607-fa1f-4ec9-a486-1e7fe98b00e3,Issue Waivers,technical,100
M315115,e8459f6a-20b6-47d4-8c94-63ed354fc2d0,Conduct Regular Aviation Research,technical,100
M315115,f14ff4b7-be1e-4b55-b39b-520005f8a97e,Liaise with Managers,technical,100
M315201,047fcf0a-2936-49fb-b4eb-97cdd8d09d0b,Maintain Statutory Books,technical,100
M315201,0839eea4-c57b-4c14-b19b-923fbedb5d88,Perform Business Research,technical,100
M315201,1973c966-f236-40c9-b2d4-5d71a89019be,Use Spreadsheets Software,digital,100
M315201,1f6eac42-e5aa-4fa7-a75d-a4eea12c618e,Disseminate Internal Communications,technical,100
M315201,3d427a49-4f85-42cd-8a92-62d4a34f41a1,File Documents,digital,100
M315201,3e04e39d-9eb6-4167-ad2d-e3413f647e4e,Organise Business Documents,technical,100
M315201,43b13058-68d0-40c6-8031-caf5a7b7d20c,Keep Task Records,technical,100
M315201,5436f06d-4cc0-42a6-8e5b-63b842cce03b,Disseminate General Corporate Information,technical,100
M315201,71dde84c-0058-4c52-a556-523369333db8,Use Office Systems,technical,100
M315201,76f22707-8d30-453f-9eb7-3376e2960311,Handle Mail,technical,100
M315201,7c3865d1-e5a9-4043-a7a4-2e9e30468c0b,Perform Office Routine Activities,technical,100
M315201,81dc035c-921b-4fea-a453-94538e86097c,Disseminate Messages to People,technical,100
M315201,8d49f760-3765-4612-8d40-a2bdd50738fe,Fill out Forms,technical,100
M315201,b769f524-0f25-44d7-8538-5c46710a040e,Manage Digital Documents,digital,100
M315201,c241f5a5-e23f-47bf-ad24-d83ea0010166,Ensure Proper Document Management,technical,100
M315201,c58050e1-0774-4097-93d2-07dd7ba6a27a,Organise Facilities for Office Personnel,technical,100
M315201,c73ea1b8-e121-4f91-b8f0-dee4ee28d6ec,Plan Schedule,technical,100
M315201,ec0bbf39-0edd-4015-a2c3-82ad563ce3a8,Draft Corporate Emails,digital,100
M315201,f683ae1d-cb7c-4aa1-b9fe-205e1bd23535,Use Microsoft Office,digital,100
M315201,f75b740c-b36c-495e-bc67-efe347bbc6b5,Company Policies,technical,100
M315202,07c73859-2c3f-4810-8735-53656f6944f9,Ensure Compliance with Port Regulations,technical,100
M315202,0b4f9939-4c27-4743-9158-ea1ceccb46b4,Physical Parts of the Vessel,technical,100
M315202,0d07fb7e-2815-454c-83e2-9c736c23435c,Coordinate Dock Operations,technical,100
M315202,0db1a833-e4b7-4cae-9c6f-ddcdd4326e85,Geographic Areas,technical,100
M315202,1c7c161d-1c78-4098-b28d-147857d44699,Ensure Ongoing Compliance with Regulations,technical,100
M315202,1dea2f3a-857c-4fc3-b1f8-d5f2015c46a9,Give Instructions to Staff,technical,100
M315202,272b74a0-f01a-49c9-ba36-7bf3ecfd198f,Supervise Movement of Crew,technical,100
M315202,2f6e5619-2478-475f-a414-ec05c2b72795,Operate Port Communications Systems,digital,100
M315202,3013c7d0-b22b-43b0-9318-c0e8eca25c78,Supervise Movement of Passengers,technical,100
M315202,339ac029-066a-4985-9f9d-b3d7c8fea0bb,Manage Staff,technical,100
M315202,349f6b99-9b8c-4463-9665-9842d95af241,Supervise Unloading of Cargo,technical,100
M315202,35421ebd-dc4c-4827-adbb-faf4a98c1968,Apply Procedures to Ensure Cargo Complies with Customs Regulations,technical,100
M315202,3d2a1f45-5367-47d2-a15a-a8fc72a45bbc,Supervise Loading of Cargo,technical,100
M315202,499c05a2-6f36-4407-83c1-dc3448d35818,Ensure Public Safety and Security,technical,100
M315202,5be12b90-774f-4105-a44f-f3937c1c53f1,Commodities in Maritime Transportation,technical,100
M315202,629c9139-8a87-447b-8f61-bfe678cf3e7c,Types of Maritime Vessels,technical,100
M315202,65df3083-d28c-4a24-8351-b8fdfc4dc529,Manage Vessel Cargo Activities,technical,100
M315202,69ab1f34-a861-49ab-96bb-1f235002d3f1,Operate Marine Communication Systems,technical,100
M315202,7a21689e-3f98-4284-8501-6e9b053262c9,Load Cargo onto Ships,technical,100
M315202,8c2d6746-1966-442b-9a7d-8ee1accdadfc,Customs Regulations for Passengers,technical,100
M315202,94f5e909-48c5-4782-9005-84d793dd01ba,Manage Port Operations,technical,100
M315202,989dc903-5838-4d84-8e04-e5b7a2ba97c5,Apply Safety Management,technical,100
M315202,a7b9e3cd-cd39-4ea1-b617-3f5b651fd535,Conduct Full-Scale Emergency Plan Exercises,technical,100
M315202,a9acb2ba-a88b-4d53-98ca-0e04ec83b5e6,Anticipate Logistics Requirements for Port Operations,technical,100
M315202,ab1af25a-1513-47ea-80e7-2726610c10c7,Manage Port Operations Improvement Procedures,technical,100
M315202,c4c51507-f669-4740-abf0-9bee87732185,Port Regulation,technical,100
M315202,d6d99ded-08d9-4e2b-b6bf-bc9fc4d266b6,Liaise with Port Users,technical,100
M315202,f5994792-4487-4e69-9944-f1aa1879cf23,Coordinate the Itineraries of Vessels,technical,100
M315202,f98159cb-935a-4a20-97d0-68e2e3e60765,Anticipate Installation Maintenance,technical,100
M315202,fa656035-d990-4b73-bc89-16bb90b4b697,Vessel Traffic Services,technical,100
M315202,ffaf5635-45b2-4192-8bd8-6987cfde04de,Match Vessels to Shipping Routes,technical,100
M315206,209a5498-3449-4689-8ed9-bd08cab4fd78,Engineering Principles,technical,100
M315206,2964011e-f828-4c6c-b98b-51e984d66365,Material Mechanics,technical,100
M315206,2ee670aa-c687-4ff7-92eb-0abc9b57e5f2,Mechanics of Vessels,technical,100
M315206,31c69100-b612-4a61-8db5-fd314318854c,Execute Analytical Mathematical Calculations,technical,100
M315206,334e3e49-fb02-4051-809a-f06adfdc1c40,Troubleshoot,technical,100
M315206,42b23922-1c40-4dbe-9e0c-7a568dfdf06b,Adjust Engineering Designs,technical,100
M315206,4339176e-3acd-4f7f-a5d9-445bee3d23f2,Mathematics,technical,100
M315206,692ace70-7f97-4214-92bd-88f7637d8a44,Physics,technical,100
M315206,72a74f69-5cf1-43c5-99b9-62a444578919,Engineering Processes,technical,100
M315206,82313e12-9d39-47d1-b7c9-78bbd6bb50e2,CAE Software,digital,100
M315206,9a26b8b7-ec0f-46f8-a698-1f07cef1c5e3,Ensure Vessel Compliance with Regulations,technical,100
M315206,9ce670ec-318c-4a91-9179-03437db728dc,ICT Software Specifications,digital,100
M315206,a59708e3-e654-4e37-8b8a-741c3b756eee,Multimedia Systems,digital,100
M315206,b07daddc-8625-4360-946e-ad2b0e56ebf6,Read Engineering Drawings,technical,100
M315206,c5c51528-ccfc-4c53-b409-c200aaa44222,Liaise with Engineers,technical,100
M315206,efa141df-f382-418f-9121-bd88fd735669,Mechanics,technical,100
M315208,0b4f100c-813d-4eec-8aa5-4227bb98c635,Ship Related Legislative Requirements,technical,100
M315208,1177c6f5-09c5-4c35-873c-afd22d170ad3,Quality Assurance Procedures,technical,100
M315208,16f22744-64f4-4798-8666-aea6d7d201fc,International Waterways,technical,100
M315208,2ee670aa-c687-4ff7-92eb-0abc9b57e5f2,Mechanics of Vessels,technical,100
M315208,38eed4e2-7fdd-47e6-a79f-5f29bee6c52a,Comply with Operational Standards for Vessels,technical,100
M315208,3eefc2c7-d5a6-4340-9277-d908e4e0e1bd,Ensure Vessel Security,technical,100
M315208,4339176e-3acd-4f7f-a5d9-445bee3d23f2,Mathematics,technical,100
M315208,629c9139-8a87-447b-8f61-bfe678cf3e7c,Types of Maritime Vessels,technical,100
M315208,68b6ef08-d823-489d-a95c-752ae6f6e6a7,Read Standard Blueprints,technical,100
M315208,7b901041-3863-4f35-ad9b-5f89de38b1e5,Advise on Maritime Regulations,technical,100
M315208,89364a58-c32b-4fab-b3ca-622648bbe443,Inspect Vessel,technical,100
M315208,8ae07465-e7f2-4094-bd27-f4b8257f1e38,Stay up-to-Date with Maritime Transportation Technology,technical,100
M315208,9156104b-9bcb-4c22-aaa8-02e3e990ebc7,Maritime Telecommunications,digital,100
M315208,9a26b8b7-ec0f-46f8-a698-1f07cef1c5e3,Ensure Vessel Compliance with Regulations,technical,100
M315208,9c071f1d-eac3-449d-b004-c14775b5a3b9,Mechanical Engineering,technical,100
M315208,a2bd1707-d1b8-47f6-a720-bc2002000982,Perform Inspections Required by International Conventions,technical,100
M315208,a6c478c7-9807-4a67-bab4-aa9e02547175,Analyse Ship Operations,technical,100
M315208,b0279338-ddfa-473d-b961-fa51b1185612,Recognise Signs of Corrosion,technical,100
M315208,b07daddc-8625-4360-946e-ad2b0e56ebf6,Read Engineering Drawings,technical,100
M315208,bbb653b1-677a-4dc2-9504-374cba290bf1,Assess Vessel Capability,technical,100
M315208,be0d40bc-23cb-4551-89ac-727faa8a4e52,Assess Structural Integrity of Ship for Maritime Usage,technical,100
M315208,cdd2b6cc-b4a9-42a0-824b-766f52176fd3,Write Inspection Reports,technical,100
M315208,d84ff2a1-aa27-44a8-8af0-317db8d3001b,National Waterways,technical,100
M315208,de41f238-93b5-4122-be08-b7e3b42566c0,Integrate Committee on Safe Seas Guidelines into Inspections,technical,100
M315208,e6c6da92-cc13-4c83-bce8-2e0bd2a27f15,Determine Cause of Damage,technical,100
M315208,e93acbe5-535a-4927-9e7c-3b2e06ddfee8,Global Maritime Distress and Safety System,technical,100
M315208,f9d70f2a-c3f0-475d-ac55-dc2e2ba856e8,Lead Inspections,technical,100
M315406,02e235f4-a30a-412a-a06e-1c471ad28678,Follow Procedures to Control Substances Hazardous to Health,technical,100
M315406,183eb46f-24f6-4e15-8017-93f10039c0a6,Maintain Vehicle Records,technical,100
M315406,187f82c7-b165-4e6b-b327-704e38e85cdd,Automotive Diagnostic Equipment,technical,100
M315406,1b1c2d44-c487-4121-a2ed-dcda651f4d59,Car Controls,technical,100
M315406,215762df-b2b4-40fa-a5e6-3004001cb315,Position Vehicles for Maintenance and Repair,technical,100
M315406,2bdc2f65-b42f-4963-abff-d7214ca4caae,Emission Standards,technical,100
M315406,3a5275f4-67e5-4371-a31e-68291aa86691,Vehicle Electrical Systems,technical,100
M315406,3c4cfade-58c1-4f6d-9a0e-dabf78b0e9e0,Repair Vehicle Electrical Systems,technical,100
M315406,4394a7e8-ffec-4062-b679-a2570260a84f,Types of Vehicles,technical,100
M315406,48c82c54-fc6d-48f3-91f5-c9adc2a70f4b,Mechanical Requirements for Vehicles in Urban Areas,technical,100
M315406,52743af8-ab5d-4ce3-b877-13d349394456,Diagnose Problems with Vehicles,technical,100
M315406,54804209-6aac-4ca4-bf3c-aef4fbe18f8c,Principles of Mechanical Engineering,technical,100
M315406,5598739b-6718-4cff-8402-91d7f65b1505,Maintain Work Area Cleanliness,technical,100
M315406,575f79e8-8500-4ddf-91ec-5e6de73d35a3,Mechanical Components of Vehicles,technical,100
M315406,5b264a14-d4db-4352-9278-fbb63c5ebed4,Use Automotive Diagnostic Equipment,technical,100
M315406,5b394ba8-5d40-40d9-b771-5df6ea9ac436,Perform Technical Tasks with Great Care,technical,100
M315406,5ca9f3d6-d7dd-4bb1-a4ca-75c6b14b7b6f,Adapt to New Technology Used in Cars,digital,100
M315406,6122d586-5978-431f-8e7a-96e61fc1f3fc,Wear Appropriate Protective Gear,technical,100
M315406,65155435-1c5b-41ee-8812-e0b9b03ae480,Carry out Repair of Vehicles,technical,100
M315406,68698869-c13c-4563-adc7-118b7644f45d,Identify Customer's Needs,technical,100
M315406,74ad37e3-325b-4ccd-ab2a-04f7696750e8,Health and Safety Measures in Transportation,technical,100
M315406,90d04cf8-dcc1-45cf-93e1-a2eba80aed6f,Hybrid Vehicle Architecture,technical,100
M315406,923dc3f7-5e76-4159-a736-402be592fbfe,Perform Road Testing of Vehicles,technical,100
M315406,a38e54a1-0922-4e8f-92a6-4f028d7d569f,Maintain Updated Professional Knowledge,technical,100
M315406,a5b0cd5c-e13a-4ab3-8d93-4d242adcfb01,Teamwork Principles,technical,100
M315406,ae4ea3e1-3c1a-45b0-96a7-106988c053c0,Provide Customer Information Related to Repairs,technical,100
M315406,b1084057-66a7-4ab6-8162-41c4e74d00cb,Carry out Repairs and Maintenance of Vehicle Bodies,technical,100
M315406,b112ead8-6245-49bb-879f-07b1388a1c9b,Components of Air Conditioning Systems,technical,100
M315406,b1338cfb-930c-4bcb-b77a-1034d76ddb0e,Use Traditional Toolbox Tools,technical,100
M315406,cbaa2139-7789-4e7f-a58b-4946d455d390,Perform Vehicle Tests,technical,100
M315406,dcc96a49-0bac-4a9c-8f8e-a32b4e47e6eb,Apply Health and Safety Standards,technical,100
M315406,e3211ab2-18b5-49b4-90de-d395f3be2378,Execute Working Instructions,technical,100
M315406,e97733e8-5bf1-4c21-93c4-8bebbdabc394,Perform Manual Work Autonomously,technical,100
M315406,efa141df-f382-418f-9121-bd88fd735669,Mechanics,technical,100
M315904,09c28e46-712a-4c11-a4ae-67ae554ea940,Advise on Chemical Use Reduction,technical,100
M315904,0b917c3e-e49f-40d9-8f95-3bc8e9c06fd2,Perform Laboratory Tests,technical,100
M315904,0f5374e3-0b9b-4b16-af7a-49654ce0bb15,Human-Robot Collaboration,digital,100
M315904,17fa2e6a-ca80-4d60-afb0-03f170e9d5f3,Collect Samples,technical,100
M315904,29bfe2cd-f011-4f94-a3aa-f77768e60460,Analyse Energy Consumption,technical,100
M315904,3181325d-0590-4c6e-8db1-8278427c18ff,Analyse Information Processes,technical,100
M315904,3a2d5b45-56e4-4f5a-a55a-4a4a65afdc43,Machine Learning,digital,100
M315904,3e25fd3e-2bcd-4320-9587-0aadf7fb93b1,Advise on Soil and Water Protection,technical,100
M315904,3e40c7d0-0e36-4b33-bc33-0aa87eda0561,Electrical Engineering,technical,100
M315904,47a49cd6-097d-457a-9f7b-c290c14930d5,Analyse Big Data,digital,100
M315904,4bbb309f-9162-49b9-93da-fb2c371e5c5f,Collect Samples for Analysis,technical,100
M315904,5da42cfd-1da8-4e4f-b68e-4f821d005fc5,Virtual Reality,digital,100
M315904,5dd01a1e-7ba0-4b7f-a76c-ed811c12bfde,Apply Numeracy Skills,technical,100
M315904,6f5850ea-5785-4e2c-b062-743066fd5bdb,Environmental Legislation,technical,100
M315904,75f650d0-9096-4b8f-bbd6-ad05ee3f6121,Document Analysis Results,technical,100
M315904,77f109c4-3107-4d2a-a512-5160ac103933,Analyse Environmental Data,technical,100
M315904,7d913551-e17a-40ba-baf7-48d0c3b12e50,Predictive Maintenance,digital,100
M315904,82423b5c-486f-42e7-b00e-7358757a8de5,Test Samples for Pollutants,technical,100
M315904,8259c2c0-2749-41e2-a4a8-4a64a76eab37,Laboratory Techniques,technical,100
M315904,83fc0b2b-6cd2-46af-b1ff-d3fc83604c26,Energy Efficiency,technical,100
M315904,8f585def-6ade-41b3-b897-3d71fba4151d,Alternative Energy,technical,100
M315904,95c35c3a-035f-47c2-90cf-7e934d20fc08,Electronics,digital,100
M315904,a181e89d-44ae-40e7-8d37-177071237c74,Metrology,technical,100
M315904,a366bfc5-8d17-4792-a9f0-db0951528dda,Advise on Environmental Risk Management Systems,technical,100
M315904,aafbfaa4-5f93-457e-8cb8-d4ed855277f8,Analyse Experimental Laboratory Data,technical,100
M315904,b422efe7-b151-4120-86ae-db11a48dd0fa,Advise on Environmental Remediation,technical,100
M315904,c7cc6dc5-d56b-4323-8e5c-47c4022f615f,Quality Assurance Methodologies,technical,100
M315904,c8b4b02c-d9ce-4e24-ab43-5dd52c6dff48,Advise on Carbon Emissions Reduction,technical,100
M315904,cbb330ab-55ac-4eec-b54c-b85c6219f508,Remote Sensing Techniques,technical,100
M315904,cde9911c-f92e-4de1-811f-336e177ac4ce,Chemistry,technical,100
M315904,d2c81ad1-2439-43cf-9c63-204187b8f771,Mitigate Waste of Resources,technical,100
M315904,e465a154-93f7-4973-9ce1-31659fe16dd2,Principles of Artificial Intelligence,digital,100
M315904,e541c69c-ea80-4b17-87cb-4001d0b9d303,Assess Environmental Impact,technical,100
M315904,f049d050-12da-4e40-813a-2b5eb6df6b51,Internet of Things,digital,100
M315904,f12f094b-492f-4e88-b36b-50b8e58b7500,Conduct Environmental Site Assessments,technical,100
M315904,f2d57f41-43b4-4f5b-8100-3df5c21eda50,Process Data,digital,100
M315904,f3cc52e3-a96c-4549-b841-6e41a846fa99,Report on Environmental Issues,technical,100
M321209,000bb1e4-89f0-4b86-be05-05ece3641724,Perform Toxicological Studies,technical,100
M321209,01e66e1c-97d9-4829-bee1-f3ab649161e8,Biomedical Science,technical,100
M321209,0449bf39-a288-4ecc-823a-3d194be5e932,Techniques of Blood-Sampling,technical,100
M321209,0450eaee-1a00-4622-8f4e-5356fce816d2,Hygiene in a Health Care Setting,technical,100
M321209,049c8caf-dd12-45fc-9bfa-b64051f32a19,Respond to Changing Situations in Health Care,technical,100
M321209,097098fc-6d89-44e9-9305-98ac5c0a78ac,Educate on the Prevention of Illness,technical,100
M321209,0b5aaee4-c948-4853-bf8d-b9cd6c4917ee,Inform Policy Makers on Health-Related Challenges,technical,100
M321209,0bc42cda-a6f0-4cac-9b34-7911faba0bd4,Microbiology-Bacteriology,technical,100
M321209,11335fcc-23af-4afe-bfaf-c0c25abcb5b0,Biological Haematology,technical,100
M321209,13724e7d-b946-4773-915e-9621340237bc,Contribute to Continuity of Health Care,technical,100
M321209,13af7f6b-6d72-4e7d-86f6-3e6d1bd6ef7a,Clinical Immunology,technical,100
M321209,16636767-c215-4cf0-b126-e144fea20926,Use E-Health and Mobile Health Technologies,digital,100
M321209,1709f408-9965-489b-9805-8e1e5d9e483b,Health Care Legislation,technical,100
M321209,1d1b0108-3d56-45e2-bf0a-dca06a8ee5e3,Bioethics,technical,100
M321209,1d4b74b0-1a48-48ec-a3cd-26cca0c212a3,Biological Chemistry,technical,100
M321209,1d58c862-1100-438a-bea7-34e0c2a36055,Analytical Methods in Biomedical Sciences,technical,100
M321209,2472a8c9-06f3-42f0-9c02-93e9ec00c507,Monitor the Effects of Medication,technical,100
M321209,26a79a26-7e70-4727-bf1b-eb79febe388a,Label Medical Laboratory Samples,technical,100
M321209,2806260f-6399-4add-8f11-070141423f9d,Medical Terminology,technical,100
M321209,2cb9cefd-5333-4893-ba47-9b38d13f7ec6,Provide Test Results to Medical Staff,technical,100
M321209,33c01497-8264-4773-81dd-6096ad512f02,Health Care Occupation-Specific Ethics,technical,100
M321209,355c4510-8b6c-4d39-9e4d-5b91ddda2fb4,Analyse Cell Cultures,technical,100
M321209,3be9e2fe-d793-4f35-91ed-61fbc55ae7db,Perform PCR Covid Test,technical,100
M321209,3f24c61e-8dbd-4a42-baa5-38d8399a2e37,Clinical Biochemistry,technical,100
M321209,406cff78-4aa9-427e-9d56-ad998041cb92,Blood Transfusion,technical,100
M321209,4309691a-e389-42f6-a539-6965a440fec9,Biomedical Scientists' Role in Health Care System,technical,100
M321209,43805fb4-8bbf-4960-b7d6-8bc275390cac,Analyse Body Fluids,technical,100
M321209,46a5e3ea-e276-4d84-a289-bd1187ac8cb1,Diagnostic Methods in Medical Laboratory,technical,100
M321209,4a477e55-fdb6-4fe5-8dec-fcebfa3579d6,Automated Analysers in the Medical Laboratory,technical,100
M321209,4d614c92-0c48-4a11-a5ed-416b34fd50d2,Manage Healthcare Users' Data,technical,100
M321209,5056e290-959e-4e7c-a34f-69ea02417c7d,Cross-Matching Techniques for Blood Transfusions,technical,100
M321209,51e53aff-6f8a-42ca-9cb9-47335130f4d7,Human Physiology,technical,100
M321209,51e79cb4-fab3-404c-88f3-cd4a1bd5879e,Deal with Emergency Care Situations,technical,100
M321209,55fed833-b876-4f71-a6f3-534419a9b030,Dermapathology,technical,100
M321209,585593ef-d0a3-47a2-82da-14f26d75d83e,Biosafety in Biomedical Laboratory,technical,100
M321209,60358919-aa4c-4fc4-b687-14597dbbc752,Perform Reconstructive Microsurgery,technical,100
M321209,604671e1-89a6-42a0-a3a2-075e52899131,Laboratory Methods in Biomedical Sciences,technical,100
M321209,60b2dd49-c677-4f47-816e-aff3b577e113,Provide Health Education,technical,100
M321209,66b1758e-0999-44f9-87ab-bf22c8b92b37,Clinical Cytology,technical,100
M321209,6b29b77f-7265-4dae-8309-78077f99ab60,Assist in the Production of Laboratory Documentation,technical,100
M321209,6f571969-3640-4774-a9bc-fd2ef583fdec,Apply Safety Procedures in Laboratory,technical,100
M321209,7110bf9f-b245-4adc-9159-5081013fd64d,Communicate in Healthcare,technical,100
M321209,75719644-f285-4060-b42b-9ed9c4a70375,Validate Biomedical Analysis Results,technical,100
M321209,76395873-7fe2-4f9a-b4b6-9932f8cbd0b4,Follow Clinical Guidelines,technical,100
M321209,76a12197-e3c4-456b-bbff-1e2248716a55,Histopathology,technical,100
M321209,78bac337-ed76-45b6-bd7f-621841c997c4,Perform Screening for Infectious Diseases,technical,100
M321209,7a34b3d9-bd3b-4f4e-a0f6-f97439901cb7,Apply Scientific Methods,technical,100
M321209,81d1da98-f00d-45f0-a908-327b50a631b9,Biophysics,technical,100
M321209,8232979d-6aa4-40c9-a12b-5152a52a76b8,Advise on Healthcare Users' Informed Consent,technical,100
M321209,835a88b8-3a49-47b2-8a86-6d58cf42757c,Perform Stem Cell Transplantation,technical,100
M321209,84dfe7a9-2765-44c6-a5dd-d03c4e1a65c0,Carry out Biopsy,technical,100
M321209,8557f2f8-7ff3-47d8-bdb4-b9608dee906e,Maintain Medical Laboratory Equipment,technical,100
M321209,86d1dd29-b6af-4964-a9aa-b34e9e547b3b,Keep up to Date with Diagnostic Innovations,technical,100
M321209,8ba9a58f-a491-4a23-9325-85f3b171aa53,Immunology,technical,100
M321209,8dcc1c68-1ebe-412b-b437-cab3c26da509,Record Data From Biomedical Tests,digital,100
M321209,8f2a4d74-b16f-4023-8fc1-b8dc8b21ffb9,Molecular Biology,technical,100
M321209,9433da85-70fa-4a25-8f96-71fa59dd1989,Biology,technical,100
M321209,98eb1f3b-3480-416b-bd4b-811946f7e347,Comply with Quality Standards Related to Healthcare Practice,technical,100
M321209,9a7cc3c2-b529-44a4-ab8e-f04fc91362e2,Professional Documentation in Health Care,technical,100
M321209,9ec4252d-cbe8-4134-88fa-549dee1883f3,Human Anatomy,technical,100
M321209,9fa6b84e-d625-4d1d-a5d0-e7f6b357deb8,Epidemiology,technical,100
M321209,9fcf9918-fdef-49c3-aedc-518eb1e7e1f5,Comply with Legislation Related to Health Care,technical,100
M321209,a17286c5-238d-4f0b-bc24-29e9121345de,Listen Actively,technical,100
M321209,a261c61a-29b8-4b6a-a283-e5a7d5077352,Biostatistics,technical,100
M321209,a9a52adf-0bf3-4dee-aec3-4fdeb950538e,Biomedical Techniques,technical,100
M321209,aa238394-8126-4ada-be2f-9dfe065cf314,Adhere to Organisational Guidelines,technical,100
M321209,add39442-b8ca-4412-8156-391db53b0c5d,Manage Healthcare Staff,technical,100
M321209,afdee309-07f9-464e-ad3b-29f4e539da88,Conduct Health Related Research,technical,100
M321209,b21e2984-c6b2-4352-bbe8-8f3b03bd50f6,Medical Informatics,digital,100
M321209,b4e481fe-8d7c-41d7-9787-a5dcee658e3a,Transplantation,technical,100
M321209,b5207591-6db2-4ace-af66-c79ad5176fe0,Histology,technical,100
M321209,b55f61a4-5f9e-4741-ba95-9ac04b64119b,Work in a Multicultural Environment in Health Care,technical,100
M321209,b70ab677-5781-40b5-9198-d98f4a34310f,Toxicology,technical,100
M321209,b7d292ca-b873-407e-a1cf-0e7d1a2149cf,Diagnose Disorders of the Urogenital System,technical,100
M321209,b8e0e484-955f-4396-b9b4-aaadde86017f,Perform Cerebrospinal Fluid Analysis,technical,100
M321209,bcd2ce08-ba12-4d66-865f-f4ba36419707,Promote Inclusion,technical,100
M321209,c65aa043-98da-4136-9877-494e72d9e4cf,Interact with Healthcare Users,technical,100
M321209,c82f9319-cf46-4257-a8ce-542d0a7fed8f,Provide Treatment Strategies for Challenges to Human Health,technical,100
M321209,cc62c334-f5f6-492a-87ab-02a13122bd44,Perform Pathology Consultations,technical,100
M321209,cde9911c-f92e-4de1-811f-336e177ac4ce,Chemistry,technical,100
M321209,ce086892-462b-45b3-80e7-33bdb5d2db4d,Manage Infection Control in the Facility,technical,100
M321209,d0e7e7b5-ea7b-4c20-8ee5-d2f2ba197e17,Immunohaematology,technical,100
M321209,d3eccb86-f02d-4950-bfbd-20b9510774a1,Apply Organisational Techniques,technical,100
M321209,d5a344f0-cf71-4fcc-9c00-99588b4de3c0,Clinical Microbiology,technical,100
M321209,d6ed2572-96be-483f-863b-d8a3c19255ea,Medical Genetics,technical,100
M321209,d8a37cc7-878d-4c76-af69-3584282d8a8f,Densiometry,technical,100
M321209,d93f9e29-9740-4231-8486-13d377b99f05,Develop a Collaborative Therapeutic Relationship,technical,100
M321209,da70d0cf-1b0b-43eb-924f-e2a69d0d5390,Implement Quality Control Procedures for Biomedical Tests,technical,100
M321209,db8a9ba7-96ad-4c53-b552-d4f1570dfefb,Pathology,technical,100
M321209,dbd3e193-6a61-43d1-ab00-b34bae73e82a,Embryology,technical,100
M321209,deed7f6d-328d-4f67-b74e-9b83180c1c5c,Microscopic Techniques,technical,100
M321209,e18a6a3c-4f26-4141-8c72-4b4f01d77914,Apply Context Specific Clinical Competences,technical,100
M321209,eb65ce8e-61bf-49d1-99bb-cb699ba1005b,Radiation Protection,technical,100
M321209,eba85523-6ad2-4cd9-9b27-a0b6a39b8cfa,Work in Multidisciplinary Health Teams,technical,100
M321209,ecee574b-4332-4cb4-b81c-d7ac71a0e2e2,Apply Good Clinical Practices,technical,100
M321209,f2af6651-a600-4324-bd90-b22cbcd67068,Tissue Cytogenetics,technical,100
M321209,f40ab382-0a5d-4ade-af36-106c85ec7353,Support Blood Transfusion Services,technical,100
M321209,f90d4810-8bac-4e5e-b870-3e35a4138ff7,Accept Own Accountability,technical,100
M321212,0449bf39-a288-4ecc-823a-3d194be5e932,Techniques of Blood-Sampling,technical,100
M321212,0b917c3e-e49f-40d9-8f95-3bc8e9c06fd2,Perform Laboratory Tests,technical,100
M321212,0bc42cda-a6f0-4cac-9b34-7911faba0bd4,Microbiology-Bacteriology,technical,100
M321212,1dc72b51-0428-4d28-b44f-2b8d55f25599,Conduct Routine Blood Testing,technical,100
M321212,24e09e11-49f4-4e65-86a9-d8179eb6f4ee,Transport Blood Samples,technical,100
M321212,2e040fb0-66b9-4529-bec6-466472b60773,Archive Healthcare Users' Records,technical,100
M321212,2fffc0e3-3e79-4e85-8af4-c0ae327ce2f8,Mix Chemicals,technical,100
M321212,328733a7-6d84-420d-a65c-2a8014fadc60,Record Test Data,technical,100
M321212,3529d640-5d49-45fe-8ede-491e9c8e0447,Maintain Laboratory Equipment,technical,100
M321212,41ef4b15-1c8c-488e-9abc-6731d8011312,Examine Cell Specimens Microscopically,technical,100
M321212,4a477e55-fdb6-4fe5-8dec-fcebfa3579d6,Automated Analysers in the Medical Laboratory,technical,100
M321212,6122d586-5978-431f-8e7a-96e61fc1f3fc,Wear Appropriate Protective Gear,technical,100
M321212,6cf8c56c-4db6-4f6b-88b6-331f9902acea,Label Blood Samples,technical,100
M321212,6f571969-3640-4774-a9bc-fd2ef583fdec,Apply Safety Procedures in Laboratory,technical,100
M321212,7110bf9f-b245-4adc-9159-5081013fd64d,Communicate in Healthcare,technical,100
M321212,819c55a7-8bc7-423a-9b3b-7adf5a6e6a5b,Send Samples to Laboratory,technical,100
M321212,8259c2c0-2749-41e2-a4a8-4a64a76eab37,Laboratory Techniques,technical,100
M321212,82fadde2-45cc-4734-bace-dadafdeaa41f,Calibrate Laboratory Equipment,technical,100
M321212,841ec8d9-ff33-4e76-af59-27ace79c2932,Blood Type Classification,technical,100
M321212,8557f2f8-7ff3-47d8-bdb4-b9608dee906e,Maintain Medical Laboratory Equipment,technical,100
M321212,89d2bb53-67fc-4b9e-80c7-07b6c587bc0d,Work Safely with Chemicals,technical,100
M321212,9ec07ba9-f876-4dce-92b1-9e0cd68aa969,Identify Patients' Medical Records,technical,100
M321212,ab2e56f3-24f0-413b-a67b-291a67fc2d1f,Test Chemical Samples,technical,100
M321212,b5a1fc87-c9f2-41f4-a1ae-28e023715592,Perform Sample Testing,technical,100
M321212,b8e0e484-955f-4396-b9b4-aaadde86017f,Perform Cerebrospinal Fluid Analysis,technical,100
M321212,c3fb1757-a529-4336-8898-4e96cd99f95f,Use Chemical Analysis Equipment,technical,100
M321212,cb1a2fbf-242d-4a4e-a466-588378f124c1,Operate Scientific Measuring Equipment,technical,100
M321212,cd4b9e72-a18d-44bd-b227-14bbdd162dc1,Prepare Samples for Testing,technical,100
M321212,e0e86af6-ecb7-446b-acdd-d70cf2e7daad,Check the Received Biological Samples,technical,100
M321213,000bb1e4-89f0-4b86-be05-05ece3641724,Perform Toxicological Studies,technical,100
M321213,01e66e1c-97d9-4829-bee1-f3ab649161e8,Biomedical Science,technical,100
M321213,0449bf39-a288-4ecc-823a-3d194be5e932,Techniques of Blood-Sampling,technical,100
M321213,0450eaee-1a00-4622-8f4e-5356fce816d2,Hygiene in a Health Care Setting,technical,100
M321213,049c8caf-dd12-45fc-9bfa-b64051f32a19,Respond to Changing Situations in Health Care,technical,100
M321213,097098fc-6d89-44e9-9305-98ac5c0a78ac,Educate on the Prevention of Illness,technical,100
M321213,0b5aaee4-c948-4853-bf8d-b9cd6c4917ee,Inform Policy Makers on Health-Related Challenges,technical,100
M321213,0bc42cda-a6f0-4cac-9b34-7911faba0bd4,Microbiology-Bacteriology,technical,100
M321213,11335fcc-23af-4afe-bfaf-c0c25abcb5b0,Biological Haematology,technical,100
M321213,13724e7d-b946-4773-915e-9621340237bc,Contribute to Continuity of Health Care,technical,100
M321213,13af7f6b-6d72-4e7d-86f6-3e6d1bd6ef7a,Clinical Immunology,technical,100
M321213,16636767-c215-4cf0-b126-e144fea20926,Use E-Health and Mobile Health Technologies,digital,100
M321213,1709f408-9965-489b-9805-8e1e5d9e483b,Health Care Legislation,technical,100
M321213,1d1b0108-3d56-45e2-bf0a-dca06a8ee5e3,Bioethics,technical,100
M321213,1d4b74b0-1a48-48ec-a3cd-26cca0c212a3,Biological Chemistry,technical,100
M321213,1d58c862-1100-438a-bea7-34e0c2a36055,Analytical Methods in Biomedical Sciences,technical,100
M321213,2472a8c9-06f3-42f0-9c02-93e9ec00c507,Monitor the Effects of Medication,technical,100
M321213,26a79a26-7e70-4727-bf1b-eb79febe388a,Label Medical Laboratory Samples,technical,100
M321213,2806260f-6399-4add-8f11-070141423f9d,Medical Terminology,technical,100
M321213,2cb9cefd-5333-4893-ba47-9b38d13f7ec6,Provide Test Results to Medical Staff,technical,100
M321213,33c01497-8264-4773-81dd-6096ad512f02,Health Care Occupation-Specific Ethics,technical,100
M321213,355c4510-8b6c-4d39-9e4d-5b91ddda2fb4,Analyse Cell Cultures,technical,100
M321213,3be9e2fe-d793-4f35-91ed-61fbc55ae7db,Perform PCR Covid Test,technical,100
M321213,3f24c61e-8dbd-4a42-baa5-38d8399a2e37,Clinical Biochemistry,technical,100
M321213,406cff78-4aa9-427e-9d56-ad998041cb92,Blood Transfusion,technical,100
M321213,4309691a-e389-42f6-a539-6965a440fec9,Biomedical Scientists' Role in Health Care System,technical,100
M321213,43805fb4-8bbf-4960-b7d6-8bc275390cac,Analyse Body Fluids,technical,100
M321213,46a5e3ea-e276-4d84-a289-bd1187ac8cb1,Diagnostic Methods in Medical Laboratory,technical,100
M321213,4a477e55-fdb6-4fe5-8dec-fcebfa3579d6,Automated Analysers in the Medical Laboratory,technical,100
M321213,4d614c92-0c48-4a11-a5ed-416b34fd50d2,Manage Healthcare Users' Data,technical,100
M321213,5056e290-959e-4e7c-a34f-69ea02417c7d,Cross-Matching Techniques for Blood Transfusions,technical,100
M321213,51e53aff-6f8a-42ca-9cb9-47335130f4d7,Human Physiology,technical,100
M321213,51e79cb4-fab3-404c-88f3-cd4a1bd5879e,Deal with Emergency Care Situations,technical,100
M321213,55fed833-b876-4f71-a6f3-534419a9b030,Dermapathology,technical,100
M321213,585593ef-d0a3-47a2-82da-14f26d75d83e,Biosafety in Biomedical Laboratory,technical,100
M321213,60358919-aa4c-4fc4-b687-14597dbbc752,Perform Reconstructive Microsurgery,technical,100
M321213,604671e1-89a6-42a0-a3a2-075e52899131,Laboratory Methods in Biomedical Sciences,technical,100
M321213,60b2dd49-c677-4f47-816e-aff3b577e113,Provide Health Education,technical,100
M321213,66b1758e-0999-44f9-87ab-bf22c8b92b37,Clinical Cytology,technical,100
M321213,6b29b77f-7265-4dae-8309-78077f99ab60,Assist in the Production of Laboratory Documentation,technical,100
M321213,6f571969-3640-4774-a9bc-fd2ef583fdec,Apply Safety Procedures in Laboratory,technical,100
M321213,7110bf9f-b245-4adc-9159-5081013fd64d,Communicate in Healthcare,technical,100
M321213,75719644-f285-4060-b42b-9ed9c4a70375,Validate Biomedical Analysis Results,technical,100
M321213,76395873-7fe2-4f9a-b4b6-9932f8cbd0b4,Follow Clinical Guidelines,technical,100
M321213,76a12197-e3c4-456b-bbff-1e2248716a55,Histopathology,technical,100
M321213,78bac337-ed76-45b6-bd7f-621841c997c4,Perform Screening for Infectious Diseases,technical,100
M321213,7a34b3d9-bd3b-4f4e-a0f6-f97439901cb7,Apply Scientific Methods,technical,100
M321213,81d1da98-f00d-45f0-a908-327b50a631b9,Biophysics,technical,100
M321213,8232979d-6aa4-40c9-a12b-5152a52a76b8,Advise on Healthcare Users' Informed Consent,technical,100
M321213,835a88b8-3a49-47b2-8a86-6d58cf42757c,Perform Stem Cell Transplantation,technical,100
M321213,84dfe7a9-2765-44c6-a5dd-d03c4e1a65c0,Carry out Biopsy,technical,100
M321213,8557f2f8-7ff3-47d8-bdb4-b9608dee906e,Maintain Medical Laboratory Equipment,technical,100
M321213,86d1dd29-b6af-4964-a9aa-b34e9e547b3b,Keep up to Date with Diagnostic Innovations,technical,100
M321213,8ba9a58f-a491-4a23-9325-85f3b171aa53,Immunology,technical,100
M321213,8dcc1c68-1ebe-412b-b437-cab3c26da509,Record Data From Biomedical Tests,digital,100
M321213,8f2a4d74-b16f-4023-8fc1-b8dc8b21ffb9,Molecular Biology,technical,100
M321213,9433da85-70fa-4a25-8f96-71fa59dd1989,Biology,technical,100
M321213,98eb1f3b-3480-416b-bd4b-811946f7e347,Comply with Quality Standards Related to Healthcare Practice,technical,100
M321213,9a7cc3c2-b529-44a4-ab8e-f04fc91362e2,Professional Documentation in Health Care,technical,100
M321213,9ec4252d-cbe8-4134-88fa-549dee1883f3,Human Anatomy,technical,100
M321213,9fa6b84e-d625-4d1d-a5d0-e7f6b357deb8,Epidemiology,technical,100
M321213,9fcf9918-fdef-49c3-aedc-518eb1e7e1f5,Comply with Legislation Related to Health Care,technical,100
M321213,a17286c5-238d-4f0b-bc24-29e9121345de,Listen Actively,technical,100
M321213,a261c61a-29b8-4b6a-a283-e5a7d5077352,Biostatistics,technical,100
M321213,a9a52adf-0bf3-4dee-aec3-4fdeb950538e,Biomedical Techniques,technical,100
M321213,aa238394-8126-4ada-be2f-9dfe065cf314,Adhere to Organisational Guidelines,technical,100
M321213,add39442-b8ca-4412-8156-391db53b0c5d,Manage Healthcare Staff,technical,100
M321213,afdee309-07f9-464e-ad3b-29f4e539da88,Conduct Health Related Research,technical,100
M321213,b21e2984-c6b2-4352-bbe8-8f3b03bd50f6,Medical Informatics,digital,100
M321213,b4e481fe-8d7c-41d7-9787-a5dcee658e3a,Transplantation,technical,100
M321213,b5207591-6db2-4ace-af66-c79ad5176fe0,Histology,technical,100
M321213,b55f61a4-5f9e-4741-ba95-9ac04b64119b,Work in a Multicultural Environment in Health Care,technical,100
M321213,b70ab677-5781-40b5-9198-d98f4a34310f,Toxicology,technical,100
M321213,b7d292ca-b873-407e-a1cf-0e7d1a2149cf,Diagnose Disorders of the Urogenital System,technical,100
M321213,b8e0e484-955f-4396-b9b4-aaadde86017f,Perform Cerebrospinal Fluid Analysis,technical,100
M321213,bcd2ce08-ba12-4d66-865f-f4ba36419707,Promote Inclusion,technical,100
M321213,c65aa043-98da-4136-9877-494e72d9e4cf,Interact with Healthcare Users,technical,100
M321213,c82f9319-cf46-4257-a8ce-542d0a7fed8f,Provide Treatment Strategies for Challenges to Human Health,technical,100
M321213,cc62c334-f5f6-492a-87ab-02a13122bd44,Perform Pathology Consultations,technical,100
M321213,cde9911c-f92e-4de1-811f-336e177ac4ce,Chemistry,technical,100
M321213,ce086892-462b-45b3-80e7-33bdb5d2db4d,Manage Infection Control in the Facility,technical,100
M321213,d0e7e7b5-ea7b-4c20-8ee5-d2f2ba197e17,Immunohaematology,technical,100
M321213,d3eccb86-f02d-4950-bfbd-20b9510774a1,Apply Organisational Techniques,technical,100
M321213,d5a344f0-cf71-4fcc-9c00-99588b4de3c0,Clinical Microbiology,technical,100
M321213,d6ed2572-96be-483f-863b-d8a3c19255ea,Medical Genetics,technical,100
M321213,d8a37cc7-878d-4c76-af69-3584282d8a8f,Densiometry,technical,100
M321213,d93f9e29-9740-4231-8486-13d377b99f05,Develop a Collaborative Therapeutic Relationship,technical,100
M321213,da70d0cf-1b0b-43eb-924f-e2a69d0d5390,Implement Quality Control Procedures for Biomedical Tests,technical,100
M321213,db8a9ba7-96ad-4c53-b552-d4f1570dfefb,Pathology,technical,100
M321213,dbd3e193-6a61-43d1-ab00-b34bae73e82a,Embryology,technical,100
M321213,deed7f6d-328d-4f67-b74e-9b83180c1c5c,Microscopic Techniques,technical,100
M321213,e18a6a3c-4f26-4141-8c72-4b4f01d77914,Apply Context Specific Clinical Competences,technical,100
M321213,eb65ce8e-61bf-49d1-99bb-cb699ba1005b,Radiation Protection,technical,100
M321213,eba85523-6ad2-4cd9-9b27-a0b6a39b8cfa,Work in Multidisciplinary Health Teams,technical,100
M321213,ecee574b-4332-4cb4-b81c-d7ac71a0e2e2,Apply Good Clinical Practices,technical,100
M321213,f2af6651-a600-4324-bd90-b22cbcd67068,Tissue Cytogenetics,technical,100
M321213,f40ab382-0a5d-4ade-af36-106c85ec7353,Support Blood Transfusion Services,technical,100
M321213,f90d4810-8bac-4e5e-b870-3e35a4138ff7,Accept Own Accountability,technical,100
M321214,2475cd27-8d6c-4318-a364-21395b23acba,Empathise with the Healthcare User,technical,100
M321214,28cd3cc4-5b92-47e6-9534-a0e1a4981103,Emergency Surgery,technical,100
M321214,3d395072-95d7-4706-986f-a7d29ddbd547,Surgical Asepsis,technical,100
M321214,44f6a65f-6be7-4818-9a66-73908797283f,Monitor Stock Level,technical,100
M321214,468e27bb-d5fa-4062-9d22-97e0d7546717,Administer Anaesthetics to Patients,technical,100
M321214,4d614c92-0c48-4a11-a5ed-416b34fd50d2,Manage Healthcare Users' Data,technical,100
M321214,508f3b4c-799a-4742-b3ae-75f2ff11153d,Surgery,technical,100
M321214,51e53aff-6f8a-42ca-9cb9-47335130f4d7,Human Physiology,technical,100
M321214,51e79cb4-fab3-404c-88f3-cd4a1bd5879e,Deal with Emergency Care Situations,technical,100
M321214,60c544c9-0815-479c-bcec-93c7891815ea,Pharmacology,technical,100
M321214,6735ab07-325e-442f-aac9-5256cae5c305,Ensure the Positioning of the Patient for Surgery,technical,100
M321214,6af2f535-433b-4c38-b31b-ab14a8bac266,Conduct Preoperative Investigations,technical,100
M321214,6d13053b-ee35-492c-8976-8178420df398,Infection Control,technical,100
M321214,6f46a3bb-eb18-4c3e-b05b-8b073fceb4fb,Sterilization Techniques,technical,100
M321214,6f900dcb-c7ff-4d97-8015-9c45b99f7097,Dispose Medical Waste,technical,100
M321214,7110bf9f-b245-4adc-9159-5081013fd64d,Communicate in Healthcare,technical,100
M321214,721419a7-f1b6-454c-80f4-2a84ad90dd33,Undertake Healthcare Examination,technical,100
M321214,74fc4291-203e-4082-9f22-8499f584861c,Order Supplies for Anaesthesia Services,technical,100
M321214,81d1da98-f00d-45f0-a908-327b50a631b9,Biophysics,technical,100
M321214,8bd49d04-ab2f-4333-b5d9-12d716e4e2f6,Resuscitation,technical,100
M321214,98eb1f3b-3480-416b-bd4b-811946f7e347,Comply with Quality Standards Related to Healthcare Practice,technical,100
M321214,99579aba-aa0d-40d4-bab4-15f609083527,Maintain Anaesthetic Machinery,technical,100
M321214,9a7cc3c2-b529-44a4-ab8e-f04fc91362e2,Professional Documentation in Health Care,technical,100
M321214,9ec4252d-cbe8-4134-88fa-549dee1883f3,Human Anatomy,technical,100
M321214,9fcf9918-fdef-49c3-aedc-518eb1e7e1f5,Comply with Legislation Related to Health Care,technical,100
M321214,b21e2984-c6b2-4352-bbe8-8f3b03bd50f6,Medical Informatics,digital,100
M321214,bfe54838-37e3-44b5-a387-97ef728410df,Assess Patients After Surgery,technical,100
M321214,ce086892-462b-45b3-80e7-33bdb5d2db4d,Manage Infection Control in the Facility,technical,100
M321214,ce0d6a42-59c1-433e-ab62-adfc969c46bb,Ensure Safety of Healthcare Users,technical,100
M321214,d15f8745-28f8-4abf-a7b6-6cb8a304efd2,Tolerate Stress,technical,100
M321214,d3b74d50-7fc9-4051-9335-58d129a4a064,Monitor Basic Patients Signs,technical,100
M321214,e862fb43-5acd-4d37-a4a2-63684c164932,Intensive Care Medicine,technical,100
M321214,eba85523-6ad2-4cd9-9b27-a0b6a39b8cfa,Work in Multidisciplinary Health Teams,technical,100
M321214,f7464f30-662b-4177-85a0-3df9693e9e58,First Aid,technical,100
M321214,f8f89b7f-901c-462e-bc6d-f7d2ba68f92e,Anaesthetics,technical,100
M321214,fb57d335-1e7c-4dac-bde6-29bd06c586b7,Monitor Patients During Surgery,technical,100
M321214,fbb8f1a7-c8b5-4722-92c4-814836b86934,Emergency Medicine,technical,100
M321301,02e235f4-a30a-412a-a06e-1c471ad28678,Follow Procedures to Control Substances Hazardous to Health,technical,100
M321301,030de41b-bb8b-4e4b-859c-9afd4c17605b,Check Information on Prescriptions,technical,100
M321301,0450eaee-1a00-4622-8f4e-5356fce816d2,Hygiene in a Health Care Setting,technical,100
M321301,049c8caf-dd12-45fc-9bfa-b64051f32a19,Respond to Changing Situations in Health Care,technical,100
M321301,0b5aaee4-c948-4853-bf8d-b9cd6c4917ee,Inform Policy Makers on Health-Related Challenges,technical,100
M321301,0d85dc6f-ea26-49a9-85b9-532441b000e2,Handle the Logistics of Medicinal Products,technical,100
M321301,0da516ee-e70e-4384-be13-f5ff80be8127,Communicate with Customers,technical,100
M321301,1236128d-9bb4-4d94-bc1e-40fd14824280,Medicines,technical,100
M321301,13724e7d-b946-4773-915e-9621340237bc,Contribute to Continuity of Health Care,technical,100
M321301,16636767-c215-4cf0-b126-e144fea20926,Use E-Health and Mobile Health Technologies,digital,100
M321301,16d076f8-5ae7-4e93-91df-4cdc13329f99,Maintain Pharmaceutical Records,technical,100
M321301,2475cd27-8d6c-4318-a364-21395b23acba,Empathise with the Healthcare User,technical,100
M321301,2755816d-b765-435e-a29e-dddfddee1786,Transfer Medication,technical,100
M321301,2832382f-fa74-439f-a85e-6ff2d03c9cd0,Take Pharmaceutical Inventory,technical,100
M321301,2a8c1070-b7a6-4e4b-998a-21e885b6fb13,Obtain Healthcare User's Medical Status Information,technical,100
M321301,4d614c92-0c48-4a11-a5ed-416b34fd50d2,Manage Healthcare Users' Data,technical,100
M321301,4dfebc9d-bb40-4629-9224-07b995fccf69,Prepare Prescription Labels,technical,100
M321301,509fedda-d520-46b5-a801-b3d36221a645,Ensure the Appropriate Supply in Pharmacy,technical,100
M321301,51e79cb4-fab3-404c-88f3-cd4a1bd5879e,Deal with Emergency Care Situations,technical,100
M321301,540a1886-ab91-4324-9f63-568533fad853,Maintain Adequate Medication Storage Conditions,technical,100
M321301,60b2dd49-c677-4f47-816e-aff3b577e113,Provide Health Education,technical,100
M321301,63321ecf-4fc6-44d9-88f1-5373a4f3038a,Handle Petty Cash,technical,100
M321301,7110bf9f-b245-4adc-9159-5081013fd64d,Communicate in Healthcare,technical,100
M321301,7361c086-443c-43c2-8215-31ef8e8895e5,Process Medical Insurance Claims,technical,100
M321301,76395873-7fe2-4f9a-b4b6-9932f8cbd0b4,Follow Clinical Guidelines,technical,100
M321301,7b34af45-c010-4f1e-a2f3-b3d690addb45,Ensure Quality Assurance for Pharmaceutical Products,technical,100
M321301,8232979d-6aa4-40c9-a12b-5152a52a76b8,Advise on Healthcare Users' Informed Consent,technical,100
M321301,98eb1f3b-3480-416b-bd4b-811946f7e347,Comply with Quality Standards Related to Healthcare Practice,technical,100
M321301,9fcf9918-fdef-49c3-aedc-518eb1e7e1f5,Comply with Legislation Related to Health Care,technical,100
M321301,a17286c5-238d-4f0b-bc24-29e9121345de,Listen Actively,technical,100
M321301,aa238394-8126-4ada-be2f-9dfe065cf314,Adhere to Organisational Guidelines,technical,100
M321301,b55f61a4-5f9e-4741-ba95-9ac04b64119b,Work in a Multicultural Environment in Health Care,technical,100
M321301,bcd2ce08-ba12-4d66-865f-f4ba36419707,Promote Inclusion,technical,100
M321301,c65aa043-98da-4136-9877-494e72d9e4cf,Interact with Healthcare Users,technical,100
M321301,ce0d6a42-59c1-433e-ab62-adfc969c46bb,Ensure Safety of Healthcare Users,technical,100
M321301,d3eccb86-f02d-4950-bfbd-20b9510774a1,Apply Organisational Techniques,technical,100
M321301,de2f0ce8-f8d6-48c5-a213-4d065251cecf,Communicate by Telephone,technical,100
M321301,e7468bc3-9f25-4c78-9077-4fd118afa4a4,Medicines for Self-Medication,technical,100
M321301,eba85523-6ad2-4cd9-9b27-a0b6a39b8cfa,Work in Multidisciplinary Health Teams,technical,100
M321301,f024dd81-76a9-4d84-950e-7c6d1383a403,Check for Medication Expiry Terms,technical,100
M321301,f90d4810-8bac-4e5e-b870-3e35a4138ff7,Accept Own Accountability,technical,100
M321304,02e235f4-a30a-412a-a06e-1c471ad28678,Follow Procedures to Control Substances Hazardous to Health,technical,100
M321304,030de41b-bb8b-4e4b-859c-9afd4c17605b,Check Information on Prescriptions,technical,100
M321304,0450eaee-1a00-4622-8f4e-5356fce816d2,Hygiene in a Health Care Setting,technical,100
M321304,049c8caf-dd12-45fc-9bfa-b64051f32a19,Respond to Changing Situations in Health Care,technical,100
M321304,0b5aaee4-c948-4853-bf8d-b9cd6c4917ee,Inform Policy Makers on Health-Related Challenges,technical,100
M321304,0d85dc6f-ea26-49a9-85b9-532441b000e2,Handle the Logistics of Medicinal Products,technical,100
M321304,0da516ee-e70e-4384-be13-f5ff80be8127,Communicate with Customers,technical,100
M321304,1236128d-9bb4-4d94-bc1e-40fd14824280,Medicines,technical,100
M321304,13724e7d-b946-4773-915e-9621340237bc,Contribute to Continuity of Health Care,technical,100
M321304,16636767-c215-4cf0-b126-e144fea20926,Use E-Health and Mobile Health Technologies,digital,100
M321304,16d076f8-5ae7-4e93-91df-4cdc13329f99,Maintain Pharmaceutical Records,technical,100
M321304,2475cd27-8d6c-4318-a364-21395b23acba,Empathise with the Healthcare User,technical,100
M321304,2755816d-b765-435e-a29e-dddfddee1786,Transfer Medication,technical,100
M321304,2832382f-fa74-439f-a85e-6ff2d03c9cd0,Take Pharmaceutical Inventory,technical,100
M321304,2a8c1070-b7a6-4e4b-998a-21e885b6fb13,Obtain Healthcare User's Medical Status Information,technical,100
M321304,4d614c92-0c48-4a11-a5ed-416b34fd50d2,Manage Healthcare Users' Data,technical,100
M321304,4dfebc9d-bb40-4629-9224-07b995fccf69,Prepare Prescription Labels,technical,100
M321304,509fedda-d520-46b5-a801-b3d36221a645,Ensure the Appropriate Supply in Pharmacy,technical,100
M321304,51e79cb4-fab3-404c-88f3-cd4a1bd5879e,Deal with Emergency Care Situations,technical,100
M321304,540a1886-ab91-4324-9f63-568533fad853,Maintain Adequate Medication Storage Conditions,technical,100
M321304,60b2dd49-c677-4f47-816e-aff3b577e113,Provide Health Education,technical,100
M321304,63321ecf-4fc6-44d9-88f1-5373a4f3038a,Handle Petty Cash,technical,100
M321304,7110bf9f-b245-4adc-9159-5081013fd64d,Communicate in Healthcare,technical,100
M321304,7361c086-443c-43c2-8215-31ef8e8895e5,Process Medical Insurance Claims,technical,100
M321304,76395873-7fe2-4f9a-b4b6-9932f8cbd0b4,Follow Clinical Guidelines,technical,100
M321304,7b34af45-c010-4f1e-a2f3-b3d690addb45,Ensure Quality Assurance for Pharmaceutical Products,technical,100
M321304,8232979d-6aa4-40c9-a12b-5152a52a76b8,Advise on Healthcare Users' Informed Consent,technical,100
M321304,98eb1f3b-3480-416b-bd4b-811946f7e347,Comply with Quality Standards Related to Healthcare Practice,technical,100
M321304,9fcf9918-fdef-49c3-aedc-518eb1e7e1f5,Comply with Legislation Related to Health Care,technical,100
M321304,a17286c5-238d-4f0b-bc24-29e9121345de,Listen Actively,technical,100
M321304,aa238394-8126-4ada-be2f-9dfe065cf314,Adhere to Organisational Guidelines,technical,100
M321304,b55f61a4-5f9e-4741-ba95-9ac04b64119b,Work in a Multicultural Environment in Health Care,technical,100
M321304,bcd2ce08-ba12-4d66-865f-f4ba36419707,Promote Inclusion,technical,100
M321304,c65aa043-98da-4136-9877-494e72d9e4cf,Interact with Healthcare Users,technical,100
M321304,ce0d6a42-59c1-433e-ab62-adfc969c46bb,Ensure Safety of Healthcare Users,technical,100
M321304,d3eccb86-f02d-4950-bfbd-20b9510774a1,Apply Organisational Techniques,technical,100
M321304,de2f0ce8-f8d6-48c5-a213-4d065251cecf,Communicate by Telephone,technical,100
M321304,e7468bc3-9f25-4c78-9077-4fd118afa4a4,Medicines for Self-Medication,technical,100
M321304,eba85523-6ad2-4cd9-9b27-a0b6a39b8cfa,Work in Multidisciplinary Health Teams,technical,100
M321304,f024dd81-76a9-4d84-950e-7c6d1383a403,Check for Medication Expiry Terms,technical,100
M321304,f90d4810-8bac-4e5e-b870-3e35a4138ff7,Accept Own Accountability,technical,100
M321305,02e235f4-a30a-412a-a06e-1c471ad28678,Follow Procedures to Control Substances Hazardous to Health,technical,100
M321305,030de41b-bb8b-4e4b-859c-9afd4c17605b,Check Information on Prescriptions,technical,100
M321305,0450eaee-1a00-4622-8f4e-5356fce816d2,Hygiene in a Health Care Setting,technical,100
M321305,049c8caf-dd12-45fc-9bfa-b64051f32a19,Respond to Changing Situations in Health Care,technical,100
M321305,0b5aaee4-c948-4853-bf8d-b9cd6c4917ee,Inform Policy Makers on Health-Related Challenges,technical,100
M321305,0d85dc6f-ea26-49a9-85b9-532441b000e2,Handle the Logistics of Medicinal Products,technical,100
M321305,0da516ee-e70e-4384-be13-f5ff80be8127,Communicate with Customers,technical,100
M321305,1236128d-9bb4-4d94-bc1e-40fd14824280,Medicines,technical,100
M321305,13724e7d-b946-4773-915e-9621340237bc,Contribute to Continuity of Health Care,technical,100
M321305,16636767-c215-4cf0-b126-e144fea20926,Use E-Health and Mobile Health Technologies,digital,100
M321305,16d076f8-5ae7-4e93-91df-4cdc13329f99,Maintain Pharmaceutical Records,technical,100
M321305,2475cd27-8d6c-4318-a364-21395b23acba,Empathise with the Healthcare User,technical,100
M321305,2755816d-b765-435e-a29e-dddfddee1786,Transfer Medication,technical,100
M321305,2832382f-fa74-439f-a85e-6ff2d03c9cd0,Take Pharmaceutical Inventory,technical,100
M321305,2a8c1070-b7a6-4e4b-998a-21e885b6fb13,Obtain Healthcare User's Medical Status Information,technical,100
M321305,4d614c92-0c48-4a11-a5ed-416b34fd50d2,Manage Healthcare Users' Data,technical,100
M321305,4dfebc9d-bb40-4629-9224-07b995fccf69,Prepare Prescription Labels,technical,100
M321305,509fedda-d520-46b5-a801-b3d36221a645,Ensure the Appropriate Supply in Pharmacy,technical,100
M321305,51e79cb4-fab3-404c-88f3-cd4a1bd5879e,Deal with Emergency Care Situations,technical,100
M321305,540a1886-ab91-4324-9f63-568533fad853,Maintain Adequate Medication Storage Conditions,technical,100
M321305,60b2dd49-c677-4f47-816e-aff3b577e113,Provide Health Education,technical,100
M321305,63321ecf-4fc6-44d9-88f1-5373a4f3038a,Handle Petty Cash,technical,100
M321305,7110bf9f-b245-4adc-9159-5081013fd64d,Communicate in Healthcare,technical,100
M321305,7361c086-443c-43c2-8215-31ef8e8895e5,Process Medical Insurance Claims,technical,100
M321305,76395873-7fe2-4f9a-b4b6-9932f8cbd0b4,Follow Clinical Guidelines,technical,100
M321305,7b34af45-c010-4f1e-a2f3-b3d690addb45,Ensure Quality Assurance for Pharmaceutical Products,technical,100
M321305,8232979d-6aa4-40c9-a12b-5152a52a76b8,Advise on Healthcare Users' Informed Consent,technical,100
M321305,98eb1f3b-3480-416b-bd4b-811946f7e347,Comply with Quality Standards Related to Healthcare Practice,technical,100
M321305,9fcf9918-fdef-49c3-aedc-518eb1e7e1f5,Comply with Legislation Related to Health Care,technical,100
M321305,a17286c5-238d-4f0b-bc24-29e9121345de,Listen Actively,technical,100
M321305,aa238394-8126-4ada-be2f-9dfe065cf314,Adhere to Organisational Guidelines,technical,100
M321305,b55f61a4-5f9e-4741-ba95-9ac04b64119b,Work in a Multicultural Environment in Health Care,technical,100
M321305,bcd2ce08-ba12-4d66-865f-f4ba36419707,Promote Inclusion,technical,100
M321305,c65aa043-98da-4136-9877-494e72d9e4cf,Interact with Healthcare Users,technical,100
M321305,ce0d6a42-59c1-433e-ab62-adfc969c46bb,Ensure Safety of Healthcare Users,technical,100
M321305,d3eccb86-f02d-4950-bfbd-20b9510774a1,Apply Organisational Techniques,technical,100
M321305,de2f0ce8-f8d6-48c5-a213-4d065251cecf,Communicate by Telephone,technical,100
M321305,e7468bc3-9f25-4c78-9077-4fd118afa4a4,Medicines for Self-Medication,technical,100
M321305,eba85523-6ad2-4cd9-9b27-a0b6a39b8cfa,Work in Multidisciplinary Health Teams,technical,100
M321305,f024dd81-76a9-4d84-950e-7c6d1383a403,Check for Medication Expiry Terms,technical,100
M321305,f90d4810-8bac-4e5e-b870-3e35a4138ff7,Accept Own Accountability,technical,100
M321503,07e1799a-82c2-4877-9b43-1499812c5619,Wear Cleanroom Suit,technical,100
M321503,08cdc2d8-3b6d-491b-8c0e-f631855c8083,Test Medical Devices,technical,100
M321503,1a3660c2-011c-4e96-9b1d-529afc305428,Inspect Quality of Products,technical,100
M321503,1de6b87b-2c7d-49aa-bcc0-3b2ef75f064f,Resolve Equipment Malfunctions,technical,100
M321503,328733a7-6d84-420d-a65c-2a8014fadc60,Record Test Data,technical,100
M321503,3c333552-8d89-43f5-90bd-856e15bec433,Design Drawings,technical,100
M321503,3e71ddfd-fff4-4c8d-a510-a46f4e2edb6b,Medical Device Test Procedures,technical,100
M321503,42b23922-1c40-4dbe-9e0c-7a568dfdf06b,Adjust Engineering Designs,technical,100
M321503,465ff64a-1271-4064-8ed1-e969cb68d8b4,Perform Test Run,technical,100
M321503,499323d7-8f52-4195-9766-f59e61118574,Manufacture Medical Devices,technical,100
M321503,4ddd2c3e-db95-4299-bbc6-f206820ef4c2,Medical Devices Materials,technical,100
M321503,5133ed7b-0785-4c28-825d-1dcf518c4b5b,Align Components,technical,100
M321503,52797dce-911c-4e6d-b0cb-491f6469014f,Install Electrical and Electronic Equipment,technical,100
M321503,65a3a184-7d11-4db9-9b85-281961d1514b,Conduct Routine Machinery Checks,technical,100
M321503,74374d09-7a54-4a05-ae78-d5940423de7c,Use Testing Equipment,technical,100
M321503,79aa4ec0-399d-432e-aae8-7a390ce89bcc,Perform Maintenance on Installed Equipment,technical,100
M321503,82da5835-1759-4eeb-9d58-a834ee80384e,Install Pneumatic Systems,technical,100
M321503,9f34107c-8db0-4b00-84d8-3f64e400c80c,Consult Technical Resources,technical,100
M321503,b07daddc-8625-4360-946e-ad2b0e56ebf6,Read Engineering Drawings,technical,100
M321503,b761de43-013f-42cf-89db-f307b05cd2e9,Repair Medical Devices,technical,100
M321503,b92758d4-4591-4df1-9ceb-f907aa71ebd9,Use Measurement Instruments,technical,100
M321503,bf419e00-8548-491a-a06f-d72ab439df2f,Pneumatics,technical,100
M321503,c5c51528-ccfc-4c53-b409-c200aaa44222,Liaise with Engineers,technical,100
M321503,c8ac1986-38fa-43b2-89dc-50a4beeb420e,Electricity,technical,100
M321503,cafc2723-c308-4058-9921-61306b5de924,Fasten Components,technical,100
M321503,cb1a2fbf-242d-4a4e-a466-588378f124c1,Operate Scientific Measuring Equipment,technical,100
M321503,d15e92c4-c8dc-48cd-a1f6-94fe13347f87,Electrical Wiring Plans,technical,100
M321503,d6179c4b-ff5a-4bbb-a3c8-e0acf0de1f56,Assist Scientific Research,technical,100
M321503,d9b6af48-e906-4a2a-94d9-557023740180,Biomedical Engineering,technical,100
M321503,df958b10-9e1c-4a80-9170-5572a5366e84,Medical Devices,technical,100
M321503,e921279a-1a7e-4900-9720-bde93ae3e70e,Prepare Production Prototypes,technical,100
M321503,ef539e4d-8907-4a88-b2f7-8f8fa95e3117,Medical Device Regulations,technical,100
M321503,efa141df-f382-418f-9121-bd88fd735669,Mechanics,technical,100
M321503,fef20fea-bb6d-4423-9b19-c28e225081a8,Maintain Medical Devices,technical,100
M324107,0302f93a-0d38-4c00-bc37-eda17b6316ea,Biosecurity Related to Animals,technical,100
M324107,07846f2f-e182-4f94-a7c7-9fd2865c0dde,Insert Semen,technical,100
M324107,1fc580ca-9adc-46af-8a88-61e871273b49,Manage Animal Biosecurity,technical,100
M324107,3195533c-acdb-42dd-8c72-18bc36b3826f,Select Semen for Artificial Insemination of Animals,technical,100
M324107,32d011d6-7875-4cc3-9755-28b366ef927b,Signs of Animal Illness,technical,100
M324107,49212efd-acf0-4257-a011-e07c9e369ecf,Animal Welfare Legislation,technical,100
M324107,4c92e214-7749-46ee-a35d-d1c57dc4656c,Handle Frozen Semen,technical,100
M324107,4e6cfb60-9579-4822-8a5e-424bc0c8835c,Animal Welfare,technical,100
M324107,58bacbcf-2b82-4716-959e-ac529120342d,Evaluate Animal Pregnancy,technical,100
M324107,60e0ed61-6340-4372-984a-416d1fe0010c,Physiology of Animals,technical,100
M324107,6b6c6b8f-3a1d-43af-a40a-73fb50518d00,Carry out Artificial Insemination of Livestock,technical,100
M324107,6d043734-b8a7-40bd-8e7a-c873bf9e310b,Maintain Breeding Equipment,technical,100
M324107,7837ef5c-2c81-4a89-8227-b4d4f1f7331e,Maintain Professional Records,technical,100
M324107,80cf2345-7fd8-4535-8e8d-0279771a03cf,Apply Safe Work Practices in a Veterinary Setting,technical,100
M324107,8a455b44-004d-43c7-8e42-45163482a66f,Evaluate Semen,technical,100
M324107,8f822c28-fe87-4791-be2b-6b7889da7a79,Store Semen,technical,100
M324107,912f7556-6b75-4d73-9658-4e710050199d,Apply Animal Hygiene Practices,technical,100
M324107,b5a8e3fe-63b3-4a67-a4c4-dee8f4ff5d1a,Safe Work Practices in a Veterinary Setting,technical,100
M324107,c07dab7f-deb2-4985-ac64-c62514221869,Cryopreservation,technical,100
M324107,cde1ed83-8527-4ad1-9d26-7d8ccb2e8b03,Handle Veterinary Emergencies,technical,100
M324107,d10030a4-f49c-4125-8646-6b091efe5089,Monitor the Welfare of Animals,technical,100
M324107,d33b9bd2-6dcb-4abc-b3c2-96b8983d5c97,Assess Animal Behaviour,technical,100
M324107,e286eddc-75e5-4ae3-966b-ec89c1c046ba,Anatomy of Animals,technical,100
M324107,e9d625ad-ea81-4ff8-b3fe-ccc1bea65cb5,Administer Drugs to Facilitate Breeding,technical,100
M324107,f022949a-39bf-4f54-978e-3d5fa8dd19d9,Animal Behaviour,technical,100
M325101,049c8caf-dd12-45fc-9bfa-b64051f32a19,Respond to Changing Situations in Health Care,technical,100
M325101,097098fc-6d89-44e9-9305-98ac5c0a78ac,Educate on the Prevention of Illness,technical,100
M325101,0a8fb161-bf67-4dc0-9f65-266d0f717767,Prepare Dental Instruments for Sterilization,technical,100
M325101,0bf01698-0eaa-4892-ad67-7bcfea0bef92,Observe Patient Throughout Dental Treatment,technical,100
M325101,13724e7d-b946-4773-915e-9621340237bc,Contribute to Continuity of Health Care,technical,100
M325101,14d88fae-ead0-4d19-8519-04b154b46987,Promote Health and Safety Policies in Health Services,technical,100
M325101,16636767-c215-4cf0-b126-e144fea20926,Use E-Health and Mobile Health Technologies,digital,100
M325101,2475cd27-8d6c-4318-a364-21395b23acba,Empathise with the Healthcare User,technical,100
M325101,49921021-87b9-4561-ae30-cdba351fd770,Provide Dental Administrative Post-Treatment Patient Services,technical,100
M325101,51e79cb4-fab3-404c-88f3-cd4a1bd5879e,Deal with Emergency Care Situations,technical,100
M325101,5df8434d-0b7f-4627-8b13-5fd4ad296a76,Prepare Materials for Dental Procedures,technical,100
M325101,60b2dd49-c677-4f47-816e-aff3b577e113,Provide Health Education,technical,100
M325101,6c77aeef-327e-440f-8510-74ce5a73bd8a,Deal with Patients' Anxiety,technical,100
M325101,7110bf9f-b245-4adc-9159-5081013fd64d,Communicate in Healthcare,technical,100
M325101,76395873-7fe2-4f9a-b4b6-9932f8cbd0b4,Follow Clinical Guidelines,technical,100
M325101,8b7f2ac7-605c-4975-83d0-d1014852fdaf,Fabricate Mouth Models,technical,100
M325101,8fced680-a4e4-4ecc-9999-3061ddc3583e,Perform Dental Charting,technical,100
M325101,913fcf58-07f4-401d-8395-4daeb3a4617f,Educate on Oral Healthcare and Disease Prevention,technical,100
M325101,9fcf9918-fdef-49c3-aedc-518eb1e7e1f5,Comply with Legislation Related to Health Care,technical,100
M325101,a17286c5-238d-4f0b-bc24-29e9121345de,Listen Actively,technical,100
M325101,b55f61a4-5f9e-4741-ba95-9ac04b64119b,Work in a Multicultural Environment in Health Care,technical,100
M325101,bcd2ce08-ba12-4d66-865f-f4ba36419707,Promote Inclusion,technical,100
M325101,c65aa043-98da-4136-9877-494e72d9e4cf,Interact with Healthcare Users,technical,100
M325101,c68841cb-e661-44fa-a007-439de442ddbd,Follow Dentists' Instructions,technical,100
M325101,ce086892-462b-45b3-80e7-33bdb5d2db4d,Manage Infection Control in the Facility,technical,100
M325101,ce0d6a42-59c1-433e-ab62-adfc969c46bb,Ensure Safety of Healthcare Users,technical,100
M325101,d3eccb86-f02d-4950-bfbd-20b9510774a1,Apply Organisational Techniques,technical,100
M325101,d93f9e29-9740-4231-8486-13d377b99f05,Develop a Collaborative Therapeutic Relationship,technical,100
M325101,daaa5a52-1a02-4965-b7e0-d88bbfa79620,Pass Dental Instruments,technical,100
M325101,dfccb2c7-3bbd-42bd-85ed-887ded1e6504,Prepare Patients for Dental Treatment,technical,100
M325101,e18a6a3c-4f26-4141-8c72-4b4f01d77914,Apply Context Specific Clinical Competences,technical,100
M325101,ea6ddade-6674-4e6a-8e93-1ae14fc05981,Maintain Dental Station and Operatory,technical,100
M325101,eba85523-6ad2-4cd9-9b27-a0b6a39b8cfa,Work in Multidisciplinary Health Teams,technical,100
M325101,ed8fb417-50ba-4d3c-8525-1a7aef389d82,Perform Dental Radiographs,technical,100
M325101,f7fd1900-b7f3-4f7c-88ac-a1c199bb41d7,Assist the Dentist During the Dental Treatment Procedure,technical,100
M325101,f90d4810-8bac-4e5e-b870-3e35a4138ff7,Accept Own Accountability,technical,100
M325107,049c8caf-dd12-45fc-9bfa-b64051f32a19,Respond to Changing Situations in Health Care,technical,100
M325107,13724e7d-b946-4773-915e-9621340237bc,Contribute to Continuity of Health Care,technical,100
M325107,14d88fae-ead0-4d19-8519-04b154b46987,Promote Health and Safety Policies in Health Services,technical,100
M325107,16636767-c215-4cf0-b126-e144fea20926,Use E-Health and Mobile Health Technologies,digital,100
M325107,1ac80de2-ed02-4ce1-9739-cd4a84b835dc,"Remove Calculus, Plaque and Stains",technical,100
M325107,2475cd27-8d6c-4318-a364-21395b23acba,Empathise with the Healthcare User,technical,100
M325107,2d9244f4-f58c-45dd-b4fe-06b24f6d66b5,Apply Antibacterial Substance to Teeth,technical,100
M325107,3654eff3-5056-4728-87ab-d9c0d34e589e,Polish Dental Restorations,technical,100
M325107,51e79cb4-fab3-404c-88f3-cd4a1bd5879e,Deal with Emergency Care Situations,technical,100
M325107,60b2dd49-c677-4f47-816e-aff3b577e113,Provide Health Education,technical,100
M325107,6c77aeef-327e-440f-8510-74ce5a73bd8a,Deal with Patients' Anxiety,technical,100
M325107,7110bf9f-b245-4adc-9159-5081013fd64d,Communicate in Healthcare,technical,100
M325107,76395873-7fe2-4f9a-b4b6-9932f8cbd0b4,Follow Clinical Guidelines,technical,100
M325107,7f2cb89b-cd07-48d3-8e29-0082942284ef,Counsel on Nutrition and Its Impact on Oral Health,technical,100
M325107,8fced680-a4e4-4ecc-9999-3061ddc3583e,Perform Dental Charting,technical,100
M325107,913fcf58-07f4-401d-8395-4daeb3a4617f,Educate on Oral Healthcare and Disease Prevention,technical,100
M325107,98def55f-bb18-40af-9169-4da208e1f4de,Perform Dental Hygiene Interventions,technical,100
M325107,9fcf9918-fdef-49c3-aedc-518eb1e7e1f5,Comply with Legislation Related to Health Care,technical,100
M325107,a17286c5-238d-4f0b-bc24-29e9121345de,Listen Actively,technical,100
M325107,b55f61a4-5f9e-4741-ba95-9ac04b64119b,Work in a Multicultural Environment in Health Care,technical,100
M325107,bcd2ce08-ba12-4d66-865f-f4ba36419707,Promote Inclusion,technical,100
M325107,c65aa043-98da-4136-9877-494e72d9e4cf,Interact with Healthcare Users,technical,100
M325107,c68841cb-e661-44fa-a007-439de442ddbd,Follow Dentists' Instructions,technical,100
M325107,ce086892-462b-45b3-80e7-33bdb5d2db4d,Manage Infection Control in the Facility,technical,100
M325107,ce0d6a42-59c1-433e-ab62-adfc969c46bb,Ensure Safety of Healthcare Users,technical,100
M325107,d3eccb86-f02d-4950-bfbd-20b9510774a1,Apply Organisational Techniques,technical,100
M325107,d93f9e29-9740-4231-8486-13d377b99f05,Develop a Collaborative Therapeutic Relationship,technical,100
M325107,e18a6a3c-4f26-4141-8c72-4b4f01d77914,Apply Context Specific Clinical Competences,technical,100
M325107,eba85523-6ad2-4cd9-9b27-a0b6a39b8cfa,Work in Multidisciplinary Health Teams,technical,100
M325107,ed8fb417-50ba-4d3c-8525-1a7aef389d82,Perform Dental Radiographs,technical,100
M325107,f90d4810-8bac-4e5e-b870-3e35a4138ff7,Accept Own Accountability,technical,100
M325107,fefd081d-a237-4606-9e37-161ab6babdcb,Evaluate Clinical Outcomes of Dental Hygiene Interventions,technical,100
M325302,09d6ed43-95a1-4492-8bd7-d01039285afa,Provide Social Counselling,technical,100
M325302,28f98c7e-b89c-4b4d-ae0a-0c5a6328992e,Build Community Relations,technical,100
M325302,2f8a2712-d20c-4e5f-b34a-738f55486aa0,Apply Quality Standards in Social Services,technical,100
M325302,39dd50ae-814c-4a15-99e9-39afcc36bf9f,Legal Requirements in the Social Sector,technical,100
M325302,4a752bd2-9fe9-4539-ab5a-8edc0dec6ef0,Community Education,technical,100
M325302,4b5d4fe3-4280-47c0-b1d2-ab08ace85557,Deliver Social Services in Diverse Cultural Communities,technical,100
M325302,8d927aab-9202-4c02-9f39-5d478458f25c,Assess Social Service Users' Situation,technical,100
M325302,996243ee-543f-4c36-a31a-e0f2403c0c5d,Relate Empathetically,technical,100
M325302,a0e23745-6ba4-45e2-9510-df6e71ed1230,Apply Knowledge of Human Behaviour,technical,100
M325302,a95e0f9f-726e-4b0a-97c5-fa7a9d40ae8f,Review Social Service Plan,technical,100
M325302,a9661351-4d11-477e-9f8c-e22dab6596d6,Apply Decision Making Within Social Work,technical,100
M325302,bd17a64e-a9bd-439d-9b87-01c6bb1b7e09,Maintain Records of Work with Service Users,technical,100
M325302,e8828961-9e8e-471f-bd24-0673a7e844ef,Communicate with Social Service Users,technical,100
M325302,fdb44237-c0b0-4924-9439-911332e0d884,Build Helping Relationship with Social Service Users,technical,100
M325304,09d6ed43-95a1-4492-8bd7-d01039285afa,Provide Social Counselling,technical,100
M325304,28f98c7e-b89c-4b4d-ae0a-0c5a6328992e,Build Community Relations,technical,100
M325304,2f8a2712-d20c-4e5f-b34a-738f55486aa0,Apply Quality Standards in Social Services,technical,100
M325304,39dd50ae-814c-4a15-99e9-39afcc36bf9f,Legal Requirements in the Social Sector,technical,100
M325304,4a752bd2-9fe9-4539-ab5a-8edc0dec6ef0,Community Education,technical,100
M325304,4b5d4fe3-4280-47c0-b1d2-ab08ace85557,Deliver Social Services in Diverse Cultural Communities,technical,100
M325304,8d927aab-9202-4c02-9f39-5d478458f25c,Assess Social Service Users' Situation,technical,100
M325304,996243ee-543f-4c36-a31a-e0f2403c0c5d,Relate Empathetically,technical,100
M325304,a0e23745-6ba4-45e2-9510-df6e71ed1230,Apply Knowledge of Human Behaviour,technical,100
M325304,a95e0f9f-726e-4b0a-97c5-fa7a9d40ae8f,Review Social Service Plan,technical,100
M325304,a9661351-4d11-477e-9f8c-e22dab6596d6,Apply Decision Making Within Social Work,technical,100
M325304,bd17a64e-a9bd-439d-9b87-01c6bb1b7e09,Maintain Records of Work with Service Users,technical,100
M325304,e8828961-9e8e-471f-bd24-0673a7e844ef,Communicate with Social Service Users,technical,100
M325304,fdb44237-c0b0-4924-9439-911332e0d884,Build Helping Relationship with Social Service Users,technical,100
M325305,09d6ed43-95a1-4492-8bd7-d01039285afa,Provide Social Counselling,technical,100
M325305,28f98c7e-b89c-4b4d-ae0a-0c5a6328992e,Build Community Relations,technical,100
M325305,2f8a2712-d20c-4e5f-b34a-738f55486aa0,Apply Quality Standards in Social Services,technical,100
M325305,39dd50ae-814c-4a15-99e9-39afcc36bf9f,Legal Requirements in the Social Sector,technical,100
M325305,4a752bd2-9fe9-4539-ab5a-8edc0dec6ef0,Community Education,technical,100
M325305,4b5d4fe3-4280-47c0-b1d2-ab08ace85557,Deliver Social Services in Diverse Cultural Communities,technical,100
M325305,8d927aab-9202-4c02-9f39-5d478458f25c,Assess Social Service Users' Situation,technical,100
M325305,996243ee-543f-4c36-a31a-e0f2403c0c5d,Relate Empathetically,technical,100
M325305,a0e23745-6ba4-45e2-9510-df6e71ed1230,Apply Knowledge of Human Behaviour,technical,100
M325305,a95e0f9f-726e-4b0a-97c5-fa7a9d40ae8f,Review Social Service Plan,technical,100
M325305,a9661351-4d11-477e-9f8c-e22dab6596d6,Apply Decision Making Within Social Work,technical,100
M325305,bd17a64e-a9bd-439d-9b87-01c6bb1b7e09,Maintain Records of Work with Service Users,technical,100
M325305,e8828961-9e8e-471f-bd24-0673a7e844ef,Communicate with Social Service Users,technical,100
M325305,fdb44237-c0b0-4924-9439-911332e0d884,Build Helping Relationship with Social Service Users,technical,100
M325602,049c8caf-dd12-45fc-9bfa-b64051f32a19,Respond to Changing Situations in Health Care,technical,100
M325602,097098fc-6d89-44e9-9305-98ac5c0a78ac,Educate on the Prevention of Illness,technical,100
M325602,0b5aaee4-c948-4853-bf8d-b9cd6c4917ee,Inform Policy Makers on Health-Related Challenges,technical,100
M325602,13724e7d-b946-4773-915e-9621340237bc,Contribute to Continuity of Health Care,technical,100
M325602,16636767-c215-4cf0-b126-e144fea20926,Use E-Health and Mobile Health Technologies,digital,100
M325602,2475cd27-8d6c-4318-a364-21395b23acba,Empathise with the Healthcare User,technical,100
M325602,24f980ba-b44f-4739-b563-205104c3190d,Provide Basic Support to Patients,technical,100
M325602,2e90ef65-646a-4b1d-8597-26ca88aa1c6b,Identify Abnormalities,technical,100
M325602,4d614c92-0c48-4a11-a5ed-416b34fd50d2,Manage Healthcare Users' Data,technical,100
M325602,51e79cb4-fab3-404c-88f3-cd4a1bd5879e,Deal with Emergency Care Situations,technical,100
M325602,60b2dd49-c677-4f47-816e-aff3b577e113,Provide Health Education,technical,100
M325602,62268d9a-42f9-4c65-9ed3-d7ba69249896,Support Nurses,technical,100
M325602,65a1c226-5d93-4fec-8a15-cb1b2ec4379f,Work Under Supervision in Care,technical,100
M325602,68088afb-3afd-4538-8e25-377a63f09666,Communicate with Nursing Staff,technical,100
M325602,76395873-7fe2-4f9a-b4b6-9932f8cbd0b4,Follow Clinical Guidelines,technical,100
M325602,8232979d-6aa4-40c9-a12b-5152a52a76b8,Advise on Healthcare Users' Informed Consent,technical,100
M325602,98eb1f3b-3480-416b-bd4b-811946f7e347,Comply with Quality Standards Related to Healthcare Practice,technical,100
M325602,9fcf9918-fdef-49c3-aedc-518eb1e7e1f5,Comply with Legislation Related to Health Care,technical,100
M325602,a17286c5-238d-4f0b-bc24-29e9121345de,Listen Actively,technical,100
M325602,aa238394-8126-4ada-be2f-9dfe065cf314,Adhere to Organisational Guidelines,technical,100
M325602,b34a15fe-dc14-43eb-9eb3-c227238a029c,Convey Medical Routine Information,technical,100
M325602,b55f61a4-5f9e-4741-ba95-9ac04b64119b,Work in a Multicultural Environment in Health Care,technical,100
M325602,bccafecc-4d80-43d3-8c9f-aef382c3926f,Work with Nursing Staff,technical,100
M325602,bcd2ce08-ba12-4d66-865f-f4ba36419707,Promote Inclusion,technical,100
M325602,c65aa043-98da-4136-9877-494e72d9e4cf,Interact with Healthcare Users,technical,100
M325602,ce0d6a42-59c1-433e-ab62-adfc969c46bb,Ensure Safety of Healthcare Users,technical,100
M325602,d15ce60f-ddab-41ce-ba56-398451b77b60,Have Computer Literacy,digital,100
M325602,d3b74d50-7fc9-4051-9335-58d129a4a064,Monitor Basic Patients Signs,technical,100
M325602,d3eccb86-f02d-4950-bfbd-20b9510774a1,Apply Organisational Techniques,technical,100
M325602,d93f9e29-9740-4231-8486-13d377b99f05,Develop a Collaborative Therapeutic Relationship,technical,100
M325602,eba85523-6ad2-4cd9-9b27-a0b6a39b8cfa,Work in Multidisciplinary Health Teams,technical,100
M325602,f90d4810-8bac-4e5e-b870-3e35a4138ff7,Accept Own Accountability,technical,100
M325613,04e6f19b-6458-432f-9790-3979831a03bc,Teach Nursing Principles,technical,100
M325613,11f536f5-b0e2-46a6-95c1-bd765946604c,Guarantee Students' Safety,technical,100
M325613,20a8fe89-d4eb-4698-8521-8881c13377e0,Interact Professionally in Research and Professional Environments,technical,100
M325613,20f57a7f-b90e-4403-8c77-5ddd89b5835b,Prepare Lesson Content,technical,100
M325613,23ac233d-84ad-4517-b0f5-8ca19ba2614e,Monitor Developments in Field of Expertise,technical,100
M325613,2f0a426f-3b95-455b-a872-ef6dee168114,Compile Course Material,technical,100
M325613,31b67516-af16-4b97-8430-a8a8e0f84190,Assessment Processes,technical,100
M325613,36fe44b2-af36-4467-9be8-601e64b3dbc7,Liaise with Educational Support Staff,technical,100
M325613,4cd85845-f31c-4306-994d-e12d45114d83,Teach in Academic or Vocational Contexts,technical,100
M325613,4f7b14d8-f09c-49f7-abae-231e8c210e07,General Medicine,technical,100
M325613,51e53aff-6f8a-42ca-9cb9-47335130f4d7,Human Physiology,technical,100
M325613,59eb177a-2f30-4943-8b30-5f87dd51a80d,Apply Teaching Strategies,technical,100
M325613,63b9a087-a5db-424e-96ef-3212c8b5311e,Tutor Students,technical,100
M325613,6d13053b-ee35-492c-8976-8178420df398,Infection Control,technical,100
M325613,6f46a3bb-eb18-4c3e-b05b-8b073fceb4fb,Sterilization Techniques,technical,100
M325613,6fe019dd-027f-45f3-b19c-d27f7ae00980,Assess Students,technical,100
M325613,731101d9-94bc-4805-bff4-9578d1bf03b5,Learning Difficulties,technical,100
M325613,74e49482-75e8-4637-bdb1-fff868d02f7a,Scientific Literature,technical,100
M325613,7530bc44-f09d-4dd2-8911-92b98333e442,Assist Students with Equipment,technical,100
M325613,8b3aefd2-5021-418f-b069-828fb7abc598,Nursing Principles,technical,100
M325613,918f5211-b99f-4b29-9a34-6e475583ef55,Write Work-Related Reports,technical,100
M325613,9a58cd26-58eb-4a1c-b1b6-64037fe9cfa1,Think Abstractly,technical,100
M325613,9b9244b4-6f62-4834-839b-19e9eba0a407,Acute Care,technical,100
M325613,9c1e94ad-6c81-4fce-bc16-f7cf2e730cf0,Primary Care,technical,100
M325613,9ec4252d-cbe8-4134-88fa-549dee1883f3,Human Anatomy,technical,100
M325613,a584a638-a2c0-4b3c-bdf3-a64f87225be9,Mentor Individuals,technical,100
M325613,a8d24a95-47b3-4f88-92e7-06600bcd3612,Manage Personal Professional Development,technical,100
M325613,b32e593b-cc7f-4f38-bf50-e69431ec7ada,Demonstrate When Teaching,technical,100
M325613,b363bb5f-2c79-40af-94da-33e06f9dee9f,Apply Blended Learning,digital,100
M325613,b9bb1f03-15e2-4079-943e-7e483b21725b,Give Constructive Feedback,technical,100
M325613,bc7a6b88-a279-4b6e-ac5e-21666bc51dae,Innovation in Nursing,technical,100
M325613,cedd0710-62ae-4ff4-89ae-ac52375f86ec,Perform Classroom Management,technical,100
M325613,d39a5880-7d0a-4573-9f70-a75ff875bf83,Provide Lesson Materials,technical,100
M325613,d429b19a-132f-44d3-971b-bb0ccd94f979,Nursing Science,technical,100
M325613,d5e1e30e-44ab-4aba-abab-b8263e801b7a,Assist Students in Their Learning,technical,100
M325613,e3ef4981-2cba-4b34-b273-728c3a33d04f,Apply Intercultural Teaching Strategies,technical,100
M325613,ed57378a-2b27-4d80-8701-124e559cf17d,Liaise with Educational Staff,technical,100
M325613,edff6d20-660d-4d33-b412-9a5b664a14be,Curriculum Objectives,technical,100
M325613,f0699875-51da-48d2-bc92-54b0749baef1,Develop Course Outline,technical,100
M325613,f715be1d-5fc4-49d3-82a5-0b8090d12849,Synthesise Information,technical,100
M325613,f7464f30-662b-4177-85a0-3df9693e9e58,First Aid,technical,100
M325613,fa642fc3-5cc5-41cf-8926-6617a8b976a7,Promote the Participation of Citizens in Scientific and Research Activities,technical,100
M325613,ff64e9fc-36dd-4035-872a-83aa41dc1ad9,Communicate with a Non-Scientific Audience,technical,100
M325615,03500955-88a6-4c3d-a8c0-7594409dcff0,Operate Specialised Equipment in Emergency,technical,100
M325615,0450eaee-1a00-4622-8f4e-5356fce816d2,Hygiene in a Health Care Setting,technical,100
M325615,049c8caf-dd12-45fc-9bfa-b64051f32a19,Respond to Changing Situations in Health Care,technical,100
M325615,092f44f6-8631-460c-a862-f79f5c15dc03,Delegate Emergency Care,technical,100
M325615,0b5aaee4-c948-4853-bf8d-b9cd6c4917ee,Inform Policy Makers on Health-Related Challenges,technical,100
M325615,0dcea846-04b4-4ffc-8c75-a35c991454b1,Apply First Response,technical,100
M325615,135488ce-f5ba-4238-b7d1-8a1197664ab6,Manage Patients with Acute Illnesses,technical,100
M325615,13724e7d-b946-4773-915e-9621340237bc,Contribute to Continuity of Health Care,technical,100
M325615,16636767-c215-4cf0-b126-e144fea20926,Use E-Health and Mobile Health Technologies,digital,100
M325615,1d21f6ad-340f-45da-a0a3-4e83867f47a6,Provide First Aid,technical,100
M325615,21c35dda-555a-4db7-8984-c01dcd8ad865,Adapt to Emergency Care Environment,technical,100
M325615,2399e65b-cf2b-4f5b-9002-607e790fcf2a,Select Hazard Control,technical,100
M325615,2475cd27-8d6c-4318-a364-21395b23acba,Empathise with the Healthcare User,technical,100
M325615,269b8734-fa1d-4c6f-a843-523fa3bbae6e,Behavioural Science,technical,100
M325615,4d614c92-0c48-4a11-a5ed-416b34fd50d2,Manage Healthcare Users' Data,technical,100
M325615,4e5687e3-3d3a-4f5e-b76a-93da0124d453,Operational Tactics for Emergency Responses,technical,100
M325615,51c9eb38-e148-4094-b23a-6b8e31c3bfa8,Maintain Order at Scenes of Accidents,technical,100
M325615,51e79cb4-fab3-404c-88f3-cd4a1bd5879e,Deal with Emergency Care Situations,technical,100
M325615,60b2dd49-c677-4f47-816e-aff3b577e113,Provide Health Education,technical,100
M325615,60c544c9-0815-479c-bcec-93c7891815ea,Pharmacology,technical,100
M325615,64cb2785-974b-4aa3-818a-0310602185cb,Transfer Patients to and From Ambulance Vehicles,technical,100
M325615,6b7ec709-9635-4197-82eb-dc1525b2eb8b,Disorders of Vital Functions,technical,100
M325615,6dc4bab9-1982-4d5a-b8b6-14c3cfd32c31,Sanitary Technology,technical,100
M325615,7110bf9f-b245-4adc-9159-5081013fd64d,Communicate in Healthcare,technical,100
M325615,73de691d-d112-444b-a99f-606888fa9414,Transportation Methods,technical,100
M325615,76395873-7fe2-4f9a-b4b6-9932f8cbd0b4,Follow Clinical Guidelines,technical,100
M325615,78d5f0a2-53ac-421e-b415-573a88557a21,Pathogenic Microorganisms,technical,100
M325615,7cb8cb58-aae4-4625-9e8c-744560474241,Write Reports on Emergency Cases,technical,100
M325615,8071881c-d652-46e7-9cf4-e06a7f1e57c7,Manage Major Incidents,technical,100
M325615,82068fe6-183e-4396-9996-27d0152d713a,Sociology Applied to Paramedical Science,technical,100
M325615,8232979d-6aa4-40c9-a12b-5152a52a76b8,Advise on Healthcare Users' Informed Consent,technical,100
M325615,852e6830-f87c-4f35-b6d3-6aee31dc518c,Conduct Physical Examination in Emergency,technical,100
M325615,85c13cba-d555-429f-88cf-589b409fe978,Physical Science Applied to Paramedical Practice,technical,100
M325615,8d202e22-85e9-47b1-a1e0-3296d17244cd,Observe Confidentiality,technical,100
M325615,8dd866b9-ec50-4037-ba4e-bb56defc1bd2,Brief Hospital Staff,technical,100
M325615,949c119b-3433-439f-8ca9-1a9ce04b696d,Transfer Patients,technical,100
M325615,98eb1f3b-3480-416b-bd4b-811946f7e347,Comply with Quality Standards Related to Healthcare Practice,technical,100
M325615,9a5b670b-81b5-4807-8db6-a5d5b8413f83,Cope with Blood,technical,100
M325615,9b63d92b-5a3a-46b0-b2ba-c98b39ea5aaf,Health Care System,technical,100
M325615,9d00803f-5dde-4803-8111-416ed174676f,Immobilise Patients for Emergency Intervention,technical,100
M325615,9ec4252d-cbe8-4134-88fa-549dee1883f3,Human Anatomy,technical,100
M325615,9fcf9918-fdef-49c3-aedc-518eb1e7e1f5,Comply with Legislation Related to Health Care,technical,100
M325615,a17286c5-238d-4f0b-bc24-29e9121345de,Listen Actively,technical,100
M325615,a48a4b0b-e092-4267-b8df-ee382446a2f4,Employ Specific Paramedic Techniques in out-of-Hospital Care,technical,100
M325615,aa238394-8126-4ada-be2f-9dfe065cf314,Adhere to Organisational Guidelines,technical,100
M325615,ad05c2bf-3905-4e4c-bd56-6fcfdebc994c,Clinical Science,technical,100
M325615,b55f61a4-5f9e-4741-ba95-9ac04b64119b,Work in a Multicultural Environment in Health Care,technical,100
M325615,b6d7afec-bee3-46e8-8651-c6b1f38d435d,Assess Nature of Injury in Emergency,technical,100
M325615,b7ff512a-8bce-4918-b11b-7c388892472c,Defibrillation,technical,100
M325615,b9f16465-56a9-426b-a047-0f9f1f95ec92,Address Problems Critically,technical,100
M325615,bbff1ad2-cdb9-4def-9c16-1d36af146a30,Stages of Normal Development,technical,100
M325615,bcd2ce08-ba12-4d66-865f-f4ba36419707,Promote Inclusion,technical,100
M325615,c65aa043-98da-4136-9877-494e72d9e4cf,Interact with Healthcare Users,technical,100
M325615,ce0d6a42-59c1-433e-ab62-adfc969c46bb,Ensure Safety of Healthcare Users,technical,100
M325615,d09584de-57ff-450a-8e06-0d0f614f11f8,Intravenous Infusion,technical,100
M325615,d15f8745-28f8-4abf-a7b6-6cb8a304efd2,Tolerate Stress,technical,100
M325615,d3b74d50-7fc9-4051-9335-58d129a4a064,Monitor Basic Patients Signs,technical,100
M325615,d3eccb86-f02d-4950-bfbd-20b9510774a1,Apply Organisational Techniques,technical,100
M325615,d85a0e92-8b31-4d7e-9cae-9e62d44cc273,Principles of Paramedic Practice,technical,100
M325615,d93f9e29-9740-4231-8486-13d377b99f05,Develop a Collaborative Therapeutic Relationship,technical,100
M325615,df958b10-9e1c-4a80-9170-5572a5366e84,Medical Devices,technical,100
M325615,e18a6a3c-4f26-4141-8c72-4b4f01d77914,Apply Context Specific Clinical Competences,technical,100
M325615,e2e398af-6449-48e7-9fd5-ebe202dd157f,Position Patients Undergoing Interventions,technical,100
M325615,e585d690-ebfc-4b27-9dbc-7d655ce1176c,Intubation,technical,100
M325615,e9d74b8e-04a5-4743-b17b-bd8a4f09bc3b,Emergency Cases,technical,100
M325615,ea8aa053-2ac6-4f8e-b5d7-8e52b55966c2,Manage Acute Pain,technical,100
M325615,eba85523-6ad2-4cd9-9b27-a0b6a39b8cfa,Work in Multidisciplinary Health Teams,technical,100
M325615,f199955e-870e-4f44-aa65-51694449b6ce,Administer Medication in Emergency,technical,100
M325615,f39336a8-8bf3-4a36-ac40-2f88836f5112,Operate an Emergency Communication System,digital,100
M325615,f3c38c0f-eef5-443f-be68-14d74eaa695b,Prioritise Emergencies,technical,100
M325615,f7464f30-662b-4177-85a0-3df9693e9e58,First Aid,technical,100
M325615,f90d4810-8bac-4e5e-b870-3e35a4138ff7,Accept Own Accountability,technical,100
M325615,f9246b8b-d8c4-4c28-ba6c-b50680dd0c79,Medical Dispatch,technical,100
M325615,fbb8f1a7-c8b5-4722-92c4-814836b86934,Emergency Medicine,technical,100
M325703,081d7679-5070-4777-bece-a28c49f15636,Environmental Policy,technical,100
M325703,089ee650-297e-4716-87d1-440743b70a0d,Ensure Compliance with Environmental Legislation,technical,100
M325703,1cebfd4f-2ab3-480a-a3c8-8065a303717d,Address Public Health Issues,technical,100
M325703,1ff53c92-370d-414b-b758-b0a1b8026853,Check Methods,technical,100
M325703,3f82a026-8a37-4b54-9ebb-7702b66eeb24,Perform Environmental Investigations,technical,100
M325703,414332e4-8347-4771-b947-65bd3801a620,Use Consulting Techniques,technical,100
M325703,6a536b36-c5c7-4d10-bf67-a4fb0f8549b2,Audit Techniques,digital,100
M325703,6f5850ea-5785-4e2c-b062-743066fd5bdb,Environmental Legislation,technical,100
M325703,8bdc520c-6293-4e99-bf6f-a44d5da3ebcb,Monitor Legislation Developments,technical,100
M325703,93a68dcb-3dc6-4dbe-b196-f6d212228a50,Promote Health and Safety,technical,100
M325703,9570e84e-6699-4c9f-9a12-7bc82d53a231,Public Health,technical,100
M325703,96835f47-da71-415b-8cbf-d37386dc98d4,Conduct Environmental Surveys,technical,100
M325703,b77b7ac5-f25f-4baf-8e49-dcd4f31899f2,Contribute to Public Health Campaigns,technical,100
M325703,cdd2b6cc-b4a9-42a0-824b-766f52176fd3,Write Inspection Reports,technical,100
M325703,d0f2f8a7-d935-4a6d-8e54-dcc3e5e2cbeb,Present Reports,technical,100
M325703,d4cc5022-7801-4885-bcff-166552788d35,Provide Improvement Strategies,technical,100
M325705,095fdace-1cc3-4e80-b37b-268fe297904a,Prepare Audit Activities,technical,100
M325705,0cfc7eb9-2891-4153-b335-6331f381ff05,Communicate Health and Safety Measures,technical,100
M325705,0efbe2dc-2770-47ec-b8f4-d1bdff6ac0a4,Advise on Risk Management,technical,100
M325705,101d63ee-bb22-4a7c-9e0a-c2716063696a,"Make Health, Safety and Environment Assessments",technical,100
M325705,14d88fae-ead0-4d19-8519-04b154b46987,Promote Health and Safety Policies in Health Services,technical,100
M325705,198b614d-a9af-46f5-b3fd-2672b401dd8e,Health and Safety in the Workplace,technical,100
M325705,2cbb31ac-2403-4c31-90f3-7473623a56fc,Investigate Occupational Injuries,technical,100
M325705,2d9aaad3-a3c8-4c5b-bf67-46984d860873,Adhere to OHSAS 18001,technical,100
M325705,2dbdd054-896a-4167-8f11-e9b9ebcf199d,"Health, Safety and Hygiene Legislation",technical,100
M325705,324f0243-1a21-4f5c-9f71-52eebc2596ed,Interview Techniques,technical,100
M325705,41437077-2522-49bf-bcb2-083a23d52958,Inform on Workplace Safety Standards,technical,100
M325705,4707bc7a-e7e7-48e5-8dc5-49ec60fbae90,Document Safety Actions,technical,100
M325705,556be6f4-225f-46a2-a795-d3d54d98c3f7,Conduct Workplace Audits,technical,100
M325705,5d204ec8-981b-4405-9a82-0b1cb21ca9d3,Monitor Employee's Health,technical,100
M325705,5f97fac8-2001-4b81-ae8b-22f9062d921a,Identify Hazards in the Workplace,technical,100
M325705,6a536b36-c5c7-4d10-bf67-a4fb0f8549b2,Audit Techniques,digital,100
M325705,6eff134b-e34f-4d6e-a6e8-5e47cf2228d0,Risk Management,technical,100
M325705,751f6baf-de47-4d67-a657-4133066703f4,Identify Policy Breach,technical,100
M325705,8006596d-605b-4088-a3f6-8e3aedec21ab,Prevent Health and Safety Problems,technical,100
M325705,801ef90e-6db2-4a6b-83bc-5e1144524d10,Prevent Work Accidents,technical,100
M325705,896563fc-6255-4419-89c2-ffed30159ad6,Conduct Research Interview,technical,100
M325705,8bdc520c-6293-4e99-bf6f-a44d5da3ebcb,Monitor Legislation Developments,technical,100
M325705,93a68dcb-3dc6-4dbe-b196-f6d212228a50,Promote Health and Safety,technical,100
M325705,988ec766-73c5-4066-97ed-dee2a6d07fba,Ensure Annual Safety Inspections,technical,100
M325705,bb663409-5c88-4e3a-bc16-01aa1c8ce171,Plan Health and Safety Procedures,technical,100
M325705,d0f48427-7987-4f86-b24d-709837a37fd2,Assist Employee Health Programmes,technical,100
M325705,d2d9051a-10e1-41c5-9cfb-bbdc58016176,Follow Safety Precautions in Work Practices,technical,100
M325705,d5e39a53-4f54-4d5f-9df3-b49664c9559d,Occupational Health,technical,100
M325705,db9050db-ae5d-4be8-8114-c26f272c3bda,Manage Health and Safety,technical,100
M325705,dcc96a49-0bac-4a9c-8f8e-a32b4e47e6eb,Apply Health and Safety Standards,technical,100
M325705,e111620f-090e-4427-a996-21a6e5a2d14f,Instruct on Safety Measures,technical,100
M325705,e4c19f92-6379-45e7-b94d-592457c6d68d,Foster Compliance with Health and Safety Rules by Setting an Example,technical,100
M325705,f2f463e5-2382-49cb-8199-e7e043d868df,Health and Safety Regulations,technical,100
M325705,f9d70f2a-c3f0-475d-ac55-dc2e2ba856e8,Lead Inspections,technical,100
M325735,07ec6866-d283-46a6-991c-e8ce0c6fc159,Interpret Scientific Data to Assess Water Quality,technical,100
M325735,0b917c3e-e49f-40d9-8f95-3bc8e9c06fd2,Perform Laboratory Tests,technical,100
M325735,1697d506-a82b-45aa-9a2f-2b71d71e1789,Water Chemistry Analysis,technical,100
M325735,17fa2e6a-ca80-4d60-afb0-03f170e9d5f3,Collect Samples,technical,100
M325735,2f48c606-a936-46a4-9058-dd925973efd6,Measure Water Quality Parameters,technical,100
M325735,328733a7-6d84-420d-a65c-2a8014fadc60,Record Test Data,technical,100
M325735,51754b8a-3e2c-4cc1-86e6-cf510d9c6fe4,Use Personal Protection Equipment,technical,100
M325735,6af000e5-a451-4f78-9feb-723971f2ad05,Develop Water Purification Methods,technical,100
M325735,74aa00bc-db99-4984-8817-7df2ca954ea1,Chemical Processes,technical,100
M325735,8259c2c0-2749-41e2-a4a8-4a64a76eab37,Laboratory Techniques,technical,100
M325735,ab2e56f3-24f0-413b-a67b-291a67fc2d1f,Test Chemical Samples,technical,100
M325735,e08d5950-f694-450e-90ae-088001dad5e9,Perform Water Chemistry Analysis,technical,100
M325735,e2e9bf69-80b3-4237-afd9-40960dc3c67e,Prepare Chemical Samples,technical,100
M325735,e80f9e50-71ff-4bb7-8b7d-eb232685d17f,Perform Water Testing Procedures,technical,100
M325737,233be639-bdb5-4099-ab40-96d537d6c1f3,Ensure Compliance with Safety Legislation,technical,100
M325737,334e3e49-fb02-4051-809a-f06adfdc1c40,Troubleshoot,technical,100
M325737,351e3f8f-4631-412d-963f-25b5fd4efe48,Maintain Records of Mining Operations,technical,100
M325737,35bca3d6-c1ae-48ff-9ae3-a11cea578c2c,Impact of Geological Factors on Mining Operations,technical,100
M325737,3d0a644e-d056-46cb-aa0e-fbf6f88fcbb1,Investigate Mine Accidents,technical,100
M325737,4064716d-6714-48ea-95a0-ef81c2b31672,Mine Safety Legislation,technical,100
M325737,445b65c5-5b16-4f66-94ce-f2a7f49f9ee7,Manage Emergency Procedures,technical,100
M325737,4e4a9605-66d5-4e47-b591-bdc2d0fbdba1,Train Employees in Mine Safety,technical,100
M325737,5d204ec8-981b-4405-9a82-0b1cb21ca9d3,Monitor Employee's Health,technical,100
M325737,7a66b8a3-502f-408e-ac69-46e72dec6ede,Deal with Pressure From Unexpected Circumstances,technical,100
M325737,7ad85aef-f74d-4c57-8dde-adc1d3e8269a,Conduct Drug Abuse Tests,technical,100
M325737,b9f16465-56a9-426b-a047-0f9f1f95ec92,Address Problems Critically,technical,100
M325737,c83b7143-132d-4559-be57-83eb4da1e7c1,Inspect Mine Safety Conditions,technical,100
M325737,d0f48427-7987-4f86-b24d-709837a37fd2,Assist Employee Health Programmes,technical,100
M325737,ed8e99d5-68c0-4f1b-8356-8fa963f6d75f,Assist Blood Sample Collection,technical,100
M325737,f041ce17-a005-4c69-846e-e3806e0b62f9,Conduct Inter-Shift Communication,technical,100
M325748,081d7679-5070-4777-bece-a28c49f15636,Environmental Policy,technical,100
M325748,089ee650-297e-4716-87d1-440743b70a0d,Ensure Compliance with Environmental Legislation,technical,100
M325748,1cebfd4f-2ab3-480a-a3c8-8065a303717d,Address Public Health Issues,technical,100
M325748,1ff53c92-370d-414b-b758-b0a1b8026853,Check Methods,technical,100
M325748,3f82a026-8a37-4b54-9ebb-7702b66eeb24,Perform Environmental Investigations,technical,100
M325748,414332e4-8347-4771-b947-65bd3801a620,Use Consulting Techniques,technical,100
M325748,6a536b36-c5c7-4d10-bf67-a4fb0f8549b2,Audit Techniques,digital,100
M325748,6f5850ea-5785-4e2c-b062-743066fd5bdb,Environmental Legislation,technical,100
M325748,8bdc520c-6293-4e99-bf6f-a44d5da3ebcb,Monitor Legislation Developments,technical,100
M325748,93a68dcb-3dc6-4dbe-b196-f6d212228a50,Promote Health and Safety,technical,100
M325748,9570e84e-6699-4c9f-9a12-7bc82d53a231,Public Health,technical,100
M325748,96835f47-da71-415b-8cbf-d37386dc98d4,Conduct Environmental Surveys,technical,100
M325748,b77b7ac5-f25f-4baf-8e49-dcd4f31899f2,Contribute to Public Health Campaigns,technical,100
M325748,cdd2b6cc-b4a9-42a0-824b-766f52176fd3,Write Inspection Reports,technical,100
M325748,d0f2f8a7-d935-4a6d-8e54-dcc3e5e2cbeb,Present Reports,technical,100
M325748,d4cc5022-7801-4885-bcff-166552788d35,Provide Improvement Strategies,technical,100
M325749,09c28e46-712a-4c11-a4ae-67ae554ea940,Advise on Chemical Use Reduction,technical,100
M325749,0b917c3e-e49f-40d9-8f95-3bc8e9c06fd2,Perform Laboratory Tests,technical,100
M325749,0f5374e3-0b9b-4b16-af7a-49654ce0bb15,Human-Robot Collaboration,digital,100
M325749,17fa2e6a-ca80-4d60-afb0-03f170e9d5f3,Collect Samples,technical,100
M325749,29bfe2cd-f011-4f94-a3aa-f77768e60460,Analyse Energy Consumption,technical,100
M325749,3181325d-0590-4c6e-8db1-8278427c18ff,Analyse Information Processes,technical,100
M325749,3a2d5b45-56e4-4f5a-a55a-4a4a65afdc43,Machine Learning,digital,100
M325749,3e25fd3e-2bcd-4320-9587-0aadf7fb93b1,Advise on Soil and Water Protection,technical,100
M325749,3e40c7d0-0e36-4b33-bc33-0aa87eda0561,Electrical Engineering,technical,100
M325749,47a49cd6-097d-457a-9f7b-c290c14930d5,Analyse Big Data,digital,100
M325749,4bbb309f-9162-49b9-93da-fb2c371e5c5f,Collect Samples for Analysis,technical,100
M325749,5da42cfd-1da8-4e4f-b68e-4f821d005fc5,Virtual Reality,digital,100
M325749,5dd01a1e-7ba0-4b7f-a76c-ed811c12bfde,Apply Numeracy Skills,technical,100
M325749,6f5850ea-5785-4e2c-b062-743066fd5bdb,Environmental Legislation,technical,100
M325749,75f650d0-9096-4b8f-bbd6-ad05ee3f6121,Document Analysis Results,technical,100
M325749,77f109c4-3107-4d2a-a512-5160ac103933,Analyse Environmental Data,technical,100
M325749,7d913551-e17a-40ba-baf7-48d0c3b12e50,Predictive Maintenance,digital,100
M325749,82423b5c-486f-42e7-b00e-7358757a8de5,Test Samples for Pollutants,technical,100
M325749,8259c2c0-2749-41e2-a4a8-4a64a76eab37,Laboratory Techniques,technical,100
M325749,83fc0b2b-6cd2-46af-b1ff-d3fc83604c26,Energy Efficiency,technical,100
M325749,8f585def-6ade-41b3-b897-3d71fba4151d,Alternative Energy,technical,100
M325749,95c35c3a-035f-47c2-90cf-7e934d20fc08,Electronics,digital,100
M325749,a181e89d-44ae-40e7-8d37-177071237c74,Metrology,technical,100
M325749,a366bfc5-8d17-4792-a9f0-db0951528dda,Advise on Environmental Risk Management Systems,technical,100
M325749,aafbfaa4-5f93-457e-8cb8-d4ed855277f8,Analyse Experimental Laboratory Data,technical,100
M325749,b422efe7-b151-4120-86ae-db11a48dd0fa,Advise on Environmental Remediation,technical,100
M325749,c7cc6dc5-d56b-4323-8e5c-47c4022f615f,Quality Assurance Methodologies,technical,100
M325749,c8b4b02c-d9ce-4e24-ab43-5dd52c6dff48,Advise on Carbon Emissions Reduction,technical,100
M325749,cbb330ab-55ac-4eec-b54c-b85c6219f508,Remote Sensing Techniques,technical,100
M325749,cde9911c-f92e-4de1-811f-336e177ac4ce,Chemistry,technical,100
M325749,d2c81ad1-2439-43cf-9c63-204187b8f771,Mitigate Waste of Resources,technical,100
M325749,e465a154-93f7-4973-9ce1-31659fe16dd2,Principles of Artificial Intelligence,digital,100
M325749,e541c69c-ea80-4b17-87cb-4001d0b9d303,Assess Environmental Impact,technical,100
M325749,f049d050-12da-4e40-813a-2b5eb6df6b51,Internet of Things,digital,100
M325749,f12f094b-492f-4e88-b36b-50b8e58b7500,Conduct Environmental Site Assessments,technical,100
M325749,f2d57f41-43b4-4f5b-8100-3df5c21eda50,Process Data,digital,100
M325749,f3cc52e3-a96c-4549-b841-6e41a846fa99,Report on Environmental Issues,technical,100
M325805,03500955-88a6-4c3d-a8c0-7594409dcff0,Operate Specialised Equipment in Emergency,technical,100
M325805,0450eaee-1a00-4622-8f4e-5356fce816d2,Hygiene in a Health Care Setting,technical,100
M325805,049c8caf-dd12-45fc-9bfa-b64051f32a19,Respond to Changing Situations in Health Care,technical,100
M325805,092f44f6-8631-460c-a862-f79f5c15dc03,Delegate Emergency Care,technical,100
M325805,0b5aaee4-c948-4853-bf8d-b9cd6c4917ee,Inform Policy Makers on Health-Related Challenges,technical,100
M325805,0dcea846-04b4-4ffc-8c75-a35c991454b1,Apply First Response,technical,100
M325805,135488ce-f5ba-4238-b7d1-8a1197664ab6,Manage Patients with Acute Illnesses,technical,100
M325805,13724e7d-b946-4773-915e-9621340237bc,Contribute to Continuity of Health Care,technical,100
M325805,16636767-c215-4cf0-b126-e144fea20926,Use E-Health and Mobile Health Technologies,digital,100
M325805,1d21f6ad-340f-45da-a0a3-4e83867f47a6,Provide First Aid,technical,100
M325805,21c35dda-555a-4db7-8984-c01dcd8ad865,Adapt to Emergency Care Environment,technical,100
M325805,2399e65b-cf2b-4f5b-9002-607e790fcf2a,Select Hazard Control,technical,100
M325805,2475cd27-8d6c-4318-a364-21395b23acba,Empathise with the Healthcare User,technical,100
M325805,269b8734-fa1d-4c6f-a843-523fa3bbae6e,Behavioural Science,technical,100
M325805,4d614c92-0c48-4a11-a5ed-416b34fd50d2,Manage Healthcare Users' Data,technical,100
M325805,4e5687e3-3d3a-4f5e-b76a-93da0124d453,Operational Tactics for Emergency Responses,technical,100
M325805,51c9eb38-e148-4094-b23a-6b8e31c3bfa8,Maintain Order at Scenes of Accidents,technical,100
M325805,51e79cb4-fab3-404c-88f3-cd4a1bd5879e,Deal with Emergency Care Situations,technical,100
M325805,60b2dd49-c677-4f47-816e-aff3b577e113,Provide Health Education,technical,100
M325805,60c544c9-0815-479c-bcec-93c7891815ea,Pharmacology,technical,100
M325805,64cb2785-974b-4aa3-818a-0310602185cb,Transfer Patients to and From Ambulance Vehicles,technical,100
M325805,6b7ec709-9635-4197-82eb-dc1525b2eb8b,Disorders of Vital Functions,technical,100
M325805,6dc4bab9-1982-4d5a-b8b6-14c3cfd32c31,Sanitary Technology,technical,100
M325805,7110bf9f-b245-4adc-9159-5081013fd64d,Communicate in Healthcare,technical,100
M325805,73de691d-d112-444b-a99f-606888fa9414,Transportation Methods,technical,100
M325805,76395873-7fe2-4f9a-b4b6-9932f8cbd0b4,Follow Clinical Guidelines,technical,100
M325805,78d5f0a2-53ac-421e-b415-573a88557a21,Pathogenic Microorganisms,technical,100
M325805,7cb8cb58-aae4-4625-9e8c-744560474241,Write Reports on Emergency Cases,technical,100
M325805,8071881c-d652-46e7-9cf4-e06a7f1e57c7,Manage Major Incidents,technical,100
M325805,82068fe6-183e-4396-9996-27d0152d713a,Sociology Applied to Paramedical Science,technical,100
M325805,8232979d-6aa4-40c9-a12b-5152a52a76b8,Advise on Healthcare Users' Informed Consent,technical,100
M325805,852e6830-f87c-4f35-b6d3-6aee31dc518c,Conduct Physical Examination in Emergency,technical,100
M325805,85c13cba-d555-429f-88cf-589b409fe978,Physical Science Applied to Paramedical Practice,technical,100
M325805,8d202e22-85e9-47b1-a1e0-3296d17244cd,Observe Confidentiality,technical,100
M325805,8dd866b9-ec50-4037-ba4e-bb56defc1bd2,Brief Hospital Staff,technical,100
M325805,949c119b-3433-439f-8ca9-1a9ce04b696d,Transfer Patients,technical,100
M325805,98eb1f3b-3480-416b-bd4b-811946f7e347,Comply with Quality Standards Related to Healthcare Practice,technical,100
M325805,9a5b670b-81b5-4807-8db6-a5d5b8413f83,Cope with Blood,technical,100
M325805,9b63d92b-5a3a-46b0-b2ba-c98b39ea5aaf,Health Care System,technical,100
M325805,9d00803f-5dde-4803-8111-416ed174676f,Immobilise Patients for Emergency Intervention,technical,100
M325805,9ec4252d-cbe8-4134-88fa-549dee1883f3,Human Anatomy,technical,100
M325805,9fcf9918-fdef-49c3-aedc-518eb1e7e1f5,Comply with Legislation Related to Health Care,technical,100
M325805,a17286c5-238d-4f0b-bc24-29e9121345de,Listen Actively,technical,100
M325805,a48a4b0b-e092-4267-b8df-ee382446a2f4,Employ Specific Paramedic Techniques in out-of-Hospital Care,technical,100
M325805,aa238394-8126-4ada-be2f-9dfe065cf314,Adhere to Organisational Guidelines,technical,100
M325805,ad05c2bf-3905-4e4c-bd56-6fcfdebc994c,Clinical Science,technical,100
M325805,b55f61a4-5f9e-4741-ba95-9ac04b64119b,Work in a Multicultural Environment in Health Care,technical,100
M325805,b6d7afec-bee3-46e8-8651-c6b1f38d435d,Assess Nature of Injury in Emergency,technical,100
M325805,b7ff512a-8bce-4918-b11b-7c388892472c,Defibrillation,technical,100
M325805,b9f16465-56a9-426b-a047-0f9f1f95ec92,Address Problems Critically,technical,100
M325805,bbff1ad2-cdb9-4def-9c16-1d36af146a30,Stages of Normal Development,technical,100
M325805,bcd2ce08-ba12-4d66-865f-f4ba36419707,Promote Inclusion,technical,100
M325805,c65aa043-98da-4136-9877-494e72d9e4cf,Interact with Healthcare Users,technical,100
M325805,ce0d6a42-59c1-433e-ab62-adfc969c46bb,Ensure Safety of Healthcare Users,technical,100
M325805,d09584de-57ff-450a-8e06-0d0f614f11f8,Intravenous Infusion,technical,100
M325805,d15f8745-28f8-4abf-a7b6-6cb8a304efd2,Tolerate Stress,technical,100
M325805,d3b74d50-7fc9-4051-9335-58d129a4a064,Monitor Basic Patients Signs,technical,100
M325805,d3eccb86-f02d-4950-bfbd-20b9510774a1,Apply Organisational Techniques,technical,100
M325805,d85a0e92-8b31-4d7e-9cae-9e62d44cc273,Principles of Paramedic Practice,technical,100
M325805,d93f9e29-9740-4231-8486-13d377b99f05,Develop a Collaborative Therapeutic Relationship,technical,100
M325805,df958b10-9e1c-4a80-9170-5572a5366e84,Medical Devices,technical,100
M325805,e18a6a3c-4f26-4141-8c72-4b4f01d77914,Apply Context Specific Clinical Competences,technical,100
M325805,e2e398af-6449-48e7-9fd5-ebe202dd157f,Position Patients Undergoing Interventions,technical,100
M325805,e585d690-ebfc-4b27-9dbc-7d655ce1176c,Intubation,technical,100
M325805,e9d74b8e-04a5-4743-b17b-bd8a4f09bc3b,Emergency Cases,technical,100
M325805,ea8aa053-2ac6-4f8e-b5d7-8e52b55966c2,Manage Acute Pain,technical,100
M325805,eba85523-6ad2-4cd9-9b27-a0b6a39b8cfa,Work in Multidisciplinary Health Teams,technical,100
M325805,f199955e-870e-4f44-aa65-51694449b6ce,Administer Medication in Emergency,technical,100
M325805,f39336a8-8bf3-4a36-ac40-2f88836f5112,Operate an Emergency Communication System,digital,100
M325805,f3c38c0f-eef5-443f-be68-14d74eaa695b,Prioritise Emergencies,technical,100
M325805,f7464f30-662b-4177-85a0-3df9693e9e58,First Aid,technical,100
M325805,f90d4810-8bac-4e5e-b870-3e35a4138ff7,Accept Own Accountability,technical,100
M325805,f9246b8b-d8c4-4c28-ba6c-b50680dd0c79,Medical Dispatch,technical,100
M325805,fbb8f1a7-c8b5-4722-92c4-814836b86934,Emergency Medicine,technical,100
M331401,06670261-ea6b-4b52-a915-c7d4ff837f74,Identify Statistical Patterns,technical,100
M331401,0d6714c6-720e-4985-9791-5ab85d28da79,Gather Data,digital,100
M331401,2b92a5b2-6758-4ee3-9fb4-b6387a55cc8f,Perform Data Analysis,digital,100
M331401,31c69100-b612-4a61-8db5-fd314318854c,Execute Analytical Mathematical Calculations,technical,100
M331401,382c11ed-20d5-4ae7-b60e-15fec527fa6c,Apply Statistical Analysis Techniques,digital,100
M331401,4339176e-3acd-4f7f-a5d9-445bee3d23f2,Mathematics,technical,100
M331401,629685b8-5f9e-4522-8cff-b3e2c4ec625a,Digital Data Processing,digital,100
M331401,6360a934-cc87-4954-9656-b32db20592e3,Quantitative Analysis,digital,100
M331401,7a34b3d9-bd3b-4f4e-a0f6-f97439901cb7,Apply Scientific Methods,technical,100
M331401,7ee4c2ea-b349-4bd2-81a3-ec31475d4833,Statistics,technical,100
M331401,8316979b-df5a-4dc7-98ef-61ec6a10df84,Conduct Quantitative Research,technical,100
M331401,918f5211-b99f-4b29-9a34-6e475583ef55,Write Work-Related Reports,technical,100
M331401,941364b9-1375-4add-9889-d67bae99bc8c,Write Technical Reports,technical,100
M331401,ad59afe4-6f8a-4bc4-acfd-0f228277508a,Statistical Analysis System Software,digital,100
M331401,f2d57f41-43b4-4f5b-8100-3df5c21eda50,Process Data,digital,100
M351203,01e7dee7-3ff1-4807-acad-058dbed91aba,Keep up to Date on Product Knowledge,technical,100
M351203,054f26ab-cfdc-4077-883c-1c4c9e9b310a,Define Firewall Rules,digital,100
M351203,0868eef3-2213-4572-9343-74931345a7d3,Administer ICT System,digital,100
M351203,0da6cab1-0ee9-4391-a299-f71fbf21db56,ICT Network Routing,digital,100
M351203,32428b21-514b-42c2-81b5-244a7804ea74,Procurement of ICT Network Equipment,digital,100
M351203,397da142-ab35-48fe-b154-7c38f447adfb,Digital Systems,digital,100
M351203,501537a7-9d63-491d-ae02-09f04767ff1e,Attack Vectors,digital,100
M351203,6474fc36-67ae-436b-9d39-c14402c6a89b,Use ICT Hardware,digital,100
M351203,6561c8e7-3851-4878-bcf4-d2ffd63d835e,Use Repair Manuals,technical,100
M351203,744442ac-c157-4350-8be0-ce454df4f5c5,Perform ICT Troubleshooting,digital,100
M351203,7c5b66c6-36a1-4e03-bb57-64e8688b8f58,Operate Private Branch Exchange,digital,100
M351203,a99c6783-50c0-4f7a-99df-bf93429ef6dc,Use Precision Tools,technical,100
M351203,acf0a78c-f4e3-4bd9-a5cc-9cf4791b3b95,Implement a Virtual Private Network,digital,100
M351203,b4877620-c375-45f3-a678-2ddb4dae6a29,Repair ICT Devices,digital,100
M351203,bb2b4485-2bad-402f-8517-44bf7d9afff4,Implement Anti-Virus Software,digital,100
M351203,cf3e976d-2c3e-495c-a874-f9e8a66d3b48,Perform Backups,digital,100
M351203,d1e954cd-d290-4d80-97c0-7969960d2928,Distributed Directory Information Services,digital,100
M351203,d6e3395b-5ab6-4fba-969a-3df634e904c5,ICT Network Cable Limitations,digital,100
M351203,f5ac9226-0ace-4d34-a1c3-7b3845834a98,Maintain ICT Server,digital,100
M351203,f8f1f725-0105-41fa-9887-4df9e7a7af1e,Manage Email Hosting Service,digital,100
M351203,f9e788df-d68a-4f92-92c7-80e135fc35ff,ICT Networking Hardware,digital,100
M351203,fbbcb9ab-4b95-4e57-a756-30d08b7da7a5,Maintain ICT System,digital,100
M351203,fc2f1d4f-a46f-471e-a618-cbd4d0496a53,Implement ICT Recovery System,digital,100
M351208,022dc430-872a-473a-9cf4-fed4895e58ad,Define Database Physical Structure,digital,100
M351208,03ff0d53-573a-47a0-a0ad-1995815a4339,Information Structure,digital,100
M351208,04fe962b-4017-4eb7-9139-7d69b6922bc9,Use an Application-Specific Interface,digital,100
M351208,071233c4-ad2b-4f50-b79f-768d2231163e,Domain Name Service,digital,100
M351208,0868eef3-2213-4572-9343-74931345a7d3,Administer ICT System,digital,100
M351208,0a43729f-2a79-4dae-9faa-95520daae79f,Apply Company Policies,technical,100
M351208,29fb0fb5-dfc4-4098-ac9b-3a712000f48f,Manage Database,digital,100
M351208,4463a721-69f3-413d-8321-43e3af13a4f1,Use Databases,digital,100
M351208,47ca0da1-cae5-4395-ae6b-fd97b9ff48d3,System Backup Best Practice,digital,100
M351208,5ef0c719-5bcb-49f8-b8eb-824388225333,Use Scripting Programming,digital,100
M351208,6c08403c-a5bb-4868-b8c2-b7d039c0e511,Design Database Scheme,digital,100
M351208,7369f779-4b71-4aab-8836-48b69c676eec,Operate Relational Database Management System,digital,100
M351208,744442ac-c157-4350-8be0-ce454df4f5c5,Perform ICT Troubleshooting,digital,100
M351208,85c11255-469f-41bd-a6d1-382bc4a87783,Interpret Technical Texts,technical,100
M351208,897b393f-e7e0-4248-a40d-d77119694e83,Distributed Computing,digital,100
M351208,99207709-d076-4cce-ba38-e90d3bb28806,Resource Description Framework Query Language,digital,100
M351208,9ba8fd27-275d-4bad-8c48-f668aa99a578,Balance Database Resources,digital,100
M351208,9cf681c7-89ec-470c-b651-7fe03786f586,Query Languages,digital,100
M351208,9ef0f3a0-9ce2-4ef1-a987-0366b5cb2dbe,Database Development Tools,digital,100
M351208,a7f0fbe0-c546-4f30-8e41-34a58c64567e,Data Storage,digital,100
M351208,ab1e97ed-2319-4293-a8b7-072d2648822f,Database Management Systems,digital,100
M351208,ab67fbfb-0ca7-4345-8bf6-af8f59480212,Design Database Backup Specifications,digital,100
M351208,cc7370dd-69fa-4c67-a96f-d4d135d38700,Data Quality Assessment,digital,100
M351208,cf3e976d-2c3e-495c-a874-f9e8a66d3b48,Perform Backups,digital,100
M351208,d6cdef49-b669-4507-91d1-3f959cf98e47,Maintain Database Performance,digital,100
M351208,ec85cc63-4e24-4631-bf92-8789db2605c0,Maintain Database Security,digital,100
M351208,fbafa41f-cd05-4109-a649-8b44d306d779,Create Data Models,digital,100
M351208,fecf8a0d-62c4-4e71-9b03-0f4fc2ad7bf5,Data Models,digital,100
M351209,04fe962b-4017-4eb7-9139-7d69b6922bc9,Use an Application-Specific Interface,digital,100
M351209,07e51c60-763a-4335-b4ec-70a15f66d328,Propose ICT Solutions to Business Problems,digital,100
M351209,0b0335f3-0aa1-491e-895e-81fc8774a300,Develop Automated Migration Methods,digital,100
M351209,0e0c9c11-b39e-43cf-ba95-2fe646f5de64,Identify Customer Requirements,technical,100
M351209,172020d1-e151-445b-8173-e2a5fb16fe51,Utilise Computer-Aided Software Engineering Tools,digital,100
M351209,21d2f96d-35f7-4e3f-9745-c533d2dd6e97,Computer Programming,digital,100
M351209,2522a6ce-3202-4ac8-9f5b-b9cb5a3a83a1,Debug Software,digital,100
M351209,2b7a79e5-84d8-4880-be66-3d9bb05bea17,Use Software Design Patterns,digital,100
M351209,41bf7ede-fc84-4a57-8c89-b548d11b0ba1,Manage Business Knowledge,technical,100
M351209,6014921e-1d25-4039-adc2-04852d61880e,ICT Debugging Tools,digital,100
M351209,797a4416-0b8d-44f3-8fcd-eb10bd0be6b4,Develop Software Prototype,digital,100
M351209,85c11255-469f-41bd-a6d1-382bc4a87783,Interpret Technical Texts,technical,100
M351209,8b94aa1e-89c9-459d-b3b4-1dfab8dec2df,Use Software Libraries,digital,100
M351209,901105f8-3a08-453e-b1dc-23619e317fd3,Create Flowchart Diagram,technical,100
M351209,925463a7-d51f-4d5b-9f79-4d28cf30acde,Integrated Development Environment Software,digital,100
M351209,9d2e926f-53d9-41f5-98f3-19dfaa687f3f,Tools for Software Configuration Management,digital,100
M351209,f28617ad-afdd-4041-814c-216153a38998,Analyse Software Specifications,digital,100
M351215,01e7dee7-3ff1-4807-acad-058dbed91aba,Keep up to Date on Product Knowledge,technical,100
M351215,054f26ab-cfdc-4077-883c-1c4c9e9b310a,Define Firewall Rules,digital,100
M351215,0868eef3-2213-4572-9343-74931345a7d3,Administer ICT System,digital,100
M351215,0da6cab1-0ee9-4391-a299-f71fbf21db56,ICT Network Routing,digital,100
M351215,32428b21-514b-42c2-81b5-244a7804ea74,Procurement of ICT Network Equipment,digital,100
M351215,397da142-ab35-48fe-b154-7c38f447adfb,Digital Systems,digital,100
M351215,501537a7-9d63-491d-ae02-09f04767ff1e,Attack Vectors,digital,100
M351215,6474fc36-67ae-436b-9d39-c14402c6a89b,Use ICT Hardware,digital,100
M351215,6561c8e7-3851-4878-bcf4-d2ffd63d835e,Use Repair Manuals,technical,100
M351215,744442ac-c157-4350-8be0-ce454df4f5c5,Perform ICT Troubleshooting,digital,100
M351215,7c5b66c6-36a1-4e03-bb57-64e8688b8f58,Operate Private Branch Exchange,digital,100
M351215,a99c6783-50c0-4f7a-99df-bf93429ef6dc,Use Precision Tools,technical,100
M351215,acf0a78c-f4e3-4bd9-a5cc-9cf4791b3b95,Implement a Virtual Private Network,digital,100
M351215,b4877620-c375-45f3-a678-2ddb4dae6a29,Repair ICT Devices,digital,100
M351215,bb2b4485-2bad-402f-8517-44bf7d9afff4,Implement Anti-Virus Software,digital,100
M351215,cf3e976d-2c3e-495c-a874-f9e8a66d3b48,Perform Backups,digital,100
M351215,d1e954cd-d290-4d80-97c0-7969960d2928,Distributed Directory Information Services,digital,100
M351215,d6e3395b-5ab6-4fba-969a-3df634e904c5,ICT Network Cable Limitations,digital,100
M351215,f5ac9226-0ace-4d34-a1c3-7b3845834a98,Maintain ICT Server,digital,100
M351215,f8f1f725-0105-41fa-9887-4df9e7a7af1e,Manage Email Hosting Service,digital,100
M351215,f9e788df-d68a-4f92-92c7-80e135fc35ff,ICT Networking Hardware,digital,100
M351215,fbbcb9ab-4b95-4e57-a756-30d08b7da7a5,Maintain ICT System,digital,100
M351215,fc2f1d4f-a46f-471e-a618-cbd4d0496a53,Implement ICT Recovery System,digital,100
M351301,03b9b491-fc9b-4868-914a-bf7cd47b5041,Create Solutions to Problems,technical,100
M351301,0da6cab1-0ee9-4391-a299-f71fbf21db56,ICT Network Routing,digital,100
M351301,11747665-0e98-4f27-bd0d-536862cd5746,Identify Suppliers,technical,100
M351301,14d1e367-3efe-4ec5-86ae-eca48710ee4e,Implement ICT Security Policies,digital,100
M351301,2ddb1226-1117-4eb4-ae65-3a2f5a5a3c80,ICT Network Security Risks,digital,100
M351301,545c80e8-7ab2-42fe-af64-242211e94709,Analyse Network Configuration and Performance,digital,100
M351301,82de2df7-0d6c-42b1-94ac-b3e9a029e917,Use Back-up and Recovery Tools,digital,100
M351301,861cc783-6d4c-442e-9081-3a6e389be454,Install Electronic Communication Equipment,digital,100
M351301,a99c6783-50c0-4f7a-99df-bf93429ef6dc,Use Precision Tools,technical,100
M351301,acf0a78c-f4e3-4bd9-a5cc-9cf4791b3b95,Implement a Virtual Private Network,digital,100
M351301,b1604a2d-c26a-427d-bda9-b8073a319fe9,Adjust ICT System Capacity,digital,100
M351301,b9aad733-959a-4178-984f-53e4bd05b420,Maintain Internet Protocol Configuration,digital,100
M351301,bb2b4485-2bad-402f-8517-44bf7d9afff4,Implement Anti-Virus Software,digital,100
M351301,bf7ea00f-db77-4a95-9b9f-2d12b6d9fcb4,Implement ICT Network Diagnostic Tools,digital,100
M351301,d6e3395b-5ab6-4fba-969a-3df634e904c5,ICT Network Cable Limitations,digital,100
M351301,d78dedfc-21d2-45fd-ba05-e56b7a8865e6,Network Standards,digital,100
M351301,da042121-959d-451b-b4d0-3bbf07c1bc67,Analyse Network Bandwidth Requirements,digital,100
M351301,e5b5053e-0ef6-4c4e-a3f2-42f955f4322c,Implement a Firewall,digital,100
M351301,f0ff6f10-cbb4-44c0-acd5-ed17046b1396,Install Signal Repeaters,digital,100
M351301,f9e788df-d68a-4f92-92c7-80e135fc35ff,ICT Networking Hardware,digital,100
M351303,09f2f811-a3fb-4de3-a70f-6420a6935575,Systems Development Life-Cycle,digital,100
M351303,114c9698-c999-4369-8498-81bf641fe871,Establish an ICT Security Prevention Plan,digital,100
M351303,18ab25a5-ce2d-4cd5-b7b0-3890f595f77d,Manage Alarm System,digital,100
M351303,2a3a96a3-709e-4d60-81f6-d247d6933f13,Manage System Security,digital,100
M351303,32428b21-514b-42c2-81b5-244a7804ea74,Procurement of ICT Network Equipment,digital,100
M351303,3ff589b7-68df-4ea5-ae41-b395bdb2378f,ICT Security Standards,digital,100
M351303,477173ca-5fc2-406b-9122-95d92811f284,Communicate with Stakeholders,technical,100
M351303,501537a7-9d63-491d-ae02-09f04767ff1e,Attack Vectors,digital,100
M351303,54d774a3-de3b-4425-b0d7-c03bc99a0937,Set up Cybersecurity Training Programmes,digital,100
M351303,5898d99a-62a4-4e10-a2e3-0d815ce44248,Cyber Attack Counter-Measures,digital,100
M351303,5da73370-f6b9-417d-a94c-09bf01f84aa2,Use Access Control Software,digital,100
M351303,69cfc5ed-6569-4aca-a4cc-fd782ba51d9c,Implement ICT Risk Management,digital,100
M351303,6a536b36-c5c7-4d10-bf67-a4fb0f8549b2,Audit Techniques,digital,100
M351303,6f1edc19-191f-4ba5-a048-ee69aff05bab,Security Engineering,technical,100
M351303,7557f0f4-b8bc-4ac0-b91e-222ab1ba744f,Tools for ICT Test Automation,digital,100
M351303,7adb8473-bcc6-4ff8-9850-76d945d40092,Analyse ICT System,digital,100
M351303,8088750d-8388-4170-a76f-48354c469c44,Cyber Security,digital,100
M351303,85f46538-ae70-498a-bfbc-b8ddafe96c7d,Levels of Software Testing,digital,100
M351303,902fb91c-3113-4004-9b4f-79aa86b638b7,Web Application Security Threats,digital,100
M351303,913e7e83-b8f8-4574-b1ca-1b38f3fd974a,Execute Software Tests,digital,100
M351303,99c4c69a-025c-464f-adda-874c7f107a31,Engage with Stakeholders,technical,100
M351303,9e06bac6-6b91-48ca-8b7d-c1f48cdecd7c,Solve ICT System Problems,digital,100
M351303,b0288eea-74b3-460a-8ac5-edc4ba70b75c,Manage Closed-Circuit Television System,digital,100
M351303,b105ec9b-0857-41d6-8d07-a83e58b73d90,ICT System Programming,digital,100
M351303,b9f16465-56a9-426b-a047-0f9f1f95ec92,Address Problems Critically,technical,100
M351303,c241f5a5-e23f-47bf-ad24-d83ea0010166,Ensure Proper Document Management,technical,100
M351303,dad7e408-162f-46a4-8567-db560e19e2fc,Identify ICT System Weaknesses,digital,100
M351303,de586dcf-d7e5-4340-bf5b-d59026f1b436,Penetration Testing Tool,digital,100
M351303,df329d70-87b0-466b-a214-3431f36e2a5e,Protect ICT Devices,digital,100
M351303,e207163b-7963-4c3e-9494-7a4bb000211b,Estimate Duration of Work,technical,100
M351303,ed8de897-adbe-4f0e-b4d2-534953e64c72,Integrate System Components,digital,100
M351303,f9a6f35b-01a7-40c9-8b61-b6ee46f97272,Operating Systems,digital,100
M351303,f9e788df-d68a-4f92-92c7-80e135fc35ff,ICT Networking Hardware,digital,100
M351303,fe1c2b32-7fe9-4668-affa-07ff658a68cf,Identify ICT Security Risks,digital,100
M352105,0a43729f-2a79-4dae-9faa-95520daae79f,Apply Company Policies,technical,100
M352105,21c5790c-0930-4d74-b3b0-84caf5af12ea,Manage Budgets,technical,100
M352105,24229e89-9e1d-4c1a-ae23-c64777b152ce,Consult with Production Director,technical,100
M352105,30b1f3e1-1586-4d41-aa02-e2ab021b5164,Handle Paperwork,technical,100
M352105,339ac029-066a-4985-9f9d-b3d7c8fea0bb,Manage Staff,technical,100
M352105,3a0f10bd-4c3f-4020-b29c-f03cfe6d6e5b,Coordinate Transportation,technical,100
M352105,493b20c2-c435-449a-896e-0af057c41fef,Film Production Process,technical,100
M352105,5f6e56b0-7cf7-42b2-9a3f-524ba0774881,Coordinate Rehearsals,technical,100
M352105,8c6feedd-339f-4dba-b28a-dae84c759853,Develop Project Schedule,technical,100
M352105,94d02529-72e1-4180-9d93-4008342ac481,Collaborate with a Technical Staff in Artistic Productions,technical,100
M352105,d3eccb86-f02d-4950-bfbd-20b9510774a1,Apply Organisational Techniques,technical,100
M352105,dbfb9dda-48d9-4a10-9821-3237f868071b,Analyse Goal Progress,technical,100
M352111,1d21f6ad-340f-45da-a0a3-4e83867f47a6,Provide First Aid,technical,100
M352111,224423a6-ac6a-4b3e-be7c-e38b41f82116,Use Water Navigation Devices,digital,100
M352111,2b57ba73-7fe3-4410-bda4-a3429e4ddab7,International Regulations for Preventing Collisions at Sea,technical,100
M352111,339ac029-066a-4985-9f9d-b3d7c8fea0bb,Manage Staff,technical,100
M352111,349f6b99-9b8c-4463-9665-9842d95af241,Supervise Unloading of Cargo,technical,100
M352111,3d2a1f45-5367-47d2-a15a-a8fc72a45bbc,Supervise Loading of Cargo,technical,100
M352111,3eefc2c7-d5a6-4340-9277-d908e4e0e1bd,Ensure Vessel Security,technical,100
M352111,415abd43-e8e5-4643-b5da-5f11307af57a,Use Different Communication Channels,technical,100
M352111,5d1a7c14-188d-4d90-9fcc-51bc1748c58e,Ensure Smooth on Board Operations,technical,100
M352111,6210f756-7d6a-4ae3-b326-b5504aae05a5,Assist Water-Based Navigation,technical,100
M352111,8ae07465-e7f2-4094-bd27-f4b8257f1e38,Stay up-to-Date with Maritime Transportation Technology,technical,100
M352111,938973e2-c084-4c34-9dd4-382128caee6d,Steer Vessels,technical,100
M352111,9c3e99d4-c887-4c8f-a48e-3ca5f73b8b3a,Assess Vessel Status,technical,100
M352111,a8460be3-f4ba-44a0-a961-0389069a3614,Handle Stressful Situations in the Work Place,technical,100
M352111,aac9e93a-106a-4cdc-8d27-ac3a9ffce0ac,International Convention for the Prevention of Pollution From Ships,technical,100
M352111,b123b346-f98a-4d57-8409-4f7ce622d14e,Vessel Safety Equipment,technical,100
M352111,b4478c05-1587-45c5-a56f-386cf23916ad,Celestial Navigation,technical,100
M352111,d41262ae-eca1-4ede-89a8-46d2d99a7a31,Consider Economic Criteria in Decision Making,technical,100
M352111,dc0e2b6b-1932-437d-b251-b808ebb09979,Work in a Water Transport Team,technical,100
M352111,e842ed4c-23c1-4c29-b1b1-b490889db735,Plot Shipping Navigation Routes,digital,100
M352111,e93acbe5-535a-4927-9e7c-3b2e06ddfee8,Global Maritime Distress and Safety System,technical,100
M352116,1a165a9b-2006-49e1-90b8-c0709933b4a3,Use a Complex Communication System,digital,100
M352116,26ed52cf-30ca-451e-9699-a6c04a30649f,Solder Electronics,technical,100
M352116,31c69100-b612-4a61-8db5-fd314318854c,Execute Analytical Mathematical Calculations,technical,100
M352116,3edd4853-a8d2-4791-a5f0-af3a92f18245,Electromagnetism,technical,100
M352116,557d1221-0235-4a48-ada5-8fca73443627,Electronics Principles,technical,100
M352116,6561c8e7-3851-4878-bcf4-d2ffd63d835e,Use Repair Manuals,technical,100
M352116,861cc783-6d4c-442e-9081-3a6e389be454,Install Electronic Communication Equipment,digital,100
M352116,8682024b-2c8b-4de4-8cd7-23ea6169da57,Operate Signal Generator,digital,100
M352116,8867088a-e54d-41bc-81e8-a21ff98e81d3,Calibrate Electronic Instruments,technical,100
M352116,8ab0d202-a908-4442-b562-32b1c684908d,Inspect Cables,technical,100
M352116,a9b68e58-766a-403d-b5fe-955b57bdad1b,Operate Electronic Measuring Instruments,digital,100
M352116,aee24c19-7dfd-4011-ae95-7a2fe2f7e369,Maintain Radio Communications Equipment,digital,100
M352116,ba45db8f-34e8-4f29-af0b-e6645e1d693f,Maintain Electronic Equipment,technical,100
M352116,bd08f332-a295-4a59-a13a-05b08ca3761b,Install Monitors for Process Control,digital,100
M352116,dbab7fdd-b99b-4233-bc81-75563eee51a4,Assemble Telecommunications Devices,digital,100
M352116,e1011626-04dc-4454-9a1d-0c293887bfae,Interpret Technical Information for Electronic Repair Work,technical,100
M352116,e207163b-7963-4c3e-9494-7a4bb000211b,Estimate Duration of Work,technical,100
M352116,e76dd90d-91c4-49c0-bfd0-dfa2c4c90c81,Interpret Electronic Design Specifications,technical,100
M352116,ee1417ac-4e9a-4102-b89a-528ab4ffba13,Analog Electronics Theory,technical,100
M352117,136596a4-00b5-4ed3-bb6e-717198c1ccbe,Apply Soldering Techniques,technical,100
M352117,2672f6a9-1e70-43c5-859d-e6a0fc9ea0f1,Aircraft Flight Control Systems,digital,100
M352117,26ed52cf-30ca-451e-9699-a6c04a30649f,Solder Electronics,technical,100
M352117,334e3e49-fb02-4051-809a-f06adfdc1c40,Troubleshoot,technical,100
M352117,3e40c7d0-0e36-4b33-bc33-0aa87eda0561,Electrical Engineering,technical,100
M352117,415cb0c2-e169-4f99-ba3e-d1c433b75368,Assemble Electrical Components,technical,100
M352117,5088c536-13fb-4b6b-85e7-4053578e1451,Electrical Systems Used in Transportation,technical,100
M352117,52797dce-911c-4e6d-b0cb-491f6469014f,Install Electrical and Electronic Equipment,technical,100
M352117,557d1221-0235-4a48-ada5-8fca73443627,Electronics Principles,technical,100
M352117,6122d586-5978-431f-8e7a-96e61fc1f3fc,Wear Appropriate Protective Gear,technical,100
M352117,68b6ef08-d823-489d-a95c-752ae6f6e6a7,Read Standard Blueprints,technical,100
M352117,95c35c3a-035f-47c2-90cf-7e934d20fc08,Electronics,digital,100
M352117,b07daddc-8625-4360-946e-ad2b0e56ebf6,Read Engineering Drawings,technical,100
M352117,baf501a8-f0fe-4ad7-9b69-8e920fa1a87b,Test Electronic Units,technical,100
M352117,c8ac1986-38fa-43b2-89dc-50a4beeb420e,Electricity,technical,100
M352117,d15e92c4-c8dc-48cd-a1f6-94fe13347f87,Electrical Wiring Plans,technical,100
M352117,d5b63f98-28ce-4cbb-b075-6ac539a685b0,Common Aviation Safety Regulations,technical,100
M352117,dcc96a49-0bac-4a9c-8f8e-a32b4e47e6eb,Apply Health and Safety Standards,technical,100
M352117,f30a7ea4-77dd-452c-8a2d-b06c12606a7f,Operate Soldering Equipment,technical,100
M363221,0f9098d1-9bcd-453c-a9ec-e8b635705976,Woodworking Processes,technical,100
M363221,2818cc47-5a9e-424c-9416-8078526097d5,Maintain Edged Hand Tools,technical,100
M363221,2937cef9-e822-4f1f-b569-4ec0362fa5f6,Turn Wood,technical,100
M363221,2e8e2acf-5d58-4d99-807d-2ed77a6c8b17,Join Wood Elements,technical,100
M363221,44e2906f-48f2-48ee-88f8-351ecdb53f18,Manipulate Wood,technical,100
M363221,4c06a716-6363-4308-b548-88f7a3e70097,Woodworking Tools,technical,100
M363221,4c08e39a-1a4b-4ab9-98f8-97d975850fb1,Use Wood Carving Knives,technical,100
M363221,5e0ead74-5711-45ef-ba64-a88b0572aafe,Carve Materials,technical,100
M363221,88ea614f-7e96-48fd-bf0b-96bf00bdb098,Sand Wood,technical,100
M363221,a93011ca-e6ab-4182-8a05-4d4b282cff27,Check Quality of Raw Materials,technical,100
M363221,adf661fe-9429-4094-8671-ca69fb72ad02,Clean Wood Surface,technical,100
M363221,bb933bf6-e9a6-4dd8-8c88-0d8bacae30a5,Wood Cuts,technical,100
M363221,cf2005ee-c788-4283-81d9-b443dfdf2c2e,Types of Wood,technical,100
M363221,e040fb97-ac17-4cd0-bf74-7e96c83811b6,Apply Wood Finishes,technical,100
M363221,e4a9ec84-4eb3-494b-8a70-0fcf0d687f03,Tend Lathe,technical,100
M363221,ea062dd7-92fc-4172-adce-a56694fd8214,Recognise Signs of Wood Rot,technical,100
M363221,f2f9934c-b462-43e1-9172-432cf1904c8c,Operate Wood Sawing Equipment,technical,100
M411126,047fcf0a-2936-49fb-b4eb-97cdd8d09d0b,Maintain Statutory Books,technical,100
M411126,0839eea4-c57b-4c14-b19b-923fbedb5d88,Perform Business Research,technical,100
M411126,1973c966-f236-40c9-b2d4-5d71a89019be,Use Spreadsheets Software,digital,100
M411126,1f6eac42-e5aa-4fa7-a75d-a4eea12c618e,Disseminate Internal Communications,technical,100
M411126,3d427a49-4f85-42cd-8a92-62d4a34f41a1,File Documents,digital,100
M411126,3e04e39d-9eb6-4167-ad2d-e3413f647e4e,Organise Business Documents,technical,100
M411126,43b13058-68d0-40c6-8031-caf5a7b7d20c,Keep Task Records,technical,100
M411126,5436f06d-4cc0-42a6-8e5b-63b842cce03b,Disseminate General Corporate Information,technical,100
M411126,71dde84c-0058-4c52-a556-523369333db8,Use Office Systems,technical,100
M411126,76f22707-8d30-453f-9eb7-3376e2960311,Handle Mail,technical,100
M411126,7c3865d1-e5a9-4043-a7a4-2e9e30468c0b,Perform Office Routine Activities,technical,100
M411126,81dc035c-921b-4fea-a453-94538e86097c,Disseminate Messages to People,technical,100
M411126,8d49f760-3765-4612-8d40-a2bdd50738fe,Fill out Forms,technical,100
M411126,b769f524-0f25-44d7-8538-5c46710a040e,Manage Digital Documents,digital,100
M411126,c241f5a5-e23f-47bf-ad24-d83ea0010166,Ensure Proper Document Management,technical,100
M411126,c58050e1-0774-4097-93d2-07dd7ba6a27a,Organise Facilities for Office Personnel,technical,100
M411126,c73ea1b8-e121-4f91-b8f0-dee4ee28d6ec,Plan Schedule,technical,100
M411126,ec0bbf39-0edd-4015-a2c3-82ad563ce3a8,Draft Corporate Emails,digital,100
M411126,f683ae1d-cb7c-4aa1-b9fe-205e1bd23535,Use Microsoft Office,digital,100
M411126,f75b740c-b36c-495e-bc67-efe347bbc6b5,Company Policies,technical,100
M431112,0e0eec3f-0a8b-4cfe-b86d-925bde288bc4,Items Specialty Available for Auction,technical,100
M431112,13fb1ca0-043d-4fcd-8185-c9ca78a23b4a,Present Items During Auction,technical,100
M431112,3d3ee5c3-4286-457f-9f76-1704011f7e11,Comply with Legal Regulations,technical,100
M431112,5308b523-dc53-4d32-91c7-6654ff40eea8,Initiate Contact with Sellers,technical,100
M431112,599a908b-83be-4822-afa2-a5a30f668771,Set Auction Listing Agreement,technical,100
M431112,5b3df9ff-3277-4f23-8bd5-374d74f608c5,Perform Auction Chant,technical,100
M431112,5dd01a1e-7ba0-4b7f-a76c-ed811c12bfde,Apply Numeracy Skills,technical,100
M431112,68a596a2-6255-42bd-b3b1-e33a2214bef6,Facilitate the Bidding Process,technical,100
M431112,74340524-8a0c-4a04-b4a2-a886d22109a3,Prepare for Auction,technical,100
M431112,83d9f34d-d362-4b8c-993a-aa8a8be407f4,Arrange Security of Goods for Auction,technical,100
M431112,966ade6d-9450-48f6-a955-83d4e9ad9ca3,Close Sales at Auction,technical,100
M431112,a554781e-d8d6-4777-bcf4-6d34fcc06ac3,Select Items for Auction,technical,100
M431112,b4814783-3fb4-422e-b00e-1c09b5d57dde,Auction Characteristics,technical,100
M431112,c1013d55-b503-428f-aa58-f45412350e28,Initiate Contact with Buyers,technical,100
M431112,c5a5e216-07d0-44ff-8fb6-06dfd6484462,Keep Records of Bid History,technical,100
M431112,cacc293c-13a0-468c-96c1-31a6d4c1c0ba,Advertise Auction Sales,technical,100
M431112,d15f8745-28f8-4abf-a7b6-6cb8a304efd2,Tolerate Stress,technical,100
M431112,d6d3fee7-47e2-47f4-a0ec-6c75f28c6abd,Product Comprehension,technical,100
M431112,dc72ad0a-c5dc-4abd-bc0d-ca43e82162e1,Build Business Relationships,technical,100
M431112,f9759731-c199-4d02-8a12-b1bc9c31c8c3,Create Auction Catalogue,technical,100
M431115,03b9b491-fc9b-4868-914a-bf7cd47b5041,Create Solutions to Problems,technical,100
M431115,0da516ee-e70e-4384-be13-f5ff80be8127,Communicate with Customers,technical,100
M431115,24016006-c963-4135-a2c5-b1f7740782e2,Maintain Client Debt Records,technical,100
M431115,2fd26ae6-bd98-46c7-b1ba-8a0b52734fac,Debt Collection Techniques,technical,100
M431115,43b13058-68d0-40c6-8031-caf5a7b7d20c,Keep Task Records,technical,100
M431115,5c2a951c-9eb3-45a7-af45-39f3bf3a095d,Debt Classification,technical,100
M431115,5fe2e5e7-b8a2-4072-b527-f82f3169d989,Facilitate Official Agreement,technical,100
M431115,64f2c90c-4144-418e-82c6-3150e03d29a3,Assess Customers,technical,100
M431115,6fbb7540-30f7-45dc-980a-fa004463a92b,Calculate Debt Costs,technical,100
M431115,7ff2c668-0e86-418a-a962-4958262ee337,Use Communication Techniques,technical,100
M431115,8c4b7305-4b83-4586-9d42-2817f96c60ea,Pose Questions Referring to Documents,technical,100
M431115,9da22795-4383-4bea-9ac5-e80fdf16ece5,Perform Debt Investigation,technical,100
M431115,b497a163-daf4-4f1b-a6ba-8c640d803979,Debt Systems,technical,100
M431115,bdcac0c8-b77a-4640-9eaf-c0cf3efd1e23,Process Payments,technical,100
M431115,c26c7d9d-f9cf-4147-b774-c63e050ebe87,Enforce Customer's Debt Repayment,technical,100
M431115,d15ce60f-ddab-41ce-ba56-398451b77b60,Have Computer Literacy,digital,100
M431115,e126f782-b4e6-4f7d-8dca-8d2e6778559b,Credit Control Processes,technical,100
M431115,ece25f2f-e91a-4186-a221-caa715195fd7,Show Diplomacy,technical,100
M431115,f09e70cb-5d8c-4c57-b027-a45127c0bf92,Secure Sensitive Customer's Information,technical,100
M431224,28a2ff4b-5f99-448e-8bd7-fb836166e95f,Allocate Bills,technical,100
M431224,39e43f7c-a95e-4583-be76-bb134ccce1ae,Financial Department Processes,technical,100
M431224,3d427a49-4f85-42cd-8a92-62d4a34f41a1,File Documents,digital,100
M431224,3e04e39d-9eb6-4167-ad2d-e3413f647e4e,Organise Business Documents,technical,100
M431224,68b51538-b056-4cb3-bb15-ab8c3e576cc9,Follow up Accounts Receivables,technical,100
M431224,71dde84c-0058-4c52-a556-523369333db8,Use Office Systems,technical,100
M431224,811bdb9d-5bf7-4b5a-a3f5-4fc2002f6d57,Financial Capability,technical,100
M431224,8d49f760-3765-4612-8d40-a2bdd50738fe,Fill out Forms,technical,100
M431224,95fc86de-8e74-4753-9344-281179aa74b0,Maintain Credit History of Clients,technical,100
M431224,c753a3b5-d5cc-406d-adfe-3372bb267f4b,Maintain Customer Records,technical,100
M431224,f7e7ccb6-fadc-4c35-935d-e1040be40dfe,Handle Financial Transactions,technical,100
M431224,faf8943c-72ff-4736-a587-25508695d6f0,Maintain Financial Records,technical,100
M431227,12d93356-78e7-4857-99a6-f00b4ae2ec77,Analyse Loans,technical,100
M431227,34e0f023-0ca9-4f64-a932-3248bb4ed5df,Interview Bank Loanees,technical,100
M431227,3c209873-c757-47bb-91b5-9b6dc05df116,Banking Activities,technical,100
M431227,41df9059-9265-4d0d-a94b-6b0bb06c991b,Decide on Loan Applications,technical,100
M431227,5da3c765-10a3-49eb-934c-ec401ceb1a34,Analyse Business Plans,technical,100
M431227,5f1d1319-7954-4a9b-90c7-57668e3a0d4b,Interpret Financial Statements,technical,100
M431227,68babd52-64d1-4904-a476-173828217fd2,Examine Credit Ratings,technical,100
M431227,71ae4f64-6505-4b6f-91b9-5acfa5721798,Obtain Financial Information,technical,100
M431227,84f583f4-f32a-4202-9b92-e25f0c978410,Core Banking Software,digital,100
M431227,95fc86de-8e74-4753-9344-281179aa74b0,Maintain Credit History of Clients,technical,100
M431227,c35b19ad-b06f-44e8-be9f-c20c68750346,Monitor Loan Portfolio,technical,100
M431227,c503729b-8f91-43f6-82b8-522b92826656,Consult Credit Score,technical,100
M431227,c9f4efcd-e16a-4515-a0cb-60c6c479853d,Actuarial Science,technical,100
M431227,d5ac6a93-7fba-49d4-93fd-b38d23b556e8,Inform on Interest Rates,technical,100
M431227,e126f782-b4e6-4f7d-8dca-8d2e6778559b,Credit Control Processes,technical,100
M431227,eb8babfb-ab91-4937-a032-6a79f82e9b7f,Analyse Financial Risk,technical,100
M431228,12d93356-78e7-4857-99a6-f00b4ae2ec77,Analyse Loans,technical,100
M431228,3c209873-c757-47bb-91b5-9b6dc05df116,Banking Activities,technical,100
M431228,5e9add34-6725-4c70-9747-00a1d276b2d7,Examine Mortgage Loan Documents,technical,100
M431228,5f1d1319-7954-4a9b-90c7-57668e3a0d4b,Interpret Financial Statements,technical,100
M431228,66baba7d-178e-4c51-935f-03a9049ff2f6,Communicate with Banking Professionals,technical,100
M431228,71ae4f64-6505-4b6f-91b9-5acfa5721798,Obtain Financial Information,technical,100
M431228,a727b46f-880a-4acb-9138-b7531b9d4121,Mortgage Loans,technical,100
M431228,b3a4924a-f793-485c-8dc1-54e12198d95d,Property Law,technical,100
M431228,c9f4efcd-e16a-4515-a0cb-60c6c479853d,Actuarial Science,technical,100
M431228,ccbdd86c-852c-4e82-998f-4f31e5735845,Real Estate Underwriting,technical,100
M431228,eb8babfb-ab91-4937-a032-6a79f82e9b7f,Analyse Financial Risk,technical,100
M522313,00e53a0a-c0ba-4c9f-a2ed-4706d5832a00,Guarantee Customer Satisfaction,technical,100
M522313,0ae55852-562d-4fc9-be5e-d99f54e91b24,Prepare Sales Checks,technical,100
M522313,0cb013af-6dd9-4fb2-b34e-63dda1a5cf82,Operate Cash Register,technical,100
M522313,1585fc98-bfe4-461f-97fc-734055a2c3ce,Characteristics of Products,technical,100
M522313,1dae8445-12e5-423a-bb26-824010e299b9,Ensure Compliance with Legal Requirements,technical,100
M522313,2239694b-771a-4586-8b54-2794e361a9ae,Maintain Relationship with Customers,technical,100
M522313,25fce4fb-35b6-49b6-a4fa-c7aa168fd770,Examine Merchandise,technical,100
M522313,2aed5d29-15c3-44ba-bb5c-80750a815b3c,Follow up Orders for Customers,technical,100
M522313,2b69525c-731c-4813-99a7-673fa5679d32,Provide Customer Guidance on Product Selection,technical,100
M522313,3cd35f5d-ce6d-4f14-9a09-53d7a28d834c,Maintain Relationship with Suppliers,technical,100
M522313,44f6a65f-6be7-4818-9a66-73908797283f,Monitor Stock Level,technical,100
M522313,68698869-c13c-4563-adc7-118b7644f45d,Identify Customer's Needs,technical,100
M522313,77a11321-754a-41de-b9e4-80d747f528db,Organise Product Display,technical,100
M522313,7e9daad3-8604-4839-af9b-dc6f8db3ef68,Stock Shelves,technical,100
M522313,a6d697d1-80ba-4175-82d4-43440ed04270,Process Refunds,technical,100
M522313,a89c463d-e6f0-417d-9216-b59b92249226,Carry out Order Intake,technical,100
M522313,b7c8f418-08d5-45d6-b697-ab26c6ecbfb4,Ensure Client Orientation,technical,100
M522313,c609c7cf-ec3f-42df-9147-3ea012e31b66,Order Products,technical,100
M522313,c7e8948c-e7e4-406a-957d-55daaa4cdb44,Ensure Stock Storage Safety,technical,100
M522313,c81c9ea3-4689-4146-9076-24dd175c69bc,Carry out Active Selling,technical,100
M522313,d6d3fee7-47e2-47f4-a0ec-6c75f28c6abd,Product Comprehension,technical,100
M522313,de7b8c6c-9ed4-4776-924c-4265dd1d9cde,Demonstrate Products' Features,technical,100
M522313,debb8d81-ed7f-447d-853a-5d107fda6fcf,Provide Customer Follow-up Services,technical,100
M522313,efc1d46f-39ab-4c73-ade6-0a99a90dbeba,Plan Aftersales Arrangements,technical,100
M522313,f10cf304-f32c-40ee-97a7-ec8d84d72955,Prevent Shoplifting,technical,100
M522313,f75b740c-b36c-495e-bc67-efe347bbc6b5,Company Policies,technical,100
M522313,fb3bc9b5-2297-4bba-85b1-60f696a92db8,Characteristics of Services,technical,100
M531208,11f536f5-b0e2-46a6-95c1-bd765946604c,Guarantee Students' Safety,technical,100
M531208,31b67516-af16-4b97-8430-a8a8e0f84190,Assessment Processes,technical,100
M531208,573d3f91-c81c-407e-a56d-0f3a63272b43,Adapt Teaching to Student's Capabilities,technical,100
M531208,59eb177a-2f30-4943-8b30-5f87dd51a80d,Apply Teaching Strategies,technical,100
M531208,6fe019dd-027f-45f3-b19c-d27f7ae00980,Assess Students,technical,100
M531208,81ad8286-cc55-4a08-92a6-38474c35c893,Instructional Strategies,technical,100
M531208,b4832996-b36c-40b2-b54e-780325b2546e,Adapt Training to Labour Market,technical,100
M531208,b9bb1f03-15e2-4079-943e-7e483b21725b,Give Constructive Feedback,technical,100
M531208,d5e1e30e-44ab-4aba-abab-b8263e801b7a,Assist Students in Their Learning,technical,100
M531208,e3ef4981-2cba-4b34-b273-728c3a33d04f,Apply Intercultural Teaching Strategies,technical,100
M531208,ec74893f-e11b-471f-85e0-f7339da98d53,Work in Vocational School,technical,100
M531210,11f536f5-b0e2-46a6-95c1-bd765946604c,Guarantee Students' Safety,technical,100
M531210,31b67516-af16-4b97-8430-a8a8e0f84190,Assessment Processes,technical,100
M531210,573d3f91-c81c-407e-a56d-0f3a63272b43,Adapt Teaching to Student's Capabilities,technical,100
M531210,59eb177a-2f30-4943-8b30-5f87dd51a80d,Apply Teaching Strategies,technical,100
M531210,6fe019dd-027f-45f3-b19c-d27f7ae00980,Assess Students,technical,100
M531210,81ad8286-cc55-4a08-92a6-38474c35c893,Instructional Strategies,technical,100
M531210,b4832996-b36c-40b2-b54e-780325b2546e,Adapt Training to Labour Market,technical,100
M531210,b9bb1f03-15e2-4079-943e-7e483b21725b,Give Constructive Feedback,technical,100
M531210,d5e1e30e-44ab-4aba-abab-b8263e801b7a,Assist Students in Their Learning,technical,100
M531210,e3ef4981-2cba-4b34-b273-728c3a33d04f,Apply Intercultural Teaching Strategies,technical,100
M531210,ec74893f-e11b-471f-85e0-f7339da98d53,Work in Vocational School,technical,100
M818209,1de6b87b-2c7d-49aa-bcc0-3b2ef75f064f,Resolve Equipment Malfunctions,technical,100
M818209,386774ac-fe5b-431a-b485-9aec0bf5c09e,Maintain Electrical Equipment,technical,100
M818209,555ee719-4bc2-49c9-82b2-c2c01bfe3637,Oversee Power Equipment Operation,technical,100
M818209,57869946-cec2-4121-981c-84c9846c58d0,Electric Current,technical,100
M818209,58c3ed60-c06b-47c0-b213-4e3608608644,Use Remote Control Equipment,digital,100
M818209,6122d586-5978-431f-8e7a-96e61fc1f3fc,Wear Appropriate Protective Gear,technical,100
M818209,6360d655-3494-45f6-bfc6-d5f63afc355b,Electrical Power Safety Regulations,technical,100
M818209,6542601c-92ee-4a03-abd9-fde0635727a2,Respond to Electrical Power Contingencies,technical,100
M818209,65a3a184-7d11-4db9-9b85-281961d1514b,Conduct Routine Machinery Checks,technical,100
M818209,7807d33c-c581-48dd-be90-69cc9b13b54c,Maintain Power Plant Machinery,technical,100
M818209,7aa52bdc-9c56-4341-be65-e8e30f64403f,Monitor Automated Machines,digital,100
M818209,c8ac1986-38fa-43b2-89dc-50a4beeb420e,Electricity,technical,100
M818209,c8c18b8d-a813-49f8-a702-689564dcf8b2,Electric Generators,technical,100
M818209,c927ec6e-9082-4b22-afd3-0c4e219eaf73,Ensure Equipment Maintenance,technical,100
M818209,efa141df-f382-418f-9121-bd88fd735669,Mechanics,technical,100
M818209,f4a6e9f7-5cff-46c0-894c-59c20bb78694,Automation Technology,digital,100
M818209,f7a4fb1d-d951-4c4c-8643-3212c0958f71,Monitor Electric Generators,technical,100
M821101,2fcd95a4-1f9a-41cf-95a9-4701bde476b4,Operate Welding Equipment,technical,100
M821101,3e4cdaee-740c-4754-9135-466362bbd22e,Maintain Industrial Equipment,technical,100
M821101,465ff64a-1271-4064-8ed1-e969cb68d8b4,Perform Test Run,technical,100
M821101,6ed2fb8d-3580-497f-8a21-30a0ada5caae,Secure Working Area,technical,100
M821101,79aa4ec0-399d-432e-aae8-7a390ce89bcc,Perform Maintenance on Installed Equipment,technical,100
M821101,87a0c0e6-c114-4ea1-b2d0-933bce1f3c5f,Assemble Machines,technical,100
M821101,8a4e99e0-f259-4931-888f-604cfdc15b31,Perform Machine Maintenance,technical,100
M821101,94747ff4-603d-47d4-9780-bf53be41e190,Inspect Industrial Equipment,technical,100
M821101,9f34107c-8db0-4b00-84d8-3f64e400c80c,Consult Technical Resources,technical,100
M821101,b1f71b18-4ccb-4334-bdd7-32b60c2aa272,Install Machinery,technical,100
M821101,efa141df-f382-418f-9121-bd88fd735669,Mechanics,technical,100
