embedding_index,skill_id
0,6e53fd99-b646-4327-9580-ac062ab21188
1,97965983-0da4-4902-9daf-d5cd2693ef73
2,eb0e5615-1575-4a86-a1a2-7d39595033c5
3,9a35cb50-8106-45f9-8aba-2df99dd6f913
4,c0ccbd15-36f3-4515-ae0b-b4062d225ee2
5,f90d4810-8bac-4e5e-b870-3e35a4138ff7
6,ecc18804-a466-40d9-98b4-fba5cd67dd4b
7,08371fe9-c658-4f6a-966f-71dbb0ab683d
8,880c54f9-866e-4f37-b5fa-25ef8a7d49b6
9,c09bf6d4-f8a7-40f3-aead-ef01643f2352
10,26879b10-1df9-4071-a4c5-cb8e32eddb99
11,c9f4efcd-e16a-4515-a0cb-60c6c479853d
12,409b165c-ddae-4366-aeac-fa95c79e57a9
13,f191c306-f0eb-4cb8-82fb-3331adbbc6f1
14,c0733631-0c5e-4b5c-a291-aad52ca493ce
15,9fec670e-4427-482f-b2ce-6355cba6b68e
16,79c012c7-4b09-497e-8152-e73e5d1d3384
17,6e9aaf01-f2a4-4405-9733-29dc9825efa9
18,591dd514-735b-46e4-a28d-3a4c42f49b72
19,f5308e60-d763-4ead-be95-88c96fb3e02b
20,63e21f22-0aa9-4337-87e4-46e8008f1524
21,7378b8c3-3b62-46de-9d67-1c9528954615
22,b9f16465-56a9-426b-a047-0f9f1f95ec92
23,1cebfd4f-2ab3-480a-a3c8-8065a303717d
24,2f92c4ed-279c-467e-82bd-4709172514f5
25,68aefa78-9a8c-4d5f-879a-abcfe1cd464f
26,2d9aaad3-a3c8-4c5b-bf67-46984d860873
27,aa238394-8126-4ada-be2f-9dfe065cf314
28,5d099b8d-eae9-457f-a9ae-0fe5395ece05
29,1b1d3540-4c65-4d9f-aa14-f6e200e810d1
30,42b23922-1c40-4dbe-9e0c-7a568dfdf06b
31,2181d77e-d515-49fa-b638-0be505c18149
32,ec0d2580-ee2f-45e6-a423-c69dd3f03868
33,b1604a2d-c26a-427d-bda9-b8073a319fe9
34,0f7b4bf5-8d37-4205-bd61-fe0878e9d9e2
35,bb0069d2-0953-43d4-923b-18ad370bc2f3
36,68174d5f-1646-42e2-b765-6a66cd1e59ae
37,933e7ccf-5d56-46ba-aca4-857f826a6b3a
38,6494a9d1-71cf-4c98-9321-9d8724f6764b
39,0868eef3-2213-4572-9343-74931345a7d3
40,dd297859-0f31-43a4-aa5a-cddd5bf79d71
41,fb89a5bd-8f5e-43fd-9d08-907bd6d6e344
42,49ef9f4c-3577-4780-ba2f-d068d1cde7bb
43,719d8699-a221-4b5a-8fc3-68a8645cbe03
44,27b913f0-3c52-448b-ad27-fc6ef08fb326
45,14ced458-5f4b-495f-bd3d-9c240614bda0
46,d4ae4774-a81d-4255-8491-cade3580685a
47,aba1f05b-f312-47d8-be71-7c574134de8f
48,d329b1ed-6e7a-400e-bca2-7c1936fbfbcb
49,7b3abd38-61ae-42a4-88bb-0884784f9ee1
50,1b73b2a7-aefc-49ef-8b30-b90ca7429984
51,5ce20598-7829-4e8b-a508-d5860808301e
52,886f4899-872a-4100-94ac-d331e827a99d
53,7ef2fc4f-1d8a-4169-bad3-20f5cd878e35
54,27a87847-f6cc-4e49-af0b-3d17da351af6
55,10f04ffe-7435-44d4-9f6f-6bf6e87b9a0e
56,910b818b-bc24-4d17-844e-941a8bc997a9
57,3b64ab47-a874-403a-b781-7b23c2fc3c6c
58,09c28e46-712a-4c11-a4ae-67ae554ea940
59,01c03003-516d-43c6-8477-45c472413521
60,db59cca2-7b61-4d28-9579-00bb4a81712e
61,b422efe7-b151-4120-86ae-db11a48dd0fa
62,79c36c91-28a5-44b7-ab9b-7093b2d4b21e
63,ed1d2fed-92c4-47d6-9d6d-34d501c55572
64,8232979d-6aa4-40c9-a12b-5152a52a76b8
65,78de3e5f-e3ea-4da2-aa09-3704d03ba622
66,13f7cd7c-6ec5-4186-8744-de3c780b973d
67,9bb92e10-a5a9-437e-8101-8be2d7f631ff
68,dbdd03ec-f64f-4916-8a86-cc71d765cc20
69,8c474534-707f-46f3-b356-810bbfe8b693
70,6c80c47c-3d08-4356-aa82-46f6ec82c898
71,1441e3b2-d776-40aa-9684-536a25329ebb
72,dfbed830-a70d-46da-9cce-82081593d948
73,0e0b8991-4b24-4bb8-9113-df3ce43c1ff9
74,b34f8562-9fcc-4e58-bd1c-8088ebadd315
75,592bb88c-c063-48a7-9dca-c81f37f724a5
76,4d032f82-6279-48e6-9892-116440a071e3
77,f5584cdb-fded-4dfe-b246-ef06f442d3a7
78,c823d9a1-5403-4f2d-b9a5-2fada5ee0966
79,37838e04-ac5f-43a5-82d0-35f42351fd60
80,3e25fd3e-2bcd-4320-9587-0aadf7fb93b1
81,6742977a-aa00-4c8c-9861-898b0373907e
82,161a6c5a-593a-4977-b7b7-49c6a2a2f2a3
83,b5feaf25-3975-4e74-85fd-4470e344ba2e
84,b0316cca-d844-451e-a9ba-aad6db2149ce
85,31efacf9-6623-4d88-947a-34613ce3c468
86,f82b05a7-128b-4a72-a815-044ff6062f62
87,274ad409-c740-4e85-852b-7e3f3168b9ca
88,4d2fa936-9983-45c3-986b-fdf82fb65d0d
89,aa1eb7ac-53a8-4c08-ba6f-3f3196b1cae1
90,973d751a-93e0-4bca-88e0-383215f042e5
91,7e30aa6e-d65e-4e00-a76b-001444a7d07e
92,80466be3-825a-456a-94ec-9c83c0007f0c
93,8be4540d-db79-4213-8820-bda0d3fb74a7
94,5dd96c59-5955-474b-8cf5-e986a5b50f1a
95,6db3ac8e-8636-4ced-965b-75e35c3193c3
96,0a9acb6b-1139-4be9-b431-3a80a959f2f4
97,8034a1ea-5ee0-4a84-8fd3-16411c8d86fb
98,afdcb380-ef9f-4785-b877-cc551f035034
99,34330a42-eeb0-44c3-a41e-670e9b20c7c7
100,532bcdca-a889-4dea-8f7f-4e03d8cfd0d2
101,589f0d24-0846-4971-bc6c-a42bb274f69a
102,b4dc6e4f-dc7d-445f-8ce2-d7b9d225e282
103,8c88d336-c249-4537-b26e-d679a85c4b9b
104,dd276faa-ef0a-4ad0-8744-37b883a79b64
105,5133ed7b-0785-4c28-825d-1dcf518c4b5b
106,4806e6cf-24b0-4828-b9c4-866d9b8a2ca6
107,ee7f90cc-922e-4da7-a7ae-83c2688fed10
108,2857540c-180b-4208-9127-e94a01871966
109,f18b3dc3-fc4f-438c-9279-ebcaf2908b20
110,28a2ff4b-5f99-448e-8bd7-fb836166e95f
111,3b2d77a8-6a61-48a0-af4b-e63bd083334f
112,8f585def-6ade-41b3-b897-3d71fba4151d
113,e9ff446f-6a8a-4e35-a611-176508964be3
114,f8f89b7f-901c-462e-bc6d-f7d2ba68f92e
115,97db841c-31bf-4aa0-85b9-0ddd0a77b7a5
116,47a49cd6-097d-457a-9f7b-c290c14930d5
117,67d37d22-a013-4d79-9185-2f97820917d6
118,5da3c765-10a3-49eb-934c-ec401ceb1a34
119,56042303-972b-41be-9310-58467599ff7e
120,b04f377b-ee80-4b38-aca1-19d266a23b17
121,355c4510-8b6c-4d39-9e4d-5b91ddda2fb4
122,39aa5571-45ce-4ba3-a280-f6870ef0075f
123,750caee5-12a0-46ba-b8aa-1e56370deaf9
124,c5d018ca-f6fa-4cc0-b209-43df46e56d48
125,5354a726-ee64-4f34-90f8-8436f9f374b8
126,5f302d63-048e-451c-b150-97c124a5a26b
127,29bfe2cd-f011-4f94-a3aa-f77768e60460
128,28878fd9-9a17-452a-b3b8-5db5c63d7905
129,77f109c4-3107-4d2a-a512-5160ac103933
130,aafbfaa4-5f93-457e-8cb8-d4ed855277f8
131,ce5b1446-b5e3-4f05-a5ac-83f2ee142a44
132,eb8babfb-ab91-4937-a032-6a79f82e9b7f
133,7adb8473-bcc6-4ff8-9850-76d945d40092
134,3181325d-0590-4c6e-8db1-8278427c18ff
135,3dde5918-f4c6-4d46-9d6f-c7b2865f594f
136,91816e1a-d026-4d21-9b1c-59ca5cf488de
137,303a54a3-ff8a-4f29-b598-e54ce54c2b48
138,292549e6-08ec-456c-b008-eba7a0a68428
139,da042121-959d-451b-b4d0-3bbf07c1bc67
140,f1b5800e-b763-4740-9586-3fef30568e81
141,ae965e49-06f1-442f-87bf-e48fc1e1d8b6
142,95f4631e-fcde-467f-8277-01e824b40a06
143,67ba7f39-1ebc-4d71-ba11-5804a1712ff3
144,36ff57b0-637d-4a83-a0e8-d14f86f9f078
145,f28617ad-afdd-4041-814c-216153a38998
146,d58a48d1-5b7f-4028-ae11-b051d13ee1a8
147,96d549bb-3e62-4c45-92a7-f114df089581
148,45290231-bc6c-461e-b05c-aab9bad212c4
149,81a2db2c-7e55-44d0-9cd9-74c25147d7cd
150,9714735d-6f60-440b-bdbc-aaf45ebcbe78
151,390bd026-943b-44a5-b871-def0248e26b8
152,b8316819-feca-403d-902f-a86562fd91e9
153,99095ca0-1218-462d-9e95-79e334ba8b63
154,620b7a6a-2231-4fea-b175-fd7ff16cce0a
155,b29e0c5c-7d3a-44a8-a182-75374abd4e76
156,2ebcd941-fdb5-410d-8346-a5b85833331d
157,1b61166d-0495-4f16-aff0-f564d3a8afb3
158,1d58c862-1100-438a-bea7-34e0c2a36055
159,f022949a-39bf-4f54-978e-3d5fa8dd19d9
160,c345ad5f-6b37-4861-98b2-769d819309a0
161,41235c52-558f-4f94-9f14-dc69154e5081
162,31eede0c-9dac-49b8-b61b-1f9f22e79e1e
163,49212efd-acf0-4257-a011-e07c9e369ecf
164,6f8a40d6-f9ce-43ec-a72f-d4213a53f3ed
165,38cd93b5-af8a-4528-a0f0-f8439ccb4b09
166,0d168770-4d9c-4096-b048-a6577818d306
167,0fb753a1-2ef2-4429-84d2-ecb2b24daf7a
168,58d7a289-dafd-4363-833f-d1dc4140885e
169,3d7dc568-4b88-4eab-97d8-2fde5cea3df0
170,a07a5d41-add0-4d0f-ad01-718d39554be8
171,1859883d-c047-4fe1-8e74-7bb4385d6ad2
172,5dbbeadb-45a7-404b-ba3c-eeaa045c4e64
173,4f0e579d-ca7b-427c-ace6-9e2de3eb19c7
174,27d26fd6-5795-4f0a-884e-112df7c68314
175,b811231c-9398-4996-bd14-48b15a3caaeb
176,b363bb5f-2c79-40af-94da-33e06f9dee9f
177,43032597-223c-4559-bdf9-abf0a312839a
178,27f461a7-3bf9-47e5-9e46-a2aa13cf4064
179,0a43729f-2a79-4dae-9faa-95520daae79f
180,e18a6a3c-4f26-4141-8c72-4b4f01d77914
181,ee8fee1a-75c1-43fb-b08d-779929f99249
182,4b04a0ea-d5a8-4fab-9ff7-c1befe2a57f1
183,4b244020-5f28-4e20-b74f-1c2dcb6f15cb
184,9295d1c5-8d7d-423e-a6ce-dfbc1d991f88
185,5f0082ab-2131-49b5-94d6-a1821daf57d6
186,23072dbb-e93b-48ab-8756-c64f74aaab26
187,96ae5ab6-d696-4d4f-be1c-d02e722c6f55
188,dcc96a49-0bac-4a9c-8f8e-a32b4e47e6eb
189,9707091a-323b-4240-877a-5999a19286f0
190,cbe2c304-1e7d-489a-97d9-a7d3e37a9db6
191,86d2e2ea-1ba2-4aa6-b465-8a1f9abc81b8
192,a0e23745-6ba4-45e2-9510-df6e71ed1230
193,b6de3efd-39dd-428c-a20d-b2a8f5583429
194,f8bc0c97-e56f-4f19-bedc-fededf7bea26
195,5dd01a1e-7ba0-4b7f-a76c-ed811c12bfde
196,a28e8141-89ee-4b24-a3bb-1aebcc56c72d
197,d3eccb86-f02d-4950-bfbd-20b9510774a1
198,7a63f944-6948-4ae4-9c1f-d08e492535c9
199,1fd51289-0490-409f-8074-08af9382b7d0
200,833289fa-3646-4010-9d9e-93ba8c9ef2d8
201,989dc903-5838-4d84-8e04-e5b7a2ba97c5
202,6f571969-3640-4774-a9bc-fd2ef583fdec
203,7a34b3d9-bd3b-4f4e-a0f6-f97439901cb7
204,136596a4-00b5-4ed3-bb6e-717198c1ccbe
205,50e313a8-01fc-48a0-9270-f25102adb8bc
206,382c11ed-20d5-4ae7-b60e-15fec527fa6c
207,e6bf6e73-230a-434c-97b2-a0c042a8b7ac
208,4d30ad07-9e39-4899-81dd-02b280f162f9
209,59eb177a-2f30-4943-8b30-5f87dd51a80d
210,c32ad607-0c4d-4e34-b73f-668298f7bf13
211,5f847c9e-38cf-4506-aa1e-58ab1a8c9c8c
212,37a438f3-e28c-4e32-83c5-299f047c1dc9
213,f54c10e4-630d-4e50-95e9-4e9e268e8f12
214,450aeb6d-5f23-4e08-b088-3bbefbfb9f2d
215,54434099-46cd-4809-a0c2-648d46def111
216,eb15dded-296d-4d7f-a5f4-549ece8b34fd
217,80c042de-bc1a-4d78-b266-35bc80ba3093
218,9f5e899e-a53f-4b7a-a137-aade7fb18b86
219,88680a21-57f9-46b6-8268-7d8e42aef849
220,6451e645-67b5-4cc7-aafd-fab19629fa82
221,2e040fb0-66b9-4529-bec6-466472b60773
222,b30b6e13-6688-4035-b99b-fb3a1def0833
223,587f6825-0ef1-4fb0-8425-71a50d786a37
224,829d1376-41bf-4c41-9bc3-62dce647677c
225,56a7f561-1d55-43c9-9cd7-36a0a9bc6c50
226,415cb0c2-e169-4f99-ba3e-d1c433b75368
227,78aeeab7-f22f-4fcd-8543-d11340e3ee3c
228,4ed385bf-3e87-476a-9f06-08c2e801133a
229,3dc6fd8e-6ff7-432e-a262-04d487858efb
230,87a0c0e6-c114-4ea1-b2d0-933bce1f3c5f
231,db4a5d3a-47f5-4ff2-bc79-e458ee58c3fe
232,368e5db0-ecca-4694-b116-3bb0f238d10c
233,b36176ec-3499-4235-a15c-cb485a386dc6
234,47b9bbcf-356c-4782-83a4-7f5a1b2b51a3
235,81a51be0-b205-4853-b8a7-3e11aaf2ad64
236,36570124-e778-4213-862e-c4059eb5c224
237,e541c69c-ea80-4b17-87cb-4001d0b9d303
238,41168850-6e3f-4fc8-afd5-9337f0c66190
239,d3a0f1fd-3a6e-452c-84a2-dc594b403a18
240,e95058a6-e139-42e7-a470-72038a606649
241,2307b2e5-433d-4168-b486-fddb2b5ce129
242,5e641832-dafe-46fa-8e0a-b29b223f985a
243,0dc7aa1b-b5af-4f4b-81ce-ee22ed8b6926
244,cfbde1b6-8e47-4b83-b430-3d5f7f38d69a
245,1b9899a4-5b50-44b0-a21a-e2f86c51ac5a
246,36fccad9-1d20-4104-bcc2-a8ea9d1ce5ea
247,66cf649e-fd1d-4840-8250-ebd546a12239
248,b2235ce8-d0f0-4954-9b60-e2c1aeeadab5
249,c135fe47-dbc1-4acc-a7ac-5818a29e74f1
250,d1041406-2c24-4177-9b64-406621a8865e
251,96ec2d53-4f41-4172-8ef2-70742c4bb540
252,21056f6a-8a85-4eb0-b709-468578b809e0
253,4e87c852-602a-4a0e-b8d8-20709ce14ac5
254,7f27f1ff-2e17-4b69-990e-c23334478313
255,61970f8b-099c-4e7e-82e0-9ccdced0baf3
256,2fd5cac8-b23f-46fe-b186-8836df388fda
257,22c3b4ff-e2e0-4b40-8f3d-17788c0df295
258,9153d8b4-f8ac-4a2c-99d2-383f5c129af1
259,a374d988-ef19-47ce-90c3-9be2b6330a73
260,6b29b77f-7265-4dae-8309-78077f99ab60
261,af8ca5cf-7fd1-4275-a886-e951c335d497
262,2435cec5-38ed-4ec2-8cbe-57381ffcf353
263,248951cc-3b10-447f-a4b2-0037e6e7a9ab
264,739194a6-407a-40e9-b8bf-2e9934b77632
265,d6179c4b-ff5a-4bbb-a3c8-e0acf0de1f56
266,095656c3-7a65-4c17-8a05-14c660c62a06
267,f77cb8fa-5a5a-4909-a9a7-4d610c969c1d
268,ff27618d-43d0-4480-83ee-8b1a672da078
269,501537a7-9d63-491d-ae02-09f04767ff1e
270,4b973dcf-3ffc-4c70-b84a-8360e63db7cd
271,a520b743-8f40-43ac-a2d5-755899120844
272,1a4490c8-e98b-49f0-bdc8-78484a978dc0
273,112a2d79-fff0-4b9b-92e9-7fe40cd6104b
274,e6262391-ffda-4b8e-9f5c-89cf1a0e7384
275,bc8b2c74-cce5-497e-85c2-51d3ede632ad
276,0520d8ba-3c24-4f75-a8b0-f883ddeed82d
277,6a536b36-c5c7-4d10-bf67-a4fb0f8549b2
278,abdc7ac8-151f-40c6-bc1a-1e9b4b073290
279,d4789070-2ff7-4bbb-94ca-8bb1739826a9
280,586c5e11-b70d-499b-8589-b67e1ff3cc93
281,ce8ae6ca-61d8-4174-b457-641de96cbff4
282,7229b6dc-e2ef-44fe-b9a1-06b1c1075d8f
283,f4a6e9f7-5cff-46c0-894c-59c20bb78694
284,0e44ceb3-9dd4-4ec4-b1d7-a0e83ddba7d4
285,9ba8fd27-275d-4bad-8c48-f668aa99a578
286,f70dda6d-aded-4d24-a02b-103bb2b8b1d2
287,10643a25-303a-46fb-bc8e-2acb9d4e7a7d
288,3c209873-c757-47bb-91b5-9b6dc05df116
289,fb8464e3-949e-4cc0-b50b-be7cf9c3e250
290,84cc8c9d-db57-42ec-8948-9b632bf06124
291,8cf03262-b6b0-4fe8-9d66-91063bb32db3
292,0864c444-c22f-46ee-ae1e-c0eeffd49c34
293,142f7164-fe09-49ec-af18-7c9e86269d9e
294,f820e9db-fdb1-4237-9c6b-6f912ca884e2
295,1cdd0afe-196f-4d8a-924f-4d7473cce3c7
296,88e3eb05-cdd9-4529-80da-a0ff03bef0d8
297,968bb301-faa1-44aa-a7c9-75d1f7a43b3f
298,609d6bb4-db16-4578-87fc-57b11a701cc2
299,1d4b74b0-1a48-48ec-a3cd-26cca0c212a3
300,9433da85-70fa-4a25-8f96-71fa59dd1989
301,8a06c621-adfe-41df-8fe9-6b33f1ea3f0a
302,d9b6af48-e906-4a2a-94d9-557023740180
303,f49df8e2-f451-49aa-9aa9-b21b2afdbb87
304,61bef658-d7f9-4759-b1b0-0f9cb3bc581a
305,c3108ed8-de97-41fc-9ff7-8c028e662734
306,3c2e6f38-42c1-46ec-b782-5854b2db330d
307,9035afc4-5317-455d-ab60-f32e2ecc6bfc
308,d1072655-88ce-4445-8803-e6273da273e7
309,1492f016-379c-4dbe-a3f6-6b486c103b8f
310,2ff405ec-f59c-4a7b-84b6-9776a49582c4
311,2a58e994-74b9-4211-85ac-cfb409a9b667
312,614c627b-2ec9-4a0d-811e-de14be4362f2
313,3eb03076-6fb4-48a1-8b36-36b5a5031ead
314,b5c027e0-1774-4cd1-973d-452dc03a8d23
315,21dd999b-c5cc-4cec-8a9f-33f07079c12e
316,70988d2c-a750-4808-a360-5aaf859cf39a
317,74688c5d-2af1-4f7a-9d1c-00e808eaa1e6
318,6ed67cf0-d8b9-4025-8b6e-a29a11e6b977
319,dc72ad0a-c5dc-4abd-bc0d-ca43e82162e1
320,28f98c7e-b89c-4b4d-ae0a-0c5a6328992e
321,f0006418-17ee-4c38-af75-f5e1e35de64c
322,505e4ef3-7ce4-437d-b7b4-5c608f71c258
323,6709e92c-7546-46a4-aa57-5e951bd4cb0f
324,615cfc39-797f-4229-8e92-159fcf8f3030
325,6c190890-d5ab-46ab-915b-04e995dc0d76
326,fae7e545-5114-43cc-8e83-178e2549ecb9
327,e26e07ca-4a35-42e3-940d-e5868fd38fba
328,98a1dec3-8138-4f46-a596-5e2a83b884b9
329,143769cb-b61e-47d8-a61e-eedfbec1016c
330,0a48d064-dd04-47fb-a00d-85e9b4874033
331,98301d4a-2cc3-439d-8d7f-0b6ac76302bb
332,4c016b68-4116-468c-9dc6-42710c239e4a
333,b633eb55-8f1f-4ae6-ab4c-2022ffe2cb7f
334,c5ed451b-ef39-47a3-aee7-8f5be0aa8431
335,a2b5dcf3-5b6a-453d-876c-cff540c0faf1
336,77e1563f-84fb-48dd-98f2-59a4e33908ca
337,3a33cec3-4b44-471a-8864-5cc8567a8b1f
338,82313e12-9d39-47d1-b7c9-78bbd6bb50e2
339,6fbb7540-30f7-45dc-980a-fa004463a92b
340,08f09776-a8cd-4981-a5d2-21e01ecf078d
341,5d9dd44a-81f8-4710-bd4d-af27ec5c2139
342,2ecf90f1-c511-464b-b26f-598d69182c70
343,27db7f61-085f-481c-8e74-1c97b7649d90
344,8867088a-e54d-41bc-81e8-a21ff98e81d3
345,82fadde2-45cc-4734-bace-dadafdeaa41f
346,6a72c057-499f-4fe4-b425-0fbe2a50ce07
347,46fbc5cb-e6df-4355-8483-a4ccb819f753
348,6532ef3b-1685-4de7-a858-d31fdaa435ca
349,27065048-bca8-4b0a-891a-b192b9ceadfd
350,ffc1e455-ced2-4e67-bdb3-1c50f9683859
351,d0fc1d32-c64d-4b53-923f-953f648715ab
352,938fe4d7-623b-43f6-83b4-c818f3d3c130
353,4fea6307-bdc0-423d-ad63-c61755c14522
354,60ab2bf7-c812-4a88-86c0-7c81a9b2f77c
355,9b0b2bb5-e26d-4384-8272-fa72060ac6bd
356,fa477985-066a-4d7f-972f-c21d0d1095a6
357,b82fffce-9874-4c6f-b1b9-e8b61d7ecfdb
358,c605fd71-08c4-4f03-8187-9874d2401cb7
359,ef1e6c93-2a90-4abf-951b-a8ae283d368d
360,8aa4eb46-b5d7-454a-875d-9c12719007ce
361,2dd6ecdf-8a08-438b-8b4b-e0374f7b523b
362,0aa02c52-077d-45f8-8c2d-7132c11ac16e
363,2c4b6914-4b97-4e35-85cb-e6602a8bb04a
364,2cb27e30-2be7-4a09-9502-fdd2102c046b
365,5206a9b8-8337-4f0b-ae00-163a2f55d8cf
366,2dfa5bd5-c87c-461c-bce9-69b2c58732bd
367,1b90438f-820f-4b1c-9fbb-ac60a4369404
368,4d51a8b4-f051-4052-bf3a-f9eb2ccd1dd8
369,a3f1d933-728d-494a-a260-293132b8fdd4
370,69683c43-af05-4691-bb6c-9d71bf363bd7
371,5f1ebff6-98ec-411f-a1d4-0bf04bd03bdf
372,2bc4d0cc-5f2b-41cf-954c-a8d3d5783396
373,3892f2ff-714e-4201-823d-5d6fc5bab621
374,1b71f0d0-8e57-44dc-aaa0-3ee6fbb59991
375,030de41b-bb8b-4e4b-859c-9afd4c17605b
376,d1a2437d-7eee-4c13-9104-0bb3dd7b45d6
377,a93011ca-e6ab-4182-8a05-4d4b282cff27
378,b42b1578-709f-4b59-b23a-fe4bfc7f6b9b
379,22a40965-a2c7-43c4-853e-e0fd412383bd
380,74aa00bc-db99-4984-8817-7df2ca954ea1
381,2aff15fb-1c24-42b5-89ca-17696df25370
382,296e7a69-c21b-47ad-af28-bc1baee73c68
383,cde9911c-f92e-4de1-811f-336e177ac4ce
384,eb3aa3a8-6ece-441d-9041-15dcb0880e47
385,22c45bf7-e52b-475f-847b-c32a87f65a5d
386,709ef32a-7435-48e2-8fa2-16e389ecab8a
387,82887396-e5bf-4306-af51-3fe8d82790b2
388,eccd4313-c931-4e47-853e-76fdfac6e30b
389,ff9a3bec-d0df-4a6f-ac60-a14a3486b764
390,cfccea88-0558-40d4-b896-56a1e7993e24
391,66b1758e-0999-44f9-87ab-bf22c8b92b37
392,c35fc70f-20b6-4798-8907-510c736c41ab
393,ab8c5c8f-acf0-4f35-b0fc-8e18ce5fb90b
394,08591546-e9bc-47fc-97b3-8663b3713a5f
395,bd14968e-e409-45af-b362-3495ed7b10e0
396,d5c8ec12-202d-4b39-a71e-b6dcc24a358b
397,a94dbd21-611b-4540-9ce0-66db8e8f6ed8
398,def007fa-5fed-4a5f-91a2-b0d7e3db1be1
399,993b1e23-f2de-4bd8-b33f-f86dde1c8e9d
400,ca71c597-51c2-4ead-a7b0-b108bce89caf
401,c7d328f4-87a7-4091-8eb5-122f471bd954
402,94b2c46e-6338-4a1d-950a-d44eef018c53
403,e3fcd642-5f9c-48ee-be58-258dd895d281
404,1f6579b0-11e6-4eb2-82d0-5f2d27cc11d6
405,71746a0b-e58d-4dc4-ad03-bd84082eae21
406,d89b9a3f-19bf-4b9b-9664-ed35924eb399
407,cbaeb978-87a0-450f-b6fd-6231dffcf3da
408,16a3d876-e330-4648-b03f-5f8d7e18ee17
409,7d08e3cd-3a68-4568-8273-5b53ac0cbc71
410,79e29b8b-47d1-470d-b7b1-32506bfe7d9a
411,2b834a98-14ff-47e1-8aef-cf8ffae912fa
412,17fa2e6a-ca80-4d60-afb0-03f170e9d5f3
413,4bbb309f-9162-49b9-93da-fb2c371e5c5f
414,0ce96a86-7a28-4c44-9e59-591375310894
415,4eba4667-402e-4aea-a15d-c9fb82da60dd
416,d63c2bad-817d-4116-b4d8-b927cb01212d
417,0cd6dcf1-5778-42a5-b685-4d01ae4a4871
418,7032c696-4cd3-41f7-84ae-1d9c5c18baaa
419,de2f0ce8-f8d6-48c5-a213-4d065251cecf
420,0cfc7eb9-2891-4153-b335-6331f381ff05
421,7110bf9f-b245-4adc-9159-5081013fd64d
422,268f3f0d-252e-4f61-9d96-1a87f4389ca9
423,a5826fe3-8df6-4fa8-adad-b7116864588f
424,91be6910-bd67-4e1f-95b0-32513b399b24
425,e8db787b-d1a2-4000-b74a-e3db5436fef6
426,da56feea-941c-4ff6-b573-bb16ccbde670
427,ff64e9fc-36dd-4035-872a-83aa41dc1ad9
428,66baba7d-178e-4c51-935f-03a9049ff2f6
429,32abc65b-333e-4af8-88df-ae2938018fb9
430,0da516ee-e70e-4384-be13-f5ff80be8127
431,4b9cf8e3-5b00-49ee-9d2f-bb78d6b46493
432,5ef7eaab-a17d-479e-860f-04d00e1540e8
433,3c8c9fe5-bbc6-4a0b-8cf2-a839aeef585c
434,fe30a4b0-1a99-4fc7-afff-b162b8c834ba
435,27de0574-cb9b-412b-a14b-be856efb0a95
436,f75b740c-b36c-495e-bc67-efe347bbc6b5
437,e2b82b00-f07f-4fc8-a7bb-c8febf65efe5
438,49320ec7-65f9-4f90-bed2-2d41784f1836
439,1d7234e4-1c76-4d67-9487-71d8c529cdc9
440,3d3ee5c3-4286-457f-9f76-1704011f7e11
441,9fcf9918-fdef-49c3-aedc-518eb1e7e1f5
442,87d1cb89-8de1-4e15-8255-492323203237
443,98eb1f3b-3480-416b-bd4b-811946f7e347
444,74c0c0d2-aeb8-44b2-b86a-117d0455ae88
445,6b69101a-0e51-45c6-a7e5-5a60a1c85da0
446,e464363b-8346-421d-9035-52118b76d8c8
447,d663e407-33c6-4397-b40e-dced5ebe20b5
448,77592603-505b-4096-97dd-d0def6bd7601
449,bb2a71c4-ff2e-47cf-ab44-684797a1ee5d
450,896c43c3-0af9-41e3-867b-56b1ffda0b3e
451,89f6560b-2194-45c9-9ece-d33049a73eef
452,afda6ca0-7aa8-41ef-ba5e-8dc607839daf
453,21d2f96d-35f7-4e3f-9745-c533d2dd6e97
454,0823ccef-813f-4f22-afef-ac0d68615e8f
455,ddc3119d-1d6e-4324-9125-a3380d299ac5
456,f2df64d4-1dd2-47d4-b96c-d553f2523933
457,32a9f2e2-929c-4e1a-afbd-185452ab279c
458,55a4ae74-45e3-4f5c-8646-17149edfbddb
459,aeb400b6-d38c-45cc-9252-3c6983c614bb
460,8af15e52-c743-43da-94aa-c4ea52d4f3e8
461,f12f094b-492f-4e88-b36b-50b8e58b7500
462,96835f47-da71-415b-8cbf-d37386dc98d4
463,89a94a26-29d4-4cd7-9e9d-faebc300c1b1
464,cc1ee268-8928-4344-86a1-592de0e983df
465,bc54eee1-a858-4f80-afdc-0442a617ef50
466,6074be26-466d-4df7-b845-4c44157a2529
467,b8ad23ec-7b72-40e6-a85f-a4ee71f8fdd9
468,7272ad09-c6a4-45df-802b-c772f9b573c9
469,c857adde-6f65-43a2-9a9e-5516c51715b9
470,7abd0821-f3ba-4946-a79a-310edb85471f
471,afdee309-07f9-464e-ad3b-29f4e539da88
472,9d1b08b3-ba1e-41f6-a466-1ac1e62eb5f0
473,f041ce17-a005-4c69-846e-e3806e0b62f9
474,2b60c0cf-6ce6-4f04-9748-0e6d883673d8
475,39e71107-3aa9-41a0-809c-edea477c968f
476,0d282d6e-8cb9-4339-8e7d-cfafed96b5ed
477,138aecdf-1b02-4ffc-81c4-0a0461b4f3c0
478,6fa976e9-da4e-47a4-8655-36aa6a4e293f
479,09638218-695c-44c7-bac3-26b45a2ae418
480,bbd57056-80e0-45bb-a2c1-658ed99a1251
481,ba73ea7b-3e80-446d-898a-f8ec07437cb3
482,f3290909-1730-43bf-9bb0-03cfee12ee15
483,6af2f535-433b-4c38-b31b-ab14a8bac266
484,fd446407-b08e-49da-b8e3-7e7c79618c3f
485,41a3240f-58ba-44e2-a688-edeb21ea5c16
486,8316979b-df5a-4dc7-98ef-61ec6a10df84
487,4fdcf911-b738-4cf4-80ab-aa5a14d22f73
488,f7b071bf-4882-4cfc-ae0a-7e0e0ab94c61
489,c6445183-6a52-49e0-a51c-6b3481ba5c54
490,896563fc-6255-4419-89c2-ffed30159ad6
491,442328a8-8a11-4e15-b80c-402a9bd5844d
492,eecbbdd5-5c07-41a4-9486-c0373de7fbab
493,0058526a-11e9-40a1-ab33-7c5ffdf5da05
494,eb083439-8a16-48b3-9f0f-906391da0b6c
495,c9df1379-028e-4d52-b9d2-469877049172
496,17e222ea-b04a-4b8c-961d-6552c1ea7589
497,a8ea1f32-be7e-48ff-8ef5-7e2847beadb1
498,485cdafb-3c7f-4104-ab1c-773e6131a39a
499,a0bf9b9d-e53f-418c-a839-5d99eff718fe
500,0e628dde-8d1b-4a1d-b973-a349fe1725c8
501,a11c4c9c-ed68-4dcd-b7ef-841e7e347d70
502,556be6f4-225f-46a2-a795-d3d54d98c3f7
503,03459358-3f0f-4b13-a143-890e2da798d3
504,8df12fb1-7f41-4068-8d05-007e8fec8f33
505,b25c3eb8-fd63-4d77-8308-7061dbd271c1
506,a4c4c0b7-3dc4-4a6b-b1c8-6502cde56a14
507,b091d04a-bb5d-4998-afc9-d71e6c96fb80
508,fe77f9ca-7bd2-4a68-98f4-8463a4fb8301
509,204713d1-a658-435b-b495-765866715755
510,cc173f61-3386-44c5-a048-3889e1ec9114
511,5518db9d-4a2f-4b53-9068-4d0d61465bf4
512,5ac07f1a-6436-4103-b891-c59a7ac505f0
513,9f34107c-8db0-4b00-84d8-3f64e400c80c
514,c475b9cd-148b-4854-b13e-1e1a86231943
515,94e3fa6e-54d7-42a8-a3fe-7f1b5f6d14e4
516,6c153605-d62c-4970-81a9-49646ab32032
517,0dd4d328-f015-463d-9a7e-06b7041f0b26
518,7ae62140-fe02-4ee3-a0c5-fb5668a2870d
519,3c6cd54b-e206-47a4-90c8-d19ff4523f34
520,0550431f-9c8b-4204-9c45-59bc5feacf06
521,e3bcd26a-d16d-4f60-ae65-d41364931551
522,5c606d18-6404-4047-b235-350f18e11827
523,702dc749-67fb-44c4-8662-bb755eaa47c4
524,13724e7d-b946-4773-915e-9621340237bc
525,e86698a6-ef2b-417c-a2dc-406380e01f10
526,b77b7ac5-f25f-4baf-8e49-dcd4f31899f2
527,ec0449aa-ad5b-4231-8022-907ce82e1128
528,e13d2b8f-fc81-4f60-8958-74b8be492ad0
529,684a597e-0d82-4f98-92f1-1e5888043764
530,bf1f763e-c505-46e7-8af3-e48f13ec5f44
531,e1f5c539-7c93-49ee-917d-a24e0d887686
532,feceacee-d425-4e73-821a-02dfb85084db
533,ef983998-fa85-4214-91ba-fb4b2f1e0cd5
534,7abf5b24-8f18-49c5-a64b-5a5870a03a56
535,082967d4-b94c-4305-aa13-35a6aa8c5c7c
536,a3df9f73-7d84-4f3b-8581-fcdc5b02db3f
537,71480db1-a706-47f9-952f-bdc5036e3df3
538,cd85312f-0e0b-460b-addd-57d6df800595
539,fff5bc45-b506-4466-8977-4869079c1cb2
540,9525dcdf-5085-4143-bbae-544263acd63a
541,b552832c-ad26-4901-b76c-232a53c74aba
542,7af6e9e8-1e11-4c0b-b7c6-ac96bbbbc674
543,2111dff8-f830-46ad-80ce-7885893b3134
544,8899ee6c-7df4-41dd-9dc5-36be940864ee
545,2479ac51-f43f-42d1-a912-ff000b351439
546,05c00631-b864-4842-b47e-06710c197c7a
547,9bafaea2-76cd-4532-ab77-8b3d21fa6235
548,313c2ac1-56ca-4f4d-a22a-2b2f67f796f3
549,1677a5fe-a0f9-4a3f-862d-91c0a2ff1983
550,e2103a1d-4a84-47a9-b4f7-774787573449
551,84f583f4-f32a-4202-9b92-e25f0c978410
552,66db424f-2abe-420d-8e5b-186607266b61
553,f5bf985b-ac78-4d23-881a-18a359234528
554,fbfef8ed-cea4-4674-bc9d-71661dd953ff
555,a5d88c63-853a-4f4e-80c3-1e793bb42051
556,1c5f1010-17aa-4a17-acd3-3bbef4fcd2b4
557,476015fc-ab0d-462b-83bb-0354e2d48610
558,24bd5079-e4f3-4bff-8ed7-7540080ce7ec
559,21a40266-69b6-48be-b882-38b2f55fd703
560,7d9d73a8-08df-4624-a5df-95cb220c0736
561,ceda9207-797c-4d4a-b65a-5eb59084f011
562,7d35602d-bc94-4975-aa7c-f4e8e05ce8e0
563,1024388a-5601-4d18-bae9-4531a12b774b
564,ae3e863c-8803-4de9-86f1-ed5afe7d24d3
565,7f2cb89b-cd07-48d3-8e29-0082942284ef
566,0fc9b742-ad2e-4ae1-bcc1-5207e0496675
567,7e11b04d-c6b5-458b-a8af-0b12551ea8a0
568,0ffed47f-d320-48cf-988d-40449825085c
569,42cad89f-afd4-4418-8439-8ce87eff1f26
570,db10b60e-efd2-4ba9-a873-d1e2ec37620f
571,6b21150f-e704-4758-b102-63fd3412543c
572,0620ecd1-e4b1-4dfa-972b-38a93e5ebd9d
573,56ff27ef-2565-45bf-a70c-f06d78d2a480
574,dd7c9dfd-6e2c-46fd-aefc-369402d0200c
575,53403f06-6c51-4a24-9491-d8a6200526ce
576,aa8b0abf-7ff0-4fbb-b85e-5364badbf214
577,1b2889c2-154d-4e5f-b7d1-bd1f07df86ab
578,bc5deb5a-5b54-4241-b52e-68389d9a1e92
579,76415d7f-0fde-4364-b45f-5c044580d2aa
580,ee6c325b-223e-432f-89c3-a0f135adac9e
581,fbafa41f-cd05-4109-a649-8b44d306d779
582,906323f4-00c4-4c3b-ab5a-8af77be3456e
583,84f58e3d-8669-4d83-8c1d-5dd1e73a654f
584,1f1cdba2-4887-45ef-9eb0-235e7f63fa8b
585,901105f8-3a08-453e-b1dc-23619e317fd3
586,bad66a63-4e3f-41f9-9e5d-a4d5f12f8d36
587,9c2dc96b-5d53-4d26-8d90-644d10c3ba1c
588,b07593d9-fa33-4554-ab08-b38ef5837ca7
589,37520413-563e-4d99-a14c-1c6dca3cf833
590,e8dd9cc1-c83d-45ec-a7b0-e3727ab90336
591,e87da0cb-eb09-460c-9867-48a63b0ef145
592,3bddfd7c-ab6d-40c2-883d-5e97fb7640ba
593,a5f836cc-7e6d-4f3d-a7ee-0146ebb84260
594,03b9b491-fc9b-4868-914a-bf7cd47b5041
595,8e207517-34bf-4711-a0aa-c8a557ab692f
596,5c98825f-146d-4d35-97cf-207b2afd9ae2
597,9e14c1d8-72f2-45ba-815d-0d12e12d19fa
598,ddfd922f-a4f7-47a7-bf1c-cf9124e5bf40
599,d65babdd-b9a9-4ca6-ad55-f02a9027bbbb
600,fdca2645-4d0d-4537-95d0-00ed70b48988
601,c07dab7f-deb2-4985-ac64-c62514221869
602,e5d1f825-60ed-4bdd-872a-e748c387f777
603,272b53d5-8a03-43d1-b0ba-e93dcd9dbcdf
604,dc9a236c-c640-43c3-812f-269403591edb
605,15a33d76-4640-438d-ae64-fdc0c1d3eebc
606,24c39caf-6f4d-4fa1-bd54-2eb917c0dfde
607,4a2a63e6-5c62-43a0-a375-fdf4c2805270
608,8acf5d5e-2ba1-4880-adf5-61746253ec44
609,5898d99a-62a4-4e10-a2e3-0d815ce44248
610,8088750d-8388-4170-a76f-48354c469c44
611,48db96bf-3314-45c6-bad8-fdb6e20e5639
612,e9575f7f-053a-439e-8074-f93df3334e92
613,25f0ea33-b4a2-4f31-b7b4-7d20e827b180
614,fecf8a0d-62c4-4e71-9b03-0f4fc2ad7bf5
615,cc7370dd-69fa-4c67-a96f-d4d135d38700
616,edebd83d-35f6-4ed5-a940-6c203d178c01
617,a7f0fbe0-c546-4f30-8e41-34a58c64567e
618,65e58886-bd1e-4c5b-8ca5-8d9b353c8aa1
619,43ae58b9-5e56-4524-b45a-b422777a0576
620,9ef0f3a0-9ce2-4ef1-a987-0366b5cb2dbe
621,ab1e97ed-2319-4293-a8b7-072d2648822f
622,3cee858e-79e8-4a4b-b99f-93c7f735d58b
623,51b4a8c4-6af7-41b7-a68d-f3c2fd63c9ec
624,51e79cb4-fab3-404c-88f3-cd4a1bd5879e
625,6c77aeef-327e-440f-8510-74ce5a73bd8a
626,5c2a951c-9eb3-45a7-af45-39f3bf3a095d
627,2522a6ce-3202-4ac8-9f5b-b9cb5a3a83a1
628,3ce1fe19-7f9e-4070-941d-651673a5693b
629,17924c75-45f4-4593-afac-eea0d51f04b5
630,c69fe106-693e-4633-8c80-9734e52700b1
631,54c9c155-9293-4329-8ed2-2e76e8b519d4
632,022dc430-872a-473a-9cf4-fed4895e58ad
633,46e1b714-94f4-462d-88e6-31f442708812
634,acc74047-f59f-4935-afc0-45ec43b9b57a
635,5d9e766b-8f17-4e17-bfab-3bb0e0719791
636,d9e5349e-8791-49c2-8ba4-839fdd1606c2
637,092f44f6-8631-460c-a862-f79f5c15dc03
638,df1265b9-81fd-4a40-a746-f0442ffbf7ef
639,3597b613-de06-45d8-89a4-6b01ceb1c3a8
640,c3e36d05-8ae8-447f-bb2b-6f9409f85389
641,4134622c-c3fb-4a41-beb6-6d58ba5107db
642,d8a37cc7-878d-4c76-af69-3584282d8a8f
643,b8990fac-b9d6-4c9a-980c-fd6753757106
644,27ad6528-0914-4049-87c0-2f05791d0e2e
645,df179770-1c8d-4673-a270-481b7e4e6010
646,17446f6d-d8b0-4945-a37b-9ad0dfc9f3e8
647,f76eeb55-2ad1-40ef-ba09-fa60e2c28b40
648,73cc1ce2-4ada-4ae1-9f8e-d7efadcd52f6
649,f96f5aa5-6ed7-40dc-a431-68b0a09d6d4b
650,2eea3fd6-82ee-4334-8e36-62a0707cade1
651,cc0a45a7-4883-4122-af11-7ca6c45a37c2
652,44d5340c-45df-4478-9e55-2363342a7324
653,7c3cde53-9ff7-4e82-8396-13fdfadd3432
654,77bf865e-6360-424f-9d77-ce03918c7dcf
655,9ba355be-f119-42b6-a7d6-52f6ce2e4a3f
656,2164e860-7f20-48bc-b98c-5d9f8a561550
657,378b4cd5-ced1-4133-82e6-6d12bee2553b
658,ab67fbfb-0ca7-4345-8bf6-af8f59480212
659,7e796b51-49d7-4e73-95af-2e7323763f15
660,6c08403c-a5bb-4868-b8c2-b7d039c0e511
661,3c333552-8d89-43f5-90bd-856e15bec433
662,9bcff7ef-1f9e-4054-b8fa-3c640e491a11
663,05010f6c-0b40-4525-ac4a-057d46a2b6f4
664,8c30f212-806e-49f6-ba1d-77ec0f0df524
665,c5422318-3218-4ce9-9bdd-f38b93ff63a3
666,feb717ff-fba6-4a91-aa10-ee11cf2da6b4
667,87434439-c07d-48be-af34-b0cdd03121c4
668,162c7407-14ec-43ef-a4c2-31ccd1267850
669,f058bf62-70d1-4f5e-be2a-8b26fac24a96
670,be4588ee-f2c4-425a-9c23-a97ff1a6ca98
671,34406889-f522-47a7-b60d-8545b36d73bb
672,d80ebb29-7b20-4343-b7c9-0e3ef9f2e1f2
673,a47d194d-0ffd-4aaa-b695-fbbe0255000e
674,6d12ac9b-5ec0-49b9-bd70-5a19352585cb
675,1f51e46a-4588-4c1d-b507-3f9ea480dde2
676,33a0a2ea-025e-4107-8717-39ac45b3b78c
677,c31db791-e28e-4331-81a4-ddceb51d43f6
678,16886497-e872-421a-8b9c-dc7fbbbb1ba5
679,9c07b3e2-b919-4594-b6f2-e01df6e9390f
680,c022ff1b-7783-4e64-89ef-0422c81ff51f
681,8712b176-c063-462f-9d0f-2e3c54d9a2eb
682,dae7b6eb-dea0-4298-9554-d951656e9389
683,eabc06f6-2daf-45bb-b525-7fc078e2eadf
684,b73bda36-9c32-4045-ad4b-168b81d44662
685,ce689fb5-2c21-4f96-a4b0-d02d4af35923
686,1c8327dd-9af0-4124-9c4e-0342d90189d4
687,78ebd783-feaa-466a-85ac-9cc44779c202
688,4c58528e-bdaa-43ad-8f5a-8ad0b8cd4bbb
689,2c28fc20-8a60-4311-8899-5ef8729c05b3
690,bacbfc27-4b5d-47de-8bfd-af5fa27562a2
691,1fcc7c3a-9693-4999-870f-8dab6283d9e7
692,d2efac49-6a08-402c-ae58-1b8aa95980ba
693,f256f3fb-bb26-4d2c-99f2-7f99b68076fd
694,fe4a9fb8-2963-4b23-8a18-e033197304f2
695,4e0a7f6e-b546-4cc6-9f8b-53e4fa31a426
696,16d61c6a-30e8-49e2-abbb-d20879eb8afd
697,5aa79c4a-8b29-4d57-8723-b9a69ef0727e
698,11f364dd-0814-4398-b00e-10d1be8b27af
699,fd33c66c-70c4-40e6-b87c-5495bd3bf26e
700,e36c1f47-3913-4d35-a6ae-fd9a7243483f
701,44864dac-e16e-4a28-85d3-c08552f2fba3
702,f14cfbac-07c5-43de-8b63-51518be99826
703,9b5aa426-7daa-4143-8d70-c3623e8c7e60
704,c46cf6f9-8b1e-44b9-a529-f5774c9167dd
705,442f1140-fc9e-4652-b6d8-28cccc288a13
706,b4c100f7-b115-4886-b3ea-9469b9b6c477
707,fd70741f-5916-4fae-8d8a-d4ca8b578b8f
708,32bfacd9-51b7-4757-952e-7f2be2671632
709,2e04c512-6867-49c5-ad58-0797b8fbddf2
710,671fa6d0-5052-493b-8476-c4ef43bb96bc
711,c79a6989-a73c-496b-997f-c706e1c5c52b
712,a550c4e9-5773-47a2-861d-e57ceb076eb6
713,26514334-a6b2-47d6-ae86-490f5ee972f7
714,8a18f41b-70e2-4a03-986f-95b52d2ca39c
715,d93f9e29-9740-4231-8486-13d377b99f05
716,ac51e567-2261-48c7-b0cb-97c07fc60b6c
717,3a55c908-154f-4739-a8d7-cce034cc8e27
718,273eb12c-7c34-41d2-afd2-c0222bf853bc
719,eee58e6d-4587-42f0-b9a0-fe055cfe2044
720,72a22a1e-4db2-46ac-9757-bbb2285ec590
721,921f52c7-d977-4e84-8b62-adf64fed999f
722,d1a2b81b-a3b5-4e4c-958f-e361254c295e
723,0b0335f3-0aa1-491e-895e-81fc8774a300
724,6a322874-e32f-4cd8-9683-badce67a7f73
725,23cb29ec-5738-4966-8453-09952ed8c1fc
726,4309a39d-af97-4e56-8d0e-5351b7b8dd01
727,9a9e28ad-4d03-4a06-ac8e-26938a3767b3
728,8c4c49d4-9708-433f-8ca7-bf2c5211ee49
729,f9670490-8aa4-4540-b121-d440a8294aab
730,5fd5c985-eaaa-47aa-8314-62359c54505a
731,3a5b7435-c262-4a9d-893d-ee6c19bd9d92
732,e7b05688-c191-4c34-b8ba-9cdcb8d805ad
733,0de6bca4-f3aa-452a-8e10-d355b2c1bfc4
734,507e2b21-1285-47e9-bf09-0db794df1bf0
735,e4ff825c-7376-4135-93cd-3892fd67b7c1
736,6b5d032a-b85a-44ea-9dad-5201048d2dd2
737,5b776f2d-cac1-437e-badd-9871876209a5
738,3220a66f-d129-463b-848e-891b4f1c79e3
739,7253d98c-4a6d-4e37-8b6c-accca9f4b639
740,764db027-9063-4468-acb3-c73ecfc76f35
741,658b6ea0-79f5-451d-a037-7593a4416c85
742,a917fd91-866d-4ecf-a70e-894b755f9baf
743,669edd06-1de6-4d01-8029-3e64a3754001
744,fc7ed09d-3010-4054-8136-a534b16fb35e
745,090ae6b3-12ab-4c72-b98a-17b790cf416e
746,d36178d1-07fa-44c5-8b19-0ca637256261
747,d73a88a6-6325-4c2b-887c-5d598580afad
748,c9bb544b-99a1-4335-bcea-23f84b01095a
749,c1b746ee-b72c-4ef7-b5c1-f817892938a6
750,4d5c38e4-6687-48b5-942a-7b7c018ea9d5
751,d8aa87e2-bbe4-45ac-a1e4-f48b6f63952e
752,04e52ec7-5107-455b-a943-8004015d5b26
753,fd4386c5-96f0-4c6e-970c-c08729ae0cc6
754,3d1b1cfe-a182-480a-b4dd-f482c6b4e6a4
755,bb40da1a-232f-4ba1-a9f5-5283a4fb7a7a
756,bf5d77ad-e18c-48d8-83f0-bc79c011c74a
757,cc61f9e5-d4fc-470e-8606-1ce865ff8386
758,94579fbb-0485-48d4-b97e-ca85e15691d3
759,66fda9e5-f9f7-4342-b4f1-23355bcdd0b9
760,c5111560-0140-48bc-8475-0638a8cc852f
761,9b9662e0-100a-4314-9bdc-8146a7105c3d
762,810134a4-3c40-4140-b8ca-6d6e8d0dc0f1
763,797a4416-0b8d-44f3-8fcd-eb10bd0be6b4
764,714eebcb-569a-4f1b-b592-28f70b59a9ba
765,94e7a22f-16b8-4eee-98ba-a5b09e9cdf96
766,f10142ce-d522-49c3-9fd1-054fb63529d4
767,73a023d0-888c-4d89-87e4-a03e84395da8
768,0a71a150-17fd-448e-a5b8-19fbea76d569
769,a5515186-a519-4a9f-8876-9aaacf06e0a9
770,6af000e5-a451-4f78-9feb-723971f2ad05
771,bc916b78-2b53-4850-a4aa-7d748e99cc0a
772,ce82b32c-53ad-4543-9315-7350a2ec059c
773,46003629-a579-4d0a-b3ea-80ef890699d6
774,39da28ca-7dbc-49d7-8633-ba1b3a4b00c7
775,c9e1cb88-bd7c-463d-83b2-2bd197a3114c
776,46a5e3ea-e276-4d84-a289-bd1187ac8cb1
777,f190355a-cea5-4cd0-b6cd-a5c3d9a14985
778,083c139e-3228-413e-93f0-71fe5e301421
779,5706691c-2c38-46e4-9e88-c55be7e5d3ff
780,574257ea-7b64-4100-b7b6-e27c233fe143
781,3cc1ee94-ab2c-4f35-8171-3cf4b5b664e4
782,f5369f2f-e52b-43d8-8d31-79a6c11188d8
783,8f6ed69b-29d0-4c01-81ba-f05920a185f3
784,a88da605-095f-4a4f-be1c-d1444df8228a
785,397da142-ab35-48fe-b154-7c38f447adfb
786,367c240d-5f34-423a-86b1-866ad27206ea
787,6b28bb69-a6ef-42d4-84df-46e498f09297
788,7ba8eea9-3f9c-422b-90db-1a11eb6ff904
789,db3c8181-31b4-4950-bf0b-de01f93c372b
790,1ccb6921-3599-4d58-86ee-b659b5fa1c2a
791,8aaf9e1a-7f54-4092-a636-5675c0df9afc
792,6c3031c8-fac1-449a-849f-c24c5009db33
793,46b391a6-bbd9-4e80-afb0-ad205101af59
794,40fa39b5-0f69-432a-b5ea-b01b5d98649a
795,b8656b5c-e3f0-4418-82ff-87b5f677f9e8
796,81dc035c-921b-4fea-a453-94538e86097c
797,2b1e2927-3542-48da-9063-02925e7562c1
798,897b393f-e7e0-4248-a40d-d77119694e83
799,38716afc-a93b-44ab-96cc-2ecf67edcf32
800,75f650d0-9096-4b8f-bbd6-ad05ee3f6121
801,7ddbfce9-902d-4d1c-b751-30274f4b49ce
802,65f375e1-6724-4539-8f8d-b35f4ba11af0
803,327d15c8-29ff-4ad4-a4fe-6536d777a45f
804,071233c4-ad2b-4f50-b79f-768d2231163e
805,ab1cb4c3-8a39-4e26-aa53-6e0680eb08dc
806,ad903700-6511-4804-afc6-f9a2e9344a59
807,a8d41cca-3bc9-4d2a-ae09-436dabe86e21
808,559441b1-15fe-471f-a4b9-6534a390bbc8
809,00b9a3aa-7070-4bb5-8020-f228a97cf42f
810,bf59255e-782a-4e83-a93c-6055cfdd8e7f
811,fc4fcb4b-993f-4f2c-b158-c2171ec18ed8
812,0c452783-8873-4b04-ac18-ea353bc55b1d
813,68ad2716-36f4-4445-a437-ebfce0e23430
814,594bd121-9614-4e87-9ecf-6ccb95507efe
815,4c35663d-f3c7-464a-bbdd-3568eba2dc7b
816,1de3942b-99d8-41e8-9ef0-fbc9e9f6307b
817,378caeec-10a0-4162-b75c-ab374a42e93d
818,05e975d0-bbdb-4822-8da9-3153bfcfb52b
819,6b6a9252-2ed7-4862-a02f-1578f4a532ea
820,62685d7a-a8be-4070-89e9-8699ad1201b6
821,a8429098-ddac-481b-91e7-688d021c092e
822,88af9294-b697-4687-ae19-aefbb6234dfa
823,270c4de9-97f9-4a7a-95d1-63670f1ec3bc
824,9ce52938-fe28-4548-b38d-0c783933e19a
825,0fba68dc-6f5d-4974-b3cf-5d3215f7d363
826,df11ab22-3c40-4dc8-ab0c-e9f41e62449e
827,c2218533-3e2a-4f50-b4fd-afde71dcf442
828,ef1b72a4-7f39-47e8-985a-a541db616dcf
829,9a5a5a61-15ee-4ffd-9fe9-b5e9fab9b261
830,097098fc-6d89-44e9-9305-98ac5c0a78ac
831,76f552ef-bb2d-4f66-83a8-ad205086967e
832,e2649956-6e7c-4ac6-92ee-fab9c61badf2
833,83d57165-ecba-4a8b-ad28-e71630f961a0
834,c36dc79e-3414-4283-a85d-f664a523837f
835,57869946-cec2-4121-981c-84c9846c58d0
836,b979d9ae-37c2-4d1f-b8b8-7539f913cb19
837,c8c18b8d-a813-49f8-a702-689564dcf8b2
838,2bc626f8-32ce-4131-9f65-c52929d55a95
839,2e55bf22-45f2-43f6-8aa0-28894263313d
840,56a13f47-ad7c-451f-81cf-e550107abc03
841,3e40c7d0-0e36-4b33-bc33-0aa87eda0561
842,e5ad0cce-e3d5-4c60-8504-5d1c7e3b55b9
843,2aff3316-15b8-4ca1-8ae2-270bd5fd22e1
844,722be5b6-9492-46da-aeef-ddd880fdceb1
845,f0ab5d57-4be7-411b-afce-b4a76a142302
846,6360d655-3494-45f6-bfc6-d5f63afc355b
847,c8bd9f9f-0ec6-447a-ab78-ad6eeeed9aa8
848,4940d889-a185-4176-a920-46b88cbe0d8c
849,ed291aa0-8b2f-4179-b2f7-540ea6f63bf3
850,d15e92c4-c8dc-48cd-a1f6-94fe13347f87
851,c8ac1986-38fa-43b2-89dc-50a4beeb420e
852,21c27eba-bd1f-42f5-a1d5-c250227030f7
853,4334037f-c1d8-4241-b82e-8db7e469327b
854,1fea0bc2-a6fa-4fe8-b36f-7a3194f8ed1c
855,c500f5d0-42d4-4341-904e-cd4ef2ff3181
856,3edd4853-a8d2-4791-a5f0-af3a92f18245
857,c3cad273-2cd4-4e4c-9d0a-4d7ed638fc36
858,2bbdea06-a265-42b5-bb4f-7241b661f069
859,a6532ae5-efc4-4ca4-b172-c11471940d09
860,debef2fc-7af4-4bff-ac92-4d0317915a84
861,8a2f841c-fe35-46c0-90bd-51858a88a83b
862,19ec88aa-c0b1-4515-ba10-56b6cf27369e
863,0e9e3a56-3b26-4fa5-91df-6d9bfbea4259
864,95c35c3a-035f-47c2-90cf-7e934d20fc08
865,557d1221-0235-4a48-ada5-8fca73443627
866,07ad40ef-1336-4c0c-abd5-1001773c0eda
867,64d8077e-d231-47f7-883a-568b8b9d5fc5
868,aef7eab0-ae14-4a8d-8f7b-01a97f0581e7
869,2475cd27-8d6c-4318-a364-21395b23acba
870,f6ac6241-adb2-4ce2-b35f-09832cbb11ea
871,9dfab993-ecab-4292-9cb2-528a93eb3161
872,97b713f0-b9e8-4903-8dee-7e0b4019a1c0
873,441707bb-9ad3-406c-9975-a6bec96f537b
874,7785cf38-b45e-4e5a-a88c-d693842bfd35
875,ddce2912-bc0f-4a47-aa2b-c1de48bc4b44
876,83fc0b2b-6cd2-46af-b1ff-d3fc83604c26
877,4e09e2d2-e317-47d2-bf5e-1d6c66be3efc
878,6e7a67c0-832b-48cb-83b3-bab60f31fd73
879,3c42d13b-d6e4-4ed9-bdc4-991251461dc4
880,209a5498-3449-4689-8ed9-bd08cab4fd78
881,72a74f69-5cf1-43c5-99b9-62a444578919
882,8add048c-4d51-41c5-8aa2-f57412c4a637
883,ef64005d-75bc-4597-8ed6-717edec5e55e
884,be566f3e-6c21-4799-a7d0-fa4abbcb71cd
885,b7c8f418-08d5-45d6-b697-ab26c6ecbfb4
886,6181f475-110c-497c-a46d-ed2e14e7bc90
887,694e1e70-3e22-4d72-a3ac-b5f92951423d
888,089ee650-297e-4716-87d1-440743b70a0d
889,1dae8445-12e5-423a-bb26-824010e299b9
890,dc07021c-7528-4351-809a-1525904466ba
891,233be639-bdb5-4099-ab40-96d537d6c1f3
892,efc5534d-3631-4564-a7b0-f6ae558f3c03
893,8fea133a-8e3d-4ae6-89b6-94961445ee85
894,6fcf2fc7-7b74-42e5-845f-f5854fd44f37
895,69f23426-9279-4fe6-a283-24c2aa4c855d
896,c927ec6e-9082-4b22-afd3-0c4e219eaf73
897,68269b0a-35c5-4867-bc17-a0b0230fe60c
898,9f8a0463-e34e-4af0-ae66-f9a0f3a82180
899,65227f84-5d33-44a4-ad4b-1e8571b415c0
900,60ccdd6a-c100-43cf-9797-543a5c42b922
901,0332f526-6dc0-4f09-8a7c-2b9473c50736
902,df08a4ae-4024-4460-8c92-eab78da1c94b
903,979fdc05-7bfe-41f8-b071-7d3ec4c9540b
904,f453b1a6-c7db-4d9d-9ba3-47c45159bfe3
905,c241f5a5-e23f-47bf-ad24-d83ea0010166
906,499c05a2-6f36-4407-83c1-dc3448d35818
907,2b76cbbf-eddc-4a12-a120-f4ea370820a5
908,ab239c75-dfcc-4f6c-9d11-75bb78049afc
909,ce0d6a42-59c1-433e-ab62-adfc969c46bb
910,509fedda-d520-46b5-a801-b3d36221a645
911,e2bb641f-f647-4229-a48e-9a5ef3526c23
912,f3ff2fee-879c-4112-9002-d2df984fcbb0
913,a3b453f1-1151-444c-b0fb-2c49539ce2bf
914,63f9a5bc-f070-46a6-bea7-c6b9e9dbacc3
915,dab7c301-2a33-454e-8fed-23218fa28eee
916,b1b118c4-3291-484e-b64d-6d51fd5da8b3
917,e9e57db9-a6ef-4e44-a33c-a022d7c4a17f
918,6f5850ea-5785-4e2c-b062-743066fd5bdb
919,95bff246-c3ce-4181-a11b-e4363453c2f8
920,081d7679-5070-4777-bece-a28c49f15636
921,81af8698-9873-4b3d-b6d2-8eb275bf170b
922,9fa6b84e-d625-4d1d-a5d0-e7f6b357deb8
923,fbdbed1c-442a-47b3-a26f-0e867d82bbea
924,034c29fa-c3ba-45ea-b8f3-bf8e3705e386
925,326809fc-238d-40c2-881e-40042f7f2f0d
926,65ca5e3c-940c-46b2-b277-aff394cfdd4c
927,2daec0e6-f0c1-43e8-8178-aedba99130ec
928,cd4c3908-c626-4331-8e94-60e6ec4ea2c3
929,9ce7c497-a019-435b-90ca-27b6889c2cb9
930,c6543651-d743-4e12-be72-c81d1eaf4541
931,e207163b-7963-4c3e-9494-7a4bb000211b
932,cef5c0f8-1e40-4c09-b6a7-aa7811849e5d
933,16af9bcb-5fca-4a65-bd59-8a407f009999
934,8a98707e-b2ee-48fe-9f36-e47e3555ecf7
935,ed938748-60ae-4964-a657-ff2685ecc0d0
936,c2fddf67-6b53-4cd4-8483-82e97e0f2a81
937,bf9a2403-850d-4dd3-b266-edaabebc8ab0
938,e98a5096-de98-46d2-88c8-951f4029c038
939,ad320551-6c52-4fa3-bee9-558a44ed1e2a
940,39f67488-cfd3-4370-8d7e-da98163102d9
941,9622b720-ee2b-44fb-8cd0-37afc9c183a4
942,50a279eb-fa11-45a8-87f9-cdeec7dadc0f
943,63d21263-059d-4533-81d0-8159e6a87823
944,9fd3b0ab-8eb4-4790-9733-9d383df53df3
945,f6a90f59-5a07-4088-b318-e486a42ca58c
946,50a382c6-e848-467d-b156-7a1a3610b522
947,74b89bd4-3490-401b-8be0-f1324f062793
948,68defa68-cb54-4d99-89ac-af6bfd71946b
949,8bc1c7da-c832-4896-a441-30d087c46aad
950,0562cd60-cd92-47c3-bc63-30a55c5ca4fe
951,0ecf2d93-39a1-4b3d-8ebe-36ea879c7cd7
952,d2b3891d-d710-4f53-9a68-ff7b1158fef5
953,31c69100-b612-4a61-8db5-fd314318854c
954,d74df140-eb69-43e2-bac9-1cafc824d702
955,c4f97536-866b-4a4f-b91d-da07809ef2d8
956,7e1f9657-ab4e-407c-842f-b846197060e3
957,ea412de3-9d7a-4943-8d8c-c6d3c7495d0e
958,913e7e83-b8f8-4574-b1ca-1b38f3fd974a
959,1bb3a4b7-c0e4-434a-850d-0d2874a9c251
960,973e711f-5c7a-43b2-9ac7-3ab95505aa00
961,4aa5e293-ec94-4c55-b51c-1145d15fbbd2
962,8794f8b6-8217-4e1e-91c8-ae1345bb4f7e
963,8fd5cc16-8d8a-4ae4-b557-9847207e9483
964,d3c81a84-b96a-4d31-8d24-4e487396ce92
965,3cb5fb7e-f618-4afe-b3a8-596aaa1fdfe4
966,1acf32e9-3cc6-4b3d-9d02-7cdf307743c3
967,cafc2723-c308-4058-9921-61306b5de924
968,e31ff919-3923-481d-82b5-2008a695710a
969,46786464-6c5b-4970-9a63-2f2fb29b4c12
970,fdfa3dcb-b8f0-454f-a659-64c66dc6b6a2
971,95760903-58e9-4194-842a-a24e0af43074
972,3d427a49-4f85-42cd-8a92-62d4a34f41a1
973,a35b9b1c-ebfe-41ac-96be-2a7b2ea04670
974,b8eb2517-37d8-43e6-9856-9c29d5c51fde
975,8d49f760-3765-4612-8d40-a2bdd50738fe
976,493b20c2-c435-449a-896e-0af057c41fef
977,811bdb9d-5bf7-4b5a-a3f5-4fc2002f6d57
978,39e43f7c-a95e-4583-be76-bb134ccce1ae
979,e4c205f6-55ba-4bed-9c5d-2032058300c0
980,905b6acd-377b-46b9-9d80-e47e9ca789ca
981,0bd4c62a-c309-467e-be76-8403b3f3a1a8
982,17996b4f-1302-4bd7-a4c7-912b74feccf0
983,7d092d81-d1e2-4c34-b3cb-c1c9f2e68b7d
984,88cb31a2-bd69-4511-b31a-3bc562f93375
985,861009ea-4d15-4e80-a8dc-7db41ecaf49b
986,6633d687-cb8d-4743-a69c-cfb963fe4f4c
987,61268e22-9367-4c3b-91d9-b651e4c142e2
988,ccde26f3-e822-4b6a-94a1-39af4ae41fed
989,4f7fa632-15a6-4739-930b-abbac8055a80
990,f7464f30-662b-4177-85a0-3df9693e9e58
991,eaa4cdc0-43e0-4388-9b8a-e2779218d10e
992,cacc8765-aee4-492e-a938-d556c912412b
993,7376894b-6c71-495c-bbe4-8b373f2ec5a6
994,32bbd1de-4995-4e47-84ab-fb3a2b0cfdf1
995,45bd49b2-2e24-4279-89a8-b5ae84e8acf2
996,9b9e03bd-b8cd-45d1-8983-7a68e0e63e1f
997,0b370a54-aba5-438d-9b3f-5c739aa57496
998,f2704539-8b55-4164-8911-e550a1f9c47f
999,87b1c959-236d-4761-b3be-b1c729497f75
1000,25f4c955-e429-44a6-98a7-7d8cb3b6b690
1001,76395873-7fe2-4f9a-b4b6-9932f8cbd0b4
1002,f5f5b244-6cea-4fbc-8a50-8f712791bc09
1003,b31ccede-907f-49de-8047-4d851bd4add3
1004,86df7af2-f9f3-4c06-a500-7f1fba9e78fe
1005,632a96bc-498c-48ea-a83f-fdc42d811a51
1006,02e235f4-a30a-412a-a06e-1c471ad28678
1007,c8f14c32-7f24-41bb-9e8f-b24d6fd3ca86
1008,fafbb75f-ec35-4cc2-996a-20c85ef6c266
1009,86065a19-7537-4bd5-b41c-7e0638d67b58
1010,68b51538-b056-4cb3-bb15-ab8c3e576cc9
1011,2a7fbf4c-0bc4-42fb-9245-f70bfae8fb94
1012,668504c9-aca5-4893-90eb-9805da03a0a2
1013,194c05ed-253c-485a-8bf0-0c8de1aaafda
1014,54d68400-9da3-4077-a7ee-52e68b390ef6
1015,527b4d56-76f9-470a-9a90-cc5203501083
1016,c1e6e283-bc66-4e78-b4ec-501ff082d9f1
1017,d5c9c535-6539-4fc7-bada-e3169dcc445d
1018,791fa659-3382-49f8-a8dd-505226d0da48
1019,e9a68ed0-d96e-4054-b1c3-9bbdc5ed6b46
1020,713f1ba8-c7a8-43e5-a5cc-0b869474efe7
1021,78521a78-d0b6-41ca-ae11-d1af9da8a3cb
1022,8fa840f7-e66a-4370-8e6d-7d554260c31c
1023,1c08d63d-1c5e-4b9b-ad3e-f7ba7debb2d1
1024,146eccdc-c52a-4d61-9406-3af617caa7d6
1025,6777c396-89fd-4e49-b53d-5ec46c449313
1026,2a38d8fa-92ad-46d3-9bcd-9e5c7f90ad2e
1027,ea18b2bc-b0ea-4da8-949e-fe11cb0f7ed7
1028,705f5906-9b08-4562-9544-46f6ab944a7e
1029,e5727f3b-0dc9-4daf-84e0-d5789b33a6d9
1030,2b281511-176e-4f7c-a581-0875d3c4cb51
1031,48a63f52-60e3-433a-bd10-7e38d3e503fa
1032,4b7f00c6-d280-47dd-b15c-b22aaf8b1706
1033,b806b5bb-a5c4-47dc-945c-579d576bc242
1034,826c1cf4-582a-4f1a-805f-98cc2b8000ba
1035,541cdc23-1eec-4520-81fc-3392eaf538ed
1036,7c127140-3a91-4fe2-b33e-12567d78ef0f
1037,3556c075-eee0-4549-b730-48ae70cb5af9
1038,c6482540-4e20-42ab-9154-16deb6db7536
1039,2c71ffc8-dae9-4584-ae7f-5b3a78c8cc69
1040,8b8de60e-6f9e-4667-895a-80dd14fc4f4a
1041,657c5a25-903c-4669-9efc-46c85c176fbf
1042,0d6714c6-720e-4985-9791-5ab85d28da79
1043,89db623e-e1fc-4ec2-9a0f-7b72b4c35303
1044,6053cf28-2f42-44bb-8d27-a43920128b30
1045,0b8da079-f587-403f-a6ad-cd18b8150044
1046,ecf2deca-8e91-4dd3-8315-a8b69d621492
1047,4f7b14d8-f09c-49f7-abae-231e8c210e07
1048,54b2c5ea-4475-4bf5-a433-b0dc5442e691
1049,50431cf0-3b03-40fe-82aa-0b3a55ff7f9b
1050,73777be0-65f2-48b6-a9a7-50066ee521bd
1051,e0081a56-7199-4d5b-965b-2386492cd354
1052,7d4e4636-f136-46f6-ae23-2a7639d6b861
1053,377861af-f966-4c87-a2db-7e99904312b9
1054,7bf0c60a-9303-414b-a43c-21c28a98d4ff
1055,cf9c8e73-105d-419e-86dd-4304cc6cd718
1056,032b0bed-22b1-456b-8009-91e6b838fe45
1057,75ffb6d4-0b48-4471-b3c9-731b01ee1b47
1058,8bdd25f8-4b6e-40fe-a2cf-c1badc594114
1059,023f4870-b417-4bd2-b0ae-78e61587c79f
1060,82fc3feb-752b-4d49-803d-c08a717917aa
1061,23759dba-1abd-4865-b0f9-608012348870
1062,52c19dc8-651f-4095-98fe-dcb2799d702e
1063,4a466c62-db7d-4905-9a41-f23214810acb
1064,1dea2f3a-857c-4fc3-b1f8-d5f2015c46a9
1065,c55caed2-de9e-4a25-819e-a0b0e83fba1b
1066,2b16031c-6278-4929-adc1-127f40c3c76e
1067,1618ee1c-6753-456e-a171-3d7e5f75404a
1068,13f22eb5-e3a8-405a-9d89-c8124d4a239a
1069,2be699a7-416a-4f32-967c-4edc65027b71
1070,d4ae9564-0b61-4aa0-9df0-d4fdc969fd6f
1071,7fb699d9-182a-430e-b7a0-6d8ed05c284b
1072,a71577b2-7550-4222-88ee-dcbd2d881516
1073,c3ac5c4c-b4b9-4842-b871-43e12cfc0442
1074,7f4d1dee-bc5a-495a-926b-17b383b8d8fd
1075,b589fa82-f177-4cce-9fb4-31bbbebf792b
1076,5368a46a-54b5-4874-a06f-964d557c1cfb
1077,52cf3037-ab53-4806-85ed-7fd21ea7f6a1
1078,af2eb9ef-c98d-4ab2-b4dd-049cdb30e665
1079,29c60c96-d71c-4a6e-ad81-fca0a4e48925
1080,e46291c7-52b9-4174-bd59-178884861038
1081,2416dc09-6384-409e-8b1d-80bb7a2e7369
1082,16a8cf8a-69fe-4316-b784-38bfaf27639f
1083,4a193795-fa63-414e-9f2e-bfdb3924571e
1084,f70b5f39-b8b6-407b-8c08-64fd65db79e9
1085,f7e7ccb6-fadc-4c35-935d-e1040be40dfe
1086,4f6b656a-54d0-48ce-9b55-ebcac5904a14
1087,a7e17d18-93e2-4eff-8ada-f1eff25c1189
1088,76f22707-8d30-453f-9eb7-3376e2960311
1089,30b1f3e1-1586-4d41-aa02-e2ab021b5164
1090,a72fe645-0a41-4459-879e-fcc485800c17
1091,63321ecf-4fc6-44d9-88f1-5373a4f3038a
1092,0d85dc6f-ea26-49a9-85b9-532441b000e2
1093,87da57a8-ae40-41e3-998e-f517daa95c9a
1094,e3b4b533-cc4d-4c70-adb6-128120f40c88
1095,e043aeeb-78f5-4049-afbf-12bba52225bc
1096,4b51e76e-9e8a-455f-a289-5b48246345c4
1097,61d6ef20-6cc7-40f8-919e-3360db6cf2b3
1098,117373c8-f04b-4fff-8683-aebe36edac81
1099,53456d90-8c0d-4bd2-9f1b-312619b6e2a6
1100,f133e815-4477-428e-9c66-774954b6e39f
1101,000f1d3d-220f-4789-9c0a-cc742521fb02
1102,d15ce60f-ddab-41ce-ba56-398451b77b60
1103,ed8dbdd1-5b40-4eaf-adaf-3b1f6d16a37b
1104,519e5731-4d6c-4f98-938e-0976a202c6ba
1105,5944cee9-763e-4b08-99e4-f514bdde14a6
1106,a3d2c72d-1029-47fb-9d0d-4c4a57a044d9
1107,198b614d-a9af-46f5-b3fd-2672b401dd8e
1108,f2f463e5-2382-49cb-8199-e7e043d868df
1109,1709f408-9965-489b-9805-8e1e5d9e483b
1110,33c01497-8264-4773-81dd-6096ad512f02
1111,9b63d92b-5a3a-46b0-b2ba-c98b39ea5aaf
1112,5d7890d5-d229-4b79-a5da-6819e38a52b6
1113,2dbdd054-896a-4167-8f11-e9b9ebcf199d
1114,a1eef0f4-133f-464a-a8f1-68fe3e8cc1b4
1115,678c587c-540c-4093-987f-eba684d8c640
1116,54b927e2-7a9d-4593-ba64-284b5dde443e
1117,46257638-c7e5-4257-8a96-1df07ec0d51b
1118,b3f74d7d-82d6-48e0-8460-219b4aa5dcaa
1119,45bd80e7-ead6-4adf-9053-0356ad0f2415
1120,3da61870-0905-4c4b-bf9b-e50adaf39336
1121,56d88178-99d4-400d-9415-d700ce6a29f3
1122,b5207591-6db2-4ace-af66-c79ad5176fe0
1123,77a9c736-154e-4a19-8476-4246ed25fd54
1124,daf3da9c-0b23-418f-befd-3d05337a2002
1125,dcb01a4f-720a-480f-b61a-11a1286d56f3
1126,9ec4252d-cbe8-4134-88fa-549dee1883f3
1127,596d7f27-5676-4a86-a6a8-bddc98eb6a4c
1128,02137a68-6860-45e8-8e4d-38db467bb8b6
1129,51e53aff-6f8a-42ca-9cb9-47335130f4d7
1130,ad649b0b-ced2-48b6-be0a-0c35e07a445f
1131,a2b566b0-1070-47a4-adc8-88839942ce25
1132,67a118f4-8a5f-48f7-8e5f-de34b9ca2c37
1133,68e66ed6-a171-4350-8ec1-2cfc4cae50e4
1134,ab04dd50-0bdd-4d51-8c06-9405a81612f3
1135,2a8a178f-5206-4657-9f4c-750bf0bf5874
1136,50e6eba0-4440-4ba5-bb58-3ee78a96e29b
1137,67bdd7f8-761e-4cb5-a561-be8e268a4f0a
1138,affb720b-98e7-4ae6-b833-b12e94fa8987
1139,8ceaad7f-1d37-41e6-a1fe-4ab9707a959b
1140,0450eaee-1a00-4622-8f4e-5356fce816d2
1141,84251cb1-babf-4d17-a3cd-baa642c24c8d
1142,a4e31589-3632-4926-91d0-15b889c90b9b
1143,6e4f75b4-c60f-4623-a9ba-760c8245753b
1144,6014921e-1d25-4039-adc2-04852d61880e
1145,d0c6d77e-cb25-4770-bf77-2073fc5f7523
1146,0da6cab1-0ee9-4391-a299-f71fbf21db56
1147,2ddb1226-1117-4eb4-ae65-3a2f5a5a3c80
1148,f6424ebb-8401-446b-9f7e-10d7c854da02
1149,f9e788df-d68a-4f92-92c7-80e135fc35ff
1150,ed39edd3-44d0-4a16-9796-bfb99f92baf3
1151,fafe0b9d-dbd9-46bd-b770-26299539ce66
1152,bec4359e-cb92-468f-a997-8fb28e32fba9
1153,c9e96450-421d-48af-9ee6-d9c50e29afc2
1154,7814e88f-c133-4c3b-b27f-857afa145d42
1155,9ce670ec-318c-4a91-9179-03437db728dc
1156,6fa1c2c0-a012-4ca0-9642-e01569ba322c
1157,b105ec9b-0857-41d6-8d07-a83e58b73d90
1158,ca73ac82-867a-4afa-9732-834aebe896ff
1159,1e3c2776-fd81-43cd-a6ff-53ada8fcf540
1160,82e8931a-ba6c-4c14-9611-e56fca33a2b9
1161,0e0c9c11-b39e-43cf-ba95-2fe646f5de64
1162,68698869-c13c-4563-adc7-118b7644f45d
1163,96d901a6-c931-4e8d-b685-a47e1deaaa1b
1164,5f97fac8-2001-4b81-ae8b-22f9062d921a
1165,dad7e408-162f-46a4-8567-db560e19e2fc
1166,b22e46d7-1c5f-4837-943f-7f75531acc26
1167,d207a30b-2f80-4138-9b77-f88d549b8768
1168,2846ad39-6535-48cf-a4c4-64f0ae9066c1
1169,9ec07ba9-f876-4dce-92b1-9e0cd68aa969
1170,b430c19c-a6f8-40ca-bbee-1e652f8a37f4
1171,958b8802-ec3e-4813-97f7-6c8f48610dbd
1172,b7729524-6d0e-45b6-87c8-79af1e955a5b
1173,06670261-ea6b-4b52-a915-c7d4ff837f74
1174,06b61b85-5838-4b6a-9ee2-abc6568e1b38
1175,cb5bac93-9111-4275-af1d-f40b0a73511b
1176,4dafe480-f2ae-46b5-bd5e-8d4e538f50c7
1177,45f1ae17-c20d-40fc-9307-7d33b6ca9213
1178,8ba9a58f-a491-4a23-9325-85f3b171aa53
1179,35bca3d6-c1ae-48ff-9ae3-a11cea578c2c
1180,27a638bc-6362-45f8-afce-5596a606269b
1181,e5b5053e-0ef6-4c4e-a3f2-42f955f4322c
1182,acf0a78c-f4e3-4bd9-a5cc-9cf4791b3b95
1183,bb2b4485-2bad-402f-8517-44bf7d9afff4
1184,d168d98c-b7bb-4b9a-b1dc-eac008af4df3
1185,713fb616-118e-40bc-9366-4a69879a49d5
1186,fd6d2981-3d4a-4ce2-9741-cfc98c5b74bd
1187,59004ee8-3975-4877-bf82-ff0b8070ef28
1188,f6d7ba88-5234-4994-944d-843ca453c923
1189,df18ce7d-6e61-48ee-bd35-96988d808a7c
1190,c4b1f326-224a-420a-b8b3-814a8f13b6cb
1191,516e324b-03fc-4d3b-9986-e46e9834cd43
1192,bf7ea00f-db77-4a95-9b9f-2d12b6d9fcb4
1193,14d1e367-3efe-4ec5-86ae-eca48710ee4e
1194,13e2378e-0d10-450d-843a-b3592575826e
1195,f98e06f5-a09a-4356-b6a8-d55a7d3c5356
1196,0a856d55-23b5-4bdc-ad24-3eb5bc83d81f
1197,b99aa3b8-0066-46b2-a027-30afae444ad8
1198,8e0bfbba-6e9d-48e0-b152-2cc949e5022a
1199,f7b5d916-52f0-4865-b6a6-e1a3b711cb5e
1200,a031d739-c760-441e-955b-b667502e9af2
1201,75b30aeb-34c0-40f4-b77d-271d75a98b14
1202,451c8010-7dbb-4f96-b4d4-0955766d9eff
1203,3115ea14-f412-42cf-86d3-b16df8b38938
1204,88b9ac3d-1c1d-44d1-9584-c4f5dd2503b3
1205,4d39b27a-b34f-4c89-8d46-df844d42f728
1206,efacdaad-ab73-4056-bee3-4eb34b458bf6
1207,a1816dfd-dbdc-4499-bef3-ff81dd895b33
1208,ec6df9cb-be92-4027-80fa-83b70aabce58
1209,41ec47dd-08b3-464a-9c45-c706f3e74467
1210,a125a4c2-3b0a-4996-9a63-57043d4d9159
1211,14464b13-19b5-4403-8c2c-09eb98e28f2f
1212,41437077-2522-49bf-bcb2-083a23d52958
1213,0b5aaee4-c948-4853-bf8d-b9cd6c4917ee
1214,93aaf65c-5aad-4e6f-a7ba-ce9bf7c0e6e6
1215,a56dec32-05ef-45de-a256-ee6741f356db
1216,696e3b5b-8b61-45af-ae4c-3ab700f197ec
1217,11eebd42-44ab-401d-8a2c-bdb9fc9beb50
1218,03ff0d53-573a-47a0-a0ad-1995815a4339
1219,5cc97a45-69fc-4f37-a973-402d5ac561ac
1220,2fb8480e-de3c-462b-b169-e8bbb344da68
1221,b74a4387-80dc-4d78-aab4-11215c86b1dc
1222,91003b4a-f2aa-4472-a9c1-4597abb518f2
1223,c178e14b-c76c-42bd-9e00-4db4e4d4ead2
1224,887a5c70-5524-4c7d-96cc-6cdcf1c5309f
1225,340a75f4-76e1-4ef0-8f1e-1bb78ba561ef
1226,50f2d23c-b3fb-48a5-967b-14fd0a6dd205
1227,2179e0fd-7431-41a3-bbf4-76451c615ce2
1228,59a317ae-8b75-4ee3-9942-cceb10b39d4a
1229,49830020-70f3-41ee-801d-dd19533f9ae9
1230,c50bfa91-0b9d-492f-bf64-fce6e9a25c7b
1231,94747ff4-603d-47d4-9780-bf53be41e190
1232,22d69f7d-cbbf-4098-a5a8-a1b2f73cafb0
1233,1a3660c2-011c-4e96-9b1d-529afc305428
1234,1883a1f5-f190-4ef3-8521-36d8cc6dbb47
1235,b9efc4b5-0266-43e3-a7e3-064d09bcf90a
1236,6cfd4a53-f454-43aa-900e-c973cf5827a3
1237,818c2b89-1335-4443-ada7-e1046862e273
1238,982ccb23-102c-4d7a-a899-4df50a032def
1239,52797dce-911c-4e6d-b0cb-491f6469014f
1240,861cc783-6d4c-442e-9081-3a6e389be454
1241,753b1781-ea44-4eea-b84a-f8a76fbd6c4d
1242,fd60bbcc-c3b6-4fa5-936c-eef5ae0a2d44
1243,455a7133-cf0f-4c74-a91f-fd35c0d25b79
1244,ad5ea463-5dc7-497e-b5fa-e1a1db0aaa08
1245,bd08f332-a295-4a59-a13a-05b08ca3761b
1246,c330db31-7fa9-4a8c-8ad6-baa957bcfed1
1247,18d3f89a-6ac5-4ca6-bf93-0baec4e13bcd
1248,33c8742f-fc91-433b-8d3f-3238f7e3018f
1249,c8de8023-ab8a-402b-a828-b2b57cd3b2f7
1250,72c80b59-6b2a-430a-a68a-108470bd64b8
1251,ecd368bc-6383-4a03-9b61-46e0a94750f7
1252,359b86b4-c7ff-47f8-b128-64ca24bfea1c
1253,e2901844-81bd-4759-9a90-d525e486ae49
1254,b7b381f5-7de2-4f91-9a8f-524041cb47d9
1255,16c8eade-5c2b-4c9c-a60d-6799dbc758a3
1256,15d6d4e9-9b4b-4a93-aea5-a29a67b6d9e7
1257,fcd02121-ae3e-4d20-92ee-e2e368658a45
1258,bd2102ea-c8d9-40f6-8327-211450120e96
1259,ee239d14-bfc8-4939-91ff-824b5814ff67
1260,cd50d616-1f8b-481e-983f-68d2674ff82d
1261,46ec0033-3c71-415e-bcff-b065675ba2dc
1262,8981d38b-fbc1-4ebe-9300-2357fb71913a
1263,8a753714-9a19-4418-9b37-77e79d72c705
1264,ae23d0a7-6670-4ac2-b165-13c697407763
1265,ed8de897-adbe-4f0e-b4d2-534953e64c72
1266,2b9f4584-da2e-44e2-a2fb-4dd4fc64c1a2
1267,f03a3387-c4a7-41e3-a5d4-dd4577147940
1268,925463a7-d51f-4d5b-9f79-4d28cf30acde
1269,2ad081e6-0a3f-4612-ac15-7ace75d39e26
1270,e862fb43-5acd-4d37-a4a2-63684c164932
1271,20a8fe89-d4eb-4698-8521-8881c13377e0
1272,a12057b4-6d11-4a12-ab8e-15a028ef0a6d
1273,82a3247e-bb0d-4b68-a177-a6457f84717f
1274,c65aa043-98da-4136-9877-494e72d9e4cf
1275,a8797f21-1af0-4c5e-98ca-bf1442929363
1276,123cf7c5-6a3b-419d-be4f-49a6cc020f9f
1277,6f45a77d-9208-40f2-a116-ac99c77ef580
1278,f049d050-12da-4e40-813a-2b5eb6df6b51
1279,02c71cde-f513-43da-8952-0974763c7568
1280,1e77e42a-181f-4b48-8e74-201ce50ffc29
1281,8ed02827-a49f-488a-b5b9-34201dd4fbee
1282,fe96f581-4905-4282-819c-922c68bda989
1283,7940ede6-5656-41da-8961-bacc2492a35f
1284,e76dd90d-91c4-49c0-bfd0-dfa2c4c90c81
1285,3606bf22-1987-4356-b8c4-13e89d8f6c69
1286,5f1d1319-7954-4a9b-90c7-57668e3a0d4b
1287,88323c78-204d-4b96-81ad-6b52add135c0
1288,b64b9863-5ed3-49c7-8fd3-5324fabeda5d
1289,ebed12be-5b84-4962-a4bb-9ef569fa2661
1290,be48353d-25c7-4f86-bea9-7b9e248fbc6e
1291,85c11255-469f-41bd-a6d1-382bc4a87783
1292,1f403e44-7a79-4b91-b86a-e406208be161
1293,9fa1f26c-f10c-47a3-a4d1-8854579a117d
1294,34e0f023-0ca9-4f64-a932-3248bb4ed5df
1295,66d47084-9437-48b2-819b-c4c8214ed650
1296,324f0243-1a21-4f5c-9f71-52eebc2596ed
1297,e4698f9f-bb23-486e-a74a-c8f3a19c3132
1298,4efb00d2-e8b3-4d13-8ab7-70bc7a0a8af9
1299,2cbb31ac-2403-4c31-90f3-7473623a56fc
1300,2c8199c8-4e40-49b3-b878-caee6e1c1bc0
1301,ef1d031a-33f1-4778-934c-080545315686
1302,f351292a-db64-4b8b-8029-5687290bddc1
1303,ad7dbf6b-7c37-42c0-8566-328249a3d21d
1304,bf12b461-1c53-4d81-a395-8ba77f7483c4
1305,404b3fcd-306a-4d18-b5db-d90c517ff72f
1306,bb5d9cf2-a5d7-481b-9fd6-d56fa3a47ae0
1307,e3e42d54-78bd-4337-aa87-bb31a7670c9a
1308,19a8293b-8e95-4de3-983f-77484079c389
1309,3cd569a2-4f88-4c1e-9995-8dce8c5e51a7
1310,9b9de2a4-d8af-4a7b-933a-a8334ae60067
1311,f47a1998-0beb-43be-9f46-380aa4d183da
1312,a815de2c-cefb-461f-9c55-05f21ae7da8f
1313,29d762da-1711-4a3c-b424-f0a404f4bf2d
1314,d2adb565-a865-424d-aeb5-9fbcbf2afe2a
1315,8785ccda-6f9f-4cf3-9033-fda10653d0be
1316,013441c1-1f13-47e9-80c4-9a53e8e1bc05
1317,cd6f2bb9-797e-4a0e-b55a-cd1f295935e5
1318,7bab3575-28d7-4b29-9429-350cdf214a6f
1319,ccfbdaad-b91d-4bfe-bd0e-d30b33587f19
1320,f4d3a8ff-2db1-4015-aa28-d4564afef3fd
1321,43b13058-68d0-40c6-8031-caf5a7b7d20c
1322,86d1dd29-b6af-4964-a9aa-b34e9e547b3b
1323,0458f6a0-cb54-4ff5-a543-b2c5354e17c0
1324,efda73b4-5212-40a7-b2f8-d2f754ffdf2b
1325,7f70572d-f0c1-4039-9954-b57dc69981f6
1326,56a46b02-ab98-4603-8816-c9daff1a119a
1327,38da3c60-4b7c-4698-9256-574e4ee4e93b
1328,fabc4abb-d255-403e-bfbb-6557afb4db58
1329,35f1dcdc-577f-46c6-96d9-6c7a64501de9
1330,8259c2c0-2749-41e2-a4a8-4a64a76eab37
1331,fdeabe51-1d92-4770-acfe-eff9769b3d4f
1332,4c598891-db23-4b7c-9b39-233ba8eaf848
1333,6055a4be-3f41-47e3-acd1-0535fa17e04c
1334,bf056c12-eaba-4f00-b5a9-c4add7f841f3
1335,fed2fe77-623b-42f7-9d46-a2e5454f069a
1336,a57a54b6-2f2e-43e4-9621-b52f4a63cb08
1337,4c21c36d-b699-4f36-b539-c01842d24989
1338,6ebb869b-3931-4c7f-b168-07e2a271b1bc
1339,10026df1-670d-4c75-b3d5-ee0037f9d59b
1340,06ec0ecb-87fc-47a4-8348-81df2470ff3d
1341,d5145a9a-602e-40bf-b3e1-f04cf9c3ef86
1342,82fea746-853f-4f1b-8ab7-55de8619cccd
1343,da6393d5-a53c-4863-abc7-51f36281d74e
1344,a846cb9e-c152-41e7-bd34-45e7ff941e3b
1345,a8585efe-4011-47b2-9aed-cd01bd3652c0
1346,06f46a6e-62d3-4ca0-bedb-cb4c021c14ee
1347,46f3ddb4-917f-4854-b47a-306a32506610
1348,26fa7a33-a426-4cd5-9792-33bf668612e1
1349,85f46538-ae70-498a-bfbc-b8ddafe96c7d
1350,5a19182a-7f24-4b34-91ed-9c342787f821
1351,fe0bd9ea-9334-43f8-8eee-3390a259f117
1352,c5c51528-ccfc-4c53-b409-c200aaa44222
1353,401d8d12-b56d-4c71-ac58-f791e8c085b4
1354,8496d258-bf95-4041-a3d7-1cc19b629d14
1355,2839f191-cd94-49a9-ac16-46018066b8b2
1356,f14ff4b7-be1e-4b55-b39b-520005f8a97e
1357,99ca6ed2-b6b8-4eb0-8180-92e750e546be
1358,8f9e8842-94f3-48d5-8d09-c43829bcabc5
1359,055192dc-f16c-4855-835d-19cac6ff20aa
1360,c39b8441-359e-4cf9-8a52-c5f6dd918813
1361,810df100-e85a-4c13-b619-34030a75ecc2
1362,c7d24594-0c11-4b27-9039-fe0bb903da8e
1363,19ef6a77-394e-42e9-95bd-3e1131885f75
1364,0de61385-de6d-4146-ba32-1cc1bc102220
1365,a17286c5-238d-4f0b-bc24-29e9121345de
1366,b4b28d82-0a26-4b1c-a932-38d4378c189e
1367,8e91c9b3-45de-4db2-91df-138d10031cf0
1368,e8488824-3865-4d2a-97e9-fe4647d6add3
1369,e843973c-23dd-416a-8a9c-9e89512542fb
1370,6a04e6da-93e2-40cb-b4ee-d42864cce6fa
1371,3a2d5b45-56e4-4f5a-a55a-4a4a65afdc43
1372,540a1886-ab91-4324-9f63-568533fad853
1373,6e4f264a-e2e1-42fb-9866-e64069f8b441
1374,6b42f6d0-709f-4011-b777-2c8ecc559214
1375,b6bf0f5e-0fb2-4bf1-82bd-019d643c3812
1376,fba060b5-fb15-4722-9666-564040bd29ef
1377,8570573a-937b-406a-b4b2-1def0387d0d1
1378,df12fd50-55dc-4cfd-a021-818880668789
1379,95fc86de-8e74-4753-9344-281179aa74b0
1380,c753a3b5-d5cc-406d-adfe-3372bb267f4b
1381,75dfe1ee-5935-42ce-b820-697f827825c3
1382,88564d2d-2dc9-4789-864a-f9cb73f389ec
1383,d6cdef49-b669-4507-91d1-3f959cf98e47
1384,ec85cc63-4e24-4631-bf92-8789db2605c0
1385,2876970d-90af-45bd-9cfd-c0af757947ea
1386,386774ac-fe5b-431a-b485-9aec0bf5c09e
1387,ba45db8f-34e8-4f29-af0b-e6645e1d693f
1388,89bb44dc-9f4c-400b-86cd-dcd0bd599a58
1389,5033c2fb-ec55-4b8e-b0a4-9379593f1e1c
1390,faf8943c-72ff-4736-a587-25508695d6f0
1391,2e686e71-dd6a-45f0-bbda-0c01e2653de3
1392,8f8e16a0-a5d5-4bce-b2fa-d8177a26c43b
1393,0df2e216-68ae-4952-b9dc-3c2f2bc04fe3
1394,51ece34f-c24e-4183-9bf4-9b6f28748aec
1395,8eebf05f-4495-4fd5-b1f0-cb85750295be
1396,f5ac9226-0ace-4d34-a1c3-7b3845834a98
1397,3e4cdaee-740c-4754-9135-466362bbd22e
1398,b9aad733-959a-4178-984f-53e4bd05b420
1399,3529d640-5d49-45fe-8ede-491e9c8e0447
1400,3aeab77e-daa2-4851-95fc-d236c3b5718e
1401,875a4e96-dbe6-4673-b3e9-9a06459f77e7
1402,fef20fea-bb6d-4423-9b19-c28e225081a8
1403,9b3a7918-c4f0-4f3f-9eaf-72c952d17374
1404,2fd77342-8b8d-414e-8b03-5a65f79e9b78
1405,e58a3832-4e13-458e-8efd-bfa251eed702
1406,72b90d26-b881-4984-a542-9c47bd42e549
1407,0e21e183-e787-4f23-a240-93b416c088c2
1408,c2ce5a8e-7885-48b7-81fe-3e8a057c47a9
1409,33784b61-bd86-4451-8a89-741ada5f8475
1410,9d3490b2-a0e6-415b-81a4-a3a4a63268b0
1411,9c3db86b-2cbf-4f8a-82e1-08533494c7a9
1412,73e7e2f4-7e5f-4e6c-86c2-3b5fbd191172
1413,8ebb2c0a-0baa-43bf-95cf-094047c57427
1414,b6c26847-deb4-4fc4-b8b1-bf01347956c2
1415,ab1ad155-db0b-4fa0-8bac-856853c47175
1416,648782e0-b5e5-4e59-bed0-627aa8ac29f0
1417,182915aa-3470-433a-9b12-347511befcde
1418,351e3f8f-4631-412d-963f-25b5fd4efe48
1419,2239694b-771a-4586-8b54-2794e361a9ae
1420,3cd35f5d-ce6d-4f14-9a09-53d7a28d834c
1421,5e9de344-2bea-40dc-8410-f940121330e4
1422,6ad40ca3-dc34-4442-b23f-0b1b28936f56
1423,7341904f-5913-470c-8c53-bc832df248ec
1424,dc72d646-4e40-405a-8fa9-a410c60e490b
1425,0b41f1ca-73b1-470e-a425-ba3e9c1b6e0b
1426,5a29fbb3-3b5c-44f2-b07a-e84faa790088
1427,d0d3c335-5a7b-4856-a940-2057ea2c9e7b
1428,5598739b-6718-4cff-8402-91d7f65b1505
1429,788df1e1-2991-455a-862e-062897f2a14e
1430,be20d05c-f6b4-4580-9fcf-f00f4baab562
1431,d57752ff-dc3f-45f6-908c-e97b9255f721
1432,5d805ae9-0d48-423f-b1b1-6d19015e13d1
1433,d8d261bd-da63-4872-999c-42daef00c9f2
1434,36ca973f-7997-46f6-82f2-75277a003f45
1435,881cd4ec-5b52-46c6-abc4-60551d58b355
1436,875217fb-fe22-4c2c-adf4-b57f2052626a
1437,804ba625-e9c8-4853-a44b-9f3801a782bb
1438,31032902-0909-44ac-a8e7-b6b1d5f52149
1439,cb668e89-6ef5-4ff3-ab4a-506010e7e70b
1440,e2e15494-65b9-4af5-8b86-53fb51e7e022
1441,77e7cb08-2c6f-42ab-881b-b34b2318acbe
1442,445f384e-c0bb-4362-8e44-22f65821f9b6
1443,cae8a697-1047-4da2-ac7d-77065dade235
1444,9f763ac3-1d6c-48d2-ab54-324b1b144f40
1445,6101480a-811d-46da-b4f6-fc0360826f22
1446,21c5790c-0930-4d74-b3b0-84caf5af12ea
1447,9775c2f8-6c1f-4fb8-8c03-c7081dafc0b5
1448,1e7ed56a-6d6b-422f-962e-38543d150755
1449,624b124f-6d1d-4d50-b775-f7c81c4f0cb5
1450,abcfd4de-3b3d-48ed-a002-36071bad8d46
1451,16284f84-15c9-4542-b122-a6d584f937ee
1452,d3286405-49f8-4e8a-8046-a4376b4e7963
1453,298a166c-24d6-4635-9731-8376617fb0ff
1454,3a519990-ae6c-4c8b-a827-2bf96d949940
1455,cc5c0498-ddbb-4f21-9cdc-1eb06efce075
1456,92721092-fe7c-4689-96bd-4f02385bc0e7
1457,9ff9db9d-d14b-426e-83f3-e7449af6c79f
1458,a80fb090-63f4-4b05-83a5-2f090deb7757
1459,29fb0fb5-dfc4-4098-ac9b-3a712000f48f
1460,ff1c55da-2436-4b6c-a978-a0255e12d39b
1461,b769f524-0f25-44d7-8538-5c46710a040e
1462,cc1d0498-bcce-4b0f-aa2c-372246f8da6b
1463,2f1b740a-8b2c-48c0-a38a-64d347370d1f
1464,c1b0bfc2-4932-4e03-9077-92bc56042511
1465,445b65c5-5b16-4f66-94ce-f2a7f49f9ee7
1466,2ac4b20b-bf0f-44e4-910e-090de3d4bbab
1467,6a899482-8bcf-40ca-ae67-579a1cc467ab
1468,d3a8ef9c-8572-438c-91dc-010537070be3
1469,981a0f1a-ad65-4756-90a5-7e9b3520b96b
1470,4f5c1208-62fd-4e5a-a51e-306c06947e11
1471,fc6890aa-1dbd-4aa1-bae2-4699965eeaf0
1472,3d9873e5-7128-49d9-9048-f72b8ea4b29e
1473,f78d5c04-a440-4068-90c2-fab03409a911
1474,44e2c4c4-9fd2-42d4-a133-d81360ded4bc
1475,add39442-b8ca-4412-8156-391db53b0c5d
1476,4d614c92-0c48-4a11-a5ed-416b34fd50d2
1477,05befef9-cb0b-410c-b5fc-f8a3c3598fca
1478,279a4b1d-21df-4d78-9f4d-324c73fd7536
1479,4d85b881-e490-4b4c-897a-2faa4ef53956
1480,03a74eee-2dc6-4147-8667-5cdeb65f122d
1481,861313ba-3a1a-4d33-842a-1b8e45e2415b
1482,ce086892-462b-45b3-80e7-33bdb5d2db4d
1483,6c3e28d6-e3cc-4b25-a5da-a0dce043cf17
1484,518dc04d-092d-4fa1-bd82-88b7a9278ef7
1485,ab6265f2-a9bf-49e8-a9a5-67cbab4de38b
1486,062ec888-7fd2-4b1e-860e-4cdcc9503ab3
1487,d96e25fe-18f2-47bc-9939-bad113934204
1488,953c0b65-537a-42fe-a90b-26cd36c64361
1489,dd6f8901-b20a-48e9-94ac-b1829dc2cfec
1490,71d441c3-163a-41b6-b713-074d69362c27
1491,d97880ee-434d-4085-aeff-1a76ac21071e
1492,694f1a0a-b6bd-453f-af6d-a833503da307
1493,6caa915b-b80d-4b43-8bbc-54914e0d5032
1494,f735e153-1f57-4841-afe9-4712cc740054
1495,4eae43eb-bf68-4f29-998a-dc48627bb905
1496,c1f29568-f2bb-49d2-b6c2-28748bd1629b
1497,da930e2f-6047-4616-a598-bba8ecef3039
1498,a8d24a95-47b3-4f88-92e7-06600bcd3612
1499,aa6a8f15-75aa-48ab-a1ca-413d43b23c43
1500,b7a03115-41c9-4167-a0b6-7e40cf0fd607
1501,435d1751-8667-41ec-8b32-865b7cd3c684
1502,b3a75400-103f-42c7-b742-be11d161d05b
1503,57231a22-4da7-49c8-97b8-75672feadf1e
1504,da037304-d958-4580-89ad-edc914dc0b21
1505,d5dbc342-8e39-4998-8237-ebbe05a381ce
1506,08b04e53-ed25-41a2-9f90-0b9cd939ba3d
1507,0e1fe34b-f4e7-4642-8c8b-5a05ac3438e5
1508,ab6b2887-0ecf-462d-8c9d-70da02e5d475
1509,865ccba0-e1a2-402c-9641-d23a4acac6ea
1510,4fa830eb-965f-467c-9dc2-46f1fdc30875
1511,339ac029-066a-4985-9f9d-b3d7c8fea0bb
1512,cb5cccc9-abe4-4b11-abe6-d27e5cd85fb1
1513,143d889d-3128-45af-805b-a2d5a1d501c7
1514,020b3c27-bae1-4b85-9d6f-eccee0f5ed99
1515,ce354460-500e-4eaa-8e95-8f243fcea3db
1516,130f6043-6bb4-4f14-81b3-b34cdaf6ea1f
1517,c0799f81-9955-463a-b071-4f1c82719aa8
1518,84324095-c722-44c4-a662-7155312f153f
1519,14593aaa-def7-4766-ba88-03e89c8f51b7
1520,c6630414-123f-49e9-9838-5376ab24f75e
1521,5986140f-daac-4a44-9c77-756db279e3ac
1522,bb4f3174-8d64-478b-8d9b-5f37cbf557b7
1523,232f854a-f5b9-4d8a-8499-23f59852273c
1524,1aae38c8-f75a-4009-8aa0-c5fa94b06e6b
1525,7add3681-17b6-4027-8a9d-ee92d2b96a42
1526,337e06b0-29e3-47bf-95a3-19bd84b311de
1527,1aef21e0-ed3a-4c1b-9f78-39892d47828b
1528,5d32c4f8-d90d-447a-875d-d8626ce2c57b
1529,44e2906f-48f2-48ee-88f8-351ecdb53f18
1530,ae0f2a15-ba82-4a88-817c-431c58c70167
1531,f99965f2-63ef-45ad-9060-1377fb9627f8
1532,49e750a6-e752-4947-9bda-3b3947d670c2
1533,8ee6763c-ca7b-4c0d-9208-b8f26f100e72
1534,4909646e-35d8-42f2-943c-19f220869345
1535,d874115e-2668-4619-a0a8-6022feb47aec
1536,fdd2806d-be01-4d3c-ba55-b1d5eb9ab4ff
1537,3786b61f-f22e-48d1-af8d-ad4c354534db
1538,2e5d8410-00fd-4c3e-87fa-7c72c0d235ba
1539,ec4de8aa-9ba4-412b-832d-93361210eae3
1540,243ffeb4-3395-4e39-9cf0-695be5b142aa
1541,bd3f0b14-fd20-4b7c-81e8-a8fe6fbd8c8d
1542,8770350e-746f-4adb-9556-18ca68104be6
1543,11c56452-fcec-4b00-9695-cca4728e5048
1544,5bbaa0e6-0fd7-4df2-9db7-34f78b40dc34
1545,de03f4fd-c147-4477-a048-7109e5ba2d6f
1546,e819cc1e-09d9-47f2-b418-93972852daef
1547,f591979a-dc42-4000-810f-5852056982c6
1548,8eaba8f3-98f7-40e6-96a9-181f1c121e44
1549,b028aef0-6227-40a8-a35c-9ded6ceeead8
1550,dae63e12-3547-493c-8e6b-809c348984fe
1551,2964011e-f828-4c6c-b98b-51e984d66365
1552,614fdb7f-637f-4501-a80a-53c14a9804e5
1553,0760bfac-9a03-427a-ad84-ccd33a2f2ae8
1554,7e5a7bec-0e19-4a35-b27b-1c4a6d9c4de0
1555,4339176e-3acd-4f7f-a5d9-445bee3d23f2
1556,c3a03c5a-c260-4c26-9b9a-873abb396f4d
1557,1b7c716e-af95-4cda-a42f-6479c8b139f5
1558,0880fb28-cded-4729-a254-927afbc7c974
1559,89ba58e8-a67e-4d2b-ad42-6acab25c241b
1560,270de514-3206-4cf9-b122-0f148ab06fa1
1561,5a181485-2c17-49d4-a68b-3eb0d955f42c
1562,be0ff6d8-5e61-4021-9c89-e40cf0b75cc6
1563,e0475631-c151-4413-829c-cb5c76b83271
1564,9c071f1d-eac3-449d-b004-c14775b5a3b9
1565,efa141df-f382-418f-9121-bd88fd735669
1566,7566f0b4-7f6e-455c-abb5-ec58e57f7e17
1567,af0bbc31-b54d-4e8d-82b1-2e91a1115523
1568,d88cb3f1-8e02-4618-bf32-4b0488066934
1569,a1670c61-bc6a-4c40-9d98-88fb272f945a
1570,df958b10-9e1c-4a80-9170-5572a5366e84
1571,4ddd2c3e-db95-4299-bbc6-f206820ef4c2
1572,d6ed2572-96be-483f-863b-d8a3c19255ea
1573,5645b349-2b67-48cf-b290-bbb029e59dcf
1574,b21e2984-c6b2-4352-bbe8-8f3b03bd50f6
1575,e0cfe83a-17d7-4015-a427-bd3986f27b42
1576,3f0cc12d-9838-4f29-bbf2-2939952b15a3
1577,72246889-9655-4b21-b4ff-48cceae57d03
1578,4d3f3068-9b6a-4f33-bfa5-a7b298bfd303
1579,2806260f-6399-4add-8f11-070141423f9d
1580,1236128d-9bb4-4d94-bc1e-40fd14824280
1581,01d80f57-3906-44e9-8592-fd1bd8a35808
1582,4ccf7d02-764c-4129-a1df-fa1dd2e12647
1583,576b305e-8c25-4546-8a69-87f975783114
1584,91abe492-18be-4cce-93c7-0dca07072363
1585,44b768da-1397-4ff8-b575-d71889a67b9d
1586,db9463b7-5c24-46d2-8419-002e03bae1dc
1587,a584a638-a2c0-4b3c-bdf3-a64f87225be9
1588,0f850624-ae28-47c2-ab80-484290a96aea
1589,f12d412a-04e3-49a8-a4f6-2e32a67c12a2
1590,6055f185-3214-491e-975a-cfcc1756fe1d
1591,840ea882-439c-4fa9-b219-edbe0607fe60
1592,a181e89d-44ae-40e7-8d37-177071237c74
1593,0bc42cda-a6f0-4cac-9b34-7911faba0bd4
1594,b8b2a035-38f0-4c0e-94ee-edefc266c643
1595,4b164a27-849f-4be2-ae79-d26a4969b677
1596,4107d971-baf4-4118-a217-4025810d6256
1597,acfaffa2-9607-44fd-b014-19b817362089
1598,8a211052-4bec-49c2-9b4e-7914c37d21b4
1599,e763b5c3-cfb3-48d2-9b83-fff97553ad95
1600,3d03c40c-1b83-4793-8902-2523f40af59e
1601,86f7126d-97fd-4da5-be96-d1cf6ecd54e6
1602,8369ede5-4200-4a44-be2e-bc60ef959259
1603,1ca140f8-d8aa-4e02-8ddc-31cbf75dd7ae
1604,020918ef-4b55-47c1-8430-ab7b8f6a7377
1605,4064716d-6714-48ea-95a0-ef81c2b31672
1606,9be02d2d-9d45-400b-aa05-1e9aee7bd815
1607,5a70f4b8-0e70-4432-b052-6aa33345154f
1608,5eeac647-dc4b-496d-b109-c90b58006021
1609,ce4990a4-bf69-4f5f-becb-e4fd96da3a74
1610,d2c81ad1-2439-43cf-9c63-204187b8f771
1611,2fffc0e3-3e79-4e85-8af4-c0ae327ce2f8
1612,a4d336a6-9ffd-402a-91cc-f359716ba4e0
1613,a06a0d41-10fa-4ba7-a988-e8b5eba966fb
1614,25df422a-bf0a-4f76-8631-d0be91cb8751
1615,52739347-5eaa-4c9e-8cde-af7d2ba83320
1616,78fef945-17e8-4d56-aab2-8625060ab3d3
1617,bbbd263e-affb-4ec8-84fb-3e5d9e62306b
1618,b9a57803-7f3d-42a7-a652-03c96de1d42f
1619,f4997eb0-5c30-4c7b-abc6-592b65038003
1620,cc3a2a2b-1aef-4370-a1af-5439597c6fc3
1621,6310b25d-2a2f-45d3-a632-c5fa0c2bf48c
1622,8f2a4d74-b16f-4023-8fc1-b8dc8b21ffb9
1623,7aa52bdc-9c56-4341-be65-e8e30f64403f
1624,f83e61e0-cb73-4a6a-b266-c4be03fb30eb
1625,3ff9d956-3e26-40d1-ae0e-f5f247943042
1626,fc1a75bb-70e3-4005-881f-7709bf7b0ed4
1627,d89f5cee-649a-44bd-9aa9-8e74bbdbd50d
1628,62d34066-f07a-4437-914b-0548ba8bbe59
1629,83a7b66e-d55c-4820-bf5d-07f04caab38d
1630,f7a4fb1d-d951-4c4c-8643-3212c0958f71
1631,5d204ec8-981b-4405-9a82-0b1cb21ca9d3
1632,920764e7-43c6-42c0-b2a6-2cbcc07fafc2
1633,a94ef591-d0c5-4097-98ff-6a7f50ea72e8
1634,2cb23f25-95ff-4349-ac8d-bc4a75c64120
1635,347b6a67-59ad-4408-bb9c-cfa502867e24
1636,787e449d-d635-46c1-a0d2-e4bd0b49dee0
1637,c974b9e9-3a19-4706-9d0b-7ded148bdab7
1638,60025a41-0609-4629-b054-88d9ee2cffcf
1639,8bdc520c-6293-4e99-bf6f-a44d5da3ebcb
1640,0c15aa34-6977-4da7-b1f0-2ba6a582ef1b
1641,188048ff-18bf-43c4-a1a0-7adb6e68f421
1642,3edfcb2b-2d0e-4673-87ce-f55c37eb5fca
1643,d4acc9e9-5302-4c55-8869-7c1882887690
1644,9ebae336-b0dc-4711-9aef-0aeb3504ba63
1645,23845010-4c1e-41d3-94a3-940bcab65bce
1646,9a8043af-5b1c-4f16-9e00-39416b46f512
1647,3dd3dfa7-51c0-40ef-af46-e2df300489f6
1648,fa01b6c3-82e0-43f1-af78-fd57f832e09a
1649,46a8c70b-3894-4ce5-887b-7df4f7456b36
1650,c09dce1b-e198-487e-b63f-934e10a4c181
1651,9148c1e4-beae-433c-bd72-e4a009440744
1652,41be77d3-d683-4221-a0e4-fff732212402
1653,44f6a65f-6be7-4818-9a66-73908797283f
1654,9190d87f-9792-42e0-bb7f-64294a656bcd
1655,eafe89c8-0b80-4c50-86ea-4ceb9f9d57f9
1656,d22f2f23-9dd5-4854-bada-0514ff6c51a9
1657,d589970b-933d-4656-bcb6-a43b3cc67888
1658,62d227f1-3765-42f9-ab47-aaf8f7b423e8
1659,37ab8cef-8abf-43be-a71f-1e45aef610b8
1660,931bfed9-8ce6-4b79-ba95-416852d3e0d6
1661,6b4f794c-062e-4e05-863a-ae1bad44f395
1662,8afe68ff-b261-4fa8-ab25-bb30b0e5c292
1663,1b2ba534-a8de-42ff-83fc-55d7e6103d3a
1664,ef0c52b6-8225-4b65-ba83-5164d0528d1c
1665,f150e743-1313-48e5-9948-4179a3c7ad95
1666,6c252ea9-e7df-4f82-8035-7d7ee742ff0e
1667,9fc400ac-8ed2-4aff-915f-aa4f2609ec7b
1668,a59708e3-e654-4e37-8b8a-741c3b756eee
1669,0e7f7009-6633-47a0-ab39-b04e9436daef
1670,29d4aaba-99f9-4733-bd74-ad558f2ae3a7
1671,577df4a9-804e-4b3e-9521-13ee0e3ad417
1672,4da171e5-779c-4983-a76f-91c16751e99f
1673,f597f772-24d3-4cec-813c-cf5a7027c794
1674,a8da58c7-42fc-4fd6-b25a-b06b74c00179
1675,6825a7dd-c2da-40fa-b745-508ff20ee293
1676,c842be42-81b3-40f2-904c-ea8790ac88bd
1677,5f2efbdf-08a2-49cd-9c06-bd284e4f0fbf
1678,87de6e49-ca1c-42a4-8751-5ff0b991966b
1679,15e83051-b2dd-4231-a35f-60e1c6ad2fed
1680,02058de6-4b98-449f-8a45-8588b0eb2446
1681,5dfcc46a-4fb1-453c-961b-5d41bf077433
1682,2052d546-c8ed-4595-a2e2-49247063372b
1683,e40d5ab6-957c-414f-9a6f-5e4c6208420f
1684,0b472dad-1a3f-456e-99ba-de5ffe8665c2
1685,07889c08-7220-47c8-96f7-6068fbea00dc
1686,76ef6ed3-1658-4a1a-9593-204d799c6d0c
1687,81d274bc-6dbf-4003-bcba-f76478d5d930
1688,263a0c64-ca94-4639-8c0f-465e153cd4fd
1689,f3baae75-145e-40dd-b5ff-b8fe40c5fcbd
1690,1ba3a076-6517-4dd9-b461-eb23ca25fbe9
1691,7b3717e4-e963-44e0-b94f-1088a7242da0
1692,13d96098-2ff0-46b8-b326-b7c0e18cc1f1
1693,63e6742e-5ee7-4008-a17d-0b2079e7fae0
1694,c3102a5f-dafd-417c-8210-1eb779a05448
1695,6bed3a09-888b-4b85-b9f6-32b966154cf4
1696,5be3d306-6cf1-4b49-aa1d-01651dd4ba4c
1697,9973a5a2-7822-4161-99e9-95c781eb63f8
1698,4959697d-3a24-4f46-af0c-b752318e6c54
1699,8d202e22-85e9-47b1-a1e0-3296d17244cd
1700,e97f4e66-bb24-4727-b053-cadd23cfe29d
1701,71ae4f64-6505-4b6f-91b9-5acfa5721798
1702,2a8c1070-b7a6-4e4b-998a-21e885b6fb13
1703,4a112f96-72c1-47f3-aa61-4b34ea415701
1704,d5e39a53-4f54-4d5f-9df3-b49664c9559d
1705,1bd24c22-f065-4ef9-adf4-068f01581987
1706,6e19c179-3b5f-4c43-b6f5-16ce05b5e548
1707,e2858f53-a141-4cba-ad05-5b5a976b1d62
1708,e3c7bd87-edc1-4d9a-a3d5-36415de1aac6
1709,6a609f8f-1451-4102-ad2d-62c5270e1237
1710,cf310cff-0d28-4dbc-9dbb-cc500a3196c2
1711,9b04cd15-b9c4-442d-9bbb-32e1b2058dca
1712,aadf267e-08f0-4bf3-ae4a-f1670b8e9e5d
1713,5ab5301c-f32f-4688-91bb-adb92968187d
1714,f36fb0bd-21d5-4347-b484-69c735f4e700
1715,b0a3bb25-a02f-43ed-ab1f-994fa66a424a
1716,b16200f4-4f39-4b8b-aa9d-3568054d6bdb
1717,300d432b-f457-4cd3-9cb1-1858c7d14954
1718,43ec6db6-33f7-449b-a566-5779a7e8997a
1719,f5b33464-4df9-4cf3-b468-b0a2d6b3ee85
1720,10cade4f-df4d-4408-8924-5994976fc798
1721,b5b09dac-5b28-40a5-b671-5f9aa31f65d8
1722,cbeb1221-10ed-4676-a2a1-576718977001
1723,7c8a86b2-b0ae-4969-901a-5949d9974755
1724,10f24e0d-bd23-4432-b96b-e9f23136c503
1725,af529b5d-a055-4dfa-a386-1b1c1c8670e3
1726,0cb013af-6dd9-4fb2-b34e-63dda1a5cf82
1727,254d5358-8e20-450c-9fed-28ceff0479ef
1728,a9b68e58-766a-403d-b5fe-955b57bdad1b
1729,ffe198e3-3f51-40c1-8d43-6e559bb98c8d
1730,97fb21db-a4e5-4b03-af21-03b9d510d872
1731,bb75528c-a953-459e-bd48-f90a8a7a0cf3
1732,a6dcd5bd-d498-4469-96c9-cbc46e8efd04
1733,d2fd219f-5cb1-4f67-8db5-be6c5fc865c7
1734,69c865d1-39d6-48ae-b33f-75a7e9cc1811
1735,607e4018-3144-43c3-832a-6da339f1d1ef
1736,2b34764d-637c-48f5-aa70-31e15c965db6
1737,e8fd5bfe-e4fe-417f-bceb-270a0e6657f4
1738,5e127fef-cc93-4e34-a924-680a18035fc5
1739,14b4a40e-da80-452a-86d6-88a959052219
1740,05d529f7-a76a-4d45-b681-5e03eb505845
1741,d8045ecd-22f3-4711-bb51-58969d9f28c7
1742,42c25baf-ccb3-47d9-a872-bb2ceb615538
1743,7c5b66c6-36a1-4e03-bb57-64e8688b8f58
1744,7369f779-4b71-4aab-8836-48b69c676eec
1745,8a7a0d46-d88a-4ab0-bfa4-d861a82bab3c
1746,02b6350e-433a-42b1-b620-92fc53b9a14d
1747,cb1a2fbf-242d-4a4e-a466-588378f124c1
1748,f774cc69-f0cf-4767-bf13-9b16dc7f7c07
1749,f30a7ea4-77dd-452c-8a2d-b06c12606a7f
1750,7594068e-1a9d-4d39-b6f8-aa10f9792d2d
1751,af1df253-5103-46d7-a757-b17bf5a4e581
1752,9436db78-4331-495b-a97d-223fd246de2f
1753,2fcd95a4-1f9a-41cf-95a9-4701bde476b4
1754,12c82224-6394-4c3c-9831-2a8198ed1274
1755,a670abe2-c4a2-49a6-996c-760562aeb43d
1756,a2f40faa-f101-414c-9258-1b91fb564f10
1757,08deb446-76f3-4fa2-bd01-dd368c66880d
1758,18edb12e-4f41-4ae0-8085-7513236580c8
1759,f8bd915e-8424-469f-bab8-e64fc2e4c2dd
1760,ac42ad10-4399-4730-a097-04dfb605aace
1761,38dbdfc4-427e-4fc8-b394-b00ec29dbe3a
1762,798d427e-51b3-4cd4-8b24-1357015e9ae7
1763,0f0698e7-04e4-4bf7-9af2-e3191147525a
1764,bf4b6b71-3025-4129-babc-0e275804e058
1765,e66cd71d-371c-4f82-8bce-b220b8c2d6ea
1766,3912401a-cccf-4995-9f5b-76302b26fff4
1767,8485ef31-f707-4452-a6ec-9dbf3837611f
1768,8764d4b1-e069-44f2-8baa-fb1eee1850ec
1769,de9f85ba-e77f-48fd-8c66-f5ebaf32d655
1770,70de94f5-9575-4edd-bca7-c797b023b9d6
1771,9f1bd2a4-91af-4b60-aeb3-0fe1f4434966
1772,210827e3-3129-45a2-8683-70399f3f561f
1773,37f621a7-8346-472a-b6fd-a226751a27d8
1774,3e04e39d-9eb6-4167-ad2d-e3413f647e4e
1775,c58050e1-0774-4097-93d2-07dd7ba6a27a
1776,06bf62ec-3316-49b7-989f-a47fe61f8987
1777,01755f08-4df4-4cf0-8d22-08f94cad68b5
1778,1a2c6b6e-4878-493b-96a3-876e89259230
1779,c7a989eb-a8dc-4ecb-9944-3bbac9088c3c
1780,76f4dac8-9cf6-4f07-9cfc-e350e50fb39e
1781,18f36e41-209a-4691-8381-e830eddbaae1
1782,4ac4f99c-bf5d-48e5-a358-c507876faeeb
1783,b5b00d74-1425-4dd5-b2d3-f45fb8ef1410
1784,30ba7d0f-f410-4ec8-8f0d-89619f774539
1785,2ed78f04-8282-40ab-89a6-9392fde00826
1786,63d91373-3140-4e63-a2fa-f0a2937eef57
1787,05515233-5b76-481e-af0c-369142c2f86b
1788,63f0aa84-5e4c-4eb6-8e8c-876d9feedf1f
1789,6b9194f0-f8bb-4b9a-96a5-2203c9c2671b
1790,1de548e0-9535-4d2e-9d20-d4474c1ea813
1791,40f27736-0d98-4446-8234-11646e4f4bc3
1792,555ee719-4bc2-49c9-82b2-c2c01bfe3637
1793,277f489c-7a47-4791-bd87-61ca01737f96
1794,5d34adde-0b78-42b4-9d3d-69e9388d8398
1795,7b663720-0834-4291-bad3-96b4e48f80a1
1796,57d4d1f4-28b2-4a38-b7a9-a80626e99afc
1797,b8ac179c-4a29-4467-9177-031daf1321d6
1798,8671290a-ab17-42c2-9114-adcb741e7257
1799,0ebcef42-ad74-438d-b435-87fd734b4d72
1800,656ae836-2075-459f-8967-03706d4ac2bb
1801,0afb2715-a6ee-4ad9-ac8a-fb904dd99b61
1802,4be3c34e-47ba-4881-ac74-8bd244e0b04c
1803,bf2be07f-2290-4d5d-84ec-fbcf3b1001d1
1804,e8b89eb6-51e8-4c3a-babb-88b2e110376b
1805,78d5f0a2-53ac-421e-b415-573a88557a21
1806,db8a9ba7-96ad-4c53-b552-d4f1570dfefb
1807,79fc83a3-9c76-4e21-b766-2e9c0f8d31eb
1808,a117f32c-662b-4dd9-b739-1230dd04cb60
1809,92b3842f-5b25-48a3-9ff4-b78a7cb55b4e
1810,a3629b49-ef78-49ce-8538-033772d6e6ca
1811,1e3222fa-724d-41f0-9b0a-e88d1003cd35
1812,96585aab-fab8-4657-95c1-cafaa26f26f8
1813,cf3e976d-2c3e-495c-a874-f9e8a66d3b48
1814,2057cf5f-4aa7-4094-bbf0-819777405eb7
1815,0839eea4-c57b-4c14-b19b-923fbedb5d88
1816,50f8b1de-747c-4967-9732-3db89c365261
1817,ab986bc4-df92-4351-9ac1-aa75af943cf7
1818,7d35b31e-a1b2-4f4e-98f1-6f93081aa0f5
1819,906ef09c-959c-42de-8c65-6e11c73c3570
1820,2b92a5b2-6758-4ee3-9fb4-b6387a55cc8f
1821,50b100ea-74fd-4706-99db-3e4ca55e51b8
1822,4216e465-7baa-4884-a241-54b197bb9278
1823,972465ce-3f6a-45c2-9a79-98b9ce97bdd2
1824,7d874411-d555-4320-8356-6f7715c15ef5
1825,f22cfa92-9336-4205-a691-4d5290701463
1826,ffa1d58b-ba09-49bd-a982-e743b2237006
1827,3f82a026-8a37-4b54-9ebb-7702b66eeb24
1828,cbe6e2a5-f7bc-4162-9803-fcb9ecd86052
1829,6561f116-70de-47d8-80b8-f0e2a1d2cf11
1830,b10c9a92-d6ff-40bc-ac64-4705949a2ac7
1831,114a5cda-0ef1-4065-a064-755260aaa77e
1832,79fff3ee-a40f-4487-881c-4735938de75e
1833,f4a85869-1855-45d5-a43c-7ee8cd451996
1834,744442ac-c157-4350-8be0-ce454df4f5c5
1835,0fdc32f8-d7f4-48c3-895a-5aefc23a44b4
1836,91ba97f5-7518-4638-b2d2-308996db3cf8
1837,0b917c3e-e49f-40d9-8f95-3bc8e9c06fd2
1838,3012a059-e062-4171-b37e-f9e7c7eb603e
1839,79aa4ec0-399d-432e-aae8-7a390ce89bcc
1840,e97733e8-5bf1-4c21-93c4-8bebbdabc394
1841,fe39d4db-4cb5-4299-bb9f-896c8fd6ab13
1842,60ff3eac-7d4d-4e51-87b8-74c3b5d62498
1843,f015c5d5-6a1c-4f63-9012-a05f4f34105e
1844,e53c1103-5d13-45f9-86d8-0b291a3eaa10
1845,0b144726-21c2-46ed-8d13-c03d27f61604
1846,ff82aa43-aef7-40fe-9d0e-2426e95b4417
1847,5f7c6321-25d2-4c5a-83ea-0e68da0ecb85
1848,7c3865d1-e5a9-4043-a7a4-2e9e30468c0b
1849,023e4b09-a193-4c2b-9009-f7dc9326a19b
1850,8ff67760-40b6-43fe-a6c5-6f1949fd0f0a
1851,9e9a4209-c7cf-4f6e-973e-dc2ffadccc74
1852,d15ba5cb-9212-4a90-85af-2c560da59925
1853,371d57e6-cc5f-4fc0-9c0c-58feb595cc5b
1854,cd5efa8c-e44d-4cbc-91c6-796018dbed68
1855,d4b14482-e5c2-48a2-a3f6-f4ba37a6e588
1856,3a48fc82-f199-45eb-81d8-4ae250505009
1857,f5dd06b8-5d17-4932-9d03-957d0c4f5051
1858,1dd23dba-dd00-45ab-abf4-642902538317
1859,b5a1fc87-c9f2-41f4-a1ae-28e023715592
1860,4fabca9a-7435-4f33-b1da-3cdb00340fdc
1861,ec66a2f9-db12-4eec-936a-47632bfdccfb
1862,ff25cbf0-6978-4c4c-887e-d4b185410d74
1863,86945516-619a-456e-b0d0-2fb31d927992
1864,465ff64a-1271-4064-8ed1-e969cb68d8b4
1865,f83cc89f-30a3-4674-a4ce-a1be2a3c0bd2
1866,aec8ca21-4a5c-4ca6-ab60-939580010d39
1867,000bb1e4-89f0-4b86-be05-05ece3641724
1868,55b656ad-ee08-443a-924d-a2608439df92
1869,a51adea8-bf02-488a-a0d8-b0961caca5b0
1870,fe358ce4-bbe7-45d8-94e6-11a86a75dfab
1871,0646be77-a425-40da-8577-f77d1198c67f
1872,5e13af88-67d3-46ed-af58-8a7b8ebe7b1f
1873,5ce80f97-b385-4a41-9339-a6593d0709c1
1874,b8b5d6aa-6c28-4e06-a98b-8a8a4c245a8c
1875,34016949-da9c-4107-98e3-1080ae405e27
1876,401eb8d8-6daa-4f8b-90ad-60afc71eb4f8
1877,9d75efb9-0c77-4f86-b5e7-99100808564a
1878,ad536e6e-7333-4d86-bea6-130ca4ed9ee3
1879,520ff013-d72c-44c7-b1c0-a97bbadfce76
1880,429c6dba-ddf1-43b4-93de-091cbe1b2ef4
1881,acbb31e0-7cfb-4987-a9a7-4df119e0b83b
1882,34396520-b785-42dc-afe0-f74d7aa9f793
1883,a1c72d66-3671-4a8e-840d-e8b28e237b6f
1884,0aa38c07-644b-4f81-8014-924ea3cc8dc5
1885,89423614-b96a-44f5-9e63-1501549d8f31
1886,7b1ab171-caed-4561-89e4-b214396b1ae8
1887,82a63a4a-b43b-420c-aa5f-92e6a85368fb
1888,b7cd09b7-58d8-4f2e-87de-613ae629f270
1889,60c544c9-0815-479c-bcec-93c7891815ea
1890,f00b56a7-0160-4af4-bb7c-e6ef02d06a4f
1891,4db59630-40d1-403d-b2f0-0cc81d95632d
1892,34d247a0-23da-42d4-872e-df4698c1d5c1
1893,dc892a23-091b-486e-85b9-fe2989414796
1894,94ebc6cb-9cd0-4f17-941e-29927cf5d616
1895,0435fe96-523f-4888-a76f-22df1e92d9c4
1896,38509fa4-7c06-4a4b-9622-f521f03c37b8
1897,1f56f042-27cd-4ef0-8a57-28860af950e7
1898,e45507ff-c1e2-4e0c-92fb-b6c0e6cb6245
1899,4350c38d-0fe9-4ca7-bab9-40ed7f72b04f
1900,692ace70-7f97-4214-92bd-88f7637d8a44
1901,33a1b24a-3230-4e46-bffe-a3f45685f9fd
1902,3154e3b5-93d8-46c5-bb15-326b3be99d51
1903,493fb8bf-d880-4499-b374-b1ecb0df4b50
1904,04666ae0-ad33-41b2-8977-7121583799d3
1905,65ce30a8-8190-4ed9-9903-68f1c6eb1b0a
1906,e07a0fbf-7ffe-47d0-9636-e25cbb5fd475
1907,d7a67428-3afb-4bbd-932b-f6718ca489c5
1908,267b9417-9d05-4731-a877-bfb978fb50eb
1909,bb663409-5c88-4e3a-bc16-01aa1c8ce171
1910,7d0f33ea-e724-4d77-8b75-ee4fe66bb9ba
1911,bc70f963-c1c0-49a5-b940-3e28e163db45
1912,e9d6ebab-13ad-45ce-a955-fc3f1e56add8
1913,6acf652c-33b2-4e28-8f79-1e553f255229
1914,29fb886c-6be0-4e93-9ea1-232881f2092a
1915,85aa1871-db96-42f7-801f-c39f924de2d7
1916,fca6acfc-5e1d-44a9-9984-c581b246d367
1917,d58ac822-ebcb-4932-935b-54ea816d4e32
1918,4c5fed97-939f-4050-adc0-7adaf15065e5
1919,68a8fc55-1755-40c0-ad3c-ef6371254159
1920,f8460277-3c9a-4be4-b203-600a2a295f47
1921,8ce4a4af-969b-4d1c-8bfe-891cff82f913
1922,73997f48-cd9d-4724-872d-86ecbb2ed9a2
1923,87d3fd84-0f94-43bc-a2da-48722c7a575f
1924,bf419e00-8548-491a-a06f-d72ab439df2f
1925,5641a2af-9eb2-4209-9fc6-856f78f2d2f2
1926,75f312e1-622b-4751-8d93-815b32feaf8d
1927,870ac739-6eb1-42ed-8c3e-82af7c9e71d0
1928,d90bad2f-7fcc-4e85-a02f-ba4837732892
1929,a8d07b5a-c1a1-42c6-9d53-db9c7a2ca996
1930,86ff9a65-66eb-4c8f-93d8-22e0a467fc08
1931,dd6e5939-d19b-4e2f-a025-2014f0a2ec88
1932,81665015-4963-472c-9b5a-f2cf13ae9de0
1933,d91cbd56-31d1-4a0d-a3dc-bb5c7e4eccd0
1934,ffc2465f-d2b5-4b2d-bf6e-56eefbe02da1
1935,0d254d2f-f6c7-49ac-be0d-a2651c222f7a
1936,b386e189-12c5-4df6-b1db-059eb3f6dd88
1937,2fea2558-630e-480d-9e12-47a05bc19b55
1938,f19f2c6d-3f1d-4231-9fd9-ece77ed359d7
1939,aaffe2b8-60b7-468c-8b21-477ef753c390
1940,cb5c6c3a-8999-41ee-83c9-012974efc43e
1941,e2e9bf69-80b3-4237-afd9-40960dc3c67e
1942,afbc401c-cad8-43b6-8d61-775d2c7b58d5
1943,80274731-15ce-490a-8d5b-f55a36b976b0
1944,8645704c-a896-4ac1-8189-9ac5586d5c3a
1945,be5d0d1c-780c-49f9-a809-e72458e5be38
1946,4da883cc-056d-4661-8970-da4bbcc1f9e0
1947,60f51172-37c0-4933-a27a-cbf55dcd7580
1948,faa8e4f3-40fd-4fb7-bf3e-fb8eb639fb33
1949,20f57a7f-b90e-4403-8c77-5ddd89b5835b
1950,ad32ac81-7dff-48c0-ac27-062d62b08861
1951,50ffa48e-f25c-4dc3-913a-fa0aadb3ffca
1952,16da7f95-bd00-4a5c-b837-bf1c2a5a9f15
1953,e921279a-1a7e-4900-9720-bde93ae3e70e
1954,1d0293a1-638f-4e0f-a4c1-4cb59e6e1a22
1955,0ae55852-562d-4fc9-be5e-d99f54e91b24
1956,cd4b9e72-a18d-44bd-b227-14bbdd162dc1
1957,99fc129e-360c-4174-9553-5c666a64a395
1958,088dd17a-9d92-4b93-9e4a-49587e015e06
1959,222137dc-9021-4be8-bb7a-29833e02616a
1960,22a173f5-868c-4d82-87e6-beed500ce070
1961,c0326e27-5fa8-4dca-aecb-ed89ab491513
1962,8e00884b-7a60-4ca2-a099-88a8e8cac87d
1963,ac745bcf-7b2a-4f64-bd81-129c1d4c8699
1964,8eab4e4f-03f8-4a66-a830-ec4e5db43253
1965,fd9694e7-5e7a-4209-806f-51451bb63dc7
1966,d0f2f8a7-d935-4a6d-8e54-dcc3e5e2cbeb
1967,ff9ed77c-f19c-41d8-8b11-a382c6819e8d
1968,63395522-32f0-46c4-851d-69c2d3800a8a
1969,8006596d-605b-4088-a3f6-8e3aedec21ab
1970,fac6dbca-0d38-48a0-a255-d2beea8156d6
1971,08f85a8c-c50c-4c97-b456-2fdda7f6a973
1972,e465a154-93f7-4973-9ce1-31659fe16dd2
1973,ab927ee8-acd9-41c2-aef0-2020364a1003
1974,54804209-6aac-4ca4-bf3c-aef4fbe18f8c
1975,6a2bc03b-e30d-429b-9549-5784cb92ae2f
1976,41c13016-6e94-45bb-81b7-3ff25ac2aa25
1977,7e5147d1-60b1-4a68-804b-1f5cb0396b91
1978,6b30644d-bdc5-4bca-b1af-edbf5c6b15ee
1979,ec66b111-d8d0-4516-88ba-ee0b6fe6f695
1980,0d6c9508-1cd6-4cea-98d2-d5fe2f5c6a73
1981,f2d57f41-43b4-4f5b-8100-3df5c21eda50
1982,32ac6bfb-8b86-4312-9421-dcb8e0203ab5
1983,a3e0224a-c952-4b4e-b664-d7186f62715b
1984,7361c086-443c-43c2-8215-31ef8e8895e5
1985,bdcac0c8-b77a-4640-9eaf-c0cf3efd1e23
1986,a6d697d1-80ba-4175-82d4-43440ed04270
1987,d5a59ca8-2e91-472e-8571-d12ce4478679
1988,825999ab-104e-46d5-87ac-385cdd0b3ea2
1989,32428b21-514b-42c2-81b5-244a7804ea74
1990,4c337c37-fc5f-474b-bb9e-d03858f0f9fd
1991,b0565bd9-29c8-42f6-b174-702970fc2f4f
1992,97725325-5287-4ebb-9f83-1ba2c38f465c
1993,d6d3fee7-47e2-47f4-a0ec-6c75f28c6abd
1994,e2d0daae-2aa1-40cc-99e2-b340b02f97d3
1995,21e0cad8-4eef-42be-b18b-0f8e37f0dbd0
1996,6078e099-7696-44a5-b3c1-452b9abe886a
1997,12c7b323-d870-4f5b-9d7d-d9f525206d77
1998,9a7cc3c2-b529-44a4-ab8e-f04fc91362e2
1999,bf942c60-8539-4951-83ee-63f770da1cb8
2000,cf200547-25b5-47c8-9eda-bca4aedc13fb
2001,6468e5fb-f3be-4025-87be-4b6556755c61
2002,4ca91852-c534-4b98-ab1c-59a126534c88
2003,7111b95d-0ce3-441a-9d92-4c75d05c4388
2004,2bde42ae-e776-41c1-9ded-b07b30bfe985
2005,1b3370df-c280-470c-ac35-951f42ca8b19
2006,8abdc43c-2bfd-417c-97c2-27fcdaf53171
2007,63e92f65-e70d-421e-94ac-40f944966161
2008,abec880d-99ac-4af4-a8d2-900b4aa0de12
2009,14d88fae-ead0-4d19-8519-04b154b46987
2010,6d23d9b2-3eb0-454b-bb1a-bb5b277c98b5
2011,646d871b-4503-4dc8-a076-06d7085e4cde
2012,bcd2ce08-ba12-4d66-865f-f4ba36419707
2013,8813cd22-3831-457d-82b3-b197ba974ace
2014,872a1632-f1db-4feb-bb27-0a6a359b7591
2015,0c67b0dd-8cbf-43e4-a9d7-0c4c2e7a6236
2016,e517f098-dce4-4ecd-9371-499936c0f947
2017,469e19ed-a0bd-445a-ae2d-4ba9430e296b
2018,fa642fc3-5cc5-41cf-8926-6617a8b976a7
2019,988f4ac3-a37c-4b0a-a40f-4e0e56b5919e
2020,3edfa33c-c644-4a9a-acd1-e82039daa663
2021,637ca2e2-0624-48b1-be6e-9ff4580344ac
2022,41daf4d3-33b8-4199-b814-e54964d277b6
2023,80ffa169-a3ff-47a8-9be1-7731ba543739
2024,e81f2d1a-9b32-493d-899a-ab87cee06d15
2025,33a82b83-c838-4889-ae62-fae1317481eb
2026,5be72e00-e506-45ca-a251-b59500d7fca7
2027,a0cd5d35-a1f4-48bf-b78f-11faf4f1935f
2028,9f6946f7-60aa-409a-b33d-152f244299d8
2029,0e685cc5-df53-451f-b987-7fd6d7025447
2030,848c6821-5578-4104-9060-f1bf75bb3a80
2031,48b68726-0fd6-4e03-a5eb-82236516ee7a
2032,cf19e34f-e168-47d5-a7d5-028d1fbfc75e
2033,c0b5c55d-545f-4b10-8736-cd3a35b53e76
2034,e92f4673-1dec-41ec-b6ec-36fef226359c
2035,1d21f6ad-340f-45da-a0a3-4e83867f47a6
2036,60b2dd49-c677-4f47-816e-aff3b577e113
2037,283cbcd3-7101-4dbb-be37-56f3625515b1
2038,c2296e2e-5fef-4f24-a24f-e5b3792268be
2039,418a56a2-7cfc-4b6d-8cf5-5c2add99a849
2040,d4cc5022-7801-4885-bcff-166552788d35
2041,e402a6d8-0ca8-4230-9bbe-c559a80b7624
2042,e02faa7a-9277-4340-aeda-e35bf138320e
2043,4f499e02-2983-40c5-a493-c720e6b03b23
2044,7832b684-580c-4eaf-a8b3-322164b041ab
2045,f167af5e-096a-4ffd-8340-8306399823a3
2046,c8e42fdb-ac7f-4494-acea-f29561c19ab6
2047,d39a5880-7d0a-4573-9f70-a75ff875bf83
2048,077fb5d5-a9a2-4e27-b1b0-fe3149ba3da0
2049,dfb9cec6-3ae3-408a-9d57-c44361bf7aaf
2050,6063652e-22c4-472e-bb96-6e5ec1e7c5de
2051,0bb3792c-0a17-4e48-a8b3-5603bb12a660
2052,fd199f25-cb19-4195-9cc4-dd34746ce3f3
2053,b469a01e-2d3c-4143-8af8-687630fb4ee5
2054,08f5c290-a81f-4614-89d2-bb5e81e82276
2055,705ec490-d4e8-4792-a230-82182f53d14a
2056,8ca18245-8842-4e6e-bc80-3ace0ee7fe5b
2057,05ab4b2c-7389-4495-9355-ba0a69effe4f
2058,1023ac61-250f-4eef-b7a9-238cf071685f
2059,78a74fd1-efc6-49dc-adb1-1b0fbe35c22c
2060,ca180ac5-3b49-438e-992b-57f2af49c1e3
2061,81b6d428-028b-4bf5-89a2-5e5cb4a8c444
2062,2636b3d3-843e-46a9-8b4c-a9d6ca3f5a2d
2063,c69587b4-05d3-45bb-b79b-9b85e6603fc2
2064,d54a1355-05c8-45eb-9c42-267d2cfcdf44
2065,2cb9cefd-5333-4893-ba47-9b38d13f7ec6
2066,478da040-fb0a-4fa8-9112-285ff5c4aefa
2067,ff031994-dd71-4bb6-a351-1b9c83efa0d1
2068,8318ca1f-117e-4a21-a07a-5d7515a21035
2069,c82f9319-cf46-4257-a8ce-542d0a7fed8f
2070,385479b7-5da5-4367-9763-0d15b41bb65b
2071,553e1d2d-abf1-4b37-8ac4-c5c78a8edbc0
2072,f9f258e3-4728-4107-9e08-293d5d2ef65e
2073,c4020d90-e0d9-4ab3-b5cd-d2b560c4f596
2074,66ac954c-d656-4eb3-88f6-a4ee55602753
2075,bfe4f330-d595-48c7-ab3c-f309471d6953
2076,9570e84e-6699-4c9f-9a12-7bc82d53a231
2077,efb523d0-c998-440d-8639-cd14ba841c4c
2078,979cf728-896f-4f2c-8fa8-2698ca0d4930
2079,39f9b48c-04b5-4e6f-9c52-3cdb29a5a93b
2080,6417a4cc-6f61-4459-a114-761a7fa0279d
2081,5ed83764-c32f-402d-b5b3-168cddfbe4c5
2082,ccd0a1d9-afda-43d9-b901-96344886e14d
2083,3b3b7373-220a-4287-87cf-e24a208b63c6
2084,c7cc6dc5-d56b-4323-8e5c-47c4022f615f
2085,1177c6f5-09c5-4c35-873c-afd22d170ad3
2086,8d4271ca-c9fd-40b3-875f-15f78332a49e
2087,616940bc-d888-4be8-912d-014b78550bf2
2088,6360a934-cc87-4954-9656-b32db20592e3
2089,9be758b6-a45d-403c-8943-68390ee2c961
2090,e79a3803-dd53-46b0-906b-13e6d46ef687
2091,d460032f-f49e-4b70-90c2-ba563aee14be
2092,6400e5a5-5534-4465-b456-3632af0c5cf1
2093,89839842-a111-411f-b64a-94354d6118e0
2094,9cf681c7-89ec-470c-b651-7fe03786f586
2095,51586df8-1c46-4b47-8583-773cb63bf00b
2096,286d0e0d-48e9-4210-b110-b1fbf04c35f1
2097,09e66cd3-1eb2-4653-b07f-d919cf990962
2098,eb65ce8e-61bf-49d1-99bb-cb699ba1005b
2099,932e60c4-118a-4280-8e49-38a16a0c73d0
2100,30281a0e-a82a-4d13-bd74-4b0fd9964e02
2101,dd88bcb0-100a-4d48-896b-746c355fcd46
2102,ceb0d9a0-96c6-4334-bcf4-c529e314d1ac
2103,92f54ff7-f6d8-4702-8e0f-2d7d3254a7fd
2104,be7c80ee-0b7a-455c-8928-055cfa65076c
2105,2feeef46-05cf-445c-9ca1-c96a30e10106
2106,ea271a04-ce7f-492f-bf2f-b6984a9a1910
2107,b07daddc-8625-4360-946e-ad2b0e56ebf6
2108,3172f001-a4dd-4e7e-9f74-9707b2e7c6e1
2109,68b6ef08-d823-489d-a95c-752ae6f6e6a7
2110,6f6163dc-a801-416c-86e9-ce857d71c24d
2111,b0279338-ddfa-473d-b961-fa51b1185612
2112,8f342cc3-8541-42b2-b553-7a60c9a93244
2113,314ec082-ddb7-4b9e-87f0-2818f1ea7b80
2114,c0fce59c-e227-4745-945f-95eb2f0bc03e
2115,8dcc1c68-1ebe-412b-b437-cab3c26da509
2116,7d0da710-7fb9-4291-abbe-5e359c8339d0
2117,342af3a1-4fdc-4ddc-898a-bb82a7f62efe
2118,9a8f5432-fb04-498d-9ba4-a4e1444ff056
2119,2879a6f9-868b-40a1-a424-d50007ca8354
2120,120b9b87-3aad-4a42-b5e7-1b146a672038
2121,328733a7-6d84-420d-a65c-2a8014fadc60
2122,7ba2ce03-ac36-4cf5-9383-e665ed0d86c3
2123,496932f1-0b6b-4f73-9432-d95c7ddcd43b
2124,65715f7a-c791-416b-b88a-2933a1c81647
2125,eb9f8a48-4be4-434b-be9d-293ff5c07f97
2126,21d61f14-8fe3-4066-aed7-a0c4e0620d8e
2127,e381f278-7218-4f30-a7b6-34dc3eb7e4a8
2128,b97f4aef-ccda-4d55-8587-d62be69755b2
2129,67d81541-4dc2-44ee-af59-2c3ebb8a91e1
2130,fb39ea51-74e5-4f05-bf6c-ff2c05dac89c
2131,87454307-a3ad-40ce-8024-1aeb7c94f1e3
2132,d1ec6846-dd8a-4810-8115-474cdf271540
2133,04ba2e0a-a939-43ab-92fe-63f50b55c798
2134,87669743-a291-4ea0-9a50-cac60d45649c
2135,3fe9d11d-eae3-4e89-82ef-bf2187808b32
2136,cbb330ab-55ac-4eec-b54c-b85c6219f508
2137,8359bd04-d2cb-4757-af1f-39a921df9efe
2138,e8171178-9a60-40a6-ad3b-510e10cfebad
2139,f8413360-6114-40de-a276-c59b764b9913
2140,78fc4e90-a522-480a-a2f0-21ff3dfe6ba7
2141,e487f6f8-854d-4210-9658-4196f07cc209
2142,1bc7c69b-4292-4592-b854-f48165a06082
2143,70c06606-d438-439b-b61f-68c2c4754e06
2144,f3e7f152-27f1-4f29-a0d6-40619927df88
2145,dd9df234-993b-4812-b048-5399a1751337
2146,4f9e3dd2-fd39-4ea4-aeb0-285119650473
2147,8ba80dbb-bf0f-4226-b740-989212f13e0a
2148,af1c7b89-679b-4fae-b67c-ed05c669719c
2149,e704b3b5-f695-4a7c-8332-6cb558b454ad
2150,ca8c5849-2655-44b3-b2fa-c4c0e2a04aeb
2151,eb3aa8c1-fb14-47b4-a352-b7975abd2480
2152,c544a9f3-5945-4b54-afed-de0697852817
2153,f3cc52e3-a96c-4549-b841-6e41a846fa99
2154,d73cb129-b385-4776-8303-f3f926b2e481
2155,de131ede-cbfe-4e34-aff4-96f16831c3c4
2156,561c2525-5bd8-4d86-8f45-820f4be7db93
2157,1a4fdd0e-2cbe-4b77-aa6e-e46efc181b76
2158,10c42c72-ecaa-414c-a014-7e97fcecae8d
2159,7159e587-c7cb-4ec0-a662-03e1dee2cccb
2160,efed789f-e3fc-405c-ac27-062fdef14125
2161,3379edec-4d25-4135-83c1-2bf47b2fb52e
2162,8ed0f653-795d-422b-8856-a55ec250bb88
2163,1de6b87b-2c7d-49aa-bcc0-3b2ef75f064f
2164,99207709-d076-4cce-ba38-e90d3bb28806
2165,07d3074b-f5cd-420a-bdf8-c8d643563ea5
2166,049c8caf-dd12-45fc-9bfa-b64051f32a19
2167,6542601c-92ee-4a03-abd9-fde0635727a2
2168,87cadd76-4e3a-47e5-b66d-559fbc1e8993
2169,b66b7130-e851-4e54-a3cc-7bd1f8db531e
2170,0ddce721-52dd-485d-a2da-f3237c65dec7
2171,b4292366-9d25-48c5-9775-60f2bf56b5fd
2172,ebbf3488-7d1e-4603-b7d4-938d23bc1af1
2173,ea9fc9d9-c602-4430-a7fc-edac7429a6a8
2174,c290c45c-b8da-4517-be4a-b16fdce26cb2
2175,510dc744-330b-42f0-ad67-ef865df9e772
2176,5e09534b-9ba1-4f29-84ad-1b3ad66d2dc8
2177,6eff134b-e34f-4d6e-a6e8-5e47cf2228d0
2178,bacbf3d2-c151-4911-b376-e664faa313e3
2179,48f480aa-c9a8-4552-b1c5-e94330912257
2180,7a950986-27fe-4b6c-adf3-88f211e77019
2181,e87ec79a-c9ff-46f5-84fa-7a0f394cdf40
2182,0ccdfe98-f845-4598-84a1-3dca66e9d9a3
2183,6f41081b-39ee-4a42-a8d4-a1cee7a39873
2184,bb664ebf-2e54-4a88-ab97-158c3d321af9
2185,47d491a9-f7c0-4b13-a10f-983d3aa0113e
2186,450de541-797a-4da0-9fe4-a81471c8047d
2187,756ae350-9e1f-4cb9-9c27-6bd99806dadc
2188,e7219848-a27a-4bf4-8775-d367707be7c9
2189,c7451027-8249-405a-bb1b-342ff0f3fb3b
2190,bb99af26-71ff-4dca-bde7-1eb1f6194426
2191,04f1b938-d4d4-4cb1-a863-982af76b9d93
2192,1110c92f-3059-445a-9436-0f4200d365f5
2193,3a0d4d83-6392-4a81-87f1-5b57b08110b5
2194,54660948-b811-49a9-874c-bf2be5f280a2
2195,ffddfc7c-a9dd-449f-9e96-882dc447c8b6
2196,f68cd42c-1d67-4ca7-9b37-8f024763823d
2197,2a778aeb-f246-4f03-9a96-c60183001037
2198,42e49c37-38bf-491c-a36c-6eec0800f44f
2199,a7b9039e-0145-4e3e-bbf8-30151d3e6cc0
2200,5b26f08b-88bc-45f0-b901-530d7786466b
2201,74e49482-75e8-4637-bdb1-fff868d02f7a
2202,cb304338-3a44-4b6f-802b-dfc6c64de109
2203,ed3f3dba-3a35-4ed5-b113-67f4d10ef4c8
2204,d56fc2b5-4b0a-4e7e-9bde-a33736f6ff18
2205,7b75c076-6c0f-4cf8-a6be-a6404c02eef5
2206,1774bd31-8893-44cf-9498-7e3d95508419
2207,a1388163-462a-4b76-8649-67470ea858a1
2208,749ce4c2-4dfd-461a-a8f3-0f6914814d3e
2209,7f50301e-bdb3-49ee-9b97-9f8862dc6eb1
2210,f975091a-e5a5-4472-ac17-11680e53e98f
2211,8e5a3be5-8bbe-470e-8863-1be9539e0647
2212,5d76ed44-f022-4a1f-a6bd-5f0686a2ae3c
2213,f33b0ef2-7fe1-4ac1-96c4-36a1bff1771b
2214,6717f75b-1c16-4e5f-80c2-b7c02280f87f
2215,61c567d0-e01c-4f5c-9420-5926298f5099
2216,c214d86e-fbb8-45c0-87d4-f2cefc954057
2217,1532fc46-f911-4b74-93f6-c0334966fd6b
2218,e5e17773-3a63-40c5-99e4-10e036cf7b99
2219,c7194910-5738-45e9-9932-22dbe2293a0c
2220,819c55a7-8bc7-423a-9b3b-7adf5a6e6a5b
2221,70a7b3b3-31ef-4b29-a30f-bb7299dff39b
2222,d1e78795-b3ed-40f4-abb0-21b689fa4ae5
2223,83218cac-3599-417e-93d2-26013cdccd98
2224,8bad61b8-75f7-4bdc-b994-f7158f4b90f0
2225,d154e48f-95b4-4ce6-907e-4a44d50129fe
2226,f9e42732-d143-465d-bc9e-b27758537725
2227,51927003-a757-4552-804f-c045e21fdaf2
2228,e975b791-b488-4935-be44-06f2f9a443bb
2229,febcc41e-bf0c-4733-a498-c2881c86ce88
2230,4e039fe9-e7d3-4d9b-82e5-381269a38ceb
2231,a1a032e1-4b7a-4603-8516-43d83707ffac
2232,24ff9b31-a497-4817-9e9b-c0ff3b3fa0ef
2233,20c6a2ec-ef98-4f95-8a16-c8006d9242ba
2234,ef2adfe8-d7a5-465d-bbe6-8f9e913ae7ed
2235,d9818afc-1dec-4944-8c9c-e3ae8fad176d
2236,ac6b866c-d18d-4572-b24d-fe65567f5943
2237,bd770b66-679d-4304-a148-6b17e026a1cb
2238,e2088cd0-b174-468a-adc0-921efdadb337
2239,762de24a-8cf0-49f4-a3e1-2c6857e72779
2240,cfa2be0d-96d5-4017-a866-962efb9c5070
2241,999f0cf8-0d78-492c-be17-06ee15bce47a
2242,82394321-7f35-4a29-b2fa-4a58f66258f5
2243,436b8f31-1a12-408a-be5f-a951942fbf92
2244,85038d57-1fdd-40de-b908-2c005545a8c3
2245,db85a2ca-04c4-4275-ba7a-b615c3686e09
2246,42ed3bfb-1a01-4c8b-9758-fc6438865734
2247,670f8eea-f25b-4c3f-97ef-a4729d4c63d6
2248,79a5bc25-5b59-47bc-a4c2-fb8e8cb1ddf6
2249,33e584f9-ff7a-4979-bfc0-5a3a374a145a
2250,8881a9c2-bd07-4954-bf27-c1f8acca9af0
2251,438ff259-d086-4004-acda-1ec3e1631bc6
2252,2450c3b3-e78e-435b-b84d-e05d984e71dc
2253,24c200e5-be20-4370-a137-ab53797f3a17
2254,fb7aee4d-f6c6-4a87-8e9d-8e542b3771f8
2255,5548401e-dbe9-4603-9917-1c8b3e0ad4ad
2256,91a6da8d-24dc-4453-9821-de305864677c
2257,6c1143b7-1a4c-49ba-849a-ae328673e566
2258,9ccb56ee-3d5f-4d48-8692-8f96fe1e4adb
2259,05e5e14f-ffa6-4106-b311-c6335ccc2bd2
2260,190b7060-79fa-4450-9a3d-c4ce63b0fa4d
2261,26ed52cf-30ca-451e-9699-a6c04a30649f
2262,a4557e97-d7f9-4669-88b0-c57591acce80
2263,1a6d5cbc-74e5-444c-8fb7-00cd7daf245e
2264,9e06bac6-6b91-48ca-8b7d-c1f48cdecd7c
2265,6efef9df-ac86-45ca-8b1b-a8178ef17b5c
2266,a32e7fb1-af9e-4c09-8ea7-72b7442e9cda
2267,af7ae54f-4649-4c16-87c7-59ba41d4d57f
2268,5da8018b-ae85-4cde-ad93-0394369018f3
2269,2de4572a-4724-4f76-afc2-72a568a264ac
2270,ef1e63c9-f8c1-46ad-8c74-3cea311c9377
2271,99a09006-31f4-41d3-b3aa-feb2aeff730b
2272,68e8e227-b843-4f2b-8572-9cbe63aada3a
2273,9ce18534-9fa6-49af-9521-42c1e10fe07c
2274,95930ceb-4d39-44d1-a361-b60bad7df2e5
2275,be3f635b-b400-4eb3-b4cc-c44a34f26eae
2276,2a11d374-c3b9-4542-9349-b1f3844125bc
2277,00506f28-e884-4496-800c-3477c67eb355
2278,34250f4b-b39e-42bd-a2d7-783e90051b08
2279,598de5b0-5b58-4ea7-8058-a4bc4d18c742
2280,c062bab3-3ea0-4291-9220-a2d8fef4bead
2281,69f0167e-75d9-46cf-847f-72a592880ebb
2282,d38871eb-b988-495e-8fca-345677b597a8
2283,ad59afe4-6f8a-4bc4-acfd-0f228277508a
2284,68ef0e4d-5542-4e64-84f4-752cce5a3c22
2285,7ee4c2ea-b349-4bd2-81a3-ec31475d4833
2286,783ab646-4ccd-4058-a512-152ba6c00582
2287,7b85473a-d609-4da4-92b7-a66cfaa86302
2288,b895bd42-0009-4815-a150-eb9eb5caec21
2289,f6d5f009-b188-45ef-98e0-18d700744892
2290,2a2fa8e8-aaf3-4abf-a60b-af6415f1c6d4
2291,7c3a172a-4c14-4a32-b4d7-bfc9913f9e25
2292,c8ab7e5b-b786-412f-a519-dfd93517b698
2293,c5afeb33-4291-44c9-a89a-373185d0bfef
2294,969caeb0-cfc5-42aa-9c44-0ca3c09305fe
2295,6fe76a8b-4d5f-4cea-b76b-5908463fb014
2296,c2999f0c-eb37-4cdf-b9b0-82107b628794
2297,4503c65f-2bd0-4aa5-91cd-4188c7e5e31b
2298,48ca61e4-9b68-445a-87a0-270472a8fd1d
2299,cc5ba652-736c-401c-bb5d-de17990ed619
2300,9013b46e-5a9b-4929-8918-fcadfdfd37ce
2301,7718ad50-18ab-45a6-9eda-91e7634e3b4b
2302,7263d760-f114-42b8-8d60-3b9e8107e990
2303,38bceda2-af8c-40f5-943b-c9f3f13db6e6
2304,968ae7d9-40ca-4593-8dc6-fac11e4eeb6b
2305,93261e82-8ffe-4a8b-b8b0-02265edbf562
2306,056f3e1e-ba27-4498-9fd1-c22ae04dbf3a
2307,e394b68e-576e-48d3-9d8f-a7ead7dfb008
2308,cf22d572-a77f-410d-83e4-3a627cc8df77
2309,debb3ae0-7e55-4a0a-bd35-4372df770dad
2310,9601b2a8-68e4-4906-9306-a23679b8f0b0
2311,47ac9325-b072-4e37-8e40-e6ffed03e851
2312,f929c89e-c363-4132-a918-e021d57b307c
2313,899e57b3-b1a6-44c6-95d8-faa058294366
2314,db36f7f1-5900-45bd-9ffb-f2b19c4362ac
2315,657b4b35-7d90-4f91-be1e-be69a61e7adb
2316,4bd6e2ad-bf69-4198-b3ac-3baabd9da46e
2317,ee93e363-0c2b-40ed-bbf1-aa5aaf9683fe
2318,508f3b4c-799a-4742-b3ae-75f2ff11153d
2319,3d395072-95d7-4706-986f-a7d29ddbd547
2320,5b6fb4d6-582e-4187-9f17-f6e582f8714f
2321,1cca610d-2afc-44a7-97fc-f2262fb5fc75
2322,67785eab-0818-41f9-9756-a8e0a215b95b
2323,9926889a-7074-4e37-acce-1271fe6c5a6f
2324,5def6d00-daed-4d21-af9e-47938cf1877f
2325,dada8e80-2a53-41bf-9eac-f8c1f9971bed
2326,41de7eb8-be07-4822-ba85-b76e9b8d6e4e
2327,303c6ab0-21c3-4b09-ac77-d405936857d9
2328,28ad7c97-9fb3-4b1d-846a-654e529ab8ac
2329,103f7814-d262-4df6-a1b6-759bc51f76cb
2330,be80acfc-b6f2-4411-9b8d-b19d9cd2556a
2331,90d7dc07-3d66-4364-b6ff-c40a1fe1b849
2332,b0ac313d-de44-4344-ada6-76d2177b6d92
2333,f715be1d-5fc4-49d3-82a5-0b8090d12849
2334,70d9b308-f8f2-4a4f-b4d9-54b5c8648c05
2335,f82e10fc-392c-429e-bcc2-0b9ce5ee886f
2336,47ca0da1-cae5-4395-ae6b-fd97b9ff48d3
2337,fae27053-8924-4bfd-b565-c9fe502044c9
2338,09f2f811-a3fb-4de3-a70f-6420a6935575
2339,cdd8b6b2-2fd9-453c-8d62-8a1dc6efcd49
2340,bcfe38c7-7495-4cbc-894b-e321e3a30717
2341,2d154e1c-3860-4cce-8967-b354f030a8f8
2342,d669af41-756c-48d9-a286-1443253f54b1
2343,f5122357-c3f7-4f3e-b0cc-25173199d554
2344,c0a7e5ca-8be0-4fb2-89e2-4be65d53b119
2345,4cd85845-f31c-4306-994d-e12d45114d83
2346,2bc7884c-0d04-4ae9-a4e5-dccd77701ba3
2347,59ea80e1-463a-4dba-82c6-d0b6d577d532
2348,d8567009-7c6f-43fb-82fb-7154ed8ebca9
2349,0449bf39-a288-4ecc-823a-3d194be5e932
2350,7f2afce6-e98b-4bbe-8441-d52b45e28ab8
2351,60b44dab-03f1-46de-be08-0e5ba8662b3d
2352,4f1afd9d-77a7-40f8-a3c7-fe18b984ce43
2353,14764a75-3104-4875-ba1d-57c059b9b013
2354,d9eaf831-9348-4330-a83e-b7c099cdc8f6
2355,89314406-22ff-4199-bd52-53c7729392b6
2356,ab2e56f3-24f0-413b-a67b-291a67fc2d1f
2357,676807c0-348d-452e-8eab-40fb7b9e1594
2358,3f6dc31c-ceef-4e93-9d8a-b4b862cf9b51
2359,4babe92a-68a1-4718-b1ab-640735c2cd53
2360,baf501a8-f0fe-4ad7-9b69-8e920fa1a87b
2361,0415142d-6921-4f8d-832b-6271382b8193
2362,6c65bbce-15ce-447e-9666-0fe928f5588c
2363,6b6c1537-58c1-45e1-b4e4-f5193fb0a6dc
2364,7957b5f9-1f33-4ff8-84e9-e258b17882c2
2365,2e5c3901-cac5-46a0-ad5d-b98a34680513
2366,7803e87d-5df8-42c2-aaa7-7ebd557ffc5a
2367,65825c90-dd02-4533-8192-9195c18e1676
2368,d512d178-37a6-4eab-a660-412d2bb0824a
2369,0dc8813a-cebd-4a42-acc8-9a7c4e6e3663
2370,f0c3839a-e295-42b5-b986-b3960c90c79f
2371,d40d24bc-e531-417c-b8f5-cd22be702c28
2372,db9f6f5d-2177-4c49-bf97-8eb462536665
2373,bf318ffc-0b68-4915-80be-8c8b500d344c
2374,82423b5c-486f-42e7-b00e-7358757a8de5
2375,6e34b68e-0d61-49f2-bc4d-571c0326d857
2376,325e8546-a5bb-4bbe-be43-07df4cd2970e
2377,857e8624-4db0-4725-a758-5914bd8cc350
2378,9fd17276-f2c1-47a3-8a42-808134136630
2379,fabd4be5-c648-40f7-9706-f2d99f065119
2380,9a58cd26-58eb-4a1c-b1b6-64037fe9cfa1
2381,7557f0f4-b8bc-4ac0-b91e-222ab1ba744f
2382,9d2e926f-53d9-41f5-98f3-19dfaa687f3f
2383,790a335b-2005-4b8a-b6fe-47ff7701ebb7
2384,8af372fa-7b85-4bab-ab20-3f2eb980c400
2385,b70ab677-5781-40b5-9198-d98f4a34310f
2386,2284d858-5836-48c6-8c70-86bf2b62e462
2387,0295b2a4-fb86-495f-9547-d479532fc4c2
2388,6dbf93ce-2e5d-4116-a9f5-5468968d59f2
2389,c4b5eec1-2da9-4353-acd4-fbbf929123e2
2390,ba1b0441-a6b8-4e57-8ccc-871012f63e42
2391,dda26251-7331-41fd-871f-1106ca468189
2392,e54ff029-1ce9-447d-a5b2-eb7283a23e6e
2393,e3fbd312-a4b2-4bfb-a589-be28f134f1c1
2394,4873958e-12a4-4f3b-ab06-fb00652601c4
2395,0ebd8359-48bc-4b28-adb1-450774e5f683
2396,0ba0717c-3a7a-45a3-834c-59c554e56c72
2397,2d6d4784-0992-48e7-b100-22d7229b3f0a
2398,71f81e1a-e2ca-48d6-b7b8-7a34c56c51f8
2399,3a116ee0-19d4-49e9-a8f0-f2cd4f51c463
2400,ec410a76-f890-4012-8863-b82f2c75527c
2401,87635702-302f-47a5-8f3f-30c2cde8742a
2402,a196d64e-214a-4be3-9451-88eadb0498cd
2403,ae04aae5-968e-4b05-ae3a-a38d61964528
2404,1273b436-800b-49f5-91ad-82e22f5ebe57
2405,d2e66c64-ee69-4854-8978-b6d1210532e1
2406,415a2d8e-9923-4ace-818b-37cee1f5096a
2407,24e3d6ad-3357-4c6e-af8d-909f0e22f1bf
2408,4e6d2538-a48e-48a7-8dad-14b067cfcb8b
2409,334e3e49-fb02-4051-809a-f06adfdc1c40
2410,e23e81f5-18db-49aa-ad9b-b3d0fdcad1d2
2411,52838a25-11f5-4cb1-b4ab-c5c7d59041e8
2412,279e8cb1-b704-41b3-a1c9-60f130e303b4
2413,ec6bb2f9-7f46-43f3-a3ad-5233ae3986cd
2414,fce3268c-c944-4a5f-8b9c-034a72d5df13
2415,7f107a85-d6ac-410f-a995-d635c5aa418b
2416,c01b4549-3bc2-4640-8ecb-ef335fc4445c
2417,3ab7c355-94f2-4b07-ab1b-4dcb29745b0e
2418,bf79d407-559a-4ef3-a771-fde99da5beec
2419,1c3a0f83-8ee5-4693-9e3d-f1546a59a653
2420,9c66b182-96ec-43b3-8821-2aeb7df66f12
2421,867137fb-ff1b-4ca3-99f3-cb6969aa2c68
2422,080a3bf6-c8e8-481e-b97e-8fbc964ebab7
2423,0c8c1e58-1c48-4efc-9359-9a28f803c52d
2424,36e9c099-614e-44f1-ab0a-5e6fda4a0763
2425,7193cb6d-8334-494f-86e5-21e6d03a47c3
2426,a521903b-aa32-4954-9790-961b0df1261f
2427,c5e8abde-d2ba-4e8e-a65e-720b71180666
2428,7f18039d-dfae-471b-9daa-507f6b2d2842
2429,1f632076-fd9b-4b18-a9a2-b59a59181d3e
2430,538f8bc6-a5bf-422b-8112-5ad3fe9de9a0
2431,1a165a9b-2006-49e1-90b8-c0709933b4a3
2432,5da73370-f6b9-417d-a94c-09bf01f84aa2
2433,a0d79341-8398-4019-ad1b-27888ec35aaa
2434,04fe962b-4017-4eb7-9139-7d69b6922bc9
2435,4fbe3e87-6f12-4764-b6ea-dce1adf4547f
2436,bcc0db5f-c1e8-4f08-b68b-020396ef07b9
2437,7d10fcb2-b368-48ab-996b-7c9fafcf68ed
2438,82de2df7-0d6c-42b1-94ac-b3e9a029e917
2439,b34e2ba1-9080-48c9-9b42-ee9192a4d3f1
2440,54ddd422-5905-44db-93d4-03b17b913c5e
2441,9ab0a456-e4f6-4070-a360-46e1009b6c0d
2442,7a757fa5-9a6f-43ab-9e66-f8f4dba1ffcb
2443,c3fb1757-a529-4336-8898-4e96cd99f95f
2444,1c43679a-c6fc-4b42-bb8b-452a34ae9b73
2445,87a708d8-a14d-42ce-8f03-c8a199f999d5
2446,79c366d4-0316-4838-b72e-c3be4f90fbd3
2447,7ff2c668-0e86-418a-a962-4958262ee337
2448,3c6fe585-7d12-4315-b579-e30c042088ce
2449,25b291b5-8245-4d9d-b391-86a8a31d7109
2450,414332e4-8347-4771-b947-65bd3801a620
2451,1bc718b6-ed90-4a9d-9fa7-8cec928a4581
2452,1b70a55d-b8a4-49fc-96c6-15ab4cff2522
2453,4463a721-69f3-413d-8321-43e3af13a4f1
2454,415abd43-e8e5-4643-b5da-5f11307af57a
2455,8ff314a8-57d7-4b8c-bf41-79f9572fedd0
2456,16636767-c215-4cf0-b126-e144fea20926
2457,a46743b7-ff8c-49b6-99f7-7fa5bc241771
2458,cc69175e-c35d-4494-8844-e71385ccce4a
2459,e724205b-6b9a-45b4-b629-cd32a6c80b4f
2460,d31fab87-2a7d-485c-b699-2901ca294b15
2461,440f64e5-e66c-45ee-bc29-53c14a2ad720
2462,890e0046-184f-4b1d-a00c-41f6eb34481f
2463,31d35d3d-2bf2-49aa-9c20-92566ef80277
2464,6430eb0d-c6de-46b7-a7fc-3dd2e8e62a69
2465,f632251a-4078-4546-b19f-7ef528d08325
2466,70bc4cfe-16c8-4433-a873-15ea8620453e
2467,37055ceb-1234-4987-bc40-a3ccd59c5b26
2468,2c4e11ef-da18-4e19-816b-e6bc19e12424
2469,432ab648-aece-4237-969f-8bca94fe181c
2470,0af062de-eb43-41e9-9b96-249e2cd22d26
2471,db77825e-0f3e-47d0-abdb-356794484272
2472,b92758d4-4591-4df1-9ceb-f907aa71ebd9
2473,2f954283-4642-409a-8e9b-d6ae0a11b358
2474,f683ae1d-cb7c-4aa1-b9fe-205e1bd23535
2475,a4ec696c-ac73-4bd5-8a3c-09a783cf3944
2476,8d6a9e62-1e89-49df-8147-680081ce5315
2477,5b9cde20-f1b9-4adc-bfb3-dbf70b14138d
2478,65bfc98f-19d4-4b1d-aa17-037fc6500ae6
2479,71dde84c-0058-4c52-a556-523369333db8
2480,12a105f9-8288-48b5-91e3-ac886c5f77fe
2481,1e186b86-9ef9-405b-94d0-73593c5f6dc2
2482,51754b8a-3e2c-4cc1-86e6-cf510d9c6fe4
2483,c7b1e520-8921-46dd-b444-e0637323bb7f
2484,a99c6783-50c0-4f7a-99df-bf93429ef6dc
2485,234aeb8d-56c3-4531-9193-1c5e6a8d16cb
2486,75f839c2-fd9a-4ad3-8921-6e734608568d
2487,c643e59b-d74c-4f44-b76e-6e1d96c05ec4
2488,ae57a9c3-f761-4b03-be2b-99a781704c73
2489,5ef0c719-5bcb-49f8-b8eb-824388225333
2490,eb275d0d-64bb-49cb-a501-72aff776088f
2491,2b7a79e5-84d8-4880-be66-3d9bb05bea17
2492,3c4c3fa1-d638-42df-8e98-2a38021da6f9
2493,8b94aa1e-89c9-459d-b3b4-1dfab8dec2df
2494,55cc1f3f-69fc-46ec-b24a-9708f6bd92b4
2495,fcb5e5c1-69b4-46d7-b9e6-328a5381dd89
2496,206f5738-e91f-4390-84a2-fcb864bc11b1
2497,3c1af34b-4562-4c39-a30e-0812b84a147e
2498,5c221b93-667d-408b-a37b-bfeb2c94dd61
2499,c95c29fe-3971-46b7-80e9-1f7e75ba99b3
2500,1973c966-f236-40c9-b2d4-5d71a89019be
2501,a453d1fa-e494-4e39-96e5-bbc5c730d0d3
2502,cffc3e97-e942-4b13-a2f3-0bf4910c06d3
2503,541561bc-510c-4a99-881c-2d8bf5a85462
2504,e54dc9c5-0f7f-4503-9776-efff47902602
2505,74374d09-7a54-4a05-ae78-d5940423de7c
2506,325ef602-74c0-4944-9cc2-95c9af86857b
2507,0ec5d049-5269-458b-8f02-15a597f320a4
2508,78a45d6e-8785-4016-984f-b54cba6c3ae8
2509,7f8d7116-6d80-49eb-86b1-8327aa15ac5f
2510,81633a44-f1db-4a01-a940-804c6905e330
2511,172020d1-e151-445b-8173-e2a5fb16fe51
2512,8369c2d6-c100-4cf6-bd83-9668d8678433
2513,d40fb05b-5a5a-4a38-9e47-9560349860fb
2514,b1a1149a-9bc5-468d-9d09-f6d171cfd619
2515,0fb63e16-f674-4b96-9954-b9d63b666650
2516,dcdd5ddf-82a6-4ac3-8edc-d4b23cae9a88
2517,bbf58b2f-8c32-42b8-ad01-91c5ab5eeaea
2518,86836c4d-5ed7-4dea-83d1-64d3927f3547
2519,641bc86f-42ca-44e9-af8b-4f9e1f284e41
2520,13bdd41a-2a18-441f-96db-41252c519413
2521,348b74cd-49ce-4844-8bdf-ec188b497213
2522,4ee4ed1d-dc38-48e0-a9e6-a6b64f316ea6
2523,995f7d9c-45c9-4622-b704-739982ff9070
2524,6122d586-5978-431f-8e7a-96e61fc1f3fc
2525,07e1799a-82c2-4877-9b43-1499812c5619
2526,1605025e-a179-421f-8f35-5b07d182a6b2
2527,93e65de1-923c-437e-aa5b-e6002967ce71
2528,69bbd53f-fbb0-4476-b4b2-ef7844464e28
2529,f84a433f-34f1-4083-b0a3-24802623509c
2530,530cb489-d900-46ab-9350-4d50ccd49eea
2531,b16bcbcb-1d3f-42b3-a6a5-b91348a72b70
2532,77390acd-7cf6-4cb2-895a-16bc6b6d2058
2533,bed97655-cb0c-4f05-bfd7-9a79d058619d
2534,25fb676a-cf69-487d-a9c1-273c6f291b6a
2535,3b8d148d-dec4-459e-a0ad-431dccbaa976
2536,6d289e8b-2cc1-4eda-ab1f-ad1090ef98f0
2537,6543eef3-d05e-4e97-a7dc-379398a1a798
2538,156f8c5b-894a-4ccc-a70e-37a2726f3f00
2539,4fa2d6ba-4fff-4f21-bddd-4a54ae840955
2540,40f95147-6453-4ab5-85b7-f1a7ad86f8a1
2541,b55f61a4-5f9e-4741-ba95-9ac04b64119b
2542,54936e0e-2e1c-4b04-b73d-720b85a3f907
2543,eba85523-6ad2-4cd9-9b27-a0b6a39b8cfa
2544,0e355580-bd4a-465a-8058-92984623070e
2545,174fd014-d6fc-4c27-b7f3-88b911823c18
2546,89d2bb53-67fc-4b9e-80c7-07b6c587bc0d
2547,e9ea388a-5e61-451b-aac9-f9080def9374
2548,929a997b-d56c-4383-b36d-6de9fa0e1721
2549,12154830-df49-42d6-95b3-6f83f29733d5
2550,65030093-f22d-486e-a978-ae7825829af1
2551,ecea634c-1622-47c6-a394-253d868d62e7
2552,28ca2f0b-9fb2-487a-9f10-9688e5191ec4
2553,8696aff0-18c0-4ba6-a4d0-9a21861b3e5e
2554,6042ba76-e5c9-4b64-b61d-cc96be8dc562
2555,c24f8b78-95c2-4dd0-8314-0cddaeba0399
2556,c438aa25-949e-47e6-a79c-a805d774946e
2557,64db87c7-2360-4e20-88d3-d222402e477c
2558,cdd2b6cc-b4a9-42a0-824b-766f52176fd3
2559,03589d0d-a6f0-4d68-b5eb-dafbc6833efe
2560,cbd9cd0f-6c22-4bbc-8af2-dc9c7f5efcb5
2561,ef69c0d3-0203-4de5-848f-9329c7fe8440
2562,7f18c3a2-f1ce-4db2-a354-9417691b5a43
2563,f8cfab53-c7f7-465d-9eca-d2a28e4dc708
2564,0ee7b0d6-db98-4785-9948-f2ef415d155a
2565,78b1de70-0930-462f-9a7e-bf9b4135e1e2
2566,c3c2420c-ce9a-4371-8eed-1db479c3a562
2567,941364b9-1375-4add-9889-d67bae99bc8c
2568,68949f17-32a2-469e-b874-2fe7ac1cef34
2569,e6e5c6b7-4e2e-47bd-a01f-917334e81d2c
2570,918f5211-b99f-4b29-9a34-6e475583ef55
2571,449d119b-2d66-43a9-9230-7d27f16afbb6
2572,3f4dab51-572b-4e2c-85ef-3b4c3f7094e1
2573,46454506-fb7c-4ad7-84e0-d4a6a5589ea1
2574,76654176-5cc8-4cb3-b307-4ef1b6c2543c
