role_id,masco_code,role_title,locale,role_standard,crosswalk_status,crosswalk_confidence,mapped_masco2020_code,mapped_masco2020_title,global_sources,global_match_count,global_anchor_count,question_count,linked_open_qa_count,role_source_url,role_license_status
M111201,111201,Senior Government Officials,en-MY,MASCO 2020,excluded,not_established,,,ESCO 1.2.1; NOC 2021 Version 1.0,2,11,12,0,https://www.dosm.gov.my/uploads/content-downloads/file_20220920110308.pdf,official_source_rights_review_required_for_external_bulk_redistribution
M112104,112104,Chief Technical Officer,en-MY,MASCO 2020,retained,high,112104,Chief Technical Officer,ESCO 1.2.1; O*NET 31.0; OSCA 2024 Version 1.0,3,14,12,0,https://www.dosm.gov.my/uploads/content-downloads/file_20220920110308.pdf#page=317,official_source_rights_review_required_for_external_bulk_redistribution
M121101,121101,Budgeting/Financial Accounting Manager,en-MY,MASCO 2020,retained,medium,121104,Budget Manager,ESCO 1.2.1; O*NET 31.0; NOC 2021 Version 1.0,3,14,12,0,https://www.dosm.gov.my/uploads/content-downloads/file_20220920110308.pdf#page=318,official_source_rights_review_required_for_external_bulk_redistribution
M121102,121102,Audit and Risk Management Manager,en-MY,MASCO 2020,retained,high,121106,Audit and Risk Management Manager,ESCO 1.2.1,1,6,12,0,https://www.dosm.gov.my/uploads/content-downloads/file_20220920110308.pdf#page=318,official_source_rights_review_required_for_external_bulk_redistribution
M121103,121103,Credit Manager,en-MY,MASCO 2020,retained,high,121107,Credit Manager,ESCO 1.2.1; OSCA 2024 Version 1.0,2,10,12,0,https://www.dosm.gov.my/uploads/content-downloads/file_20220920110308.pdf#page=318,official_source_rights_review_required_for_external_bulk_redistribution
M121104,121104,Insurance Manager,en-MY,MASCO 2020,retained,high,121108,Insurance Manager,ESCO 1.2.1,1,6,12,0,https://www.dosm.gov.my/uploads/content-downloads/file_20220920110308.pdf#page=318,official_source_rights_review_required_for_external_bulk_redistribution
M121105,121105,Fund/Portfolio Manager,en-MY,MASCO 2020,retained,medium,121109,Fund Manager,ESCO 1.2.1; O*NET 31.0,2,13,12,0,https://www.dosm.gov.my/uploads/content-downloads/file_20220920110308.pdf#page=318,official_source_rights_review_required_for_external_bulk_redistribution
M121107,121107,Tax Manager,en-MY,MASCO 2020,retained,high,121114,Tax Manager,ESCO 1.2.1,1,6,12,0,https://www.dosm.gov.my/uploads/content-downloads/file_20220920110308.pdf#page=318,official_source_rights_review_required_for_external_bulk_redistribution
M121108,121108,Claims Manager,en-MY,MASCO 2020,retained,high,121115,Claim Manager,ESCO 1.2.1,1,6,12,0,https://www.dosm.gov.my/uploads/content-downloads/file_20220920110308.pdf#page=318,official_source_rights_review_required_for_external_bulk_redistribution
M121109,121109,Actuarial Valuation Manager,en-MY,MASCO 2020,retained,high,121123,Actuarial Valuation Manager,ESCO 1.2.1,1,6,12,0,https://www.dosm.gov.my/uploads/content-downloads/file_20220920110308.pdf#page=318,official_source_rights_review_required_for_external_bulk_redistribution
M121111,121111,Transfer Pricing Manager,en-MY,MASCO 2020,excluded,not_established,,,ESCO 1.2.1,1,6,12,0,https://www.dosm.gov.my/uploads/content-downloads/file_20220920110308.pdf,official_source_rights_review_required_for_external_bulk_redistribution
M121202,121202,Occupational Safety and Health Manager,en-MY,MASCO 2020,retained,high,121205,Occupational Safety and Health Manager,ESCO 1.2.1; O*NET 31.0; NOC 2021 Version 1.0; OSCA 2024 Version 1.0,4,14,12,0,https://www.dosm.gov.my/uploads/content-downloads/file_20220920110308.pdf#page=318,official_source_rights_review_required_for_external_bulk_redistribution
M121404,121404,Supply Chain and Logistics Management Manager,en-MY,MASCO 2020,retained,medium,121411,Supply Chain Manager,ESCO 1.2.1; O*NET 31.0,2,13,12,0,https://www.dosm.gov.my/uploads/content-downloads/file_20220920110308.pdf#page=319,official_source_rights_review_required_for_external_bulk_redistribution
M121408,121408,Technology Manager,en-MY,MASCO 2020,retained,high,121416,Technology Manager,ESCO 1.2.1; O*NET 31.0,2,13,12,0,https://www.dosm.gov.my/uploads/content-downloads/file_20220920110308.pdf#page=319,official_source_rights_review_required_for_external_bulk_redistribution
M121409,121409,Chief Business Officer,en-MY,MASCO 2020,excluded,not_established,,,ESCO 1.2.1; O*NET 31.0; OSCA 2024 Version 1.0,3,14,12,0,https://www.dosm.gov.my/uploads/content-downloads/file_20220920110308.pdf,official_source_rights_review_required_for_external_bulk_redistribution
M122301,122301,Research and Development Manager,en-MY,MASCO 2020,retained,high,122301,Research and Development Manager,ESCO 1.2.1; O*NET 31.0; OSCA 2024 Version 1.0,3,14,12,0,https://www.dosm.gov.my/uploads/content-downloads/file_20220920110308.pdf#page=320,official_source_rights_review_required_for_external_bulk_redistribution
M131101,131101,Forestry Manager,en-MY,MASCO 2020,retained,high,131102,Forestry Manager,ESCO 1.2.1,1,6,12,0,https://www.dosm.gov.my/uploads/content-downloads/file_20220920110308.pdf#page=320,official_source_rights_review_required_for_external_bulk_redistribution
M131102,131102,Agricultural Manager,en-MY,MASCO 2020,retained,high,131106,Agricultural Manager,ESCO 1.2.1; O*NET 31.0,2,13,12,0,https://www.dosm.gov.my/uploads/content-downloads/file_20220920110308.pdf#page=320,official_source_rights_review_required_for_external_bulk_redistribution
M131103,131103,Veterinary Manager,en-MY,MASCO 2020,retained,high,131111,Veterinary Manager,ESCO 1.2.1; OSCA 2024 Version 1.0,2,10,12,0,https://www.dosm.gov.my/uploads/content-downloads/file_20220920110308.pdf#page=320,official_source_rights_review_required_for_external_bulk_redistribution
M131104,131104,Field Manager (Grass),en-MY,MASCO 2020,retained,high,131114,"Field Manager, Grass",ESCO 1.2.1,1,6,12,0,https://www.dosm.gov.my/uploads/content-downloads/file_20220920110308.pdf#page=320,official_source_rights_review_required_for_external_bulk_redistribution
M131201,131201,Aquaculture and Fisheries Production/Operation Manager,en-MY,MASCO 2020,retained,medium,131202,"Production and Operation Manager, Fishery",ESCO 1.2.1,1,6,12,0,https://www.dosm.gov.my/uploads/content-downloads/file_20220920110308.pdf#page=320,official_source_rights_review_required_for_external_bulk_redistribution
M132101,132101,Manufacturing Manager,en-MY,MASCO 2020,retained,high,132101,Manufacturing Manager,ESCO 1.2.1; NOC 2021 Version 1.0; OSCA 2024 Version 1.0,3,14,12,0,https://www.dosm.gov.my/uploads/content-downloads/file_20220920110308.pdf#page=320,official_source_rights_review_required_for_external_bulk_redistribution
M132102,132102,Electrical Manager,en-MY,MASCO 2020,retained,high,132104,Electrical Manager,ESCO 1.2.1,1,6,12,0,https://www.dosm.gov.my/uploads/content-downloads/file_20220920110308.pdf#page=321,official_source_rights_review_required_for_external_bulk_redistribution
M132103,132103,Energy Manager,en-MY,MASCO 2020,retained,high,132105,Energy Manager,ESCO 1.2.1; O*NET 31.0,2,13,12,0,https://www.dosm.gov.my/uploads/content-downloads/file_20220920110308.pdf#page=321,official_source_rights_review_required_for_external_bulk_redistribution
M132104,132104,Production Manager (Manufacturing),en-MY,MASCO 2020,retained,medium,132102,"Production and Operation Manager, Manufacturing",ESCO 1.2.1; O*NET 31.0; NOC 2021 Version 1.0; OSCA 2024 Version 1.0,4,14,12,0,https://www.dosm.gov.my/uploads/content-downloads/file_20220920110308.pdf#page=320,official_source_rights_review_required_for_external_bulk_redistribution
M132105,132105,Ship Hull Manager,en-MY,MASCO 2020,retained,high,132108,Ship Hull Manager,ESCO 1.2.1,1,6,12,0,https://www.dosm.gov.my/uploads/content-downloads/file_20220920110308.pdf#page=321,official_source_rights_review_required_for_external_bulk_redistribution
M132106,132106,Mechanical Manager,en-MY,MASCO 2020,retained,high,132109,Mechanical Manager,ESCO 1.2.1,1,6,12,0,https://www.dosm.gov.my/uploads/content-downloads/file_20220920110308.pdf#page=321,official_source_rights_review_required_for_external_bulk_redistribution
M132107,132107,Welding Manager,en-MY,MASCO 2020,retained,high,132110,Welding Manager,ESCO 1.2.1,1,6,12,0,https://www.dosm.gov.my/uploads/content-downloads/file_20220920110308.pdf#page=321,official_source_rights_review_required_for_external_bulk_redistribution
M132108,132108,Oil Mill Manager,en-MY,MASCO 2020,retained,high,132111,Oil Mill Manager,ESCO 1.2.1,1,6,12,0,https://www.dosm.gov.my/uploads/content-downloads/file_20220920110308.pdf#page=321,official_source_rights_review_required_for_external_bulk_redistribution
M132109,132109,Manager (Halal Food Manufacturing),en-MY,MASCO 2020,retained,high,132112,"Manager, Halal Food Manufacturing",ESCO 1.2.1; NOC 2021 Version 1.0,2,11,12,0,https://www.dosm.gov.my/uploads/content-downloads/file_20220920110308.pdf#page=321,official_source_rights_review_required_for_external_bulk_redistribution
M132111,132111,Power Generation Plant Manager,en-MY,MASCO 2020,retained,high,132126,Power Generation Plant Manager,ESCO 1.2.1; O*NET 31.0; OSCA 2024 Version 1.0,3,14,12,0,https://www.dosm.gov.my/uploads/content-downloads/file_20220920110308.pdf#page=321,official_source_rights_review_required_for_external_bulk_redistribution
M132201,132201,Production and Operation Manager (Mine),en-MY,MASCO 2020,retained,high,132201,"Production and Operation Manager, Mine",ESCO 1.2.1,1,6,12,0,https://www.dosm.gov.my/uploads/content-downloads/file_20220920110308.pdf#page=321,official_source_rights_review_required_for_external_bulk_redistribution
M132202,132202,Production and Operation Manager (Oil and Gas Extraction),en-MY,MASCO 2020,retained,high,132203,"Production and Operation Manager, Oil and Gas Extraction",ESCO 1.2.1,1,6,12,0,https://www.dosm.gov.my/uploads/content-downloads/file_20220920110308.pdf#page=321,official_source_rights_review_required_for_external_bulk_redistribution
M132203,132203,Offshore Installation Manager,en-MY,MASCO 2020,retained,high,132207,Offshore Installation Manager,ESCO 1.2.1,1,6,12,0,https://www.dosm.gov.my/uploads/content-downloads/file_20220920110308.pdf#page=321,official_source_rights_review_required_for_external_bulk_redistribution
M132205,132205,Metallurgy Manager,en-MY,MASCO 2020,retained,high,132210,"Manager, Metallurgy",ESCO 1.2.1,1,6,12,0,https://www.dosm.gov.my/uploads/content-downloads/file_20220920110308.pdf#page=321,official_source_rights_review_required_for_external_bulk_redistribution
M132301,132301,Construction Manager,en-MY,MASCO 2020,retained,high,132301,Construction Manager,ESCO 1.2.1; O*NET 31.0; NOC 2021 Version 1.0; OSCA 2024 Version 1.0,4,14,12,0,https://www.dosm.gov.my/uploads/content-downloads/file_20220920110308.pdf#page=321,official_source_rights_review_required_for_external_bulk_redistribution
M132302,132302,Building and Architecture Manager,en-MY,MASCO 2020,retained,high,132310,Building and Architecture Manager,ESCO 1.2.1; NOC 2021 Version 1.0,2,11,12,0,https://www.dosm.gov.my/uploads/content-downloads/file_20220920110308.pdf#page=321,official_source_rights_review_required_for_external_bulk_redistribution
M132303,132303,Land Surveyor Manager,en-MY,MASCO 2020,retained,high,132311,Land Surveyor Manager,ESCO 1.2.1; NOC 2021 Version 1.0; OSCA 2024 Version 1.0,3,14,12,0,https://www.dosm.gov.my/uploads/content-downloads/file_20220920110308.pdf#page=321,official_source_rights_review_required_for_external_bulk_redistribution
M132401,132401,Railway Station Master,en-MY,MASCO 2020,retained,high,132401,Railway Station Master,ESCO 1.2.1; OSCA 2024 Version 1.0,2,10,12,0,https://www.dosm.gov.my/uploads/content-downloads/file_20220920110308.pdf#page=322,official_source_rights_review_required_for_external_bulk_redistribution
M132402,132402,Transport Manager,en-MY,MASCO 2020,retained,high,132402,Transport Manager,ESCO 1.2.1; OSCA 2024 Version 1.0,2,10,12,0,https://www.dosm.gov.my/uploads/content-downloads/file_20220920110308.pdf#page=322,official_source_rights_review_required_for_external_bulk_redistribution
M132404,132404,Port/Shipping Operations Manager,en-MY,MASCO 2020,retained,medium,132414,Shipping Manager,ESCO 1.2.1,1,6,12,0,https://www.dosm.gov.my/uploads/content-downloads/file_20220920110308.pdf#page=322,official_source_rights_review_required_for_external_bulk_redistribution
M132405,132405,Halal Logistics Operation Manager,en-MY,MASCO 2020,retained,high,132416,"Manager, Halal Logistics Operation",ESCO 1.2.1,1,6,12,0,https://www.dosm.gov.my/uploads/content-downloads/file_20220920110308.pdf#page=322,official_source_rights_review_required_for_external_bulk_redistribution
M151101,151101,Chief Information Officer/Chief Data Officer/Chief Information Security Officer,en-MY,MASCO 2020,retained,medium,151101,Chief Information Officer,ESCO 1.2.1; OSCA 2024 Version 1.0,2,10,12,8,https://www.dosm.gov.my/uploads/content-downloads/file_20220920110308.pdf#page=323,official_source_rights_review_required_for_external_bulk_redistribution
M151102,151102,Information Systems Manager,en-MY,MASCO 2020,retained,high,151106,Information Systems Manager,ESCO 1.2.1; O*NET 31.0; NOC 2021 Version 1.0; OSCA 2024 Version 1.0,4,14,12,0,https://www.dosm.gov.my/uploads/content-downloads/file_20220920110308.pdf#page=323,official_source_rights_review_required_for_external_bulk_redistribution
M151103,151103,Village Community Center Manager (Information Technology),en-MY,MASCO 2020,retained,medium,151108,Village Community Center Manager,ESCO 1.2.1,1,6,12,8,https://www.dosm.gov.my/uploads/content-downloads/file_20220920110308.pdf#page=323,official_source_rights_review_required_for_external_bulk_redistribution
M151104,151104,Internet Service Provider,en-MY,MASCO 2020,retained,high,151116,Internet Service Provider,ESCO 1.2.1,1,6,12,0,https://www.dosm.gov.my/uploads/content-downloads/file_20220920110308.pdf#page=323,official_source_rights_review_required_for_external_bulk_redistribution
M151105,151105,Network/Communications/Infrastructure Manager,en-MY,MASCO 2020,retained,medium,151117,Network Manager,ESCO 1.2.1,1,6,12,0,https://www.dosm.gov.my/uploads/content-downloads/file_20220920110308.pdf#page=323,official_source_rights_review_required_for_external_bulk_redistribution
M151106,151106,Audio Visual Manager,en-MY,MASCO 2020,retained,high,151119,Audio Visual Manager,ESCO 1.2.1,1,6,12,0,https://www.dosm.gov.my/uploads/content-downloads/file_20220920110308.pdf#page=323,official_source_rights_review_required_for_external_bulk_redistribution
M151107,151107,Information Technology Project Manager,en-MY,MASCO 2020,retained,high,151122,Information Technology Project Manager,ESCO 1.2.1; O*NET 31.0,2,13,12,8,https://www.dosm.gov.my/uploads/content-downloads/file_20220920110308.pdf#page=323,official_source_rights_review_required_for_external_bulk_redistribution
M151108,151108,Information Technology Programme Manager,en-MY,MASCO 2020,retained,high,151124,Information Technology Programme Manager,ESCO 1.2.1; O*NET 31.0,2,13,12,8,https://www.dosm.gov.my/uploads/content-downloads/file_20220920110308.pdf#page=323,official_source_rights_review_required_for_external_bulk_redistribution
M151109,151109,Bioinformatics Manager,en-MY,MASCO 2020,retained,high,151127,Bioinformatics Manager,ESCO 1.2.1,1,6,12,0,https://www.dosm.gov.my/uploads/content-downloads/file_20220920110308.pdf#page=323,official_source_rights_review_required_for_external_bulk_redistribution
M151110,151110,Creative Multimedia Manager,en-MY,MASCO 2020,retained,high,151128,Creative Multimedia Manager,ESCO 1.2.1,1,6,12,0,https://www.dosm.gov.my/uploads/content-downloads/file_20220920110308.pdf#page=323,official_source_rights_review_required_for_external_bulk_redistribution
M151111,151111,Network Operations Manager,en-MY,MASCO 2020,retained,high,151130,Network Operations Manager,ESCO 1.2.1; O*NET 31.0; OSCA 2024 Version 1.0,3,14,12,0,https://www.dosm.gov.my/uploads/content-downloads/file_20220920110308.pdf#page=323,official_source_rights_review_required_for_external_bulk_redistribution
M151112,151112,Information Technology Business Development Manager,en-MY,MASCO 2020,retained,high,151132,Information Technology Business Development Manager,ESCO 1.2.1; O*NET 31.0; OSCA 2024 Version 1.0,3,14,12,8,https://www.dosm.gov.my/uploads/content-downloads/file_20220920110308.pdf#page=323,official_source_rights_review_required_for_external_bulk_redistribution
M151113,151113,Software and Applications Manager,en-MY,MASCO 2020,retained,medium,151112,Application Development Manager,ESCO 1.2.1,1,6,12,8,https://www.dosm.gov.my/uploads/content-downloads/file_20220920110308.pdf#page=323,official_source_rights_review_required_for_external_bulk_redistribution
M151118,151118,Data Manager,en-MY,MASCO 2020,retained,medium,151113,Data Operations Manager,ESCO 1.2.1; O*NET 31.0,2,13,12,0,https://www.dosm.gov.my/uploads/content-downloads/file_20220920110308.pdf#page=323,official_source_rights_review_required_for_external_bulk_redistribution
M161201,161201,Phytonutrients Manager,en-MY,MASCO 2020,retained,high,161210,Phytonutrients Manager,ESCO 1.2.1,1,6,12,0,https://www.dosm.gov.my/uploads/content-downloads/file_20220920110308.pdf#page=324,official_source_rights_review_required_for_external_bulk_redistribution
M161202,161202,Health Educator,en-MY,MASCO 2020,retained,high,161211,Health Educator,ESCO 1.2.1,1,6,12,0,https://www.dosm.gov.my/uploads/content-downloads/file_20220920110308.pdf#page=324,official_source_rights_review_required_for_external_bulk_redistribution
M161203,161203,Chief Nurse,en-MY,MASCO 2020,retained,medium,161202,"Director, Nursing",ESCO 1.2.1,1,6,12,0,https://www.dosm.gov.my/uploads/content-downloads/file_20220920110308.pdf#page=324,official_source_rights_review_required_for_external_bulk_redistribution
M211101,211101,Physicist,en-MY,MASCO 2020,retained,high,211101,Physicist,ESCO 1.2.1; O*NET 31.0; OSCA 2024 Version 1.0,3,14,12,0,https://www.dosm.gov.my/uploads/content-downloads/file_20220920110308.pdf#page=326,official_source_rights_review_required_for_external_bulk_redistribution
M211102,211102,Astronaut,en-MY,MASCO 2020,retained,high,211129,Astronaut,ESCO 1.2.1,1,6,12,0,https://www.dosm.gov.my/uploads/content-downloads/file_20220920110308.pdf#page=327,official_source_rights_review_required_for_external_bulk_redistribution
M211201,211201,Meteorologist,en-MY,MASCO 2020,retained,high,211202,Meteorologist,ESCO 1.2.1; OSCA 2024 Version 1.0,2,10,12,0,https://www.dosm.gov.my/uploads/content-downloads/file_20220920110308.pdf#page=327,official_source_rights_review_required_for_external_bulk_redistribution
M211202,211202,Meteorologist (Environmental),en-MY,MASCO 2020,retained,high,211210,"Meteorologist, Environmental",ESCO 1.2.1,1,6,12,0,https://www.dosm.gov.my/uploads/content-downloads/file_20220920110308.pdf#page=327,official_source_rights_review_required_for_external_bulk_redistribution
M211203,211203,Meteorologist (Numerical Weather Prediction Modelling),en-MY,MASCO 2020,retained,high,211211,"Meteorologist, Numerical Weather Prediction Modeling",ESCO 1.2.1,1,6,12,0,https://www.dosm.gov.my/uploads/content-downloads/file_20220920110308.pdf#page=327,official_source_rights_review_required_for_external_bulk_redistribution
M211204,211204,Meteorological Officer Grade C9,en-MY,MASCO 2020,retained,high,211201,Meteorological Officer Grade C41,ESCO 1.2.1,1,6,12,0,https://www.dosm.gov.my/uploads/content-downloads/file_20220920110308.pdf#page=327,official_source_rights_review_required_for_external_bulk_redistribution
M211301,211301,Chemist,en-MY,MASCO 2020,retained,high,211302,Chemist,ESCO 1.2.1; O*NET 31.0; NOC 2021 Version 1.0; OSCA 2024 Version 1.0,4,14,12,0,https://www.dosm.gov.my/uploads/content-downloads/file_20220920110308.pdf#page=327,official_source_rights_review_required_for_external_bulk_redistribution
M211401,211401,Geologist,en-MY,MASCO 2020,retained,high,211402,Geologist,ESCO 1.2.1; OSCA 2024 Version 1.0,2,10,12,0,https://www.dosm.gov.my/uploads/content-downloads/file_20220920110308.pdf#page=328,official_source_rights_review_required_for_external_bulk_redistribution
M211402,211402,Hydrologist,en-MY,MASCO 2020,retained,high,211424,Hydrologist,ESCO 1.2.1; O*NET 31.0; OSCA 2024 Version 1.0,3,14,12,0,https://www.dosm.gov.my/uploads/content-downloads/file_20220920110308.pdf#page=328,official_source_rights_review_required_for_external_bulk_redistribution
M211403,211403,Geoscientist,en-MY,MASCO 2020,retained,high,211432,Geoscientist,ESCO 1.2.1,1,6,12,0,https://www.dosm.gov.my/uploads/content-downloads/file_20220920110308.pdf#page=328,official_source_rights_review_required_for_external_bulk_redistribution
M212101,212101,Mathematician,en-MY,MASCO 2020,retained,high,212102,Mathematician,ESCO 1.2.1; O*NET 31.0; OSCA 2024 Version 1.0,3,14,12,0,https://www.dosm.gov.my/uploads/content-downloads/file_20220920110308.pdf#page=329,official_source_rights_review_required_for_external_bulk_redistribution
M212102,212102,Statistician,en-MY,MASCO 2020,retained,medium,212106,"Statistician, Applied Statistics",ESCO 1.2.1; O*NET 31.0; OSCA 2024 Version 1.0,3,14,12,8,https://www.dosm.gov.my/uploads/content-downloads/file_20220920110308.pdf#page=329,official_source_rights_review_required_for_external_bulk_redistribution
M212103,212103,Actuary,en-MY,MASCO 2020,retained,medium,212112,Pricing Actuarie,ESCO 1.2.1; O*NET 31.0; OSCA 2024 Version 1.0,3,14,12,0,https://www.dosm.gov.my/uploads/content-downloads/file_20220920110308.pdf#page=329,official_source_rights_review_required_for_external_bulk_redistribution
M212104,212104,Metrologist,en-MY,MASCO 2020,retained,high,212115,Metrologist,ESCO 1.2.1,1,6,12,0,https://www.dosm.gov.my/uploads/content-downloads/file_20220920110308.pdf#page=329,official_source_rights_review_required_for_external_bulk_redistribution
M212105,212105,Statistician Grade E9,en-MY,MASCO 2020,retained,high,212101,Statistician Grade E41,ESCO 1.2.1,1,6,12,8,https://www.dosm.gov.my/uploads/content-downloads/file_20220920110308.pdf#page=328,official_source_rights_review_required_for_external_bulk_redistribution
M213101,213101,Microbiologist,en-MY,MASCO 2020,retained,high,213103,Microbiologist,ESCO 1.2.1; O*NET 31.0; OSCA 2024 Version 1.0,3,14,12,0,https://www.dosm.gov.my/uploads/content-downloads/file_20220920110308.pdf#page=329,official_source_rights_review_required_for_external_bulk_redistribution
M213102,213102,Serologist,en-MY,MASCO 2020,retained,high,213104,Serologist,ESCO 1.2.1,1,6,12,0,https://www.dosm.gov.my/uploads/content-downloads/file_20220920110308.pdf#page=329,official_source_rights_review_required_for_external_bulk_redistribution
M213103,213103,Biologist,en-MY,MASCO 2020,retained,high,213108,Biologist,ESCO 1.2.1; O*NET 31.0,2,13,12,0,https://www.dosm.gov.my/uploads/content-downloads/file_20220920110308.pdf#page=329,official_source_rights_review_required_for_external_bulk_redistribution
M213104,213104,Cytologist,en-MY,MASCO 2020,retained,high,213117,Cystologist,ESCO 1.2.1,1,6,12,0,https://www.dosm.gov.my/uploads/content-downloads/file_20220920110308.pdf#page=329,official_source_rights_review_required_for_external_bulk_redistribution
M213105,213105,Botanist,en-MY,MASCO 2020,retained,high,213120,Botanist,ESCO 1.2.1; OSCA 2024 Version 1.0,2,10,12,0,https://www.dosm.gov.my/uploads/content-downloads/file_20220920110308.pdf#page=329,official_source_rights_review_required_for_external_bulk_redistribution
M213106,213106,Ecologist,en-MY,MASCO 2020,retained,high,213151,Ecologist,ESCO 1.2.1; OSCA 2024 Version 1.0,2,10,12,0,https://www.dosm.gov.my/uploads/content-downloads/file_20220920110308.pdf#page=330,official_source_rights_review_required_for_external_bulk_redistribution
M213107,213107,Wildlife Officer Grade G9,en-MY,MASCO 2020,retained,high,213101,Wildlife Officer Grade G41,ESCO 1.2.1,1,6,12,0,https://www.dosm.gov.my/uploads/content-downloads/file_20220920110308.pdf#page=329,official_source_rights_review_required_for_external_bulk_redistribution
M213201,213201,Agricultural Officer,en-MY,MASCO 2020,retained,high,213205,Agricultural Officer,ESCO 1.2.1,1,6,12,0,https://www.dosm.gov.my/uploads/content-downloads/file_20220920110308.pdf#page=330,official_source_rights_review_required_for_external_bulk_redistribution
M213202,213202,Farm Demonstrator,en-MY,MASCO 2020,retained,high,213209,Farm Demonstrator,ESCO 1.2.1,1,6,12,0,https://www.dosm.gov.my/uploads/content-downloads/file_20220920110308.pdf#page=330,official_source_rights_review_required_for_external_bulk_redistribution
M213203,213203,Forestry Officer,en-MY,MASCO 2020,retained,high,213210,Forestry Officer,ESCO 1.2.1,1,6,12,0,https://www.dosm.gov.my/uploads/content-downloads/file_20220920110308.pdf#page=330,official_source_rights_review_required_for_external_bulk_redistribution
M213204,213204,Aquaculture Executive,en-MY,MASCO 2020,retained,high,213214,Aquaculture Executive,ESCO 1.2.1,1,6,12,0,https://www.dosm.gov.my/uploads/content-downloads/file_20220920110308.pdf#page=330,official_source_rights_review_required_for_external_bulk_redistribution
M213206,213206,Conservator of Forests Grade G9,en-MY,MASCO 2020,retained,high,213202,Conservator of Forests Grade G41,ESCO 1.2.1,1,6,12,0,https://www.dosm.gov.my/uploads/content-downloads/file_20220920110308.pdf#page=330,official_source_rights_review_required_for_external_bulk_redistribution
M213207,213207,Agricultural Officer Grade G9,en-MY,MASCO 2020,retained,high,213203,Agricultural Officer Grade G41,ESCO 1.2.1,1,6,12,0,https://www.dosm.gov.my/uploads/content-downloads/file_20220920110308.pdf#page=330,official_source_rights_review_required_for_external_bulk_redistribution
M213208,213208,Land Planning Officer Grade G9,en-MY,MASCO 2020,retained,high,213204,Land Planning Officer Grade G41,ESCO 1.2.1,1,6,12,0,https://www.dosm.gov.my/uploads/content-downloads/file_20220920110308.pdf#page=330,official_source_rights_review_required_for_external_bulk_redistribution
M213301,213301,Agronomist,en-MY,MASCO 2020,retained,high,213302,Agronomist,ESCO 1.2.1; OSCA 2024 Version 1.0,2,10,12,0,https://www.dosm.gov.my/uploads/content-downloads/file_20220920110308.pdf#page=330,official_source_rights_review_required_for_external_bulk_redistribution
M213302,213302,Agricultural Scientist,en-MY,MASCO 2020,retained,high,213304,Agricultural Scientist,ESCO 1.2.1; OSCA 2024 Version 1.0,2,10,12,0,https://www.dosm.gov.my/uploads/content-downloads/file_20220920110308.pdf#page=330,official_source_rights_review_required_for_external_bulk_redistribution
M213303,213303,Floriculturist,en-MY,MASCO 2020,retained,high,213305,Floriculturist,ESCO 1.2.1,1,6,12,0,https://www.dosm.gov.my/uploads/content-downloads/file_20220920110308.pdf#page=330,official_source_rights_review_required_for_external_bulk_redistribution
M213304,213304,Horticulturist/Arborist,en-MY,MASCO 2020,retained,medium,213306,Horticulturist,ESCO 1.2.1,1,6,12,0,https://www.dosm.gov.my/uploads/content-downloads/file_20220920110308.pdf#page=330,official_source_rights_review_required_for_external_bulk_redistribution
M213305,213305,Wood Analyst,en-MY,MASCO 2020,retained,high,213315,Wood Analyst,ESCO 1.2.1,1,6,12,0,https://www.dosm.gov.my/uploads/content-downloads/file_20220920110308.pdf#page=331,official_source_rights_review_required_for_external_bulk_redistribution
M213306,213306,Animal Scientist,en-MY,MASCO 2020,retained,high,213316,Animal Scientist,ESCO 1.2.1; O*NET 31.0,2,13,12,0,https://www.dosm.gov.my/uploads/content-downloads/file_20220920110308.pdf#page=331,official_source_rights_review_required_for_external_bulk_redistribution
M213307,213307,Environmental Research Scientist,en-MY,MASCO 2020,retained,high,213317,Environmental Research Scientist,ESCO 1.2.1; OSCA 2024 Version 1.0,2,10,12,0,https://www.dosm.gov.my/uploads/content-downloads/file_20220920110308.pdf#page=331,official_source_rights_review_required_for_external_bulk_redistribution
M213308,213308,Conservation Officer,en-MY,MASCO 2020,retained,high,213318,Conservation Officer,ESCO 1.2.1; NOC 2021 Version 1.0; OSCA 2024 Version 1.0,3,14,12,0,https://www.dosm.gov.my/uploads/content-downloads/file_20220920110308.pdf#page=331,official_source_rights_review_required_for_external_bulk_redistribution
M213309,213309,Environmental Consultant,en-MY,MASCO 2020,retained,high,213322,Environmental Consultant,ESCO 1.2.1; OSCA 2024 Version 1.0,2,10,12,0,https://www.dosm.gov.my/uploads/content-downloads/file_20220920110308.pdf#page=331,official_source_rights_review_required_for_external_bulk_redistribution
M213310,213310,Environmental Control Officer Grade C9,en-MY,MASCO 2020,retained,high,213301,Environmental Control Officer Grade C41,ESCO 1.2.1,1,6,12,0,https://www.dosm.gov.my/uploads/content-downloads/file_20220920110308.pdf#page=330,official_source_rights_review_required_for_external_bulk_redistribution
M213401,213401,Biochemist,en-MY,MASCO 2020,retained,high,213402,Biochemist,ESCO 1.2.1,1,6,12,0,https://www.dosm.gov.my/uploads/content-downloads/file_20220920110308.pdf#page=331,official_source_rights_review_required_for_external_bulk_redistribution
M213402,213402,Endocrinologist,en-MY,MASCO 2020,retained,high,213409,Endocrinologists,ESCO 1.2.1; OSCA 2024 Version 1.0,2,10,12,0,https://www.dosm.gov.my/uploads/content-downloads/file_20220920110308.pdf#page=331,official_source_rights_review_required_for_external_bulk_redistribution
M213403,213403,Physiologist,en-MY,MASCO 2020,retained,high,213410,Physiologists,ESCO 1.2.1,1,6,12,0,https://www.dosm.gov.my/uploads/content-downloads/file_20220920110308.pdf#page=331,official_source_rights_review_required_for_external_bulk_redistribution
M213404,213404,Pharmacologist,en-MY,MASCO 2020,retained,high,213416,Pharmacologists,ESCO 1.2.1,1,6,12,0,https://www.dosm.gov.my/uploads/content-downloads/file_20220920110308.pdf#page=331,official_source_rights_review_required_for_external_bulk_redistribution
M213405,213405,Pathologist,en-MY,MASCO 2020,retained,high,213422,Pathologist,ESCO 1.2.1; OSCA 2024 Version 1.0,2,10,12,0,https://www.dosm.gov.my/uploads/content-downloads/file_20220920110308.pdf#page=331,official_source_rights_review_required_for_external_bulk_redistribution
M213406,213406,Bio-Fermentation Specialist,en-MY,MASCO 2020,retained,high,213433,Bio-Fermentation Specialist,ESCO 1.2.1,1,6,12,0,https://www.dosm.gov.my/uploads/content-downloads/file_20220920110308.pdf#page=331,official_source_rights_review_required_for_external_bulk_redistribution
M213407,213407,Bee Cultivation Specialist,en-MY,MASCO 2020,retained,high,213435,Bee Cultivation Specialist,ESCO 1.2.1,1,6,12,0,https://www.dosm.gov.my/uploads/content-downloads/file_20220920110308.pdf#page=331,official_source_rights_review_required_for_external_bulk_redistribution
M213408,213408,Embryologist,en-MY,MASCO 2020,retained,high,213436,Embryologist,ESCO 1.2.1,1,6,12,0,https://www.dosm.gov.my/uploads/content-downloads/file_20220920110308.pdf#page=331,official_source_rights_review_required_for_external_bulk_redistribution
M214101,214101,Automation Engineer,en-MY,MASCO 2020,retained,high,214101,Automation Engineer,ESCO 1.2.1,1,6,12,0,https://www.dosm.gov.my/uploads/content-downloads/file_20220920110308.pdf#page=331,official_source_rights_review_required_for_external_bulk_redistribution
M214102,214102,Robotics Engineer,en-MY,MASCO 2020,retained,high,214102,Robotics Engineer,ESCO 1.2.1; O*NET 31.0,2,13,12,0,https://www.dosm.gov.my/uploads/content-downloads/file_20220920110308.pdf#page=331,official_source_rights_review_required_for_external_bulk_redistribution
M214103,214103,Industrial Engineer,en-MY,MASCO 2020,retained,high,214103,Industrial Engineer,ESCO 1.2.1; O*NET 31.0; NOC 2021 Version 1.0; OSCA 2024 Version 1.0,4,14,12,0,https://www.dosm.gov.my/uploads/content-downloads/file_20220920110308.pdf#page=331,official_source_rights_review_required_for_external_bulk_redistribution
M214104,214104,Communication Analyst,en-MY,MASCO 2020,retained,high,214106,Communication Analyst,ESCO 1.2.1,1,6,12,0,https://www.dosm.gov.my/uploads/content-downloads/file_20220920110308.pdf#page=331,official_source_rights_review_required_for_external_bulk_redistribution
M214105,214105,Systems Engineer (except Computers),en-MY,MASCO 2020,retained,high,214110,Systems Engineer (Except Computers),ESCO 1.2.1; O*NET 31.0; NOC 2021 Version 1.0,3,14,12,0,https://www.dosm.gov.my/uploads/content-downloads/file_20220920110308.pdf#page=331,official_source_rights_review_required_for_external_bulk_redistribution
M214106,214106,Systems Design Engineer (except Computers),en-MY,MASCO 2020,retained,high,214111,Systems Design Engineer (Except Computers),ESCO 1.2.1; O*NET 31.0,2,13,12,0,https://www.dosm.gov.my/uploads/content-downloads/file_20220920110308.pdf#page=332,official_source_rights_review_required_for_external_bulk_redistribution
M214107,214107,Cost Evaluation Engineer,en-MY,MASCO 2020,retained,high,214115,Cost Evaluation Engineer,ESCO 1.2.1,1,6,12,0,https://www.dosm.gov.my/uploads/content-downloads/file_20220920110308.pdf#page=332,official_source_rights_review_required_for_external_bulk_redistribution
M214108,214108,Industrial and Production Technologist,en-MY,MASCO 2020,excluded,not_established,,,ESCO 1.2.1; O*NET 31.0,2,13,12,0,https://www.dosm.gov.my/uploads/content-downloads/file_20220920110308.pdf,official_source_rights_review_required_for_external_bulk_redistribution
M214109,214109,Ceramics Technologist,en-MY,MASCO 2020,retained,high,214120,Ceramics Technologist,ESCO 1.2.1,1,6,12,0,https://www.dosm.gov.my/uploads/content-downloads/file_20220920110308.pdf#page=332,official_source_rights_review_required_for_external_bulk_redistribution
M214110,214110,Photonic Engineer,en-MY,MASCO 2020,retained,high,214142,Photonic Engineer,ESCO 1.2.1; O*NET 31.0,2,13,12,0,https://www.dosm.gov.my/uploads/content-downloads/file_20220920110308.pdf#page=332,official_source_rights_review_required_for_external_bulk_redistribution
M214111,214111,Scada Engineer,en-MY,MASCO 2020,retained,high,214144,SCADA Engineer,ESCO 1.2.1,1,6,12,0,https://www.dosm.gov.my/uploads/content-downloads/file_20220920110308.pdf#page=332,official_source_rights_review_required_for_external_bulk_redistribution
M214112,214112,Energy Engineer,en-MY,MASCO 2020,retained,high,214155,Energy Engineer,ESCO 1.2.1; O*NET 31.0,2,13,12,0,https://www.dosm.gov.my/uploads/content-downloads/file_20220920110308.pdf#page=332,official_source_rights_review_required_for_external_bulk_redistribution
M214113,214113,Renewable Energy Engineer,en-MY,MASCO 2020,retained,high,214156,Renewable Energy Engineer,ESCO 1.2.1; O*NET 31.0,2,13,12,0,https://www.dosm.gov.my/uploads/content-downloads/file_20220920110308.pdf#page=332,official_source_rights_review_required_for_external_bulk_redistribution
M214114,214114,Environment Engineer,en-MY,MASCO 2020,retained,high,214157,Environment Engineer,ESCO 1.2.1,1,6,12,0,https://www.dosm.gov.my/uploads/content-downloads/file_20220920110308.pdf#page=332,official_source_rights_review_required_for_external_bulk_redistribution
M214115,214115,Energy Auditor,en-MY,MASCO 2020,retained,high,214159,Energy Auditor,ESCO 1.2.1; O*NET 31.0,2,13,12,0,https://www.dosm.gov.my/uploads/content-downloads/file_20220920110308.pdf#page=332,official_source_rights_review_required_for_external_bulk_redistribution
M214116,214116,Materials Engineer,en-MY,MASCO 2020,retained,high,214169,Materials Engineer,ESCO 1.2.1; O*NET 31.0; NOC 2021 Version 1.0; OSCA 2024 Version 1.0,4,14,12,0,https://www.dosm.gov.my/uploads/content-downloads/file_20220920110308.pdf#page=332,official_source_rights_review_required_for_external_bulk_redistribution
M214201,214201,Civil Engineering Technologist,en-MY,MASCO 2020,retained,high,214206,Civil Engineering Technologist,ESCO 1.2.1; O*NET 31.0; NOC 2021 Version 1.0; OSCA 2024 Version 1.0,4,14,12,0,https://www.dosm.gov.my/uploads/content-downloads/file_20220920110308.pdf#page=333,official_source_rights_review_required_for_external_bulk_redistribution
M214202,214202,Civil Engineer,en-MY,MASCO 2020,retained,high,214207,Civil Engineer,ESCO 1.2.1; O*NET 31.0; NOC 2021 Version 1.0; OSCA 2024 Version 1.0,4,14,12,0,https://www.dosm.gov.my/uploads/content-downloads/file_20220920110308.pdf#page=333,official_source_rights_review_required_for_external_bulk_redistribution
M214203,214203,Foundation Engineer,en-MY,MASCO 2020,retained,high,214238,Foundation Engineer,ESCO 1.2.1,1,6,12,0,https://www.dosm.gov.my/uploads/content-downloads/file_20220920110308.pdf#page=333,official_source_rights_review_required_for_external_bulk_redistribution
M214204,214204,Quantity Surveyor,en-MY,MASCO 2020,retained,high,214248,Quantity Surveyor,ESCO 1.2.1; OSCA 2024 Version 1.0,2,10,12,0,https://www.dosm.gov.my/uploads/content-downloads/file_20220920110308.pdf#page=333,official_source_rights_review_required_for_external_bulk_redistribution
M214206,214206,Engineer Grade J9,en-MY,MASCO 2020,retained,high,214202,Engineer Grade J41,ESCO 1.2.1,1,6,12,0,https://www.dosm.gov.my/uploads/content-downloads/file_20220920110308.pdf#page=333,official_source_rights_review_required_for_external_bulk_redistribution
M214207,214207,Quantity Surveyor Grade J9/J10,en-MY,MASCO 2020,retained,high,214245,Quantity Surveyor Grade J41,ESCO 1.2.1; OSCA 2024 Version 1.0,2,10,12,0,https://www.dosm.gov.my/uploads/content-downloads/file_20220920110308.pdf#page=333,official_source_rights_review_required_for_external_bulk_redistribution
M214208,214208,Building Surveyor Grade J9/J10,en-MY,MASCO 2020,retained,high,214246,Building Surveyor Grade J41,ESCO 1.2.1; OSCA 2024 Version 1.0,2,10,12,0,https://www.dosm.gov.my/uploads/content-downloads/file_20220920110308.pdf#page=333,official_source_rights_review_required_for_external_bulk_redistribution
M214301,214301,Environmental Engineer,en-MY,MASCO 2020,retained,high,214301,Environmental Engineer,ESCO 1.2.1; O*NET 31.0; OSCA 2024 Version 1.0,3,14,12,0,https://www.dosm.gov.my/uploads/content-downloads/file_20220920110308.pdf#page=334,official_source_rights_review_required_for_external_bulk_redistribution
M214302,214302,Environmental Analyst,en-MY,MASCO 2020,retained,high,214305,Environmental Analyst,ESCO 1.2.1,1,6,12,0,https://www.dosm.gov.my/uploads/content-downloads/file_20220920110308.pdf#page=334,official_source_rights_review_required_for_external_bulk_redistribution
M214401,214401,Mechanical Engineer,en-MY,MASCO 2020,retained,high,214402,Mechanical Engineer,ESCO 1.2.1; O*NET 31.0; NOC 2021 Version 1.0; OSCA 2024 Version 1.0,4,14,12,0,https://www.dosm.gov.my/uploads/content-downloads/file_20220920110308.pdf#page=334,official_source_rights_review_required_for_external_bulk_redistribution
M214402,214402,Lift Engineer,en-MY,MASCO 2020,retained,high,214404,Lift Engineer,ESCO 1.2.1,1,6,12,0,https://www.dosm.gov.my/uploads/content-downloads/file_20220920110308.pdf#page=334,official_source_rights_review_required_for_external_bulk_redistribution
M214403,214403,Competent Person (CP) - Internal Combustion Engine Engineer,en-MY,MASCO 2020,retained,medium,214413,Internal Combustion Engine Engineer,ESCO 1.2.1,1,6,12,0,https://www.dosm.gov.my/uploads/content-downloads/file_20220920110308.pdf#page=334,official_source_rights_review_required_for_external_bulk_redistribution
M214404,214404,Welding Engineer,en-MY,MASCO 2020,retained,high,214436,Welding Engineer,ESCO 1.2.1,1,6,12,0,https://www.dosm.gov.my/uploads/content-downloads/file_20220920110308.pdf#page=334,official_source_rights_review_required_for_external_bulk_redistribution
M214405,214405,Engineering Technologist,en-MY,MASCO 2020,retained,high,214443,Engineering Technologist,ESCO 1.2.1; O*NET 31.0; NOC 2021 Version 1.0; OSCA 2024 Version 1.0,4,14,12,0,https://www.dosm.gov.my/uploads/content-downloads/file_20220920110308.pdf#page=334,official_source_rights_review_required_for_external_bulk_redistribution
M214406,214406,Robotic Technologist,en-MY,MASCO 2020,retained,high,214458,Robotic Technologist,ESCO 1.2.1,1,6,12,0,https://www.dosm.gov.my/uploads/content-downloads/file_20220920110308.pdf#page=335,official_source_rights_review_required_for_external_bulk_redistribution
M214407,214407,Aerospace Engineer,en-MY,MASCO 2020,retained,high,214459,Aerospace Engineer,ESCO 1.2.1; O*NET 31.0; NOC 2021 Version 1.0; OSCA 2024 Version 1.0,4,14,12,0,https://www.dosm.gov.my/uploads/content-downloads/file_20220920110308.pdf#page=335,official_source_rights_review_required_for_external_bulk_redistribution
M214408,214408,Mine Ventilation Engineer,en-MY,MASCO 2020,excluded,not_established,,,ESCO 1.2.1,1,6,12,0,https://www.dosm.gov.my/uploads/content-downloads/file_20220920110308.pdf,official_source_rights_review_required_for_external_bulk_redistribution
M214501,214501,Chemical Engineer,en-MY,MASCO 2020,retained,high,214503,Chemical Engineer,ESCO 1.2.1; O*NET 31.0; NOC 2021 Version 1.0; OSCA 2024 Version 1.0,4,14,12,0,https://www.dosm.gov.my/uploads/content-downloads/file_20220920110308.pdf#page=335,official_source_rights_review_required_for_external_bulk_redistribution
M214601,214601,Mining Engineer,en-MY,MASCO 2020,retained,high,214601,Mining Engineer,ESCO 1.2.1; NOC 2021 Version 1.0; OSCA 2024 Version 1.0,3,14,12,0,https://www.dosm.gov.my/uploads/content-downloads/file_20220920110308.pdf#page=335,official_source_rights_review_required_for_external_bulk_redistribution
M214602,214602,Petroleum Mining Engineer,en-MY,MASCO 2020,retained,high,214606,Petroleum Mining Engineer,ESCO 1.2.1; O*NET 31.0; NOC 2021 Version 1.0; OSCA 2024 Version 1.0,4,14,12,0,https://www.dosm.gov.my/uploads/content-downloads/file_20220920110308.pdf#page=335,official_source_rights_review_required_for_external_bulk_redistribution
M214603,214603,Metallurgist,en-MY,MASCO 2020,retained,high,214609,Metallurgist,ESCO 1.2.1,1,6,12,0,https://www.dosm.gov.my/uploads/content-downloads/file_20220920110308.pdf#page=335,official_source_rights_review_required_for_external_bulk_redistribution
M214604,214604,Assayer,en-MY,MASCO 2020,retained,high,214616,Assayer,ESCO 1.2.1,1,6,12,0,https://www.dosm.gov.my/uploads/content-downloads/file_20220920110308.pdf#page=335,official_source_rights_review_required_for_external_bulk_redistribution
M214605,214605,Marine Section Leader,en-MY,MASCO 2020,retained,high,214624,Marine Section Leader,ESCO 1.2.1,1,6,12,0,https://www.dosm.gov.my/uploads/content-downloads/file_20220920110308.pdf#page=336,official_source_rights_review_required_for_external_bulk_redistribution
M214606,214606,Hydraulics Engineer,en-MY,MASCO 2020,retained,high,214641,Hydraulics Engineer,ESCO 1.2.1,1,6,12,0,https://www.dosm.gov.my/uploads/content-downloads/file_20220920110308.pdf#page=336,official_source_rights_review_required_for_external_bulk_redistribution
M214607,214607,Water Management Engineer,en-MY,MASCO 2020,retained,high,214642,Water Management Engineer,ESCO 1.2.1; O*NET 31.0; OSCA 2024 Version 1.0,3,14,12,0,https://www.dosm.gov.my/uploads/content-downloads/file_20220920110308.pdf#page=336,official_source_rights_review_required_for_external_bulk_redistribution
M214608,214608,Pipeline Mechanical Engineer,en-MY,MASCO 2020,retained,high,214645,Pipeline Mechanical Engineer,ESCO 1.2.1; O*NET 31.0; NOC 2021 Version 1.0; OSCA 2024 Version 1.0,4,14,12,0,https://www.dosm.gov.my/uploads/content-downloads/file_20220920110308.pdf#page=336,official_source_rights_review_required_for_external_bulk_redistribution
M214609,214609,Pipe Stress Engineer,en-MY,MASCO 2020,retained,high,214648,Pipe Stress Engineer,ESCO 1.2.1,1,6,12,0,https://www.dosm.gov.my/uploads/content-downloads/file_20220920110308.pdf#page=336,official_source_rights_review_required_for_external_bulk_redistribution
M214610,214610,Blasting Expert (Mine),en-MY,MASCO 2020,retained,medium,214649,Blasting Expert,ESCO 1.2.1,1,6,12,0,https://www.dosm.gov.my/uploads/content-downloads/file_20220920110308.pdf#page=336,official_source_rights_review_required_for_external_bulk_redistribution
M214901,214901,Explosive Ordnance Engineer,en-MY,MASCO 2020,retained,high,214901,Explosive Ordnance Engineer,ESCO 1.2.1,1,6,12,0,https://www.dosm.gov.my/uploads/content-downloads/file_20220920110308.pdf#page=336,official_source_rights_review_required_for_external_bulk_redistribution
M214902,214902,Marine Salvage Engineer,en-MY,MASCO 2020,retained,high,214902,Marine Salvage Engineer,ESCO 1.2.1; OSCA 2024 Version 1.0,2,10,12,0,https://www.dosm.gov.my/uploads/content-downloads/file_20220920110308.pdf#page=336,official_source_rights_review_required_for_external_bulk_redistribution
M214904,214904,Industrial Health and Safety Engineer,en-MY,MASCO 2020,retained,high,214907,Industrial Health and Safety Engineer,ESCO 1.2.1; O*NET 31.0; OSCA 2024 Version 1.0,3,14,12,0,https://www.dosm.gov.my/uploads/content-downloads/file_20220920110308.pdf#page=336,official_source_rights_review_required_for_external_bulk_redistribution
M214905,214905,Field Service Engineer,en-MY,MASCO 2020,retained,high,214913,Field Service Engineer,ESCO 1.2.1; OSCA 2024 Version 1.0,2,10,12,0,https://www.dosm.gov.my/uploads/content-downloads/file_20220920110308.pdf#page=336,official_source_rights_review_required_for_external_bulk_redistribution
M214906,214906,Research Engineer,en-MY,MASCO 2020,retained,high,214918,Research Engineer,ESCO 1.2.1,1,6,12,0,https://www.dosm.gov.my/uploads/content-downloads/file_20220920110308.pdf#page=336,official_source_rights_review_required_for_external_bulk_redistribution
M214907,214907,Biomedical Engineer,en-MY,MASCO 2020,retained,high,214919,Biomedical Engineer,ESCO 1.2.1; O*NET 31.0; OSCA 2024 Version 1.0,3,14,12,0,https://www.dosm.gov.my/uploads/content-downloads/file_20220920110308.pdf#page=336,official_source_rights_review_required_for_external_bulk_redistribution
M214908,214908,Optical Engineer,en-MY,MASCO 2020,retained,high,214920,Optical Engineer,ESCO 1.2.1,1,6,12,0,https://www.dosm.gov.my/uploads/content-downloads/file_20220920110308.pdf#page=336,official_source_rights_review_required_for_external_bulk_redistribution
M214909,214909,Quality Assurance/Quality Control Inspection Engineer (QA/QC),en-MY,MASCO 2020,retained,high,214921,Quality Assurance/Quality Control Inspection Engineer (QA/QC),ESCO 1.2.1,1,6,12,0,https://www.dosm.gov.my/uploads/content-downloads/file_20220920110308.pdf#page=336,official_source_rights_review_required_for_external_bulk_redistribution
M214910,214910,Commissioning Engineer,en-MY,MASCO 2020,retained,high,214923,Commissioning Engineer,ESCO 1.2.1,1,6,12,0,https://www.dosm.gov.my/uploads/content-downloads/file_20220920110308.pdf#page=337,official_source_rights_review_required_for_external_bulk_redistribution
M214911,214911,Nano Engineer,en-MY,MASCO 2020,excluded,not_established,,,ESCO 1.2.1,1,6,12,0,https://www.dosm.gov.my/uploads/content-downloads/file_20220920110308.pdf,official_source_rights_review_required_for_external_bulk_redistribution
M214913,214913,Factories and Machinery Inspector Grade J9,en-MY,MASCO 2020,retained,high,214922,Factories and Machinery Inspector Grade J41,ESCO 1.2.1,1,6,12,0,https://www.dosm.gov.my/uploads/content-downloads/file_20220920110308.pdf#page=337,official_source_rights_review_required_for_external_bulk_redistribution
M215101,215101,Electrical Engineer,en-MY,MASCO 2020,retained,high,215102,Electrical Engineer,ESCO 1.2.1; O*NET 31.0; NOC 2021 Version 1.0; OSCA 2024 Version 1.0,4,14,12,0,https://www.dosm.gov.my/uploads/content-downloads/file_20220920110308.pdf#page=337,official_source_rights_review_required_for_external_bulk_redistribution
M215102,215102,Electrical Energy Auditor,en-MY,MASCO 2020,retained,high,215135,Electrical Energy Auditor,ESCO 1.2.1; O*NET 31.0,2,13,12,0,https://www.dosm.gov.my/uploads/content-downloads/file_20220920110308.pdf#page=337,official_source_rights_review_required_for_external_bulk_redistribution
M215103,215103,Electrical Superintendent,en-MY,MASCO 2020,retained,high,215136,Electrical Superintendent,ESCO 1.2.1,1,6,12,0,https://www.dosm.gov.my/uploads/content-downloads/file_20220920110308.pdf#page=337,official_source_rights_review_required_for_external_bulk_redistribution
M215201,215201,Electronics Engineer,en-MY,MASCO 2020,retained,high,215202,Electronics Engineer,ESCO 1.2.1; O*NET 31.0; NOC 2021 Version 1.0; OSCA 2024 Version 1.0,4,14,12,0,https://www.dosm.gov.my/uploads/content-downloads/file_20220920110308.pdf#page=337,official_source_rights_review_required_for_external_bulk_redistribution
M215202,215202,Integrated Circuit (IC) Package Assembly Process Engineer,en-MY,MASCO 2020,retained,high,215236,Integrated Circuit Package Assembly Process Engineer (IC),ESCO 1.2.1,1,6,12,0,https://www.dosm.gov.my/uploads/content-downloads/file_20220920110308.pdf#page=338,official_source_rights_review_required_for_external_bulk_redistribution
M215301,215301,Telecommunications Engineer,en-MY,MASCO 2020,retained,high,215301,Telecommunications Engineer,ESCO 1.2.1; OSCA 2024 Version 1.0,2,10,12,0,https://www.dosm.gov.my/uploads/content-downloads/file_20220920110308.pdf#page=338,official_source_rights_review_required_for_external_bulk_redistribution
M215302,215302,Network and Systems Engineer,en-MY,MASCO 2020,retained,high,215323,Network and System Engineer,ESCO 1.2.1; OSCA 2024 Version 1.0,2,10,12,0,https://www.dosm.gov.my/uploads/content-downloads/file_20220920110308.pdf#page=338,official_source_rights_review_required_for_external_bulk_redistribution
M215303,215303,Acoustic Engineer,en-MY,MASCO 2020,retained,high,215330,Acoustic Engineer,ESCO 1.2.1; OSCA 2024 Version 1.0,2,10,12,0,https://www.dosm.gov.my/uploads/content-downloads/file_20220920110308.pdf#page=338,official_source_rights_review_required_for_external_bulk_redistribution
M216101,216101,Architect,en-MY,MASCO 2020,retained,high,216102,Architect,ESCO 1.2.1; NOC 2021 Version 1.0; OSCA 2024 Version 1.0,3,14,12,0,https://www.dosm.gov.my/uploads/content-downloads/file_20220920110308.pdf#page=339,official_source_rights_review_required_for_external_bulk_redistribution
M216102,216102,Architect Grade J9/J10,en-MY,MASCO 2020,retained,high,216101,Architect Grade J41,ESCO 1.2.1,1,6,12,0,https://www.dosm.gov.my/uploads/content-downloads/file_20220920110308.pdf#page=338,official_source_rights_review_required_for_external_bulk_redistribution
M216201,216201,Landscape Architect,en-MY,MASCO 2020,retained,high,216202,Landscape Architect,ESCO 1.2.1; O*NET 31.0; NOC 2021 Version 1.0; OSCA 2024 Version 1.0,4,14,12,0,https://www.dosm.gov.my/uploads/content-downloads/file_20220920110308.pdf#page=339,official_source_rights_review_required_for_external_bulk_redistribution
M216202,216202,Landscape Architect Grade J9,en-MY,MASCO 2020,retained,high,216201,Landscape Architect Grade J41,ESCO 1.2.1; O*NET 31.0; NOC 2021 Version 1.0; OSCA 2024 Version 1.0,4,14,12,0,https://www.dosm.gov.my/uploads/content-downloads/file_20220920110308.pdf#page=339,official_source_rights_review_required_for_external_bulk_redistribution
M216301,216301,Commercial Products Designer,en-MY,MASCO 2020,retained,high,216301,Commercial Products Designer,ESCO 1.2.1; O*NET 31.0,2,13,12,0,https://www.dosm.gov.my/uploads/content-downloads/file_20220920110308.pdf#page=339,official_source_rights_review_required_for_external_bulk_redistribution
M216302,216302,Green Technology Design Professional,en-MY,MASCO 2020,retained,high,216326,Green Technology Design Professional,ESCO 1.2.1,1,6,12,0,https://www.dosm.gov.my/uploads/content-downloads/file_20220920110308.pdf#page=339,official_source_rights_review_required_for_external_bulk_redistribution
M216401,216401,Town Planner,en-MY,MASCO 2020,retained,high,216402,Town Planner,ESCO 1.2.1,1,6,12,0,https://www.dosm.gov.my/uploads/content-downloads/file_20220920110308.pdf#page=339,official_source_rights_review_required_for_external_bulk_redistribution
M216402,216402,Traffic Engineer,en-MY,MASCO 2020,retained,high,216404,Traffic Engineer,ESCO 1.2.1,1,6,12,0,https://www.dosm.gov.my/uploads/content-downloads/file_20220920110308.pdf#page=339,official_source_rights_review_required_for_external_bulk_redistribution
M216403,216403,Urban and Regional Planner,en-MY,MASCO 2020,retained,high,216407,Urban and Regional Planners,ESCO 1.2.1; O*NET 31.0; OSCA 2024 Version 1.0,3,14,12,0,https://www.dosm.gov.my/uploads/content-downloads/file_20220920110308.pdf#page=339,official_source_rights_review_required_for_external_bulk_redistribution
M216404,216404,Urban and Rural Planning Officer Grade J9,en-MY,MASCO 2020,retained,high,216401,Urban and Rural Planning Officer Grade J41,ESCO 1.2.1,1,6,12,0,https://www.dosm.gov.my/uploads/content-downloads/file_20220920110308.pdf#page=339,official_source_rights_review_required_for_external_bulk_redistribution
M216501,216501,Cartographer,en-MY,MASCO 2020,retained,high,216503,Cartographer,ESCO 1.2.1; OSCA 2024 Version 1.0,2,10,12,0,https://www.dosm.gov.my/uploads/content-downloads/file_20220920110308.pdf#page=339,official_source_rights_review_required_for_external_bulk_redistribution
M216502,216502,Surveyor,en-MY,MASCO 2020,retained,high,216507,Surveyor,ESCO 1.2.1; O*NET 31.0,2,13,12,0,https://www.dosm.gov.my/uploads/content-downloads/file_20220920110308.pdf#page=339,official_source_rights_review_required_for_external_bulk_redistribution
M216503,216503,Geospatialist Grade J9,en-MY,MASCO 2020,retained,high,216501,Geospatialist Grade J41,ESCO 1.2.1,1,6,12,0,https://www.dosm.gov.my/uploads/content-downloads/file_20220920110308.pdf#page=339,official_source_rights_review_required_for_external_bulk_redistribution
M216504,216504,Surveyor Grade J9,en-MY,MASCO 2020,retained,high,216502,Surveyor Grade J41,ESCO 1.2.1,1,6,12,0,https://www.dosm.gov.my/uploads/content-downloads/file_20220920110308.pdf#page=339,official_source_rights_review_required_for_external_bulk_redistribution
M216602,216602,Poster Designer,en-MY,MASCO 2020,retained,high,363204,Poster Designer,ESCO 1.2.1,1,6,12,0,https://www.dosm.gov.my/uploads/content-downloads/file_20220920110308.pdf#page=388,official_source_rights_review_required_for_external_bulk_redistribution
M216603,216603,Designer Grade B9,en-MY,MASCO 2020,retained,high,216601,Designer Grade B41,ESCO 1.2.1,1,6,12,0,https://www.dosm.gov.my/uploads/content-downloads/file_20220920110308.pdf#page=340,official_source_rights_review_required_for_external_bulk_redistribution
M217101,217101,Marine Engineer,en-MY,MASCO 2020,retained,high,217102,Marine Engineer,ESCO 1.2.1; O*NET 31.0; OSCA 2024 Version 1.0,3,14,12,0,https://www.dosm.gov.my/uploads/content-downloads/file_20220920110308.pdf#page=340,official_source_rights_review_required_for_external_bulk_redistribution
M217102,217102,Naval Architect,en-MY,MASCO 2020,retained,high,217105,Naval Architect,ESCO 1.2.1; O*NET 31.0; OSCA 2024 Version 1.0,3,14,12,0,https://www.dosm.gov.my/uploads/content-downloads/file_20220920110308.pdf#page=340,official_source_rights_review_required_for_external_bulk_redistribution
M217201,217201,Hovercraft Pilot,en-MY,MASCO 2020,retained,high,217203,Hovercraft Pilot,ESCO 1.2.1,1,6,12,0,https://www.dosm.gov.my/uploads/content-downloads/file_20220920110308.pdf#page=340,official_source_rights_review_required_for_external_bulk_redistribution
M217202,217202,Port Captain,en-MY,MASCO 2020,retained,high,217205,Port Captain,ESCO 1.2.1,1,6,12,0,https://www.dosm.gov.my/uploads/content-downloads/file_20220920110308.pdf#page=340,official_source_rights_review_required_for_external_bulk_redistribution
M217203,217203,Ship Navigator,en-MY,MASCO 2020,retained,high,217207,Ship Navigator,ESCO 1.2.1,1,6,12,0,https://www.dosm.gov.my/uploads/content-downloads/file_20220920110308.pdf#page=340,official_source_rights_review_required_for_external_bulk_redistribution
M217204,217204,Marine Superintendent (Deck),en-MY,MASCO 2020,retained,high,217210,Marine Superintendent (Deck),ESCO 1.2.1,1,6,12,0,https://www.dosm.gov.my/uploads/content-downloads/file_20220920110308.pdf#page=340,official_source_rights_review_required_for_external_bulk_redistribution
M217205,217205,Shipping Executive,en-MY,MASCO 2020,retained,high,217211,Shipping Executive,ESCO 1.2.1,1,6,12,0,https://www.dosm.gov.my/uploads/content-downloads/file_20220920110308.pdf#page=340,official_source_rights_review_required_for_external_bulk_redistribution
M217206,217206,Marine Officer Grade AL9,en-MY,MASCO 2020,retained,high,217201,Marine Officer Grade AL41,ESCO 1.2.1,1,6,12,0,https://www.dosm.gov.my/uploads/content-downloads/file_20220920110308.pdf#page=340,official_source_rights_review_required_for_external_bulk_redistribution
M217301,217301,Pilot,en-MY,MASCO 2020,retained,high,217303,Pilot,ESCO 1.2.1,1,6,12,0,https://www.dosm.gov.my/uploads/content-downloads/file_20220920110308.pdf#page=340,official_source_rights_review_required_for_external_bulk_redistribution
M217302,217302,Flight Instructor,en-MY,MASCO 2020,retained,high,217305,Flight Instructor,ESCO 1.2.1; OSCA 2024 Version 1.0,2,10,12,0,https://www.dosm.gov.my/uploads/content-downloads/file_20220920110308.pdf#page=340,official_source_rights_review_required_for_external_bulk_redistribution
M217303,217303,Aircraft Design Engineer,en-MY,MASCO 2020,retained,high,217310,Aircraft Design Engineer,ESCO 1.2.1,1,6,12,0,https://www.dosm.gov.my/uploads/content-downloads/file_20220920110308.pdf#page=340,official_source_rights_review_required_for_external_bulk_redistribution
M217304,217304,Aeronautical Engineer,en-MY,MASCO 2020,retained,high,217311,Aeronautical Engineer,ESCO 1.2.1,1,6,12,0,https://www.dosm.gov.my/uploads/content-downloads/file_20220920110308.pdf#page=340,official_source_rights_review_required_for_external_bulk_redistribution
M217306,217306,Marine Aviation Officer,en-MY,MASCO 2020,retained,high,217322,Marine Aviation Officer,ESCO 1.2.1,1,6,12,0,https://www.dosm.gov.my/uploads/content-downloads/file_20220920110308.pdf#page=341,official_source_rights_review_required_for_external_bulk_redistribution
M217308,217308,Pilot/Pilot Inspector Grade AT9,en-MY,MASCO 2020,retained,high,217301,Pilot/ Pilot Examiner Grade AT41,ESCO 1.2.1,1,6,12,0,https://www.dosm.gov.my/uploads/content-downloads/file_20220920110308.pdf#page=340,official_source_rights_review_required_for_external_bulk_redistribution
M217309,217309,Aircraft Examiner Grade AT9,en-MY,MASCO 2020,retained,high,217302,Aircraft Examiner Grade AT41,ESCO 1.2.1,1,6,12,0,https://www.dosm.gov.my/uploads/content-downloads/file_20220920110308.pdf#page=340,official_source_rights_review_required_for_external_bulk_redistribution
M217310,217310,Pilot/Pilot Examiner Grade AT10,en-MY,MASCO 2020,retained,high,217312,Pilot/Pilot Examiner Grade AT43,ESCO 1.2.1,1,6,12,0,https://www.dosm.gov.my/uploads/content-downloads/file_20220920110308.pdf#page=340,official_source_rights_review_required_for_external_bulk_redistribution
M217311,217311,Pilot/Pilot Examiner Grade AT12,en-MY,MASCO 2020,retained,high,217313,Pilot/Pilot Examiner Grade AT47,ESCO 1.2.1,1,6,12,0,https://www.dosm.gov.my/uploads/content-downloads/file_20220920110308.pdf#page=340,official_source_rights_review_required_for_external_bulk_redistribution
M217312,217312,Pilot/Pilot Examiner Grade AT13,en-MY,MASCO 2020,retained,high,217314,Pilot/Pilot Examiner Grade AT51,ESCO 1.2.1,1,6,12,0,https://www.dosm.gov.my/uploads/content-downloads/file_20220920110308.pdf#page=340,official_source_rights_review_required_for_external_bulk_redistribution
M217313,217313,Pilot/Pilot Examiner Grade AT14 (Flight Operation Director),en-MY,MASCO 2020,retained,high,217315,Pilot/Pilot Examiner Grade AT53,ESCO 1.2.1,1,6,12,0,https://www.dosm.gov.my/uploads/content-downloads/file_20220920110308.pdf#page=340,official_source_rights_review_required_for_external_bulk_redistribution
M217401,217401,Air Traffic Controller,en-MY,MASCO 2020,retained,high,217402,Air Traffic Controller,ESCO 1.2.1; O*NET 31.0; NOC 2021 Version 1.0; OSCA 2024 Version 1.0,4,14,12,0,https://www.dosm.gov.my/uploads/content-downloads/file_20220920110308.pdf#page=341,official_source_rights_review_required_for_external_bulk_redistribution
M217402,217402,Operation Centre Controller,en-MY,MASCO 2020,retained,high,217403,Operation Centre Controller,ESCO 1.2.1,1,6,12,0,https://www.dosm.gov.my/uploads/content-downloads/file_20220920110308.pdf#page=341,official_source_rights_review_required_for_external_bulk_redistribution
M217404,217404,Air Traffic Control Officer Grade A9,en-MY,MASCO 2020,retained,high,217401,Air Traffic Control Officer Grade A41,ESCO 1.2.1,1,6,12,0,https://www.dosm.gov.my/uploads/content-downloads/file_20220920110308.pdf#page=341,official_source_rights_review_required_for_external_bulk_redistribution
M217501,217501,Railway and Locomotive Operation Officer,en-MY,MASCO 2020,retained,high,217501,Railway and Locomotive Operation Officer,ESCO 1.2.1,1,6,12,0,https://www.dosm.gov.my/uploads/content-downloads/file_20220920110308.pdf#page=341,official_source_rights_review_required_for_external_bulk_redistribution
M218101,218101,Mining Executive,en-MY,MASCO 2020,retained,high,218101,Mining Excecutive,ESCO 1.2.1,1,6,12,0,https://www.dosm.gov.my/uploads/content-downloads/file_20220920110308.pdf#page=341,official_source_rights_review_required_for_external_bulk_redistribution
M218201,218201,Manufacturing Executive,en-MY,MASCO 2020,retained,high,218201,Manufacturing Executive,ESCO 1.2.1,1,6,12,0,https://www.dosm.gov.my/uploads/content-downloads/file_20220920110308.pdf#page=341,official_source_rights_review_required_for_external_bulk_redistribution
M218202,218202,Quality Assurance Executive,en-MY,MASCO 2020,retained,high,218202,Quality Assurance Executive,ESCO 1.2.1; OSCA 2024 Version 1.0,2,10,12,0,https://www.dosm.gov.my/uploads/content-downloads/file_20220920110308.pdf#page=341,official_source_rights_review_required_for_external_bulk_redistribution
M218203,218203,Store Executive,en-MY,MASCO 2020,retained,high,218207,Store Executive,ESCO 1.2.1,1,6,12,0,https://www.dosm.gov.my/uploads/content-downloads/file_20220920110308.pdf#page=341,official_source_rights_review_required_for_external_bulk_redistribution
M218204,218204,Competent Person (CP) - Boilerman,en-MY,MASCO 2020,retained,medium,818202,Boilerman,ESCO 1.2.1,1,6,12,0,https://www.dosm.gov.my/uploads/content-downloads/file_20220920110308.pdf#page=431,official_source_rights_review_required_for_external_bulk_redistribution
M218205,218205,Technical Service Adviser,en-MY,MASCO 2020,retained,high,218229,Technical Service Adviser,ESCO 1.2.1; OSCA 2024 Version 1.0,2,10,12,0,https://www.dosm.gov.my/uploads/content-downloads/file_20220920110308.pdf#page=341,official_source_rights_review_required_for_external_bulk_redistribution
M218206,218206,Material Specialist,en-MY,MASCO 2020,retained,high,218231,Material Specialist,ESCO 1.2.1,1,6,12,0,https://www.dosm.gov.my/uploads/content-downloads/file_20220920110308.pdf#page=341,official_source_rights_review_required_for_external_bulk_redistribution
M218207,218207,Product Development Executive,en-MY,MASCO 2020,excluded,not_established,,,ESCO 1.2.1,1,6,12,0,https://www.dosm.gov.my/uploads/content-downloads/file_20220920110308.pdf,official_source_rights_review_required_for_external_bulk_redistribution
M218301,218301,Construction Executive,en-MY,MASCO 2020,retained,high,218301,Construction Executive,ESCO 1.2.1,1,6,12,0,https://www.dosm.gov.my/uploads/content-downloads/file_20220920110308.pdf#page=342,official_source_rights_review_required_for_external_bulk_redistribution
M221101,221101,Medical Doctor,en-MY,MASCO 2020,retained,high,221102,Medical Doctor,ESCO 1.2.1,1,6,12,0,https://www.dosm.gov.my/uploads/content-downloads/file_20220920110308.pdf#page=342,official_source_rights_review_required_for_external_bulk_redistribution
M221102,221102,Medical Doctor (Gynaecology),en-MY,MASCO 2020,retained,high,221107,"Medical Doctor, Gynaecology",ESCO 1.2.1,1,6,12,0,https://www.dosm.gov.my/uploads/content-downloads/file_20220920110308.pdf#page=342,official_source_rights_review_required_for_external_bulk_redistribution
M221103,221103,Medical Doctor (Cardiology),en-MY,MASCO 2020,retained,high,221108,"Medical Doctor, Cardiology",ESCO 1.2.1,1,6,12,0,https://www.dosm.gov.my/uploads/content-downloads/file_20220920110308.pdf#page=342,official_source_rights_review_required_for_external_bulk_redistribution
M221104,221104,Medical Doctor (Obstetrics),en-MY,MASCO 2020,retained,high,221110,"Medical Doctor, Obstetrics",ESCO 1.2.1,1,6,12,0,https://www.dosm.gov.my/uploads/content-downloads/file_20220920110308.pdf#page=342,official_source_rights_review_required_for_external_bulk_redistribution
M221105,221105,Medical Doctor (Ophthalmology),en-MY,MASCO 2020,retained,high,221111,"Medical Doctor, Ophthalmology",ESCO 1.2.1,1,6,12,0,https://www.dosm.gov.my/uploads/content-downloads/file_20220920110308.pdf#page=342,official_source_rights_review_required_for_external_bulk_redistribution
M221106,221106,Medical Doctor (Psychiatry),en-MY,MASCO 2020,retained,high,221112,"Medical Doctor, Psychiatry",ESCO 1.2.1,1,6,12,0,https://www.dosm.gov.my/uploads/content-downloads/file_20220920110308.pdf#page=342,official_source_rights_review_required_for_external_bulk_redistribution
M221107,221107,Medical Doctor (Radiology),en-MY,MASCO 2020,retained,high,221113,"Medical Doctor, Radiology",ESCO 1.2.1,1,6,12,0,https://www.dosm.gov.my/uploads/content-downloads/file_20220920110308.pdf#page=342,official_source_rights_review_required_for_external_bulk_redistribution
M221108,221108,Medical Doctor (Skin),en-MY,MASCO 2020,retained,high,221118,"Doctor, Skin",ESCO 1.2.1,1,6,12,0,https://www.dosm.gov.my/uploads/content-downloads/file_20220920110308.pdf#page=342,official_source_rights_review_required_for_external_bulk_redistribution
M221111,221111,"Medical Officer Grade UD9, UD10",en-MY,MASCO 2020,retained,medium,221101,Medical Officer Grade UD41,ESCO 1.2.1,1,6,12,0,https://www.dosm.gov.my/uploads/content-downloads/file_20220920110308.pdf#page=342,official_source_rights_review_required_for_external_bulk_redistribution
M221201,221201,"Ear, Nose and Throat Specialist",en-MY,MASCO 2020,retained,high,221201,"Ear, Nose and Throat Specialist",ESCO 1.2.1,1,6,12,0,https://www.dosm.gov.my/uploads/content-downloads/file_20220920110308.pdf#page=342,official_source_rights_review_required_for_external_bulk_redistribution
M221202,221202,Anaesthetist,en-MY,MASCO 2020,retained,high,221204,Anaesthetist,ESCO 1.2.1; OSCA 2024 Version 1.0,2,10,12,0,https://www.dosm.gov.my/uploads/content-downloads/file_20220920110308.pdf#page=342,official_source_rights_review_required_for_external_bulk_redistribution
M221203,221203,Medical Oncologist,en-MY,MASCO 2020,retained,high,221206,Medical Oncologist,ESCO 1.2.1; OSCA 2024 Version 1.0,2,10,12,0,https://www.dosm.gov.my/uploads/content-downloads/file_20220920110308.pdf#page=342,official_source_rights_review_required_for_external_bulk_redistribution
M221204,221204,Psychiatrist,en-MY,MASCO 2020,retained,high,221208,Psychiatrist,ESCO 1.2.1; O*NET 31.0; OSCA 2024 Version 1.0,3,14,12,0,https://www.dosm.gov.my/uploads/content-downloads/file_20220920110308.pdf#page=342,official_source_rights_review_required_for_external_bulk_redistribution
M221205,221205,Ophthalmologist,en-MY,MASCO 2020,retained,high,221209,Ophthalmologist,ESCO 1.2.1; OSCA 2024 Version 1.0,2,10,12,0,https://www.dosm.gov.my/uploads/content-downloads/file_20220920110308.pdf#page=342,official_source_rights_review_required_for_external_bulk_redistribution
M221206,221206,Cardiologist,en-MY,MASCO 2020,retained,high,221210,Cardiologist,ESCO 1.2.1; O*NET 31.0; OSCA 2024 Version 1.0,3,14,12,0,https://www.dosm.gov.my/uploads/content-downloads/file_20220920110308.pdf#page=342,official_source_rights_review_required_for_external_bulk_redistribution
M221207,221207,Neurologist,en-MY,MASCO 2020,retained,high,221211,Neurologist,ESCO 1.2.1; O*NET 31.0; OSCA 2024 Version 1.0,3,14,12,0,https://www.dosm.gov.my/uploads/content-downloads/file_20220920110308.pdf#page=342,official_source_rights_review_required_for_external_bulk_redistribution
M221208,221208,Obstetrician and Gynaecologist,en-MY,MASCO 2020,retained,high,221213,Obstetrician and Gynaecologist,ESCO 1.2.1; OSCA 2024 Version 1.0,2,10,12,0,https://www.dosm.gov.my/uploads/content-downloads/file_20220920110308.pdf#page=342,official_source_rights_review_required_for_external_bulk_redistribution
M221209,221209,Surgeon,en-MY,MASCO 2020,retained,high,221217,Surgeon,ESCO 1.2.1,1,6,12,0,https://www.dosm.gov.my/uploads/content-downloads/file_20220920110308.pdf#page=342,official_source_rights_review_required_for_external_bulk_redistribution
M221210,221210,Dermatologist,en-MY,MASCO 2020,retained,high,221233,Dermatologist,ESCO 1.2.1; O*NET 31.0; OSCA 2024 Version 1.0,3,14,12,0,https://www.dosm.gov.my/uploads/content-downloads/file_20220920110308.pdf#page=343,official_source_rights_review_required_for_external_bulk_redistribution
M221211,221211,Orthopaedist,en-MY,MASCO 2020,retained,high,221234,Orthopaedist,ESCO 1.2.1,1,6,12,0,https://www.dosm.gov.my/uploads/content-downloads/file_20220920110308.pdf#page=343,official_source_rights_review_required_for_external_bulk_redistribution
M221212,221212,Paediatrician,en-MY,MASCO 2020,retained,high,221236,Paediatrician,ESCO 1.2.1; OSCA 2024 Version 1.0,2,10,12,0,https://www.dosm.gov.my/uploads/content-downloads/file_20220920110308.pdf#page=343,official_source_rights_review_required_for_external_bulk_redistribution
M221213,221213,Physician,en-MY,MASCO 2020,retained,high,221244,Physician,ESCO 1.2.1,1,6,12,0,https://www.dosm.gov.my/uploads/content-downloads/file_20220920110308.pdf#page=343,official_source_rights_review_required_for_external_bulk_redistribution
M221214,221214,Radiologist,en-MY,MASCO 2020,retained,high,221257,Radiologist,ESCO 1.2.1; O*NET 31.0; OSCA 2024 Version 1.0,3,14,12,0,https://www.dosm.gov.my/uploads/content-downloads/file_20220920110308.pdf#page=343,official_source_rights_review_required_for_external_bulk_redistribution
M221215,221215,Urologist,en-MY,MASCO 2020,retained,high,221262,Urologist,ESCO 1.2.1; O*NET 31.0; OSCA 2024 Version 1.0,3,14,12,0,https://www.dosm.gov.my/uploads/content-downloads/file_20220920110308.pdf#page=343,official_source_rights_review_required_for_external_bulk_redistribution
M221216,221216,Venereologist,en-MY,MASCO 2020,retained,high,221263,Venereologist,ESCO 1.2.1,1,6,12,0,https://www.dosm.gov.my/uploads/content-downloads/file_20220920110308.pdf#page=343,official_source_rights_review_required_for_external_bulk_redistribution
M221217,221217,Occupational Therapist,en-MY,MASCO 2020,retained,high,226801,Occupational Therapist,ESCO 1.2.1; O*NET 31.0; NOC 2021 Version 1.0; OSCA 2024 Version 1.0,4,14,12,0,https://www.dosm.gov.my/uploads/content-downloads/file_20220920110308.pdf#page=346,official_source_rights_review_required_for_external_bulk_redistribution
M222101,222101,Professional Nurse,en-MY,MASCO 2020,retained,high,222102,Professional Nurse,ESCO 1.2.1,1,6,12,0,https://www.dosm.gov.my/uploads/content-downloads/file_20220920110308.pdf#page=343,official_source_rights_review_required_for_external_bulk_redistribution
M222102,222102,Specialist Nurse,en-MY,MASCO 2020,retained,high,222109,Specialist Nurse,ESCO 1.2.1; O*NET 31.0,2,13,12,0,https://www.dosm.gov.my/uploads/content-downloads/file_20220920110308.pdf#page=343,official_source_rights_review_required_for_external_bulk_redistribution
M222103,222103,Nurse Instructor,en-MY,MASCO 2020,retained,high,222110,Nurse Instructor,ESCO 1.2.1,1,6,12,0,https://www.dosm.gov.my/uploads/content-downloads/file_20220920110308.pdf#page=343,official_source_rights_review_required_for_external_bulk_redistribution
M222104,222104,Nurse Grade U9,en-MY,MASCO 2020,retained,high,222101,Nurse Grade U41,ESCO 1.2.1,1,6,12,0,https://www.dosm.gov.my/uploads/content-downloads/file_20220920110308.pdf#page=343,official_source_rights_review_required_for_external_bulk_redistribution
M222201,222201,Professional Midwife,en-MY,MASCO 2020,retained,high,222201,Professional Midwife,ESCO 1.2.1,1,6,12,0,https://www.dosm.gov.my/uploads/content-downloads/file_20220920110308.pdf#page=344,official_source_rights_review_required_for_external_bulk_redistribution
M224101,224101,Paramedic,en-MY,MASCO 2020,retained,high,224101,Paramedic,ESCO 1.2.1; O*NET 31.0; OSCA 2024 Version 1.0,3,14,12,0,https://www.dosm.gov.my/uploads/content-downloads/file_20220920110308.pdf#page=344,official_source_rights_review_required_for_external_bulk_redistribution
M225101,225101,Veterinarian,en-MY,MASCO 2020,retained,high,225102,Veterinarian,ESCO 1.2.1; O*NET 31.0; NOC 2021 Version 1.0; OSCA 2024 Version 1.0,4,14,12,0,https://www.dosm.gov.my/uploads/content-downloads/file_20220920110308.pdf#page=344,official_source_rights_review_required_for_external_bulk_redistribution
M225102,225102,Veterinary Officer Grade GV9,en-MY,MASCO 2020,retained,high,225101,Veterinary Officer Grade GV41,ESCO 1.2.1,1,6,12,0,https://www.dosm.gov.my/uploads/content-downloads/file_20220920110308.pdf#page=344,official_source_rights_review_required_for_external_bulk_redistribution
M226101,226101,Dentist,en-MY,MASCO 2020,retained,high,226102,Dentist,ESCO 1.2.1; NOC 2021 Version 1.0; OSCA 2024 Version 1.0,3,14,12,0,https://www.dosm.gov.my/uploads/content-downloads/file_20220920110308.pdf#page=344,official_source_rights_review_required_for_external_bulk_redistribution
M226102,226102,Dental Officer Grade UG9,en-MY,MASCO 2020,retained,high,226101,Dental Officer Grade UG41,ESCO 1.2.1,1,6,12,0,https://www.dosm.gov.my/uploads/content-downloads/file_20220920110308.pdf#page=344,official_source_rights_review_required_for_external_bulk_redistribution
M226201,226201,Pharmacist,en-MY,MASCO 2020,retained,high,226202,Pharmacist,ESCO 1.2.1; O*NET 31.0; NOC 2021 Version 1.0,3,14,12,0,https://www.dosm.gov.my/uploads/content-downloads/file_20220920110308.pdf#page=345,official_source_rights_review_required_for_external_bulk_redistribution
M226202,226202,Pharmacist Grade UF9,en-MY,MASCO 2020,retained,high,226201,Pharmacist Grade UF41,ESCO 1.2.1,1,6,12,0,https://www.dosm.gov.my/uploads/content-downloads/file_20220920110308.pdf#page=344,official_source_rights_review_required_for_external_bulk_redistribution
M226203,226203,Pharmacist Grade UF10,en-MY,MASCO 2020,retained,high,226207,Pharmacist Grade UF44,ESCO 1.2.1,1,6,12,0,https://www.dosm.gov.my/uploads/content-downloads/file_20220920110308.pdf#page=345,official_source_rights_review_required_for_external_bulk_redistribution
M226301,226301,Occupational Safety and Health Adviser,en-MY,MASCO 2020,retained,high,226320,Occupational Safety and Health Adviser,ESCO 1.2.1; O*NET 31.0; NOC 2021 Version 1.0; OSCA 2024 Version 1.0,4,14,12,0,https://www.dosm.gov.my/uploads/content-downloads/file_20220920110308.pdf#page=345,official_source_rights_review_required_for_external_bulk_redistribution
M226302,226302,Competent Person (CP) - Assessor,en-MY,MASCO 2020,retained,medium,226325,Indoor Air Quality (IAQ) Assessor,ESCO 1.2.1,1,6,12,0,https://www.dosm.gov.my/uploads/content-downloads/file_20220920110308.pdf#page=345,official_source_rights_review_required_for_external_bulk_redistribution
M226303,226303,Competent Person (CP) - Waste Management,en-MY,MASCO 2020,retained,high,226328,Waste Management Competence Person,ESCO 1.2.1,1,6,12,0,https://www.dosm.gov.my/uploads/content-downloads/file_20220920110308.pdf#page=345,official_source_rights_review_required_for_external_bulk_redistribution
M226304,226304,Building Auditor,en-MY,MASCO 2020,retained,high,226329,Building Auditor,ESCO 1.2.1,1,6,12,0,https://www.dosm.gov.my/uploads/content-downloads/file_20220920110308.pdf#page=345,official_source_rights_review_required_for_external_bulk_redistribution
M226305,226305,Halal Executive,en-MY,MASCO 2020,retained,high,226331,Halal Executive,ESCO 1.2.1,1,6,12,0,https://www.dosm.gov.my/uploads/content-downloads/file_20220920110308.pdf#page=345,official_source_rights_review_required_for_external_bulk_redistribution
M226306,226306,Food and Drinks Technologist,en-MY,MASCO 2020,retained,high,226337,Food and Drinks Technologist,ESCO 1.2.1; O*NET 31.0; OSCA 2024 Version 1.0,3,14,12,0,https://www.dosm.gov.my/uploads/content-downloads/file_20220920110308.pdf#page=345,official_source_rights_review_required_for_external_bulk_redistribution
M226307,226307,Landfill Engineer,en-MY,MASCO 2020,retained,high,226341,Landfill Engineer,ESCO 1.2.1,1,6,12,0,https://www.dosm.gov.my/uploads/content-downloads/file_20220920110308.pdf#page=345,official_source_rights_review_required_for_external_bulk_redistribution
M226308,226308,Competent Person (CP) - Major Hazard,en-MY,MASCO 2020,retained,high,226344,Major Hazard Competent Person,ESCO 1.2.1,1,6,12,0,https://www.dosm.gov.my/uploads/content-downloads/file_20220920110308.pdf#page=345,official_source_rights_review_required_for_external_bulk_redistribution
M226310,226310,Ergonomist,en-MY,MASCO 2020,excluded,not_established,,,ESCO 1.2.1,1,6,12,0,https://www.dosm.gov.my/uploads/content-downloads/file_20220920110308.pdf,official_source_rights_review_required_for_external_bulk_redistribution
M226311,226311,Authorised Gas Tester and Entry Supervisor,en-MY,MASCO 2020,retained,medium,226324,Authorised Gas Tester,ESCO 1.2.1,1,6,12,0,https://www.dosm.gov.my/uploads/content-downloads/file_20220920110308.pdf#page=345,official_source_rights_review_required_for_external_bulk_redistribution
M226312,226312,Environmental Health Officer Grade U9,en-MY,MASCO 2020,retained,high,226301,Environmental Health Officer Grade U41,ESCO 1.2.1; OSCA 2024 Version 1.0,2,10,12,0,https://www.dosm.gov.my/uploads/content-downloads/file_20220920110308.pdf#page=345,official_source_rights_review_required_for_external_bulk_redistribution
M226401,226401,Orthopaedic Physical Therapist,en-MY,MASCO 2020,retained,high,226411,Orthopaedic Physical Therapist,ESCO 1.2.1; O*NET 31.0,2,13,12,0,https://www.dosm.gov.my/uploads/content-downloads/file_20220920110308.pdf#page=346,official_source_rights_review_required_for_external_bulk_redistribution
M226402,226402,Medical Rehabilitation Officer Grade U9,en-MY,MASCO 2020,retained,high,226401,Medical Rehabilitation Officer Grade U41,ESCO 1.2.1,1,6,12,0,https://www.dosm.gov.my/uploads/content-downloads/file_20220920110308.pdf#page=345,official_source_rights_review_required_for_external_bulk_redistribution
M226501,226501,Dietitian,en-MY,MASCO 2020,retained,high,226502,Dietician,ESCO 1.2.1; OSCA 2024 Version 1.0,2,10,12,0,https://www.dosm.gov.my/uploads/content-downloads/file_20220920110308.pdf#page=346,official_source_rights_review_required_for_external_bulk_redistribution
M226502,226502,Dietetics Officer Grade U9,en-MY,MASCO 2020,retained,high,226501,Dietetics Officer Grade U41,ESCO 1.2.1,1,6,12,0,https://www.dosm.gov.my/uploads/content-downloads/file_20220920110308.pdf#page=346,official_source_rights_review_required_for_external_bulk_redistribution
M226503,226503,Food Preparation Officer Grade C9,en-MY,MASCO 2020,retained,high,226514,Food Preparation Officer Grade C41,ESCO 1.2.1,1,6,12,0,https://www.dosm.gov.my/uploads/content-downloads/file_20220920110308.pdf#page=346,official_source_rights_review_required_for_external_bulk_redistribution
M226601,226601,Audiologist,en-MY,MASCO 2020,retained,high,226601,Audiologists,ESCO 1.2.1; O*NET 31.0; OSCA 2024 Version 1.0,3,14,12,0,https://www.dosm.gov.my/uploads/content-downloads/file_20220920110308.pdf#page=346,official_source_rights_review_required_for_external_bulk_redistribution
M226602,226602,Speech Therapist,en-MY,MASCO 2020,retained,high,226602,Speech Therapist,ESCO 1.2.1,1,6,12,0,https://www.dosm.gov.my/uploads/content-downloads/file_20220920110308.pdf#page=346,official_source_rights_review_required_for_external_bulk_redistribution
M226603,226603,Orthoepist,en-MY,MASCO 2020,retained,high,226603,Orthoepist,ESCO 1.2.1,1,6,12,0,https://www.dosm.gov.my/uploads/content-downloads/file_20220920110308.pdf#page=346,official_source_rights_review_required_for_external_bulk_redistribution
M226701,226701,Optometrist,en-MY,MASCO 2020,retained,high,226702,Optometrist,ESCO 1.2.1; O*NET 31.0; NOC 2021 Version 1.0; OSCA 2024 Version 1.0,4,14,12,0,https://www.dosm.gov.my/uploads/content-downloads/file_20220920110308.pdf#page=346,official_source_rights_review_required_for_external_bulk_redistribution
M226702,226702,Optometry Officer Grade U9,en-MY,MASCO 2020,retained,high,226701,Optometry Officer Grade U41,ESCO 1.2.1,1,6,12,0,https://www.dosm.gov.my/uploads/content-downloads/file_20220920110308.pdf#page=346,official_source_rights_review_required_for_external_bulk_redistribution
M226902,226902,Radiographer Grade U9,en-MY,MASCO 2020,retained,medium,226901,X-Ray Technician Grade U41,ESCO 1.2.1,1,6,12,0,https://www.dosm.gov.my/uploads/content-downloads/file_20220920110308.pdf#page=346,official_source_rights_review_required_for_external_bulk_redistribution
M226903,226903,Instructor Grade U9,en-MY,MASCO 2020,retained,high,226902,Instructor Grade U41,ESCO 1.2.1,1,6,12,0,https://www.dosm.gov.my/uploads/content-downloads/file_20220920110308.pdf#page=346,official_source_rights_review_required_for_external_bulk_redistribution
M231104,231104,Dental Lecturer Grade DUG13P,en-MY,MASCO 2020,retained,high,231105,Dental Lecturer Grade DUG51P,ESCO 1.2.1,1,6,12,0,https://www.dosm.gov.my/uploads/content-downloads/file_20220920110308.pdf#page=347,official_source_rights_review_required_for_external_bulk_redistribution
M231107,231107,Pharmacy Lecturer Grade DUF11,en-MY,MASCO 2020,retained,high,231117,Pharmacy Lecturer Grade DUF45,ESCO 1.2.1,1,6,12,0,https://www.dosm.gov.my/uploads/content-downloads/file_20220920110308.pdf#page=347,official_source_rights_review_required_for_external_bulk_redistribution
M232101,232101,Vocational Teacher,en-MY,MASCO 2020,retained,high,232102,"Teacher, Vocational",ESCO 1.2.1; OSCA 2024 Version 1.0,2,10,12,0,https://www.dosm.gov.my/uploads/content-downloads/file_20220920110308.pdf#page=347,official_source_rights_review_required_for_external_bulk_redistribution
M238101,238101,Skills Training Trainer,en-MY,MASCO 2020,retained,high,238102,Skills Training Trainer,ESCO 1.2.1,1,6,12,0,https://www.dosm.gov.my/uploads/content-downloads/file_20220920110308.pdf#page=348,official_source_rights_review_required_for_external_bulk_redistribution
M238102,238102,Vocational Training Officer Grade DV9,en-MY,MASCO 2020,retained,high,238101,Vocational Training Officer Grade DV41,ESCO 1.2.1,1,6,12,0,https://www.dosm.gov.my/uploads/content-downloads/file_20220920110308.pdf#page=348,official_source_rights_review_required_for_external_bulk_redistribution
M238103,238103,Vocational Training Officer Grade DV10,en-MY,MASCO 2020,retained,high,238109,Vocational Training Officer Grade DV43,ESCO 1.2.1,1,6,12,0,https://www.dosm.gov.my/uploads/content-downloads/file_20220920110308.pdf#page=348,official_source_rights_review_required_for_external_bulk_redistribution
M238104,238104,Vocational Training Officer Grade DV12,en-MY,MASCO 2020,retained,high,238110,Vocational Training Officer Grade DV47,ESCO 1.2.1,1,6,12,0,https://www.dosm.gov.my/uploads/content-downloads/file_20220920110308.pdf#page=348,official_source_rights_review_required_for_external_bulk_redistribution
M238105,238105,Vocational Training Officer Grade DV13,en-MY,MASCO 2020,retained,high,238111,Vocational Training Officer Grade DV51,ESCO 1.2.1,1,6,12,0,https://www.dosm.gov.my/uploads/content-downloads/file_20220920110308.pdf#page=348,official_source_rights_review_required_for_external_bulk_redistribution
M238106,238106,Vocational Training Officer Grade DV14,en-MY,MASCO 2020,retained,high,238112,Vocational Training Officer Grade DV53,ESCO 1.2.1,1,6,12,0,https://www.dosm.gov.my/uploads/content-downloads/file_20220920110308.pdf#page=348,official_source_rights_review_required_for_external_bulk_redistribution
M238107,238107,"Assistant Vocational Training Officer Grade DV5, DV6, DV7, DV8",en-MY,MASCO 2020,retained,medium,238103,Assistant Vocational Training Officer Grade DV29,ESCO 1.2.1,1,6,12,0,https://www.dosm.gov.my/uploads/content-downloads/file_20220920110308.pdf#page=348,official_source_rights_review_required_for_external_bulk_redistribution
M239301,239301,Software Trainer,en-MY,MASCO 2020,retained,high,239303,Software Trainer,ESCO 1.2.1,1,6,12,8,https://www.dosm.gov.my/uploads/content-downloads/file_20220920110308.pdf#page=349,official_source_rights_review_required_for_external_bulk_redistribution
M242102,242102,Operation Research Analyst,en-MY,MASCO 2020,retained,high,242103,Operation Research Analyst,ESCO 1.2.1; O*NET 31.0; OSCA 2024 Version 1.0,3,14,12,0,https://www.dosm.gov.my/uploads/content-downloads/file_20220920110308.pdf#page=351,official_source_rights_review_required_for_external_bulk_redistribution
M242401,242401,Staff Training Officer,en-MY,MASCO 2020,retained,high,242401,Staff Training Officer,ESCO 1.2.1,1,6,12,0,https://www.dosm.gov.my/uploads/content-downloads/file_20220920110308.pdf#page=351,official_source_rights_review_required_for_external_bulk_redistribution
M242601,242601,Agro-Based Biotech Food Researcher,en-MY,MASCO 2020,retained,high,242603,Agro-Based Biotech Food Researcher,ESCO 1.2.1,1,6,12,0,https://www.dosm.gov.my/uploads/content-downloads/file_20220920110308.pdf#page=352,official_source_rights_review_required_for_external_bulk_redistribution
M242602,242602,Aquaculture Biotech Researcher,en-MY,MASCO 2020,retained,high,242604,Aquaculture Biotech Researcher,ESCO 1.2.1,1,6,12,0,https://www.dosm.gov.my/uploads/content-downloads/file_20220920110308.pdf#page=352,official_source_rights_review_required_for_external_bulk_redistribution
M242603,242603,Research and Development Executive,en-MY,MASCO 2020,retained,high,242609,Research and Development Executive,ESCO 1.2.1; OSCA 2024 Version 1.0,2,10,12,0,https://www.dosm.gov.my/uploads/content-downloads/file_20220920110308.pdf#page=352,official_source_rights_review_required_for_external_bulk_redistribution
M242604,242604,Research Officer,en-MY,MASCO 2020,retained,high,242613,Research Officer,ESCO 1.2.1,1,6,12,0,https://www.dosm.gov.my/uploads/content-downloads/file_20220920110308.pdf#page=352,official_source_rights_review_required_for_external_bulk_redistribution
M242606,242606,Research Officer Grade Q9,en-MY,MASCO 2020,retained,high,242601,Research Officer Grade Q41,ESCO 1.2.1,1,6,12,0,https://www.dosm.gov.my/uploads/content-downloads/file_20220920110308.pdf#page=352,official_source_rights_review_required_for_external_bulk_redistribution
M242607,242607,Scientific Officer Grade C9,en-MY,MASCO 2020,retained,high,242602,Scientific Officer Grade C41,ESCO 1.2.1,1,6,12,0,https://www.dosm.gov.my/uploads/content-downloads/file_20220920110308.pdf#page=352,official_source_rights_review_required_for_external_bulk_redistribution
M243103,243103,Technical Sales Engineer,en-MY,MASCO 2020,retained,high,243132,Technical Sales Engineer,ESCO 1.2.1; O*NET 31.0,2,13,12,0,https://www.dosm.gov.my/uploads/content-downloads/file_20220920110308.pdf#page=353,official_source_rights_review_required_for_external_bulk_redistribution
M243104,243104,Product Specialist,en-MY,MASCO 2020,retained,medium,243114,Trade Product Specialist,ESCO 1.2.1,1,6,12,0,https://www.dosm.gov.my/uploads/content-downloads/file_20220920110308.pdf#page=352,official_source_rights_review_required_for_external_bulk_redistribution
M243301,243301,Sales Representative (Medical),en-MY,MASCO 2020,retained,high,243301,"Sales Representative, Medical",ESCO 1.2.1; NOC 2021 Version 1.0; OSCA 2024 Version 1.0,3,14,12,0,https://www.dosm.gov.my/uploads/content-downloads/file_20220920110308.pdf#page=353,official_source_rights_review_required_for_external_bulk_redistribution
M243302,243302,Application Specialist (Haematology),en-MY,MASCO 2020,retained,high,221266,Application Specialist (Hematology),ESCO 1.2.1,1,6,12,8,https://www.dosm.gov.my/uploads/content-downloads/file_20220920110308.pdf#page=343,official_source_rights_review_required_for_external_bulk_redistribution
M243401,243401,Sales Representative (Information and Communications Technology),en-MY,MASCO 2020,retained,high,243401,"Sales Representative, Information and Communications Technology",ESCO 1.2.1,1,6,12,0,https://www.dosm.gov.my/uploads/content-downloads/file_20220920110308.pdf#page=354,official_source_rights_review_required_for_external_bulk_redistribution
M243402,243402,Digital Banking-Internet Technology Specialist,en-MY,MASCO 2020,retained,high,243410,Digital Banking/Internet Technology Specialist,ESCO 1.2.1,1,6,12,0,https://www.dosm.gov.my/uploads/content-downloads/file_20220920110308.pdf#page=354,official_source_rights_review_required_for_external_bulk_redistribution
M251101,251101,Management Information Systems (MIS) Analyst,en-MY,MASCO 2020,retained,high,251101,Management Information Systems (MIS) Analyst,ESCO 1.2.1,1,6,12,0,https://www.dosm.gov.my/uploads/content-downloads/file_20220920110308.pdf#page=354,official_source_rights_review_required_for_external_bulk_redistribution
M251102,251102,Technical Specialist (.Net),en-MY,MASCO 2020,retained,high,251116,Technical Specialist (.Net),ESCO 1.2.1,1,6,12,0,https://www.dosm.gov.my/uploads/content-downloads/file_20220920110308.pdf#page=354,official_source_rights_review_required_for_external_bulk_redistribution
M251103,251103,Register Transfer Level (RTL) Designer (Information Technology),en-MY,MASCO 2020,retained,high,251142,Register Transfer Level (RTL) Designer (Information Technology),ESCO 1.2.1,1,6,12,8,https://www.dosm.gov.my/uploads/content-downloads/file_20220920110308.pdf#page=355,official_source_rights_review_required_for_external_bulk_redistribution
M251104,251104,Design Engineer (Information Technology),en-MY,MASCO 2020,retained,high,251144,Design Engineer (Information Technology),ESCO 1.2.1,1,6,12,8,https://www.dosm.gov.my/uploads/content-downloads/file_20220920110308.pdf#page=355,official_source_rights_review_required_for_external_bulk_redistribution
M251201,251201,Software Developer,en-MY,MASCO 2020,retained,high,251201,Software Developer,ESCO 1.2.1; O*NET 31.0; NOC 2021 Version 1.0,3,14,12,8,https://www.dosm.gov.my/uploads/content-downloads/file_20220920110308.pdf#page=355,official_source_rights_review_required_for_external_bulk_redistribution
M251202,251202,Information Technology Systems Architect,en-MY,MASCO 2020,retained,high,251219,Information Technology System Architect,ESCO 1.2.1,1,6,12,8,https://www.dosm.gov.my/uploads/content-downloads/file_20220920110308.pdf#page=355,official_source_rights_review_required_for_external_bulk_redistribution
M251203,251203,Information Systems Executive,en-MY,MASCO 2020,retained,high,251243,Information System Executive,ESCO 1.2.1; NOC 2021 Version 1.0,2,11,12,0,https://www.dosm.gov.my/uploads/content-downloads/file_20220920110308.pdf#page=356,official_source_rights_review_required_for_external_bulk_redistribution
M251301,251301,Website Developer,en-MY,MASCO 2020,retained,high,251301,Website Developer,ESCO 1.2.1,1,6,12,8,https://www.dosm.gov.my/uploads/content-downloads/file_20220920110308.pdf#page=356,official_source_rights_review_required_for_external_bulk_redistribution
M251302,251302,Internet/Intranet Developer,en-MY,MASCO 2020,retained,high,251302,Internet/ Intranet Developer,ESCO 1.2.1,1,6,12,8,https://www.dosm.gov.my/uploads/content-downloads/file_20220920110308.pdf#page=356,official_source_rights_review_required_for_external_bulk_redistribution
M251401,251401,Computer Programmer,en-MY,MASCO 2020,retained,high,251401,Computer Programmer,ESCO 1.2.1; O*NET 31.0; NOC 2021 Version 1.0,3,14,12,8,https://www.dosm.gov.my/uploads/content-downloads/file_20220920110308.pdf#page=356,official_source_rights_review_required_for_external_bulk_redistribution
M251402,251402,Systems Programmer,en-MY,MASCO 2020,retained,high,251407,Systems Programmer,ESCO 1.2.1; NOC 2021 Version 1.0,2,11,12,8,https://www.dosm.gov.my/uploads/content-downloads/file_20220920110308.pdf#page=356,official_source_rights_review_required_for_external_bulk_redistribution
M251403,251403,C/C++ Programmer,en-MY,MASCO 2020,retained,high,251419,C/C++ Programmer,ESCO 1.2.1,1,6,12,8,https://www.dosm.gov.my/uploads/content-downloads/file_20220920110308.pdf#page=356,official_source_rights_review_required_for_external_bulk_redistribution
M251404,251404,Computer Infrastructure Specialist,en-MY,MASCO 2020,retained,high,251433,Computer Infrastructure Specialist,ESCO 1.2.1,1,6,12,0,https://www.dosm.gov.my/uploads/content-downloads/file_20220920110308.pdf#page=357,official_source_rights_review_required_for_external_bulk_redistribution
M251405,251405,User Interface (UI)/Gameplay Coder,en-MY,MASCO 2020,retained,high,251434,User Interface (UI)/ Gameplay Coders,ESCO 1.2.1,1,6,12,0,https://www.dosm.gov.my/uploads/content-downloads/file_20220920110308.pdf#page=357,official_source_rights_review_required_for_external_bulk_redistribution
M251901,251901,Systems Tester,en-MY,MASCO 2020,retained,high,251902,Systems Tester,ESCO 1.2.1,1,6,12,0,https://www.dosm.gov.my/uploads/content-downloads/file_20220920110308.pdf#page=357,official_source_rights_review_required_for_external_bulk_redistribution
M251902,251902,Information Technology Auditor,en-MY,MASCO 2020,retained,high,251916,Information Technology Auditor,ESCO 1.2.1,1,6,12,8,https://www.dosm.gov.my/uploads/content-downloads/file_20220920110308.pdf#page=357,official_source_rights_review_required_for_external_bulk_redistribution
M251903,251903,Machine Learning/Artificial Intelligence (AI) Engineer,en-MY,MASCO 2020,retained,medium,252411,Machine Learning Engineer,ESCO 1.2.1,1,6,12,0,https://www.dosm.gov.my/uploads/content-downloads/file_20220920110308.pdf#page=359,official_source_rights_review_required_for_external_bulk_redistribution
M252101,252101,Database Architect,en-MY,MASCO 2020,retained,high,252101,Database Architect,ESCO 1.2.1; O*NET 31.0,2,13,12,8,https://www.dosm.gov.my/uploads/content-downloads/file_20220920110308.pdf#page=357,official_source_rights_review_required_for_external_bulk_redistribution
M252102,252102,Database Administrator,en-MY,MASCO 2020,retained,high,252103,Database Administrator,ESCO 1.2.1; O*NET 31.0; NOC 2021 Version 1.0; OSCA 2024 Version 1.0,4,14,12,8,https://www.dosm.gov.my/uploads/content-downloads/file_20220920110308.pdf#page=357,official_source_rights_review_required_for_external_bulk_redistribution
M252105,252105,Oracle Database Administrator,en-MY,MASCO 2020,retained,medium,252108,Oracle Database Specialist,ESCO 1.2.1; O*NET 31.0; OSCA 2024 Version 1.0,3,14,12,8,https://www.dosm.gov.my/uploads/content-downloads/file_20220920110308.pdf#page=357,official_source_rights_review_required_for_external_bulk_redistribution
M252201,252201,Information Systems Officer,en-MY,MASCO 2020,retained,high,252205,Information System Officer,ESCO 1.2.1; NOC 2021 Version 1.0; OSCA 2024 Version 1.0,3,14,12,0,https://www.dosm.gov.my/uploads/content-downloads/file_20220920110308.pdf#page=357,official_source_rights_review_required_for_external_bulk_redistribution
M252202,252202,Information Technology Support Officer,en-MY,MASCO 2020,retained,high,252208,Information Technology Support Officer,ESCO 1.2.1; OSCA 2024 Version 1.0,2,10,12,8,https://www.dosm.gov.my/uploads/content-downloads/file_20220920110308.pdf#page=358,official_source_rights_review_required_for_external_bulk_redistribution
M252203,252203,Computer Support Engineer,en-MY,MASCO 2020,retained,high,252214,Computer Support Engineer,ESCO 1.2.1; O*NET 31.0; OSCA 2024 Version 1.0,3,14,12,0,https://www.dosm.gov.my/uploads/content-downloads/file_20220920110308.pdf#page=358,official_source_rights_review_required_for_external_bulk_redistribution
M252204,252204,Information Technology Technical Specialist,en-MY,MASCO 2020,retained,high,252215,Information Technology Technical Specialist,ESCO 1.2.1,1,6,12,8,https://www.dosm.gov.my/uploads/content-downloads/file_20220920110308.pdf#page=358,official_source_rights_review_required_for_external_bulk_redistribution
M252205,252205,Cloud Computing Solution Architect,en-MY,MASCO 2020,retained,high,252222,Cloud Computing Solution Architect,ESCO 1.2.1; OSCA 2024 Version 1.0,2,10,12,0,https://www.dosm.gov.my/uploads/content-downloads/file_20220920110308.pdf#page=358,official_source_rights_review_required_for_external_bulk_redistribution
M252209,252209,Geographic Information Systems (GIS) Officer,en-MY,MASCO 2020,retained,high,252238,Geographic Information Systems (GIS) Officer,ESCO 1.2.1,1,6,12,0,https://www.dosm.gov.my/uploads/content-downloads/file_20220920110308.pdf#page=358,official_source_rights_review_required_for_external_bulk_redistribution
M252211,252211,Information Technology Officer Grade F9,en-MY,MASCO 2020,retained,high,252201,Information Technology Officer Grade F41,ESCO 1.2.1,1,6,12,8,https://www.dosm.gov.my/uploads/content-downloads/file_20220920110308.pdf#page=357,official_source_rights_review_required_for_external_bulk_redistribution
M252301,252301,Network Specialist,en-MY,MASCO 2020,retained,high,252311,Network Specialist,ESCO 1.2.1; O*NET 31.0,2,13,12,0,https://www.dosm.gov.my/uploads/content-downloads/file_20220920110308.pdf#page=358,official_source_rights_review_required_for_external_bulk_redistribution
M252401,252401,Data Scientist,en-MY,MASCO 2020,retained,high,252401,Data Scientist,ESCO 1.2.1; O*NET 31.0; NOC 2021 Version 1.0; OSCA 2024 Version 1.0,4,14,12,8,https://www.dosm.gov.my/uploads/content-downloads/file_20220920110308.pdf#page=358,official_source_rights_review_required_for_external_bulk_redistribution
M252402,252402,Data Analyst,en-MY,MASCO 2020,retained,high,252403,Data Analyst,ESCO 1.2.1; NOC 2021 Version 1.0; OSCA 2024 Version 1.0,3,14,12,8,https://www.dosm.gov.my/uploads/content-downloads/file_20220920110308.pdf#page=358,official_source_rights_review_required_for_external_bulk_redistribution
M252403,252403,Data Architect,en-MY,MASCO 2020,retained,high,252406,Data Architect,ESCO 1.2.1; OSCA 2024 Version 1.0,2,10,12,0,https://www.dosm.gov.my/uploads/content-downloads/file_20220920110308.pdf#page=359,official_source_rights_review_required_for_external_bulk_redistribution
M253101,253101,Cybersecurity Executive,en-MY,MASCO 2020,retained,high,253102,Cybersecurity Executive,ESCO 1.2.1,1,6,12,8,https://www.dosm.gov.my/uploads/content-downloads/file_20220920110308.pdf#page=359,official_source_rights_review_required_for_external_bulk_redistribution
M253102,253102,Digital Forensic Specialist,en-MY,MASCO 2020,retained,high,253103,Digital Forensic Specialist,ESCO 1.2.1; O*NET 31.0,2,13,12,0,https://www.dosm.gov.my/uploads/content-downloads/file_20220920110308.pdf#page=359,official_source_rights_review_required_for_external_bulk_redistribution
M253103,253103,Information Security Officer,en-MY,MASCO 2020,retained,high,253120,Information Security Officer,ESCO 1.2.1; O*NET 31.0; OSCA 2024 Version 1.0,3,14,12,8,https://www.dosm.gov.my/uploads/content-downloads/file_20220920110308.pdf#page=359,official_source_rights_review_required_for_external_bulk_redistribution
M253104,253104,Cybersecurity Analyst,en-MY,MASCO 2020,retained,high,253130,Cybersecurity Analyst,ESCO 1.2.1,1,6,12,8,https://www.dosm.gov.my/uploads/content-downloads/file_20220920110308.pdf#page=359,official_source_rights_review_required_for_external_bulk_redistribution
M253105,253105,Test Analyst (Information Technology),en-MY,MASCO 2020,retained,high,253131,Test Analyst (Information Technology),ESCO 1.2.1,1,6,12,8,https://www.dosm.gov.my/uploads/content-downloads/file_20220920110308.pdf#page=359,official_source_rights_review_required_for_external_bulk_redistribution
M253106,253106,Security Infrastructure Engineer,en-MY,MASCO 2020,retained,high,253136,Security Infrastructure Engineer,ESCO 1.2.1; O*NET 31.0; OSCA 2024 Version 1.0,3,14,12,8,https://www.dosm.gov.my/uploads/content-downloads/file_20220920110308.pdf#page=359,official_source_rights_review_required_for_external_bulk_redistribution
M253107,253107,Internet Safety Evaluator,en-MY,MASCO 2020,retained,high,253139,Internet Safety Evaluater,ESCO 1.2.1,1,6,12,0,https://www.dosm.gov.my/uploads/content-downloads/file_20220920110308.pdf#page=359,official_source_rights_review_required_for_external_bulk_redistribution
M254101,254101,Compositor/Composite Artist,en-MY,MASCO 2020,retained,high,254110,Compositor/Composite artist,ESCO 1.2.1,1,6,12,0,https://www.dosm.gov.my/uploads/content-downloads/file_20220920110308.pdf#page=360,official_source_rights_review_required_for_external_bulk_redistribution
M254102,254102,Scriptwriter / Screenwriter,en-MY,MASCO 2020,retained,high,254112,Scriptwriter / Screenwriter,ESCO 1.2.1,1,6,12,0,https://www.dosm.gov.my/uploads/content-downloads/file_20220920110308.pdf#page=360,official_source_rights_review_required_for_external_bulk_redistribution
M254103,254103,Digital Artist,en-MY,MASCO 2020,retained,high,254116,Digital Artist,ESCO 1.2.1,1,6,12,0,https://www.dosm.gov.my/uploads/content-downloads/file_20220920110308.pdf#page=360,official_source_rights_review_required_for_external_bulk_redistribution
M254104,254104,Multimedia Designer/Artist/Animator,en-MY,MASCO 2020,retained,medium,254120,Multimedia Artist,ESCO 1.2.1; OSCA 2024 Version 1.0,2,10,12,0,https://www.dosm.gov.my/uploads/content-downloads/file_20220920110308.pdf#page=360,official_source_rights_review_required_for_external_bulk_redistribution
M254105,254105,Visualization Specialist,en-MY,MASCO 2020,retained,high,254126,Visualization Specialist,ESCO 1.2.1,1,6,12,0,https://www.dosm.gov.my/uploads/content-downloads/file_20220920110308.pdf#page=360,official_source_rights_review_required_for_external_bulk_redistribution
M254106,254106,Computer Specialist,en-MY,MASCO 2020,retained,high,254127,Computer Specialist,ESCO 1.2.1; O*NET 31.0,2,13,12,0,https://www.dosm.gov.my/uploads/content-downloads/file_20220920110308.pdf#page=360,official_source_rights_review_required_for_external_bulk_redistribution
M254107,254107,Story Content Writer,en-MY,MASCO 2020,retained,high,254128,Story Content Writer,ESCO 1.2.1,1,6,12,0,https://www.dosm.gov.my/uploads/content-downloads/file_20220920110308.pdf#page=360,official_source_rights_review_required_for_external_bulk_redistribution
M254108,254108,3D Generalist,en-MY,MASCO 2020,retained,medium,254206,3D Artist,ESCO 1.2.1,1,6,12,0,https://www.dosm.gov.my/uploads/content-downloads/file_20220920110308.pdf#page=360,official_source_rights_review_required_for_external_bulk_redistribution
M254201,254201,Game Designer (Digital),en-MY,MASCO 2020,retained,high,254201,Game Designer (Digital),ESCO 1.2.1; O*NET 31.0; OSCA 2024 Version 1.0,3,14,12,0,https://www.dosm.gov.my/uploads/content-downloads/file_20220920110308.pdf#page=360,official_source_rights_review_required_for_external_bulk_redistribution
M254202,254202,QA Tester/Game Tester (Digital),en-MY,MASCO 2020,retained,high,254203,QA Tester/Game Tester (Digital),ESCO 1.2.1,1,6,12,0,https://www.dosm.gov.my/uploads/content-downloads/file_20220920110308.pdf#page=360,official_source_rights_review_required_for_external_bulk_redistribution
M254203,254203,Game Producer (Digital),en-MY,MASCO 2020,retained,high,254204,Game Producer (Digital),ESCO 1.2.1; OSCA 2024 Version 1.0,2,10,12,0,https://www.dosm.gov.my/uploads/content-downloads/file_20220920110308.pdf#page=360,official_source_rights_review_required_for_external_bulk_redistribution
M254204,254204,Concept Artist,en-MY,MASCO 2020,retained,high,254209,Concept Artist,ESCO 1.2.1,1,6,12,0,https://www.dosm.gov.my/uploads/content-downloads/file_20220920110308.pdf#page=360,official_source_rights_review_required_for_external_bulk_redistribution
M254205,254205,Technical Artist,en-MY,MASCO 2020,retained,high,254210,Technical Artist,ESCO 1.2.1,1,6,12,0,https://www.dosm.gov.my/uploads/content-downloads/file_20220920110308.pdf#page=360,official_source_rights_review_required_for_external_bulk_redistribution
M254206,254206,"Creative, Performing and Media Production Directors",en-MY,MASCO 2020,retained,medium,254211,Art director,ESCO 1.2.1,1,6,12,0,https://www.dosm.gov.my/uploads/content-downloads/file_20220920110308.pdf#page=360,official_source_rights_review_required_for_external_bulk_redistribution
M254207,254207,Graphics Programmer,en-MY,MASCO 2020,retained,high,254215,Graphics Programmer,ESCO 1.2.1,1,6,12,8,https://www.dosm.gov.my/uploads/content-downloads/file_20220920110308.pdf#page=360,official_source_rights_review_required_for_external_bulk_redistribution
M254208,254208,Graphics Creator,en-MY,MASCO 2020,retained,high,254217,Graphics Creator,ESCO 1.2.1,1,6,12,0,https://www.dosm.gov.my/uploads/content-downloads/file_20220920110308.pdf#page=360,official_source_rights_review_required_for_external_bulk_redistribution
M254301,254301,Web Designer,en-MY,MASCO 2020,retained,high,254301,Web Designer,ESCO 1.2.1; O*NET 31.0; NOC 2021 Version 1.0; OSCA 2024 Version 1.0,4,14,12,8,https://www.dosm.gov.my/uploads/content-downloads/file_20220920110308.pdf#page=360,official_source_rights_review_required_for_external_bulk_redistribution
M254302,254302,Graphics Designer,en-MY,MASCO 2020,retained,high,254302,Graphic Designer,ESCO 1.2.1; O*NET 31.0; NOC 2021 Version 1.0; OSCA 2024 Version 1.0,4,14,12,0,https://www.dosm.gov.my/uploads/content-downloads/file_20220920110308.pdf#page=360,official_source_rights_review_required_for_external_bulk_redistribution
M254303,254303,UX Designer (User Experience),en-MY,MASCO 2020,retained,high,254314,UX Designer (User Experience),ESCO 1.2.1,1,6,12,0,https://www.dosm.gov.my/uploads/content-downloads/file_20220920110308.pdf#page=361,official_source_rights_review_required_for_external_bulk_redistribution
M254304,254304,Digital Designer,en-MY,MASCO 2020,retained,high,254316,Digital Designer,ESCO 1.2.1; O*NET 31.0,2,13,12,0,https://www.dosm.gov.my/uploads/content-downloads/file_20220920110308.pdf#page=361,official_source_rights_review_required_for_external_bulk_redistribution
M254305,254305,Creative Team Leader,en-MY,MASCO 2020,retained,high,254317,Creative Team Leader,ESCO 1.2.1; OSCA 2024 Version 1.0,2,10,12,0,https://www.dosm.gov.my/uploads/content-downloads/file_20220920110308.pdf#page=361,official_source_rights_review_required_for_external_bulk_redistribution
M254306,254306,Character Rigger,en-MY,MASCO 2020,retained,high,254318,Character Rigger,ESCO 1.2.1,1,6,12,0,https://www.dosm.gov.my/uploads/content-downloads/file_20220920110308.pdf#page=361,official_source_rights_review_required_for_external_bulk_redistribution
M261906,261906,Coroner,en-MY,MASCO 2020,retained,high,261907,Coroner,ESCO 1.2.1; O*NET 31.0,2,13,12,0,https://www.dosm.gov.my/uploads/content-downloads/file_20220920110308.pdf#page=362,official_source_rights_review_required_for_external_bulk_redistribution
M282203,282203,Archaeologist,en-MY,MASCO 2020,retained,high,282203,Archaeologist,ESCO 1.2.1; OSCA 2024 Version 1.0,2,10,12,0,https://www.dosm.gov.my/uploads/content-downloads/file_20220920110308.pdf#page=363,official_source_rights_review_required_for_external_bulk_redistribution
M282204,282204,Geographer,en-MY,MASCO 2020,retained,high,282204,Geographer,ESCO 1.2.1; O*NET 31.0,2,13,12,0,https://www.dosm.gov.my/uploads/content-downloads/file_20220920110308.pdf#page=363,official_source_rights_review_required_for_external_bulk_redistribution
M282206,282206,Criminologist,en-MY,MASCO 2020,retained,high,282206,Criminologist,ESCO 1.2.1,1,6,12,0,https://www.dosm.gov.my/uploads/content-downloads/file_20220920110308.pdf#page=363,official_source_rights_review_required_for_external_bulk_redistribution
M282401,282401,Clinical Psychologist,en-MY,MASCO 2020,retained,high,282404,Clinical Psychologist,ESCO 1.2.1; O*NET 31.0,2,13,12,0,https://www.dosm.gov.my/uploads/content-downloads/file_20220920110308.pdf#page=363,official_source_rights_review_required_for_external_bulk_redistribution
M291602,291602,Industrial Relations Officer Grade S9,en-MY,MASCO 2020,retained,high,291603,Industrial Relations Officer Grade S41,ESCO 1.2.1,1,6,12,0,https://www.dosm.gov.my/uploads/content-downloads/file_20220920110308.pdf#page=367,official_source_rights_review_required_for_external_bulk_redistribution
M291606,291606,Maritime Superintendent Officer Grade T8,en-MY,MASCO 2020,retained,high,291608,Maritime Superintendent Officer Grade T13,ESCO 1.2.1,1,6,12,0,https://www.dosm.gov.my/uploads/content-downloads/file_20220920110308.pdf#page=367,official_source_rights_review_required_for_external_bulk_redistribution
M311101,311101,Geophysics Technician,en-MY,MASCO 2020,retained,high,311105,Geophysics Technician,ESCO 1.2.1,1,6,12,0,https://www.dosm.gov.my/uploads/content-downloads/file_20220920110308.pdf#page=367,official_source_rights_review_required_for_external_bulk_redistribution
M311102,311102,Chemistry Technician,en-MY,MASCO 2020,retained,high,311106,Chemistry Technician,ESCO 1.2.1,1,6,12,0,https://www.dosm.gov.my/uploads/content-downloads/file_20220920110308.pdf#page=367,official_source_rights_review_required_for_external_bulk_redistribution
M311103,311103,Physics Science Laboratory Technician,en-MY,MASCO 2020,retained,high,311107,Physics Science Laboratory Technician,ESCO 1.2.1,1,6,12,0,https://www.dosm.gov.my/uploads/content-downloads/file_20220920110308.pdf#page=367,official_source_rights_review_required_for_external_bulk_redistribution
M311104,311104,Physical Science Technician,en-MY,MASCO 2020,retained,high,311108,Physical Science Technician,ESCO 1.2.1; O*NET 31.0; OSCA 2024 Version 1.0,3,14,12,0,https://www.dosm.gov.my/uploads/content-downloads/file_20220920110308.pdf#page=367,official_source_rights_review_required_for_external_bulk_redistribution
M311105,311105,Chemistry Laboratory Assistant,en-MY,MASCO 2020,retained,high,311110,Chemistry Laboratory Assistant,ESCO 1.2.1; NOC 2021 Version 1.0,2,11,12,0,https://www.dosm.gov.my/uploads/content-downloads/file_20220920110308.pdf#page=367,official_source_rights_review_required_for_external_bulk_redistribution
M311106,311106,Soil Technician,en-MY,MASCO 2020,retained,high,311112,Soil Technician,ESCO 1.2.1,1,6,12,0,https://www.dosm.gov.my/uploads/content-downloads/file_20220920110308.pdf#page=367,official_source_rights_review_required_for_external_bulk_redistribution
M311107,311107,Meteorological Technician,en-MY,MASCO 2020,retained,high,311114,Meteorological Technician,ESCO 1.2.1,1,6,12,0,https://www.dosm.gov.my/uploads/content-downloads/file_20220920110308.pdf#page=367,official_source_rights_review_required_for_external_bulk_redistribution
M311108,311108,Geological Technician,en-MY,MASCO 2020,retained,high,311116,Geological Technician,ESCO 1.2.1; O*NET 31.0; NOC 2021 Version 1.0,3,14,12,0,https://www.dosm.gov.my/uploads/content-downloads/file_20220920110308.pdf#page=367,official_source_rights_review_required_for_external_bulk_redistribution
M311109,311109,Oceanography Technician,en-MY,MASCO 2020,retained,high,311120,Oceanography Technician,ESCO 1.2.1,1,6,12,0,https://www.dosm.gov.my/uploads/content-downloads/file_20220920110308.pdf#page=368,official_source_rights_review_required_for_external_bulk_redistribution
M311110,311110,Slope Monitoring Technician,en-MY,MASCO 2020,excluded,not_established,,,ESCO 1.2.1; O*NET 31.0,2,13,12,0,https://www.dosm.gov.my/uploads/content-downloads/file_20220920110308.pdf,official_source_rights_review_required_for_external_bulk_redistribution
M311111,311111,Climate Science Technician,en-MY,MASCO 2020,retained,medium,311125,Climate Service Technician,ESCO 1.2.1; O*NET 31.0; OSCA 2024 Version 1.0,3,14,12,0,https://www.dosm.gov.my/uploads/content-downloads/file_20220920110308.pdf#page=368,official_source_rights_review_required_for_external_bulk_redistribution
M311112,311112,Laboratory Technician,en-MY,MASCO 2020,retained,high,311132,Laboratory Technician,ESCO 1.2.1; O*NET 31.0; OSCA 2024 Version 1.0,3,14,12,0,https://www.dosm.gov.my/uploads/content-downloads/file_20220920110308.pdf#page=368,official_source_rights_review_required_for_external_bulk_redistribution
M311113,311113,Laboratory Assistant Grade C1,en-MY,MASCO 2020,retained,high,311101,Laboratory Assistant Grade C19,ESCO 1.2.1,1,6,12,0,https://www.dosm.gov.my/uploads/content-downloads/file_20220920110308.pdf#page=367,official_source_rights_review_required_for_external_bulk_redistribution
M311114,311114,"Research Assistant Grade Q1, Q2, Q3, Q4",en-MY,MASCO 2020,retained,high,311102,Research Assistant Grade Q19,ESCO 1.2.1,1,6,12,0,https://www.dosm.gov.my/uploads/content-downloads/file_20220920110308.pdf#page=367,official_source_rights_review_required_for_external_bulk_redistribution
M311115,311115,Assistant Meteorological Officer Grade C5,en-MY,MASCO 2020,retained,high,311133,Assistant Meteorological Officer Grade C29,ESCO 1.2.1,1,6,12,0,https://www.dosm.gov.my/uploads/content-downloads/file_20220920110308.pdf#page=368,official_source_rights_review_required_for_external_bulk_redistribution
M311116,311116,Assistant Science Officer Grade C5,en-MY,MASCO 2020,retained,high,311136,Assistant Scientific Officer Grade C29,ESCO 1.2.1,1,6,12,0,https://www.dosm.gov.my/uploads/content-downloads/file_20220920110308.pdf#page=368,official_source_rights_review_required_for_external_bulk_redistribution
M311117,311117,Assistant Research Officer Grade Q5,en-MY,MASCO 2020,retained,high,311137,Assistant Research Officer Grade Q29,ESCO 1.2.1,1,6,12,0,https://www.dosm.gov.my/uploads/content-downloads/file_20220920110308.pdf#page=368,official_source_rights_review_required_for_external_bulk_redistribution
M311201,311201,Civil Engineering Technician,en-MY,MASCO 2020,retained,high,311202,Civil Engineering Technician,ESCO 1.2.1; O*NET 31.0; NOC 2021 Version 1.0; OSCA 2024 Version 1.0,4,14,12,0,https://www.dosm.gov.my/uploads/content-downloads/file_20220920110308.pdf#page=368,official_source_rights_review_required_for_external_bulk_redistribution
M311202,311202,Civil Engineering Estimator,en-MY,MASCO 2020,retained,high,311204,Civil Engineering Estimator,ESCO 1.2.1; OSCA 2024 Version 1.0,2,10,12,0,https://www.dosm.gov.my/uploads/content-downloads/file_20220920110308.pdf#page=368,official_source_rights_review_required_for_external_bulk_redistribution
M311203,311203,Engineering Designer,en-MY,MASCO 2020,retained,high,311208,Engineering Designer,ESCO 1.2.1,1,6,12,0,https://www.dosm.gov.my/uploads/content-downloads/file_20220920110308.pdf#page=368,official_source_rights_review_required_for_external_bulk_redistribution
M311204,311204,Civil Engineering Supervisor,en-MY,MASCO 2020,retained,high,311209,Civil Engineering Supervisor,ESCO 1.2.1; OSCA 2024 Version 1.0,2,10,12,0,https://www.dosm.gov.my/uploads/content-downloads/file_20220920110308.pdf#page=368,official_source_rights_review_required_for_external_bulk_redistribution
M311205,311205,Tunnel Boring Machine Technician,en-MY,MASCO 2020,retained,high,311210,Tunnel Boring Machine Technician,ESCO 1.2.1,1,6,12,0,https://www.dosm.gov.my/uploads/content-downloads/file_20220920110308.pdf#page=368,official_source_rights_review_required_for_external_bulk_redistribution
M311206,311206,Building Inspector,en-MY,MASCO 2020,retained,high,311211,Building Inspector,ESCO 1.2.1; O*NET 31.0; OSCA 2024 Version 1.0,3,14,12,0,https://www.dosm.gov.my/uploads/content-downloads/file_20220920110308.pdf#page=368,official_source_rights_review_required_for_external_bulk_redistribution
M311207,311207,Geotechnical Technician,en-MY,MASCO 2020,retained,high,311212,Geotechnical Technician,ESCO 1.2.1,1,6,12,0,https://www.dosm.gov.my/uploads/content-downloads/file_20220920110308.pdf#page=368,official_source_rights_review_required_for_external_bulk_redistribution
M311208,311208,Fire Inspector,en-MY,MASCO 2020,retained,high,311213,Fire Inspector,ESCO 1.2.1; O*NET 31.0,2,13,12,0,https://www.dosm.gov.my/uploads/content-downloads/file_20220920110308.pdf#page=368,official_source_rights_review_required_for_external_bulk_redistribution
M311209,311209,Surveying Technician,en-MY,MASCO 2020,retained,high,311214,Surveying Technician,ESCO 1.2.1; O*NET 31.0; OSCA 2024 Version 1.0,3,14,12,0,https://www.dosm.gov.my/uploads/content-downloads/file_20220920110308.pdf#page=368,official_source_rights_review_required_for_external_bulk_redistribution
M311211,311211,Process Instrument Technician,en-MY,MASCO 2020,retained,high,311217,Process Instrument Technician,ESCO 1.2.1; OSCA 2024 Version 1.0,2,10,12,0,https://www.dosm.gov.my/uploads/content-downloads/file_20220920110308.pdf#page=368,official_source_rights_review_required_for_external_bulk_redistribution
M311212,311212,Assistant Civil Engineer,en-MY,MASCO 2020,retained,high,311225,Assistant Civil Engineer,ESCO 1.2.1; O*NET 31.0; NOC 2021 Version 1.0; OSCA 2024 Version 1.0,4,14,12,0,https://www.dosm.gov.my/uploads/content-downloads/file_20220920110308.pdf#page=368,official_source_rights_review_required_for_external_bulk_redistribution
M311213,311213,Operation Technician,en-MY,MASCO 2020,retained,high,311226,Operation Technician,ESCO 1.2.1,1,6,12,0,https://www.dosm.gov.my/uploads/content-downloads/file_20220920110308.pdf#page=368,official_source_rights_review_required_for_external_bulk_redistribution
M311214,311214,Green Building Facilities Maintenance Technician,en-MY,MASCO 2020,retained,high,311227,Green Building Facilities Maintenance Technician,ESCO 1.2.1,1,6,12,0,https://www.dosm.gov.my/uploads/content-downloads/file_20220920110308.pdf#page=368,official_source_rights_review_required_for_external_bulk_redistribution
M311216,311216,Assistant Engineer Maintenance,en-MY,MASCO 2020,retained,high,311230,Assistant Engineer Maintenance,ESCO 1.2.1,1,6,12,0,https://www.dosm.gov.my/uploads/content-downloads/file_20220920110308.pdf#page=368,official_source_rights_review_required_for_external_bulk_redistribution
M311217,311217,Quantity Surveyor Assistant,en-MY,MASCO 2020,retained,high,311233,Quantity Surveyor Assistant,ESCO 1.2.1; OSCA 2024 Version 1.0,2,10,12,0,https://www.dosm.gov.my/uploads/content-downloads/file_20220920110308.pdf#page=368,official_source_rights_review_required_for_external_bulk_redistribution
M311219,311219,Assistant Engineer Grade JA5,en-MY,MASCO 2020,retained,high,311219,Assistant Engineer Grade JA29,ESCO 1.2.1,1,6,12,0,https://www.dosm.gov.my/uploads/content-downloads/file_20220920110308.pdf#page=368,official_source_rights_review_required_for_external_bulk_redistribution
M311220,311220,Assistant Quantity Surveyor Grade JA5,en-MY,MASCO 2020,retained,high,311232,Assistant Quantity Surveyor Grade JA29,ESCO 1.2.1; OSCA 2024 Version 1.0,2,10,12,0,https://www.dosm.gov.my/uploads/content-downloads/file_20220920110308.pdf#page=368,official_source_rights_review_required_for_external_bulk_redistribution
M311222,311222,Assistant Building Surveyor Grade J5,en-MY,MASCO 2020,retained,high,311237,Assistant Building Surveyor Grade J29,ESCO 1.2.1; OSCA 2024 Version 1.0,2,10,12,0,https://www.dosm.gov.my/uploads/content-downloads/file_20220920110308.pdf#page=369,official_source_rights_review_required_for_external_bulk_redistribution
M311301,311301,Electrical Engineering Technician,en-MY,MASCO 2020,retained,high,311301,Electrical Engineering Technician,ESCO 1.2.1; O*NET 31.0; NOC 2021 Version 1.0; OSCA 2024 Version 1.0,4,14,12,0,https://www.dosm.gov.my/uploads/content-downloads/file_20220920110308.pdf#page=369,official_source_rights_review_required_for_external_bulk_redistribution
M311303,311303,Electrical and Instrument Supervisor,en-MY,MASCO 2020,retained,high,311307,Electrical and Instrument Supervisor,ESCO 1.2.1,1,6,12,0,https://www.dosm.gov.my/uploads/content-downloads/file_20220920110308.pdf#page=369,official_source_rights_review_required_for_external_bulk_redistribution
M311304,311304,Electrical Engineering Estimator,en-MY,MASCO 2020,retained,high,311310,Electrical Engineering Estimator,ESCO 1.2.1; OSCA 2024 Version 1.0,2,10,12,0,https://www.dosm.gov.my/uploads/content-downloads/file_20220920110308.pdf#page=369,official_source_rights_review_required_for_external_bulk_redistribution
M311306,311306,Electrical High Voltage Technician,en-MY,MASCO 2020,retained,high,311314,Electrical High Voltage Technician,ESCO 1.2.1,1,6,12,0,https://www.dosm.gov.my/uploads/content-downloads/file_20220920110308.pdf#page=369,official_source_rights_review_required_for_external_bulk_redistribution
M311307,311307,Debug Technician,en-MY,MASCO 2020,retained,high,311315,Debug Technician,ESCO 1.2.1,1,6,12,0,https://www.dosm.gov.my/uploads/content-downloads/file_20220920110308.pdf#page=369,official_source_rights_review_required_for_external_bulk_redistribution
M311308,311308,Assistant Electrical Engineer,en-MY,MASCO 2020,retained,high,311316,Assistant Electrical Engineer,ESCO 1.2.1; O*NET 31.0; NOC 2021 Version 1.0; OSCA 2024 Version 1.0,4,14,12,0,https://www.dosm.gov.my/uploads/content-downloads/file_20220920110308.pdf#page=369,official_source_rights_review_required_for_external_bulk_redistribution
M311401,311401,Electronics Engineering Technician,en-MY,MASCO 2020,retained,high,311401,Electronics Engineering Technician,ESCO 1.2.1; O*NET 31.0; NOC 2021 Version 1.0; OSCA 2024 Version 1.0,4,14,12,0,https://www.dosm.gov.my/uploads/content-downloads/file_20220920110308.pdf#page=369,official_source_rights_review_required_for_external_bulk_redistribution
M311402,311402,Electronics Engineering Estimator,en-MY,MASCO 2020,retained,high,311402,Electronics Engineering Estimator,ESCO 1.2.1; OSCA 2024 Version 1.0,2,10,12,0,https://www.dosm.gov.my/uploads/content-downloads/file_20220920110308.pdf#page=369,official_source_rights_review_required_for_external_bulk_redistribution
M311403,311403,Electronics Design Technician,en-MY,MASCO 2020,retained,high,311404,Electronics Design Technician,ESCO 1.2.1; OSCA 2024 Version 1.0,2,10,12,0,https://www.dosm.gov.my/uploads/content-downloads/file_20220920110308.pdf#page=369,official_source_rights_review_required_for_external_bulk_redistribution
M311404,311404,Semi-Conductor Technician,en-MY,MASCO 2020,retained,high,351113,Semi-Conductor Technician,ESCO 1.2.1,1,6,12,0,https://www.dosm.gov.my/uploads/content-downloads/file_20220920110308.pdf#page=385,official_source_rights_review_required_for_external_bulk_redistribution
M311501,311501,Mechanical Engineering Technician,en-MY,MASCO 2020,retained,high,311504,Mechanical Engineering Technician,ESCO 1.2.1; O*NET 31.0; NOC 2021 Version 1.0; OSCA 2024 Version 1.0,4,14,12,0,https://www.dosm.gov.my/uploads/content-downloads/file_20220920110308.pdf#page=369,official_source_rights_review_required_for_external_bulk_redistribution
M311502,311502,Mechanical Engineering Assistant,en-MY,MASCO 2020,retained,high,311514,Mechanical Engineering Assistant,ESCO 1.2.1; OSCA 2024 Version 1.0,2,10,12,0,https://www.dosm.gov.my/uploads/content-downloads/file_20220920110308.pdf#page=369,official_source_rights_review_required_for_external_bulk_redistribution
M311503,311503,Mechanical Engineering Estimator,en-MY,MASCO 2020,retained,high,311515,Mechanical Engineering Estimator,ESCO 1.2.1; OSCA 2024 Version 1.0,2,10,12,0,https://www.dosm.gov.my/uploads/content-downloads/file_20220920110308.pdf#page=369,official_source_rights_review_required_for_external_bulk_redistribution
M311504,311504,Port Master/Dockmaster,en-MY,MASCO 2020,retained,medium,311516,"Dockmaster, Dry Dock",ESCO 1.2.1,1,6,12,0,https://www.dosm.gov.my/uploads/content-downloads/file_20220920110308.pdf#page=369,official_source_rights_review_required_for_external_bulk_redistribution
M311505,311505,Hydraulic Hose Technician,en-MY,MASCO 2020,retained,high,311521,Hydraulic Hose Technician,ESCO 1.2.1,1,6,12,0,https://www.dosm.gov.my/uploads/content-downloads/file_20220920110308.pdf#page=369,official_source_rights_review_required_for_external_bulk_redistribution
M311506,311506,Mechatronics Technician,en-MY,MASCO 2020,retained,high,311524,Mechatronics Technician,ESCO 1.2.1,1,6,12,0,https://www.dosm.gov.my/uploads/content-downloads/file_20220920110308.pdf#page=369,official_source_rights_review_required_for_external_bulk_redistribution
M311507,311507,CNC Technician (Computer Numerical Control),en-MY,MASCO 2020,retained,high,311527,CNC Technician (Computer Numerical Control),ESCO 1.2.1,1,6,12,0,https://www.dosm.gov.my/uploads/content-downloads/file_20220920110308.pdf#page=369,official_source_rights_review_required_for_external_bulk_redistribution
M311508,311508,Welding Technician,en-MY,MASCO 2020,retained,high,311528,Welding Technician,ESCO 1.2.1,1,6,12,0,https://www.dosm.gov.my/uploads/content-downloads/file_20220920110308.pdf#page=370,official_source_rights_review_required_for_external_bulk_redistribution
M311509,311509,Steelmaking Technician,en-MY,MASCO 2020,retained,high,311529,Steelmaking Technician,ESCO 1.2.1,1,6,12,0,https://www.dosm.gov.my/uploads/content-downloads/file_20220920110308.pdf#page=370,official_source_rights_review_required_for_external_bulk_redistribution
M311510,311510,Competent Person (CP) - Hygiene Technician,en-MY,MASCO 2020,retained,medium,311531,Hygiene Technician 1,ESCO 1.2.1,1,6,12,0,https://www.dosm.gov.my/uploads/content-downloads/file_20220920110308.pdf#page=370,official_source_rights_review_required_for_external_bulk_redistribution
M311511,311511,Mechatronics Engineering Assistant,en-MY,MASCO 2020,retained,medium,311524,Mechatronics Technician,ESCO 1.2.1,1,6,12,0,https://www.dosm.gov.my/uploads/content-downloads/file_20220920110308.pdf#page=369,official_source_rights_review_required_for_external_bulk_redistribution
M311512,311512,CAD/CAM (Computer-Aided Design and Manufacturing) Technician,en-MY,MASCO 2020,retained,high,311538,CAD/CAM Technician (Computer-Aided Design and Manufacturing),ESCO 1.2.1,1,4,12,0,https://www.dosm.gov.my/uploads/content-downloads/file_20220920110308.pdf#page=370,official_source_rights_review_required_for_external_bulk_redistribution
M311515,311515,Equipment Technician,en-MY,MASCO 2020,retained,high,311548,Equipment Technician,ESCO 1.2.1; OSCA 2024 Version 1.0,2,10,12,0,https://www.dosm.gov.my/uploads/content-downloads/file_20220920110308.pdf#page=370,official_source_rights_review_required_for_external_bulk_redistribution
M311516,311516,Assistant Equipment Engineer,en-MY,MASCO 2020,retained,high,311549,Assistant Equipment Engineer,ESCO 1.2.1,1,6,12,0,https://www.dosm.gov.my/uploads/content-downloads/file_20220920110308.pdf#page=370,official_source_rights_review_required_for_external_bulk_redistribution
M311517,311517,Assistant Welding Engineer,en-MY,MASCO 2020,retained,high,311550,Assistant Welding Engineer,ESCO 1.2.1,1,6,12,0,https://www.dosm.gov.my/uploads/content-downloads/file_20220920110308.pdf#page=370,official_source_rights_review_required_for_external_bulk_redistribution
M311518,311518,AutoCAD Designer,en-MY,MASCO 2020,retained,medium,311544,AutoCad Drafter,ESCO 1.2.1,1,4,12,0,https://www.dosm.gov.my/uploads/content-downloads/file_20220920110308.pdf#page=370,official_source_rights_review_required_for_external_bulk_redistribution
M311519,311519,Pneumatic Supervisor,en-MY,MASCO 2020,excluded,not_established,,,ESCO 1.2.1,1,6,12,0,https://www.dosm.gov.my/uploads/content-downloads/file_20220920110308.pdf,official_source_rights_review_required_for_external_bulk_redistribution
M311520,311520,Repair and Maintenance (R&M) Technician,en-MY,MASCO 2020,retained,medium,311903,Maintenance Technician,ESCO 1.2.1,1,6,12,0,https://www.dosm.gov.my/uploads/content-downloads/file_20220920110308.pdf#page=371,official_source_rights_review_required_for_external_bulk_redistribution
M311521,311521,Optical Engineering Technician,en-MY,MASCO 2020,excluded,not_established,,,ESCO 1.2.1; O*NET 31.0; OSCA 2024 Version 1.0,3,14,12,0,https://www.dosm.gov.my/uploads/content-downloads/file_20220920110308.pdf,official_source_rights_review_required_for_external_bulk_redistribution
M311601,311601,Chemical Engineering Technician,en-MY,MASCO 2020,retained,high,311601,Chemical Engineering Technician,ESCO 1.2.1; O*NET 31.0; NOC 2021 Version 1.0; OSCA 2024 Version 1.0,4,14,12,0,https://www.dosm.gov.my/uploads/content-downloads/file_20220920110308.pdf#page=370,official_source_rights_review_required_for_external_bulk_redistribution
M311602,311602,Oil Technologist,en-MY,MASCO 2020,retained,high,311604,Oil Technologist,ESCO 1.2.1,1,6,12,0,https://www.dosm.gov.my/uploads/content-downloads/file_20220920110308.pdf#page=370,official_source_rights_review_required_for_external_bulk_redistribution
M311603,311603,Chemical Petroleum Technician,en-MY,MASCO 2020,retained,high,311605,Chemical Petroleum Technician,ESCO 1.2.1; O*NET 31.0; NOC 2021 Version 1.0; OSCA 2024 Version 1.0,4,14,12,0,https://www.dosm.gov.my/uploads/content-downloads/file_20220920110308.pdf#page=370,official_source_rights_review_required_for_external_bulk_redistribution
M311604,311604,Chemical Engineering Estimator,en-MY,MASCO 2020,retained,high,311609,Chemical Engineering Estimator,ESCO 1.2.1,1,6,12,0,https://www.dosm.gov.my/uploads/content-downloads/file_20220920110308.pdf#page=370,official_source_rights_review_required_for_external_bulk_redistribution
M311701,311701,Metallurgical Technician,en-MY,MASCO 2020,retained,high,311701,Metallurgical Technician,ESCO 1.2.1; OSCA 2024 Version 1.0,2,10,12,0,https://www.dosm.gov.my/uploads/content-downloads/file_20220920110308.pdf#page=370,official_source_rights_review_required_for_external_bulk_redistribution
M311702,311702,Metallurgical Laboratory Assistant,en-MY,MASCO 2020,retained,high,311704,Metallurgical Laboratory Assistant,ESCO 1.2.1; NOC 2021 Version 1.0,2,11,12,0,https://www.dosm.gov.my/uploads/content-downloads/file_20220920110308.pdf#page=370,official_source_rights_review_required_for_external_bulk_redistribution
M311703,311703,Mining Assistant,en-MY,MASCO 2020,retained,high,311711,Mining Assistant,ESCO 1.2.1,1,6,12,0,https://www.dosm.gov.my/uploads/content-downloads/file_20220920110308.pdf#page=370,official_source_rights_review_required_for_external_bulk_redistribution
M311704,311704,Associate Field Professional,en-MY,MASCO 2020,retained,high,311723,Associate Field Professional,ESCO 1.2.1,1,6,12,0,https://www.dosm.gov.my/uploads/content-downloads/file_20220920110308.pdf#page=371,official_source_rights_review_required_for_external_bulk_redistribution
M311801,311801,Draughtsperson,en-MY,MASCO 2020,retained,high,311803,Draughtsperson,ESCO 1.2.1,1,6,12,0,https://www.dosm.gov.my/uploads/content-downloads/file_20220920110308.pdf#page=371,official_source_rights_review_required_for_external_bulk_redistribution
M311802,311802,Geospatial Technician,en-MY,MASCO 2020,retained,high,311824,Geospatial Technician,ESCO 1.2.1; OSCA 2024 Version 1.0,2,10,12,0,https://www.dosm.gov.my/uploads/content-downloads/file_20220920110308.pdf#page=371,official_source_rights_review_required_for_external_bulk_redistribution
M311804,311804,Draughtsperson (Architecture) Grade JA1,en-MY,MASCO 2020,retained,high,311801,Draughtsperson (Architecture) Grade JA19,ESCO 1.2.1,1,6,12,0,https://www.dosm.gov.my/uploads/content-downloads/file_20220920110308.pdf#page=371,official_source_rights_review_required_for_external_bulk_redistribution
M311805,311805,Assistant Architectural Officer Grade JA5,en-MY,MASCO 2020,retained,high,311826,Assistant Architectural Officer Grade JA29,ESCO 1.2.1,1,6,12,0,https://www.dosm.gov.my/uploads/content-downloads/file_20220920110308.pdf#page=371,official_source_rights_review_required_for_external_bulk_redistribution
M311806,311806,Draughtsperson (Civil Engineering) Grade JA1,en-MY,MASCO 2020,retained,high,311827,Draughtsperson (Civil Engineering) Grade JA19,ESCO 1.2.1,1,6,12,0,https://www.dosm.gov.my/uploads/content-downloads/file_20220920110308.pdf#page=371,official_source_rights_review_required_for_external_bulk_redistribution
M311807,311807,Assistant Landscape Architect Grade JA5,en-MY,MASCO 2020,retained,high,311828,Assistant Landscape Architect Grade JA29,ESCO 1.2.1; OSCA 2024 Version 1.0,2,10,12,0,https://www.dosm.gov.my/uploads/content-downloads/file_20220920110308.pdf#page=371,official_source_rights_review_required_for_external_bulk_redistribution
M311808,311808,Assistant Land Officer Grade NT5,en-MY,MASCO 2020,retained,high,311829,Assistant Land Officer (Peninsular) NT29,ESCO 1.2.1,1,6,12,0,https://www.dosm.gov.my/uploads/content-downloads/file_20220920110308.pdf#page=371,official_source_rights_review_required_for_external_bulk_redistribution
M311809,311809,Land Administration Assistant/Assistant Land Administrator Grade NT5,en-MY,MASCO 2020,retained,high,311830,Assistant Land Admini Officer (Sabah and Sarawak) Grade NT29,ESCO 1.2.1,1,6,12,0,https://www.dosm.gov.my/uploads/content-downloads/file_20220920110308.pdf#page=371,official_source_rights_review_required_for_external_bulk_redistribution
M311810,311810,Assistant Surveyor Grade JA5,en-MY,MASCO 2020,retained,high,311831,Assistant Surveyor Grade JA29,ESCO 1.2.1,1,6,12,0,https://www.dosm.gov.my/uploads/content-downloads/file_20220920110308.pdf#page=371,official_source_rights_review_required_for_external_bulk_redistribution
M311811,311811,Assistant Urban and Rural Planning Officer Grade JA7,en-MY,MASCO 2020,excluded,not_established,,,ESCO 1.2.1,1,6,12,0,https://www.dosm.gov.my/uploads/content-downloads/file_20220920110308.pdf,official_source_rights_review_required_for_external_bulk_redistribution
M311901,311901,Engineering Technician (Production),en-MY,MASCO 2020,retained,medium,311910,"Engineering Technician, Production",ESCO 1.2.1; O*NET 31.0; OSCA 2024 Version 1.0,3,14,12,0,https://www.dosm.gov.my/uploads/content-downloads/file_20220920110308.pdf#page=371,official_source_rights_review_required_for_external_bulk_redistribution
M311902,311902,Quality Assurance Engineering Technician,en-MY,MASCO 2020,retained,high,311928,Quality Assurance Engineering Technician,ESCO 1.2.1,1,6,12,0,https://www.dosm.gov.my/uploads/content-downloads/file_20220920110308.pdf#page=372,official_source_rights_review_required_for_external_bulk_redistribution
M311904,311904,Food Processing Technician,en-MY,MASCO 2020,retained,high,311943,Food Processing Technician,ESCO 1.2.1; O*NET 31.0,2,13,12,0,https://www.dosm.gov.my/uploads/content-downloads/file_20220920110308.pdf#page=372,official_source_rights_review_required_for_external_bulk_redistribution
M311905,311905,Crankshaft Grinding Technician,en-MY,MASCO 2020,retained,high,311944,Crankshaft Grinding Technician,ESCO 1.2.1,1,6,12,0,https://www.dosm.gov.my/uploads/content-downloads/file_20220920110308.pdf#page=372,official_source_rights_review_required_for_external_bulk_redistribution
M311906,311906,Agro-Based Biotech Research Technician,en-MY,MASCO 2020,retained,high,311945,Agro-Based Biotech Research Technician,ESCO 1.2.1,1,6,12,0,https://www.dosm.gov.my/uploads/content-downloads/file_20220920110308.pdf#page=372,official_source_rights_review_required_for_external_bulk_redistribution
M311907,311907,Aquaculture Biotech Research Technician,en-MY,MASCO 2020,excluded,not_established,,,ESCO 1.2.1,1,6,12,0,https://www.dosm.gov.my/uploads/content-downloads/file_20220920110308.pdf,official_source_rights_review_required_for_external_bulk_redistribution
M311909,311909,Test Technician,en-MY,MASCO 2020,retained,high,311948,Test Technician,ESCO 1.2.1,1,6,12,0,https://www.dosm.gov.my/uploads/content-downloads/file_20220920110308.pdf#page=372,official_source_rights_review_required_for_external_bulk_redistribution
M311914,311914,Assistant Factory and Machinery Inspector Grade JA5,en-MY,MASCO 2020,retained,high,311929,Assistant Factory and Machinery Inspector Grade JA29,ESCO 1.2.1,1,6,12,0,https://www.dosm.gov.my/uploads/content-downloads/file_20220920110308.pdf#page=372,official_source_rights_review_required_for_external_bulk_redistribution
M312201,312201,Manufacturing Supervisor,en-MY,MASCO 2020,retained,high,312201,Manufacturing Supervisor,ESCO 1.2.1; NOC 2021 Version 1.0,2,11,12,0,https://www.dosm.gov.my/uploads/content-downloads/file_20220920110308.pdf#page=372,official_source_rights_review_required_for_external_bulk_redistribution
M312202,312202,Finishing Supervisor,en-MY,MASCO 2020,retained,high,312203,Finishing Supervisor,ESCO 1.2.1,1,6,12,0,https://www.dosm.gov.my/uploads/content-downloads/file_20220920110308.pdf#page=372,official_source_rights_review_required_for_external_bulk_redistribution
M312203,312203,Compounding Supervisor,en-MY,MASCO 2020,retained,high,312205,Compounding Supervisor,ESCO 1.2.1,1,6,12,0,https://www.dosm.gov.my/uploads/content-downloads/file_20220920110308.pdf#page=372,official_source_rights_review_required_for_external_bulk_redistribution
M312204,312204,Cutting Supervisor,en-MY,MASCO 2020,retained,high,312207,Cutting Supervisor,ESCO 1.2.1,1,6,12,0,https://www.dosm.gov.my/uploads/content-downloads/file_20220920110308.pdf#page=372,official_source_rights_review_required_for_external_bulk_redistribution
M312205,312205,Plywood Inspection Supervisor,en-MY,MASCO 2020,retained,high,312209,Plywood Inspection Supervisor,ESCO 1.2.1,1,6,12,0,https://www.dosm.gov.my/uploads/content-downloads/file_20220920110308.pdf#page=372,official_source_rights_review_required_for_external_bulk_redistribution
M312206,312206,Sawyer Supervisor,en-MY,MASCO 2020,retained,high,312210,Sawyer Supervisor,ESCO 1.2.1,1,6,12,0,https://www.dosm.gov.my/uploads/content-downloads/file_20220920110308.pdf#page=372,official_source_rights_review_required_for_external_bulk_redistribution
M312207,312207,Halal Food Manufacturing Production Supervisor,en-MY,MASCO 2020,retained,high,312218,"Production Supervisor, Halal Food Manufacturing",ESCO 1.2.1,1,6,12,0,https://www.dosm.gov.my/uploads/content-downloads/file_20220920110308.pdf#page=372,official_source_rights_review_required_for_external_bulk_redistribution
M312208,312208,Halal Meat Processing Quality Assurance Supervisor,en-MY,MASCO 2020,retained,high,312220,"Quality Assurance Supervisor, Halal Meat Processing",ESCO 1.2.1,1,6,12,0,https://www.dosm.gov.my/uploads/content-downloads/file_20220920110308.pdf#page=373,official_source_rights_review_required_for_external_bulk_redistribution
M312212,312212,Maintenance Supervisor,en-MY,MASCO 2020,retained,high,312226,Maintenance Supervisor,ESCO 1.2.1,1,6,12,0,https://www.dosm.gov.my/uploads/content-downloads/file_20220920110308.pdf#page=373,official_source_rights_review_required_for_external_bulk_redistribution
M312213,312213,Halal Slaughterhouse Supervisor,en-MY,MASCO 2020,retained,high,312228,"Supervisor, Halal Slaughterhouse",ESCO 1.2.1,1,6,12,0,https://www.dosm.gov.my/uploads/content-downloads/file_20220920110308.pdf#page=373,official_source_rights_review_required_for_external_bulk_redistribution
M312214,312214,Halal Logistics Operation Warehouse Supervisor,en-MY,MASCO 2020,retained,high,312229,"Warehouse Supervisor, Halal Logistics Operation",ESCO 1.2.1; OSCA 2024 Version 1.0,2,10,12,0,https://www.dosm.gov.my/uploads/content-downloads/file_20220920110308.pdf#page=373,official_source_rights_review_required_for_external_bulk_redistribution
M312217,312217,Industrial Robot Controller,en-MY,MASCO 2020,retained,high,312234,Industrial Robot Controller,ESCO 1.2.1,1,6,12,0,https://www.dosm.gov.my/uploads/content-downloads/file_20220920110308.pdf#page=373,official_source_rights_review_required_for_external_bulk_redistribution
M312218,312218,Quality Assurance Supervisor,en-MY,MASCO 2020,retained,medium,312215,Quality Control Supervisor,ESCO 1.2.1; OSCA 2024 Version 1.0,2,10,12,0,https://www.dosm.gov.my/uploads/content-downloads/file_20220920110308.pdf#page=372,official_source_rights_review_required_for_external_bulk_redistribution
M312301,312301,Operation Supervisor,en-MY,MASCO 2020,retained,high,312301,Operation Supervisor,ESCO 1.2.1; NOC 2021 Version 1.0; OSCA 2024 Version 1.0,3,14,12,0,https://www.dosm.gov.my/uploads/content-downloads/file_20220920110308.pdf#page=373,official_source_rights_review_required_for_external_bulk_redistribution
M312302,312302,Construction Supervisor,en-MY,MASCO 2020,retained,high,312303,Construction Supervisor,ESCO 1.2.1; OSCA 2024 Version 1.0,2,10,12,0,https://www.dosm.gov.my/uploads/content-downloads/file_20220920110308.pdf#page=373,official_source_rights_review_required_for_external_bulk_redistribution
M313101,313101,Power Generating Plant Operator,en-MY,MASCO 2020,retained,high,313104,Power Generating Plant Operator,ESCO 1.2.1; O*NET 31.0; OSCA 2024 Version 1.0,3,14,12,0,https://www.dosm.gov.my/uploads/content-downloads/file_20220920110308.pdf#page=373,official_source_rights_review_required_for_external_bulk_redistribution
M313102,313102,Powerhouse Fabricator,en-MY,MASCO 2020,retained,high,313106,Powerhouse Fabricator,ESCO 1.2.1,1,6,12,0,https://www.dosm.gov.my/uploads/content-downloads/file_20220920110308.pdf#page=373,official_source_rights_review_required_for_external_bulk_redistribution
M313103,313103,Solar Power Plant Operator,en-MY,MASCO 2020,retained,high,313110,Solar Power Plant Operator,ESCO 1.2.1; O*NET 31.0; OSCA 2024 Version 1.0,3,14,12,0,https://www.dosm.gov.my/uploads/content-downloads/file_20220920110308.pdf#page=373,official_source_rights_review_required_for_external_bulk_redistribution
M313104,313104,Distribution Control Operator,en-MY,MASCO 2020,retained,high,313111,Distribution Control Operator,ESCO 1.2.1,1,6,12,0,https://www.dosm.gov.my/uploads/content-downloads/file_20220920110308.pdf#page=373,official_source_rights_review_required_for_external_bulk_redistribution
M313105,313105,Power Systems Operator,en-MY,MASCO 2020,retained,high,313113,Power System Operator,ESCO 1.2.1; O*NET 31.0; NOC 2021 Version 1.0,3,14,12,0,https://www.dosm.gov.my/uploads/content-downloads/file_20220920110308.pdf#page=373,official_source_rights_review_required_for_external_bulk_redistribution
M313107,313107,Solar Cell Technician,en-MY,MASCO 2020,retained,high,313116,Solar Cell Technician,ESCO 1.2.1,1,6,12,0,https://www.dosm.gov.my/uploads/content-downloads/file_20220920110308.pdf#page=373,official_source_rights_review_required_for_external_bulk_redistribution
M313201,313201,Stationary Engine Operator,en-MY,MASCO 2020,retained,high,313201,Stationary Engine Operator,ESCO 1.2.1; OSCA 2024 Version 1.0,2,10,12,0,https://www.dosm.gov.my/uploads/content-downloads/file_20220920110308.pdf#page=374,official_source_rights_review_required_for_external_bulk_redistribution
M313301,313301,Chemical Processing Plant Controller / Supervisor,en-MY,MASCO 2020,retained,medium,313302,Chemical Plant Supervisor,ESCO 1.2.1,1,6,12,0,https://www.dosm.gov.my/uploads/content-downloads/file_20220920110308.pdf#page=374,official_source_rights_review_required_for_external_bulk_redistribution
M313401,313401,Gas Plant Operator,en-MY,MASCO 2020,retained,high,313406,Gas Plant Operator,ESCO 1.2.1; O*NET 31.0; OSCA 2024 Version 1.0,3,14,12,0,https://www.dosm.gov.my/uploads/content-downloads/file_20220920110308.pdf#page=374,official_source_rights_review_required_for_external_bulk_redistribution
M313402,313402,Pumping-Station Petroleum and Natural Gas Operator,en-MY,MASCO 2020,retained,high,313412,Pumping-Station Petroleum and Natural Gas Operator,ESCO 1.2.1; O*NET 31.0,2,13,12,0,https://www.dosm.gov.my/uploads/content-downloads/file_20220920110308.pdf#page=374,official_source_rights_review_required_for_external_bulk_redistribution
M313403,313403,Refinery Process Technician,en-MY,MASCO 2020,retained,high,313417,Refinery Process Technician,ESCO 1.2.1,1,6,12,0,https://www.dosm.gov.my/uploads/content-downloads/file_20220920110308.pdf#page=375,official_source_rights_review_required_for_external_bulk_redistribution
M313501,313501,Metal Processing Control Operator,en-MY,MASCO 2020,retained,high,313503,Metal Processing Control Operator,ESCO 1.2.1; NOC 2021 Version 1.0,2,11,12,0,https://www.dosm.gov.my/uploads/content-downloads/file_20220920110308.pdf#page=375,official_source_rights_review_required_for_external_bulk_redistribution
M314101,314101,Biological Technician,en-MY,MASCO 2020,retained,high,314101,Biological Technician,ESCO 1.2.1; O*NET 31.0; NOC 2021 Version 1.0,3,14,12,0,https://www.dosm.gov.my/uploads/content-downloads/file_20220920110308.pdf#page=375,official_source_rights_review_required_for_external_bulk_redistribution
M314102,314102,Entomological Technician,en-MY,MASCO 2020,retained,high,314102,Entomological Technician,ESCO 1.2.1,1,6,12,0,https://www.dosm.gov.my/uploads/content-downloads/file_20220920110308.pdf#page=375,official_source_rights_review_required_for_external_bulk_redistribution
M314103,314103,Botanical Technician,en-MY,MASCO 2020,retained,high,314104,Botanical Technician,ESCO 1.2.1,1,6,12,0,https://www.dosm.gov.my/uploads/content-downloads/file_20220920110308.pdf#page=375,official_source_rights_review_required_for_external_bulk_redistribution
M314104,314104,Artificial Breeding Technician,en-MY,MASCO 2020,retained,high,314107,Artificial Breeding Technician,ESCO 1.2.1,1,6,12,0,https://www.dosm.gov.my/uploads/content-downloads/file_20220920110308.pdf#page=375,official_source_rights_review_required_for_external_bulk_redistribution
M314105,314105,Zoological Technician,en-MY,MASCO 2020,retained,high,314109,Zoological Technician,ESCO 1.2.1,1,6,12,0,https://www.dosm.gov.my/uploads/content-downloads/file_20220920110308.pdf#page=375,official_source_rights_review_required_for_external_bulk_redistribution
M314201,314201,Soil Science Technician,en-MY,MASCO 2020,retained,high,314203,Soil Science Technician,ESCO 1.2.1; O*NET 31.0; OSCA 2024 Version 1.0,3,14,12,0,https://www.dosm.gov.my/uploads/content-downloads/file_20220920110308.pdf#page=375,official_source_rights_review_required_for_external_bulk_redistribution
M314202,314202,Horticulture Technician,en-MY,MASCO 2020,retained,high,314205,Horticulture Technician,ESCO 1.2.1; NOC 2021 Version 1.0,2,11,12,0,https://www.dosm.gov.my/uploads/content-downloads/file_20220920110308.pdf#page=375,official_source_rights_review_required_for_external_bulk_redistribution
M314203,314203,Irrigation Technician,en-MY,MASCO 2020,retained,medium,314209,Irrigator,ESCO 1.2.1; OSCA 2024 Version 1.0,2,10,12,0,https://www.dosm.gov.my/uploads/content-downloads/file_20220920110308.pdf#page=375,official_source_rights_review_required_for_external_bulk_redistribution
M314204,314204,Farming Technician (Animal Production),en-MY,MASCO 2020,excluded,not_established,,,ESCO 1.2.1,1,6,12,0,https://www.dosm.gov.my/uploads/content-downloads/file_20220920110308.pdf,official_source_rights_review_required_for_external_bulk_redistribution
M314205,314205,Halal Livestock Production Supervisor,en-MY,MASCO 2020,retained,high,314218,"Supervisor, Halal Livestock Production",ESCO 1.2.1,1,6,12,0,https://www.dosm.gov.my/uploads/content-downloads/file_20220920110308.pdf#page=376,official_source_rights_review_required_for_external_bulk_redistribution
M314206,314206,Assistant Agricultural Officer Grade G5,en-MY,MASCO 2020,retained,high,314216,Assistant Agricultural Officer Grade G29,ESCO 1.2.1,1,6,12,0,https://www.dosm.gov.my/uploads/content-downloads/file_20220920110308.pdf#page=376,official_source_rights_review_required_for_external_bulk_redistribution
M314207,314207,Assistant Land Planning Officer Grade G5,en-MY,MASCO 2020,retained,high,314217,Assistant Land Planning Officer Grade G29,ESCO 1.2.1,1,6,12,0,https://www.dosm.gov.my/uploads/content-downloads/file_20220920110308.pdf#page=376,official_source_rights_review_required_for_external_bulk_redistribution
M314208,314208,Land Scheme Supervisor Grade G1,en-MY,MASCO 2020,retained,high,314221,Land Scheme Supervisor Grade G19,ESCO 1.2.1,1,6,12,0,https://www.dosm.gov.my/uploads/content-downloads/file_20220920110308.pdf#page=376,official_source_rights_review_required_for_external_bulk_redistribution
M314301,314301,Forestry Technician,en-MY,MASCO 2020,retained,high,314302,Forestry Technician,ESCO 1.2.1; NOC 2021 Version 1.0,2,11,12,0,https://www.dosm.gov.my/uploads/content-downloads/file_20220920110308.pdf#page=376,official_source_rights_review_required_for_external_bulk_redistribution
M314303,314303,Assistant Conservator of Forests Grade G5,en-MY,MASCO 2020,retained,high,314304,Assistant Conservator of Forests Grade G29,ESCO 1.2.1,1,6,12,0,https://www.dosm.gov.my/uploads/content-downloads/file_20220920110308.pdf#page=376,official_source_rights_review_required_for_external_bulk_redistribution
M314304,314304,Assistant Wildlife Officer Grade G5,en-MY,MASCO 2020,retained,high,314305,Assistant Wildlife Officer Grade G29,ESCO 1.2.1,1,6,12,0,https://www.dosm.gov.my/uploads/content-downloads/file_20220920110308.pdf#page=376,official_source_rights_review_required_for_external_bulk_redistribution
M314305,314305,Wildlife Assistant Grade G1,en-MY,MASCO 2020,retained,high,314306,Wildlife Assistant Grade G19,ESCO 1.2.1,1,6,12,0,https://www.dosm.gov.my/uploads/content-downloads/file_20220920110308.pdf#page=376,official_source_rights_review_required_for_external_bulk_redistribution
M314401,314401,Hatchery Technician,en-MY,MASCO 2020,retained,high,314401,Hatchery Technician,ESCO 1.2.1,1,6,12,0,https://www.dosm.gov.my/uploads/content-downloads/file_20220920110308.pdf#page=376,official_source_rights_review_required_for_external_bulk_redistribution
M314402,314402,Hatchery Supervisor,en-MY,MASCO 2020,retained,high,314402,Hatchery Supervisor,ESCO 1.2.1,1,6,12,0,https://www.dosm.gov.my/uploads/content-downloads/file_20220920110308.pdf#page=376,official_source_rights_review_required_for_external_bulk_redistribution
M314403,314403,Fishery Technician,en-MY,MASCO 2020,retained,high,314403,Fishery Technician,ESCO 1.2.1; OSCA 2024 Version 1.0,2,10,12,0,https://www.dosm.gov.my/uploads/content-downloads/file_20220920110308.pdf#page=376,official_source_rights_review_required_for_external_bulk_redistribution
M314404,314404,Hatchery Assistant,en-MY,MASCO 2020,retained,high,314404,Hatchery Assistant,ESCO 1.2.1,1,6,12,0,https://www.dosm.gov.my/uploads/content-downloads/file_20220920110308.pdf#page=376,official_source_rights_review_required_for_external_bulk_redistribution
M314405,314405,Aquaculture Technician,en-MY,MASCO 2020,retained,high,314405,Aquaculture Technician,ESCO 1.2.1; OSCA 2024 Version 1.0,2,10,12,0,https://www.dosm.gov.my/uploads/content-downloads/file_20220920110308.pdf#page=376,official_source_rights_review_required_for_external_bulk_redistribution
M314407,314407,Assistant Fisheries Officer Grade G5,en-MY,MASCO 2020,retained,high,314407,Assistant Fisheries Officer Grade G29,ESCO 1.2.1; OSCA 2024 Version 1.0,2,10,12,0,https://www.dosm.gov.my/uploads/content-downloads/file_20220920110308.pdf#page=376,official_source_rights_review_required_for_external_bulk_redistribution
M315101,315101,Air Traffic Safety Technician,en-MY,MASCO 2020,retained,high,315101,Air Traffic Safety Technician,ESCO 1.2.1; O*NET 31.0,2,13,12,0,https://www.dosm.gov.my/uploads/content-downloads/file_20220920110308.pdf#page=376,official_source_rights_review_required_for_external_bulk_redistribution
M315102,315102,Aviation Maintenance Technician,en-MY,MASCO 2020,retained,high,315103,Aviation Maintenance Technician,ESCO 1.2.1,1,6,12,0,https://www.dosm.gov.my/uploads/content-downloads/file_20220920110308.pdf#page=376,official_source_rights_review_required_for_external_bulk_redistribution
M315103,315103,Aircraft Restorer,en-MY,MASCO 2020,retained,high,315107,Aircraft Restorer,ESCO 1.2.1,1,6,12,0,https://www.dosm.gov.my/uploads/content-downloads/file_20220920110308.pdf#page=376,official_source_rights_review_required_for_external_bulk_redistribution
M315104,315104,Airframe and Power Plant Technician,en-MY,MASCO 2020,retained,high,315108,Airframe and Power Plant Technician,ESCO 1.2.1,1,6,12,0,https://www.dosm.gov.my/uploads/content-downloads/file_20220920110308.pdf#page=376,official_source_rights_review_required_for_external_bulk_redistribution
M315105,315105,Rocket Engine Component Technician,en-MY,MASCO 2020,retained,high,315114,Rocket Engine Component Technician,ESCO 1.2.1,1,6,12,0,https://www.dosm.gov.my/uploads/content-downloads/file_20220920110308.pdf#page=376,official_source_rights_review_required_for_external_bulk_redistribution
M315107,315107,"Aircraft Examiner Grade A5, A6",en-MY,MASCO 2020,retained,high,315115,Aircraft Examiner Grade A29,ESCO 1.2.1,1,6,12,0,https://www.dosm.gov.my/uploads/content-downloads/file_20220920110308.pdf#page=376,official_source_rights_review_required_for_external_bulk_redistribution
M315108,315108,Assistant Air Traffic Control Officer Grade A5,en-MY,MASCO 2020,retained,high,315116,Assistant Air Traffic Control Officer Grade A29,ESCO 1.2.1,1,6,12,0,https://www.dosm.gov.my/uploads/content-downloads/file_20220920110308.pdf#page=376,official_source_rights_review_required_for_external_bulk_redistribution
M315201,315201,Berthing Master,en-MY,MASCO 2020,retained,high,315202,Berthing Master,ESCO 1.2.1,1,6,12,0,https://www.dosm.gov.my/uploads/content-downloads/file_20220920110308.pdf#page=376,official_source_rights_review_required_for_external_bulk_redistribution
M315202,315202,Ship Technician,en-MY,MASCO 2020,retained,high,315206,Ship Technician,ESCO 1.2.1,1,6,12,0,https://www.dosm.gov.my/uploads/content-downloads/file_20220920110308.pdf#page=376,official_source_rights_review_required_for_external_bulk_redistribution
M315203,315203,Marine Assistant Grade A1,en-MY,MASCO 2020,retained,high,315201,Marine Assistant Grade A19,ESCO 1.2.1,1,6,12,0,https://www.dosm.gov.my/uploads/content-downloads/file_20220920110308.pdf#page=376,official_source_rights_review_required_for_external_bulk_redistribution
M315204,315204,Assistant Marine Officer Grade A5,en-MY,MASCO 2020,retained,high,315208,Assistant Marine Officer Grade A29,ESCO 1.2.1,1,6,12,0,https://www.dosm.gov.my/uploads/content-downloads/file_20220920110308.pdf#page=376,official_source_rights_review_required_for_external_bulk_redistribution
M315301,315301,Train Technician,en-MY,MASCO 2020,retained,high,315301,Train Technician,ESCO 1.2.1,1,6,12,0,https://www.dosm.gov.my/uploads/content-downloads/file_20220920110308.pdf#page=377,official_source_rights_review_required_for_external_bulk_redistribution
M315302,315302,Track Network Technician,en-MY,MASCO 2020,retained,high,315306,Track Network Technician,ESCO 1.2.1; OSCA 2024 Version 1.0,2,10,12,0,https://www.dosm.gov.my/uploads/content-downloads/file_20220920110308.pdf#page=377,official_source_rights_review_required_for_external_bulk_redistribution
M315303,315303,Signalling and Communication Technician,en-MY,MASCO 2020,retained,high,315307,Signalling and Communication Technician,ESCO 1.2.1,1,6,12,0,https://www.dosm.gov.my/uploads/content-downloads/file_20220920110308.pdf#page=377,official_source_rights_review_required_for_external_bulk_redistribution
M315401,315401,Motor Vehicle Technician,en-MY,MASCO 2020,retained,high,315406,Motor Vehicle Technician,ESCO 1.2.1; OSCA 2024 Version 1.0,2,10,12,0,https://www.dosm.gov.my/uploads/content-downloads/file_20220920110308.pdf#page=377,official_source_rights_review_required_for_external_bulk_redistribution
M315901,315901,Transport/Logistics Supervisor,en-MY,MASCO 2020,retained,medium,315902,Logistics Supervisor,ESCO 1.2.1,1,6,12,0,https://www.dosm.gov.my/uploads/content-downloads/file_20220920110308.pdf#page=377,official_source_rights_review_required_for_external_bulk_redistribution
M315902,315902,Green Technology Infrastructure Assistant Facilitator,en-MY,MASCO 2020,retained,high,315904,Green Technology Infrastructure Assistant Facilitator,ESCO 1.2.1,1,6,12,0,https://www.dosm.gov.my/uploads/content-downloads/file_20220920110308.pdf#page=377,official_source_rights_review_required_for_external_bulk_redistribution
M316101,316101,Nuclear Technician,en-MY,MASCO 2020,retained,high,316101,Nuclear Technician,ESCO 1.2.1; O*NET 31.0,2,13,12,0,https://www.dosm.gov.my/uploads/content-downloads/file_20220920110308.pdf#page=377,official_source_rights_review_required_for_external_bulk_redistribution
M321101,321101,Radiographer,en-MY,MASCO 2020,retained,high,321102,Radiographer,ESCO 1.2.1; OSCA 2024 Version 1.0,2,10,12,0,https://www.dosm.gov.my/uploads/content-downloads/file_20220920110308.pdf#page=377,official_source_rights_review_required_for_external_bulk_redistribution
M321102,321102,Radiographer Grade U5,en-MY,MASCO 2020,retained,high,321101,Radiographer Grade U29,ESCO 1.2.1,1,6,12,0,https://www.dosm.gov.my/uploads/content-downloads/file_20220920110308.pdf#page=377,official_source_rights_review_required_for_external_bulk_redistribution
M321201,321201,Ecology Technician,en-MY,MASCO 2020,retained,high,321204,Ecology Technician,ESCO 1.2.1,1,6,12,0,https://www.dosm.gov.my/uploads/content-downloads/file_20220920110308.pdf#page=377,official_source_rights_review_required_for_external_bulk_redistribution
M321202,321202,Histology Technician,en-MY,MASCO 2020,retained,high,321207,Histology Technician,ESCO 1.2.1; O*NET 31.0,2,13,12,0,https://www.dosm.gov.my/uploads/content-downloads/file_20220920110308.pdf#page=377,official_source_rights_review_required_for_external_bulk_redistribution
M321203,321203,Cytology Technician,en-MY,MASCO 2020,retained,high,321208,Cytology Technician,ESCO 1.2.1,1,6,12,0,https://www.dosm.gov.my/uploads/content-downloads/file_20220920110308.pdf#page=377,official_source_rights_review_required_for_external_bulk_redistribution
M321204,321204,Physiology Technician,en-MY,MASCO 2020,retained,high,321209,Physiology Technician,ESCO 1.2.1,1,6,12,0,https://www.dosm.gov.my/uploads/content-downloads/file_20220920110308.pdf#page=377,official_source_rights_review_required_for_external_bulk_redistribution
M321205,321205,Parasitological Assistant,en-MY,MASCO 2020,retained,high,321212,Parasitological Assistant,ESCO 1.2.1,1,6,12,0,https://www.dosm.gov.my/uploads/content-downloads/file_20220920110308.pdf#page=377,official_source_rights_review_required_for_external_bulk_redistribution
M321206,321206,Medical Laboratory Technician,en-MY,MASCO 2020,retained,high,321213,Medical Laboratory Technician,ESCO 1.2.1; O*NET 31.0; NOC 2021 Version 1.0; OSCA 2024 Version 1.0,4,14,12,0,https://www.dosm.gov.my/uploads/content-downloads/file_20220920110308.pdf#page=377,official_source_rights_review_required_for_external_bulk_redistribution
M321207,321207,Surgical Technician,en-MY,MASCO 2020,retained,high,321214,Surgical Technician,ESCO 1.2.1,1,6,12,0,https://www.dosm.gov.my/uploads/content-downloads/file_20220920110308.pdf#page=377,official_source_rights_review_required_for_external_bulk_redistribution
M321301,321301,Pharmaceutical Assistant,en-MY,MASCO 2020,retained,high,321301,Pharmaceutical Assistant,ESCO 1.2.1,1,6,12,0,https://www.dosm.gov.my/uploads/content-downloads/file_20220920110308.pdf#page=377,official_source_rights_review_required_for_external_bulk_redistribution
M321302,321302,Pharmacy Aide,en-MY,MASCO 2020,retained,high,321304,Pharmacy Aide,ESCO 1.2.1; O*NET 31.0,2,13,12,0,https://www.dosm.gov.my/uploads/content-downloads/file_20220920110308.pdf#page=378,official_source_rights_review_required_for_external_bulk_redistribution
M321303,321303,Assistant Pharmacy Officer Grade U5,en-MY,MASCO 2020,retained,high,321305,Assistant Pharmacy Officer Grade U29,ESCO 1.2.1,1,6,12,0,https://www.dosm.gov.my/uploads/content-downloads/file_20220920110308.pdf#page=378,official_source_rights_review_required_for_external_bulk_redistribution
M321401,321401,Dental Technician,en-MY,MASCO 2020,retained,high,321401,Dental technician,ESCO 1.2.1; O*NET 31.0; NOC 2021 Version 1.0; OSCA 2024 Version 1.0,4,14,12,0,https://www.dosm.gov.my/uploads/content-downloads/file_20220920110308.pdf#page=378,official_source_rights_review_required_for_external_bulk_redistribution
M321402,321402,Orthotist,en-MY,MASCO 2020,retained,high,321404,Orthotist,ESCO 1.2.1,1,6,12,0,https://www.dosm.gov.my/uploads/content-downloads/file_20220920110308.pdf#page=378,official_source_rights_review_required_for_external_bulk_redistribution
M321501,321501,Prosthetic Technician,en-MY,MASCO 2020,retained,high,321502,Prosthetic Technician,ESCO 1.2.1,1,6,12,0,https://www.dosm.gov.my/uploads/content-downloads/file_20220920110308.pdf#page=378,official_source_rights_review_required_for_external_bulk_redistribution
M321502,321502,Medical Technician Grade U1,en-MY,MASCO 2020,retained,high,321503,Medical Technician Grade U19,ESCO 1.2.1,1,6,12,0,https://www.dosm.gov.my/uploads/content-downloads/file_20220920110308.pdf#page=378,official_source_rights_review_required_for_external_bulk_redistribution
M322101,322101,Practical Nurse,en-MY,MASCO 2020,retained,high,322104,Practical Nurse,ESCO 1.2.1; O*NET 31.0; NOC 2021 Version 1.0,3,14,12,0,https://www.dosm.gov.my/uploads/content-downloads/file_20220920110308.pdf#page=378,official_source_rights_review_required_for_external_bulk_redistribution
M322102,322102,Nurse Grade U5,en-MY,MASCO 2020,retained,high,322101,Nurse Grade U29,ESCO 1.2.1,1,6,12,0,https://www.dosm.gov.my/uploads/content-downloads/file_20220920110308.pdf#page=378,official_source_rights_review_required_for_external_bulk_redistribution
M323101,323101,Traditional and Complementary Medicine Associate Professional,en-MY,MASCO 2020,excluded,not_established,,,ESCO 1.2.1,1,6,12,0,https://www.dosm.gov.my/uploads/content-downloads/file_20220920110308.pdf,official_source_rights_review_required_for_external_bulk_redistribution
M324101,324101,Veterinary Biotech Research Technician,en-MY,MASCO 2020,retained,high,324103,Veterinary Biotech Research Technician,ESCO 1.2.1,1,6,12,0,https://www.dosm.gov.my/uploads/content-downloads/file_20220920110308.pdf#page=378,official_source_rights_review_required_for_external_bulk_redistribution
M324102,324102,Veterinary Artificial Inseminator,en-MY,MASCO 2020,retained,high,324107,Veterinary Artificial Inseminator,ESCO 1.2.1,1,6,12,0,https://www.dosm.gov.my/uploads/content-downloads/file_20220920110308.pdf#page=378,official_source_rights_review_required_for_external_bulk_redistribution
M324103,324103,Veterinary Biotech Production Technician,en-MY,MASCO 2020,retained,high,324108,Veterinary Biotech Production Technician,ESCO 1.2.1,1,6,12,0,https://www.dosm.gov.my/uploads/content-downloads/file_20220920110308.pdf#page=378,official_source_rights_review_required_for_external_bulk_redistribution
M324104,324104,Veterinary Nurse,en-MY,MASCO 2020,retained,high,324109,Veterinary Nurse,ESCO 1.2.1; OSCA 2024 Version 1.0,2,10,12,0,https://www.dosm.gov.my/uploads/content-downloads/file_20220920110308.pdf#page=378,official_source_rights_review_required_for_external_bulk_redistribution
M324105,324105,Animal Therapist,en-MY,MASCO 2020,excluded,not_established,,,ESCO 1.2.1,1,6,12,0,https://www.dosm.gov.my/uploads/content-downloads/file_20220920110308.pdf,official_source_rights_review_required_for_external_bulk_redistribution
M324107,324107,Assistant Veterinary Officer Grade G5,en-MY,MASCO 2020,retained,high,324110,Assistant Veterinary Officer Grade G29,ESCO 1.2.1,1,6,12,0,https://www.dosm.gov.my/uploads/content-downloads/file_20220920110308.pdf#page=378,official_source_rights_review_required_for_external_bulk_redistribution
M325101,325101,Dental Aide/Assistant,en-MY,MASCO 2020,retained,medium,325105,Dental Assistant,ESCO 1.2.1; O*NET 31.0; NOC 2021 Version 1.0; OSCA 2024 Version 1.0,4,14,12,0,https://www.dosm.gov.my/uploads/content-downloads/file_20220920110308.pdf#page=378,official_source_rights_review_required_for_external_bulk_redistribution
M325102,325102,Dental Hygienist,en-MY,MASCO 2020,retained,high,325106,Dental Hygienist,ESCO 1.2.1; O*NET 31.0; NOC 2021 Version 1.0; OSCA 2024 Version 1.0,4,14,12,0,https://www.dosm.gov.my/uploads/content-downloads/file_20220920110308.pdf#page=378,official_source_rights_review_required_for_external_bulk_redistribution
M325103,325103,Dental Surgery Assistant Grade U1,en-MY,MASCO 2020,retained,high,325101,Dental Surgery Assistant Grade U19,ESCO 1.2.1,1,6,12,0,https://www.dosm.gov.my/uploads/content-downloads/file_20220920110308.pdf#page=378,official_source_rights_review_required_for_external_bulk_redistribution
M325104,325104,Dental Therapist Grade U5,en-MY,MASCO 2020,retained,high,325107,Dental Therapist Grade U29,ESCO 1.2.1,1,6,12,0,https://www.dosm.gov.my/uploads/content-downloads/file_20220920110308.pdf#page=379,official_source_rights_review_required_for_external_bulk_redistribution
M325301,325301,Community Health Promoter,en-MY,MASCO 2020,retained,high,325302,Community Health Promoter,ESCO 1.2.1; O*NET 31.0,2,13,12,0,https://www.dosm.gov.my/uploads/content-downloads/file_20220920110308.pdf#page=379,official_source_rights_review_required_for_external_bulk_redistribution
M325302,325302,Village Health Worker,en-MY,MASCO 2020,retained,high,325304,Village Health Worker,ESCO 1.2.1; O*NET 31.0; OSCA 2024 Version 1.0,3,14,12,0,https://www.dosm.gov.my/uploads/content-downloads/file_20220920110308.pdf#page=379,official_source_rights_review_required_for_external_bulk_redistribution
M325303,325303,Community Nurse Grade U1,en-MY,MASCO 2020,retained,high,325305,Community Nurse Grade U19,ESCO 1.2.1,1,6,12,0,https://www.dosm.gov.my/uploads/content-downloads/file_20220920110308.pdf#page=379,official_source_rights_review_required_for_external_bulk_redistribution
M325401,325401,Optician,en-MY,MASCO 2020,retained,high,226703,Optician,ESCO 1.2.1; NOC 2021 Version 1.0,2,11,12,0,https://www.dosm.gov.my/uploads/content-downloads/file_20220920110308.pdf#page=346,official_source_rights_review_required_for_external_bulk_redistribution
M325501,325501,Massage Therapist,en-MY,MASCO 2020,retained,high,325505,Massage Therapist,ESCO 1.2.1; O*NET 31.0; NOC 2021 Version 1.0; OSCA 2024 Version 1.0,4,14,12,0,https://www.dosm.gov.my/uploads/content-downloads/file_20220920110308.pdf#page=379,official_source_rights_review_required_for_external_bulk_redistribution
M325502,325502,Physiotherapy Technician,en-MY,MASCO 2020,retained,high,325506,Physiotherapy Technician,ESCO 1.2.1,1,6,12,0,https://www.dosm.gov.my/uploads/content-downloads/file_20220920110308.pdf#page=379,official_source_rights_review_required_for_external_bulk_redistribution
M325503,325503,Stress Therapist,en-MY,MASCO 2020,retained,medium,282407,Psychotherapist,ESCO 1.2.1,1,6,12,0,https://www.dosm.gov.my/uploads/content-downloads/file_20220920110308.pdf#page=363,official_source_rights_review_required_for_external_bulk_redistribution
M325601,325601,Medical Laboratory Assistant,en-MY,MASCO 2020,retained,high,325601,Medical Laboratory Assistant,ESCO 1.2.1; O*NET 31.0; NOC 2021 Version 1.0; OSCA 2024 Version 1.0,4,14,12,0,https://www.dosm.gov.my/uploads/content-downloads/file_20220920110308.pdf#page=379,official_source_rights_review_required_for_external_bulk_redistribution
M325602,325602,Hospital Assistant,en-MY,MASCO 2020,retained,high,325602,Hospital Assistant,ESCO 1.2.1,1,6,12,0,https://www.dosm.gov.my/uploads/content-downloads/file_20220920110308.pdf#page=379,official_source_rights_review_required_for_external_bulk_redistribution
M325603,325603,Diagnostic Imaging Equipment Technician,en-MY,MASCO 2020,retained,medium,325606,"Radiographist Equipment, Medical, General",ESCO 1.2.1,1,6,12,0,https://www.dosm.gov.my/uploads/content-downloads/file_20220920110308.pdf#page=379,official_source_rights_review_required_for_external_bulk_redistribution
M325604,325604,Sonographer,en-MY,MASCO 2020,retained,high,325611,Sonographer,ESCO 1.2.1; OSCA 2024 Version 1.0,2,10,12,0,https://www.dosm.gov.my/uploads/content-downloads/file_20220920110308.pdf#page=379,official_source_rights_review_required_for_external_bulk_redistribution
M325605,325605,Clinical Instructor,en-MY,MASCO 2020,retained,high,325613,Clinical Instructor,ESCO 1.2.1,1,6,12,0,https://www.dosm.gov.my/uploads/content-downloads/file_20220920110308.pdf#page=379,official_source_rights_review_required_for_external_bulk_redistribution
M325606,325606,Ophthalmic Assistant,en-MY,MASCO 2020,retained,high,325614,Ophthalmic Assistant,ESCO 1.2.1,1,6,12,0,https://www.dosm.gov.my/uploads/content-downloads/file_20220920110308.pdf#page=379,official_source_rights_review_required_for_external_bulk_redistribution
M325607,325607,Assistant Medical Officer Grade U5,en-MY,MASCO 2020,retained,high,325615,Assistant Medical Officer Grade U29,ESCO 1.2.1,1,6,12,0,https://www.dosm.gov.my/uploads/content-downloads/file_20220920110308.pdf#page=379,official_source_rights_review_required_for_external_bulk_redistribution
M325701,325701,Public Health Unit Inspector,en-MY,MASCO 2020,retained,high,325703,Public Health Unit Inspector,ESCO 1.2.1,1,6,12,0,https://www.dosm.gov.my/uploads/content-downloads/file_20220920110308.pdf#page=379,official_source_rights_review_required_for_external_bulk_redistribution
M325702,325702,Occupational Safety and Health Inspector,en-MY,MASCO 2020,retained,high,325705,Occupational Safety and Health Inspector,ESCO 1.2.1; O*NET 31.0; NOC 2021 Version 1.0; OSCA 2024 Version 1.0,4,14,12,0,https://www.dosm.gov.my/uploads/content-downloads/file_20220920110308.pdf#page=379,official_source_rights_review_required_for_external_bulk_redistribution
M325703,325703,Product Quality Inspector,en-MY,MASCO 2020,retained,high,325712,Product Quality Inspector,ESCO 1.2.1,1,6,12,0,https://www.dosm.gov.my/uploads/content-downloads/file_20220920110308.pdf#page=380,official_source_rights_review_required_for_external_bulk_redistribution
M325704,325704,Water Inspector,en-MY,MASCO 2020,retained,high,325735,Water Inspector,ESCO 1.2.1; OSCA 2024 Version 1.0,2,10,12,0,https://www.dosm.gov.my/uploads/content-downloads/file_20220920110308.pdf#page=380,official_source_rights_review_required_for_external_bulk_redistribution
M325705,325705,Mine Safety Inspector,en-MY,MASCO 2020,retained,high,325736,Mine Safety Inspector,ESCO 1.2.1; OSCA 2024 Version 1.0,2,10,12,0,https://www.dosm.gov.my/uploads/content-downloads/file_20220920110308.pdf#page=380,official_source_rights_review_required_for_external_bulk_redistribution
M325706,325706,Mine Examiner,en-MY,MASCO 2020,retained,high,325737,Mine Examiner,ESCO 1.2.1,1,6,12,0,https://www.dosm.gov.my/uploads/content-downloads/file_20220920110308.pdf#page=380,official_source_rights_review_required_for_external_bulk_redistribution
M325707,325707,Assistant Food Technology Officer Grade C5,en-MY,MASCO 2020,retained,high,325747,Assistant Food Technology Officer Grade C29,ESCO 1.2.1,1,6,12,0,https://www.dosm.gov.my/uploads/content-downloads/file_20220920110308.pdf#page=380,official_source_rights_review_required_for_external_bulk_redistribution
M325708,325708,Assistant Environmental Health Officer Grade U5,en-MY,MASCO 2020,retained,high,325748,Assistant Environmental Health Officer Grade U29,ESCO 1.2.1; OSCA 2024 Version 1.0,2,10,12,0,https://www.dosm.gov.my/uploads/content-downloads/file_20220920110308.pdf#page=380,official_source_rights_review_required_for_external_bulk_redistribution
M325709,325709,Assistant Environmental Control Officer Grade C5,en-MY,MASCO 2020,retained,high,325749,Assistant Environmental Control Officer Grade C29,ESCO 1.2.1,1,6,12,0,https://www.dosm.gov.my/uploads/content-downloads/file_20220920110308.pdf#page=380,official_source_rights_review_required_for_external_bulk_redistribution
M325801,325801,Ambulance Officer,en-MY,MASCO 2020,retained,high,325802,Ambulance Officer,ESCO 1.2.1,1,6,12,0,https://www.dosm.gov.my/uploads/content-downloads/file_20220920110308.pdf#page=380,official_source_rights_review_required_for_external_bulk_redistribution
M325802,325802,Emergency Paramedic,en-MY,MASCO 2020,retained,high,325805,Emergency Paramedic,ESCO 1.2.1,1,6,12,0,https://www.dosm.gov.my/uploads/content-downloads/file_20220920110308.pdf#page=380,official_source_rights_review_required_for_external_bulk_redistribution
M331401,331401,Assistant Statistics Officer Grade E5,en-MY,MASCO 2020,retained,high,331401,Assistant Statistics Officer Grade E29,ESCO 1.2.1,1,6,12,0,https://www.dosm.gov.my/uploads/content-downloads/file_20220920110308.pdf#page=381,official_source_rights_review_required_for_external_bulk_redistribution
M351101,351101,Computer Technician,en-MY,MASCO 2020,retained,high,351105,Computer Technician,ESCO 1.2.1; NOC 2021 Version 1.0,2,11,12,0,https://www.dosm.gov.my/uploads/content-downloads/file_20220920110308.pdf#page=384,official_source_rights_review_required_for_external_bulk_redistribution
M351102,351102,Electronic Data Processing Technician,en-MY,MASCO 2020,retained,high,351109,Electronic Data Processing Technician,ESCO 1.2.1,1,6,12,0,https://www.dosm.gov.my/uploads/content-downloads/file_20220920110308.pdf#page=384,official_source_rights_review_required_for_external_bulk_redistribution
M351103,351103,Information Technology Assistant,en-MY,MASCO 2020,retained,high,351115,Information Technology Assistant,ESCO 1.2.1,1,6,12,8,https://www.dosm.gov.my/uploads/content-downloads/file_20220920110308.pdf#page=385,official_source_rights_review_required_for_external_bulk_redistribution
M351104,351104,Computer Console Operator,en-MY,MASCO 2020,retained,high,351116,Computer Console Operator,ESCO 1.2.1,1,6,12,0,https://www.dosm.gov.my/uploads/content-downloads/file_20220920110308.pdf#page=385,official_source_rights_review_required_for_external_bulk_redistribution
M351105,351105,Engineering Assistant (Telecommunications),en-MY,MASCO 2020,retained,high,351123,"Engineering Assistant, Telecommunications",ESCO 1.2.1; O*NET 31.0,2,13,12,0,https://www.dosm.gov.my/uploads/content-downloads/file_20220920110308.pdf#page=385,official_source_rights_review_required_for_external_bulk_redistribution
M351106,351106,Management Information Systems Supervisor,en-MY,MASCO 2020,retained,high,351124,"Supervisor, Management Information Systems",ESCO 1.2.1,1,6,12,0,https://www.dosm.gov.my/uploads/content-downloads/file_20220920110308.pdf#page=385,official_source_rights_review_required_for_external_bulk_redistribution
M351107,351107,Computer Technician Grade FT1,en-MY,MASCO 2020,retained,high,351101,Computer Technician Grade FT19,ESCO 1.2.1,1,6,12,0,https://www.dosm.gov.my/uploads/content-downloads/file_20220920110308.pdf#page=384,official_source_rights_review_required_for_external_bulk_redistribution
M351108,351108,Assistant Information Technology Officer Grade FA5,en-MY,MASCO 2020,retained,high,351125,Assistant Information Technology Officer Grade FA29,ESCO 1.2.1,1,6,12,8,https://www.dosm.gov.my/uploads/content-downloads/file_20220920110308.pdf#page=385,official_source_rights_review_required_for_external_bulk_redistribution
M351201,351201,Computer Help Desk Technician,en-MY,MASCO 2020,retained,high,351201,Computer Help Desk Technician,ESCO 1.2.1,1,6,12,0,https://www.dosm.gov.my/uploads/content-downloads/file_20220920110308.pdf#page=385,official_source_rights_review_required_for_external_bulk_redistribution
M351202,351202,Information Technology Technician,en-MY,MASCO 2020,retained,high,351203,Information Technology Technician,ESCO 1.2.1,1,6,12,8,https://www.dosm.gov.my/uploads/content-downloads/file_20220920110308.pdf#page=385,official_source_rights_review_required_for_external_bulk_redistribution
M351203,351203,Computer Assistant,en-MY,MASCO 2020,retained,high,351206,Computer Assistant,ESCO 1.2.1,1,6,12,0,https://www.dosm.gov.my/uploads/content-downloads/file_20220920110308.pdf#page=385,official_source_rights_review_required_for_external_bulk_redistribution
M351204,351204,Communications Assistant (ICT),en-MY,MASCO 2020,retained,high,351207,Communications Assistant (ICT),ESCO 1.2.1; OSCA 2024 Version 1.0,2,10,12,0,https://www.dosm.gov.my/uploads/content-downloads/file_20220920110308.pdf#page=385,official_source_rights_review_required_for_external_bulk_redistribution
M351205,351205,Database Assistant,en-MY,MASCO 2020,retained,high,351208,Database Assistant,ESCO 1.2.1,1,6,12,8,https://www.dosm.gov.my/uploads/content-downloads/file_20220920110308.pdf#page=385,official_source_rights_review_required_for_external_bulk_redistribution
M351206,351206,Computer Programming Assistant,en-MY,MASCO 2020,retained,high,351209,Computer Programming Assistant,ESCO 1.2.1,1,6,12,0,https://www.dosm.gov.my/uploads/content-downloads/file_20220920110308.pdf#page=385,official_source_rights_review_required_for_external_bulk_redistribution
M351207,351207,Call Centre Trainer,en-MY,MASCO 2020,retained,high,351212,Call Centre Trainer,ESCO 1.2.1,1,6,12,0,https://www.dosm.gov.my/uploads/content-downloads/file_20220920110308.pdf#page=385,official_source_rights_review_required_for_external_bulk_redistribution
M351208,351208,Data Centre Supervisor,en-MY,MASCO 2020,retained,high,351213,Data Centre Supervisor,ESCO 1.2.1,1,6,12,0,https://www.dosm.gov.my/uploads/content-downloads/file_20220920110308.pdf#page=385,official_source_rights_review_required_for_external_bulk_redistribution
M351209,351209,Technical Support Technician,en-MY,MASCO 2020,retained,high,351215,Technical Support Technician,ESCO 1.2.1; NOC 2021 Version 1.0,2,11,12,0,https://www.dosm.gov.my/uploads/content-downloads/file_20220920110308.pdf#page=385,official_source_rights_review_required_for_external_bulk_redistribution
M351301,351301,Computer Network Technician,en-MY,MASCO 2020,retained,high,351301,Computer Network Technician,ESCO 1.2.1; O*NET 31.0; NOC 2021 Version 1.0; OSCA 2024 Version 1.0,4,14,12,0,https://www.dosm.gov.my/uploads/content-downloads/file_20220920110308.pdf#page=385,official_source_rights_review_required_for_external_bulk_redistribution
M351302,351302,Network Security Technician (ICT),en-MY,MASCO 2020,retained,high,351303,Network Security Technician (ICT),ESCO 1.2.1,1,6,12,8,https://www.dosm.gov.my/uploads/content-downloads/file_20220920110308.pdf#page=385,official_source_rights_review_required_for_external_bulk_redistribution
M351401,351401,Web Technician,en-MY,MASCO 2020,retained,high,351402,Web Technician,ESCO 1.2.1; NOC 2021 Version 1.0,2,11,12,0,https://www.dosm.gov.my/uploads/content-downloads/file_20220920110308.pdf#page=385,official_source_rights_review_required_for_external_bulk_redistribution
M351402,351402,Creative Assistance,en-MY,MASCO 2020,excluded,not_established,,,ESCO 1.2.1,1,6,12,0,https://www.dosm.gov.my/uploads/content-downloads/file_20220920110308.pdf,official_source_rights_review_required_for_external_bulk_redistribution
M352101,352101,Cinematographer,en-MY,MASCO 2020,retained,high,352102,Cinematographer,ESCO 1.2.1; OSCA 2024 Version 1.0,2,11,12,0,https://www.dosm.gov.my/uploads/content-downloads/file_20220920110308.pdf#page=385,official_source_rights_review_required_for_external_bulk_redistribution
M352102,352102,Motion Picture Assistant,en-MY,MASCO 2020,retained,high,352105,Motion Picture Assistant,ESCO 1.2.1; O*NET 31.0,2,13,12,0,https://www.dosm.gov.my/uploads/content-downloads/file_20220920110308.pdf#page=386,official_source_rights_review_required_for_external_bulk_redistribution
M352103,352103,Sound Mixer,en-MY,MASCO 2020,retained,high,352108,Sound Mixer,ESCO 1.2.1,1,6,12,0,https://www.dosm.gov.my/uploads/content-downloads/file_20220920110308.pdf#page=386,official_source_rights_review_required_for_external_bulk_redistribution
M352104,352104,Ships Radio Officer,en-MY,MASCO 2020,retained,high,352111,Ships Radio Officer,ESCO 1.2.1; OSCA 2024 Version 1.0,2,10,12,0,https://www.dosm.gov.my/uploads/content-downloads/file_20220920110308.pdf#page=386,official_source_rights_review_required_for_external_bulk_redistribution
M352105,352105,Broadcast Technician,en-MY,MASCO 2020,retained,high,352112,Broadcast Technician,ESCO 1.2.1; O*NET 31.0; NOC 2021 Version 1.0; OSCA 2024 Version 1.0,4,14,12,0,https://www.dosm.gov.my/uploads/content-downloads/file_20220920110308.pdf#page=386,official_source_rights_review_required_for_external_bulk_redistribution
M352106,352106,Land-Base Radio Equipment Technician,en-MY,MASCO 2020,retained,high,352116,Land-Base Radio Equipment Technician,ESCO 1.2.1,1,6,12,0,https://www.dosm.gov.my/uploads/content-downloads/file_20220920110308.pdf#page=386,official_source_rights_review_required_for_external_bulk_redistribution
M352107,352107,Flight Radio Equipment Technician,en-MY,MASCO 2020,retained,high,352117,Flight Radio Equipment Technician,ESCO 1.2.1,1,6,12,0,https://www.dosm.gov.my/uploads/content-downloads/file_20220920110308.pdf#page=386,official_source_rights_review_required_for_external_bulk_redistribution
M352108,352108,Videographer,en-MY,MASCO 2020,retained,high,352123,Videographer,ESCO 1.2.1,1,6,12,0,https://www.dosm.gov.my/uploads/content-downloads/file_20220920110308.pdf#page=386,official_source_rights_review_required_for_external_bulk_redistribution
M352109,352109,Assistant Telecommunications Engineer,en-MY,MASCO 2020,retained,high,352124,Assistant Telecommunications Engineer,ESCO 1.2.1; OSCA 2024 Version 1.0,2,10,12,0,https://www.dosm.gov.my/uploads/content-downloads/file_20220920110308.pdf#page=386,official_source_rights_review_required_for_external_bulk_redistribution
M352111,352111,"Audio-Visual Technician Grade N1, N2, N3, N4",en-MY,MASCO 2020,retained,high,352101,Audio-Visual Technician Grade N19,ESCO 1.2.1,1,6,12,0,https://www.dosm.gov.my/uploads/content-downloads/file_20220920110308.pdf#page=385,official_source_rights_review_required_for_external_bulk_redistribution
M352201,352201,Telecommunications Technician,en-MY,MASCO 2020,retained,high,352204,Telecommunications Technician,ESCO 1.2.1; OSCA 2024 Version 1.0,2,10,12,0,https://www.dosm.gov.my/uploads/content-downloads/file_20220920110308.pdf#page=386,official_source_rights_review_required_for_external_bulk_redistribution
M363201,363201,Interior Designer,en-MY,MASCO 2020,retained,high,363202,Interior Designer,ESCO 1.2.1; O*NET 31.0; NOC 2021 Version 1.0; OSCA 2024 Version 1.0,4,14,12,0,https://www.dosm.gov.my/uploads/content-downloads/file_20220920110308.pdf#page=388,official_source_rights_review_required_for_external_bulk_redistribution
M363206,363206,Carve Technician,en-MY,MASCO 2020,retained,high,363221,Carve Technician,ESCO 1.2.1,1,6,12,0,https://www.dosm.gov.my/uploads/content-downloads/file_20220920110308.pdf#page=388,official_source_rights_review_required_for_external_bulk_redistribution
M363209,363209,Designer Grade B1,en-MY,MASCO 2020,retained,high,363201,Designer Grade B19,ESCO 1.2.1,1,6,12,0,https://www.dosm.gov.my/uploads/content-downloads/file_20220920110308.pdf#page=388,official_source_rights_review_required_for_external_bulk_redistribution
M363301,363301,Gallery/Museum Technician,en-MY,MASCO 2020,retained,medium,363304,Gallery Technician,ESCO 1.2.1; O*NET 31.0; OSCA 2024 Version 1.0,3,14,12,0,https://www.dosm.gov.my/uploads/content-downloads/file_20220920110308.pdf#page=389,official_source_rights_review_required_for_external_bulk_redistribution
M363302,363302,Library Technician,en-MY,MASCO 2020,retained,high,363305,Library Technician,ESCO 1.2.1; O*NET 31.0; NOC 2021 Version 1.0; OSCA 2024 Version 1.0,4,14,12,0,https://www.dosm.gov.my/uploads/content-downloads/file_20220920110308.pdf#page=389,official_source_rights_review_required_for_external_bulk_redistribution
M363401,363401,Stage/Broadcast Production Technician,en-MY,MASCO 2020,retained,medium,363414,Stage Technician,ESCO 1.2.1; O*NET 31.0; NOC 2021 Version 1.0; OSCA 2024 Version 1.0,4,14,12,0,https://www.dosm.gov.my/uploads/content-downloads/file_20220920110308.pdf#page=389,official_source_rights_review_required_for_external_bulk_redistribution
M411106,411106,Economic Affairs Assistant Grade E1,en-MY,MASCO 2020,retained,high,411126,Economic Affairs Assistant Grade E19,ESCO 1.2.1,1,6,12,0,https://www.dosm.gov.my/uploads/content-downloads/file_20220920110308.pdf#page=391,official_source_rights_review_required_for_external_bulk_redistribution
M413202,413202,Data Entry Clerk,en-MY,MASCO 2020,retained,high,413209,Data Entry Clerk,ESCO 1.2.1; O*NET 31.0; NOC 2021 Version 1.0; OSCA 2024 Version 1.0,4,14,12,0,https://www.dosm.gov.my/uploads/content-downloads/file_20220920110308.pdf#page=392,official_source_rights_review_required_for_external_bulk_redistribution
M422601,422601,Enumerator/Survey Interviewer,en-MY,MASCO 2020,retained,medium,422602,Survey Interviewer,ESCO 1.2.1; OSCA 2024 Version 1.0,2,10,12,0,https://www.dosm.gov.my/uploads/content-downloads/file_20220920110308.pdf#page=393,official_source_rights_review_required_for_external_bulk_redistribution
M431101,431101,Auction Clerk,en-MY,MASCO 2020,retained,high,431112,Auction Clerk,ESCO 1.2.1,1,6,12,0,https://www.dosm.gov.my/uploads/content-downloads/file_20220920110308.pdf#page=394,official_source_rights_review_required_for_external_bulk_redistribution
M431102,431102,Audit Clerk,en-MY,MASCO 2020,retained,high,431114,Audit Clerk,ESCO 1.2.1,1,6,12,0,https://www.dosm.gov.my/uploads/content-downloads/file_20220920110308.pdf#page=394,official_source_rights_review_required_for_external_bulk_redistribution
M431103,431103,Credit Control Clerk,en-MY,MASCO 2020,retained,high,431115,Credit Control Clerk,ESCO 1.2.1,1,6,12,0,https://www.dosm.gov.my/uploads/content-downloads/file_20220920110308.pdf#page=394,official_source_rights_review_required_for_external_bulk_redistribution
M431104,431104,Billing Clerk,en-MY,MASCO 2020,retained,high,431118,Billing Clerk,ESCO 1.2.1; O*NET 31.0,2,13,12,0,https://www.dosm.gov.my/uploads/content-downloads/file_20220920110308.pdf#page=394,official_source_rights_review_required_for_external_bulk_redistribution
M431105,431105,Property Clerk,en-MY,MASCO 2020,retained,high,431119,Property Clerk,ESCO 1.2.1,1,6,12,0,https://www.dosm.gov.my/uploads/content-downloads/file_20220920110308.pdf#page=394,official_source_rights_review_required_for_external_bulk_redistribution
M431106,431106,Cost Clerk,en-MY,MASCO 2020,retained,high,431120,Cost Clerk,ESCO 1.2.1,1,6,12,0,https://www.dosm.gov.my/uploads/content-downloads/file_20220920110308.pdf#page=394,official_source_rights_review_required_for_external_bulk_redistribution
M431107,431107,Office Cash Clerk,en-MY,MASCO 2020,retained,high,431123,Office Cash Clerk,ESCO 1.2.1; O*NET 31.0,2,13,12,0,https://www.dosm.gov.my/uploads/content-downloads/file_20220920110308.pdf#page=394,official_source_rights_review_required_for_external_bulk_redistribution
M431108,431108,Energy Audit Assistant Technician,en-MY,MASCO 2020,retained,high,431132,Energy Audit Assistant Technician,ESCO 1.2.1,1,6,12,0,https://www.dosm.gov.my/uploads/content-downloads/file_20220920110308.pdf#page=394,official_source_rights_review_required_for_external_bulk_redistribution
M431109,431109,Compliance Assistant,en-MY,MASCO 2020,excluded,not_established,,,ESCO 1.2.1,1,6,12,0,https://www.dosm.gov.my/uploads/content-downloads/file_20220920110308.pdf,official_source_rights_review_required_for_external_bulk_redistribution
M431110,431110,Audit Assistant Grade W1,en-MY,MASCO 2020,retained,high,431126,AuditAssistant Grade W19,ESCO 1.2.1,1,6,12,0,https://www.dosm.gov.my/uploads/content-downloads/file_20220920110308.pdf#page=394,official_source_rights_review_required_for_external_bulk_redistribution
M431201,431201,Statistical Clerk,en-MY,MASCO 2020,retained,high,431203,Statistical Clerk,ESCO 1.2.1; NOC 2021 Version 1.0,2,11,12,0,https://www.dosm.gov.my/uploads/content-downloads/file_20220920110308.pdf#page=394,official_source_rights_review_required_for_external_bulk_redistribution
M431204,431204,Finance Clerk,en-MY,MASCO 2020,retained,high,431215,Finance Clerk,ESCO 1.2.1,1,6,12,0,https://www.dosm.gov.my/uploads/content-downloads/file_20220920110308.pdf#page=394,official_source_rights_review_required_for_external_bulk_redistribution
M431205,431205,Brokerage Clerk,en-MY,MASCO 2020,retained,high,431217,Brokerage Clerk,ESCO 1.2.1; O*NET 31.0,2,13,12,0,https://www.dosm.gov.my/uploads/content-downloads/file_20220920110308.pdf#page=394,official_source_rights_review_required_for_external_bulk_redistribution
M431206,431206,Insurance Clerk,en-MY,MASCO 2020,retained,high,431218,Insurance clerk,ESCO 1.2.1,1,6,12,0,https://www.dosm.gov.my/uploads/content-downloads/file_20220920110308.pdf#page=394,official_source_rights_review_required_for_external_bulk_redistribution
M431207,431207,Tax Clerk,en-MY,MASCO 2020,retained,high,431219,Tax Clerk,ESCO 1.2.1,1,6,12,0,https://www.dosm.gov.my/uploads/content-downloads/file_20220920110308.pdf#page=394,official_source_rights_review_required_for_external_bulk_redistribution
M431208,431208,Investment Clerk,en-MY,MASCO 2020,retained,high,431220,Investment Clerk,ESCO 1.2.1,1,6,12,0,https://www.dosm.gov.my/uploads/content-downloads/file_20220920110308.pdf#page=394,official_source_rights_review_required_for_external_bulk_redistribution
M431209,431209,Adjustment Clerk,en-MY,MASCO 2020,retained,high,431221,Adjustment Clerk,ESCO 1.2.1,1,6,12,0,https://www.dosm.gov.my/uploads/content-downloads/file_20220920110308.pdf#page=394,official_source_rights_review_required_for_external_bulk_redistribution
M431210,431210,Stockbroker Clerk,en-MY,MASCO 2020,retained,high,431222,Stockbroker Clerk,ESCO 1.2.1,1,6,12,0,https://www.dosm.gov.my/uploads/content-downloads/file_20220920110308.pdf#page=394,official_source_rights_review_required_for_external_bulk_redistribution
M431211,431211,Rating Clerk,en-MY,MASCO 2020,retained,high,431224,Rating Clerk,ESCO 1.2.1,1,6,12,0,https://www.dosm.gov.my/uploads/content-downloads/file_20220920110308.pdf#page=394,official_source_rights_review_required_for_external_bulk_redistribution
M431212,431212,Assistant Broker,en-MY,MASCO 2020,retained,high,431225,Assistant Broker,ESCO 1.2.1,1,6,12,0,https://www.dosm.gov.my/uploads/content-downloads/file_20220920110308.pdf#page=394,official_source_rights_review_required_for_external_bulk_redistribution
M431213,431213,Collateral Clerk,en-MY,MASCO 2020,retained,high,431227,Collateral Clerk,ESCO 1.2.1,1,6,12,0,https://www.dosm.gov.my/uploads/content-downloads/file_20220920110308.pdf#page=394,official_source_rights_review_required_for_external_bulk_redistribution
M431214,431214,Mortgage Clerk,en-MY,MASCO 2020,retained,high,431228,Mortgage Clerk,ESCO 1.2.1,1,6,12,0,https://www.dosm.gov.my/uploads/content-downloads/file_20220920110308.pdf#page=394,official_source_rights_review_required_for_external_bulk_redistribution
M431215,431215,Actuarial Assistant,en-MY,MASCO 2020,retained,high,431233,Actuarial Assistant,ESCO 1.2.1,1,6,12,0,https://www.dosm.gov.my/uploads/content-downloads/file_20220920110308.pdf#page=395,official_source_rights_review_required_for_external_bulk_redistribution
M431216,431216,E-Commerce Assistant,en-MY,MASCO 2020,retained,medium,522313,E-commerce Sales Clerk,ESCO 1.2.1,1,6,12,0,https://www.dosm.gov.my/uploads/content-downloads/file_20220920110308.pdf#page=402,official_source_rights_review_required_for_external_bulk_redistribution
M431217,431217,Leasing Assistant,en-MY,MASCO 2020,excluded,not_established,,,ESCO 1.2.1,1,6,12,0,https://www.dosm.gov.my/uploads/content-downloads/file_20220920110308.pdf,official_source_rights_review_required_for_external_bulk_redistribution
M431218,431218,Administrative Assistant (Finance) Grade W1,en-MY,MASCO 2020,retained,high,431201,Administrative Assistant (Finance) Grade W19,ESCO 1.2.1,1,6,12,0,https://www.dosm.gov.my/uploads/content-downloads/file_20220920110308.pdf#page=394,official_source_rights_review_required_for_external_bulk_redistribution
M431219,431219,Statistical Assistant Grade E1,en-MY,MASCO 2020,retained,high,431231,Statistical Assistant Grade E19,ESCO 1.2.1; O*NET 31.0,2,13,12,0,https://www.dosm.gov.my/uploads/content-downloads/file_20220920110308.pdf#page=394,official_source_rights_review_required_for_external_bulk_redistribution
M531204,531204,Vocational Training Assistant Grade DV1,en-MY,MASCO 2020,retained,high,531208,Vocational Training Assistant DV19,ESCO 1.2.1,1,6,12,0,https://www.dosm.gov.my/uploads/content-downloads/file_20220920110308.pdf#page=403,official_source_rights_review_required_for_external_bulk_redistribution
M531205,531205,Vocational Training Assistant Grade DV2,en-MY,MASCO 2020,retained,high,531210,Vocational Training Assistant DV21,ESCO 1.2.1,1,6,12,0,https://www.dosm.gov.my/uploads/content-downloads/file_20220920110308.pdf#page=403,official_source_rights_review_required_for_external_bulk_redistribution
M532106,532106,Public Health Assistant Grade U1,en-MY,MASCO 2020,retained,high,532102,Public Health Assistant Grade U19,ESCO 1.2.1,1,6,12,0,https://www.dosm.gov.my/uploads/content-downloads/file_20220920110308.pdf#page=403,official_source_rights_review_required_for_external_bulk_redistribution
M818202,818202,Competent Person (CP) - Internal Combustion Engine Driver,en-MY,MASCO 2020,retained,medium,818209,Engine Driver,ESCO 1.2.1,1,6,12,0,https://www.dosm.gov.my/uploads/content-downloads/file_20220920110308.pdf#page=432,official_source_rights_review_required_for_external_bulk_redistribution
M821101,821101,Assembler,en-MY,MASCO 2020,retained,high,821101,Assembler,ESCO 1.2.1,1,6,12,0,https://www.dosm.gov.my/uploads/content-downloads/file_20220920110308.pdf#page=432,official_source_rights_review_required_for_external_bulk_redistribution
