"role_id","masco_code","role_title","previous_esco_code","previous_esco_title","chosen_esco_code","chosen_esco_title","esco_code_changed","previous_mapping_relation","mapping_relation","mapping_method","rationale"
"M112104","112104","Chief Technical Officer","1330.3","Chief Technology Officer","1330.3","Chief Technology Officer","false","close_match","close_match","curated_proxy_retained_with_fresh_2020_retrieval","Retained the previously curated duty-based ESCO assignment after fresh MASCO 2020 title/profile retrieval. No stronger unambiguous occupational identity was established. Prior reasoning: Technical strategy and technology leadership align with chief technology officer."
"M121104","121104","Budget Manager","1211.1.1","Accounting Manager","1211.1.3","Budget Manager","true","inherited_test_proxy","close_match","2020_title_and_duty_review","Budget Manager has its own exact preferred ESCO occupation. Replace the inherited financial-accounting proxy."
"M121106","121106","Audit and Risk Management Manager","2412.3","Corporate Risk Manager","2412.3","Corporate Risk Manager","false","partial_proxy","partial_proxy","curated_proxy_retained_with_fresh_2020_retrieval","Retained the previously curated duty-based ESCO assignment after fresh MASCO 2020 title/profile retrieval. No stronger unambiguous occupational identity was established. Prior reasoning: Organisation-wide risk and governance; audit management is only partly represented."
"M121107","121107","Credit Manager","3312.3","Credit Manager","3312.3","Credit Manager","false","close_match","close_match","2020_unique_preferred_title","Unique ESCO preferred title matches the MASCO 2020 title after public-service grade/competency-wrapper normalization. Qualification and full task equivalence are not assumed."
"M121108","121108","Insurance Manager","1346.4","Insurance Agency Manager","1346.4","Insurance Agency Manager","false","broader_proxy","broader_proxy","curated_proxy_retained_with_fresh_2020_retrieval","Retained the previously curated duty-based ESCO assignment after fresh MASCO 2020 title/profile retrieval. No stronger unambiguous occupational identity was established. Prior reasoning: Insurance operations management; exact organisational scope may differ."
"M121109","121109","Fund Manager","2412.7","Investment Fund Manager","2412.7","Investment Fund Manager","false","inherited_test_proxy","close_match","2020_title_and_duty_review","Fund Manager is an alternate label for investment fund manager; portfolio/fund duties support the same function."
"M121114","121114","Tax Manager","2411.1.12","Tax Advisor","2411.1.12","Tax Advisor","false","broader_proxy","broader_proxy","curated_proxy_retained_with_fresh_2020_retrieval","Retained the previously curated duty-based ESCO assignment after fresh MASCO 2020 title/profile retrieval. No stronger unambiguous occupational identity was established. Prior reasoning: Tax advisory and compliance proxy; managerial level and transfer-pricing specialty need local enrichment."
"M121115","121115","Claim Manager","1346.5","Insurance Claims Manager","1346.5","Insurance Claims Manager","false","close_match","close_match","curated_proxy_retained_with_fresh_2020_retrieval","Retained the previously curated duty-based ESCO assignment after fresh MASCO 2020 title/profile retrieval. No stronger unambiguous occupational identity was established. Prior reasoning: Insurance claims management."
"M121123","121123","Actuarial Valuation Manager","2120.1","Actuarial Consultant","2120.1","Actuarial Consultant","false","broader_proxy","broader_proxy","curated_proxy_retained_with_fresh_2020_retrieval","Retained the previously curated duty-based ESCO assignment after fresh MASCO 2020 title/profile retrieval. No stronger unambiguous occupational identity was established. Prior reasoning: Actuarial valuation work; management responsibility is not fully represented."
"M121205","121205","Occupational Safety and Health Manager","1213.7","Health Safety and Environmental Manager","1213.7","Health Safety and Environmental Manager","false","close_match","close_match","curated_proxy_retained_with_fresh_2020_retrieval","Retained the previously curated duty-based ESCO assignment after fresh MASCO 2020 title/profile retrieval. No stronger unambiguous occupational identity was established. Prior reasoning: Management of workplace health, safety and environmental programmes."
"M121411","121411","Supply Chain Manager","1324.8","Supply Chain Manager","1324.8","Supply Chain Manager","false","inherited_test_proxy","close_match","2020_title_and_duty_review","The separated 2020 Supply Chain Manager matches the preferred ESCO title; no longer share its profile indiscriminately with logistics management."
"M121416","121416","Technology Manager","1330.5","ICT Operations Manager","1330.5","ICT Operations Manager","false","broader_proxy","broader_proxy","curated_proxy_retained_with_fresh_2020_retrieval","Retained the previously curated duty-based ESCO assignment after fresh MASCO 2020 title/profile retrieval. No stronger unambiguous occupational identity was established. Prior reasoning: D11 description concerns IT infrastructure and services, not generic product technology."
"M122301","122301","Research and Development Manager","1223.2","Research and Development Manager","1223.2","Research and Development Manager","false","close_match","close_match","2020_unique_preferred_title","Unique ESCO preferred title matches the MASCO 2020 title after public-service grade/competency-wrapper normalization. Qualification and full task equivalence are not assumed."
"M131102","131102","Forestry Manager","1311.1","Forester","1311.1","Forester","false","close_match","close_match","curated_proxy_retained_with_fresh_2020_retrieval","Retained the previously curated duty-based ESCO assignment after fresh MASCO 2020 title/profile retrieval. No stronger unambiguous occupational identity was established. Prior reasoning: ESCO alternate title matches the cleaned MASCO title; national qualifications and full task scope are not assumed equivalent."
"M131106","131106","Agricultural Manager","6130.1","Farm Manager","6130.1","Farm Manager","false","broader_proxy","broader_proxy","curated_proxy_retained_with_fresh_2020_retrieval","Retained the previously curated duty-based ESCO assignment after fresh MASCO 2020 title/profile retrieval. No stronger unambiguous occupational identity was established. Prior reasoning: Agricultural production and farm operations management."
"M131111","131111","Veterinary Manager","1120.1","Animal Facility Manager","1120.1","Animal Facility Manager","false","partial_proxy","partial_proxy","curated_proxy_retained_with_fresh_2020_retrieval","Retained the previously curated duty-based ESCO assignment after fresh MASCO 2020 title/profile retrieval. No stronger unambiguous occupational identity was established. Prior reasoning: Animal-facility operations and staff management; veterinary clinical oversight requires enrichment. D11 task text appears to describe turf maintenance and is excluded from this decision."
"M131114","131114","Field Manager, Grass","6113.3","Horticulture Production Team Leader","6113.3","Horticulture Production Team Leader","false","partial_proxy","partial_proxy","curated_proxy_retained_with_fresh_2020_retrieval","Retained the previously curated duty-based ESCO assignment after fresh MASCO 2020 title/profile retrieval. No stronger unambiguous occupational identity was established. Prior reasoning: Turf maintenance and field-team supervision; horticulture proxy does not imply a tree-only occupation."
"M131202","131202","Production and Operation Manager, Fishery","1312.3","Aquaculture Production Manager","1312.3","Aquaculture Production Manager","false","inherited_test_proxy","partial_proxy","2020_title_and_duty_review","Fishery production management retains an aquaculture-production proxy for testing. Capture fisheries and aquaculture are not exact equivalents; production management is closer in level than a fish-processing operator."
"M131203","131203","Aquaculture Production Manager","1312.3","Aquaculture Production Manager","1312.3","Aquaculture Production Manager","false","inherited_test_proxy","close_match","2020_title_and_duty_review","The separated Aquaculture Production Manager is an exact preferred ESCO occupation."
"M132101","132101","Manufacturing Manager","1321.2","Manufacturing Manager","1321.2","Manufacturing Manager","false","close_match","close_match","2020_unique_preferred_title","Unique ESCO preferred title matches the MASCO 2020 title after public-service grade/competency-wrapper normalization. Qualification and full task equivalence are not assumed."
"M132102","132102","Production and Operation Manager, Manufacturing","1321.2.1","Industrial Production Manager","1321.2.1","Industrial Production Manager","false","inherited_test_proxy","close_match","2020_title_and_duty_review","Manufacturing production-and-operation management corresponds to industrial production management in the compared profiles."
"M132104","132104","Electrical Manager","3123.1.11","Electrical Supervisor","3123.1.11","Electrical Supervisor","false","partial_proxy","partial_proxy","curated_proxy_retained_with_fresh_2020_retrieval","Retained the previously curated duty-based ESCO assignment after fresh MASCO 2020 title/profile retrieval. No stronger unambiguous occupational identity was established. Prior reasoning: Electrical work supervision; ESCO supervisory seniority is below the managerial title."
"M132105","132105","Energy Manager","1349.12","Energy Manager","1349.12","Energy Manager","false","close_match","close_match","2020_unique_preferred_title","Unique ESCO preferred title matches the MASCO 2020 title after public-service grade/competency-wrapper normalization. Qualification and full task equivalence are not assumed."
"M132108","132108","Ship Hull Manager","1321.2.1","Industrial Production Manager","1321.2.1","Industrial Production Manager","false","broader_proxy","broader_proxy","curated_proxy_retained_with_fresh_2020_retrieval","Retained the previously curated duty-based ESCO assignment after fresh MASCO 2020 title/profile retrieval. No stronger unambiguous occupational identity was established. Prior reasoning: Shipyard hull production leadership; shipbuilding specialty is missing, not an onboard engineer."
"M132109","132109","Mechanical Manager","1321.2","Manufacturing Manager","1321.2","Manufacturing Manager","false","partial_proxy","partial_proxy","curated_proxy_retained_with_fresh_2020_retrieval","Retained the previously curated duty-based ESCO assignment after fresh MASCO 2020 title/profile retrieval. No stronger unambiguous occupational identity was established. Prior reasoning: Mechanical engineering and production management; technical mechanical-engineering content needs enrichment."
"M132110","132110","Welding Manager","7212.4","Welding Coordinator","7212.4","Welding Coordinator","false","close_match","close_match","curated_proxy_retained_with_fresh_2020_retrieval","Retained the previously curated duty-based ESCO assignment after fresh MASCO 2020 title/profile retrieval. No stronger unambiguous occupational identity was established. Prior reasoning: Coordination of welding quality, procedures and personnel."
"M132111","132111","Oil Mill Manager","1321.2.1.3","Food Production Manager","1321.2.1.3","Food Production Manager","false","broader_proxy","broader_proxy","curated_proxy_retained_with_fresh_2020_retrieval","Retained the previously curated duty-based ESCO assignment after fresh MASCO 2020 title/profile retrieval. No stronger unambiguous occupational identity was established. Prior reasoning: Food-production management; palm-oil/halal specialty is absent from ESCO."
"M132112","132112","Manager, Halal Food Manufacturing","1321.2.1.3","Food Production Manager","1321.2.1.3","Food Production Manager","false","broader_proxy","broader_proxy","curated_proxy_retained_with_fresh_2020_retrieval","Retained the previously curated duty-based ESCO assignment after fresh MASCO 2020 title/profile retrieval. No stronger unambiguous occupational identity was established. Prior reasoning: Food-production management; palm-oil/halal specialty is absent from ESCO."
"M132126","132126","Power Generation Plant Manager","1219.5.3","Power Plant Manager","1219.5.3","Power Plant Manager","false","close_match","close_match","curated_proxy_retained_with_fresh_2020_retrieval","Retained the previously curated duty-based ESCO assignment after fresh MASCO 2020 title/profile retrieval. No stronger unambiguous occupational identity was established. Prior reasoning: Power-plant management."
"M132201","132201","Production and Operation Manager, Mine","1322.1.1","Mine Production Manager","1322.1.1","Mine Production Manager","false","close_match","close_match","curated_proxy_retained_with_fresh_2020_retrieval","Retained the previously curated duty-based ESCO assignment after fresh MASCO 2020 title/profile retrieval. No stronger unambiguous occupational identity was established. Prior reasoning: Mine production management."
"M132203","132203","Production and Operation Manager, Oil and Gas Extraction","1322.1.2","Oil and Gas Production Manager","1322.1.2","Oil and Gas Production Manager","false","broader_proxy","broader_proxy","curated_proxy_retained_with_fresh_2020_retrieval","Retained the previously curated duty-based ESCO assignment after fresh MASCO 2020 title/profile retrieval. No stronger unambiguous occupational identity was established. Prior reasoning: Oil/gas production operations; offshore installation duties need enrichment, not renewable-energy management."
"M132207","132207","Offshore Installation Manager","1322.1.2","Oil and Gas Production Manager","1322.1.2","Oil and Gas Production Manager","false","broader_proxy","broader_proxy","curated_proxy_retained_with_fresh_2020_retrieval","Retained the previously curated duty-based ESCO assignment after fresh MASCO 2020 title/profile retrieval. No stronger unambiguous occupational identity was established. Prior reasoning: Oil/gas production operations; offshore installation duties need enrichment, not renewable-energy management."
"M132210","132210","Manager, Metallurgy","1321.2.1.7","Metallurgical Manager","1321.2.1.7","Metallurgical Manager","false","close_match","close_match","curated_proxy_retained_with_fresh_2020_retrieval","Retained the previously curated duty-based ESCO assignment after fresh MASCO 2020 title/profile retrieval. No stronger unambiguous occupational identity was established. Prior reasoning: Metallurgical production management."
"M132301","132301","Construction Manager","1323.1","Construction Manager","1323.1","Construction Manager","false","close_match","close_match","2020_unique_preferred_title","Unique ESCO preferred title matches the MASCO 2020 title after public-service grade/competency-wrapper normalization. Qualification and full task equivalence are not assumed."
"M132310","132310","Building and Architecture Manager","1323.1","Construction Manager","1323.1","Construction Manager","false","broader_proxy","broader_proxy","curated_proxy_retained_with_fresh_2020_retrieval","Retained the previously curated duty-based ESCO assignment after fresh MASCO 2020 title/profile retrieval. No stronger unambiguous occupational identity was established. Prior reasoning: Building and architectural construction management."
"M132311","132311","Land Surveyor Manager","2165.4","Land Surveyor","2165.4","Land Surveyor","false","broader_proxy","broader_proxy","curated_proxy_retained_with_fresh_2020_retrieval","Retained the previously curated duty-based ESCO assignment after fresh MASCO 2020 title/profile retrieval. No stronger unambiguous occupational identity was established. Prior reasoning: Land surveying function; managerial seniority is not represented."
"M132401","132401","Railway Station Master","1324.7","Railway Station Manager","1324.7","Railway Station Manager","false","close_match","close_match","curated_proxy_retained_with_fresh_2020_retrieval","Retained the previously curated duty-based ESCO assignment after fresh MASCO 2020 title/profile retrieval. No stronger unambiguous occupational identity was established. Prior reasoning: Railway station management."
"M132402","132402","Transport Manager","1324.3.1.5","Road Transport Division Manager","1324.3.1.5","Road Transport Division Manager","false","close_match","close_match","curated_proxy_retained_with_fresh_2020_retrieval","Retained the previously curated duty-based ESCO assignment after fresh MASCO 2020 title/profile retrieval. No stronger unambiguous occupational identity was established. Prior reasoning: D11 tasks concern fleet, driver and road-transport operations."
"M132405","132405","Logistics Manager","1324.8","Supply Chain Manager","1324.3","Logistics and Distribution Manager","true","inherited_test_proxy","close_match","2020_title_and_duty_review","Logistics Manager is an ESCO alternate title and the duties concern storage, distribution and transport. Replace the shared supply-chain-manager assignment for this 2020 split."
"M132414","132414","Shipping Manager","4323.11","Port Coordinator","1324.3","Logistics and Distribution Manager","true","inherited_test_proxy","broader_proxy","2020_title_and_duty_review","Shipping Manager oversees cargo movement, logistics schedules and distribution. The logistics/distribution manager preserves management level better than the inherited port-coordinator role; maritime-specific scope remains unrepresented."
"M132416","132416","Manager, Halal Logistics Operation","1324.3","Logistics and Distribution Manager","1324.3","Logistics and Distribution Manager","false","broader_proxy","broader_proxy","curated_proxy_retained_with_fresh_2020_retrieval","Retained the previously curated duty-based ESCO assignment after fresh MASCO 2020 title/profile retrieval. No stronger unambiguous occupational identity was established. Prior reasoning: Logistics operations; Malaysian halal assurance requires separate enrichment."
"M151101","151101","Chief Information Officer","1330.2","Chief Information Officer","1330.2","Chief Information Officer","false","inherited_test_proxy","close_match","2020_title_and_duty_review","Chief Information Officer is the separated 2020 identity and an exact ESCO preferred title."
"M151102","151102","Chief data officer","1330.2","Chief Information Officer","1330.1","Chief Data Officer","true","inherited_test_proxy","close_match","2020_title_and_duty_review","Chief Data Officer is a separate preferred ESCO occupation. Replace the inherited Chief Information Officer assignment."
"M151103","151103","Chief Information Security Officer","1330.2","Chief Information Officer","2529.1","Chief ICT Security Officer","true","inherited_test_proxy","close_match","2020_title_and_duty_review","Chief Information Security Officer is an alternate label of Chief ICT Security Officer; use the security leadership occupation rather than Chief Information Officer."
"M151106","151106","Information Systems Manager","1330.5","ICT Operations Manager","1330.5","ICT Operations Manager","false","broader_proxy","broader_proxy","curated_proxy_retained_with_fresh_2020_retrieval","Retained the previously curated duty-based ESCO assignment after fresh MASCO 2020 title/profile retrieval. No stronger unambiguous occupational identity was established. Prior reasoning: ICT service/infrastructure operations; local community-centre, network or managerial scope varies."
"M151108","151108","Village Community Center Manager","1330.5","ICT Operations Manager","1330.5","ICT Operations Manager","false","inherited_test_proxy","partial_proxy","2020_title_and_duty_review","The inherited community-centre profile concerns ICT infrastructure and digital services. ICT operations management covers that component, not all community-centre or social-development responsibilities."
"M151112","151112","Application Development Manager","1330.5.1","Software Manager","1330.5.1","Software Manager","false","inherited_test_proxy","close_match","2020_title_and_duty_review","The 2020 application/software development management identity concerns coordinating software teams and delivery; Software Manager is the functional ESCO counterpart."
"M151113","151113","Data Operations Manager","1330.1","Chief Data Officer","1330.5","ICT Operations Manager","true","inherited_test_proxy","broader_proxy","2020_title_and_duty_review","Data Operations Manager runs data infrastructure, workflows and service operations. Use ICT Operations Manager rather than assuming enterprise-wide Chief Data Officer authority; data-governance specialization remains incomplete."
"M151116","151116","Internet Service Provider","1330.9","Telecommunications Manager","1330.9","Telecommunications Manager","false","close_match","close_match","curated_proxy_retained_with_fresh_2020_retrieval","Retained the previously curated duty-based ESCO assignment after fresh MASCO 2020 title/profile retrieval. No stronger unambiguous occupational identity was established. Prior reasoning: Internet service provision is telecommunications service/network management."
"M151117","151117","Network Manager","1330.5","ICT Operations Manager","1330.5","ICT Operations Manager","false","inherited_test_proxy","broader_proxy","2020_title_and_duty_review","Network Manager directs services and infrastructure. Reject the operational Network Administrator alias as automatic equivalence because management authority differs; retain the broader ICT operations management profile."
"M151119","151119","Audio Visual Manager","2654.1.7","Technical Director","2654.1.7","Technical Director","false","partial_proxy","partial_proxy","curated_proxy_retained_with_fresh_2020_retrieval","Retained the previously curated duty-based ESCO assignment after fresh MASCO 2020 title/profile retrieval. No stronger unambiguous occupational identity was established. Prior reasoning: Technical AV direction and service coordination; venue/corporate AV scope differs from performance production."
"M151122","151122","Information Technology Project Manager","1330.7","ICT Project Manager","1330.7","ICT Project Manager","false","close_match","close_match","curated_proxy_retained_with_fresh_2020_retrieval","Retained the previously curated duty-based ESCO assignment after fresh MASCO 2020 title/profile retrieval. No stronger unambiguous occupational identity was established. Prior reasoning: ICT project management."
"M151123","151123","Information Technology Infrastructure Manager","1330.5","ICT Operations Manager","1330.5","ICT Operations Manager","false","inherited_test_proxy","broader_proxy","2020_title_and_duty_review","Information Technology Infrastructure Manager concerns infrastructure resources and daily ICT operations. The broader ICT operations management profile is retained with its scope caveat."
"M151124","151124","Information Technology Programme Manager","1330.7","ICT Project Manager","1330.7","ICT Project Manager","false","partial_proxy","partial_proxy","curated_proxy_retained_with_fresh_2020_retrieval","Retained the previously curated duty-based ESCO assignment after fresh MASCO 2020 title/profile retrieval. No stronger unambiguous occupational identity was established. Prior reasoning: ICT project delivery proxy; multi-project programme governance is not fully represented."
"M151127","151127","Bioinformatics Manager","2131.3","Bioinformatics Scientist","2131.3","Bioinformatics Scientist","false","broader_proxy","broader_proxy","curated_proxy_retained_with_fresh_2020_retrieval","Retained the previously curated duty-based ESCO assignment after fresh MASCO 2020 title/profile retrieval. No stronger unambiguous occupational identity was established. Prior reasoning: Bioinformatics function; managerial responsibilities need enrichment."
"M151128","151128","Creative Multimedia Manager","2431.7","Creative Director","2431.7","Creative Director","false","broader_proxy","broader_proxy","curated_proxy_retained_with_fresh_2020_retrieval","Retained the previously curated duty-based ESCO assignment after fresh MASCO 2020 title/profile retrieval. No stronger unambiguous occupational identity was established. Prior reasoning: Creative multimedia direction."
"M151130","151130","Network Operations Manager","1330.5","ICT Operations Manager","1330.5","ICT Operations Manager","false","broader_proxy","broader_proxy","curated_proxy_retained_with_fresh_2020_retrieval","Retained the previously curated duty-based ESCO assignment after fresh MASCO 2020 title/profile retrieval. No stronger unambiguous occupational identity was established. Prior reasoning: ICT service/infrastructure operations; local community-centre, network or managerial scope varies."
"M151132","151132","Information Technology Business Development Manager","2434.2","ICT Business Development Manager","2434.2","ICT Business Development Manager","false","close_match","close_match","curated_proxy_retained_with_fresh_2020_retrieval","Retained the previously curated duty-based ESCO assignment after fresh MASCO 2020 title/profile retrieval. No stronger unambiguous occupational identity was established. Prior reasoning: ICT business development."
"M151135","151135","Software Development Manager","1330.5.1","Software Manager","1330.5.1","Software Manager","false","inherited_test_proxy","close_match","2020_title_and_duty_review","The 2020 application/software development management identity concerns coordinating software teams and delivery; Software Manager is the functional ESCO counterpart."
"M161202","161202","Director, Nursing","2221.2","Nurse Responsible for General Care","2221.2","Nurse Responsible for General Care","false","inherited_test_proxy","partial_proxy","2020_title_and_duty_review","Director, Nursing has leadership and policy duties beyond the ESCO general-care nurse profile. The nursing-care proxy supports a test but is not a director-level equivalence."
"M161210","161210","Phytonutrients Manager","1223.2","Research and Development Manager","1223.2","Research and Development Manager","false","partial_proxy","partial_proxy","curated_proxy_retained_with_fresh_2020_retrieval","Retained the previously curated duty-based ESCO assignment after fresh MASCO 2020 title/profile retrieval. No stronger unambiguous occupational identity was established. Prior reasoning: Plant bioactive/phytonutrient R&D leadership; food biotechnology and formulation are missing specialty skills."
"M161211","161211","Health Educator","3253.1","Community Health Worker","3253.1","Community Health Worker","false","broader_proxy","broader_proxy","curated_proxy_retained_with_fresh_2020_retrieval","Retained the previously curated duty-based ESCO assignment after fresh MASCO 2020 title/profile retrieval. No stronger unambiguous occupational identity was established. Prior reasoning: Community health promotion and education; programme-level scope differs."
"M211101","211101","Physicist","2111.3","Physicist","2111.3","Physicist","false","close_match","close_match","2020_unique_preferred_title","Unique ESCO preferred title matches the MASCO 2020 title after public-service grade/competency-wrapper normalization. Qualification and full task equivalence are not assumed."
"M211129","211129","Astronaut","3153.3","Astronaut","3153.3","Astronaut","false","close_match","close_match","2020_unique_preferred_title","Unique ESCO preferred title matches the MASCO 2020 title after public-service grade/competency-wrapper normalization. Qualification and full task equivalence are not assumed."
"M211201","211201","Meteorological Officer Grade C41","2112.1","Meteorologist","2112.1","Meteorologist","false","broader_proxy","broader_proxy","curated_proxy_retained_with_fresh_2020_retrieval","Retained the previously curated duty-based ESCO assignment after fresh MASCO 2020 title/profile retrieval. No stronger unambiguous occupational identity was established. Prior reasoning: Meteorology occupation; environmental/numerical-forecast specialty or public-service grade is not separately represented."
"M211202","211202","Meteorologist","2112.1","Meteorologist","2112.1","Meteorologist","false","close_match","close_match","2020_unique_preferred_title","Unique ESCO preferred title matches the MASCO 2020 title after public-service grade/competency-wrapper normalization. Qualification and full task equivalence are not assumed."
"M211210","211210","Meteorologist, Environmental","2112.1","Meteorologist","2112.1","Meteorologist","false","broader_proxy","broader_proxy","curated_proxy_retained_with_fresh_2020_retrieval","Retained the previously curated duty-based ESCO assignment after fresh MASCO 2020 title/profile retrieval. No stronger unambiguous occupational identity was established. Prior reasoning: Meteorology occupation; environmental/numerical-forecast specialty or public-service grade is not separately represented."
"M211211","211211","Meteorologist, Numerical Weather Prediction Modeling","2112.1","Meteorologist","2112.1","Meteorologist","false","broader_proxy","broader_proxy","curated_proxy_retained_with_fresh_2020_retrieval","Retained the previously curated duty-based ESCO assignment after fresh MASCO 2020 title/profile retrieval. No stronger unambiguous occupational identity was established. Prior reasoning: Meteorology occupation; environmental/numerical-forecast specialty or public-service grade is not separately represented."
"M211302","211302","Chemist","2113.1","Chemist","2113.1","Chemist","false","close_match","close_match","2020_unique_preferred_title","Unique ESCO preferred title matches the MASCO 2020 title after public-service grade/competency-wrapper normalization. Qualification and full task equivalence are not assumed."
"M211402","211402","Geologist","2114.1","Geologist","2114.1","Geologist","false","close_match","close_match","2020_unique_preferred_title","Unique ESCO preferred title matches the MASCO 2020 title after public-service grade/competency-wrapper normalization. Qualification and full task equivalence are not assumed."
"M211424","211424","Hydrologist","2114.1.5","Hydrologist","2114.1.5","Hydrologist","false","close_match","close_match","2020_unique_preferred_title","Unique ESCO preferred title matches the MASCO 2020 title after public-service grade/competency-wrapper normalization. Qualification and full task equivalence are not assumed."
"M211432","211432","Geoscientist","2114.1","Geologist","2114.1","Geologist","false","broader_proxy","broader_proxy","curated_proxy_retained_with_fresh_2020_retrieval","Retained the previously curated duty-based ESCO assignment after fresh MASCO 2020 title/profile retrieval. No stronger unambiguous occupational identity was established. Prior reasoning: Geoscience proxy based on geological study; not every geoscience specialty is covered."
"M212101","212101","Statistician Grade E41","2120.6","Statistician","2120.6","Statistician","false","close_match","close_match","2020_unique_preferred_title","Unique ESCO preferred title matches the MASCO 2020 title after public-service grade/competency-wrapper normalization. Qualification and full task equivalence are not assumed."
"M212102","212102","Mathematician","2120.5","Mathematician","2120.5","Mathematician","false","close_match","close_match","2020_unique_preferred_title","Unique ESCO preferred title matches the MASCO 2020 title after public-service grade/competency-wrapper normalization. Qualification and full task equivalence are not assumed."
"M212106","212106","Statistician, Applied Statistics","2120.6","Statistician","2120.6","Statistician","false","inherited_test_proxy","close_match","2020_title_and_duty_review","Applied Statistics is a statistician specialization; statistical analysis and reporting duties support the general ESCO Statistician occupation."
"M212112","212112","Pricing Actuarie","2120.1","Actuarial Consultant","2120.1","Actuarial Consultant","false","inherited_test_proxy","broader_proxy","2020_title_and_duty_review","Pricing/Valuation Actuarie is the printed 2020 spelling. Retain the actuarial-consultant umbrella; pricing versus valuation/reserving specialties are not separately covered. Do not select property valuation or generic product pricing by word overlap."
"M212113","212113","Valuation Actuarie","2120.1","Actuarial Consultant","2120.1","Actuarial Consultant","false","inherited_test_proxy","broader_proxy","2020_title_and_duty_review","Pricing/Valuation Actuarie is the printed 2020 spelling. Retain the actuarial-consultant umbrella; pricing versus valuation/reserving specialties are not separately covered. Do not select property valuation or generic product pricing by word overlap."
"M212115","212115","Metrologist","2112.2","Metrologist","2112.2","Metrologist","false","close_match","close_match","2020_unique_preferred_title","Unique ESCO preferred title matches the MASCO 2020 title after public-service grade/competency-wrapper normalization. Qualification and full task equivalence are not assumed."
"M213101","213101","Wildlife Officer Grade G41","2133.9","Nature Conservation Officer","2133.9","Nature Conservation Officer","false","broader_proxy","broader_proxy","curated_proxy_retained_with_fresh_2020_retrieval","Retained the previously curated duty-based ESCO assignment after fresh MASCO 2020 title/profile retrieval. No stronger unambiguous occupational identity was established. Prior reasoning: Wildlife protection and conservation officer duties."
"M213103","213103","Microbiologist","2131.4.10","Microbiologist","2131.4.10","Microbiologist","false","close_match","close_match","2020_unique_preferred_title","Unique ESCO preferred title matches the MASCO 2020 title after public-service grade/competency-wrapper normalization. Qualification and full task equivalence are not assumed."
"M213104","213104","Serologist","2131.6","Immunologist","2131.6","Immunologist","false","broader_proxy","broader_proxy","curated_proxy_retained_with_fresh_2020_retrieval","Retained the previously curated duty-based ESCO assignment after fresh MASCO 2020 title/profile retrieval. No stronger unambiguous occupational identity was established. Prior reasoning: Serological immunology research; serology specialty is not separately represented."
"M213108","213108","Biologist","2131.4","Biologist","2131.4","Biologist","false","close_match","close_match","2020_unique_preferred_title","Unique ESCO preferred title matches the MASCO 2020 title after public-service grade/competency-wrapper normalization. Qualification and full task equivalence are not assumed."
"M213117","213117","Cystologist","2269.13.1","Cytotechnologist","2269.13.1","Cytotechnologist","false","partial_proxy","partial_proxy","curated_proxy_retained_with_fresh_2020_retrieval","Retained the previously curated duty-based ESCO assignment after fresh MASCO 2020 title/profile retrieval. No stronger unambiguous occupational identity was established. Prior reasoning: Cytological specimen analysis; scientist/technologist qualification scope needs review."
"M213120","213120","Botanist","2131.4.6","Botanist","2131.4.6","Botanist","false","close_match","close_match","2020_unique_preferred_title","Unique ESCO preferred title matches the MASCO 2020 title after public-service grade/competency-wrapper normalization. Qualification and full task equivalence are not assumed."
"M213151","213151","Ecologist","2133.5","Ecologist","2133.5","Ecologist","false","close_match","close_match","2020_unique_preferred_title","Unique ESCO preferred title matches the MASCO 2020 title after public-service grade/competency-wrapper normalization. Qualification and full task equivalence are not assumed."
"M213169","213169","Arborist","6112.1","Arboriculturist","6112.1","Arboriculturist","false","inherited_test_proxy","close_match","2020_title_and_duty_review","Arborist is an alternate label of Arboriculturist; tree cultivation and health management fit. The narrower tree-surgery alternative is not chosen automatically."
"M213202","213202","Conservator of Forests Grade G41","2132.5","Forestry Adviser","2132.5","Forestry Adviser","false","partial_proxy","partial_proxy","curated_proxy_retained_with_fresh_2020_retrieval","Retained the previously curated duty-based ESCO assignment after fresh MASCO 2020 title/profile retrieval. No stronger unambiguous occupational identity was established. Prior reasoning: Forest resource conservation and advice; enforcement duties differ from an advisory occupation."
"M213203","213203","Agricultural Officer Grade G41","2132.2","Agronomist","2132.2","Agronomist","false","partial_proxy","partial_proxy","curated_proxy_retained_with_fresh_2020_retrieval","Retained the previously curated duty-based ESCO assignment after fresh MASCO 2020 title/profile retrieval. No stronger unambiguous occupational identity was established. Prior reasoning: Applied crop and agricultural advice; regulatory and public-officer duties are only partly represented."
"M213204","213204","Land Planning Officer Grade G41","2164.1","Land Planner","2164.1","Land Planner","false","close_match","close_match","curated_proxy_retained_with_fresh_2020_retrieval","Retained the previously curated duty-based ESCO assignment after fresh MASCO 2020 title/profile retrieval. No stronger unambiguous occupational identity was established. Prior reasoning: Land-use planning."
"M213205","213205","Agricultural Officer","2132.2","Agronomist","2132.2","Agronomist","false","partial_proxy","partial_proxy","curated_proxy_retained_with_fresh_2020_retrieval","Retained the previously curated duty-based ESCO assignment after fresh MASCO 2020 title/profile retrieval. No stronger unambiguous occupational identity was established. Prior reasoning: Applied crop and agricultural advice; regulatory and public-officer duties are only partly represented."
"M213209","213209","Farm Demonstrator","2132.2","Agronomist","2132.2","Agronomist","false","partial_proxy","partial_proxy","curated_proxy_retained_with_fresh_2020_retrieval","Retained the previously curated duty-based ESCO assignment after fresh MASCO 2020 title/profile retrieval. No stronger unambiguous occupational identity was established. Prior reasoning: Agronomy advice and agricultural demonstrations; extension-teaching specialty needs enrichment."
"M213210","213210","Forestry Officer","2132.5","Forestry Adviser","2132.5","Forestry Adviser","false","partial_proxy","partial_proxy","2020_ambiguous_alias_rejected","Forestry Officer duties are professional forest management; Forest Ranger is only a possible conservation/protection component. Retain the earlier duty-based ESCO proxy after the fresh 2020 retrieval."
"M213214","213214","Aquaculture Executive","1312.3","Aquaculture Production Manager","1312.3","Aquaculture Production Manager","false","broader_proxy","broader_proxy","curated_proxy_retained_with_fresh_2020_retrieval","Retained the previously curated duty-based ESCO assignment after fresh MASCO 2020 title/profile retrieval. No stronger unambiguous occupational identity was established. Prior reasoning: Aquaculture operations coordination; managerial seniority may differ."
"M213301","213301","Environmental Control Officer Grade C41","3257.1","Environmental Health Inspector","3257.1","Environmental Health Inspector","false","partial_proxy","partial_proxy","curated_proxy_retained_with_fresh_2020_retrieval","Retained the previously curated duty-based ESCO assignment after fresh MASCO 2020 title/profile retrieval. No stronger unambiguous occupational identity was established. Prior reasoning: Environmental inspection and pollution control; Malaysian statutory enforcement is not transferred."
"M213302","213302","Agronomist","2132.2","Agronomist","2132.2","Agronomist","false","close_match","close_match","2020_unique_preferred_title","Unique ESCO preferred title matches the MASCO 2020 title after public-service grade/competency-wrapper normalization. Qualification and full task equivalence are not assumed."
"M213304","213304","Agricultural Scientist","2132.1","Agricultural Scientist","2132.1","Agricultural Scientist","false","close_match","close_match","2020_unique_preferred_title","Unique ESCO preferred title matches the MASCO 2020 title after public-service grade/competency-wrapper normalization. Qualification and full task equivalence are not assumed."
"M213305","213305","Floriculturist","6113.2","Horticulture Production Manager","6113.2","Horticulture Production Manager","false","partial_proxy","partial_proxy","curated_proxy_retained_with_fresh_2020_retrieval","Retained the previously curated duty-based ESCO assignment after fresh MASCO 2020 title/profile retrieval. No stronger unambiguous occupational identity was established. Prior reasoning: Commercial flower and ornamental-plant production; scientific floriculture content is only partly represented."
"M213306","213306","Horticulturist","6112.1","Arboriculturist","2131.4.6.1","Curator of Horticulture","true","inherited_test_proxy","partial_proxy","2020_title_and_duty_review","The separated Horticulturist includes plant collections, botanical gardens and landscapes. Curator of Horticulture is a reviewed partial professional-profile proxy; generic horticulture is not identical to botanical-curator seniority or scope."
"M213315","213315","Wood Analyst","2149.11.2","Wood Technology Engineer","2149.11.2","Wood Technology Engineer","false","partial_proxy","partial_proxy","curated_proxy_retained_with_fresh_2020_retrieval","Retained the previously curated duty-based ESCO assignment after fresh MASCO 2020 title/profile retrieval. No stronger unambiguous occupational identity was established. Prior reasoning: Wood technology and material analysis; engineering scope may differ."
"M213316","213316","Animal Scientist","2250.9","Veterinary Scientist","2250.9","Veterinary Scientist","false","partial_proxy","partial_proxy","curated_proxy_retained_with_fresh_2020_retrieval","Retained the previously curated duty-based ESCO assignment after fresh MASCO 2020 title/profile retrieval. No stronger unambiguous occupational identity was established. Prior reasoning: Animal research proxy; veterinary emphasis may differ from livestock-production science."
"M213317","213317","Environmental Research Scientist","2133.7","Environmental Scientist","2133.7","Environmental Scientist","false","close_match","close_match","curated_proxy_retained_with_fresh_2020_retrieval","Retained the previously curated duty-based ESCO assignment after fresh MASCO 2020 title/profile retrieval. No stronger unambiguous occupational identity was established. Prior reasoning: Environmental scientific research."
"M213318","213318","Conservation Officer","2133.9","Nature Conservation Officer","2133.9","Nature Conservation Officer","false","close_match","close_match","curated_proxy_retained_with_fresh_2020_retrieval","Retained the previously curated duty-based ESCO assignment after fresh MASCO 2020 title/profile retrieval. No stronger unambiguous occupational identity was established. Prior reasoning: ESCO alternate title matches the cleaned MASCO title; national qualifications and full task scope are not assumed equivalent."
"M213322","213322","Environmental Consultant","2133.6","Environmental Programme Coordinator","2133.6","Environmental Programme Coordinator","false","broader_proxy","broader_proxy","curated_proxy_retained_with_fresh_2020_retrieval","Retained the previously curated duty-based ESCO assignment after fresh MASCO 2020 title/profile retrieval. No stronger unambiguous occupational identity was established. Prior reasoning: Environmental impact, sustainability and regulatory advice/programmes; exact consulting specialization varies."
"M213402","213402","Biochemist","2131.4.2","Biochemist","2131.4.2","Biochemist","false","close_match","close_match","2020_unique_preferred_title","Unique ESCO preferred title matches the MASCO 2020 title after public-service grade/competency-wrapper normalization. Qualification and full task equivalence are not assumed."
"M213409","213409","Endocrinologists","2212.1","Specialised Doctor","2212.1","Specialised Doctor","false","broader_proxy","broader_proxy","curated_proxy_retained_with_fresh_2020_retrieval","Retained the previously curated duty-based ESCO assignment after fresh MASCO 2020 title/profile retrieval. No stronger unambiguous occupational identity was established. Prior reasoning: D11 describes clinical diagnosis; specialised doctor is a broader clinical proxy, not physiologist or coroner. Specialty skills require local enrichment."
"M213410","213410","Physiologists","2131.4.11","Physiologist","2131.4.11","Physiologist","false","close_match","close_match","curated_proxy_retained_with_fresh_2020_retrieval","Retained the previously curated duty-based ESCO assignment after fresh MASCO 2020 title/profile retrieval. No stronger unambiguous occupational identity was established. Prior reasoning: Preferred occupation title matches after removing Malaysian grade/competency wrappers."
"M213416","213416","Pharmacologists","2131.7","Pharmacologist","2131.7","Pharmacologist","false","close_match","close_match","curated_proxy_retained_with_fresh_2020_retrieval","Retained the previously curated duty-based ESCO assignment after fresh MASCO 2020 title/profile retrieval. No stronger unambiguous occupational identity was established. Prior reasoning: Pharmacological research."
"M213422","213422","Pathologist","2212.1","Specialised Doctor","2212.1","Specialised Doctor","false","broader_proxy","broader_proxy","2020_ambiguous_alias_rejected","Pathologist is a clinical specialist; Coroner adds a distinct death-investigation/statutory function. Retain the earlier duty-based ESCO proxy after the fresh 2020 retrieval."
"M213433","213433","Bio-Fermentation Specialist","2131.5","Food Biotechnologist","2131.5","Food Biotechnologist","false","partial_proxy","partial_proxy","curated_proxy_retained_with_fresh_2020_retrieval","Retained the previously curated duty-based ESCO assignment after fresh MASCO 2020 title/profile retrieval. No stronger unambiguous occupational identity was established. Prior reasoning: Biological fermentation processes; food-biotechnology scope may not cover every industrial application."
"M213435","213435","Bee Cultivation Specialist","6123.1","Bee Breeder","6123.1","Bee Breeder","false","close_match","close_match","curated_proxy_retained_with_fresh_2020_retrieval","Retained the previously curated duty-based ESCO assignment after fresh MASCO 2020 title/profile retrieval. No stronger unambiguous occupational identity was established. Prior reasoning: Bee breeding and cultivation."
"M213436","213436","Embryologist","2131.4.8","Geneticist","2131.4.8","Geneticist","false","partial_proxy","partial_proxy","curated_proxy_retained_with_fresh_2020_retrieval","Retained the previously curated duty-based ESCO assignment after fresh MASCO 2020 title/profile retrieval. No stronger unambiguous occupational identity was established. Prior reasoning: Embryology/genetics research overlap; clinical embryology and assisted reproduction are not fully covered."
"M214101","214101","Automation Engineer","2141.4.2.1","Automation Engineer","2141.4.2.1","Automation Engineer","false","close_match","close_match","2020_unique_preferred_title","Unique ESCO preferred title matches the MASCO 2020 title after public-service grade/competency-wrapper normalization. Qualification and full task equivalence are not assumed."
"M214102","214102","Robotics Engineer","2149.15","Robotics Engineer","2149.15","Robotics Engineer","false","close_match","close_match","2020_unique_preferred_title","Unique ESCO preferred title matches the MASCO 2020 title after public-service grade/competency-wrapper normalization. Qualification and full task equivalence are not assumed."
"M214103","214103","Industrial Engineer","2141.4","Industrial Engineer","2141.4","Industrial Engineer","false","close_match","close_match","2020_unique_preferred_title","Unique ESCO preferred title matches the MASCO 2020 title after public-service grade/competency-wrapper normalization. Qualification and full task equivalence are not assumed."
"M214106","214106","Communication Analyst","1222.1","Communication Manager","1222.1","Communication Manager","false","partial_proxy","partial_proxy","curated_proxy_retained_with_fresh_2020_retrieval","Retained the previously curated duty-based ESCO assignment after fresh MASCO 2020 title/profile retrieval. No stronger unambiguous occupational identity was established. Prior reasoning: D11 profile concerns corporate communication strategy, not telecommunications engineering; managerial level differs and taxonomy placement should be checked."
"M214110","214110","Systems Engineer (Except Computers)","2141.4","Industrial Engineer","2141.4","Industrial Engineer","false","broader_proxy","broader_proxy","curated_proxy_retained_with_fresh_2020_retrieval","Retained the previously curated duty-based ESCO assignment after fresh MASCO 2020 title/profile retrieval. No stronger unambiguous occupational identity was established. Prior reasoning: Non-computer system and process engineering; no computer-hardware specialization is inferred."
"M214111","214111","Systems Design Engineer (Except Computers)","2149.2.4","Design Engineer","2149.2.4","Design Engineer","false","broader_proxy","broader_proxy","curated_proxy_retained_with_fresh_2020_retrieval","Retained the previously curated duty-based ESCO assignment after fresh MASCO 2020 title/profile retrieval. No stronger unambiguous occupational identity was established. Prior reasoning: General systems design and engineering."
"M214115","214115","Cost Evaluation Engineer","2411.1.5","Cost Analyst","2411.1.5","Cost Analyst","false","partial_proxy","partial_proxy","curated_proxy_retained_with_fresh_2020_retrieval","Retained the previously curated duty-based ESCO assignment after fresh MASCO 2020 title/profile retrieval. No stronger unambiguous occupational identity was established. Prior reasoning: Engineering cost estimation and analysis; financial proxy lacks engineering specialty."
"M214120","214120","Ceramics Technologist","2149.11","Materials Engineer","2149.11","Materials Engineer","false","broader_proxy","broader_proxy","curated_proxy_retained_with_fresh_2020_retrieval","Retained the previously curated duty-based ESCO assignment after fresh MASCO 2020 title/profile retrieval. No stronger unambiguous occupational identity was established. Prior reasoning: Engineering of ceramic materials, not artistic ceramics."
"M214142","214142","Photonic Engineer","2149.12.1","Photonics Engineer","2149.12.1","Photonics Engineer","false","close_match","close_match","curated_proxy_retained_with_fresh_2020_retrieval","Retained the previously curated duty-based ESCO assignment after fresh MASCO 2020 title/profile retrieval. No stronger unambiguous occupational identity was established. Prior reasoning: ESCO alternate title matches the cleaned MASCO title; national qualifications and full task scope are not assumed equivalent."
"M214144","214144","SCADA Engineer","2141.4.2.1","Automation Engineer","2141.4.2.1","Automation Engineer","false","broader_proxy","broader_proxy","curated_proxy_retained_with_fresh_2020_retrieval","Retained the previously curated duty-based ESCO assignment after fresh MASCO 2020 title/profile retrieval. No stronger unambiguous occupational identity was established. Prior reasoning: SCADA and industrial automation engineering."
"M214155","214155","Energy Engineer","2149.9","Energy Engineer","2149.9","Energy Engineer","false","close_match","close_match","2020_unique_preferred_title","Unique ESCO preferred title matches the MASCO 2020 title after public-service grade/competency-wrapper normalization. Qualification and full task equivalence are not assumed."
"M214156","214156","Renewable Energy Engineer","2149.9.7","Renewable Energy Engineer","2149.9.7","Renewable Energy Engineer","false","close_match","close_match","2020_unique_preferred_title","Unique ESCO preferred title matches the MASCO 2020 title after public-service grade/competency-wrapper normalization. Qualification and full task equivalence are not assumed."
"M214157","214157","Environment Engineer","2143.1","Environmental Engineer","2143.1","Environmental Engineer","false","close_match","close_match","curated_proxy_retained_with_fresh_2020_retrieval","Retained the previously curated duty-based ESCO assignment after fresh MASCO 2020 title/profile retrieval. No stronger unambiguous occupational identity was established. Prior reasoning: ESCO alternate title matches the cleaned MASCO title; national qualifications and full task scope are not assumed equivalent."
"M214159","214159","Energy Auditor","3112.5","Energy Analyst","3112.5","Energy Analyst","false","broader_proxy","broader_proxy","curated_proxy_retained_with_fresh_2020_retrieval","Retained the previously curated duty-based ESCO assignment after fresh MASCO 2020 title/profile retrieval. No stronger unambiguous occupational identity was established. Prior reasoning: Energy-use analysis and auditing; electrical specialty, competency certification or assistant grade need local enrichment."
"M214169","214169","Materials Engineer","2149.11","Materials Engineer","2149.11","Materials Engineer","false","close_match","close_match","2020_unique_preferred_title","Unique ESCO preferred title matches the MASCO 2020 title after public-service grade/competency-wrapper normalization. Qualification and full task equivalence are not assumed."
"M214202","214202","Engineer Grade J41","2142.1","Civil Engineer","2142.1","Civil Engineer","false","broader_proxy","broader_proxy","curated_proxy_retained_with_fresh_2020_retrieval","Retained the previously curated duty-based ESCO assignment after fresh MASCO 2020 title/profile retrieval. No stronger unambiguous occupational identity was established. Prior reasoning: Civil engineering scope; technologist/public-service grade is not separately represented."
"M214206","214206","Civil Engineering Technologist","2142.1","Civil Engineer","2142.1","Civil Engineer","false","broader_proxy","broader_proxy","curated_proxy_retained_with_fresh_2020_retrieval","Retained the previously curated duty-based ESCO assignment after fresh MASCO 2020 title/profile retrieval. No stronger unambiguous occupational identity was established. Prior reasoning: Civil engineering scope; technologist/public-service grade is not separately represented."
"M214207","214207","Civil Engineer","2142.1","Civil Engineer","2142.1","Civil Engineer","false","close_match","close_match","2020_unique_preferred_title","Unique ESCO preferred title matches the MASCO 2020 title after public-service grade/competency-wrapper normalization. Qualification and full task equivalence are not assumed."
"M214238","214238","Foundation Engineer","2142.1.4","Geological Engineer","2142.1.4","Geological Engineer","false","partial_proxy","partial_proxy","curated_proxy_retained_with_fresh_2020_retrieval","Retained the previously curated duty-based ESCO assignment after fresh MASCO 2020 title/profile retrieval. No stronger unambiguous occupational identity was established. Prior reasoning: Ground and foundation engineering overlap; geological engineering is not exact foundation design."
"M214245","214245","Quantity Surveyor Grade J41","2149.14","Quantity Surveyor","2149.14","Quantity Surveyor","false","close_match","close_match","2020_unique_preferred_title","Unique ESCO preferred title matches the MASCO 2020 title after public-service grade/competency-wrapper normalization. Qualification and full task equivalence are not assumed."
"M214246","214246","Building Surveyor Grade J41","3315.8","Real Estate Surveyor","3315.8","Real Estate Surveyor","false","close_match","close_match","curated_proxy_retained_with_fresh_2020_retrieval","Retained the previously curated duty-based ESCO assignment after fresh MASCO 2020 title/profile retrieval. No stronger unambiguous occupational identity was established. Prior reasoning: Building/property surveying, not mine surveying."
"M214248","214248","Quantity Surveyor","2149.14","Quantity Surveyor","2149.14","Quantity Surveyor","false","close_match","close_match","2020_unique_preferred_title","Unique ESCO preferred title matches the MASCO 2020 title after public-service grade/competency-wrapper normalization. Qualification and full task equivalence are not assumed."
"M214301","214301","Environmental Engineer","2143.1","Environmental Engineer","2143.1","Environmental Engineer","false","close_match","close_match","2020_unique_preferred_title","Unique ESCO preferred title matches the MASCO 2020 title after public-service grade/competency-wrapper normalization. Qualification and full task equivalence are not assumed."
"M214305","214305","Environmental Analyst","2133.7","Environmental Scientist","2133.7","Environmental Scientist","false","broader_proxy","broader_proxy","curated_proxy_retained_with_fresh_2020_retrieval","Retained the previously curated duty-based ESCO assignment after fresh MASCO 2020 title/profile retrieval. No stronger unambiguous occupational identity was established. Prior reasoning: Environmental data, research and compliance analysis; source does not primarily describe engineering design."
"M214402","214402","Mechanical Engineer","2144.1","Mechanical Engineer","2144.1","Mechanical Engineer","false","close_match","close_match","2020_unique_preferred_title","Unique ESCO preferred title matches the MASCO 2020 title after public-service grade/competency-wrapper normalization. Qualification and full task equivalence are not assumed."
"M214404","214404","Lift Engineer","7412.7","Lift Technician","7412.7","Lift Technician","false","partial_proxy","partial_proxy","curated_proxy_retained_with_fresh_2020_retrieval","Retained the previously curated duty-based ESCO assignment after fresh MASCO 2020 title/profile retrieval. No stronger unambiguous occupational identity was established. Prior reasoning: Lift installation and technical service; engineering design versus technician scope needs review."
"M214413","214413","Internal Combustion Engine Engineer","2144.1","Mechanical Engineer","2144.1.5","Engine Designer","true","inherited_test_proxy","broader_proxy","2020_title_and_duty_review","Internal Combustion Engine Engineer designs, installs and maintains engines. Engine Designer is more focused than the inherited general mechanical-engineer profile, but includes engine types beyond internal combustion."
"M214436","214436","Welding Engineer","2144.1.23","Welding Engineer","2144.1.23","Welding Engineer","false","close_match","close_match","2020_unique_preferred_title","Unique ESCO preferred title matches the MASCO 2020 title after public-service grade/competency-wrapper normalization. Qualification and full task equivalence are not assumed."
"M214443","214443","Engineering Technologist","2144.1","Mechanical Engineer","2144.1","Mechanical Engineer","false","broader_proxy","broader_proxy","curated_proxy_retained_with_fresh_2020_retrieval","Retained the previously curated duty-based ESCO assignment after fresh MASCO 2020 title/profile retrieval. No stronger unambiguous occupational identity was established. Prior reasoning: Mechanical engineering; engine or technologist specialization is absent."
"M214458","214458","Robotic Technologist","3119.2.1","Robotics Engineering Technician","3119.2.1","Robotics Engineering Technician","false","close_match","close_match","curated_proxy_retained_with_fresh_2020_retrieval","Retained the previously curated duty-based ESCO assignment after fresh MASCO 2020 title/profile retrieval. No stronger unambiguous occupational identity was established. Prior reasoning: Robotics engineering technology."
"M214459","214459","Aerospace Engineer","2144.1.1","Aerospace Engineer","2144.1.1","Aerospace Engineer","false","close_match","close_match","2020_unique_preferred_title","Unique ESCO preferred title matches the MASCO 2020 title after public-service grade/competency-wrapper normalization. Qualification and full task equivalence are not assumed."
"M214503","214503","Chemical Engineer","2145.1","Chemical Engineer","2145.1","Chemical Engineer","false","close_match","close_match","2020_unique_preferred_title","Unique ESCO preferred title matches the MASCO 2020 title after public-service grade/competency-wrapper normalization. Qualification and full task equivalence are not assumed."
"M214601","214601","Mining Engineer","2146.8","Mine Planning Engineer","2146.8","Mine Planning Engineer","false","partial_proxy","partial_proxy","curated_proxy_retained_with_fresh_2020_retrieval","Retained the previously curated duty-based ESCO assignment after fresh MASCO 2020 title/profile retrieval. No stronger unambiguous occupational identity was established. Prior reasoning: Mine planning/extraction engineering component; broad mining lifecycle exceeds mine-planning specialization."
"M214606","214606","Petroleum Mining Engineer","2146.10","Petroleum Engineer","2146.10","Petroleum Engineer","false","partial_proxy","partial_proxy","curated_proxy_retained_with_fresh_2020_retrieval","Retained the previously curated duty-based ESCO assignment after fresh MASCO 2020 title/profile retrieval. No stronger unambiguous occupational identity was established. Prior reasoning: Title/duty comparison supports this primary proxy, but occupational breadth, specialisation or seniority may differ. See both source profiles in the evidence table."
"M214609","214609","Metallurgist","2146.5","Metallurgist","2146.5","Metallurgist","false","close_match","close_match","2020_unique_preferred_title","Unique ESCO preferred title matches the MASCO 2020 title after public-service grade/competency-wrapper normalization. Qualification and full task equivalence are not assumed."
"M214616","214616","Assayer","2146.1","Assayer","2146.1","Assayer","false","close_match","close_match","2020_unique_preferred_title","Unique ESCO preferred title matches the MASCO 2020 title after public-service grade/competency-wrapper normalization. Qualification and full task equivalence are not assumed."
"M214624","214624","Marine Section Leader","4323.19","Vessel Operations Coordinator","4323.19","Vessel Operations Coordinator","false","partial_proxy","partial_proxy","curated_proxy_retained_with_fresh_2020_retrieval","Retained the previously curated duty-based ESCO assignment after fresh MASCO 2020 title/profile retrieval. No stronger unambiguous occupational identity was established. Prior reasoning: Vessel operations coordination and readiness; technical section leadership is only partly represented."
"M214641","214641","Hydraulics Engineer","2144.1.7","Fluid Power Engineer","2144.1.7","Fluid Power Engineer","false","close_match","close_match","curated_proxy_retained_with_fresh_2020_retrieval","Retained the previously curated duty-based ESCO assignment after fresh MASCO 2020 title/profile retrieval. No stronger unambiguous occupational identity was established. Prior reasoning: Hydraulic machinery, pumps and actuators align with fluid-power engineering."
"M214642","214642","Water Management Engineer","2142.1.11","Water Engineer","2142.1.11","Water Engineer","false","partial_proxy","partial_proxy","curated_proxy_retained_with_fresh_2020_retrieval","Retained the previously curated duty-based ESCO assignment after fresh MASCO 2020 title/profile retrieval. No stronger unambiguous occupational identity was established. Prior reasoning: Title/duty comparison supports this primary proxy, but occupational breadth, specialisation or seniority may differ. See both source profiles in the evidence table."
"M214645","214645","Pipeline Mechanical Engineer","2142.1.7","Pipeline Engineer","2142.1.7","Pipeline Engineer","false","partial_proxy","partial_proxy","curated_proxy_retained_with_fresh_2020_retrieval","Retained the previously curated duty-based ESCO assignment after fresh MASCO 2020 title/profile retrieval. No stronger unambiguous occupational identity was established. Prior reasoning: Title/duty comparison supports this primary proxy, but occupational breadth, specialisation or seniority may differ. See both source profiles in the evidence table."
"M214648","214648","Pipe Stress Engineer","2142.1.7","Pipeline Engineer","2142.1.7","Pipeline Engineer","false","partial_proxy","partial_proxy","curated_proxy_retained_with_fresh_2020_retrieval","Retained the previously curated duty-based ESCO assignment after fresh MASCO 2020 title/profile retrieval. No stronger unambiguous occupational identity was established. Prior reasoning: Title/duty comparison supports this primary proxy, but occupational breadth, specialisation or seniority may differ. See both source profiles in the evidence table."
"M214649","214649","Blasting Expert","2146.3","Explosives Engineer","2146.3","Explosives Engineer","false","inherited_test_proxy","broader_proxy","2020_title_and_duty_review","Blasting Expert concerns mining explosives and controlled blasting. Explosives Engineer is retained as a broader engineering proxy, not abrasive surface blasting or bomb disposal."
"M214901","214901","Explosive Ordnance Engineer","2146.3","Explosives Engineer","2146.3","Explosives Engineer","false","partial_proxy","partial_proxy","curated_proxy_retained_with_fresh_2020_retrieval","Retained the previously curated duty-based ESCO assignment after fresh MASCO 2020 title/profile retrieval. No stronger unambiguous occupational identity was established. Prior reasoning: Title/duty comparison supports this primary proxy, but occupational breadth, specialisation or seniority may differ. See both source profiles in the evidence table."
"M214902","214902","Marine Salvage Engineer","2144.1.10","Marine Engineer","2144.1.10","Marine Engineer","false","partial_proxy","partial_proxy","curated_proxy_retained_with_fresh_2020_retrieval","Retained the previously curated duty-based ESCO assignment after fresh MASCO 2020 title/profile retrieval. No stronger unambiguous occupational identity was established. Prior reasoning: Title/duty comparison supports this primary proxy, but occupational breadth, specialisation or seniority may differ. See both source profiles in the evidence table."
"M214907","214907","Industrial Health and Safety Engineer","2149.10","Health and Safety Engineer","2149.10","Health and Safety Engineer","false","close_match","close_match","curated_proxy_retained_with_fresh_2020_retrieval","Retained the previously curated duty-based ESCO assignment after fresh MASCO 2020 title/profile retrieval. No stronger unambiguous occupational identity was established. Prior reasoning: ESCO alternate title matches the cleaned MASCO title; national qualifications and full task scope are not assumed equivalent."
"M214913","214913","Field Service Engineer","2144.1.6","Equipment Engineer","2144.1.6","Equipment Engineer","false","partial_proxy","partial_proxy","curated_proxy_retained_with_fresh_2020_retrieval","Retained the previously curated duty-based ESCO assignment after fresh MASCO 2020 title/profile retrieval. No stronger unambiguous occupational identity was established. Prior reasoning: Title/duty comparison supports this primary proxy, but occupational breadth, specialisation or seniority may differ. See both source profiles in the evidence table."
"M214918","214918","Research Engineer","2149.2.8","Research Engineer","2149.2.8","Research Engineer","false","close_match","close_match","2020_unique_preferred_title","Unique ESCO preferred title matches the MASCO 2020 title after public-service grade/competency-wrapper normalization. Qualification and full task equivalence are not assumed."
"M214919","214919","Biomedical Engineer","2149.5.1","Biomedical Engineer","2149.5.1","Biomedical Engineer","false","close_match","close_match","2020_unique_preferred_title","Unique ESCO preferred title matches the MASCO 2020 title after public-service grade/competency-wrapper normalization. Qualification and full task equivalence are not assumed."
"M214920","214920","Optical Engineer","2149.12","Optical Engineer","2149.12","Optical Engineer","false","close_match","close_match","2020_unique_preferred_title","Unique ESCO preferred title matches the MASCO 2020 title after public-service grade/competency-wrapper normalization. Qualification and full task equivalence are not assumed."
"M214921","214921","Quality Assurance/Quality Control Inspection Engineer (QA/QC)","2149.2.7","Quality Engineer","2149.2.7","Quality Engineer","false","partial_proxy","partial_proxy","curated_proxy_retained_with_fresh_2020_retrieval","Retained the previously curated duty-based ESCO assignment after fresh MASCO 2020 title/profile retrieval. No stronger unambiguous occupational identity was established. Prior reasoning: Title/duty comparison supports this primary proxy, but occupational breadth, specialisation or seniority may differ. See both source profiles in the evidence table."
"M214922","214922","Factories and Machinery Inspector Grade J41","3257.5","Occupational Health and Safety Inspector","3257.5","Occupational Health and Safety Inspector","false","partial_proxy","partial_proxy","curated_proxy_retained_with_fresh_2020_retrieval","Retained the previously curated duty-based ESCO assignment after fresh MASCO 2020 title/profile retrieval. No stronger unambiguous occupational identity was established. Prior reasoning: Machinery/workplace inspection proxy; equipment-specific inspection and Malaysian authority need enrichment."
"M214923","214923","Commissioning Engineer","2149.6","Commissioning Engineer","2149.6","Commissioning Engineer","false","close_match","close_match","2020_unique_preferred_title","Unique ESCO preferred title matches the MASCO 2020 title after public-service grade/competency-wrapper normalization. Qualification and full task equivalence are not assumed."
"M215102","215102","Electrical Engineer","2151.1","Electrical Engineer","2151.1","Electrical Engineer","false","close_match","close_match","2020_unique_preferred_title","Unique ESCO preferred title matches the MASCO 2020 title after public-service grade/competency-wrapper normalization. Qualification and full task equivalence are not assumed."
"M215135","215135","Electrical Energy Auditor","3112.5","Energy Analyst","3112.5","Energy Analyst","false","broader_proxy","broader_proxy","curated_proxy_retained_with_fresh_2020_retrieval","Retained the previously curated duty-based ESCO assignment after fresh MASCO 2020 title/profile retrieval. No stronger unambiguous occupational identity was established. Prior reasoning: Energy-use analysis and auditing; electrical specialty, competency certification or assistant grade need local enrichment."
"M215136","215136","Electrical Superintendent","3123.1.11","Electrical Supervisor","3123.1.11","Electrical Supervisor","false","close_match","close_match","curated_proxy_retained_with_fresh_2020_retrieval","Retained the previously curated duty-based ESCO assignment after fresh MASCO 2020 title/profile retrieval. No stronger unambiguous occupational identity was established. Prior reasoning: Electrical supervision."
"M215202","215202","Electronics Engineer","2152.1","Electronics Engineer","2152.1","Electronics Engineer","false","close_match","close_match","2020_unique_preferred_title","Unique ESCO preferred title matches the MASCO 2020 title after public-service grade/competency-wrapper normalization. Qualification and full task equivalence are not assumed."
"M215236","215236","Integrated Circuit Package Assembly Process Engineer (IC)","2152.1.7","Microelectronics Engineer","2152.1.7","Microelectronics Engineer","false","broader_proxy","broader_proxy","curated_proxy_retained_with_fresh_2020_retrieval","Retained the previously curated duty-based ESCO assignment after fresh MASCO 2020 title/profile retrieval. No stronger unambiguous occupational identity was established. Prior reasoning: Integrated-circuit package/assembly engineering, not only circuit design."
"M215301","215301","Telecommunications Engineer","2153.1","Telecommunications Engineer","2153.1","Telecommunications Engineer","false","close_match","close_match","2020_unique_preferred_title","Unique ESCO preferred title matches the MASCO 2020 title after public-service grade/competency-wrapper normalization. Qualification and full task equivalence are not assumed."
"M215323","215323","Network and System Engineer","2523.3","ICT Network Engineer","2523.3","ICT Network Engineer","false","close_match","close_match","curated_proxy_retained_with_fresh_2020_retrieval","Retained the previously curated duty-based ESCO assignment after fresh MASCO 2020 title/profile retrieval. No stronger unambiguous occupational identity was established. Prior reasoning: Computer-network systems engineering."
"M215330","215330","Acoustic Engineer","2149.1","Acoustical Engineer","2149.1","Acoustical Engineer","false","close_match","close_match","curated_proxy_retained_with_fresh_2020_retrieval","Retained the previously curated duty-based ESCO assignment after fresh MASCO 2020 title/profile retrieval. No stronger unambiguous occupational identity was established. Prior reasoning: ESCO alternate title matches the cleaned MASCO title; national qualifications and full task scope are not assumed equivalent."
"M216101","216101","Architect Grade J41","2161.1","Architect","2161.1","Architect","false","close_match","close_match","2020_unique_preferred_title","Unique ESCO preferred title matches the MASCO 2020 title after public-service grade/competency-wrapper normalization. Qualification and full task equivalence are not assumed."
"M216102","216102","Architect","2161.1","Architect","2161.1","Architect","false","close_match","close_match","2020_unique_preferred_title","Unique ESCO preferred title matches the MASCO 2020 title after public-service grade/competency-wrapper normalization. Qualification and full task equivalence are not assumed."
"M216201","216201","Landscape Architect Grade J41","2162.1","Landscape Architect","2162.1","Landscape Architect","false","close_match","close_match","2020_unique_preferred_title","Unique ESCO preferred title matches the MASCO 2020 title after public-service grade/competency-wrapper normalization. Qualification and full task equivalence are not assumed."
"M216202","216202","Landscape Architect","2162.1","Landscape Architect","2162.1","Landscape Architect","false","close_match","close_match","2020_unique_preferred_title","Unique ESCO preferred title matches the MASCO 2020 title after public-service grade/competency-wrapper normalization. Qualification and full task equivalence are not assumed."
"M216301","216301","Commercial Products Designer","2163.1","Industrial Designer","2163.1","Industrial Designer","false","partial_proxy","partial_proxy","curated_proxy_retained_with_fresh_2020_retrieval","Retained the previously curated duty-based ESCO assignment after fresh MASCO 2020 title/profile retrieval. No stronger unambiguous occupational identity was established. Prior reasoning: Title/duty comparison supports this primary proxy, but occupational breadth, specialisation or seniority may differ. See both source profiles in the evidence table."
"M216326","216326","Green Technology Design Professional","2143.1","Environmental Engineer","2143.1","Environmental Engineer","false","broader_proxy","broader_proxy","curated_proxy_retained_with_fresh_2020_retrieval","Retained the previously curated duty-based ESCO assignment after fresh MASCO 2020 title/profile retrieval. No stronger unambiguous occupational identity was established. Prior reasoning: Green-technology design interpreted through environmental engineering; no ICT specialization is imposed."
"M216401","216401","Urban and Rural Planning Officer Grade J41","2164.4","Urban Planner","2164.4","Urban Planner","false","partial_proxy","partial_proxy","curated_proxy_retained_with_fresh_2020_retrieval","Retained the previously curated duty-based ESCO assignment after fresh MASCO 2020 title/profile retrieval. No stronger unambiguous occupational identity was established. Prior reasoning: Title/duty comparison supports this primary proxy, but occupational breadth, specialisation or seniority may differ. See both source profiles in the evidence table."
"M216402","216402","Town Planner","2164.4","Urban Planner","2164.4","Urban Planner","false","close_match","close_match","curated_proxy_retained_with_fresh_2020_retrieval","Retained the previously curated duty-based ESCO assignment after fresh MASCO 2020 title/profile retrieval. No stronger unambiguous occupational identity was established. Prior reasoning: Town and urban planning."
"M216404","216404","Traffic Engineer","2164.3","Transport Planner","2164.3","Transport Planner","false","close_match","close_match","curated_proxy_retained_with_fresh_2020_retrieval","Retained the previously curated duty-based ESCO assignment after fresh MASCO 2020 title/profile retrieval. No stronger unambiguous occupational identity was established. Prior reasoning: ESCO alternate title matches the cleaned MASCO title; national qualifications and full task scope are not assumed equivalent."
"M216407","216407","Urban and Regional Planners","2164.4","Urban Planner","2164.4","Urban Planner","false","partial_proxy","partial_proxy","curated_proxy_retained_with_fresh_2020_retrieval","Retained the previously curated duty-based ESCO assignment after fresh MASCO 2020 title/profile retrieval. No stronger unambiguous occupational identity was established. Prior reasoning: Title/duty comparison supports this primary proxy, but occupational breadth, specialisation or seniority may differ. See both source profiles in the evidence table."
"M216501","216501","Geospatialist Grade J41","2165.3","Geographic Information Systems Specialist","2165.3","Geographic Information Systems Specialist","false","partial_proxy","partial_proxy","curated_proxy_retained_with_fresh_2020_retrieval","Retained the previously curated duty-based ESCO assignment after fresh MASCO 2020 title/profile retrieval. No stronger unambiguous occupational identity was established. Prior reasoning: Title/duty comparison supports this primary proxy, but occupational breadth, specialisation or seniority may differ. See both source profiles in the evidence table."
"M216502","216502","Surveyor Grade J41","2165.4","Land Surveyor","2165.4","Land Surveyor","false","close_match","close_match","curated_proxy_retained_with_fresh_2020_retrieval","Retained the previously curated duty-based ESCO assignment after fresh MASCO 2020 title/profile retrieval. No stronger unambiguous occupational identity was established. Prior reasoning: ESCO alternate title matches the cleaned MASCO title; national qualifications and full task scope are not assumed equivalent."
"M216503","216503","Cartographer","2165.2","Cartographer","2165.2","Cartographer","false","close_match","close_match","2020_unique_preferred_title","Unique ESCO preferred title matches the MASCO 2020 title after public-service grade/competency-wrapper normalization. Qualification and full task equivalence are not assumed."
"M216507","216507","Surveyor","2165.4","Land Surveyor","2165.4","Land Surveyor","false","close_match","close_match","curated_proxy_retained_with_fresh_2020_retrieval","Retained the previously curated duty-based ESCO assignment after fresh MASCO 2020 title/profile retrieval. No stronger unambiguous occupational identity was established. Prior reasoning: ESCO alternate title matches the cleaned MASCO title; national qualifications and full task scope are not assumed equivalent."
"M216601","216601","Designer Grade B41","2166.9","Graphic Designer","2166.9","Graphic Designer","false","broader_proxy","broader_proxy","2020_ambiguous_alias_rejected","Public-service Designer grade does not establish Art Director authority. Retain the earlier duty-based ESCO proxy after the fresh 2020 retrieval."
"M217102","217102","Marine Engineer","2144.1.10","Marine Engineer","2144.1.10","Marine Engineer","false","close_match","close_match","2020_unique_preferred_title","Unique ESCO preferred title matches the MASCO 2020 title after public-service grade/competency-wrapper normalization. Qualification and full task equivalence are not assumed."
"M217105","217105","Naval Architect","2144.1.14","Naval Architect","2144.1.14","Naval Architect","false","close_match","close_match","2020_unique_preferred_title","Unique ESCO preferred title matches the MASCO 2020 title after public-service grade/competency-wrapper normalization. Qualification and full task equivalence are not assumed."
"M217201","217201","Marine Officer Grade AL41","3115.1.9","Marine Surveyor","3115.1.9","Marine Surveyor","false","partial_proxy","partial_proxy","curated_proxy_retained_with_fresh_2020_retrieval","Retained the previously curated duty-based ESCO assignment after fresh MASCO 2020 title/profile retrieval. No stronger unambiguous occupational identity was established. Prior reasoning: Vessel safety inspection/survey is one component; registration, port administration and enforcement are not fully represented."
"M217203","217203","Hovercraft Pilot","3152.3","Maritime Pilot","3152.3","Maritime Pilot","false","partial_proxy","partial_proxy","curated_proxy_retained_with_fresh_2020_retrieval","Retained the previously curated duty-based ESCO assignment after fresh MASCO 2020 title/profile retrieval. No stronger unambiguous occupational identity was established. Prior reasoning: Marine navigation proxy for hovercraft piloting; craft-specific qualification is absent."
"M217205","217205","Port Captain","4323.11","Port Coordinator","4323.11","Port Coordinator","false","partial_proxy","partial_proxy","curated_proxy_retained_with_fresh_2020_retrieval","Retained the previously curated duty-based ESCO assignment after fresh MASCO 2020 title/profile retrieval. No stronger unambiguous occupational identity was established. Prior reasoning: Port-side vessel and cargo coordination, not command of a ship at sea; port-captain seniority differs."
"M217207","217207","Ship Navigator","3152.1","Deck Officer","3152.1","Deck Officer","false","broader_proxy","broader_proxy","curated_proxy_retained_with_fresh_2020_retrieval","Retained the previously curated duty-based ESCO assignment after fresh MASCO 2020 title/profile retrieval. No stronger unambiguous occupational identity was established. Prior reasoning: Deck navigation/operations; superintendent rank is not represented."
"M217210","217210","Marine Superintendent (Deck)","3152.1","Deck Officer","3152.1","Deck Officer","false","broader_proxy","broader_proxy","curated_proxy_retained_with_fresh_2020_retrieval","Retained the previously curated duty-based ESCO assignment after fresh MASCO 2020 title/profile retrieval. No stronger unambiguous occupational identity was established. Prior reasoning: Deck navigation/operations; superintendent rank is not represented."
"M217211","217211","Shipping Executive","3331.2.2","Shipping Agent","3331.2.2","Shipping Agent","false","partial_proxy","partial_proxy","curated_proxy_retained_with_fresh_2020_retrieval","Retained the previously curated duty-based ESCO assignment after fresh MASCO 2020 title/profile retrieval. No stronger unambiguous occupational identity was established. Prior reasoning: Title/duty comparison supports this primary proxy, but occupational breadth, specialisation or seniority may differ. See both source profiles in the evidence table."
"M217301","217301","Pilot/ Pilot Examiner Grade AT41","3154.2","Aviation Inspector","3154.2","Aviation Inspector","false","broader_proxy","broader_proxy","curated_proxy_retained_with_fresh_2020_retrieval","Retained the previously curated duty-based ESCO assignment after fresh MASCO 2020 title/profile retrieval. No stronger unambiguous occupational identity was established. Prior reasoning: Pilot examination and aviation inspection; aircraft category and Malaysian licensing authority need enrichment."
"M217302","217302","Aircraft Examiner Grade AT41","3154.2","Aviation Inspector","3154.2","Aviation Inspector","false","broader_proxy","broader_proxy","curated_proxy_retained_with_fresh_2020_retrieval","Retained the previously curated duty-based ESCO assignment after fresh MASCO 2020 title/profile retrieval. No stronger unambiguous occupational identity was established. Prior reasoning: Pilot examination and aviation inspection; aircraft category and Malaysian licensing authority need enrichment."
"M217303","217303","Pilot","3153.2","Aircraft Pilot","3153.2","Aircraft Pilot","false","partial_proxy","partial_proxy","curated_proxy_retained_with_fresh_2020_retrieval","Retained the previously curated duty-based ESCO assignment after fresh MASCO 2020 title/profile retrieval. No stronger unambiguous occupational identity was established. Prior reasoning: Title/duty comparison supports this primary proxy, but occupational breadth, specialisation or seniority may differ. See both source profiles in the evidence table."
"M217305","217305","Flight Instructor","3153.2.3","Flight Instructor","3153.2.3","Flight Instructor","false","close_match","close_match","2020_unique_preferred_title","Unique ESCO preferred title matches the MASCO 2020 title after public-service grade/competency-wrapper normalization. Qualification and full task equivalence are not assumed."
"M217310","217310","Aircraft Design Engineer","2144.1.1","Aerospace Engineer","2144.1.1","Aerospace Engineer","false","close_match","close_match","curated_proxy_retained_with_fresh_2020_retrieval","Retained the previously curated duty-based ESCO assignment after fresh MASCO 2020 title/profile retrieval. No stronger unambiguous occupational identity was established. Prior reasoning: Aerospace/aircraft design engineering."
"M217311","217311","Aeronautical Engineer","2144.1.1","Aerospace Engineer","2144.1.1","Aerospace Engineer","false","close_match","close_match","curated_proxy_retained_with_fresh_2020_retrieval","Retained the previously curated duty-based ESCO assignment after fresh MASCO 2020 title/profile retrieval. No stronger unambiguous occupational identity was established. Prior reasoning: ESCO alternate title matches the cleaned MASCO title; national qualifications and full task scope are not assumed equivalent."
"M217312","217312","Pilot/Pilot Examiner Grade AT43","3154.2","Aviation Inspector","3154.2","Aviation Inspector","false","broader_proxy","broader_proxy","curated_proxy_retained_with_fresh_2020_retrieval","Retained the previously curated duty-based ESCO assignment after fresh MASCO 2020 title/profile retrieval. No stronger unambiguous occupational identity was established. Prior reasoning: Pilot examination and aviation inspection; aircraft category and Malaysian licensing authority need enrichment."
"M217313","217313","Pilot/Pilot Examiner Grade AT47","3154.2","Aviation Inspector","3154.2","Aviation Inspector","false","broader_proxy","broader_proxy","curated_proxy_retained_with_fresh_2020_retrieval","Retained the previously curated duty-based ESCO assignment after fresh MASCO 2020 title/profile retrieval. No stronger unambiguous occupational identity was established. Prior reasoning: Pilot examination and aviation inspection; aircraft category and Malaysian licensing authority need enrichment."
"M217314","217314","Pilot/Pilot Examiner Grade AT51","3154.2","Aviation Inspector","3154.2","Aviation Inspector","false","broader_proxy","broader_proxy","curated_proxy_retained_with_fresh_2020_retrieval","Retained the previously curated duty-based ESCO assignment after fresh MASCO 2020 title/profile retrieval. No stronger unambiguous occupational identity was established. Prior reasoning: Pilot examination and aviation inspection; aircraft category and Malaysian licensing authority need enrichment."
"M217315","217315","Pilot/Pilot Examiner Grade AT53","3154.2","Aviation Inspector","3154.2","Aviation Inspector","false","broader_proxy","broader_proxy","curated_proxy_retained_with_fresh_2020_retrieval","Retained the previously curated duty-based ESCO assignment after fresh MASCO 2020 title/profile retrieval. No stronger unambiguous occupational identity was established. Prior reasoning: Pilot examination and aviation inspection; aircraft category and Malaysian licensing authority need enrichment."
"M217322","217322","Marine Aviation Officer","3154.3","Flight Operations Officer","3154.3","Flight Operations Officer","false","partial_proxy","partial_proxy","curated_proxy_retained_with_fresh_2020_retrieval","Retained the previously curated duty-based ESCO assignment after fresh MASCO 2020 title/profile retrieval. No stronger unambiguous occupational identity was established. Prior reasoning: Aviation operational coordination; marine-service context is not represented."
"M217401","217401","Air Traffic Control Officer Grade A41","3154.1","Air Traffic Controller","3154.1","Air Traffic Controller","false","close_match","close_match","curated_proxy_retained_with_fresh_2020_retrieval","Retained the previously curated duty-based ESCO assignment after fresh MASCO 2020 title/profile retrieval. No stronger unambiguous occupational identity was established. Prior reasoning: ESCO alternate title matches the cleaned MASCO title; national qualifications and full task scope are not assumed equivalent."
"M217402","217402","Air Traffic Controller","3154.1","Air Traffic Controller","3154.1","Air Traffic Controller","false","close_match","close_match","2020_unique_preferred_title","Unique ESCO preferred title matches the MASCO 2020 title after public-service grade/competency-wrapper normalization. Qualification and full task equivalence are not assumed."
"M217403","217403","Operation Centre Controller","3154.3","Flight Operations Officer","3154.3","Flight Operations Officer","false","broader_proxy","broader_proxy","curated_proxy_retained_with_fresh_2020_retrieval","Retained the previously curated duty-based ESCO assignment after fresh MASCO 2020 title/profile retrieval. No stronger unambiguous occupational identity was established. Prior reasoning: Flight operations control, not data-centre control."
"M217501","217501","Railway and Locomotive Operation Officer","1324.3.1.3","Rail Operations Manager","1324.3.1.3","Rail Operations Manager","false","broader_proxy","broader_proxy","curated_proxy_retained_with_fresh_2020_retrieval","Retained the previously curated duty-based ESCO assignment after fresh MASCO 2020 title/profile retrieval. No stronger unambiguous occupational identity was established. Prior reasoning: Rail operations management; executive grade may differ."
"M218101","218101","Mining Excecutive","1322.1","Mine Manager","1322.1","Mine Manager","false","broader_proxy","broader_proxy","curated_proxy_retained_with_fresh_2020_retrieval","Retained the previously curated duty-based ESCO assignment after fresh MASCO 2020 title/profile retrieval. No stronger unambiguous occupational identity was established. Prior reasoning: Mining operational management."
"M218201","218201","Manufacturing Executive","1321.2","Manufacturing Manager","1321.2","Manufacturing Manager","false","partial_proxy","partial_proxy","curated_proxy_retained_with_fresh_2020_retrieval","Retained the previously curated duty-based ESCO assignment after fresh MASCO 2020 title/profile retrieval. No stronger unambiguous occupational identity was established. Prior reasoning: Title/duty comparison supports this primary proxy, but occupational breadth, specialisation or seniority may differ. See both source profiles in the evidence table."
"M218202","218202","Quality Assurance Executive","1219.7","Quality Services Manager","1219.7","Quality Services Manager","false","broader_proxy","broader_proxy","curated_proxy_retained_with_fresh_2020_retrieval","Retained the previously curated duty-based ESCO assignment after fresh MASCO 2020 title/profile retrieval. No stronger unambiguous occupational identity was established. Prior reasoning: General quality assurance; not ICT-only quality assurance."
"M218207","218207","Store Executive","1324.3.4","Warehouse Manager","1324.3.4","Warehouse Manager","false","partial_proxy","partial_proxy","curated_proxy_retained_with_fresh_2020_retrieval","Retained the previously curated duty-based ESCO assignment after fresh MASCO 2020 title/profile retrieval. No stronger unambiguous occupational identity was established. Prior reasoning: Stores and inventory management; manager seniority may exceed executive role."
"M218229","218229","Technical Service Adviser","1349.21","Service Manager","1349.21","Service Manager","false","partial_proxy","partial_proxy","curated_proxy_retained_with_fresh_2020_retrieval","Retained the previously curated duty-based ESCO assignment after fresh MASCO 2020 title/profile retrieval. No stronger unambiguous occupational identity was established. Prior reasoning: Technical service coordination/customer support; management scope is broader than adviser."
"M218231","218231","Material Specialist","2149.11","Materials Engineer","2149.11","Materials Engineer","false","broader_proxy","broader_proxy","curated_proxy_retained_with_fresh_2020_retrieval","Retained the previously curated duty-based ESCO assignment after fresh MASCO 2020 title/profile retrieval. No stronger unambiguous occupational identity was established. Prior reasoning: Materials engineering and selection."
"M218301","218301","Construction Executive","1323.1","Construction Manager","1323.1","Construction Manager","false","broader_proxy","broader_proxy","curated_proxy_retained_with_fresh_2020_retrieval","Retained the previously curated duty-based ESCO assignment after fresh MASCO 2020 title/profile retrieval. No stronger unambiguous occupational identity was established. Prior reasoning: Construction operations and project coordination."
"M221101","221101","Medical Officer Grade UD41","2211.1","General Practitioner","2211.1","General Practitioner","false","inherited_test_proxy","close_match","2020_title_and_duty_review","Medical Officer UD41/UD43 denotes clinical medical practice in the inherited duties. General Practitioner is the clinical counterpart; the public-service grade does not imply health-and-safety or police work."
"M221102","221102","Medical Doctor","2211.1","General Practitioner","2211.1","General Practitioner","false","close_match","close_match","curated_proxy_retained_with_fresh_2020_retrieval","Retained the previously curated duty-based ESCO assignment after fresh MASCO 2020 title/profile retrieval. No stronger unambiguous occupational identity was established. Prior reasoning: General medical practice; public-service grade does not change occupation identity."
"M221107","221107","Medical Doctor, Gynaecology","2212.1","Specialised Doctor","2212.1","Specialised Doctor","false","broader_proxy","broader_proxy","curated_proxy_retained_with_fresh_2020_retrieval","Retained the previously curated duty-based ESCO assignment after fresh MASCO 2020 title/profile retrieval. No stronger unambiguous occupational identity was established. Prior reasoning: Specialised medical doctor umbrella; ESCO does not distinguish this clinical specialty. Do not substitute allied-health occupations or treat umbrella skills as specialty-complete."
"M221108","221108","Medical Doctor, Cardiology","2212.1","Specialised Doctor","2212.1","Specialised Doctor","false","broader_proxy","broader_proxy","curated_proxy_retained_with_fresh_2020_retrieval","Retained the previously curated duty-based ESCO assignment after fresh MASCO 2020 title/profile retrieval. No stronger unambiguous occupational identity was established. Prior reasoning: Specialised medical doctor umbrella; ESCO does not distinguish this clinical specialty. Do not substitute allied-health occupations or treat umbrella skills as specialty-complete."
"M221110","221110","Medical Doctor, Obstetrics","2212.1","Specialised Doctor","2212.1","Specialised Doctor","false","broader_proxy","broader_proxy","curated_proxy_retained_with_fresh_2020_retrieval","Retained the previously curated duty-based ESCO assignment after fresh MASCO 2020 title/profile retrieval. No stronger unambiguous occupational identity was established. Prior reasoning: Specialised medical doctor umbrella; ESCO does not distinguish this clinical specialty. Do not substitute allied-health occupations or treat umbrella skills as specialty-complete."
"M221111","221111","Medical Doctor, Ophthalmology","2212.1","Specialised Doctor","2212.1","Specialised Doctor","false","broader_proxy","broader_proxy","curated_proxy_retained_with_fresh_2020_retrieval","Retained the previously curated duty-based ESCO assignment after fresh MASCO 2020 title/profile retrieval. No stronger unambiguous occupational identity was established. Prior reasoning: Specialised medical doctor umbrella; ESCO does not distinguish this clinical specialty. Do not substitute allied-health occupations or treat umbrella skills as specialty-complete."
"M221112","221112","Medical Doctor, Psychiatry","2212.1","Specialised Doctor","2212.1","Specialised Doctor","false","broader_proxy","broader_proxy","curated_proxy_retained_with_fresh_2020_retrieval","Retained the previously curated duty-based ESCO assignment after fresh MASCO 2020 title/profile retrieval. No stronger unambiguous occupational identity was established. Prior reasoning: Specialised medical doctor umbrella; ESCO does not distinguish this clinical specialty. Do not substitute allied-health occupations or treat umbrella skills as specialty-complete."
"M221113","221113","Medical Doctor, Radiology","2212.1","Specialised Doctor","2212.1","Specialised Doctor","false","broader_proxy","broader_proxy","curated_proxy_retained_with_fresh_2020_retrieval","Retained the previously curated duty-based ESCO assignment after fresh MASCO 2020 title/profile retrieval. No stronger unambiguous occupational identity was established. Prior reasoning: Specialised medical doctor umbrella; ESCO does not distinguish this clinical specialty. Do not substitute allied-health occupations or treat umbrella skills as specialty-complete."
"M221118","221118","Doctor, Skin","2212.1","Specialised Doctor","2212.1","Specialised Doctor","false","broader_proxy","broader_proxy","curated_proxy_retained_with_fresh_2020_retrieval","Retained the previously curated duty-based ESCO assignment after fresh MASCO 2020 title/profile retrieval. No stronger unambiguous occupational identity was established. Prior reasoning: Specialised medical doctor umbrella; ESCO does not distinguish this clinical specialty. Do not substitute allied-health occupations or treat umbrella skills as specialty-complete."
"M221120","221120","Medical Officer Grade UD43","2211.1","General Practitioner","2211.1","General Practitioner","false","inherited_test_proxy","close_match","2020_title_and_duty_review","Medical Officer UD41/UD43 denotes clinical medical practice in the inherited duties. General Practitioner is the clinical counterpart; the public-service grade does not imply health-and-safety or police work."
"M221201","221201","Ear, Nose and Throat Specialist","2212.1","Specialised Doctor","2212.1","Specialised Doctor","false","broader_proxy","broader_proxy","curated_proxy_retained_with_fresh_2020_retrieval","Retained the previously curated duty-based ESCO assignment after fresh MASCO 2020 title/profile retrieval. No stronger unambiguous occupational identity was established. Prior reasoning: Specialised medical doctor umbrella; ESCO does not distinguish this clinical specialty. Do not substitute allied-health occupations or treat umbrella skills as specialty-complete."
"M221204","221204","Anaesthetist","2212.1","Specialised Doctor","2212.1","Specialised Doctor","false","broader_proxy","broader_proxy","curated_proxy_retained_with_fresh_2020_retrieval","Retained the previously curated duty-based ESCO assignment after fresh MASCO 2020 title/profile retrieval. No stronger unambiguous occupational identity was established. Prior reasoning: Specialised medical doctor umbrella; ESCO does not distinguish this clinical specialty. Do not substitute allied-health occupations or treat umbrella skills as specialty-complete."
"M221206","221206","Medical Oncologist","2212.1","Specialised Doctor","2212.1","Specialised Doctor","false","broader_proxy","broader_proxy","curated_proxy_retained_with_fresh_2020_retrieval","Retained the previously curated duty-based ESCO assignment after fresh MASCO 2020 title/profile retrieval. No stronger unambiguous occupational identity was established. Prior reasoning: Specialised medical doctor umbrella; ESCO does not distinguish this clinical specialty. Do not substitute allied-health occupations or treat umbrella skills as specialty-complete."
"M221208","221208","Psychiatrist","2212.1","Specialised Doctor","2212.1","Specialised Doctor","false","broader_proxy","broader_proxy","curated_proxy_retained_with_fresh_2020_retrieval","Retained the previously curated duty-based ESCO assignment after fresh MASCO 2020 title/profile retrieval. No stronger unambiguous occupational identity was established. Prior reasoning: Specialised medical doctor umbrella; ESCO does not distinguish this clinical specialty. Do not substitute allied-health occupations or treat umbrella skills as specialty-complete."
"M221209","221209","Ophthalmologist","2212.1","Specialised Doctor","2212.1","Specialised Doctor","false","broader_proxy","broader_proxy","curated_proxy_retained_with_fresh_2020_retrieval","Retained the previously curated duty-based ESCO assignment after fresh MASCO 2020 title/profile retrieval. No stronger unambiguous occupational identity was established. Prior reasoning: Specialised medical doctor umbrella; ESCO does not distinguish this clinical specialty. Do not substitute allied-health occupations or treat umbrella skills as specialty-complete."
"M221210","221210","Cardiologist","2212.1","Specialised Doctor","2212.1","Specialised Doctor","false","broader_proxy","broader_proxy","curated_proxy_retained_with_fresh_2020_retrieval","Retained the previously curated duty-based ESCO assignment after fresh MASCO 2020 title/profile retrieval. No stronger unambiguous occupational identity was established. Prior reasoning: Specialised medical doctor umbrella; ESCO does not distinguish this clinical specialty. Do not substitute allied-health occupations or treat umbrella skills as specialty-complete."
"M221211","221211","Neurologist","2212.1","Specialised Doctor","2212.1","Specialised Doctor","false","broader_proxy","broader_proxy","2020_ambiguous_alias_rejected","Neurologist is a clinical specialty; the Physicist alternate label is inconsistent with the ESCO occupation description. Retain the earlier duty-based ESCO proxy after the fresh 2020 retrieval."
"M221213","221213","Obstetrician and Gynaecologist","2212.1","Specialised Doctor","2212.1","Specialised Doctor","false","broader_proxy","broader_proxy","curated_proxy_retained_with_fresh_2020_retrieval","Retained the previously curated duty-based ESCO assignment after fresh MASCO 2020 title/profile retrieval. No stronger unambiguous occupational identity was established. Prior reasoning: Specialised medical doctor umbrella; ESCO does not distinguish this clinical specialty. Do not substitute allied-health occupations or treat umbrella skills as specialty-complete."
"M221217","221217","Surgeon","2212.1","Specialised Doctor","2212.1","Specialised Doctor","false","broader_proxy","broader_proxy","curated_proxy_retained_with_fresh_2020_retrieval","Retained the previously curated duty-based ESCO assignment after fresh MASCO 2020 title/profile retrieval. No stronger unambiguous occupational identity was established. Prior reasoning: Specialised medical doctor umbrella; ESCO does not distinguish this clinical specialty. Do not substitute allied-health occupations or treat umbrella skills as specialty-complete."
"M221233","221233","Dermatologist","2212.1","Specialised Doctor","2212.1","Specialised Doctor","false","broader_proxy","broader_proxy","curated_proxy_retained_with_fresh_2020_retrieval","Retained the previously curated duty-based ESCO assignment after fresh MASCO 2020 title/profile retrieval. No stronger unambiguous occupational identity was established. Prior reasoning: Specialised medical doctor umbrella; ESCO does not distinguish this clinical specialty. Do not substitute allied-health occupations or treat umbrella skills as specialty-complete."
"M221234","221234","Orthopaedist","2212.1","Specialised Doctor","2212.1","Specialised Doctor","false","broader_proxy","broader_proxy","curated_proxy_retained_with_fresh_2020_retrieval","Retained the previously curated duty-based ESCO assignment after fresh MASCO 2020 title/profile retrieval. No stronger unambiguous occupational identity was established. Prior reasoning: Specialised medical doctor umbrella; ESCO does not distinguish this clinical specialty. Do not substitute allied-health occupations or treat umbrella skills as specialty-complete."
"M221236","221236","Paediatrician","2212.1","Specialised Doctor","2212.1","Specialised Doctor","false","broader_proxy","broader_proxy","curated_proxy_retained_with_fresh_2020_retrieval","Retained the previously curated duty-based ESCO assignment after fresh MASCO 2020 title/profile retrieval. No stronger unambiguous occupational identity was established. Prior reasoning: Specialised medical doctor umbrella; ESCO does not distinguish this clinical specialty. Do not substitute allied-health occupations or treat umbrella skills as specialty-complete."
"M221244","221244","Physician","2212.1","Specialised Doctor","2212.1","Specialised Doctor","false","broader_proxy","broader_proxy","curated_proxy_retained_with_fresh_2020_retrieval","Retained the previously curated duty-based ESCO assignment after fresh MASCO 2020 title/profile retrieval. No stronger unambiguous occupational identity was established. Prior reasoning: Specialised medical doctor umbrella; ESCO does not distinguish this clinical specialty. Do not substitute allied-health occupations or treat umbrella skills as specialty-complete."
"M221257","221257","Radiologist","2212.1","Specialised Doctor","2212.1","Specialised Doctor","false","broader_proxy","broader_proxy","curated_proxy_retained_with_fresh_2020_retrieval","Retained the previously curated duty-based ESCO assignment after fresh MASCO 2020 title/profile retrieval. No stronger unambiguous occupational identity was established. Prior reasoning: Specialised medical doctor umbrella; ESCO does not distinguish this clinical specialty. Do not substitute allied-health occupations or treat umbrella skills as specialty-complete."
"M221262","221262","Urologist","2212.1","Specialised Doctor","2212.1","Specialised Doctor","false","broader_proxy","broader_proxy","curated_proxy_retained_with_fresh_2020_retrieval","Retained the previously curated duty-based ESCO assignment after fresh MASCO 2020 title/profile retrieval. No stronger unambiguous occupational identity was established. Prior reasoning: Specialised medical doctor umbrella; ESCO does not distinguish this clinical specialty. Do not substitute allied-health occupations or treat umbrella skills as specialty-complete."
"M221263","221263","Venereologist","2212.1","Specialised Doctor","2212.1","Specialised Doctor","false","broader_proxy","broader_proxy","curated_proxy_retained_with_fresh_2020_retrieval","Retained the previously curated duty-based ESCO assignment after fresh MASCO 2020 title/profile retrieval. No stronger unambiguous occupational identity was established. Prior reasoning: Specialised medical doctor umbrella; ESCO does not distinguish this clinical specialty. Do not substitute allied-health occupations or treat umbrella skills as specialty-complete."
"M221266","221266","Application Specialist (Hematology)","3114.1.5","Medical Device Engineering Technician","3114.1.5","Medical Device Engineering Technician","false","partial_proxy","partial_proxy","curated_proxy_retained_with_fresh_2020_retrieval","Retained the previously curated duty-based ESCO assignment after fresh MASCO 2020 title/profile retrieval. No stronger unambiguous occupational identity was established. Prior reasoning: Haematology-device installation, calibration and user support; applications training and clinical specialty need enrichment."
"M222101","222101","Nurse Grade U41","2221.2","Nurse Responsible for General Care","2221.2","Nurse Responsible for General Care","false","broader_proxy","broader_proxy","curated_proxy_retained_with_fresh_2020_retrieval","Retained the previously curated duty-based ESCO assignment after fresh MASCO 2020 title/profile retrieval. No stronger unambiguous occupational identity was established. Prior reasoning: Nursing-care occupation; Malaysian registration/grade and practical-nurse scope must be checked locally."
"M222102","222102","Professional Nurse","2221.2","Nurse Responsible for General Care","2221.2","Nurse Responsible for General Care","false","broader_proxy","broader_proxy","curated_proxy_retained_with_fresh_2020_retrieval","Retained the previously curated duty-based ESCO assignment after fresh MASCO 2020 title/profile retrieval. No stronger unambiguous occupational identity was established. Prior reasoning: Nursing-care occupation; Malaysian registration/grade and practical-nurse scope must be checked locally."
"M222109","222109","Specialist Nurse","2221.3","Specialist Nurse","2221.3","Specialist Nurse","false","close_match","close_match","2020_unique_preferred_title","Unique ESCO preferred title matches the MASCO 2020 title after public-service grade/competency-wrapper normalization. Qualification and full task equivalence are not assumed."
"M222110","222110","Nurse Instructor","2310.1.28","Nursing Lecturer","2310.1.28","Nursing Lecturer","false","broader_proxy","broader_proxy","curated_proxy_retained_with_fresh_2020_retrieval","Retained the previously curated duty-based ESCO assignment after fresh MASCO 2020 title/profile retrieval. No stronger unambiguous occupational identity was established. Prior reasoning: Nursing instruction; teaching institution and clinical supervision scope may differ."
"M222201","222201","Professional Midwife","2222.1","Midwife","2222.1","Midwife","false","close_match","close_match","curated_proxy_retained_with_fresh_2020_retrieval","Retained the previously curated duty-based ESCO assignment after fresh MASCO 2020 title/profile retrieval. No stronger unambiguous occupational identity was established. Prior reasoning: Midwifery."
"M224101","224101","Paramedic","3258.2","Paramedic in Emergency Responses","3258.2","Paramedic in Emergency Responses","false","close_match","close_match","curated_proxy_retained_with_fresh_2020_retrieval","Retained the previously curated duty-based ESCO assignment after fresh MASCO 2020 title/profile retrieval. No stronger unambiguous occupational identity was established. Prior reasoning: Paramedic emergency clinical care."
"M225101","225101","Veterinary Officer Grade GV41","2250.7","Official Veterinarian","2250.7","Official Veterinarian","false","partial_proxy","partial_proxy","curated_proxy_retained_with_fresh_2020_retrieval","Retained the previously curated duty-based ESCO assignment after fresh MASCO 2020 title/profile retrieval. No stronger unambiguous occupational identity was established. Prior reasoning: Public veterinary duties; local statutory scope and general clinical duties may differ."
"M225102","225102","Veterinarian","2250.6","General Veterinarian","2250.6","General Veterinarian","false","close_match","close_match","curated_proxy_retained_with_fresh_2020_retrieval","Retained the previously curated duty-based ESCO assignment after fresh MASCO 2020 title/profile retrieval. No stronger unambiguous occupational identity was established. Prior reasoning: General veterinary clinical practice, not statutory official-veterinarian status."
"M226101","226101","Dental Officer Grade UG41","2261.1","Dental Practitioner","2261.1","Dental Practitioner","false","partial_proxy","partial_proxy","curated_proxy_retained_with_fresh_2020_retrieval","Retained the previously curated duty-based ESCO assignment after fresh MASCO 2020 title/profile retrieval. No stronger unambiguous occupational identity was established. Prior reasoning: Title/duty comparison supports this primary proxy, but occupational breadth, specialisation or seniority may differ. See both source profiles in the evidence table."
"M226102","226102","Dentist","2261.1","Dental Practitioner","2261.1","Dental Practitioner","false","close_match","close_match","curated_proxy_retained_with_fresh_2020_retrieval","Retained the previously curated duty-based ESCO assignment after fresh MASCO 2020 title/profile retrieval. No stronger unambiguous occupational identity was established. Prior reasoning: ESCO alternate title matches the cleaned MASCO title; national qualifications and full task scope are not assumed equivalent."
"M226201","226201","Pharmacist Grade UF41","2262.1","Pharmacist","2262.1","Pharmacist","false","close_match","close_match","2020_unique_preferred_title","Unique ESCO preferred title matches the MASCO 2020 title after public-service grade/competency-wrapper normalization. Qualification and full task equivalence are not assumed."
"M226202","226202","Pharmacist","2262.1","Pharmacist","2262.1","Pharmacist","false","close_match","close_match","2020_unique_preferred_title","Unique ESCO preferred title matches the MASCO 2020 title after public-service grade/competency-wrapper normalization. Qualification and full task equivalence are not assumed."
"M226207","226207","Pharmacist Grade UF44","2262.1","Pharmacist","2262.1","Pharmacist","false","close_match","close_match","2020_unique_preferred_title","Unique ESCO preferred title matches the MASCO 2020 title after public-service grade/competency-wrapper normalization. Qualification and full task equivalence are not assumed."
"M226301","226301","Environmental Health Officer Grade U41","3257.1","Environmental Health Inspector","3257.1","Environmental Health Inspector","false","close_match","close_match","curated_proxy_retained_with_fresh_2020_retrieval","Retained the previously curated duty-based ESCO assignment after fresh MASCO 2020 title/profile retrieval. No stronger unambiguous occupational identity was established. Prior reasoning: Environmental health inspection."
"M226320","226320","Occupational Safety and Health Adviser","2263.3","Health and Safety Officer","2263.3","Health and Safety Officer","false","close_match","close_match","curated_proxy_retained_with_fresh_2020_retrieval","Retained the previously curated duty-based ESCO assignment after fresh MASCO 2020 title/profile retrieval. No stronger unambiguous occupational identity was established. Prior reasoning: Workplace health and safety advice."
"M226324","226324","Authorised Gas Tester","3257.5","Occupational Health and Safety Inspector","3257.5","Occupational Health and Safety Inspector","false","inherited_test_proxy","partial_proxy","2020_title_and_duty_review","Authorised Gas Tester assesses workplace atmospheric hazards. Occupational Health and Safety Inspector covers part of the safety inspection function; gas-service installation and engine testing are different occupations."
"M226325","226325","Indoor Air Quality (IAQ) Assessor","3257.5","Occupational Health and Safety Inspector","2133.14","Air Pollution Analyst","true","inherited_test_proxy","partial_proxy","2020_title_and_duty_review","Indoor Air Quality Assessor samples and analyses airborne contamination and recommends controls. Air Pollution Analyst provides a focused partial profile; indoor workplace and Malaysian assessor certification requirements remain local."
"M226327","226327","Chemical Assessor","3257.5","Occupational Health and Safety Inspector","3257.5","Occupational Health and Safety Inspector","false","inherited_test_proxy","broader_proxy","2020_title_and_duty_review","Chemical Assessor evaluates workplace chemical exposure and hazards. Occupational safety inspection is a broader proxy; product chemical testing alone does not establish occupational exposure assessment."
"M226328","226328","Waste Management Competence Person","1321.2.5","Waste Management Officer","1321.2.5","Waste Management Officer","false","broader_proxy","broader_proxy","curated_proxy_retained_with_fresh_2020_retrieval","Retained the previously curated duty-based ESCO assignment after fresh MASCO 2020 title/profile retrieval. No stronger unambiguous occupational identity was established. Prior reasoning: Waste management; competency certification is not an ESCO equivalence."
"M226329","226329","Building Auditor","3112.1.2","Building Inspector","3112.1.2","Building Inspector","false","broader_proxy","broader_proxy","curated_proxy_retained_with_fresh_2020_retrieval","Retained the previously curated duty-based ESCO assignment after fresh MASCO 2020 title/profile retrieval. No stronger unambiguous occupational identity was established. Prior reasoning: Building inspection/audit; certification and audit scope need local review."
"M226331","226331","Halal Executive","2263.2","Food Safety Specialist","2263.2","Food Safety Specialist","false","partial_proxy","partial_proxy","curated_proxy_retained_with_fresh_2020_retrieval","Retained the previously curated duty-based ESCO assignment after fresh MASCO 2020 title/profile retrieval. No stronger unambiguous occupational identity was established. Prior reasoning: Food-safety and assurance proxy; halal religious, supply-chain and certification requirements are NOT represented by food-safety skills alone."
"M226337","226337","Food and Drinks Technologist","2145.1.4","Food Technologist","2145.1.4","Food Technologist","false","partial_proxy","partial_proxy","curated_proxy_retained_with_fresh_2020_retrieval","Retained the previously curated duty-based ESCO assignment after fresh MASCO 2020 title/profile retrieval. No stronger unambiguous occupational identity was established. Prior reasoning: Title/duty comparison supports this primary proxy, but occupational breadth, specialisation or seniority may differ. See both source profiles in the evidence table."
"M226341","226341","Landfill Engineer","2143.1.4","Waste Treatment Engineer","2143.1.4","Waste Treatment Engineer","false","broader_proxy","broader_proxy","curated_proxy_retained_with_fresh_2020_retrieval","Retained the previously curated duty-based ESCO assignment after fresh MASCO 2020 title/profile retrieval. No stronger unambiguous occupational identity was established. Prior reasoning: Waste-treatment engineering; landfill specialization requires enrichment."
"M226344","226344","Major Hazard Competent Person","2149.10","Health and Safety Engineer","2149.10","Health and Safety Engineer","false","broader_proxy","broader_proxy","curated_proxy_retained_with_fresh_2020_retrieval","Retained the previously curated duty-based ESCO assignment after fresh MASCO 2020 title/profile retrieval. No stronger unambiguous occupational identity was established. Prior reasoning: Major-hazard engineering and risk control; Malaysian competent-person scope is not transferred."
"M226401","226401","Medical Rehabilitation Officer Grade U41","2264.2","Physiotherapist","2264.2","Physiotherapist","false","partial_proxy","partial_proxy","curated_proxy_retained_with_fresh_2020_retrieval","Retained the previously curated duty-based ESCO assignment after fresh MASCO 2020 title/profile retrieval. No stronger unambiguous occupational identity was established. Prior reasoning: Rehabilitation/physiotherapy proxy; broader multidisciplinary rehabilitation is not fully represented."
"M226411","226411","Orthopaedic Physical Therapist","2264.2","Physiotherapist","2264.2","Physiotherapist","false","partial_proxy","partial_proxy","curated_proxy_retained_with_fresh_2020_retrieval","Retained the previously curated duty-based ESCO assignment after fresh MASCO 2020 title/profile retrieval. No stronger unambiguous occupational identity was established. Prior reasoning: Title/duty comparison supports this primary proxy, but occupational breadth, specialisation or seniority may differ. See both source profiles in the evidence table."
"M226501","226501","Dietetics Officer Grade U41","2265.1","Dietitian","2265.1","Dietitian","false","close_match","close_match","curated_proxy_retained_with_fresh_2020_retrieval","Retained the previously curated duty-based ESCO assignment after fresh MASCO 2020 title/profile retrieval. No stronger unambiguous occupational identity was established. Prior reasoning: Dietetics."
"M226502","226502","Dietician","2265.1","Dietitian","2265.1","Dietitian","false","close_match","close_match","curated_proxy_retained_with_fresh_2020_retrieval","Retained the previously curated duty-based ESCO assignment after fresh MASCO 2020 title/profile retrieval. No stronger unambiguous occupational identity was established. Prior reasoning: Preferred occupation title matches after removing Malaysian grade/competency wrappers."
"M226514","226514","Food Preparation Officer Grade C41","1321.2.1.3","Food Production Manager","1321.2.1.3","Food Production Manager","false","partial_proxy","partial_proxy","curated_proxy_retained_with_fresh_2020_retrieval","Retained the previously curated duty-based ESCO assignment after fresh MASCO 2020 title/profile retrieval. No stronger unambiguous occupational identity was established. Prior reasoning: Food preparation and service management proxy; public-service/clinical dietary context may differ."
"M226601","226601","Audiologists","2266.1","Audiologist","2266.1","Audiologist","false","close_match","close_match","curated_proxy_retained_with_fresh_2020_retrieval","Retained the previously curated duty-based ESCO assignment after fresh MASCO 2020 title/profile retrieval. No stronger unambiguous occupational identity was established. Prior reasoning: Preferred occupation title matches after removing Malaysian grade/competency wrappers."
"M226602","226602","Speech Therapist","2266.2","Speech and Language Therapist","2266.2","Speech and Language Therapist","false","close_match","close_match","curated_proxy_retained_with_fresh_2020_retrieval","Retained the previously curated duty-based ESCO assignment after fresh MASCO 2020 title/profile retrieval. No stronger unambiguous occupational identity was established. Prior reasoning: ESCO alternate title matches the cleaned MASCO title; national qualifications and full task scope are not assumed equivalent."
"M226603","226603","Orthoepist","2266.2","Speech and Language Therapist","2266.2","Speech and Language Therapist","false","close_match","close_match","curated_proxy_retained_with_fresh_2020_retrieval","Retained the previously curated duty-based ESCO assignment after fresh MASCO 2020 title/profile retrieval. No stronger unambiguous occupational identity was established. Prior reasoning: D11 explicitly describes speech, pronunciation and swallowing therapy; not orthoptics."
"M226701","226701","Optometry Officer Grade U41","2267.1","Optometrist","2267.1","Optometrist","false","partial_proxy","partial_proxy","curated_proxy_retained_with_fresh_2020_retrieval","Retained the previously curated duty-based ESCO assignment after fresh MASCO 2020 title/profile retrieval. No stronger unambiguous occupational identity was established. Prior reasoning: Title/duty comparison supports this primary proxy, but occupational breadth, specialisation or seniority may differ. See both source profiles in the evidence table."
"M226702","226702","Optometrist","2267.1","Optometrist","2267.1","Optometrist","false","close_match","close_match","2020_unique_preferred_title","Unique ESCO preferred title matches the MASCO 2020 title after public-service grade/competency-wrapper normalization. Qualification and full task equivalence are not assumed."
"M226703","226703","Optician","3254.1","Optician","3254.1","Optician","false","close_match","close_match","2020_unique_preferred_title","Unique ESCO preferred title matches the MASCO 2020 title after public-service grade/competency-wrapper normalization. Qualification and full task equivalence are not assumed."
"M226801","226801","Occupational Therapist","2269.4","Occupational Therapist","2269.4","Occupational Therapist","false","close_match","close_match","2020_unique_preferred_title","Unique ESCO preferred title matches the MASCO 2020 title after public-service grade/competency-wrapper normalization. Qualification and full task equivalence are not assumed."
"M226901","226901","X-Ray Technician Grade U41","2269.8","Radiographer","2269.8","Radiographer","false","inherited_test_proxy","close_match","2020_title_and_duty_review","X-Ray Technician U41 has patient imaging and radiography duties. Radiographer is the appropriate clinical occupation, not radio equipment service or general nuclear-plant work."
"M226902","226902","Instructor Grade U41","2320.1.4","Auxiliary Nursing and Midwifery Vocational Teacher","2320.1.4","Auxiliary Nursing and Midwifery Vocational Teacher","false","partial_proxy","partial_proxy","curated_proxy_retained_with_fresh_2020_retrieval","Retained the previously curated duty-based ESCO assignment after fresh MASCO 2020 title/profile retrieval. No stronger unambiguous occupational identity was established. Prior reasoning: Health vocational instruction; paramedic and auxiliary-health scope extends beyond nursing/midwifery."
"M231105","231105","Dental Lecturer Grade DUG51P","2310.1.12","Dentistry Lecturer","2310.1.12","Dentistry Lecturer","false","close_match","close_match","curated_proxy_retained_with_fresh_2020_retrieval","Retained the previously curated duty-based ESCO assignment after fresh MASCO 2020 title/profile retrieval. No stronger unambiguous occupational identity was established. Prior reasoning: Dentistry lecturer."
"M231117","231117","Pharmacy Lecturer Grade DUF45","2310.1.31","Pharmacy Lecturer","2310.1.31","Pharmacy Lecturer","false","close_match","close_match","2020_unique_preferred_title","Unique ESCO preferred title matches the MASCO 2020 title after public-service grade/competency-wrapper normalization. Qualification and full task equivalence are not assumed."
"M232102","232102","Teacher, Vocational","2320.1","Vocational Teacher","2320.1","Vocational Teacher","false","close_match","close_match","curated_proxy_retained_with_fresh_2020_retrieval","Retained the previously curated duty-based ESCO assignment after fresh MASCO 2020 title/profile retrieval. No stronger unambiguous occupational identity was established. Prior reasoning: Preferred occupation title matches after removing Malaysian grade/competency wrappers."
"M238101","238101","Vocational Training Officer Grade DV41","2320.1","Vocational Teacher","2320.1","Vocational Teacher","false","broader_proxy","broader_proxy","curated_proxy_retained_with_fresh_2020_retrieval","Retained the previously curated duty-based ESCO assignment after fresh MASCO 2020 title/profile retrieval. No stronger unambiguous occupational identity was established. Prior reasoning: Vocational teaching; subject specialty and Malaysian grade are not separate ESCO occupations."
"M238102","238102","Skills Training Trainer","2320.1","Vocational Teacher","2320.1","Vocational Teacher","false","broader_proxy","broader_proxy","curated_proxy_retained_with_fresh_2020_retrieval","Retained the previously curated duty-based ESCO assignment after fresh MASCO 2020 title/profile retrieval. No stronger unambiguous occupational identity was established. Prior reasoning: Vocational teaching; subject specialty and Malaysian grade are not separate ESCO occupations."
"M238103","238103","Assistant Vocational Training Officer Grade DV29","2320.1","Vocational Teacher","2320.1","Vocational Teacher","false","inherited_test_proxy","broader_proxy","2020_title_and_duty_review","Assistant vocational-training officer grades share instructional duties. Vocational Teacher supplies a broader test profile; assistant status, subject specialty and Malaysian grades are not represented."
"M238106","238106","Assistant Vocational Training Officer Grade DV35","2320.1","Vocational Teacher","2320.1","Vocational Teacher","false","inherited_test_proxy","broader_proxy","2020_title_and_duty_review","Assistant vocational-training officer grades share instructional duties. Vocational Teacher supplies a broader test profile; assistant status, subject specialty and Malaysian grades are not represented."
"M238107","238107","Assistant Vocational Training Officer Grade DV37","2320.1","Vocational Teacher","2320.1","Vocational Teacher","false","inherited_test_proxy","broader_proxy","2020_title_and_duty_review","Assistant vocational-training officer grades share instructional duties. Vocational Teacher supplies a broader test profile; assistant status, subject specialty and Malaysian grades are not represented."
"M238108","238108","Assistant Vocational Training Officer Grade DV39","2320.1","Vocational Teacher","2320.1","Vocational Teacher","false","inherited_test_proxy","broader_proxy","2020_title_and_duty_review","Assistant vocational-training officer grades share instructional duties. Vocational Teacher supplies a broader test profile; assistant status, subject specialty and Malaysian grades are not represented."
"M238109","238109","Vocational Training Officer Grade DV43","2320.1","Vocational Teacher","2320.1","Vocational Teacher","false","broader_proxy","broader_proxy","curated_proxy_retained_with_fresh_2020_retrieval","Retained the previously curated duty-based ESCO assignment after fresh MASCO 2020 title/profile retrieval. No stronger unambiguous occupational identity was established. Prior reasoning: Vocational teaching; subject specialty and Malaysian grade are not separate ESCO occupations."
"M238110","238110","Vocational Training Officer Grade DV47","2320.1","Vocational Teacher","2320.1","Vocational Teacher","false","broader_proxy","broader_proxy","curated_proxy_retained_with_fresh_2020_retrieval","Retained the previously curated duty-based ESCO assignment after fresh MASCO 2020 title/profile retrieval. No stronger unambiguous occupational identity was established. Prior reasoning: Vocational teaching; subject specialty and Malaysian grade are not separate ESCO occupations."
"M238111","238111","Vocational Training Officer Grade DV51","2320.1","Vocational Teacher","2320.1","Vocational Teacher","false","broader_proxy","broader_proxy","curated_proxy_retained_with_fresh_2020_retrieval","Retained the previously curated duty-based ESCO assignment after fresh MASCO 2020 title/profile retrieval. No stronger unambiguous occupational identity was established. Prior reasoning: Vocational teaching; subject specialty and Malaysian grade are not separate ESCO occupations."
"M238112","238112","Vocational Training Officer Grade DV53","2320.1","Vocational Teacher","2320.1","Vocational Teacher","false","broader_proxy","broader_proxy","curated_proxy_retained_with_fresh_2020_retrieval","Retained the previously curated duty-based ESCO assignment after fresh MASCO 2020 title/profile retrieval. No stronger unambiguous occupational identity was established. Prior reasoning: Vocational teaching; subject specialty and Malaysian grade are not separate ESCO occupations."
"M239303","239303","Software Trainer","2356.1","ICT Trainer","2356.1","ICT Trainer","false","broader_proxy","broader_proxy","curated_proxy_retained_with_fresh_2020_retrieval","Retained the previously curated duty-based ESCO assignment after fresh MASCO 2020 title/profile retrieval. No stronger unambiguous occupational identity was established. Prior reasoning: Software instruction within ICT training."
"M242103","242103","Operation Research Analyst","2120.5","Mathematician","2120.5","Mathematician","false","partial_proxy","partial_proxy","curated_proxy_retained_with_fresh_2020_retrieval","Retained the previously curated duty-based ESCO assignment after fresh MASCO 2020 title/profile retrieval. No stronger unambiguous occupational identity was established. Prior reasoning: Mathematical modelling and optimisation; operations-research application needs enrichment."
"M242401","242401","Staff Training Officer","2424.2","Corporate Trainer","2424.2","Corporate Trainer","false","broader_proxy","broader_proxy","curated_proxy_retained_with_fresh_2020_retrieval","Retained the previously curated duty-based ESCO assignment after fresh MASCO 2020 title/profile retrieval. No stronger unambiguous occupational identity was established. Prior reasoning: Corporate staff training; call-centre specialization is not separately represented."
"M242601","242601","Research Officer Grade Q41","1223.2.2","Research Manager","1223.2.2","Research Manager","false","partial_proxy","partial_proxy","curated_proxy_retained_with_fresh_2020_retrieval","Retained the previously curated duty-based ESCO assignment after fresh MASCO 2020 title/profile retrieval. No stronger unambiguous occupational identity was established. Prior reasoning: Research coordination proxy; scientist research duties and management seniority require review."
"M242602","242602","Scientific Officer Grade C41","1349.17","Medical Laboratory Manager","1349.17","Medical Laboratory Manager","false","partial_proxy","partial_proxy","curated_proxy_retained_with_fresh_2020_retrieval","Retained the previously curated duty-based ESCO assignment after fresh MASCO 2020 title/profile retrieval. No stronger unambiguous occupational identity was established. Prior reasoning: Laboratory operations, staff and budgets; medical laboratory context is narrower than general teaching/research laboratories."
"M242603","242603","Agro-Based Biotech Food Researcher","2131.5","Food Biotechnologist","2131.5","Food Biotechnologist","false","close_match","close_match","curated_proxy_retained_with_fresh_2020_retrieval","Retained the previously curated duty-based ESCO assignment after fresh MASCO 2020 title/profile retrieval. No stronger unambiguous occupational identity was established. Prior reasoning: Food biotechnology."
"M242604","242604","Aquaculture Biotech Researcher","2131.4.1","Aquaculture Biologist","2131.4.1","Aquaculture Biologist","false","close_match","close_match","curated_proxy_retained_with_fresh_2020_retrieval","Retained the previously curated duty-based ESCO assignment after fresh MASCO 2020 title/profile retrieval. No stronger unambiguous occupational identity was established. Prior reasoning: Aquaculture biology."
"M242609","242609","Research and Development Executive","1223.2","Research and Development Manager","1223.2","Research and Development Manager","false","broader_proxy","broader_proxy","curated_proxy_retained_with_fresh_2020_retrieval","Retained the previously curated duty-based ESCO assignment after fresh MASCO 2020 title/profile retrieval. No stronger unambiguous occupational identity was established. Prior reasoning: R&D coordination; executive rank may differ."
"M242613","242613","Research Officer","1223.2.2","Research Manager","1223.2.2","Research Manager","false","partial_proxy","partial_proxy","curated_proxy_retained_with_fresh_2020_retrieval","Retained the previously curated duty-based ESCO assignment after fresh MASCO 2020 title/profile retrieval. No stronger unambiguous occupational identity was established. Prior reasoning: Research coordination proxy; scientist research duties and management seniority require review."
"M243114","243114","Trade Product Specialist","2433.6","Technical Sales Representative","2433.6","Technical Sales Representative","false","inherited_test_proxy","broader_proxy","2020_title_and_duty_review","Trade Product Specialist demonstrates technical products and supports customers and sales. Retain the technical sales representative profile; product-manager or advertising-specialist authority is not inferred."
"M243132","243132","Technical Sales Engineer","2433.4","Sales Engineer","2433.4","Sales Engineer","false","close_match","close_match","curated_proxy_retained_with_fresh_2020_retrieval","Retained the previously curated duty-based ESCO assignment after fresh MASCO 2020 title/profile retrieval. No stronger unambiguous occupational identity was established. Prior reasoning: Technical sales engineering; corrects the D11 promotion-assistant crosswalk."
"M243301","243301","Sales Representative, Medical","2433.2","Medical Sales Representative","2433.2","Medical Sales Representative","false","partial_proxy","partial_proxy","curated_proxy_retained_with_fresh_2020_retrieval","Retained the previously curated duty-based ESCO assignment after fresh MASCO 2020 title/profile retrieval. No stronger unambiguous occupational identity was established. Prior reasoning: Title/duty comparison supports this primary proxy, but occupational breadth, specialisation or seniority may differ. See both source profiles in the evidence table."
"M243401","243401","Sales Representative, Information and Communications Technology","2434.4","Technical Sales Representative in Electronic and Telecommunications Equipment","2434.4","Technical Sales Representative in Electronic and Telecommunications Equipment","false","partial_proxy","partial_proxy","curated_proxy_retained_with_fresh_2020_retrieval","Retained the previously curated duty-based ESCO assignment after fresh MASCO 2020 title/profile retrieval. No stronger unambiguous occupational identity was established. Prior reasoning: Title/duty comparison supports this primary proxy, but occupational breadth, specialisation or seniority may differ. See both source profiles in the evidence table."
"M243410","243410","Digital Banking/Internet Technology Specialist","2514.2","ICT Application Developer","2514.2","ICT Application Developer","false","broader_proxy","broader_proxy","curated_proxy_retained_with_fresh_2020_retrieval","Retained the previously curated duty-based ESCO assignment after fresh MASCO 2020 title/profile retrieval. No stronger unambiguous occupational identity was established. Prior reasoning: D11 describes mobile/internet-banking application development, not bank branch management."
"M251101","251101","Management Information Systems (MIS) Analyst","2511.13","ICT System Analyst","2511.13","ICT System Analyst","false","partial_proxy","partial_proxy","curated_proxy_retained_with_fresh_2020_retrieval","Retained the previously curated duty-based ESCO assignment after fresh MASCO 2020 title/profile retrieval. No stronger unambiguous occupational identity was established. Prior reasoning: Title/duty comparison supports this primary proxy, but occupational breadth, specialisation or seniority may differ. See both source profiles in the evidence table."
"M251116","251116","Technical Specialist (.Net)","2512.4","Software Developer","2512.4","Software Developer","false","broader_proxy","broader_proxy","curated_proxy_retained_with_fresh_2020_retrieval","Retained the previously curated duty-based ESCO assignment after fresh MASCO 2020 title/profile retrieval. No stronger unambiguous occupational identity was established. Prior reasoning: Software development; .NET/C/C++ language specialization is not separately inherited."
"M251142","251142","Register Transfer Level (RTL) Designer (Information Technology)","2152.1.7.1","Integrated Circuit Design Engineer","2152.1.7.1","Integrated Circuit Design Engineer","false","close_match","close_match","curated_proxy_retained_with_fresh_2020_retrieval","Retained the previously curated duty-based ESCO assignment after fresh MASCO 2020 title/profile retrieval. No stronger unambiguous occupational identity was established. Prior reasoning: RTL hardware description and digital integrated-circuit design, not application software."
"M251144","251144","Design Engineer (Information Technology)","2511.14","ICT System Architect","2511.14","ICT System Architect","false","partial_proxy","partial_proxy","curated_proxy_retained_with_fresh_2020_retrieval","Retained the previously curated duty-based ESCO assignment after fresh MASCO 2020 title/profile retrieval. No stronger unambiguous occupational identity was established. Prior reasoning: IT-system architecture and design; software/network implementation details vary."
"M251201","251201","Software Developer","2512.4","Software Developer","2512.4","Software Developer","false","close_match","close_match","2020_unique_preferred_title","Unique ESCO preferred title matches the MASCO 2020 title after public-service grade/competency-wrapper normalization. Qualification and full task equivalence are not assumed."
"M251219","251219","Information Technology System Architect","2511.14","ICT System Architect","2511.14","ICT System Architect","false","partial_proxy","partial_proxy","curated_proxy_retained_with_fresh_2020_retrieval","Retained the previously curated duty-based ESCO assignment after fresh MASCO 2020 title/profile retrieval. No stronger unambiguous occupational identity was established. Prior reasoning: Title/duty comparison supports this primary proxy, but occupational breadth, specialisation or seniority may differ. See both source profiles in the evidence table."
"M251243","251243","Information System Executive","2522.1","ICT System Administrator","2522.1","ICT System Administrator","false","broader_proxy","broader_proxy","curated_proxy_retained_with_fresh_2020_retrieval","Retained the previously curated duty-based ESCO assignment after fresh MASCO 2020 title/profile retrieval. No stronger unambiguous occupational identity was established. Prior reasoning: Information-system and infrastructure administration; grade/specialty varies."
"M251301","251301","Website Developer","2513.5","Web Developer","2513.5","Web Developer","false","close_match","close_match","curated_proxy_retained_with_fresh_2020_retrieval","Retained the previously curated duty-based ESCO assignment after fresh MASCO 2020 title/profile retrieval. No stronger unambiguous occupational identity was established. Prior reasoning: Web development."
"M251302","251302","Internet/ Intranet Developer","2513.5","Web Developer","2513.5","Web Developer","false","close_match","close_match","curated_proxy_retained_with_fresh_2020_retrieval","Retained the previously curated duty-based ESCO assignment after fresh MASCO 2020 title/profile retrieval. No stronger unambiguous occupational identity was established. Prior reasoning: Web development."
"M251401","251401","Computer Programmer","2512.4","Software Developer","2512.4","Software Developer","false","broader_proxy","broader_proxy","curated_proxy_retained_with_fresh_2020_retrieval","Retained the previously curated duty-based ESCO assignment after fresh MASCO 2020 title/profile retrieval. No stronger unambiguous occupational identity was established. Prior reasoning: Software development; .NET/C/C++ language specialization is not separately inherited."
"M251407","251407","Systems Programmer","2511.15","ICT System Developer","2511.15","ICT System Developer","false","close_match","close_match","curated_proxy_retained_with_fresh_2020_retrieval","Retained the previously curated duty-based ESCO assignment after fresh MASCO 2020 title/profile retrieval. No stronger unambiguous occupational identity was established. Prior reasoning: ESCO alternate title matches the cleaned MASCO title; national qualifications and full task scope are not assumed equivalent."
"M251419","251419","C/C++ Programmer","2512.4","Software Developer","2512.4","Software Developer","false","broader_proxy","broader_proxy","curated_proxy_retained_with_fresh_2020_retrieval","Retained the previously curated duty-based ESCO assignment after fresh MASCO 2020 title/profile retrieval. No stronger unambiguous occupational identity was established. Prior reasoning: Software development; .NET/C/C++ language specialization is not separately inherited."
"M251433","251433","Computer Infrastructure Specialist","2522.1","ICT System Administrator","2522.1","ICT System Administrator","false","broader_proxy","broader_proxy","curated_proxy_retained_with_fresh_2020_retrieval","Retained the previously curated duty-based ESCO assignment after fresh MASCO 2020 title/profile retrieval. No stronger unambiguous occupational identity was established. Prior reasoning: Information-system and infrastructure administration; grade/specialty varies."
"M251434","251434","User Interface (UI)/ Gameplay Coders","2512.5","User Interface Developer","2512.5","User Interface Developer","false","partial_proxy","partial_proxy","curated_proxy_retained_with_fresh_2020_retrieval","Retained the previously curated duty-based ESCO assignment after fresh MASCO 2020 title/profile retrieval. No stronger unambiguous occupational identity was established. Prior reasoning: User-interface programming component selected; gameplay development is not fully represented."
"M251902","251902","Systems Tester","2519.7.4","ICT System Tester","2519.7.4","ICT System Tester","false","close_match","close_match","curated_proxy_retained_with_fresh_2020_retrieval","Retained the previously curated duty-based ESCO assignment after fresh MASCO 2020 title/profile retrieval. No stronger unambiguous occupational identity was established. Prior reasoning: ESCO alternate title matches the cleaned MASCO title; national qualifications and full task scope are not assumed equivalent."
"M251916","251916","Information Technology Auditor","2511.18","IT Auditor","2511.18","IT Auditor","false","close_match","close_match","curated_proxy_retained_with_fresh_2020_retrieval","Retained the previously curated duty-based ESCO assignment after fresh MASCO 2020 title/profile retrieval. No stronger unambiguous occupational identity was established. Prior reasoning: ESCO alternate title matches the cleaned MASCO title; national qualifications and full task scope are not assumed equivalent."
"M252101","252101","Database Architect","2521.2","Database Designer","2521.2","Database Designer","false","close_match","close_match","curated_proxy_retained_with_fresh_2020_retrieval","Retained the previously curated duty-based ESCO assignment after fresh MASCO 2020 title/profile retrieval. No stronger unambiguous occupational identity was established. Prior reasoning: ESCO alternate title matches the cleaned MASCO title; national qualifications and full task scope are not assumed equivalent."
"M252103","252103","Database Administrator","2521.1","Database Administrator","2521.1","Database Administrator","false","close_match","close_match","2020_unique_preferred_title","Unique ESCO preferred title matches the MASCO 2020 title after public-service grade/competency-wrapper normalization. Qualification and full task equivalence are not assumed."
"M252108","252108","Oracle Database Specialist","2521.1","Database Administrator","2521.1","Database Administrator","false","inherited_test_proxy","broader_proxy","2020_title_and_duty_review","Oracle Database Specialist performs administration and maintenance. Database Administrator is the broader vendor-neutral counterpart; no Oracle-specific skill completeness is claimed."
"M252201","252201","Information Technology Officer Grade F41","2511.13","ICT System Analyst","2511.13","ICT System Analyst","false","broader_proxy","broader_proxy","curated_proxy_retained_with_fresh_2020_retrieval","Retained the previously curated duty-based ESCO assignment after fresh MASCO 2020 title/profile retrieval. No stronger unambiguous occupational identity was established. Prior reasoning: ICT feasibility, analysis, design and implementation; not chief-information-officer authority."
"M252205","252205","Information System Officer","2522.1","ICT System Administrator","2522.1","ICT System Administrator","false","broader_proxy","broader_proxy","curated_proxy_retained_with_fresh_2020_retrieval","Retained the previously curated duty-based ESCO assignment after fresh MASCO 2020 title/profile retrieval. No stronger unambiguous occupational identity was established. Prior reasoning: Information-system and infrastructure administration; grade/specialty varies."
"M252208","252208","Information Technology Support Officer","3512.4","ICT Technician","3512.4","ICT Technician","false","broader_proxy","broader_proxy","curated_proxy_retained_with_fresh_2020_retrieval","Retained the previously curated duty-based ESCO assignment after fresh MASCO 2020 title/profile retrieval. No stronger unambiguous occupational identity was established. Prior reasoning: ICT user support and system troubleshooting; engineer/officer/assistant rank is not inferred."
"M252214","252214","Computer Support Engineer","3512.4","ICT Technician","3512.4","ICT Technician","false","broader_proxy","broader_proxy","curated_proxy_retained_with_fresh_2020_retrieval","Retained the previously curated duty-based ESCO assignment after fresh MASCO 2020 title/profile retrieval. No stronger unambiguous occupational identity was established. Prior reasoning: ICT user support and system troubleshooting; engineer/officer/assistant rank is not inferred."
"M252215","252215","Information Technology Technical Specialist","3512.4","ICT Technician","3512.4","ICT Technician","false","broader_proxy","broader_proxy","curated_proxy_retained_with_fresh_2020_retrieval","Retained the previously curated duty-based ESCO assignment after fresh MASCO 2020 title/profile retrieval. No stronger unambiguous occupational identity was established. Prior reasoning: ICT user support and system troubleshooting; engineer/officer/assistant rank is not inferred."
"M252222","252222","Cloud Computing Solution Architect","2512.6","Cloud Architect","2512.6","Cloud Architect","false","partial_proxy","partial_proxy","curated_proxy_retained_with_fresh_2020_retrieval","Retained the previously curated duty-based ESCO assignment after fresh MASCO 2020 title/profile retrieval. No stronger unambiguous occupational identity was established. Prior reasoning: Title/duty comparison supports this primary proxy, but occupational breadth, specialisation or seniority may differ. See both source profiles in the evidence table."
"M252238","252238","Geographic Information Systems (GIS) Officer","2165.3","Geographic Information Systems Specialist","2165.3","Geographic Information Systems Specialist","false","partial_proxy","partial_proxy","curated_proxy_retained_with_fresh_2020_retrieval","Retained the previously curated duty-based ESCO assignment after fresh MASCO 2020 title/profile retrieval. No stronger unambiguous occupational identity was established. Prior reasoning: Title/duty comparison supports this primary proxy, but occupational breadth, specialisation or seniority may differ. See both source profiles in the evidence table."
"M252311","252311","Network Specialist","2522.1.1","ICT Network Administrator","2522.1.1","ICT Network Administrator","false","close_match","close_match","curated_proxy_retained_with_fresh_2020_retrieval","Retained the previously curated duty-based ESCO assignment after fresh MASCO 2020 title/profile retrieval. No stronger unambiguous occupational identity was established. Prior reasoning: ESCO alternate title matches the cleaned MASCO title; national qualifications and full task scope are not assumed equivalent."
"M252401","252401","Data Scientist","2511.4","Data Scientist","2511.4","Data Scientist","false","close_match","close_match","2020_unique_preferred_title","Unique ESCO preferred title matches the MASCO 2020 title after public-service grade/competency-wrapper normalization. Qualification and full task equivalence are not assumed."
"M252403","252403","Data Analyst","2511.3","Data Analyst","2511.3","Data Analyst","false","close_match","close_match","2020_unique_preferred_title","Unique ESCO preferred title matches the MASCO 2020 title after public-service grade/competency-wrapper normalization. Qualification and full task equivalence are not assumed."
"M252406","252406","Data Architect","2521.2","Database Designer","2521.2","Database Designer","false","close_match","close_match","curated_proxy_retained_with_fresh_2020_retrieval","Retained the previously curated duty-based ESCO assignment after fresh MASCO 2020 title/profile retrieval. No stronger unambiguous occupational identity was established. Prior reasoning: Data architecture/database design is an ESCO alternate label; corrects the older ICT-system-analyst assignment."
"M252411","252411","Machine Learning Engineer","2511.11","Artificial Intelligence Engineer","2511.11","Artificial Intelligence Engineer","false","inherited_test_proxy","close_match","2020_title_and_duty_review","Machine Learning Engineer is an ESCO alternate label of Artificial Intelligence Engineer and fits the compared engineering duties."
"M252413","252413","Artificial Intelligence Engineer (AI)","2511.11","Artificial Intelligence Engineer","2511.11","Artificial Intelligence Engineer","false","inherited_test_proxy","close_match","2020_title_and_duty_review","Artificial Intelligence Engineer (AI) matches the ESCO preferred occupation after the explanatory acronym; this is no longer only a combined-role inheritance."
"M253102","253102","Cybersecurity Executive","2529.8","Cybersecurity Risk Manager","2529.8","Cybersecurity Risk Manager","false","partial_proxy","partial_proxy","curated_proxy_retained_with_fresh_2020_retrieval","Retained the previously curated duty-based ESCO assignment after fresh MASCO 2020 title/profile retrieval. No stronger unambiguous occupational identity was established. Prior reasoning: Cybersecurity risk, governance and vulnerability analysis; incident-response duties and seniority may differ."
"M253103","253103","Digital Forensic Specialist","2529.2","Digital Forensics Expert","2529.2","Digital Forensics Expert","false","partial_proxy","partial_proxy","curated_proxy_retained_with_fresh_2020_retrieval","Retained the previously curated duty-based ESCO assignment after fresh MASCO 2020 title/profile retrieval. No stronger unambiguous occupational identity was established. Prior reasoning: Title/duty comparison supports this primary proxy, but occupational breadth, specialisation or seniority may differ. See both source profiles in the evidence table."
"M253120","253120","Information Security Officer","2529.6","ICT Security Administrator","2529.6","ICT Security Administrator","false","broader_proxy","broader_proxy","2020_ambiguous_alias_rejected","Information Security Officer does not automatically imply chief/executive ICT security authority. Retain the earlier duty-based ESCO proxy after the fresh 2020 retrieval."
"M253130","253130","Cybersecurity Analyst","2529.8","Cybersecurity Risk Manager","2529.8","Cybersecurity Risk Manager","false","partial_proxy","partial_proxy","2020_ambiguous_alias_rejected","Cybersecurity analysis is not restricted to digital forensic evidence examination. Retain the earlier duty-based ESCO proxy after the fresh 2020 retrieval."
"M253131","253131","Test Analyst (Information Technology)","2519.6","ICT Test Analyst","2519.6","ICT Test Analyst","false","partial_proxy","partial_proxy","curated_proxy_retained_with_fresh_2020_retrieval","Retained the previously curated duty-based ESCO assignment after fresh MASCO 2020 title/profile retrieval. No stronger unambiguous occupational identity was established. Prior reasoning: Title/duty comparison supports this primary proxy, but occupational breadth, specialisation or seniority may differ. See both source profiles in the evidence table."
"M253136","253136","Security Infrastructure Engineer","2529.6","ICT Security Administrator","2529.6","ICT Security Administrator","false","broader_proxy","broader_proxy","curated_proxy_retained_with_fresh_2020_retrieval","Retained the previously curated duty-based ESCO assignment after fresh MASCO 2020 title/profile retrieval. No stronger unambiguous occupational identity was established. Prior reasoning: Security infrastructure, controls and administration; no chief-level authority is inferred."
"M253139","253139","Internet Safety Evaluater","2513.4","Web Content Manager","2513.4","Web Content Manager","false","partial_proxy","partial_proxy","curated_proxy_retained_with_fresh_2020_retrieval","Retained the previously curated duty-based ESCO assignment after fresh MASCO 2020 title/profile retrieval. No stronger unambiguous occupational identity was established. Prior reasoning: Online-content review/moderation component; content management is only a proxy and does not establish safety-evaluator equivalence."
"M254110","254110","Compositor/Composite artist","2166.13","Special Effects Artist","2166.13","Special Effects Artist","false","broader_proxy","broader_proxy","curated_proxy_retained_with_fresh_2020_retrieval","Retained the previously curated duty-based ESCO assignment after fresh MASCO 2020 title/profile retrieval. No stronger unambiguous occupational identity was established. Prior reasoning: Digital compositing and visual-effects work."
"M254112","254112","Scriptwriter / Screenwriter","2641.4.2","Script Writer","2641.4.2","Script Writer","false","partial_proxy","partial_proxy","curated_proxy_retained_with_fresh_2020_retrieval","Retained the previously curated duty-based ESCO assignment after fresh MASCO 2020 title/profile retrieval. No stronger unambiguous occupational identity was established. Prior reasoning: Title/duty comparison supports this primary proxy, but occupational breadth, specialisation or seniority may differ. See both source profiles in the evidence table."
"M254116","254116","Digital Artist","2166.5","Digital Artist","2166.5","Digital Artist","false","close_match","close_match","2020_unique_preferred_title","Unique ESCO preferred title matches the MASCO 2020 title after public-service grade/competency-wrapper normalization. Qualification and full task equivalence are not assumed."
"M254120","254120","Multimedia Artist","2166.7","Digital Media Designer","2166.5","Digital Artist","true","inherited_test_proxy","broader_proxy","2020_title_and_duty_review","The separated Multimedia Artist produces digital visual artwork across media. Digital Artist is the broader artistic profile; specialist animation and media-production skills may be incomplete."
"M254126","254126","Visualization Specialist","2166.7","Digital Media Designer","2166.7","Digital Media Designer","false","broader_proxy","broader_proxy","curated_proxy_retained_with_fresh_2020_retrieval","Retained the previously curated duty-based ESCO assignment after fresh MASCO 2020 title/profile retrieval. No stronger unambiguous occupational identity was established. Prior reasoning: Digital visual/media design; visualization and multidisciplinary design specialties need enrichment."
"M254127","254127","Computer Specialist","3512.4","ICT Technician","3512.4","ICT Technician","false","broader_proxy","broader_proxy","curated_proxy_retained_with_fresh_2020_retrieval","Retained the previously curated duty-based ESCO assignment after fresh MASCO 2020 title/profile retrieval. No stronger unambiguous occupational identity was established. Prior reasoning: D11 profile is system maintenance and ICT user support, not theoretical computer science."
"M254128","254128","Story Content Writer","2641.4","Writer","2641.4","Writer","false","close_match","close_match","curated_proxy_retained_with_fresh_2020_retrieval","Retained the previously curated duty-based ESCO assignment after fresh MASCO 2020 title/profile retrieval. No stronger unambiguous occupational identity was established. Prior reasoning: Story/content writing."
"M254201","254201","Game Designer (Digital)","2166.6","Digital Games Designer","2166.6","Digital Games Designer","false","partial_proxy","partial_proxy","curated_proxy_retained_with_fresh_2020_retrieval","Retained the previously curated duty-based ESCO assignment after fresh MASCO 2020 title/profile retrieval. No stronger unambiguous occupational identity was established. Prior reasoning: Title/duty comparison supports this primary proxy, but occupational breadth, specialisation or seniority may differ. See both source profiles in the evidence table."
"M254203","254203","QA Tester/Game Tester (Digital)","2519.7.1","Digital Games Tester","2519.7.1","Digital Games Tester","false","partial_proxy","partial_proxy","curated_proxy_retained_with_fresh_2020_retrieval","Retained the previously curated duty-based ESCO assignment after fresh MASCO 2020 title/profile retrieval. No stronger unambiguous occupational identity was established. Prior reasoning: Title/duty comparison supports this primary proxy, but occupational breadth, specialisation or seniority may differ. See both source profiles in the evidence table."
"M254204","254204","Game Producer (Digital)","1223.2.1.3","Games Development Manager","1223.2.1.3","Games Development Manager","false","close_match","close_match","curated_proxy_retained_with_fresh_2020_retrieval","Retained the previously curated duty-based ESCO assignment after fresh MASCO 2020 title/profile retrieval. No stronger unambiguous occupational identity was established. Prior reasoning: Games production and development management."
"M254206","254206","3D Artist","2166.1","3D Modeller","2166.1","3D Modeller","false","inherited_test_proxy","partial_proxy","2020_title_and_duty_review","3D Artist is an ESCO alternate label of 3D Modeller. Modelling covers only part of the inherited generalist role, which also includes lighting, animation and effects; retain partial status."
"M254209","254209","Concept Artist","2166.5","Digital Artist","2166.5","Digital Artist","false","broader_proxy","broader_proxy","2020_ambiguous_alias_rejected","Digital concept-art creation is different from conceptual fine art. Retain the earlier duty-based ESCO proxy after the fresh 2020 retrieval."
"M254210","254210","Technical Artist","2166.5","Digital Artist","2166.5","Digital Artist","false","partial_proxy","partial_proxy","curated_proxy_retained_with_fresh_2020_retrieval","Retained the previously curated duty-based ESCO assignment after fresh MASCO 2020 title/profile retrieval. No stronger unambiguous occupational identity was established. Prior reasoning: Digital-art production proxy; technical pipeline, shaders and programming need enrichment."
"M254211","254211","Art director","2431.7","Creative Director","2654.1","Art Director","true","inherited_test_proxy","close_match","2020_title_and_duty_review","Art director is now the precise 2020 identity. Its visual-layout and artistic-team duties match ESCO Art Director, replacing the inherited Creative Director profile."
"M254215","254215","Graphics Programmer","2513.1","Digital Games Developer","2513.1","Digital Games Developer","false","partial_proxy","partial_proxy","curated_proxy_retained_with_fresh_2020_retrieval","Retained the previously curated duty-based ESCO assignment after fresh MASCO 2020 title/profile retrieval. No stronger unambiguous occupational identity was established. Prior reasoning: Games graphics programming; a software occupation is used, not graphic design."
"M254217","254217","Graphics Creator","2166.9","Graphic Designer","2166.9","Graphic Designer","false","partial_proxy","partial_proxy","curated_proxy_retained_with_fresh_2020_retrieval","Retained the previously curated duty-based ESCO assignment after fresh MASCO 2020 title/profile retrieval. No stronger unambiguous occupational identity was established. Prior reasoning: Title/duty comparison supports this primary proxy, but occupational breadth, specialisation or seniority may differ. See both source profiles in the evidence table."
"M254301","254301","Web Designer","2166.15","Web Designer","2166.15","Web Designer","false","close_match","close_match","2020_unique_preferred_title","Unique ESCO preferred title matches the MASCO 2020 title after public-service grade/competency-wrapper normalization. Qualification and full task equivalence are not assumed."
"M254302","254302","Graphic Designer","2166.9","Graphic Designer","2166.9","Graphic Designer","false","close_match","close_match","2020_unique_preferred_title","Unique ESCO preferred title matches the MASCO 2020 title after public-service grade/competency-wrapper normalization. Qualification and full task equivalence are not assumed."
"M254305","254305","Multimedia Designer","2166.7","Digital Media Designer","2166.7","Digital Media Designer","false","inherited_test_proxy","broader_proxy","2020_title_and_duty_review","Multimedia Designer creates visual and interactive media. Digital Media Designer is a broader cross-media counterpart; no automatic restriction to web design is made."
"M254314","254314","UX Designer (User Experience)","2513.3","User Interface Designer","2513.3","User Interface Designer","false","partial_proxy","partial_proxy","curated_proxy_retained_with_fresh_2020_retrieval","Retained the previously curated duty-based ESCO assignment after fresh MASCO 2020 title/profile retrieval. No stronger unambiguous occupational identity was established. Prior reasoning: Interface design component of UX; user research and broader service experience are not fully covered."
"M254316","254316","Digital Designer","2166.7","Digital Media Designer","2166.7","Digital Media Designer","false","broader_proxy","broader_proxy","2020_ambiguous_alias_rejected","Digital design spans media; the Web Designer alias is narrower. Retain the earlier duty-based ESCO proxy after the fresh 2020 retrieval."
"M254317","254317","Creative Team Leader","2431.7","Creative Director","2431.7","Creative Director","false","broader_proxy","broader_proxy","curated_proxy_retained_with_fresh_2020_retrieval","Retained the previously curated duty-based ESCO assignment after fresh MASCO 2020 title/profile retrieval. No stronger unambiguous occupational identity was established. Prior reasoning: Creative direction; composite performing-media roles need further specialization."
"M254318","254318","Character Rigger","2166.3.1","3D Animator","2166.3.1","3D Animator","false","partial_proxy","partial_proxy","curated_proxy_retained_with_fresh_2020_retrieval","Retained the previously curated duty-based ESCO assignment after fresh MASCO 2020 title/profile retrieval. No stronger unambiguous occupational identity was established. Prior reasoning: Character deformation/rigging in 3D animation; not physical rigging or desktop publishing."
"M261907","261907","Coroner","2619.2","Coroner","2619.2","Coroner","false","close_match","close_match","2020_unique_preferred_title","Unique ESCO preferred title matches the MASCO 2020 title after public-service grade/competency-wrapper normalization. Qualification and full task equivalence are not assumed."
"M282203","282203","Archaeologist","2632.2","Archaeologist","2632.2","Archaeologist","false","close_match","close_match","2020_unique_preferred_title","Unique ESCO preferred title matches the MASCO 2020 title after public-service grade/competency-wrapper normalization. Qualification and full task equivalence are not assumed."
"M282204","282204","Geographer","2632.5","Geographer","2632.5","Geographer","false","close_match","close_match","2020_unique_preferred_title","Unique ESCO preferred title matches the MASCO 2020 title after public-service grade/competency-wrapper normalization. Qualification and full task equivalence are not assumed."
"M282206","282206","Criminologist","2632.4","Criminologist","2632.4","Criminologist","false","close_match","close_match","2020_unique_preferred_title","Unique ESCO preferred title matches the MASCO 2020 title after public-service grade/competency-wrapper normalization. Qualification and full task equivalence are not assumed."
"M282404","282404","Clinical Psychologist","2634.2.1","Clinical Psychologist","2634.2.1","Clinical Psychologist","false","close_match","close_match","2020_unique_preferred_title","Unique ESCO preferred title matches the MASCO 2020 title after public-service grade/competency-wrapper normalization. Qualification and full task equivalence are not assumed."
"M282407","282407","Psychotherapist","2634.2.4","Psychotherapist","2634.2.4","Psychotherapist","false","inherited_test_proxy","close_match","2020_title_and_duty_review","Psychotherapist is an exact ESCO preferred occupation and the inherited mental-health treatment description supports it."
"M291603","291603","Industrial Relations Officer Grade S41","2423.4","Labour Relations Officer","2423.4","Labour Relations Officer","false","close_match","close_match","curated_proxy_retained_with_fresh_2020_retrieval","Retained the previously curated duty-based ESCO assignment after fresh MASCO 2020 title/profile retrieval. No stronger unambiguous occupational identity was established. Prior reasoning: ESCO alternate title matches the cleaned MASCO title; national qualifications and full task scope are not assumed equivalent."
"M291608","291608","Maritime Superintendent Officer Grade T13","5419.3","Coastguard Watch Officer","5419.3","Coastguard Watch Officer","false","partial_proxy","partial_proxy","curated_proxy_retained_with_fresh_2020_retrieval","Retained the previously curated duty-based ESCO assignment after fresh MASCO 2020 title/profile retrieval. No stronger unambiguous occupational identity was established. Prior reasoning: Coastguard maritime safety, monitoring and search/rescue; Malaysian superintendent command and enforcement authority need enrichment."
"M311101","311101","Laboratory Assistant Grade C19","3141.2","Scientific Laboratory Technician","3141.2","Scientific Laboratory Technician","false","close_match","close_match","curated_proxy_retained_with_fresh_2020_retrieval","Retained the previously curated duty-based ESCO assignment after fresh MASCO 2020 title/profile retrieval. No stronger unambiguous occupational identity was established. Prior reasoning: ESCO alternate title matches the cleaned MASCO title; national qualifications and full task scope are not assumed equivalent."
"M311102","311102","Research Assistant Grade Q19","2310.1.41","University Research Assistant","2310.1.41","University Research Assistant","false","partial_proxy","partial_proxy","curated_proxy_retained_with_fresh_2020_retrieval","Retained the previously curated duty-based ESCO assignment after fresh MASCO 2020 title/profile retrieval. No stronger unambiguous occupational identity was established. Prior reasoning: Title/duty comparison supports this primary proxy, but occupational breadth, specialisation or seniority may differ. See both source profiles in the evidence table."
"M311105","311105","Geophysics Technician","3111.4","Geology Technician","3111.4","Geology Technician","false","partial_proxy","partial_proxy","curated_proxy_retained_with_fresh_2020_retrieval","Retained the previously curated duty-based ESCO assignment after fresh MASCO 2020 title/profile retrieval. No stronger unambiguous occupational identity was established. Prior reasoning: Title/duty comparison supports this primary proxy, but occupational breadth, specialisation or seniority may differ. See both source profiles in the evidence table."
"M311106","311106","Chemistry Technician","3111.1","Chemistry Technician","3111.1","Chemistry Technician","false","close_match","close_match","2020_unique_preferred_title","Unique ESCO preferred title matches the MASCO 2020 title after public-service grade/competency-wrapper normalization. Qualification and full task equivalence are not assumed."
"M311107","311107","Physics Science Laboratory Technician","3111.11","Physics Technician","3111.11","Physics Technician","false","partial_proxy","partial_proxy","curated_proxy_retained_with_fresh_2020_retrieval","Retained the previously curated duty-based ESCO assignment after fresh MASCO 2020 title/profile retrieval. No stronger unambiguous occupational identity was established. Prior reasoning: Title/duty comparison supports this primary proxy, but occupational breadth, specialisation or seniority may differ. See both source profiles in the evidence table."
"M311108","311108","Physical Science Technician","3111.11","Physics Technician","3111.11","Physics Technician","false","partial_proxy","partial_proxy","curated_proxy_retained_with_fresh_2020_retrieval","Retained the previously curated duty-based ESCO assignment after fresh MASCO 2020 title/profile retrieval. No stronger unambiguous occupational identity was established. Prior reasoning: Title/duty comparison supports this primary proxy, but occupational breadth, specialisation or seniority may differ. See both source profiles in the evidence table."
"M311110","311110","Chemistry Laboratory Assistant","3111.1","Chemistry Technician","3111.1","Chemistry Technician","false","close_match","close_match","curated_proxy_retained_with_fresh_2020_retrieval","Retained the previously curated duty-based ESCO assignment after fresh MASCO 2020 title/profile retrieval. No stronger unambiguous occupational identity was established. Prior reasoning: ESCO alternate title matches the cleaned MASCO title; national qualifications and full task scope are not assumed equivalent."
"M311112","311112","Soil Technician","3111.14","Soil Surveying Technician","3111.14","Soil Surveying Technician","false","close_match","close_match","curated_proxy_retained_with_fresh_2020_retrieval","Retained the previously curated duty-based ESCO assignment after fresh MASCO 2020 title/profile retrieval. No stronger unambiguous occupational identity was established. Prior reasoning: ESCO alternate title matches the cleaned MASCO title; national qualifications and full task scope are not assumed equivalent."
"M311114","311114","Meteorological Technician","3111.8","Meteorology Technician","3111.8","Meteorology Technician","false","close_match","close_match","curated_proxy_retained_with_fresh_2020_retrieval","Retained the previously curated duty-based ESCO assignment after fresh MASCO 2020 title/profile retrieval. No stronger unambiguous occupational identity was established. Prior reasoning: ESCO alternate title matches the cleaned MASCO title; national qualifications and full task scope are not assumed equivalent."
"M311116","311116","Geological Technician","3111.4","Geology Technician","3111.4","Geology Technician","false","close_match","close_match","curated_proxy_retained_with_fresh_2020_retrieval","Retained the previously curated duty-based ESCO assignment after fresh MASCO 2020 title/profile retrieval. No stronger unambiguous occupational identity was established. Prior reasoning: Geological technical work."
"M311120","311120","Oceanography Technician","3111.5","Hydrographic Surveying Technician","3111.5","Hydrographic Surveying Technician","false","partial_proxy","partial_proxy","curated_proxy_retained_with_fresh_2020_retrieval","Retained the previously curated duty-based ESCO assignment after fresh MASCO 2020 title/profile retrieval. No stronger unambiguous occupational identity was established. Prior reasoning: Marine/hydrographic measurement; biological and chemical oceanography are not fully covered."
"M311125","311125","Climate Service Technician","3111.8","Meteorology Technician","3111.8","Meteorology Technician","false","inherited_test_proxy","broader_proxy","2020_title_and_duty_review","Climate Service Technician supports weather/climate measurement and data. Meteorology Technician is the broader functional counterpart, not heating-system service."
"M311132","311132","Laboratory Technician","3141.2","Scientific Laboratory Technician","3141.2","Scientific Laboratory Technician","false","broader_proxy","broader_proxy","2020_ambiguous_alias_rejected","Generic laboratory work is not automatically bacteriology. Retain the earlier duty-based ESCO proxy after the fresh 2020 retrieval."
"M311133","311133","Assistant Meteorological Officer Grade C29","3111.8","Meteorology Technician","3111.8","Meteorology Technician","false","partial_proxy","partial_proxy","curated_proxy_retained_with_fresh_2020_retrieval","Retained the previously curated duty-based ESCO assignment after fresh MASCO 2020 title/profile retrieval. No stronger unambiguous occupational identity was established. Prior reasoning: Title/duty comparison supports this primary proxy, but occupational breadth, specialisation or seniority may differ. See both source profiles in the evidence table."
"M311136","311136","Assistant Scientific Officer Grade C29","3141.2","Scientific Laboratory Technician","3141.2","Scientific Laboratory Technician","false","broader_proxy","broader_proxy","curated_proxy_retained_with_fresh_2020_retrieval","Retained the previously curated duty-based ESCO assignment after fresh MASCO 2020 title/profile retrieval. No stronger unambiguous occupational identity was established. Prior reasoning: General scientific laboratory work, not an arbitrary bacteriology specialty."
"M311137","311137","Assistant Research Officer Grade Q29","2310.1.41","University Research Assistant","2310.1.41","University Research Assistant","false","partial_proxy","partial_proxy","curated_proxy_retained_with_fresh_2020_retrieval","Retained the previously curated duty-based ESCO assignment after fresh MASCO 2020 title/profile retrieval. No stronger unambiguous occupational identity was established. Prior reasoning: Title/duty comparison supports this primary proxy, but occupational breadth, specialisation or seniority may differ. See both source profiles in the evidence table."
"M311202","311202","Civil Engineering Technician","3112.1","Civil Engineering Technician","3112.1","Civil Engineering Technician","false","close_match","close_match","2020_unique_preferred_title","Unique ESCO preferred title matches the MASCO 2020 title after public-service grade/competency-wrapper normalization. Qualification and full task equivalence are not assumed."
"M311204","311204","Civil Engineering Estimator","2149.14","Quantity Surveyor","2149.14","Quantity Surveyor","false","partial_proxy","partial_proxy","curated_proxy_retained_with_fresh_2020_retrieval","Retained the previously curated duty-based ESCO assignment after fresh MASCO 2020 title/profile retrieval. No stronger unambiguous occupational identity was established. Prior reasoning: Construction quantities/cost estimates; chartered/professional scope may exceed technician."
"M311208","311208","Engineering Designer","3118.3.4","Civil Drafter","3118.3.4","Civil Drafter","false","broader_proxy","broader_proxy","curated_proxy_retained_with_fresh_2020_retrieval","Retained the previously curated duty-based ESCO assignment after fresh MASCO 2020 title/profile retrieval. No stronger unambiguous occupational identity was established. Prior reasoning: Civil design drafting; engineering design responsibility may differ."
"M311209","311209","Civil Engineering Supervisor","3123.1","Construction General Supervisor","3123.1","Construction General Supervisor","false","close_match","close_match","curated_proxy_retained_with_fresh_2020_retrieval","Retained the previously curated duty-based ESCO assignment after fresh MASCO 2020 title/profile retrieval. No stronger unambiguous occupational identity was established. Prior reasoning: Construction-site supervision."
"M311210","311210","Tunnel Boring Machine Technician","8113.8","Tunnel Boring Machine Operator","8113.8","Tunnel Boring Machine Operator","false","partial_proxy","partial_proxy","curated_proxy_retained_with_fresh_2020_retrieval","Retained the previously curated duty-based ESCO assignment after fresh MASCO 2020 title/profile retrieval. No stronger unambiguous occupational identity was established. Prior reasoning: Title/duty comparison supports this primary proxy, but occupational breadth, specialisation or seniority may differ. See both source profiles in the evidence table."
"M311211","311211","Building Inspector","3112.1.2","Building Inspector","3112.1.2","Building Inspector","false","close_match","close_match","2020_unique_preferred_title","Unique ESCO preferred title matches the MASCO 2020 title after public-service grade/competency-wrapper normalization. Qualification and full task equivalence are not assumed."
"M311212","311212","Geotechnical Technician","3117.2","Geotechnician","3117.2","Geotechnician","false","close_match","close_match","curated_proxy_retained_with_fresh_2020_retrieval","Retained the previously curated duty-based ESCO assignment after fresh MASCO 2020 title/profile retrieval. No stronger unambiguous occupational identity was established. Prior reasoning: Geotechnical support."
"M311213","311213","Fire Inspector","3112.1.6","Fire Inspector","3112.1.6","Fire Inspector","false","close_match","close_match","2020_unique_preferred_title","Unique ESCO preferred title matches the MASCO 2020 title after public-service grade/competency-wrapper normalization. Qualification and full task equivalence are not assumed."
"M311214","311214","Surveying Technician","3112.10","Surveying Technician","3112.10","Surveying Technician","false","close_match","close_match","2020_unique_preferred_title","Unique ESCO preferred title matches the MASCO 2020 title after public-service grade/competency-wrapper normalization. Qualification and full task equivalence are not assumed."
"M311217","311217","Process Instrument Technician","3114.1.4","Instrumentation Engineering Technician","3114.1.4","Instrumentation Engineering Technician","false","close_match","close_match","curated_proxy_retained_with_fresh_2020_retrieval","Retained the previously curated duty-based ESCO assignment after fresh MASCO 2020 title/profile retrieval. No stronger unambiguous occupational identity was established. Prior reasoning: Process instrumentation; not musical-instrument work."
"M311219","311219","Assistant Engineer Grade JA29","3112.8","Engineering Assistant","3112.8","Engineering Assistant","false","partial_proxy","partial_proxy","curated_proxy_retained_with_fresh_2020_retrieval","Retained the previously curated duty-based ESCO assignment after fresh MASCO 2020 title/profile retrieval. No stronger unambiguous occupational identity was established. Prior reasoning: Title/duty comparison supports this primary proxy, but occupational breadth, specialisation or seniority may differ. See both source profiles in the evidence table."
"M311225","311225","Assistant Civil Engineer","3112.8","Engineering Assistant","3112.8","Engineering Assistant","false","partial_proxy","partial_proxy","curated_proxy_retained_with_fresh_2020_retrieval","Retained the previously curated duty-based ESCO assignment after fresh MASCO 2020 title/profile retrieval. No stronger unambiguous occupational identity was established. Prior reasoning: Title/duty comparison supports this primary proxy, but occupational breadth, specialisation or seniority may differ. See both source profiles in the evidence table."
"M311226","311226","Operation Technician","3115.1.16","Production Engineering Technician","3115.1.16","Production Engineering Technician","false","partial_proxy","partial_proxy","curated_proxy_retained_with_fresh_2020_retrieval","Retained the previously curated duty-based ESCO assignment after fresh MASCO 2020 title/profile retrieval. No stronger unambiguous occupational identity was established. Prior reasoning: Title/duty comparison supports this primary proxy, but occupational breadth, specialisation or seniority may differ. See both source profiles in the evidence table."
"M311227","311227","Green Building Facilities Maintenance Technician","5153.1","Building Caretaker","5153.1","Building Caretaker","false","partial_proxy","partial_proxy","curated_proxy_retained_with_fresh_2020_retrieval","Retained the previously curated duty-based ESCO assignment after fresh MASCO 2020 title/profile retrieval. No stronger unambiguous occupational identity was established. Prior reasoning: Building maintenance/caretaking proxy; green-building systems and technical energy expertise need enrichment."
"M311230","311230","Assistant Engineer Maintenance","3115.1.6","Industrial Maintenance Supervisor","3115.1.6","Industrial Maintenance Supervisor","false","partial_proxy","partial_proxy","curated_proxy_retained_with_fresh_2020_retrieval","Retained the previously curated duty-based ESCO assignment after fresh MASCO 2020 title/profile retrieval. No stronger unambiguous occupational identity was established. Prior reasoning: Industrial maintenance coordination; assistant-engineer versus supervisor scope differs."
"M311232","311232","Assistant Quantity Surveyor Grade JA29","2149.14","Quantity Surveyor","2149.14","Quantity Surveyor","false","broader_proxy","broader_proxy","curated_proxy_retained_with_fresh_2020_retrieval","Retained the previously curated duty-based ESCO assignment after fresh MASCO 2020 title/profile retrieval. No stronger unambiguous occupational identity was established. Prior reasoning: Quantity-surveying function; assistant grade is not separately represented."
"M311233","311233","Quantity Surveyor Assistant","2149.14","Quantity Surveyor","2149.14","Quantity Surveyor","false","broader_proxy","broader_proxy","curated_proxy_retained_with_fresh_2020_retrieval","Retained the previously curated duty-based ESCO assignment after fresh MASCO 2020 title/profile retrieval. No stronger unambiguous occupational identity was established. Prior reasoning: Quantity-surveying function; assistant grade is not separately represented."
"M311237","311237","Assistant Building Surveyor Grade J29","3315.8","Real Estate Surveyor","3315.8","Real Estate Surveyor","false","broader_proxy","broader_proxy","curated_proxy_retained_with_fresh_2020_retrieval","Retained the previously curated duty-based ESCO assignment after fresh MASCO 2020 title/profile retrieval. No stronger unambiguous occupational identity was established. Prior reasoning: Building/property surveying function; assistant grade is not separate."
"M311301","311301","Electrical Engineering Technician","3113.1","Electrical Engineering Technician","3113.1","Electrical Engineering Technician","false","close_match","close_match","2020_unique_preferred_title","Unique ESCO preferred title matches the MASCO 2020 title after public-service grade/competency-wrapper normalization. Qualification and full task equivalence are not assumed."
"M311307","311307","Electrical and Instrument Supervisor","3123.1.11","Electrical Supervisor","3123.1.11","Electrical Supervisor","false","partial_proxy","partial_proxy","curated_proxy_retained_with_fresh_2020_retrieval","Retained the previously curated duty-based ESCO assignment after fresh MASCO 2020 title/profile retrieval. No stronger unambiguous occupational identity was established. Prior reasoning: Title/duty comparison supports this primary proxy, but occupational breadth, specialisation or seniority may differ. See both source profiles in the evidence table."
"M311310","311310","Electrical Engineering Estimator","2421.1.1","Manufacturing Cost Estimator","2421.1.1","Manufacturing Cost Estimator","false","broader_proxy","broader_proxy","curated_proxy_retained_with_fresh_2020_retrieval","Retained the previously curated duty-based ESCO assignment after fresh MASCO 2020 title/profile retrieval. No stronger unambiguous occupational identity was established. Prior reasoning: Manufacturing/engineering cost estimation; electrical/electronic/mechanical/chemical specialty varies."
"M311314","311314","Electrical High Voltage Technician","3113.1","Electrical Engineering Technician","3113.1","Electrical Engineering Technician","false","partial_proxy","partial_proxy","curated_proxy_retained_with_fresh_2020_retrieval","Retained the previously curated duty-based ESCO assignment after fresh MASCO 2020 title/profile retrieval. No stronger unambiguous occupational identity was established. Prior reasoning: Title/duty comparison supports this primary proxy, but occupational breadth, specialisation or seniority may differ. See both source profiles in the evidence table."
"M311315","311315","Debug Technician","3114.1.3","Computer Hardware Test Technician","3114.1.3","Computer Hardware Test Technician","false","partial_proxy","partial_proxy","curated_proxy_retained_with_fresh_2020_retrieval","Retained the previously curated duty-based ESCO assignment after fresh MASCO 2020 title/profile retrieval. No stronger unambiguous occupational identity was established. Prior reasoning: Title/duty comparison supports this primary proxy, but occupational breadth, specialisation or seniority may differ. See both source profiles in the evidence table."
"M311316","311316","Assistant Electrical Engineer","3113.1","Electrical Engineering Technician","3113.1","Electrical Engineering Technician","false","close_match","close_match","curated_proxy_retained_with_fresh_2020_retrieval","Retained the previously curated duty-based ESCO assignment after fresh MASCO 2020 title/profile retrieval. No stronger unambiguous occupational identity was established. Prior reasoning: Electrical engineering technical support."
"M311401","311401","Electronics Engineering Technician","3114.1","Electronics Engineering Technician","3114.1","Electronics Engineering Technician","false","close_match","close_match","2020_unique_preferred_title","Unique ESCO preferred title matches the MASCO 2020 title after public-service grade/competency-wrapper normalization. Qualification and full task equivalence are not assumed."
"M311402","311402","Electronics Engineering Estimator","2421.1.1","Manufacturing Cost Estimator","2421.1.1","Manufacturing Cost Estimator","false","broader_proxy","broader_proxy","curated_proxy_retained_with_fresh_2020_retrieval","Retained the previously curated duty-based ESCO assignment after fresh MASCO 2020 title/profile retrieval. No stronger unambiguous occupational identity was established. Prior reasoning: Manufacturing/engineering cost estimation; electrical/electronic/mechanical/chemical specialty varies."
"M311404","311404","Electronics Design Technician","3114.1","Electronics Engineering Technician","3114.1","Electronics Engineering Technician","false","partial_proxy","partial_proxy","curated_proxy_retained_with_fresh_2020_retrieval","Retained the previously curated duty-based ESCO assignment after fresh MASCO 2020 title/profile retrieval. No stronger unambiguous occupational identity was established. Prior reasoning: Title/duty comparison supports this primary proxy, but occupational breadth, specialisation or seniority may differ. See both source profiles in the evidence table."
"M311504","311504","Mechanical Engineering Technician","3115.1","Mechanical Engineering Technician","3115.1","Mechanical Engineering Technician","false","close_match","close_match","2020_unique_preferred_title","Unique ESCO preferred title matches the MASCO 2020 title after public-service grade/competency-wrapper normalization. Qualification and full task equivalence are not assumed."
"M311514","311514","Mechanical Engineering Assistant","3112.8","Engineering Assistant","3112.8","Engineering Assistant","false","partial_proxy","partial_proxy","curated_proxy_retained_with_fresh_2020_retrieval","Retained the previously curated duty-based ESCO assignment after fresh MASCO 2020 title/profile retrieval. No stronger unambiguous occupational identity was established. Prior reasoning: Title/duty comparison supports this primary proxy, but occupational breadth, specialisation or seniority may differ. See both source profiles in the evidence table."
"M311515","311515","Mechanical Engineering Estimator","2421.1.1","Manufacturing Cost Estimator","2421.1.1","Manufacturing Cost Estimator","false","broader_proxy","broader_proxy","curated_proxy_retained_with_fresh_2020_retrieval","Retained the previously curated duty-based ESCO assignment after fresh MASCO 2020 title/profile retrieval. No stronger unambiguous occupational identity was established. Prior reasoning: Manufacturing/engineering cost estimation; electrical/electronic/mechanical/chemical specialty varies."
"M311516","311516","Dockmaster, Dry Dock","4323.11","Port Coordinator","4323.11","Port Coordinator","false","inherited_test_proxy","partial_proxy","2020_title_and_duty_review","Dry/graving-dock dockmasters coordinate docking operations. Port Coordinator is retained as a partial maritime-operations proxy; dock safety, repair-yard authority and dry-dock plant duties are not fully represented."
"M311517","311517","Dockmaster, Graving Dock","4323.11","Port Coordinator","4323.11","Port Coordinator","false","inherited_test_proxy","partial_proxy","2020_title_and_duty_review","Dry/graving-dock dockmasters coordinate docking operations. Port Coordinator is retained as a partial maritime-operations proxy; dock safety, repair-yard authority and dry-dock plant duties are not fully represented."
"M311521","311521","Hydraulic Hose Technician","7233.4","Fluid Power Technician","7233.4","Fluid Power Technician","false","partial_proxy","partial_proxy","curated_proxy_retained_with_fresh_2020_retrieval","Retained the previously curated duty-based ESCO assignment after fresh MASCO 2020 title/profile retrieval. No stronger unambiguous occupational identity was established. Prior reasoning: Title/duty comparison supports this primary proxy, but occupational breadth, specialisation or seniority may differ. See both source profiles in the evidence table."
"M311524","311524","Mechatronics Technician","3115.1.11","Mechatronics Engineering Technician","3115.1.11","Mechatronics Engineering Technician","false","close_match","close_match","curated_proxy_retained_with_fresh_2020_retrieval","Retained the previously curated duty-based ESCO assignment after fresh MASCO 2020 title/profile retrieval. No stronger unambiguous occupational identity was established. Prior reasoning: ESCO alternate title matches the cleaned MASCO title; national qualifications and full task scope are not assumed equivalent."
"M311527","311527","CNC Technician (Computer Numerical Control)","7223.4","Computer Numerical Control Machine Operator","7223.4","Computer Numerical Control Machine Operator","false","partial_proxy","partial_proxy","curated_proxy_retained_with_fresh_2020_retrieval","Retained the previously curated duty-based ESCO assignment after fresh MASCO 2020 title/profile retrieval. No stronger unambiguous occupational identity was established. Prior reasoning: CNC operation/programming component; technician maintenance duties are wider."
"M311528","311528","Welding Technician","7212.4","Welding Coordinator","7212.4","Welding Coordinator","false","close_match","close_match","curated_proxy_retained_with_fresh_2020_retrieval","Retained the previously curated duty-based ESCO assignment after fresh MASCO 2020 title/profile retrieval. No stronger unambiguous occupational identity was established. Prior reasoning: ESCO alternate title matches the cleaned MASCO title; national qualifications and full task scope are not assumed equivalent."
"M311529","311529","Steelmaking Technician","3117.3","Metallurgical Technician","3117.3","Metallurgical Technician","false","partial_proxy","partial_proxy","curated_proxy_retained_with_fresh_2020_retrieval","Retained the previously curated duty-based ESCO assignment after fresh MASCO 2020 title/profile retrieval. No stronger unambiguous occupational identity was established. Prior reasoning: Title/duty comparison supports this primary proxy, but occupational breadth, specialisation or seniority may differ. See both source profiles in the evidence table."
"M311531","311531","Hygiene Technician 1","3257.5","Occupational Health and Safety Inspector","3257.5","Occupational Health and Safety Inspector","false","inherited_test_proxy","partial_proxy","2020_title_and_duty_review","Hygiene Technician 1/2 retains a workplace-exposure/safety inspection proxy. The source profile mixes competent-person hygiene assessment with routine cleaning; preserve that source-quality warning and do not map to dental or sterile-services work."
"M311538","311538","CAD/CAM Technician (Computer-Aided Design and Manufacturing)","3118.3.5","Computer-Aided Design Operator","3118.3.5","Computer-Aided Design Operator","false","broader_proxy","broader_proxy","curated_proxy_retained_with_fresh_2020_retrieval","Retained the previously curated duty-based ESCO assignment after fresh MASCO 2020 title/profile retrieval. No stronger unambiguous occupational identity was established. Prior reasoning: Computer-aided design/drafting; CAM manufacturing or specific software skills need enrichment."
"M311544","311544","AutoCad Drafter","3118.3.5","Computer-Aided Design Operator","3118.3.5","Computer-Aided Design Operator","false","inherited_test_proxy","broader_proxy","2020_title_and_duty_review","AutoCAD drafting is technical CAD work. Mechanical Engineering Drafter is a broader discipline-specific proxy; the generic AutoCAD title does not establish automotive engineering."
"M311548","311548","Equipment Technician","7233.7","Industrial Machinery Mechanic","7233.7","Industrial Machinery Mechanic","false","broader_proxy","broader_proxy","2020_ambiguous_alias_rejected","Equipment Technician is not specifically a performance-equipment rental occupation. Retain the earlier duty-based ESCO proxy after the fresh 2020 retrieval."
"M311549","311549","Assistant Equipment Engineer","2144.1.6","Equipment Engineer","2144.1.6","Equipment Engineer","false","partial_proxy","partial_proxy","curated_proxy_retained_with_fresh_2020_retrieval","Retained the previously curated duty-based ESCO assignment after fresh MASCO 2020 title/profile retrieval. No stronger unambiguous occupational identity was established. Prior reasoning: Title/duty comparison supports this primary proxy, but occupational breadth, specialisation or seniority may differ. See both source profiles in the evidence table."
"M311550","311550","Assistant Welding Engineer","2144.1.23","Welding Engineer","2144.1.23","Welding Engineer","false","partial_proxy","partial_proxy","curated_proxy_retained_with_fresh_2020_retrieval","Retained the previously curated duty-based ESCO assignment after fresh MASCO 2020 title/profile retrieval. No stronger unambiguous occupational identity was established. Prior reasoning: Title/duty comparison supports this primary proxy, but occupational breadth, specialisation or seniority may differ. See both source profiles in the evidence table."
"M311552","311552","Hygiene Technician 2","3257.5","Occupational Health and Safety Inspector","3257.5","Occupational Health and Safety Inspector","false","inherited_test_proxy","partial_proxy","2020_title_and_duty_review","Hygiene Technician 1/2 retains a workplace-exposure/safety inspection proxy. The source profile mixes competent-person hygiene assessment with routine cleaning; preserve that source-quality warning and do not map to dental or sterile-services work."
"M311601","311601","Chemical Engineering Technician","3116.1","Chemical Engineering Technician","3116.1","Chemical Engineering Technician","false","close_match","close_match","2020_unique_preferred_title","Unique ESCO preferred title matches the MASCO 2020 title after public-service grade/competency-wrapper normalization. Qualification and full task equivalence are not assumed."
"M311604","311604","Oil Technologist","3134.3","Oil Refinery Control Room Operator","3134.3","Oil Refinery Control Room Operator","false","partial_proxy","partial_proxy","curated_proxy_retained_with_fresh_2020_retrieval","Retained the previously curated duty-based ESCO assignment after fresh MASCO 2020 title/profile retrieval. No stronger unambiguous occupational identity was established. Prior reasoning: Petroleum-processing monitoring, sampling and operation; technologist/technical-supervision scope differs from control-room operation."
"M311605","311605","Chemical Petroleum Technician","3116.1","Chemical Engineering Technician","3116.1","Chemical Engineering Technician","false","partial_proxy","partial_proxy","curated_proxy_retained_with_fresh_2020_retrieval","Retained the previously curated duty-based ESCO assignment after fresh MASCO 2020 title/profile retrieval. No stronger unambiguous occupational identity was established. Prior reasoning: Title/duty comparison supports this primary proxy, but occupational breadth, specialisation or seniority may differ. See both source profiles in the evidence table."
"M311609","311609","Chemical Engineering Estimator","2421.1.1","Manufacturing Cost Estimator","2421.1.1","Manufacturing Cost Estimator","false","broader_proxy","broader_proxy","curated_proxy_retained_with_fresh_2020_retrieval","Retained the previously curated duty-based ESCO assignment after fresh MASCO 2020 title/profile retrieval. No stronger unambiguous occupational identity was established. Prior reasoning: Manufacturing/engineering cost estimation; electrical/electronic/mechanical/chemical specialty varies."
"M311701","311701","Metallurgical Technician","3117.3","Metallurgical Technician","3117.3","Metallurgical Technician","false","close_match","close_match","2020_unique_preferred_title","Unique ESCO preferred title matches the MASCO 2020 title after public-service grade/competency-wrapper normalization. Qualification and full task equivalence are not assumed."
"M311704","311704","Metallurgical Laboratory Assistant","3117.3","Metallurgical Technician","3117.3","Metallurgical Technician","false","partial_proxy","partial_proxy","curated_proxy_retained_with_fresh_2020_retrieval","Retained the previously curated duty-based ESCO assignment after fresh MASCO 2020 title/profile retrieval. No stronger unambiguous occupational identity was established. Prior reasoning: Title/duty comparison supports this primary proxy, but occupational breadth, specialisation or seniority may differ. See both source profiles in the evidence table."
"M311711","311711","Mining Assistant","9311.1","Mining Assistant","9311.1","Mining Assistant","false","close_match","close_match","2020_unique_preferred_title","Unique ESCO preferred title matches the MASCO 2020 title after public-service grade/competency-wrapper normalization. Qualification and full task equivalence are not assumed."
"M311723","311723","Associate Field Professional","3112.8","Engineering Assistant","3112.8","Engineering Assistant","false","broader_proxy","broader_proxy","curated_proxy_retained_with_fresh_2020_retrieval","Retained the previously curated duty-based ESCO assignment after fresh MASCO 2020 title/profile retrieval. No stronger unambiguous occupational identity was established. Prior reasoning: Field engineering technical assistance; industry is not specified reliably by D11."
"M311801","311801","Draughtsperson (Architecture) Grade JA19","3118.3.2","Architectural Drafter","3118.3.2","Architectural Drafter","false","partial_proxy","partial_proxy","curated_proxy_retained_with_fresh_2020_retrieval","Retained the previously curated duty-based ESCO assignment after fresh MASCO 2020 title/profile retrieval. No stronger unambiguous occupational identity was established. Prior reasoning: Title/duty comparison supports this primary proxy, but occupational breadth, specialisation or seniority may differ. See both source profiles in the evidence table."
"M311803","311803","Draughtsperson","3118.3","Drafter","3118.3","Drafter","false","close_match","close_match","curated_proxy_retained_with_fresh_2020_retrieval","Retained the previously curated duty-based ESCO assignment after fresh MASCO 2020 title/profile retrieval. No stronger unambiguous occupational identity was established. Prior reasoning: ESCO alternate title matches the cleaned MASCO title; national qualifications and full task scope are not assumed equivalent."
"M311824","311824","Geospatial Technician","2165.3","Geographic Information Systems Specialist","2165.3","Geographic Information Systems Specialist","false","partial_proxy","partial_proxy","curated_proxy_retained_with_fresh_2020_retrieval","Retained the previously curated duty-based ESCO assignment after fresh MASCO 2020 title/profile retrieval. No stronger unambiguous occupational identity was established. Prior reasoning: Title/duty comparison supports this primary proxy, but occupational breadth, specialisation or seniority may differ. See both source profiles in the evidence table."
"M311826","311826","Assistant Architectural Officer Grade JA29","2161.1","Architect","2161.1","Architect","false","partial_proxy","partial_proxy","curated_proxy_retained_with_fresh_2020_retrieval","Retained the previously curated duty-based ESCO assignment after fresh MASCO 2020 title/profile retrieval. No stronger unambiguous occupational identity was established. Prior reasoning: Title/duty comparison supports this primary proxy, but occupational breadth, specialisation or seniority may differ. See both source profiles in the evidence table."
"M311827","311827","Draughtsperson (Civil Engineering) Grade JA19","3118.3.4","Civil Drafter","3118.3.4","Civil Drafter","false","broader_proxy","broader_proxy","curated_proxy_retained_with_fresh_2020_retrieval","Retained the previously curated duty-based ESCO assignment after fresh MASCO 2020 title/profile retrieval. No stronger unambiguous occupational identity was established. Prior reasoning: Civil design drafting; engineering design responsibility may differ."
"M311828","311828","Assistant Landscape Architect Grade JA29","2162.1","Landscape Architect","2162.1","Landscape Architect","false","partial_proxy","partial_proxy","curated_proxy_retained_with_fresh_2020_retrieval","Retained the previously curated duty-based ESCO assignment after fresh MASCO 2020 title/profile retrieval. No stronger unambiguous occupational identity was established. Prior reasoning: Title/duty comparison supports this primary proxy, but occupational breadth, specialisation or seniority may differ. See both source profiles in the evidence table."
"M311829","311829","Assistant Land Officer (Peninsular) NT29","2164.1","Land Planner","2164.1","Land Planner","false","partial_proxy","partial_proxy","curated_proxy_retained_with_fresh_2020_retrieval","Retained the previously curated duty-based ESCO assignment after fresh MASCO 2020 title/profile retrieval. No stronger unambiguous occupational identity was established. Prior reasoning: Title/duty comparison supports this primary proxy, but occupational breadth, specialisation or seniority may differ. See both source profiles in the evidence table."
"M311830","311830","Assistant Land Admini Officer (Sabah and Sarawak) Grade NT29","4312.6","Property Assistant","4312.6","Property Assistant","false","partial_proxy","partial_proxy","curated_proxy_retained_with_fresh_2020_retrieval","Retained the previously curated duty-based ESCO assignment after fresh MASCO 2020 title/profile retrieval. No stronger unambiguous occupational identity was established. Prior reasoning: Title/duty comparison supports this primary proxy, but occupational breadth, specialisation or seniority may differ. See both source profiles in the evidence table."
"M311831","311831","Assistant Surveyor Grade JA29","3112.10","Surveying Technician","3112.10","Surveying Technician","false","close_match","close_match","2020_ambiguous_alias_rejected","Assistant Surveyor is not specifically mine surveying. Retain the earlier duty-based ESCO proxy after the fresh 2020 retrieval."
"M311903","311903","Maintenance Technician","7233.7","Industrial Machinery Mechanic","7233.7","Industrial Machinery Mechanic","false","inherited_test_proxy","broader_proxy","2020_title_and_duty_review","Maintenance Technician services and repairs industrial machinery. Retain the industrial machinery mechanic profile; misleading Maintenance Technician aliases under welding occupations are rejected."
"M311910","311910","Engineering Technician, Production","3115.1.16","Production Engineering Technician","3115.1.16","Production Engineering Technician","false","inherited_test_proxy","close_match","2020_title_and_duty_review","Engineering Technician, Production matches Production Engineering Technician after word-order normalization; the 2020 duplicate-code decision does not change this ESCO occupational function."
"M311928","311928","Quality Assurance Engineering Technician","3119.16","Quality Engineering Technician","3119.16","Quality Engineering Technician","false","partial_proxy","partial_proxy","curated_proxy_retained_with_fresh_2020_retrieval","Retained the previously curated duty-based ESCO assignment after fresh MASCO 2020 title/profile retrieval. No stronger unambiguous occupational identity was established. Prior reasoning: Title/duty comparison supports this primary proxy, but occupational breadth, specialisation or seniority may differ. See both source profiles in the evidence table."
"M311929","311929","Assistant Factory and Machinery Inspector Grade JA29","3257.5","Occupational Health and Safety Inspector","3257.5","Occupational Health and Safety Inspector","false","partial_proxy","partial_proxy","curated_proxy_retained_with_fresh_2020_retrieval","Retained the previously curated duty-based ESCO assignment after fresh MASCO 2020 title/profile retrieval. No stronger unambiguous occupational identity was established. Prior reasoning: Machinery/workplace inspection proxy; equipment-specific inspection and Malaysian authority need enrichment."
"M311943","311943","Food Processing Technician","3119.5","Food Technician","3119.5","Food Technician","false","partial_proxy","partial_proxy","curated_proxy_retained_with_fresh_2020_retrieval","Retained the previously curated duty-based ESCO assignment after fresh MASCO 2020 title/profile retrieval. No stronger unambiguous occupational identity was established. Prior reasoning: Title/duty comparison supports this primary proxy, but occupational breadth, specialisation or seniority may differ. See both source profiles in the evidence table."
"M311944","311944","Crankshaft Grinding Technician","7223.4.2","Grinding Machine Operator","7223.4.2","Grinding Machine Operator","false","partial_proxy","partial_proxy","curated_proxy_retained_with_fresh_2020_retrieval","Retained the previously curated duty-based ESCO assignment after fresh MASCO 2020 title/profile retrieval. No stronger unambiguous occupational identity was established. Prior reasoning: Title/duty comparison supports this primary proxy, but occupational breadth, specialisation or seniority may differ. See both source profiles in the evidence table."
"M311945","311945","Agro-Based Biotech Research Technician","3141.1","Biotechnical Technician","3141.1","Biotechnical Technician","false","broader_proxy","broader_proxy","curated_proxy_retained_with_fresh_2020_retrieval","Retained the previously curated duty-based ESCO assignment after fresh MASCO 2020 title/profile retrieval. No stronger unambiguous occupational identity was established. Prior reasoning: Biotechnology laboratory/research support; agricultural/aquatic specialization needs enrichment."
"M311948","311948","Test Technician","3119.16","Quality Engineering Technician","3119.16","Quality Engineering Technician","false","broader_proxy","broader_proxy","curated_proxy_retained_with_fresh_2020_retrieval","Retained the previously curated duty-based ESCO assignment after fresh MASCO 2020 title/profile retrieval. No stronger unambiguous occupational identity was established. Prior reasoning: General product testing and quality-engineering support; not an arbitrary hardware-only specialization."
"M312201","312201","Manufacturing Supervisor","3122.4","Production Supervisor","3122.4","Production Supervisor","false","close_match","close_match","curated_proxy_retained_with_fresh_2020_retrieval","Retained the previously curated duty-based ESCO assignment after fresh MASCO 2020 title/profile retrieval. No stronger unambiguous occupational identity was established. Prior reasoning: ESCO alternate title matches the cleaned MASCO title; national qualifications and full task scope are not assumed equivalent."
"M312203","312203","Finishing Supervisor","3122.4","Production Supervisor","3122.4","Production Supervisor","false","broader_proxy","broader_proxy","curated_proxy_retained_with_fresh_2020_retrieval","Retained the previously curated duty-based ESCO assignment after fresh MASCO 2020 title/profile retrieval. No stronger unambiguous occupational identity was established. Prior reasoning: Manufacturing process supervision; finishing/cutting material specialty is unspecified."
"M312205","312205","Compounding Supervisor","3122.4.2","Chemical Processing Supervisor","3122.4.2","Chemical Processing Supervisor","false","close_match","close_match","curated_proxy_retained_with_fresh_2020_retrieval","Retained the previously curated duty-based ESCO assignment after fresh MASCO 2020 title/profile retrieval. No stronger unambiguous occupational identity was established. Prior reasoning: Chemical compounding supervision."
"M312207","312207","Cutting Supervisor","3122.4","Production Supervisor","3122.4","Production Supervisor","false","broader_proxy","broader_proxy","curated_proxy_retained_with_fresh_2020_retrieval","Retained the previously curated duty-based ESCO assignment after fresh MASCO 2020 title/profile retrieval. No stronger unambiguous occupational identity was established. Prior reasoning: Manufacturing process supervision; finishing/cutting material specialty is unspecified."
"M312209","312209","Plywood Inspection Supervisor","3122.4.16","Wood Production Supervisor","3122.4.16","Wood Production Supervisor","false","broader_proxy","broader_proxy","curated_proxy_retained_with_fresh_2020_retrieval","Retained the previously curated duty-based ESCO assignment after fresh MASCO 2020 title/profile retrieval. No stronger unambiguous occupational identity was established. Prior reasoning: Wood production and inspection supervision."
"M312210","312210","Sawyer Supervisor","3122.4.16","Wood Production Supervisor","3122.4.16","Wood Production Supervisor","false","broader_proxy","broader_proxy","curated_proxy_retained_with_fresh_2020_retrieval","Retained the previously curated duty-based ESCO assignment after fresh MASCO 2020 title/profile retrieval. No stronger unambiguous occupational identity was established. Prior reasoning: Wood production and inspection supervision."
"M312215","312215","Quality Control Supervisor","1219.7","Quality Services Manager","1321.2.2","Industrial Quality Manager","true","inherited_test_proxy","partial_proxy","2020_title_and_duty_review","Quality Control Supervisor leads industrial inspection, tests and corrective actions. Industrial Quality Manager covers the quality function better than general services quality management, but manager/supervisor seniority differs; reject the assembly-supervisor alias."
"M312218","312218","Production Supervisor, Halal Food Manufacturing","3122.4","Production Supervisor","3122.4","Production Supervisor","false","partial_proxy","partial_proxy","curated_proxy_retained_with_fresh_2020_retrieval","Retained the previously curated duty-based ESCO assignment after fresh MASCO 2020 title/profile retrieval. No stronger unambiguous occupational identity was established. Prior reasoning: Production supervision; food processing and halal controls require separate skills."
"M312220","312220","Quality Assurance Supervisor, Halal Meat Processing","2263.2","Food Safety Specialist","2263.2","Food Safety Specialist","false","partial_proxy","partial_proxy","curated_proxy_retained_with_fresh_2020_retrieval","Retained the previously curated duty-based ESCO assignment after fresh MASCO 2020 title/profile retrieval. No stronger unambiguous occupational identity was established. Prior reasoning: Food safety/quality proxy for halal meat assurance; religious certification and supervisory scope are not covered."
"M312226","312226","Maintenance Supervisor","3115.1.6","Industrial Maintenance Supervisor","3115.1.6","Industrial Maintenance Supervisor","false","partial_proxy","partial_proxy","curated_proxy_retained_with_fresh_2020_retrieval","Retained the previously curated duty-based ESCO assignment after fresh MASCO 2020 title/profile retrieval. No stronger unambiguous occupational identity was established. Prior reasoning: Title/duty comparison supports this primary proxy, but occupational breadth, specialisation or seniority may differ. See both source profiles in the evidence table."
"M312228","312228","Supervisor, Halal Slaughterhouse","7511.6.1","Halal Slaughterer","7511.6.1","Halal Slaughterer","false","partial_proxy","partial_proxy","curated_proxy_retained_with_fresh_2020_retrieval","Retained the previously curated duty-based ESCO assignment after fresh MASCO 2020 title/profile retrieval. No stronger unambiguous occupational identity was established. Prior reasoning: Halal slaughter technical practice; supervisory responsibilities are not fully represented."
"M312229","312229","Warehouse Supervisor, Halal Logistics Operation","1324.3.4","Warehouse Manager","1324.3.4","Warehouse Manager","false","partial_proxy","partial_proxy","curated_proxy_retained_with_fresh_2020_retrieval","Retained the previously curated duty-based ESCO assignment after fresh MASCO 2020 title/profile retrieval. No stronger unambiguous occupational identity was established. Prior reasoning: Warehousing leadership; halal segregation and assurance need local enrichment."
"M312234","312234","Industrial Robot Controller","3139.2","Industrial Robot Controller","3139.2","Industrial Robot Controller","false","close_match","close_match","2020_unique_preferred_title","Unique ESCO preferred title matches the MASCO 2020 title after public-service grade/competency-wrapper normalization. Qualification and full task equivalence are not assumed."
"M312301","312301","Operation Supervisor","3123.1","Construction General Supervisor","3123.1","Construction General Supervisor","false","broader_proxy","broader_proxy","curated_proxy_retained_with_fresh_2020_retrieval","Retained the previously curated duty-based ESCO assignment after fresh MASCO 2020 title/profile retrieval. No stronger unambiguous occupational identity was established. Prior reasoning: D11 construction-group operational supervision."
"M312303","312303","Construction Supervisor","3123.1","Construction General Supervisor","3123.1","Construction General Supervisor","false","close_match","close_match","curated_proxy_retained_with_fresh_2020_retrieval","Retained the previously curated duty-based ESCO assignment after fresh MASCO 2020 title/profile retrieval. No stronger unambiguous occupational identity was established. Prior reasoning: ESCO alternate title matches the cleaned MASCO title; national qualifications and full task scope are not assumed equivalent."
"M313104","313104","Power Generating Plant Operator","3131.3","Power Production Plant Operator","3131.3","Power Production Plant Operator","false","partial_proxy","partial_proxy","curated_proxy_retained_with_fresh_2020_retrieval","Retained the previously curated duty-based ESCO assignment after fresh MASCO 2020 title/profile retrieval. No stronger unambiguous occupational identity was established. Prior reasoning: Title/duty comparison supports this primary proxy, but occupational breadth, specialisation or seniority may differ. See both source profiles in the evidence table."
"M313106","313106","Powerhouse Fabricator","7213.1","Boilermaker","7213.1","Boilermaker","false","partial_proxy","partial_proxy","curated_proxy_retained_with_fresh_2020_retrieval","Retained the previously curated duty-based ESCO assignment after fresh MASCO 2020 title/profile retrieval. No stronger unambiguous occupational identity was established. Prior reasoning: Metal fabrication/assembly component; power-plant operation is additional, not textile weaving."
"M313110","313110","Solar Power Plant Operator","3131.3.8","Solar Power Plant Operator","3131.3.8","Solar Power Plant Operator","false","close_match","close_match","2020_unique_preferred_title","Unique ESCO preferred title matches the MASCO 2020 title after public-service grade/competency-wrapper normalization. Qualification and full task equivalence are not assumed."
"M313111","313111","Distribution Control Operator","3131.3.1","Electrical Power Distributor","3131.3.1","Electrical Power Distributor","false","close_match","close_match","curated_proxy_retained_with_fresh_2020_retrieval","Retained the previously curated duty-based ESCO assignment after fresh MASCO 2020 title/profile retrieval. No stronger unambiguous occupational identity was established. Prior reasoning: ESCO alternate title matches the cleaned MASCO title; national qualifications and full task scope are not assumed equivalent."
"M313113","313113","Power System Operator","3131.3","Power Production Plant Operator","3131.3","Power Production Plant Operator","false","partial_proxy","partial_proxy","curated_proxy_retained_with_fresh_2020_retrieval","Retained the previously curated duty-based ESCO assignment after fresh MASCO 2020 title/profile retrieval. No stronger unambiguous occupational identity was established. Prior reasoning: Title/duty comparison supports this primary proxy, but occupational breadth, specialisation or seniority may differ. See both source profiles in the evidence table."
"M313116","313116","Solar Cell Technician","7411.1.4","Solar Energy Technician","7411.1.4","Solar Energy Technician","false","partial_proxy","partial_proxy","curated_proxy_retained_with_fresh_2020_retrieval","Retained the previously curated duty-based ESCO assignment after fresh MASCO 2020 title/profile retrieval. No stronger unambiguous occupational identity was established. Prior reasoning: Title/duty comparison supports this primary proxy, but occupational breadth, specialisation or seniority may differ. See both source profiles in the evidence table."
"M313201","313201","Stationary Engine Operator","3131.3","Power Production Plant Operator","3131.3","Power Production Plant Operator","false","partial_proxy","partial_proxy","curated_proxy_retained_with_fresh_2020_retrieval","Retained the previously curated duty-based ESCO assignment after fresh MASCO 2020 title/profile retrieval. No stronger unambiguous occupational identity was established. Prior reasoning: Stationary engine/power generation operation proxy; engine type and Malaysian competency certification require review."
"M313302","313302","Chemical Plant Supervisor","3133.1","Chemical Processing Plant Controller","3122.4.2","Chemical Processing Supervisor","true","inherited_test_proxy","close_match","2020_title_and_duty_review","Chemical Plant Supervisor coordinates operators, production quality and chemical processes. Chemical Processing Supervisor fits better than a control-room operator or a plant manager responsible for profit-centre investment budgets."
"M313406","313406","Gas Plant Operator","3134.2","Gas Processing Plant Operator","3134.2","Gas Processing Plant Operator","false","partial_proxy","partial_proxy","curated_proxy_retained_with_fresh_2020_retrieval","Retained the previously curated duty-based ESCO assignment after fresh MASCO 2020 title/profile retrieval. No stronger unambiguous occupational identity was established. Prior reasoning: Title/duty comparison supports this primary proxy, but occupational breadth, specialisation or seniority may differ. See both source profiles in the evidence table."
"M313412","313412","Pumping-Station Petroleum and Natural Gas Operator","3134.4","Petroleum Pump System Operator","3134.4","Petroleum Pump System Operator","false","partial_proxy","partial_proxy","curated_proxy_retained_with_fresh_2020_retrieval","Retained the previously curated duty-based ESCO assignment after fresh MASCO 2020 title/profile retrieval. No stronger unambiguous occupational identity was established. Prior reasoning: Title/duty comparison supports this primary proxy, but occupational breadth, specialisation or seniority may differ. See both source profiles in the evidence table."
"M313417","313417","Refinery Process Technician","3134.3","Oil Refinery Control Room Operator","3134.3","Oil Refinery Control Room Operator","false","close_match","close_match","curated_proxy_retained_with_fresh_2020_retrieval","Retained the previously curated duty-based ESCO assignment after fresh MASCO 2020 title/profile retrieval. No stronger unambiguous occupational identity was established. Prior reasoning: ESCO alternate title matches the cleaned MASCO title; national qualifications and full task scope are not assumed equivalent."
"M313503","313503","Metal Processing Control Operator","3135.1","Metal Furnace Operator","3135.1","Metal Furnace Operator","false","broader_proxy","broader_proxy","curated_proxy_retained_with_fresh_2020_retrieval","Retained the previously curated duty-based ESCO assignment after fresh MASCO 2020 title/profile retrieval. No stronger unambiguous occupational identity was established. Prior reasoning: Metal-process furnace control; exact process may vary."
"M314101","314101","Biological Technician","3141.2.3","Biology Technician","3141.2.3","Biology Technician","false","partial_proxy","partial_proxy","curated_proxy_retained_with_fresh_2020_retrieval","Retained the previously curated duty-based ESCO assignment after fresh MASCO 2020 title/profile retrieval. No stronger unambiguous occupational identity was established. Prior reasoning: Title/duty comparison supports this primary proxy, but occupational breadth, specialisation or seniority may differ. See both source profiles in the evidence table."
"M314102","314102","Entomological Technician","3141.2.5","Zoology Technician","3141.2.5","Zoology Technician","false","broader_proxy","broader_proxy","curated_proxy_retained_with_fresh_2020_retrieval","Retained the previously curated duty-based ESCO assignment after fresh MASCO 2020 title/profile retrieval. No stronger unambiguous occupational identity was established. Prior reasoning: Zoological laboratory support with entomology specialization."
"M314104","314104","Botanical Technician","3141.2.4","Botanical Technician","3141.2.4","Botanical Technician","false","close_match","close_match","2020_unique_preferred_title","Unique ESCO preferred title matches the MASCO 2020 title after public-service grade/competency-wrapper normalization. Qualification and full task equivalence are not assumed."
"M314107","314107","Artificial Breeding Technician","3240.2.1","Animal Artificial Insemination Technician","3240.2.1","Animal Artificial Insemination Technician","false","partial_proxy","partial_proxy","curated_proxy_retained_with_fresh_2020_retrieval","Retained the previously curated duty-based ESCO assignment after fresh MASCO 2020 title/profile retrieval. No stronger unambiguous occupational identity was established. Prior reasoning: Title/duty comparison supports this primary proxy, but occupational breadth, specialisation or seniority may differ. See both source profiles in the evidence table."
"M314109","314109","Zoological Technician","3141.2.5","Zoology Technician","3141.2.5","Zoology Technician","false","close_match","close_match","curated_proxy_retained_with_fresh_2020_retrieval","Retained the previously curated duty-based ESCO assignment after fresh MASCO 2020 title/profile retrieval. No stronger unambiguous occupational identity was established. Prior reasoning: ESCO alternate title matches the cleaned MASCO title; national qualifications and full task scope are not assumed equivalent."
"M314203","314203","Soil Science Technician","3111.14","Soil Surveying Technician","3111.14","Soil Surveying Technician","false","partial_proxy","partial_proxy","curated_proxy_retained_with_fresh_2020_retrieval","Retained the previously curated duty-based ESCO assignment after fresh MASCO 2020 title/profile retrieval. No stronger unambiguous occupational identity was established. Prior reasoning: Title/duty comparison supports this primary proxy, but occupational breadth, specialisation or seniority may differ. See both source profiles in the evidence table."
"M314205","314205","Horticulture Technician","3142.1","Agricultural Technician","3142.1","Agricultural Technician","false","partial_proxy","partial_proxy","curated_proxy_retained_with_fresh_2020_retrieval","Retained the previously curated duty-based ESCO assignment after fresh MASCO 2020 title/profile retrieval. No stronger unambiguous occupational identity was established. Prior reasoning: Title/duty comparison supports this primary proxy, but occupational breadth, specialisation or seniority may differ. See both source profiles in the evidence table."
"M314209","314209","Irrigator","7126.6","Irrigation Technician","7126.6","Irrigation Technician","false","inherited_test_proxy","close_match","2020_title_and_duty_review","Irrigator operates, adjusts and maintains irrigation systems in the inherited profile. Irrigation Technician is retained; the exact Irrigator alias under installation-only work is not enough to override the broader operational duties."
"M314216","314216","Assistant Agricultural Officer Grade G29","3142.1","Agricultural Technician","3142.1","Agricultural Technician","false","close_match","close_match","curated_proxy_retained_with_fresh_2020_retrieval","Retained the previously curated duty-based ESCO assignment after fresh MASCO 2020 title/profile retrieval. No stronger unambiguous occupational identity was established. Prior reasoning: Agricultural technical assistance."
"M314217","314217","Assistant Land Planning Officer Grade G29","2164.1","Land Planner","2164.1","Land Planner","false","partial_proxy","partial_proxy","curated_proxy_retained_with_fresh_2020_retrieval","Retained the previously curated duty-based ESCO assignment after fresh MASCO 2020 title/profile retrieval. No stronger unambiguous occupational identity was established. Prior reasoning: Title/duty comparison supports this primary proxy, but occupational breadth, specialisation or seniority may differ. See both source profiles in the evidence table."
"M314218","314218","Supervisor, Halal Livestock Production","2132.6","Livestock Advisor","2132.6","Livestock Advisor","false","partial_proxy","partial_proxy","curated_proxy_retained_with_fresh_2020_retrieval","Retained the previously curated duty-based ESCO assignment after fresh MASCO 2020 title/profile retrieval. No stronger unambiguous occupational identity was established. Prior reasoning: Livestock husbandry guidance; supervision and halal assurance are not fully represented."
"M314221","314221","Land Scheme Supervisor Grade G19","6111.1","Agronomic Crop Production Team Leader","6111.1","Agronomic Crop Production Team Leader","false","partial_proxy","partial_proxy","curated_proxy_retained_with_fresh_2020_retrieval","Retained the previously curated duty-based ESCO assignment after fresh MASCO 2020 title/profile retrieval. No stronger unambiguous occupational identity was established. Prior reasoning: Estate/crop field supervision; oil-palm/rubber and scheme-administration duties need enrichment."
"M314302","314302","Forestry Technician","3143.1","Forestry Technician","3143.1","Forestry Technician","false","close_match","close_match","2020_unique_preferred_title","Unique ESCO preferred title matches the MASCO 2020 title after public-service grade/competency-wrapper normalization. Qualification and full task equivalence are not assumed."
"M314304","314304","Assistant Conservator of Forests Grade G29","3143.1","Forestry Technician","3143.1","Forestry Technician","false","broader_proxy","broader_proxy","curated_proxy_retained_with_fresh_2020_retrieval","Retained the previously curated duty-based ESCO assignment after fresh MASCO 2020 title/profile retrieval. No stronger unambiguous occupational identity was established. Prior reasoning: Forestry conservation technical support."
"M314305","314305","Assistant Wildlife Officer Grade G29","2133.9","Nature Conservation Officer","2133.9","Nature Conservation Officer","false","partial_proxy","partial_proxy","curated_proxy_retained_with_fresh_2020_retrieval","Retained the previously curated duty-based ESCO assignment after fresh MASCO 2020 title/profile retrieval. No stronger unambiguous occupational identity was established. Prior reasoning: Wildlife conservation operations; assistant grade and enforcement mandate differ."
"M314306","314306","Wildlife Assistant Grade G19","2133.9","Nature Conservation Officer","2133.9","Nature Conservation Officer","false","partial_proxy","partial_proxy","curated_proxy_retained_with_fresh_2020_retrieval","Retained the previously curated duty-based ESCO assignment after fresh MASCO 2020 title/profile retrieval. No stronger unambiguous occupational identity was established. Prior reasoning: Wildlife conservation operations; assistant grade and enforcement mandate differ."
"M314401","314401","Hatchery Technician","6221.4","Aquaculture Hatchery Technician","6221.4","Aquaculture Hatchery Technician","false","partial_proxy","partial_proxy","curated_proxy_retained_with_fresh_2020_retrieval","Retained the previously curated duty-based ESCO assignment after fresh MASCO 2020 title/profile retrieval. No stronger unambiguous occupational identity was established. Prior reasoning: Title/duty comparison supports this primary proxy, but occupational breadth, specialisation or seniority may differ. See both source profiles in the evidence table."
"M314402","314402","Hatchery Supervisor","6221.3","Aquaculture Hatchery Manager","6221.3","Aquaculture Hatchery Manager","false","partial_proxy","partial_proxy","curated_proxy_retained_with_fresh_2020_retrieval","Retained the previously curated duty-based ESCO assignment after fresh MASCO 2020 title/profile retrieval. No stronger unambiguous occupational identity was established. Prior reasoning: Title/duty comparison supports this primary proxy, but occupational breadth, specialisation or seniority may differ. See both source profiles in the evidence table."
"M314403","314403","Fishery Technician","6221.11","Water-Based Aquaculture Technician","6221.11","Water-Based Aquaculture Technician","false","broader_proxy","broader_proxy","curated_proxy_retained_with_fresh_2020_retrieval","Retained the previously curated duty-based ESCO assignment after fresh MASCO 2020 title/profile retrieval. No stronger unambiguous occupational identity was established. Prior reasoning: Aquaculture stock/water/environment technical support, not ship engine mechanics."
"M314404","314404","Hatchery Assistant","6221.5","Aquaculture Hatchery Worker","6221.5","Aquaculture Hatchery Worker","false","close_match","close_match","curated_proxy_retained_with_fresh_2020_retrieval","Retained the previously curated duty-based ESCO assignment after fresh MASCO 2020 title/profile retrieval. No stronger unambiguous occupational identity was established. Prior reasoning: Hatchery operational assistance."
"M314405","314405","Aquaculture Technician","6221.11","Water-Based Aquaculture Technician","6221.11","Water-Based Aquaculture Technician","false","broader_proxy","broader_proxy","2020_ambiguous_alias_rejected","Aquaculture Technician is represented by an aquaculture profile; the broad agricultural technician alias does not require a change. Retain the earlier duty-based ESCO proxy after the fresh 2020 retrieval."
"M314407","314407","Assistant Fisheries Officer Grade G29","2132.4","Fisheries Adviser","2132.4","Fisheries Adviser","false","partial_proxy","partial_proxy","curated_proxy_retained_with_fresh_2020_retrieval","Retained the previously curated duty-based ESCO assignment after fresh MASCO 2020 title/profile retrieval. No stronger unambiguous occupational identity was established. Prior reasoning: Fisheries advice and management support; assistant grade and statutory duties differ."
"M315101","315101","Air Traffic Safety Technician","3155.1","Air Traffic Safety Technician","3155.1","Air Traffic Safety Technician","false","close_match","close_match","2020_unique_preferred_title","Unique ESCO preferred title matches the MASCO 2020 title after public-service grade/competency-wrapper normalization. Qualification and full task equivalence are not assumed."
"M315103","315103","Aviation Maintenance Technician","7232.5","Aircraft Maintenance Technician","7232.5","Aircraft Maintenance Technician","false","close_match","close_match","curated_proxy_retained_with_fresh_2020_retrieval","Retained the previously curated duty-based ESCO assignment after fresh MASCO 2020 title/profile retrieval. No stronger unambiguous occupational identity was established. Prior reasoning: ESCO alternate title matches the cleaned MASCO title; national qualifications and full task scope are not assumed equivalent."
"M315107","315107","Aircraft Restorer","7232.5","Aircraft Maintenance Technician","7232.5","Aircraft Maintenance Technician","false","broader_proxy","broader_proxy","curated_proxy_retained_with_fresh_2020_retrieval","Retained the previously curated duty-based ESCO assignment after fresh MASCO 2020 title/profile retrieval. No stronger unambiguous occupational identity was established. Prior reasoning: Aircraft restoration and maintenance; restoration specialty needs enrichment."
"M315108","315108","Airframe and Power Plant Technician","7232.5","Aircraft Maintenance Technician","7232.5","Aircraft Maintenance Technician","false","partial_proxy","partial_proxy","curated_proxy_retained_with_fresh_2020_retrieval","Retained the previously curated duty-based ESCO assignment after fresh MASCO 2020 title/profile retrieval. No stronger unambiguous occupational identity was established. Prior reasoning: Title/duty comparison supports this primary proxy, but occupational breadth, specialisation or seniority may differ. See both source profiles in the evidence table."
"M315114","315114","Rocket Engine Component Technician","3115.1.1","Aerospace Engineering Technician","3115.1.1","Aerospace Engineering Technician","false","partial_proxy","partial_proxy","curated_proxy_retained_with_fresh_2020_retrieval","Retained the previously curated duty-based ESCO assignment after fresh MASCO 2020 title/profile retrieval. No stronger unambiguous occupational identity was established. Prior reasoning: Title/duty comparison supports this primary proxy, but occupational breadth, specialisation or seniority may differ. See both source profiles in the evidence table."
"M315115","315115","Aircraft Examiner Grade A29","3154.2","Aviation Inspector","3154.2","Aviation Inspector","false","partial_proxy","partial_proxy","curated_proxy_retained_with_fresh_2020_retrieval","Retained the previously curated duty-based ESCO assignment after fresh MASCO 2020 title/profile retrieval. No stronger unambiguous occupational identity was established. Prior reasoning: Title/duty comparison supports this primary proxy, but occupational breadth, specialisation or seniority may differ. See both source profiles in the evidence table."
"M315116","315116","Assistant Air Traffic Control Officer Grade A29","3154.1","Air Traffic Controller","3154.1","Air Traffic Controller","false","broader_proxy","broader_proxy","curated_proxy_retained_with_fresh_2020_retrieval","Retained the previously curated duty-based ESCO assignment after fresh MASCO 2020 title/profile retrieval. No stronger unambiguous occupational identity was established. Prior reasoning: Air-traffic control support; assistant authorization differs."
"M315201","315201","Marine Assistant Grade A19","3343.1","Administrative Assistant","3343.1","Administrative Assistant","false","partial_proxy","partial_proxy","curated_proxy_retained_with_fresh_2020_retrieval","Retained the previously curated duty-based ESCO assignment after fresh MASCO 2020 title/profile retrieval. No stronger unambiguous occupational identity was established. Prior reasoning: D11 duties are ship-registration records, revenue and administration, not marine-engine repair."
"M315202","315202","Berthing Master","4323.11","Port Coordinator","4323.11","Port Coordinator","false","partial_proxy","partial_proxy","curated_proxy_retained_with_fresh_2020_retrieval","Retained the previously curated duty-based ESCO assignment after fresh MASCO 2020 title/profile retrieval. No stronger unambiguous occupational identity was established. Prior reasoning: Port berthing coordination; navigational authority and vessel piloting are not fully represented."
"M315206","315206","Ship Technician","3115.1.7","Marine Engineering Technician","3115.1.7","Marine Engineering Technician","false","partial_proxy","partial_proxy","curated_proxy_retained_with_fresh_2020_retrieval","Retained the previously curated duty-based ESCO assignment after fresh MASCO 2020 title/profile retrieval. No stronger unambiguous occupational identity was established. Prior reasoning: Title/duty comparison supports this primary proxy, but occupational breadth, specialisation or seniority may differ. See both source profiles in the evidence table."
"M315208","315208","Assistant Marine Officer Grade A29","3115.1.9","Marine Surveyor","3115.1.9","Marine Surveyor","false","partial_proxy","partial_proxy","curated_proxy_retained_with_fresh_2020_retrieval","Retained the previously curated duty-based ESCO assignment after fresh MASCO 2020 title/profile retrieval. No stronger unambiguous occupational identity was established. Prior reasoning: Vessel safety inspection/survey is one component; registration, port administration and enforcement are not fully represented."
"M315301","315301","Train Technician","3115.1.18","Rolling Stock Engineering Technician","3115.1.18","Rolling Stock Engineering Technician","false","broader_proxy","broader_proxy","curated_proxy_retained_with_fresh_2020_retrieval","Retained the previously curated duty-based ESCO assignment after fresh MASCO 2020 title/profile retrieval. No stronger unambiguous occupational identity was established. Prior reasoning: Rolling-stock technical installation, maintenance and testing; local supervisory scope varies."
"M315306","315306","Track Network Technician","3112.1.10","Rail Maintenance Technician","3112.1.10","Rail Maintenance Technician","false","broader_proxy","broader_proxy","curated_proxy_retained_with_fresh_2020_retrieval","Retained the previously curated duty-based ESCO assignment after fresh MASCO 2020 title/profile retrieval. No stronger unambiguous occupational identity was established. Prior reasoning: Rail infrastructure maintenance, not computer-network work."
"M315307","315307","Signalling and Communication Technician","7421.6","Railway Electronic Technician","7421.6","Railway Electronic Technician","false","broader_proxy","broader_proxy","curated_proxy_retained_with_fresh_2020_retrieval","Retained the previously curated duty-based ESCO assignment after fresh MASCO 2020 title/profile retrieval. No stronger unambiguous occupational identity was established. Prior reasoning: Rail signalling/electronic systems maintenance."
"M315406","315406","Motor Vehicle Technician","7231.10","Vehicle Technician","7231.10","Vehicle Technician","false","partial_proxy","partial_proxy","curated_proxy_retained_with_fresh_2020_retrieval","Retained the previously curated duty-based ESCO assignment after fresh MASCO 2020 title/profile retrieval. No stronger unambiguous occupational identity was established. Prior reasoning: Title/duty comparison supports this primary proxy, but occupational breadth, specialisation or seniority may differ. See both source profiles in the evidence table."
"M315902","315902","Logistics Supervisor","1324.3","Logistics and Distribution Manager","1324.3","Logistics and Distribution Manager","false","inherited_test_proxy","broader_proxy","2020_title_and_duty_review","Logistics Supervisor coordinates storage and distribution. Logistics and Distribution Manager supplies the broader functional profile, with the supervisor/manager level difference retained."
"M315904","315904","Green Technology Infrastructure Assistant Facilitator","2133.15","Environmental Technician","2133.15","Environmental Technician","false","partial_proxy","partial_proxy","curated_proxy_retained_with_fresh_2020_retrieval","Retained the previously curated duty-based ESCO assignment after fresh MASCO 2020 title/profile retrieval. No stronger unambiguous occupational identity was established. Prior reasoning: Environmental/green infrastructure technical support; facilitator role is not an exact technical occupation."
"M316101","316101","Nuclear Technician","3111.10","Nuclear Technician","3111.10","Nuclear Technician","false","close_match","close_match","2020_unique_preferred_title","Unique ESCO preferred title matches the MASCO 2020 title after public-service grade/competency-wrapper normalization. Qualification and full task equivalence are not assumed."
"M321101","321101","Radiographer Grade U29","2269.8","Radiographer","2269.8","Radiographer","false","close_match","close_match","2020_unique_preferred_title","Unique ESCO preferred title matches the MASCO 2020 title after public-service grade/competency-wrapper normalization. Qualification and full task equivalence are not assumed."
"M321102","321102","Radiographer","2269.8","Radiographer","2269.8","Radiographer","false","close_match","close_match","2020_unique_preferred_title","Unique ESCO preferred title matches the MASCO 2020 title after public-service grade/competency-wrapper normalization. Qualification and full task equivalence are not assumed."
"M321204","321204","Ecology Technician","2133.15","Environmental Technician","2133.15","Environmental Technician","false","broader_proxy","broader_proxy","curated_proxy_retained_with_fresh_2020_retrieval","Retained the previously curated duty-based ESCO assignment after fresh MASCO 2020 title/profile retrieval. No stronger unambiguous occupational identity was established. Prior reasoning: Ecological/environmental technical monitoring."
"M321207","321207","Histology Technician","2269.12","Anatomical Pathology Technician","2269.12","Anatomical Pathology Technician","false","broader_proxy","broader_proxy","curated_proxy_retained_with_fresh_2020_retrieval","Retained the previously curated duty-based ESCO assignment after fresh MASCO 2020 title/profile retrieval. No stronger unambiguous occupational identity was established. Prior reasoning: Histological/anatomical pathology laboratory practice."
"M321208","321208","Cytology Technician","2269.13.1","Cytotechnologist","2269.13.1","Cytotechnologist","false","close_match","close_match","curated_proxy_retained_with_fresh_2020_retrieval","Retained the previously curated duty-based ESCO assignment after fresh MASCO 2020 title/profile retrieval. No stronger unambiguous occupational identity was established. Prior reasoning: Cytological laboratory analysis."
"M321209","321209","Physiology Technician","2269.13","Biomedical Scientist","2269.13","Biomedical Scientist","false","partial_proxy","partial_proxy","curated_proxy_retained_with_fresh_2020_retrieval","Retained the previously curated duty-based ESCO assignment after fresh MASCO 2020 title/profile retrieval. No stronger unambiguous occupational identity was established. Prior reasoning: Clinical specimen analysis described by D11; physiology specialization and technician qualifications require local review."
"M321212","321212","Parasitological Assistant","3212.2","Medical Laboratory Assistant","3212.2","Medical Laboratory Assistant","false","partial_proxy","partial_proxy","curated_proxy_retained_with_fresh_2020_retrieval","Retained the previously curated duty-based ESCO assignment after fresh MASCO 2020 title/profile retrieval. No stronger unambiguous occupational identity was established. Prior reasoning: Title/duty comparison supports this primary proxy, but occupational breadth, specialisation or seniority may differ. See both source profiles in the evidence table."
"M321213","321213","Medical Laboratory Technician","2269.13","Biomedical Scientist","2269.13","Biomedical Scientist","false","partial_proxy","partial_proxy","2020_ambiguous_alias_rejected","Medical laboratory practice is not limited to bacteriology. Retain the earlier duty-based ESCO proxy after the fresh 2020 retrieval."
"M321214","321214","Surgical Technician","3259.1","Anaesthetic Technician","3259.1","Anaesthetic Technician","false","partial_proxy","partial_proxy","curated_proxy_retained_with_fresh_2020_retrieval","Retained the previously curated duty-based ESCO assignment after fresh MASCO 2020 title/profile retrieval. No stronger unambiguous occupational identity was established. Prior reasoning: Operating-room technical support; anaesthesia is a narrower proxy than all surgical technology."
"M321301","321301","Pharmaceutical Assistant","3213.1","Pharmacy Assistant","3213.1","Pharmacy Assistant","false","partial_proxy","partial_proxy","curated_proxy_retained_with_fresh_2020_retrieval","Retained the previously curated duty-based ESCO assignment after fresh MASCO 2020 title/profile retrieval. No stronger unambiguous occupational identity was established. Prior reasoning: Title/duty comparison supports this primary proxy, but occupational breadth, specialisation or seniority may differ. See both source profiles in the evidence table."
"M321304","321304","Pharmacy Aide","3213.1","Pharmacy Assistant","3213.1","Pharmacy Assistant","false","partial_proxy","partial_proxy","curated_proxy_retained_with_fresh_2020_retrieval","Retained the previously curated duty-based ESCO assignment after fresh MASCO 2020 title/profile retrieval. No stronger unambiguous occupational identity was established. Prior reasoning: Title/duty comparison supports this primary proxy, but occupational breadth, specialisation or seniority may differ. See both source profiles in the evidence table."
"M321305","321305","Assistant Pharmacy Officer Grade U29","3213.1","Pharmacy Assistant","3213.1","Pharmacy Assistant","false","partial_proxy","partial_proxy","curated_proxy_retained_with_fresh_2020_retrieval","Retained the previously curated duty-based ESCO assignment after fresh MASCO 2020 title/profile retrieval. No stronger unambiguous occupational identity was established. Prior reasoning: Title/duty comparison supports this primary proxy, but occupational breadth, specialisation or seniority may differ. See both source profiles in the evidence table."
"M321401","321401","Dental technician","2261.4","Dental Technician","2261.4","Dental Technician","false","close_match","close_match","2020_unique_preferred_title","Unique ESCO preferred title matches the MASCO 2020 title after public-service grade/competency-wrapper normalization. Qualification and full task equivalence are not assumed."
"M321404","321404","Orthotist","3214.3","Prosthetist-Orthotist","3214.3","Prosthetist-Orthotist","false","close_match","close_match","curated_proxy_retained_with_fresh_2020_retrieval","Retained the previously curated duty-based ESCO assignment after fresh MASCO 2020 title/profile retrieval. No stronger unambiguous occupational identity was established. Prior reasoning: ESCO alternate title matches the cleaned MASCO title; national qualifications and full task scope are not assumed equivalent."
"M321502","321502","Prosthetic Technician","2269.15","Prosthetic-Orthotics Technician","2269.15","Prosthetic-Orthotics Technician","false","close_match","close_match","2020_ambiguous_alias_rejected","Prosthetic fabrication technician scope differs from clinical prosthetist-orthotist assessment and fitting. Retain the earlier duty-based ESCO proxy after the fresh 2020 retrieval."
"M321503","321503","Medical Technician Grade U19","3114.1.5","Medical Device Engineering Technician","3114.1.5","Medical Device Engineering Technician","false","partial_proxy","partial_proxy","curated_proxy_retained_with_fresh_2020_retrieval","Retained the previously curated duty-based ESCO assignment after fresh MASCO 2020 title/profile retrieval. No stronger unambiguous occupational identity was established. Prior reasoning: Treatment-accessory fabrication and medical equipment QC; radiotherapy mould-room specialty is absent."
"M322101","322101","Nurse Grade U29","2221.2","Nurse Responsible for General Care","2221.2","Nurse Responsible for General Care","false","broader_proxy","broader_proxy","curated_proxy_retained_with_fresh_2020_retrieval","Retained the previously curated duty-based ESCO assignment after fresh MASCO 2020 title/profile retrieval. No stronger unambiguous occupational identity was established. Prior reasoning: Nursing-care occupation; Malaysian registration/grade and practical-nurse scope must be checked locally."
"M322104","322104","Practical Nurse","2221.2","Nurse Responsible for General Care","2221.2","Nurse Responsible for General Care","false","broader_proxy","broader_proxy","curated_proxy_retained_with_fresh_2020_retrieval","Retained the previously curated duty-based ESCO assignment after fresh MASCO 2020 title/profile retrieval. No stronger unambiguous occupational identity was established. Prior reasoning: Nursing-care occupation; Malaysian registration/grade and practical-nurse scope must be checked locally."
"M324103","324103","Veterinary Biotech Research Technician","3141.1","Biotechnical Technician","3141.1","Biotechnical Technician","false","broader_proxy","broader_proxy","curated_proxy_retained_with_fresh_2020_retrieval","Retained the previously curated duty-based ESCO assignment after fresh MASCO 2020 title/profile retrieval. No stronger unambiguous occupational identity was established. Prior reasoning: Biotechnology research/production technical support; veterinary products and animal context need enrichment."
"M324107","324107","Veterinary Artificial Inseminator","3240.2.1","Animal Artificial Insemination Technician","3240.2.1","Animal Artificial Insemination Technician","false","partial_proxy","partial_proxy","curated_proxy_retained_with_fresh_2020_retrieval","Retained the previously curated duty-based ESCO assignment after fresh MASCO 2020 title/profile retrieval. No stronger unambiguous occupational identity was established. Prior reasoning: Title/duty comparison supports this primary proxy, but occupational breadth, specialisation or seniority may differ. See both source profiles in the evidence table."
"M324108","324108","Veterinary Biotech Production Technician","3141.1","Biotechnical Technician","3141.1","Biotechnical Technician","false","broader_proxy","broader_proxy","curated_proxy_retained_with_fresh_2020_retrieval","Retained the previously curated duty-based ESCO assignment after fresh MASCO 2020 title/profile retrieval. No stronger unambiguous occupational identity was established. Prior reasoning: Biotechnology research/production technical support; veterinary products and animal context need enrichment."
"M324109","324109","Veterinary Nurse","3240.2.4","Veterinary Nurse","3240.2.4","Veterinary Nurse","false","close_match","close_match","2020_unique_preferred_title","Unique ESCO preferred title matches the MASCO 2020 title after public-service grade/competency-wrapper normalization. Qualification and full task equivalence are not assumed."
"M324110","324110","Assistant Veterinary Officer Grade G29","3240.2","Veterinary Technician","3240.2","Veterinary Technician","false","broader_proxy","broader_proxy","curated_proxy_retained_with_fresh_2020_retrieval","Retained the previously curated duty-based ESCO assignment after fresh MASCO 2020 title/profile retrieval. No stronger unambiguous occupational identity was established. Prior reasoning: Veterinary technical assistance; government grade differs."
"M325101","325101","Dental Surgery Assistant Grade U19","3251.1","Dental Chairside Assistant","3251.1","Dental Chairside Assistant","false","partial_proxy","partial_proxy","curated_proxy_retained_with_fresh_2020_retrieval","Retained the previously curated duty-based ESCO assignment after fresh MASCO 2020 title/profile retrieval. No stronger unambiguous occupational identity was established. Prior reasoning: Title/duty comparison supports this primary proxy, but occupational breadth, specialisation or seniority may differ. See both source profiles in the evidence table."
"M325105","325105","Dental Assistant","3251.1","Dental Chairside Assistant","3251.1","Dental Chairside Assistant","false","inherited_test_proxy","close_match","2020_title_and_duty_review","Dental Assistant is an alternate label for Dental Chairside Assistant and the supporting clinical duties align; do not infer dentist or practitioner status."
"M325106","325106","Dental Hygienist","2261.3","Dental Hygienist","2261.3","Dental Hygienist","false","close_match","close_match","2020_unique_preferred_title","Unique ESCO preferred title matches the MASCO 2020 title after public-service grade/competency-wrapper normalization. Qualification and full task equivalence are not assumed."
"M325107","325107","Dental Therapist Grade U29","2261.3","Dental Hygienist","2261.3","Dental Hygienist","false","partial_proxy","partial_proxy","curated_proxy_retained_with_fresh_2020_retrieval","Retained the previously curated duty-based ESCO assignment after fresh MASCO 2020 title/profile retrieval. No stronger unambiguous occupational identity was established. Prior reasoning: Preventive oral-health care proxy; Malaysian dental therapists diagnose/treat children beyond a hygienist scope. Do not infer licence equivalence."
"M325302","325302","Community Health Promoter","3253.1","Community Health Worker","3253.1","Community Health Worker","false","partial_proxy","partial_proxy","curated_proxy_retained_with_fresh_2020_retrieval","Retained the previously curated duty-based ESCO assignment after fresh MASCO 2020 title/profile retrieval. No stronger unambiguous occupational identity was established. Prior reasoning: Title/duty comparison supports this primary proxy, but occupational breadth, specialisation or seniority may differ. See both source profiles in the evidence table."
"M325304","325304","Village Health Worker","3253.1","Community Health Worker","3253.1","Community Health Worker","false","partial_proxy","partial_proxy","curated_proxy_retained_with_fresh_2020_retrieval","Retained the previously curated duty-based ESCO assignment after fresh MASCO 2020 title/profile retrieval. No stronger unambiguous occupational identity was established. Prior reasoning: Title/duty comparison supports this primary proxy, but occupational breadth, specialisation or seniority may differ. See both source profiles in the evidence table."
"M325305","325305","Community Nurse Grade U19","3253.1","Community Health Worker","3253.1","Community Health Worker","false","partial_proxy","partial_proxy","curated_proxy_retained_with_fresh_2020_retrieval","Retained the previously curated duty-based ESCO assignment after fresh MASCO 2020 title/profile retrieval. No stronger unambiguous occupational identity was established. Prior reasoning: Community health support; licensed nursing scope is not fully represented."
"M325505","325505","Massage Therapist","3255.1","Massage Therapist","3255.1","Massage Therapist","false","close_match","close_match","2020_unique_preferred_title","Unique ESCO preferred title matches the MASCO 2020 title after public-service grade/competency-wrapper normalization. Qualification and full task equivalence are not assumed."
"M325506","325506","Physiotherapy Technician","3255.2","Physiotherapy Assistant","3255.2","Physiotherapy Assistant","false","close_match","close_match","curated_proxy_retained_with_fresh_2020_retrieval","Retained the previously curated duty-based ESCO assignment after fresh MASCO 2020 title/profile retrieval. No stronger unambiguous occupational identity was established. Prior reasoning: Physiotherapy technical assistance."
"M325601","325601","Medical Laboratory Assistant","3212.2","Medical Laboratory Assistant","3212.2","Medical Laboratory Assistant","false","close_match","close_match","2020_unique_preferred_title","Unique ESCO preferred title matches the MASCO 2020 title after public-service grade/competency-wrapper normalization. Qualification and full task equivalence are not assumed."
"M325602","325602","Hospital Assistant","5321.1","Healthcare Assistant","5321.1","Healthcare Assistant","false","partial_proxy","partial_proxy","curated_proxy_retained_with_fresh_2020_retrieval","Retained the previously curated duty-based ESCO assignment after fresh MASCO 2020 title/profile retrieval. No stronger unambiguous occupational identity was established. Prior reasoning: Title/duty comparison supports this primary proxy, but occupational breadth, specialisation or seniority may differ. See both source profiles in the evidence table."
"M325606","325606","Radiographist Equipment, Medical, General","3114.1.5","Medical Device Engineering Technician","2269.8","Radiographer","true","inherited_test_proxy","broader_proxy","2020_title_and_duty_review","The 2020 radiographist-equipment role operates imaging equipment and positions patients. Radiographer fits the clinical imaging duties better than the inherited medical-equipment engineering technician; ECG/EEG and mixed modality coverage remain incomplete."
"M325611","325611","Sonographer","2269.8.1","Diagnostic Radiographer","2269.8.1","Diagnostic Radiographer","false","broader_proxy","broader_proxy","curated_proxy_retained_with_fresh_2020_retrieval","Retained the previously curated duty-based ESCO assignment after fresh MASCO 2020 title/profile retrieval. No stronger unambiguous occupational identity was established. Prior reasoning: Diagnostic imaging umbrella; ultrasound specialty requires enrichment."
"M325613","325613","Clinical Instructor","2310.1.28","Nursing Lecturer","2310.1.28","Nursing Lecturer","false","partial_proxy","partial_proxy","curated_proxy_retained_with_fresh_2020_retrieval","Retained the previously curated duty-based ESCO assignment after fresh MASCO 2020 title/profile retrieval. No stronger unambiguous occupational identity was established. Prior reasoning: Clinical health instruction; nursing teaching is narrower than all allied-health clinical instruction."
"M325614","325614","Ophthalmic Assistant","3256.1","Doctors' Surgery Assistant","3256.1","Doctors' Surgery Assistant","false","close_match","close_match","curated_proxy_retained_with_fresh_2020_retrieval","Retained the previously curated duty-based ESCO assignment after fresh MASCO 2020 title/profile retrieval. No stronger unambiguous occupational identity was established. Prior reasoning: ESCO alternate title matches the cleaned MASCO title; national qualifications and full task scope are not assumed equivalent."
"M325615","325615","Assistant Medical Officer Grade U29","3258.2","Paramedic in Emergency Responses","3258.2","Paramedic in Emergency Responses","false","partial_proxy","partial_proxy","curated_proxy_retained_with_fresh_2020_retrieval","Retained the previously curated duty-based ESCO assignment after fresh MASCO 2020 title/profile retrieval. No stronger unambiguous occupational identity was established. Prior reasoning: Clinical paramedic-level assessment/treatment proxy; Malaysian assistant medical officer scope is distinct."
"M325703","325703","Public Health Unit Inspector","3257.1","Environmental Health Inspector","3257.1","Environmental Health Inspector","false","partial_proxy","partial_proxy","curated_proxy_retained_with_fresh_2020_retrieval","Retained the previously curated duty-based ESCO assignment after fresh MASCO 2020 title/profile retrieval. No stronger unambiguous occupational identity was established. Prior reasoning: Title/duty comparison supports this primary proxy, but occupational breadth, specialisation or seniority may differ. See both source profiles in the evidence table."
"M325705","325705","Occupational Safety and Health Inspector","3257.5","Occupational Health and Safety Inspector","3257.5","Occupational Health and Safety Inspector","false","partial_proxy","partial_proxy","curated_proxy_retained_with_fresh_2020_retrieval","Retained the previously curated duty-based ESCO assignment after fresh MASCO 2020 title/profile retrieval. No stronger unambiguous occupational identity was established. Prior reasoning: Title/duty comparison supports this primary proxy, but occupational breadth, specialisation or seniority may differ. See both source profiles in the evidence table."
"M325712","325712","Product Quality Inspector","7543.10","Product Quality Inspector","7543.10","Product Quality Inspector","false","close_match","close_match","2020_unique_preferred_title","Unique ESCO preferred title matches the MASCO 2020 title after public-service grade/competency-wrapper normalization. Qualification and full task equivalence are not assumed."
"M325735","325735","Water Inspector","2133.13","Water Quality Analyst","2133.13","Water Quality Analyst","false","partial_proxy","partial_proxy","curated_proxy_retained_with_fresh_2020_retrieval","Retained the previously curated duty-based ESCO assignment after fresh MASCO 2020 title/profile retrieval. No stronger unambiguous occupational identity was established. Prior reasoning: Water quality sampling/analysis; inspection authority needs local enrichment."
"M325736","325736","Mine Safety Inspector","3117.4","Mine Safety Officer","3117.4","Mine Safety Officer","false","close_match","close_match","curated_proxy_retained_with_fresh_2020_retrieval","Retained the previously curated duty-based ESCO assignment after fresh MASCO 2020 title/profile retrieval. No stronger unambiguous occupational identity was established. Prior reasoning: ESCO alternate title matches the cleaned MASCO title; national qualifications and full task scope are not assumed equivalent."
"M325737","325737","Mine Examiner","3117.4","Mine Safety Officer","3117.4","Mine Safety Officer","false","partial_proxy","partial_proxy","curated_proxy_retained_with_fresh_2020_retrieval","Retained the previously curated duty-based ESCO assignment after fresh MASCO 2020 title/profile retrieval. No stronger unambiguous occupational identity was established. Prior reasoning: Title/duty comparison supports this primary proxy, but occupational breadth, specialisation or seniority may differ. See both source profiles in the evidence table."
"M325747","325747","Assistant Food Technology Officer Grade C29","3119.5","Food Technician","3119.5","Food Technician","false","close_match","close_match","curated_proxy_retained_with_fresh_2020_retrieval","Retained the previously curated duty-based ESCO assignment after fresh MASCO 2020 title/profile retrieval. No stronger unambiguous occupational identity was established. Prior reasoning: Food technology technical assistance."
"M325748","325748","Assistant Environmental Health Officer Grade U29","3257.1","Environmental Health Inspector","3257.1","Environmental Health Inspector","false","partial_proxy","partial_proxy","curated_proxy_retained_with_fresh_2020_retrieval","Retained the previously curated duty-based ESCO assignment after fresh MASCO 2020 title/profile retrieval. No stronger unambiguous occupational identity was established. Prior reasoning: Title/duty comparison supports this primary proxy, but occupational breadth, specialisation or seniority may differ. See both source profiles in the evidence table."
"M325749","325749","Assistant Environmental Control Officer Grade C29","2133.15","Environmental Technician","2133.15","Environmental Technician","false","partial_proxy","partial_proxy","curated_proxy_retained_with_fresh_2020_retrieval","Retained the previously curated duty-based ESCO assignment after fresh MASCO 2020 title/profile retrieval. No stronger unambiguous occupational identity was established. Prior reasoning: Environmental monitoring support; statutory inspection/prosecution duties are not fully represented."
"M325802","325802","Ambulance Officer","3258.2","Paramedic in Emergency Responses","3258.2","Paramedic in Emergency Responses","false","broader_proxy","broader_proxy","curated_proxy_retained_with_fresh_2020_retrieval","Retained the previously curated duty-based ESCO assignment after fresh MASCO 2020 title/profile retrieval. No stronger unambiguous occupational identity was established. Prior reasoning: Ambulance clinical/emergency care; local officer role may differ."
"M325805","325805","Emergency Paramedic","3258.2","Paramedic in Emergency Responses","3258.2","Paramedic in Emergency Responses","false","partial_proxy","partial_proxy","curated_proxy_retained_with_fresh_2020_retrieval","Retained the previously curated duty-based ESCO assignment after fresh MASCO 2020 title/profile retrieval. No stronger unambiguous occupational identity was established. Prior reasoning: Title/duty comparison supports this primary proxy, but occupational breadth, specialisation or seniority may differ. See both source profiles in the evidence table."
"M331401","331401","Assistant Statistics Officer Grade E29","3314.2","Statistical Assistant","3314.2","Statistical Assistant","false","partial_proxy","partial_proxy","curated_proxy_retained_with_fresh_2020_retrieval","Retained the previously curated duty-based ESCO assignment after fresh MASCO 2020 title/profile retrieval. No stronger unambiguous occupational identity was established. Prior reasoning: Title/duty comparison supports this primary proxy, but occupational breadth, specialisation or seniority may differ. See both source profiles in the evidence table."
"M351101","351101","Computer Technician Grade FT19","7422.2","Computer Hardware Repair Technician","7422.2","Computer Hardware Repair Technician","false","close_match","close_match","curated_proxy_retained_with_fresh_2020_retrieval","Retained the previously curated duty-based ESCO assignment after fresh MASCO 2020 title/profile retrieval. No stronger unambiguous occupational identity was established. Prior reasoning: ESCO alternate title matches the cleaned MASCO title; national qualifications and full task scope are not assumed equivalent."
"M351105","351105","Computer Technician","7422.2","Computer Hardware Repair Technician","7422.2","Computer Hardware Repair Technician","false","close_match","close_match","curated_proxy_retained_with_fresh_2020_retrieval","Retained the previously curated duty-based ESCO assignment after fresh MASCO 2020 title/profile retrieval. No stronger unambiguous occupational identity was established. Prior reasoning: ESCO alternate title matches the cleaned MASCO title; national qualifications and full task scope are not assumed equivalent."
"M351109","351109","Electronic Data Processing Technician","3511.1","Data Centre Operator","3511.1","Data Centre Operator","false","broader_proxy","broader_proxy","curated_proxy_retained_with_fresh_2020_retrieval","Retained the previously curated duty-based ESCO assignment after fresh MASCO 2020 title/profile retrieval. No stronger unambiguous occupational identity was established. Prior reasoning: Computer/data-processing operations, not CNC machine operation."
"M351113","351113","Semi-Conductor Technician","3114.1.6","Microelectronics Engineering Technician","3114.1.6","Microelectronics Engineering Technician","false","broader_proxy","broader_proxy","curated_proxy_retained_with_fresh_2020_retrieval","Retained the previously curated duty-based ESCO assignment after fresh MASCO 2020 title/profile retrieval. No stronger unambiguous occupational identity was established. Prior reasoning: Semiconductor/microelectronics technical work."
"M351115","351115","Information Technology Assistant","3512.4","ICT Technician","3512.4","ICT Technician","false","broader_proxy","broader_proxy","curated_proxy_retained_with_fresh_2020_retrieval","Retained the previously curated duty-based ESCO assignment after fresh MASCO 2020 title/profile retrieval. No stronger unambiguous occupational identity was established. Prior reasoning: ICT user support and system troubleshooting; engineer/officer/assistant rank is not inferred."
"M351116","351116","Computer Console Operator","3511.1","Data Centre Operator","3511.1","Data Centre Operator","false","broader_proxy","broader_proxy","curated_proxy_retained_with_fresh_2020_retrieval","Retained the previously curated duty-based ESCO assignment after fresh MASCO 2020 title/profile retrieval. No stronger unambiguous occupational identity was established. Prior reasoning: Computer/data-processing operations, not CNC machine operation."
"M351123","351123","Engineering Assistant, Telecommunications","3522.1","Telecommunications Engineering Technician","3522.1","Telecommunications Engineering Technician","false","broader_proxy","broader_proxy","curated_proxy_retained_with_fresh_2020_retrieval","Retained the previously curated duty-based ESCO assignment after fresh MASCO 2020 title/profile retrieval. No stronger unambiguous occupational identity was established. Prior reasoning: Telecommunications technical support; grade/seniority varies."
"M351124","351124","Supervisor, Management Information Systems","2522.1","ICT System Administrator","2522.1","ICT System Administrator","false","broader_proxy","broader_proxy","curated_proxy_retained_with_fresh_2020_retrieval","Retained the previously curated duty-based ESCO assignment after fresh MASCO 2020 title/profile retrieval. No stronger unambiguous occupational identity was established. Prior reasoning: Information-system and infrastructure administration; grade/specialty varies."
"M351125","351125","Assistant Information Technology Officer Grade FA29","3512.4","ICT Technician","3512.4","ICT Technician","false","broader_proxy","broader_proxy","curated_proxy_retained_with_fresh_2020_retrieval","Retained the previously curated duty-based ESCO assignment after fresh MASCO 2020 title/profile retrieval. No stronger unambiguous occupational identity was established. Prior reasoning: ICT user support and system troubleshooting; engineer/officer/assistant rank is not inferred."
"M351201","351201","Computer Help Desk Technician","3512.1","ICT Help Desk Agent","3512.1","ICT Help Desk Agent","false","close_match","close_match","curated_proxy_retained_with_fresh_2020_retrieval","Retained the previously curated duty-based ESCO assignment after fresh MASCO 2020 title/profile retrieval. No stronger unambiguous occupational identity was established. Prior reasoning: ICT help-desk/user support."
"M351203","351203","Information Technology Technician","3512.4","ICT Technician","3512.4","ICT Technician","false","partial_proxy","partial_proxy","curated_proxy_retained_with_fresh_2020_retrieval","Retained the previously curated duty-based ESCO assignment after fresh MASCO 2020 title/profile retrieval. No stronger unambiguous occupational identity was established. Prior reasoning: Title/duty comparison supports this primary proxy, but occupational breadth, specialisation or seniority may differ. See both source profiles in the evidence table."
"M351206","351206","Computer Assistant","3512.4","ICT Technician","3512.4","ICT Technician","false","broader_proxy","broader_proxy","curated_proxy_retained_with_fresh_2020_retrieval","Retained the previously curated duty-based ESCO assignment after fresh MASCO 2020 title/profile retrieval. No stronger unambiguous occupational identity was established. Prior reasoning: ICT user support and system troubleshooting; engineer/officer/assistant rank is not inferred."
"M351207","351207","Communications Assistant (ICT)","3513.2","ICT Network Technician","3513.2","ICT Network Technician","false","broader_proxy","broader_proxy","curated_proxy_retained_with_fresh_2020_retrieval","Retained the previously curated duty-based ESCO assignment after fresh MASCO 2020 title/profile retrieval. No stronger unambiguous occupational identity was established. Prior reasoning: ICT network/communications technical support, not corporate communication management."
"M351208","351208","Database Assistant","2521.1","Database Administrator","2521.1","Database Administrator","false","partial_proxy","partial_proxy","curated_proxy_retained_with_fresh_2020_retrieval","Retained the previously curated duty-based ESCO assignment after fresh MASCO 2020 title/profile retrieval. No stronger unambiguous occupational identity was established. Prior reasoning: Database administration support; assistant authority differs from full DBA."
"M351209","351209","Computer Programming Assistant","2514.2","ICT Application Developer","2514.2","ICT Application Developer","false","partial_proxy","partial_proxy","curated_proxy_retained_with_fresh_2020_retrieval","Retained the previously curated duty-based ESCO assignment after fresh MASCO 2020 title/profile retrieval. No stronger unambiguous occupational identity was established. Prior reasoning: Application programming support; assistant grade and independence differ."
"M351212","351212","Call Centre Trainer","2424.2","Corporate Trainer","2424.2","Corporate Trainer","false","broader_proxy","broader_proxy","curated_proxy_retained_with_fresh_2020_retrieval","Retained the previously curated duty-based ESCO assignment after fresh MASCO 2020 title/profile retrieval. No stronger unambiguous occupational identity was established. Prior reasoning: Corporate staff training; call-centre specialization is not separately represented."
"M351213","351213","Data Centre Supervisor","3511.1","Data Centre Operator","3511.1","Data Centre Operator","false","broader_proxy","broader_proxy","curated_proxy_retained_with_fresh_2020_retrieval","Retained the previously curated duty-based ESCO assignment after fresh MASCO 2020 title/profile retrieval. No stronger unambiguous occupational identity was established. Prior reasoning: Data-centre operations; supervisory responsibility needs enrichment."
"M351215","351215","Technical Support Technician","3512.4","ICT Technician","3512.4","ICT Technician","false","partial_proxy","partial_proxy","curated_proxy_retained_with_fresh_2020_retrieval","Retained the previously curated duty-based ESCO assignment after fresh MASCO 2020 title/profile retrieval. No stronger unambiguous occupational identity was established. Prior reasoning: Title/duty comparison supports this primary proxy, but occupational breadth, specialisation or seniority may differ. See both source profiles in the evidence table."
"M351301","351301","Computer Network Technician","3513.2","ICT Network Technician","3513.2","ICT Network Technician","false","partial_proxy","partial_proxy","curated_proxy_retained_with_fresh_2020_retrieval","Retained the previously curated duty-based ESCO assignment after fresh MASCO 2020 title/profile retrieval. No stronger unambiguous occupational identity was established. Prior reasoning: Title/duty comparison supports this primary proxy, but occupational breadth, specialisation or seniority may differ. See both source profiles in the evidence table."
"M351303","351303","Network Security Technician (ICT)","3512.3","ICT Security Technician","3512.3","ICT Security Technician","false","partial_proxy","partial_proxy","curated_proxy_retained_with_fresh_2020_retrieval","Retained the previously curated duty-based ESCO assignment after fresh MASCO 2020 title/profile retrieval. No stronger unambiguous occupational identity was established. Prior reasoning: Title/duty comparison supports this primary proxy, but occupational breadth, specialisation or seniority may differ. See both source profiles in the evidence table."
"M351402","351402","Web Technician","3514.1","Webmaster","3514.1","Webmaster","false","close_match","close_match","curated_proxy_retained_with_fresh_2020_retrieval","Retained the previously curated duty-based ESCO assignment after fresh MASCO 2020 title/profile retrieval. No stronger unambiguous occupational identity was established. Prior reasoning: ESCO alternate title matches the cleaned MASCO title; national qualifications and full task scope are not assumed equivalent."
"M352101","352101","Audio-Visual Technician Grade N19","3521.1","Audio-Visual Technician","3521.1","Audio-Visual Technician","false","close_match","close_match","2020_unique_preferred_title","Unique ESCO preferred title matches the MASCO 2020 title after public-service grade/competency-wrapper normalization. Qualification and full task equivalence are not assumed."
"M352102","352102","Cinematographer","2654.1.3","Director of Photography","2654.1.3","Director of Photography","false","close_match","close_match","curated_proxy_retained_with_fresh_2020_retrieval","Retained the previously curated duty-based ESCO assignment after fresh MASCO 2020 title/profile retrieval. No stronger unambiguous occupational identity was established. Prior reasoning: ESCO alternate title matches the cleaned MASCO title; national qualifications and full task scope are not assumed equivalent."
"M352105","352105","Motion Picture Assistant","3435.2","Assistant Video and Motion Picture Director","3435.2","Assistant Video and Motion Picture Director","false","partial_proxy","partial_proxy","curated_proxy_retained_with_fresh_2020_retrieval","Retained the previously curated duty-based ESCO assignment after fresh MASCO 2020 title/profile retrieval. No stronger unambiguous occupational identity was established. Prior reasoning: Title/duty comparison supports this primary proxy, but occupational breadth, specialisation or seniority may differ. See both source profiles in the evidence table."
"M352108","352108","Sound Mixer","3521.1.10","Sound Operator","3521.1.10","Sound Operator","false","close_match","close_match","curated_proxy_retained_with_fresh_2020_retrieval","Retained the previously curated duty-based ESCO assignment after fresh MASCO 2020 title/profile retrieval. No stronger unambiguous occupational identity was established. Prior reasoning: ESCO alternate title matches the cleaned MASCO title; national qualifications and full task scope are not assumed equivalent."
"M352111","352111","Ships Radio Officer","3152.1","Deck Officer","3152.1","Deck Officer","false","partial_proxy","partial_proxy","curated_proxy_retained_with_fresh_2020_retrieval","Retained the previously curated duty-based ESCO assignment after fresh MASCO 2020 title/profile retrieval. No stronger unambiguous occupational identity was established. Prior reasoning: Shipboard communications/navigation component; dedicated radio-officer specialty is not represented."
"M352112","352112","Broadcast Technician","3521.2","Broadcast Technician","3521.2","Broadcast Technician","false","close_match","close_match","2020_unique_preferred_title","Unique ESCO preferred title matches the MASCO 2020 title after public-service grade/competency-wrapper normalization. Qualification and full task equivalence are not assumed."
"M352116","352116","Land-Base Radio Equipment Technician","7422.4","Radio Technician","7422.4","Radio Technician","false","partial_proxy","partial_proxy","curated_proxy_retained_with_fresh_2020_retrieval","Retained the previously curated duty-based ESCO assignment after fresh MASCO 2020 title/profile retrieval. No stronger unambiguous occupational identity was established. Prior reasoning: Title/duty comparison supports this primary proxy, but occupational breadth, specialisation or seniority may differ. See both source profiles in the evidence table."
"M352117","352117","Flight Radio Equipment Technician","7421.2","Avionics Technician","7421.2","Avionics Technician","false","partial_proxy","partial_proxy","curated_proxy_retained_with_fresh_2020_retrieval","Retained the previously curated duty-based ESCO assignment after fresh MASCO 2020 title/profile retrieval. No stronger unambiguous occupational identity was established. Prior reasoning: Title/duty comparison supports this primary proxy, but occupational breadth, specialisation or seniority may differ. See both source profiles in the evidence table."
"M352123","352123","Videographer","3521.1.2","Camera Operator","3521.1.2","Camera Operator","false","close_match","close_match","curated_proxy_retained_with_fresh_2020_retrieval","Retained the previously curated duty-based ESCO assignment after fresh MASCO 2020 title/profile retrieval. No stronger unambiguous occupational identity was established. Prior reasoning: ESCO alternate title matches the cleaned MASCO title; national qualifications and full task scope are not assumed equivalent."
"M352124","352124","Assistant Telecommunications Engineer","3522.1","Telecommunications Engineering Technician","3522.1","Telecommunications Engineering Technician","false","broader_proxy","broader_proxy","curated_proxy_retained_with_fresh_2020_retrieval","Retained the previously curated duty-based ESCO assignment after fresh MASCO 2020 title/profile retrieval. No stronger unambiguous occupational identity was established. Prior reasoning: Telecommunications technical support; grade/seniority varies."
"M352204","352204","Telecommunications Technician","7422.7","Telecommunications Technician","7422.7","Telecommunications Technician","false","close_match","close_match","2020_unique_preferred_title","Unique ESCO preferred title matches the MASCO 2020 title after public-service grade/competency-wrapper normalization. Qualification and full task equivalence are not assumed."
"M363201","363201","Designer Grade B19","2166.9","Graphic Designer","2166.9","Graphic Designer","false","broader_proxy","broader_proxy","2020_ambiguous_alias_rejected","Designer Grade B19 is not art-director seniority. Retain the earlier duty-based ESCO proxy after the fresh 2020 retrieval."
"M363202","363202","Interior Designer","3432.1","Interior Designer","3432.1","Interior Designer","false","close_match","close_match","2020_unique_preferred_title","Unique ESCO preferred title matches the MASCO 2020 title after public-service grade/competency-wrapper normalization. Qualification and full task equivalence are not assumed."
"M363204","363204","Poster Designer","2166.9","Graphic Designer","2166.9","Graphic Designer","false","broader_proxy","broader_proxy","curated_proxy_retained_with_fresh_2020_retrieval","Retained the previously curated duty-based ESCO assignment after fresh MASCO 2020 title/profile retrieval. No stronger unambiguous occupational identity was established. Prior reasoning: Graphic/poster design; government grade is not art-director seniority."
"M363221","363221","Carve Technician","7317.6","Woodcarver","7317.6","Woodcarver","false","partial_proxy","partial_proxy","curated_proxy_retained_with_fresh_2020_retrieval","Retained the previously curated duty-based ESCO assignment after fresh MASCO 2020 title/profile retrieval. No stronger unambiguous occupational identity was established. Prior reasoning: Wood carving proxy; stone/synthetic carving is outside this occupation."
"M363304","363304","Gallery Technician","2621.3","Conservator","3433.1","Art Handler","true","inherited_test_proxy","close_match","2020_title_and_duty_review","Gallery Technician is an alternate label of Art Handler. Preparing, handling, moving and installing objects matches the inherited duties better than a conservator profession."
"M363305","363305","Library Technician","4411.1","Library Assistant","4411.1","Library Assistant","false","close_match","close_match","curated_proxy_retained_with_fresh_2020_retrieval","Retained the previously curated duty-based ESCO assignment after fresh MASCO 2020 title/profile retrieval. No stronger unambiguous occupational identity was established. Prior reasoning: ESCO alternate title matches the cleaned MASCO title; national qualifications and full task scope are not assumed equivalent."
"M363306","363306","Museum Technician","2621.3","Conservator","3433.1","Art Handler","true","inherited_test_proxy","broader_proxy","2020_title_and_duty_review","Museum Technician handles objects and supports exhibits. Art Handler covers those technical handling duties; collection-manager authority and all specimen/conservation work are not established."
"M363414","363414","Stage Technician","3435.25.5","Stage Technician","3435.25.5","Stage Technician","false","inherited_test_proxy","close_match","2020_title_and_duty_review","Stage Technician is an exact ESCO preferred occupation. The current cross-media profile is retained as context, not proof of every performance specialization."
"M411126","411126","Economic Affairs Assistant Grade E19","3343.1","Administrative Assistant","3343.1","Administrative Assistant","false","partial_proxy","partial_proxy","curated_proxy_retained_with_fresh_2020_retrieval","Retained the previously curated duty-based ESCO assignment after fresh MASCO 2020 title/profile retrieval. No stronger unambiguous occupational identity was established. Prior reasoning: Public programme administration support; inspections and economic-development advisory duties require enrichment."
"M413209","413209","Data Entry Clerk","4132.1","Data Entry Clerk","4132.1","Data Entry Clerk","false","close_match","close_match","2020_unique_preferred_title","Unique ESCO preferred title matches the MASCO 2020 title after public-service grade/competency-wrapper normalization. Qualification and full task equivalence are not assumed."
"M422602","422602","Survey Interviewer","4227.2","Survey Enumerator","4227.2","Survey Enumerator","false","inherited_test_proxy","broader_proxy","2020_title_and_duty_review","Survey Interviewer collects government, social and market data. Survey Enumerator is retained as a broad survey profile; the Market Research Interviewer alias is narrower than the source scope."
"M431112","431112","Auction Clerk","3339.2","Auctioneer","3339.2","Auctioneer","false","partial_proxy","partial_proxy","curated_proxy_retained_with_fresh_2020_retrieval","Retained the previously curated duty-based ESCO assignment after fresh MASCO 2020 title/profile retrieval. No stronger unambiguous occupational identity was established. Prior reasoning: Auction administration overlap; clerk is not authorized auctioneer."
"M431114","431114","Audit Clerk","4312.1","Auditing Clerk","4312.1","Auditing Clerk","false","close_match","close_match","curated_proxy_retained_with_fresh_2020_retrieval","Retained the previously curated duty-based ESCO assignment after fresh MASCO 2020 title/profile retrieval. No stronger unambiguous occupational identity was established. Prior reasoning: ESCO alternate title matches the cleaned MASCO title; national qualifications and full task scope are not assumed equivalent."
"M431115","431115","Credit Control Clerk","4214.1","Debt Collector","4214.1","Debt Collector","false","partial_proxy","partial_proxy","curated_proxy_retained_with_fresh_2020_retrieval","Retained the previously curated duty-based ESCO assignment after fresh MASCO 2020 title/profile retrieval. No stronger unambiguous occupational identity was established. Prior reasoning: Credit/debt follow-up component; broader account control differs from debt collection."
"M431118","431118","Billing Clerk","4311.1","Billing Clerk","4311.1","Billing Clerk","false","close_match","close_match","2020_unique_preferred_title","Unique ESCO preferred title matches the MASCO 2020 title after public-service grade/competency-wrapper normalization. Qualification and full task equivalence are not assumed."
"M431119","431119","Property Clerk","4312.6","Property Assistant","4312.6","Property Assistant","false","close_match","close_match","curated_proxy_retained_with_fresh_2020_retrieval","Retained the previously curated duty-based ESCO assignment after fresh MASCO 2020 title/profile retrieval. No stronger unambiguous occupational identity was established. Prior reasoning: ESCO alternate title matches the cleaned MASCO title; national qualifications and full task scope are not assumed equivalent."
"M431120","431120","Cost Clerk","3313.1","Accounting Assistant","3313.1","Accounting Assistant","false","broader_proxy","broader_proxy","curated_proxy_retained_with_fresh_2020_retrieval","Retained the previously curated duty-based ESCO assignment after fresh MASCO 2020 title/profile retrieval. No stronger unambiguous occupational identity was established. Prior reasoning: Accounts, transaction corrections and finance support; specialty/grade is not separately represented."
"M431123","431123","Office Cash Clerk","5230.1","Cashier","5230.1","Cashier","false","close_match","close_match","curated_proxy_retained_with_fresh_2020_retrieval","Retained the previously curated duty-based ESCO assignment after fresh MASCO 2020 title/profile retrieval. No stronger unambiguous occupational identity was established. Prior reasoning: Cash handling/cashier function."
"M431126","431126","AuditAssistant Grade W19","4312.1","Auditing Clerk","4312.1","Auditing Clerk","false","close_match","close_match","curated_proxy_retained_with_fresh_2020_retrieval","Retained the previously curated duty-based ESCO assignment after fresh MASCO 2020 title/profile retrieval. No stronger unambiguous occupational identity was established. Prior reasoning: Audit support and records; corrects the prior sales-support-assistant mapping."
"M431132","431132","Energy Audit Assistant Technician","3112.5","Energy Analyst","3112.5","Energy Analyst","false","broader_proxy","broader_proxy","curated_proxy_retained_with_fresh_2020_retrieval","Retained the previously curated duty-based ESCO assignment after fresh MASCO 2020 title/profile retrieval. No stronger unambiguous occupational identity was established. Prior reasoning: Energy-use analysis and auditing; electrical specialty, competency certification or assistant grade need local enrichment."
"M431201","431201","Administrative Assistant (Finance) Grade W19","3313.1","Accounting Assistant","3313.1","Accounting Assistant","false","broader_proxy","broader_proxy","curated_proxy_retained_with_fresh_2020_retrieval","Retained the previously curated duty-based ESCO assignment after fresh MASCO 2020 title/profile retrieval. No stronger unambiguous occupational identity was established. Prior reasoning: Accounts, transaction corrections and finance support; specialty/grade is not separately represented."
"M431203","431203","Statistical Clerk","3314.2","Statistical Assistant","3314.2","Statistical Assistant","false","close_match","close_match","2020_ambiguous_alias_rejected","Statistical Clerk includes statistics-specific support beyond generic data entry. Retain the earlier duty-based ESCO proxy after the fresh 2020 retrieval."
"M431215","431215","Finance Clerk","3313.1","Accounting Assistant","3313.1","Accounting Assistant","false","broader_proxy","broader_proxy","curated_proxy_retained_with_fresh_2020_retrieval","Retained the previously curated duty-based ESCO assignment after fresh MASCO 2020 title/profile retrieval. No stronger unambiguous occupational identity was established. Prior reasoning: Accounts, transaction corrections and finance support; specialty/grade is not separately represented."
"M431217","431217","Brokerage Clerk","4312.2.1","Financial Markets Back Office Administrator","4312.2.1","Financial Markets Back Office Administrator","false","close_match","close_match","curated_proxy_retained_with_fresh_2020_retrieval","Retained the previously curated duty-based ESCO assignment after fresh MASCO 2020 title/profile retrieval. No stronger unambiguous occupational identity was established. Prior reasoning: ESCO alternate title matches the cleaned MASCO title; national qualifications and full task scope are not assumed equivalent."
"M431218","431218","Insurance clerk","4312.4","Insurance Clerk","4312.4","Insurance Clerk","false","close_match","close_match","2020_unique_preferred_title","Unique ESCO preferred title matches the MASCO 2020 title after public-service grade/competency-wrapper normalization. Qualification and full task equivalence are not assumed."
"M431219","431219","Tax Clerk","4312.7","Tax Clerk","4312.7","Tax Clerk","false","close_match","close_match","2020_unique_preferred_title","Unique ESCO preferred title matches the MASCO 2020 title after public-service grade/competency-wrapper normalization. Qualification and full task equivalence are not assumed."
"M431220","431220","Investment Clerk","4312.5","Investment Clerk","4312.5","Investment Clerk","false","close_match","close_match","2020_unique_preferred_title","Unique ESCO preferred title matches the MASCO 2020 title after public-service grade/competency-wrapper normalization. Qualification and full task equivalence are not assumed."
"M431221","431221","Adjustment Clerk","3313.1","Accounting Assistant","3313.1","Accounting Assistant","false","broader_proxy","broader_proxy","curated_proxy_retained_with_fresh_2020_retrieval","Retained the previously curated duty-based ESCO assignment after fresh MASCO 2020 title/profile retrieval. No stronger unambiguous occupational identity was established. Prior reasoning: Accounts, transaction corrections and finance support; specialty/grade is not separately represented."
"M431222","431222","Stockbroker Clerk","4312.2.1","Financial Markets Back Office Administrator","4312.2.1","Financial Markets Back Office Administrator","false","broader_proxy","broader_proxy","curated_proxy_retained_with_fresh_2020_retrieval","Retained the previously curated duty-based ESCO assignment after fresh MASCO 2020 title/profile retrieval. No stronger unambiguous occupational identity was established. Prior reasoning: Securities/brokerage back-office administration."
"M431224","431224","Rating Clerk","4311.1","Billing Clerk","4311.1","Billing Clerk","false","partial_proxy","partial_proxy","curated_proxy_retained_with_fresh_2020_retrieval","Retained the previously curated duty-based ESCO assignment after fresh MASCO 2020 title/profile retrieval. No stronger unambiguous occupational identity was established. Prior reasoning: Rate calculation and billing component; insurance/transport tariff specialization is not fully represented."
"M431225","431225","Assistant Broker","4312.2.1","Financial Markets Back Office Administrator","4312.2.1","Financial Markets Back Office Administrator","false","broader_proxy","broader_proxy","curated_proxy_retained_with_fresh_2020_retrieval","Retained the previously curated duty-based ESCO assignment after fresh MASCO 2020 title/profile retrieval. No stronger unambiguous occupational identity was established. Prior reasoning: Securities/brokerage back-office administration."
"M431227","431227","Collateral Clerk","3312.5","Loan Officer","3312.5","Loan Officer","false","partial_proxy","partial_proxy","curated_proxy_retained_with_fresh_2020_retrieval","Retained the previously curated duty-based ESCO assignment after fresh MASCO 2020 title/profile retrieval. No stronger unambiguous occupational identity was established. Prior reasoning: Loan documentation and collateral administration overlap; full loan-officer assessment authority is not implied."
"M431228","431228","Mortgage Clerk","3312.6","Mortgage Loan Underwriter","3312.6","Mortgage Loan Underwriter","false","partial_proxy","partial_proxy","curated_proxy_retained_with_fresh_2020_retrieval","Retained the previously curated duty-based ESCO assignment after fresh MASCO 2020 title/profile retrieval. No stronger unambiguous occupational identity was established. Prior reasoning: Mortgage application/document review; underwriting decision authority exceeds clerical support."
"M431231","431231","Statistical Assistant Grade E19","3314.2","Statistical Assistant","3314.2","Statistical Assistant","false","close_match","close_match","2020_unique_preferred_title","Unique ESCO preferred title matches the MASCO 2020 title after public-service grade/competency-wrapper normalization. Qualification and full task equivalence are not assumed."
"M431233","431233","Actuarial Assistant","3314.1","Actuarial Assistant","3314.1","Actuarial Assistant","false","close_match","close_match","2020_unique_preferred_title","Unique ESCO preferred title matches the MASCO 2020 title after public-service grade/competency-wrapper normalization. Qualification and full task equivalence are not assumed."
"M522313","522313","E-commerce Sales Clerk","5223.4","Sales Assistant","5223.4","Sales Assistant","false","inherited_test_proxy","partial_proxy","2020_title_and_duty_review","E-commerce Sales Clerk handles product listings, orders and customer sales support. Sales Assistant is a test proxy; e-commerce platforms, fulfilment and channel-specific skills may be missing."
"M531208","531208","Vocational Training Assistant DV19","2320.1","Vocational Teacher","2320.1","Vocational Teacher","false","partial_proxy","partial_proxy","curated_proxy_retained_with_fresh_2020_retrieval","Retained the previously curated duty-based ESCO assignment after fresh MASCO 2020 title/profile retrieval. No stronger unambiguous occupational identity was established. Prior reasoning: D11 explicitly describes vocational curriculum development and teaching; assistant grade differs from a full teacher, but early-years teaching is inappropriate."
"M531210","531210","Vocational Training Assistant DV21","2320.1","Vocational Teacher","2320.1","Vocational Teacher","false","partial_proxy","partial_proxy","curated_proxy_retained_with_fresh_2020_retrieval","Retained the previously curated duty-based ESCO assignment after fresh MASCO 2020 title/profile retrieval. No stronger unambiguous occupational identity was established. Prior reasoning: D11 explicitly describes vocational curriculum development and teaching; assistant grade differs from a full teacher, but early-years teaching is inappropriate."
"M532102","532102","Public Health Assistant Grade U19","3253.1","Community Health Worker","3253.1","Community Health Worker","false","broader_proxy","broader_proxy","curated_proxy_retained_with_fresh_2020_retrieval","Retained the previously curated duty-based ESCO assignment after fresh MASCO 2020 title/profile retrieval. No stronger unambiguous occupational identity was established. Prior reasoning: Public/community health support."
"M818202","818202","Boilerman","8182.1","Boiler Operator","8182.1","Boiler Operator","false","inherited_test_proxy","close_match","2020_title_and_duty_review","Boilerman is an alternate label of Boiler Operator. Operation and maintenance, not manufacture of boilers, is the relevant function."
"M818209","818209","Engine Driver","3131.3","Power Production Plant Operator","3131.3","Power Production Plant Operator","false","inherited_test_proxy","partial_proxy","2020_title_and_duty_review","Engine Driver is stationary industrial internal-combustion plant work in the inherited profile. Retain the power-production operations proxy; reject the same-name Train Driver alias because the equipment and context differ."
"M821101","821101","Assembler","8211.2","Industrial Machinery Assembler","8211.2","Industrial Machinery Assembler","false","partial_proxy","partial_proxy","2020_ambiguous_alias_rejected","Generic assembly is not automatically metal-products assembly. Retain the earlier duty-based ESCO proxy after the fresh 2020 retrieval."
