"role_id","role_title","masco_code","masco_source_page_pdf","rated_task_count","remote_capable_tasks","remote_onsite_tasks","remote_unclear_tasks","remote_pre_rating","ai_exposable_tasks","ai_exposure_share","ai_pre_rating","independent_raters_required","reconciliation_status","release_use","task_source_level","source_url","source_current_role_id","source_current_masco_code","source_current_role_title","source_current_url","masco_reference_version","masco2020_remap_method","masco2020_remap_confidence","masco2020_source_pdf_page","masco2020_source_url","profile_basis","source_current_task_source_level"
"M112104","Chief Technical Officer","112104","317","10","4","0","6","medium","2","0.2","low","2","pending","research_pre_rating_only","inherited_current_emasco_profile","https://emasco.mohr.gov.my/masco/1121-04","M112104","112104","Chief Technical Officer","https://emasco.mohr.gov.my/masco/1121-04","2020","exact_normalized_title","high","317","https://www.dosm.gov.my/uploads/content-downloads/file_20220920110308.pdf#page=317","Current eMASCO D11 profile inherited for a MASCO 2020 identity; not 2020-specific task evidence; test only.","exact_occupation"
"M121104","Budget Manager","121104","318","8","5","0","3","medium","3","0.375","medium","2","pending","research_pre_rating_only","inherited_current_emasco_profile","https://emasco.mohr.gov.my/masco/1211-01","M121101","121101","Budgeting/Financial Accounting Manager","https://emasco.mohr.gov.my/masco/1211-01","2020","reviewed_functional_equivalent","medium","318","https://www.dosm.gov.my/uploads/content-downloads/file_20220920110308.pdf#page=318","Current eMASCO D11 profile inherited for a MASCO 2020 identity; not 2020-specific task evidence; test only.","exact_occupation"
"M121106","Audit and Risk Management Manager","121106","318","10","7","0","3","medium","3","0.3","medium","2","pending","research_pre_rating_only","inherited_current_emasco_profile","https://emasco.mohr.gov.my/masco/1211-02","M121102","121102","Audit and Risk Management Manager","https://emasco.mohr.gov.my/masco/1211-02","2020","exact_normalized_title","high","318","https://www.dosm.gov.my/uploads/content-downloads/file_20220920110308.pdf#page=318","Current eMASCO D11 profile inherited for a MASCO 2020 identity; not 2020-specific task evidence; test only.","exact_occupation"
"M121107","Credit Manager","121107","318","9","4","0","5","medium","2","0.2222","low","2","pending","research_pre_rating_only","inherited_current_emasco_profile","https://emasco.mohr.gov.my/masco/1211-03","M121103","121103","Credit Manager","https://emasco.mohr.gov.my/masco/1211-03","2020","exact_normalized_title","high","318","https://www.dosm.gov.my/uploads/content-downloads/file_20220920110308.pdf#page=318","Current eMASCO D11 profile inherited for a MASCO 2020 identity; not 2020-specific task evidence; test only.","exact_occupation"
"M121108","Insurance Manager","121108","318","10","4","0","6","medium","3","0.3","medium","2","pending","research_pre_rating_only","inherited_current_emasco_profile","https://emasco.mohr.gov.my/masco/1211-04","M121104","121104","Insurance Manager","https://emasco.mohr.gov.my/masco/1211-04","2020","exact_normalized_title","high","318","https://www.dosm.gov.my/uploads/content-downloads/file_20220920110308.pdf#page=318","Current eMASCO D11 profile inherited for a MASCO 2020 identity; not 2020-specific task evidence; test only.","exact_occupation"
"M121109","Fund Manager","121109","318","7","5","0","2","medium","3","0.4286","medium","2","pending","research_pre_rating_only","inherited_current_emasco_profile","https://emasco.mohr.gov.my/masco/1211-05","M121105","121105","Fund/Portfolio Manager","https://emasco.mohr.gov.my/masco/1211-05","2020","reviewed_functional_equivalent","medium","318","https://www.dosm.gov.my/uploads/content-downloads/file_20220920110308.pdf#page=318","Current eMASCO D11 profile inherited for a MASCO 2020 identity; not 2020-specific task evidence; test only.","exact_occupation"
"M121114","Tax Manager","121114","318","7","1","0","6","medium","0","0.0","low","2","pending","research_pre_rating_only","inherited_current_emasco_profile","https://emasco.mohr.gov.my/masco/1211-07","M121107","121107","Tax Manager","https://emasco.mohr.gov.my/masco/1211-07","2020","exact_normalized_title","high","318","https://www.dosm.gov.my/uploads/content-downloads/file_20220920110308.pdf#page=318","Current eMASCO D11 profile inherited for a MASCO 2020 identity; not 2020-specific task evidence; test only.","exact_occupation"
"M121115","Claim Manager","121115","318","9","2","0","7","medium","2","0.2222","low","2","pending","research_pre_rating_only","inherited_current_emasco_profile","https://emasco.mohr.gov.my/masco/1211-08","M121108","121108","Claims Manager","https://emasco.mohr.gov.my/masco/1211-08","2020","title_variant","high","318","https://www.dosm.gov.my/uploads/content-downloads/file_20220920110308.pdf#page=318","Current eMASCO D11 profile inherited for a MASCO 2020 identity; not 2020-specific task evidence; test only.","exact_occupation"
"M121123","Actuarial Valuation Manager","121123","318","9","4","0","5","medium","3","0.3333","medium","2","pending","research_pre_rating_only","inherited_current_emasco_profile","https://emasco.mohr.gov.my/masco/1211-09","M121109","121109","Actuarial Valuation Manager","https://emasco.mohr.gov.my/masco/1211-09","2020","exact_normalized_title","high","318","https://www.dosm.gov.my/uploads/content-downloads/file_20220920110308.pdf#page=318","Current eMASCO D11 profile inherited for a MASCO 2020 identity; not 2020-specific task evidence; test only.","exact_occupation"
"M121205","Occupational Safety and Health Manager","121205","318","8","2","0","6","medium","3","0.375","medium","2","pending","research_pre_rating_only","inherited_current_emasco_profile","https://emasco.mohr.gov.my/masco/1212-02","M121202","121202","Occupational Safety and Health Manager","https://emasco.mohr.gov.my/masco/1212-02","2020","exact_normalized_title","high","318","https://www.dosm.gov.my/uploads/content-downloads/file_20220920110308.pdf#page=318","Current eMASCO D11 profile inherited for a MASCO 2020 identity; not 2020-specific task evidence; test only.","exact_occupation"
"M121411","Supply Chain Manager","121411","319","10","3","0","7","medium","2","0.2","low","2","pending","research_pre_rating_only","inherited_current_emasco_profile","https://emasco.mohr.gov.my/masco/1214-04","M121404","121404","Supply Chain and Logistics Management Manager","https://emasco.mohr.gov.my/masco/1214-04","2020","combined_title_split","medium","319","https://www.dosm.gov.my/uploads/content-downloads/file_20220920110308.pdf#page=319","Current eMASCO D11 profile inherited for a MASCO 2020 identity; not 2020-specific task evidence; test only.","exact_occupation"
"M121416","Technology Manager","121416","319","9","3","0","6","medium","2","0.2222","low","2","pending","research_pre_rating_only","inherited_current_emasco_profile","https://emasco.mohr.gov.my/masco/1214-08","M121408","121408","Technology Manager","https://emasco.mohr.gov.my/masco/1214-08","2020","exact_normalized_title","high","319","https://www.dosm.gov.my/uploads/content-downloads/file_20220920110308.pdf#page=319","Current eMASCO D11 profile inherited for a MASCO 2020 identity; not 2020-specific task evidence; test only.","exact_occupation"
"M122301","Research and Development Manager","122301","320","9","5","0","4","medium","3","0.3333","medium","2","pending","research_pre_rating_only","inherited_current_emasco_profile","https://emasco.mohr.gov.my/masco/1223-01","M122301","122301","Research and Development Manager","https://emasco.mohr.gov.my/masco/1223-01","2020","exact_normalized_title","high","320","https://www.dosm.gov.my/uploads/content-downloads/file_20220920110308.pdf#page=320","Current eMASCO D11 profile inherited for a MASCO 2020 identity; not 2020-specific task evidence; test only.","exact_occupation"
"M131102","Forestry Manager","131102","320","10","5","0","5","medium","2","0.2","low","2","pending","research_pre_rating_only","inherited_current_emasco_profile","https://emasco.mohr.gov.my/masco/1311-01","M131101","131101","Forestry Manager","https://emasco.mohr.gov.my/masco/1311-01","2020","exact_normalized_title","high","320","https://www.dosm.gov.my/uploads/content-downloads/file_20220920110308.pdf#page=320","Current eMASCO D11 profile inherited for a MASCO 2020 identity; not 2020-specific task evidence; test only.","exact_occupation"
"M131106","Agricultural Manager","131106","320","9","2","1","6","low","1","0.1111","low","2","pending","research_pre_rating_only","inherited_current_emasco_profile","https://emasco.mohr.gov.my/masco/1311-02","M131102","131102","Agricultural Manager","https://emasco.mohr.gov.my/masco/1311-02","2020","exact_normalized_title","high","320","https://www.dosm.gov.my/uploads/content-downloads/file_20220920110308.pdf#page=320","Current eMASCO D11 profile inherited for a MASCO 2020 identity; not 2020-specific task evidence; test only.","exact_occupation"
"M131111","Veterinary Manager","131111","320","9","0","2","7","low","2","0.2222","low","2","pending","research_pre_rating_only","inherited_current_emasco_profile","https://emasco.mohr.gov.my/masco/1311-03","M131103","131103","Veterinary Manager","https://emasco.mohr.gov.my/masco/1311-03","2020","exact_normalized_title","high","320","https://www.dosm.gov.my/uploads/content-downloads/file_20220920110308.pdf#page=320","Current eMASCO D11 profile inherited for a MASCO 2020 identity; not 2020-specific task evidence; test only.","exact_occupation"
"M131114","Field Manager, Grass","131114","320","9","0","2","7","low","2","0.2222","low","2","pending","research_pre_rating_only","inherited_current_emasco_profile","https://emasco.mohr.gov.my/masco/1311-04","M131104","131104","Field Manager (Grass)","https://emasco.mohr.gov.my/masco/1311-04","2020","exact_normalized_title","high","320","https://www.dosm.gov.my/uploads/content-downloads/file_20220920110308.pdf#page=320","Current eMASCO D11 profile inherited for a MASCO 2020 identity; not 2020-specific task evidence; test only.","exact_occupation"
"M131202","Production and Operation Manager, Fishery","131202","320","10","2","1","7","low","2","0.2","low","2","pending","research_pre_rating_only","inherited_current_emasco_profile","https://emasco.mohr.gov.my/masco/1312-01","M131201","131201","Aquaculture and Fisheries Production/Operation Manager","https://emasco.mohr.gov.my/masco/1312-01","2020","combined_title_split","medium","320","https://www.dosm.gov.my/uploads/content-downloads/file_20220920110308.pdf#page=320","Current eMASCO D11 profile inherited for a MASCO 2020 identity; not 2020-specific task evidence; test only.","exact_occupation"
"M131203","Aquaculture Production Manager","131203","320","10","2","1","7","low","2","0.2","low","2","pending","research_pre_rating_only","inherited_current_emasco_profile","https://emasco.mohr.gov.my/masco/1312-01","M131201","131201","Aquaculture and Fisheries Production/Operation Manager","https://emasco.mohr.gov.my/masco/1312-01","2020","combined_title_split","medium","320","https://www.dosm.gov.my/uploads/content-downloads/file_20220920110308.pdf#page=320","Current eMASCO D11 profile inherited for a MASCO 2020 identity; not 2020-specific task evidence; test only.","exact_occupation"
"M132101","Manufacturing Manager","132101","320","10","2","0","8","medium","2","0.2","low","2","pending","research_pre_rating_only","inherited_current_emasco_profile","https://emasco.mohr.gov.my/masco/1321-01","M132101","132101","Manufacturing Manager","https://emasco.mohr.gov.my/masco/1321-01","2020","exact_normalized_title","high","320","https://www.dosm.gov.my/uploads/content-downloads/file_20220920110308.pdf#page=320","Current eMASCO D11 profile inherited for a MASCO 2020 identity; not 2020-specific task evidence; test only.","exact_occupation"
"M132102","Production and Operation Manager, Manufacturing","132102","320","9","3","1","5","low","3","0.3333","medium","2","pending","research_pre_rating_only","inherited_current_emasco_profile","https://emasco.mohr.gov.my/masco/1321-04","M132104","132104","Production Manager (Manufacturing)","https://emasco.mohr.gov.my/masco/1321-04","2020","reviewed_functional_equivalent","medium","320","https://www.dosm.gov.my/uploads/content-downloads/file_20220920110308.pdf#page=320","Current eMASCO D11 profile inherited for a MASCO 2020 identity; not 2020-specific task evidence; test only.","exact_occupation"
"M132104","Electrical Manager","132104","321","7","3","0","4","medium","0","0.0","low","2","pending","research_pre_rating_only","inherited_current_emasco_profile","https://emasco.mohr.gov.my/masco/1321-02","M132102","132102","Electrical Manager","https://emasco.mohr.gov.my/masco/1321-02","2020","exact_normalized_title","high","321","https://www.dosm.gov.my/uploads/content-downloads/file_20220920110308.pdf#page=321","Current eMASCO D11 profile inherited for a MASCO 2020 identity; not 2020-specific task evidence; test only.","exact_occupation"
"M132105","Energy Manager","132105","321","9","1","0","8","medium","2","0.2222","low","2","pending","research_pre_rating_only","inherited_current_emasco_profile","https://emasco.mohr.gov.my/masco/1321-03","M132103","132103","Energy Manager","https://emasco.mohr.gov.my/masco/1321-03","2020","exact_normalized_title","high","321","https://www.dosm.gov.my/uploads/content-downloads/file_20220920110308.pdf#page=321","Current eMASCO D11 profile inherited for a MASCO 2020 identity; not 2020-specific task evidence; test only.","exact_occupation"
"M132108","Ship Hull Manager","132108","321","10","3","0","7","medium","2","0.2","low","2","pending","research_pre_rating_only","inherited_current_emasco_profile","https://emasco.mohr.gov.my/masco/1321-05","M132105","132105","Ship Hull Manager","https://emasco.mohr.gov.my/masco/1321-05","2020","exact_normalized_title","high","321","https://www.dosm.gov.my/uploads/content-downloads/file_20220920110308.pdf#page=321","Current eMASCO D11 profile inherited for a MASCO 2020 identity; not 2020-specific task evidence; test only.","exact_occupation"
"M132109","Mechanical Manager","132109","321","9","2","2","5","low","3","0.3333","medium","2","pending","research_pre_rating_only","inherited_current_emasco_profile","https://emasco.mohr.gov.my/masco/1321-06","M132106","132106","Mechanical Manager","https://emasco.mohr.gov.my/masco/1321-06","2020","exact_normalized_title","high","321","https://www.dosm.gov.my/uploads/content-downloads/file_20220920110308.pdf#page=321","Current eMASCO D11 profile inherited for a MASCO 2020 identity; not 2020-specific task evidence; test only.","exact_occupation"
"M132110","Welding Manager","132110","321","9","1","1","7","low","1","0.1111","low","2","pending","research_pre_rating_only","inherited_current_emasco_profile","https://emasco.mohr.gov.my/masco/1321-07","M132107","132107","Welding Manager","https://emasco.mohr.gov.my/masco/1321-07","2020","exact_normalized_title","high","321","https://www.dosm.gov.my/uploads/content-downloads/file_20220920110308.pdf#page=321","Current eMASCO D11 profile inherited for a MASCO 2020 identity; not 2020-specific task evidence; test only.","exact_occupation"
"M132111","Oil Mill Manager","132111","321","9","2","2","5","low","3","0.3333","medium","2","pending","research_pre_rating_only","inherited_current_emasco_profile","https://emasco.mohr.gov.my/masco/1321-08","M132108","132108","Oil Mill Manager","https://emasco.mohr.gov.my/masco/1321-08","2020","exact_normalized_title","high","321","https://www.dosm.gov.my/uploads/content-downloads/file_20220920110308.pdf#page=321","Current eMASCO D11 profile inherited for a MASCO 2020 identity; not 2020-specific task evidence; test only.","exact_occupation"
"M132112","Manager, Halal Food Manufacturing","132112","321","8","1","0","7","medium","0","0.0","low","2","pending","research_pre_rating_only","inherited_current_emasco_profile","https://emasco.mohr.gov.my/masco/1321-09","M132109","132109","Manager (Halal Food Manufacturing)","https://emasco.mohr.gov.my/masco/1321-09","2020","exact_normalized_title","high","321","https://www.dosm.gov.my/uploads/content-downloads/file_20220920110308.pdf#page=321","Current eMASCO D11 profile inherited for a MASCO 2020 identity; not 2020-specific task evidence; test only.","exact_occupation"
"M132126","Power Generation Plant Manager","132126","321","10","7","2","1","low","3","0.3","medium","2","pending","research_pre_rating_only","inherited_current_emasco_profile","https://emasco.mohr.gov.my/masco/1321-11","M132111","132111","Power Generation Plant Manager","https://emasco.mohr.gov.my/masco/1321-11","2020","exact_normalized_title","high","321","https://www.dosm.gov.my/uploads/content-downloads/file_20220920110308.pdf#page=321","Current eMASCO D11 profile inherited for a MASCO 2020 identity; not 2020-specific task evidence; test only.","exact_occupation"
"M132201","Production and Operation Manager, Mine","132201","321","10","3","2","5","low","3","0.3","medium","2","pending","research_pre_rating_only","inherited_current_emasco_profile","https://emasco.mohr.gov.my/masco/1322-01","M132201","132201","Production and Operation Manager (Mine)","https://emasco.mohr.gov.my/masco/1322-01","2020","exact_normalized_title","high","321","https://www.dosm.gov.my/uploads/content-downloads/file_20220920110308.pdf#page=321","Current eMASCO D11 profile inherited for a MASCO 2020 identity; not 2020-specific task evidence; test only.","exact_occupation"
"M132203","Production and Operation Manager, Oil and Gas Extraction","132203","321","9","1","1","7","low","0","0.0","low","2","pending","research_pre_rating_only","inherited_current_emasco_profile","https://emasco.mohr.gov.my/masco/1322-02","M132202","132202","Production and Operation Manager (Oil and Gas Extraction)","https://emasco.mohr.gov.my/masco/1322-02","2020","exact_normalized_title","high","321","https://www.dosm.gov.my/uploads/content-downloads/file_20220920110308.pdf#page=321","Current eMASCO D11 profile inherited for a MASCO 2020 identity; not 2020-specific task evidence; test only.","exact_occupation"
"M132207","Offshore Installation Manager","132207","321","10","2","0","8","medium","0","0.0","low","2","pending","research_pre_rating_only","inherited_current_emasco_profile","https://emasco.mohr.gov.my/masco/1322-03","M132203","132203","Offshore Installation Manager","https://emasco.mohr.gov.my/masco/1322-03","2020","exact_normalized_title","high","321","https://www.dosm.gov.my/uploads/content-downloads/file_20220920110308.pdf#page=321","Current eMASCO D11 profile inherited for a MASCO 2020 identity; not 2020-specific task evidence; test only.","exact_occupation"
"M132210","Manager, Metallurgy","132210","321","9","2","2","5","low","0","0.0","low","2","pending","research_pre_rating_only","inherited_current_emasco_profile","https://emasco.mohr.gov.my/masco/1322-05","M132205","132205","Metallurgy Manager","https://emasco.mohr.gov.my/masco/1322-05","2020","title_variant","high","321","https://www.dosm.gov.my/uploads/content-downloads/file_20220920110308.pdf#page=321","Current eMASCO D11 profile inherited for a MASCO 2020 identity; not 2020-specific task evidence; test only.","exact_occupation"
"M132301","Construction Manager","132301","321","10","4","2","4","low","3","0.3","medium","2","pending","research_pre_rating_only","inherited_current_emasco_profile","https://emasco.mohr.gov.my/masco/1323-01","M132301","132301","Construction Manager","https://emasco.mohr.gov.my/masco/1323-01","2020","exact_normalized_title","high","321","https://www.dosm.gov.my/uploads/content-downloads/file_20220920110308.pdf#page=321","Current eMASCO D11 profile inherited for a MASCO 2020 identity; not 2020-specific task evidence; test only.","exact_occupation"
"M132310","Building and Architecture Manager","132310","321","9","4","0","5","medium","3","0.3333","medium","2","pending","research_pre_rating_only","inherited_current_emasco_profile","https://emasco.mohr.gov.my/masco/1323-02","M132302","132302","Building and Architecture Manager","https://emasco.mohr.gov.my/masco/1323-02","2020","exact_normalized_title","high","321","https://www.dosm.gov.my/uploads/content-downloads/file_20220920110308.pdf#page=321","Current eMASCO D11 profile inherited for a MASCO 2020 identity; not 2020-specific task evidence; test only.","exact_occupation"
"M132311","Land Surveyor Manager","132311","321","9","4","0","5","medium","3","0.3333","medium","2","pending","research_pre_rating_only","inherited_current_emasco_profile","https://emasco.mohr.gov.my/masco/1323-03","M132303","132303","Land Surveyor Manager","https://emasco.mohr.gov.my/masco/1323-03","2020","exact_normalized_title","high","321","https://www.dosm.gov.my/uploads/content-downloads/file_20220920110308.pdf#page=321","Current eMASCO D11 profile inherited for a MASCO 2020 identity; not 2020-specific task evidence; test only.","exact_occupation"
"M132401","Railway Station Master","132401","322","9","1","1","7","low","2","0.2222","low","2","pending","research_pre_rating_only","inherited_current_emasco_profile","https://emasco.mohr.gov.my/masco/1324-01","M132401","132401","Railway Station Master","https://emasco.mohr.gov.my/masco/1324-01","2020","exact_normalized_title","high","322","https://www.dosm.gov.my/uploads/content-downloads/file_20220920110308.pdf#page=322","Current eMASCO D11 profile inherited for a MASCO 2020 identity; not 2020-specific task evidence; test only.","exact_occupation"
"M132402","Transport Manager","132402","322","9","3","0","6","medium","3","0.3333","medium","2","pending","research_pre_rating_only","inherited_current_emasco_profile","https://emasco.mohr.gov.my/masco/1324-02","M132402","132402","Transport Manager","https://emasco.mohr.gov.my/masco/1324-02","2020","exact_normalized_title","high","322","https://www.dosm.gov.my/uploads/content-downloads/file_20220920110308.pdf#page=322","Current eMASCO D11 profile inherited for a MASCO 2020 identity; not 2020-specific task evidence; test only.","exact_occupation"
"M132405","Logistics Manager","132405","322","10","3","0","7","medium","2","0.2","low","2","pending","research_pre_rating_only","inherited_current_emasco_profile","https://emasco.mohr.gov.my/masco/1214-04","M121404","121404","Supply Chain and Logistics Management Manager","https://emasco.mohr.gov.my/masco/1214-04","2020","combined_title_split","medium","322","https://www.dosm.gov.my/uploads/content-downloads/file_20220920110308.pdf#page=322","Current eMASCO D11 profile inherited for a MASCO 2020 identity; not 2020-specific task evidence; test only.","exact_occupation"
"M132414","Shipping Manager","132414","322","9","2","0","7","medium","2","0.2222","low","2","pending","research_pre_rating_only","inherited_current_emasco_profile","https://emasco.mohr.gov.my/masco/1324-04","M132404","132404","Port/Shipping Operations Manager","https://emasco.mohr.gov.my/masco/1324-04","2020","reviewed_functional_equivalent","medium","322","https://www.dosm.gov.my/uploads/content-downloads/file_20220920110308.pdf#page=322","Current eMASCO D11 profile inherited for a MASCO 2020 identity; not 2020-specific task evidence; test only.","exact_occupation"
"M132416","Manager, Halal Logistics Operation","132416","322","9","1","0","8","medium","0","0.0","low","2","pending","research_pre_rating_only","inherited_current_emasco_profile","https://emasco.mohr.gov.my/masco/1324-05","M132405","132405","Halal Logistics Operation Manager","https://emasco.mohr.gov.my/masco/1324-05","2020","title_variant","high","322","https://www.dosm.gov.my/uploads/content-downloads/file_20220920110308.pdf#page=322","Current eMASCO D11 profile inherited for a MASCO 2020 identity; not 2020-specific task evidence; test only.","exact_occupation"
"M151101","Chief Information Officer","151101","323","9","8","0","1","medium","7","0.7778","high","2","pending","research_pre_rating_only","inherited_current_emasco_profile","https://emasco.mohr.gov.my/masco/1511-01","M151101","151101","Chief Information Officer/Chief Data Officer/Chief Information Security Officer","https://emasco.mohr.gov.my/masco/1511-01","2020","combined_title_split","medium","323","https://www.dosm.gov.my/uploads/content-downloads/file_20220920110308.pdf#page=323","Current eMASCO D11 profile inherited for a MASCO 2020 identity; not 2020-specific task evidence; test only.","exact_occupation"
"M151102","Chief data officer","151102","323","9","8","0","1","medium","7","0.7778","high","2","pending","research_pre_rating_only","inherited_current_emasco_profile","https://emasco.mohr.gov.my/masco/1511-01","M151101","151101","Chief Information Officer/Chief Data Officer/Chief Information Security Officer","https://emasco.mohr.gov.my/masco/1511-01","2020","combined_title_split","medium","323","https://www.dosm.gov.my/uploads/content-downloads/file_20220920110308.pdf#page=323","Current eMASCO D11 profile inherited for a MASCO 2020 identity; not 2020-specific task evidence; test only.","exact_occupation"
"M151103","Chief Information Security Officer","151103","323","9","8","0","1","medium","7","0.7778","high","2","pending","research_pre_rating_only","inherited_current_emasco_profile","https://emasco.mohr.gov.my/masco/1511-01","M151101","151101","Chief Information Officer/Chief Data Officer/Chief Information Security Officer","https://emasco.mohr.gov.my/masco/1511-01","2020","combined_title_split","medium","323","https://www.dosm.gov.my/uploads/content-downloads/file_20220920110308.pdf#page=323","Current eMASCO D11 profile inherited for a MASCO 2020 identity; not 2020-specific task evidence; test only.","exact_occupation"
"M151106","Information Systems Manager","151106","323","10","4","0","6","medium","2","0.2","low","2","pending","research_pre_rating_only","inherited_current_emasco_profile","https://emasco.mohr.gov.my/masco/1511-02","M151102","151102","Information Systems Manager","https://emasco.mohr.gov.my/masco/1511-02","2020","exact_normalized_title","high","323","https://www.dosm.gov.my/uploads/content-downloads/file_20220920110308.pdf#page=323","Current eMASCO D11 profile inherited for a MASCO 2020 identity; not 2020-specific task evidence; test only.","exact_occupation"
"M151108","Village Community Center Manager","151108","323","10","4","0","6","medium","6","0.6","high","2","pending","research_pre_rating_only","inherited_current_emasco_profile","https://emasco.mohr.gov.my/masco/1511-03","M151103","151103","Village Community Center Manager (Information Technology)","https://emasco.mohr.gov.my/masco/1511-03","2020","reviewed_functional_equivalent","medium","323","https://www.dosm.gov.my/uploads/content-downloads/file_20220920110308.pdf#page=323","Current eMASCO D11 profile inherited for a MASCO 2020 identity; not 2020-specific task evidence; test only.","exact_occupation"
"M151112","Application Development Manager","151112","323","9","5","0","4","medium","3","0.3333","medium","2","pending","research_pre_rating_only","inherited_current_emasco_profile","https://emasco.mohr.gov.my/masco/1511-13","M151113","151113","Software and Applications Manager","https://emasco.mohr.gov.my/masco/1511-13","2020","combined_title_split","medium","323","https://www.dosm.gov.my/uploads/content-downloads/file_20220920110308.pdf#page=323","Current eMASCO D11 profile inherited for a MASCO 2020 identity; not 2020-specific task evidence; test only.","exact_occupation"
"M151113","Data Operations Manager","151113","323","8","8","0","0","high","8","1.0","high","2","pending","research_pre_rating_only","inherited_current_emasco_profile","https://emasco.mohr.gov.my/masco/1511-18","M151118","151118","Data Manager","https://emasco.mohr.gov.my/masco/1511-18","2020","reviewed_functional_equivalent","medium","323","https://www.dosm.gov.my/uploads/content-downloads/file_20220920110308.pdf#page=323","Current eMASCO D11 profile inherited for a MASCO 2020 identity; not 2020-specific task evidence; test only.","exact_occupation"
"M151116","Internet Service Provider","151116","323","8","2","0","6","medium","1","0.125","low","2","pending","research_pre_rating_only","inherited_current_emasco_profile","https://emasco.mohr.gov.my/masco/1511-04","M151104","151104","Internet Service Provider","https://emasco.mohr.gov.my/masco/1511-04","2020","exact_normalized_title","high","323","https://www.dosm.gov.my/uploads/content-downloads/file_20220920110308.pdf#page=323","Current eMASCO D11 profile inherited for a MASCO 2020 identity; not 2020-specific task evidence; test only.","exact_occupation"
"M151117","Network Manager","151117","323","10","6","0","4","medium","3","0.3","medium","2","pending","research_pre_rating_only","inherited_current_emasco_profile","https://emasco.mohr.gov.my/masco/1511-05","M151105","151105","Network/Communications/Infrastructure Manager","https://emasco.mohr.gov.my/masco/1511-05","2020","combined_title_split","medium","323","https://www.dosm.gov.my/uploads/content-downloads/file_20220920110308.pdf#page=323","Current eMASCO D11 profile inherited for a MASCO 2020 identity; not 2020-specific task evidence; test only.","exact_occupation"
"M151119","Audio Visual Manager","151119","323","8","3","1","4","low","2","0.25","low","2","pending","research_pre_rating_only","inherited_current_emasco_profile","https://emasco.mohr.gov.my/masco/1511-06","M151106","151106","Audio Visual Manager","https://emasco.mohr.gov.my/masco/1511-06","2020","exact_normalized_title","high","323","https://www.dosm.gov.my/uploads/content-downloads/file_20220920110308.pdf#page=323","Current eMASCO D11 profile inherited for a MASCO 2020 identity; not 2020-specific task evidence; test only.","exact_occupation"
"M151122","Information Technology Project Manager","151122","323","9","1","0","8","medium","1","0.1111","low","2","pending","research_pre_rating_only","inherited_current_emasco_profile","https://emasco.mohr.gov.my/masco/1511-07","M151107","151107","Information Technology Project Manager","https://emasco.mohr.gov.my/masco/1511-07","2020","exact_normalized_title","high","323","https://www.dosm.gov.my/uploads/content-downloads/file_20220920110308.pdf#page=323","Current eMASCO D11 profile inherited for a MASCO 2020 identity; not 2020-specific task evidence; test only.","exact_occupation"
"M151123","Information Technology Infrastructure Manager","151123","323","10","6","0","4","medium","3","0.3","medium","2","pending","research_pre_rating_only","inherited_current_emasco_profile","https://emasco.mohr.gov.my/masco/1511-05","M151105","151105","Network/Communications/Infrastructure Manager","https://emasco.mohr.gov.my/masco/1511-05","2020","combined_title_split","medium","323","https://www.dosm.gov.my/uploads/content-downloads/file_20220920110308.pdf#page=323","Current eMASCO D11 profile inherited for a MASCO 2020 identity; not 2020-specific task evidence; test only.","exact_occupation"
"M151124","Information Technology Programme Manager","151124","323","9","2","0","7","medium","7","0.7778","high","2","pending","research_pre_rating_only","inherited_current_emasco_profile","https://emasco.mohr.gov.my/masco/1511-08","M151108","151108","Information Technology Programme Manager","https://emasco.mohr.gov.my/masco/1511-08","2020","exact_normalized_title","high","323","https://www.dosm.gov.my/uploads/content-downloads/file_20220920110308.pdf#page=323","Current eMASCO D11 profile inherited for a MASCO 2020 identity; not 2020-specific task evidence; test only.","exact_occupation"
"M151127","Bioinformatics Manager","151127","323","8","7","0","1","medium","7","0.875","high","2","pending","research_pre_rating_only","inherited_current_emasco_profile","https://emasco.mohr.gov.my/masco/1511-09","M151109","151109","Bioinformatics Manager","https://emasco.mohr.gov.my/masco/1511-09","2020","exact_normalized_title","high","323","https://www.dosm.gov.my/uploads/content-downloads/file_20220920110308.pdf#page=323","Current eMASCO D11 profile inherited for a MASCO 2020 identity; not 2020-specific task evidence; test only.","exact_occupation"
"M151128","Creative Multimedia Manager","151128","323","9","1","0","8","medium","2","0.2222","low","2","pending","research_pre_rating_only","inherited_current_emasco_profile","https://emasco.mohr.gov.my/masco/1511-10","M151110","151110","Creative Multimedia Manager","https://emasco.mohr.gov.my/masco/1511-10","2020","exact_normalized_title","high","323","https://www.dosm.gov.my/uploads/content-downloads/file_20220920110308.pdf#page=323","Current eMASCO D11 profile inherited for a MASCO 2020 identity; not 2020-specific task evidence; test only.","exact_occupation"
"M151130","Network Operations Manager","151130","323","9","3","0","6","medium","1","0.1111","low","2","pending","research_pre_rating_only","inherited_current_emasco_profile","https://emasco.mohr.gov.my/masco/1511-11","M151111","151111","Network Operations Manager","https://emasco.mohr.gov.my/masco/1511-11","2020","exact_normalized_title","high","323","https://www.dosm.gov.my/uploads/content-downloads/file_20220920110308.pdf#page=323","Current eMASCO D11 profile inherited for a MASCO 2020 identity; not 2020-specific task evidence; test only.","exact_occupation"
"M151132","Information Technology Business Development Manager","151132","323","8","5","0","3","medium","1","0.125","low","2","pending","research_pre_rating_only","inherited_current_emasco_profile","https://emasco.mohr.gov.my/masco/1511-12","M151112","151112","Information Technology Business Development Manager","https://emasco.mohr.gov.my/masco/1511-12","2020","exact_normalized_title","high","323","https://www.dosm.gov.my/uploads/content-downloads/file_20220920110308.pdf#page=323","Current eMASCO D11 profile inherited for a MASCO 2020 identity; not 2020-specific task evidence; test only.","exact_occupation"
"M151135","Software Development Manager","151135","324","9","5","0","4","medium","3","0.3333","medium","2","pending","research_pre_rating_only","inherited_current_emasco_profile","https://emasco.mohr.gov.my/masco/1511-13","M151113","151113","Software and Applications Manager","https://emasco.mohr.gov.my/masco/1511-13","2020","combined_title_split","medium","324","https://www.dosm.gov.my/uploads/content-downloads/file_20220920110308.pdf#page=324","Current eMASCO D11 profile inherited for a MASCO 2020 identity; not 2020-specific task evidence; test only.","exact_occupation"
"M161202","Director, Nursing","161202","324","9","0","0","9","medium","0","0.0","low","2","pending","research_pre_rating_only","inherited_current_emasco_profile","https://emasco.mohr.gov.my/masco/1612-03","M161203","161203","Chief Nurse","https://emasco.mohr.gov.my/masco/1612-03","2020","reviewed_functional_equivalent","medium","324","https://www.dosm.gov.my/uploads/content-downloads/file_20220920110308.pdf#page=324","Current eMASCO D11 profile inherited for a MASCO 2020 identity; not 2020-specific task evidence; test only.","exact_occupation"
"M161210","Phytonutrients Manager","161210","324","8","2","0","6","medium","0","0.0","low","2","pending","research_pre_rating_only","inherited_current_emasco_profile","https://emasco.mohr.gov.my/masco/1612-01","M161201","161201","Phytonutrients Manager","https://emasco.mohr.gov.my/masco/1612-01","2020","exact_normalized_title","high","324","https://www.dosm.gov.my/uploads/content-downloads/file_20220920110308.pdf#page=324","Current eMASCO D11 profile inherited for a MASCO 2020 identity; not 2020-specific task evidence; test only.","exact_occupation"
"M161211","Health Educator","161211","324","8","1","0","7","medium","3","0.375","medium","2","pending","research_pre_rating_only","inherited_current_emasco_profile","https://emasco.mohr.gov.my/masco/1612-02","M161202","161202","Health Educator","https://emasco.mohr.gov.my/masco/1612-02","2020","exact_normalized_title","high","324","https://www.dosm.gov.my/uploads/content-downloads/file_20220920110308.pdf#page=324","Current eMASCO D11 profile inherited for a MASCO 2020 identity; not 2020-specific task evidence; test only.","exact_occupation"
"M211101","Physicist","211101","326","10","6","4","0","low","5","0.5","medium","2","pending","research_pre_rating_only","inherited_current_emasco_profile","https://emasco.mohr.gov.my/masco/2111-01","M211101","211101","Physicist","https://emasco.mohr.gov.my/masco/2111-01","2020","exact_normalized_title","high","326","https://www.dosm.gov.my/uploads/content-downloads/file_20220920110308.pdf#page=326","Current eMASCO D11 profile inherited for a MASCO 2020 identity; not 2020-specific task evidence; test only.","exact_occupation"
"M211129","Astronaut","211129","327","8","5","2","1","low","1","0.125","low","2","pending","research_pre_rating_only","inherited_current_emasco_profile","https://emasco.mohr.gov.my/masco/2111-02","M211102","211102","Astronaut","https://emasco.mohr.gov.my/masco/2111-02","2020","exact_normalized_title","high","327","https://www.dosm.gov.my/uploads/content-downloads/file_20220920110308.pdf#page=327","Current eMASCO D11 profile inherited for a MASCO 2020 identity; not 2020-specific task evidence; test only.","exact_occupation"
"M211201","Meteorological Officer Grade C41","211201","327","10","7","1","2","low","7","0.7","high","2","pending","research_pre_rating_only","inherited_current_emasco_profile","https://emasco.mohr.gov.my/masco/2112-04","M211204","211204","Meteorological Officer Grade C9","https://emasco.mohr.gov.my/masco/2112-04","2020","grade_reversion","high","327","https://www.dosm.gov.my/uploads/content-downloads/file_20220920110308.pdf#page=327","Current eMASCO D11 profile inherited for a MASCO 2020 identity; not 2020-specific task evidence; test only.","exact_occupation"
"M211202","Meteorologist","211202","327","8","6","0","2","medium","4","0.5","medium","2","pending","research_pre_rating_only","inherited_current_emasco_profile","https://emasco.mohr.gov.my/masco/2112-01","M211201","211201","Meteorologist","https://emasco.mohr.gov.my/masco/2112-01","2020","exact_normalized_title","high","327","https://www.dosm.gov.my/uploads/content-downloads/file_20220920110308.pdf#page=327","Current eMASCO D11 profile inherited for a MASCO 2020 identity; not 2020-specific task evidence; test only.","exact_occupation"
"M211210","Meteorologist, Environmental","211210","327","9","4","0","5","medium","4","0.4444","medium","2","pending","research_pre_rating_only","inherited_current_emasco_profile","https://emasco.mohr.gov.my/masco/2112-02","M211202","211202","Meteorologist (Environmental)","https://emasco.mohr.gov.my/masco/2112-02","2020","exact_normalized_title","high","327","https://www.dosm.gov.my/uploads/content-downloads/file_20220920110308.pdf#page=327","Current eMASCO D11 profile inherited for a MASCO 2020 identity; not 2020-specific task evidence; test only.","exact_occupation"
"M211211","Meteorologist, Numerical Weather Prediction Modeling","211211","327","9","3","0","6","medium","3","0.3333","medium","2","pending","research_pre_rating_only","inherited_current_emasco_profile","https://emasco.mohr.gov.my/masco/2112-03","M211203","211203","Meteorologist (Numerical Weather Prediction Modelling)","https://emasco.mohr.gov.my/masco/2112-03","2020","title_variant","high","327","https://www.dosm.gov.my/uploads/content-downloads/file_20220920110308.pdf#page=327","Current eMASCO D11 profile inherited for a MASCO 2020 identity; not 2020-specific task evidence; test only.","exact_occupation"
"M211302","Chemist","211302","327","8","5","1","2","low","5","0.625","high","2","pending","research_pre_rating_only","inherited_current_emasco_profile","https://emasco.mohr.gov.my/masco/2113-01","M211301","211301","Chemist","https://emasco.mohr.gov.my/masco/2113-01","2020","exact_normalized_title","high","327","https://www.dosm.gov.my/uploads/content-downloads/file_20220920110308.pdf#page=327","Current eMASCO D11 profile inherited for a MASCO 2020 identity; not 2020-specific task evidence; test only.","exact_occupation"
"M211402","Geologist","211402","328","8","6","0","2","medium","4","0.5","medium","2","pending","research_pre_rating_only","inherited_current_emasco_profile","https://emasco.mohr.gov.my/masco/2114-01","M211401","211401","Geologist","https://emasco.mohr.gov.my/masco/2114-01","2020","exact_normalized_title","high","328","https://www.dosm.gov.my/uploads/content-downloads/file_20220920110308.pdf#page=328","Current eMASCO D11 profile inherited for a MASCO 2020 identity; not 2020-specific task evidence; test only.","exact_occupation"
"M211424","Hydrologist","211424","328","7","3","0","4","medium","2","0.2857","low","2","pending","research_pre_rating_only","inherited_current_emasco_profile","https://emasco.mohr.gov.my/masco/2114-02","M211402","211402","Hydrologist","https://emasco.mohr.gov.my/masco/2114-02","2020","exact_normalized_title","high","328","https://www.dosm.gov.my/uploads/content-downloads/file_20220920110308.pdf#page=328","Current eMASCO D11 profile inherited for a MASCO 2020 identity; not 2020-specific task evidence; test only.","exact_occupation"
"M211432","Geoscientist","211432","328","9","7","0","2","medium","4","0.4444","medium","2","pending","research_pre_rating_only","inherited_current_emasco_profile","https://emasco.mohr.gov.my/masco/2114-03","M211403","211403","Geoscientist","https://emasco.mohr.gov.my/masco/2114-03","2020","exact_normalized_title","high","328","https://www.dosm.gov.my/uploads/content-downloads/file_20220920110308.pdf#page=328","Current eMASCO D11 profile inherited for a MASCO 2020 identity; not 2020-specific task evidence; test only.","exact_occupation"
"M212101","Statistician Grade E41","212101","328","10","8","0","2","medium","5","0.5","medium","2","pending","research_pre_rating_only","inherited_current_emasco_profile","https://emasco.mohr.gov.my/masco/2121-05","M212105","212105","Statistician Grade E9","https://emasco.mohr.gov.my/masco/2121-05","2020","grade_reversion","high","328","https://www.dosm.gov.my/uploads/content-downloads/file_20220920110308.pdf#page=328","Current eMASCO D11 profile inherited for a MASCO 2020 identity; not 2020-specific task evidence; test only.","exact_occupation"
"M212102","Mathematician","212102","329","7","6","0","1","medium","3","0.4286","medium","2","pending","research_pre_rating_only","inherited_current_emasco_profile","https://emasco.mohr.gov.my/masco/2121-01","M212101","212101","Mathematician","https://emasco.mohr.gov.my/masco/2121-01","2020","exact_normalized_title","high","329","https://www.dosm.gov.my/uploads/content-downloads/file_20220920110308.pdf#page=329","Current eMASCO D11 profile inherited for a MASCO 2020 identity; not 2020-specific task evidence; test only.","exact_occupation"
"M212106","Statistician, Applied Statistics","212106","329","8","8","0","0","high","7","0.875","high","2","pending","research_pre_rating_only","inherited_current_emasco_profile","https://emasco.mohr.gov.my/masco/2121-02","M212102","212102","Statistician","https://emasco.mohr.gov.my/masco/2121-02","2020","reviewed_functional_equivalent","medium","329","https://www.dosm.gov.my/uploads/content-downloads/file_20220920110308.pdf#page=329","Current eMASCO D11 profile inherited for a MASCO 2020 identity; not 2020-specific task evidence; test only.","exact_occupation"
"M212112","Pricing Actuarie","212112","329","8","6","0","2","medium","5","0.625","high","2","pending","research_pre_rating_only","inherited_current_emasco_profile","https://emasco.mohr.gov.my/masco/2121-03","M212103","212103","Actuary","https://emasco.mohr.gov.my/masco/2121-03","2020","combined_title_split","medium","329","https://www.dosm.gov.my/uploads/content-downloads/file_20220920110308.pdf#page=329","Current eMASCO D11 profile inherited for a MASCO 2020 identity; not 2020-specific task evidence; test only.","exact_occupation"
"M212113","Valuation Actuarie","212113","329","8","6","0","2","medium","5","0.625","high","2","pending","research_pre_rating_only","inherited_current_emasco_profile","https://emasco.mohr.gov.my/masco/2121-03","M212103","212103","Actuary","https://emasco.mohr.gov.my/masco/2121-03","2020","combined_title_split","medium","329","https://www.dosm.gov.my/uploads/content-downloads/file_20220920110308.pdf#page=329","Current eMASCO D11 profile inherited for a MASCO 2020 identity; not 2020-specific task evidence; test only.","exact_occupation"
"M212115","Metrologist","212115","329","8","5","1","2","low","4","0.5","medium","2","pending","research_pre_rating_only","inherited_current_emasco_profile","https://emasco.mohr.gov.my/masco/2121-04","M212104","212104","Metrologist","https://emasco.mohr.gov.my/masco/2121-04","2020","exact_normalized_title","high","329","https://www.dosm.gov.my/uploads/content-downloads/file_20220920110308.pdf#page=329","Current eMASCO D11 profile inherited for a MASCO 2020 identity; not 2020-specific task evidence; test only.","exact_occupation"
"M213101","Wildlife Officer Grade G41","213101","329","10","4","0","6","medium","2","0.2","low","2","pending","research_pre_rating_only","inherited_current_emasco_profile","https://emasco.mohr.gov.my/masco/2131-07","M213107","213107","Wildlife Officer Grade G9","https://emasco.mohr.gov.my/masco/2131-07","2020","grade_reversion","high","329","https://www.dosm.gov.my/uploads/content-downloads/file_20220920110308.pdf#page=329","Current eMASCO D11 profile inherited for a MASCO 2020 identity; not 2020-specific task evidence; test only.","exact_occupation"
"M213103","Microbiologist","213103","329","8","4","0","4","medium","3","0.375","medium","2","pending","research_pre_rating_only","inherited_current_emasco_profile","https://emasco.mohr.gov.my/masco/2131-01","M213101","213101","Microbiologist","https://emasco.mohr.gov.my/masco/2131-01","2020","exact_normalized_title","high","329","https://www.dosm.gov.my/uploads/content-downloads/file_20220920110308.pdf#page=329","Current eMASCO D11 profile inherited for a MASCO 2020 identity; not 2020-specific task evidence; test only.","exact_occupation"
"M213104","Serologist","213104","329","9","4","1","4","low","4","0.4444","medium","2","pending","research_pre_rating_only","inherited_current_emasco_profile","https://emasco.mohr.gov.my/masco/2131-02","M213102","213102","Serologist","https://emasco.mohr.gov.my/masco/2131-02","2020","exact_normalized_title","high","329","https://www.dosm.gov.my/uploads/content-downloads/file_20220920110308.pdf#page=329","Current eMASCO D11 profile inherited for a MASCO 2020 identity; not 2020-specific task evidence; test only.","exact_occupation"
"M213108","Biologist","213108","329","9","6","0","3","medium","3","0.3333","medium","2","pending","research_pre_rating_only","inherited_current_emasco_profile","https://emasco.mohr.gov.my/masco/2131-03","M213103","213103","Biologist","https://emasco.mohr.gov.my/masco/2131-03","2020","exact_normalized_title","high","329","https://www.dosm.gov.my/uploads/content-downloads/file_20220920110308.pdf#page=329","Current eMASCO D11 profile inherited for a MASCO 2020 identity; not 2020-specific task evidence; test only.","exact_occupation"
"M213117","Cystologist","213117","329","7","2","0","5","medium","2","0.2857","low","2","pending","research_pre_rating_only","inherited_current_emasco_profile","https://emasco.mohr.gov.my/masco/2131-04","M213104","213104","Cytologist","https://emasco.mohr.gov.my/masco/2131-04","2020","title_variant","high","329","https://www.dosm.gov.my/uploads/content-downloads/file_20220920110308.pdf#page=329","Current eMASCO D11 profile inherited for a MASCO 2020 identity; not 2020-specific task evidence; test only.","exact_occupation"
"M213120","Botanist","213120","329","8","8","0","0","high","3","0.375","medium","2","pending","research_pre_rating_only","inherited_current_emasco_profile","https://emasco.mohr.gov.my/masco/2131-05","M213105","213105","Botanist","https://emasco.mohr.gov.my/masco/2131-05","2020","exact_normalized_title","high","329","https://www.dosm.gov.my/uploads/content-downloads/file_20220920110308.pdf#page=329","Current eMASCO D11 profile inherited for a MASCO 2020 identity; not 2020-specific task evidence; test only.","exact_occupation"
"M213151","Ecologist","213151","330","9","4","0","5","medium","4","0.4444","medium","2","pending","research_pre_rating_only","inherited_current_emasco_profile","https://emasco.mohr.gov.my/masco/2131-06","M213106","213106","Ecologist","https://emasco.mohr.gov.my/masco/2131-06","2020","exact_normalized_title","high","330","https://www.dosm.gov.my/uploads/content-downloads/file_20220920110308.pdf#page=330","Current eMASCO D11 profile inherited for a MASCO 2020 identity; not 2020-specific task evidence; test only.","exact_occupation"
"M213169","Arborist","213169","330","10","10","0","0","high","5","0.5","medium","2","pending","research_pre_rating_only","inherited_current_emasco_profile","https://emasco.mohr.gov.my/masco/2133-04","M213304","213304","Horticulturist/Arborist","https://emasco.mohr.gov.my/masco/2133-04","2020","combined_title_split","medium","330","https://www.dosm.gov.my/uploads/content-downloads/file_20220920110308.pdf#page=330","Current eMASCO D11 profile inherited for a MASCO 2020 identity; not 2020-specific task evidence; test only.","exact_occupation"
"M213202","Conservator of Forests Grade G41","213202","330","10","5","1","4","low","4","0.4","medium","2","pending","research_pre_rating_only","inherited_current_emasco_profile","https://emasco.mohr.gov.my/masco/2132-06","M213206","213206","Conservator of Forests Grade G9","https://emasco.mohr.gov.my/masco/2132-06","2020","grade_reversion","high","330","https://www.dosm.gov.my/uploads/content-downloads/file_20220920110308.pdf#page=330","Current eMASCO D11 profile inherited for a MASCO 2020 identity; not 2020-specific task evidence; test only.","exact_occupation"
"M213203","Agricultural Officer Grade G41","213203","330","9","5","2","2","low","4","0.4444","medium","2","pending","research_pre_rating_only","inherited_current_emasco_profile","https://emasco.mohr.gov.my/masco/2132-07","M213207","213207","Agricultural Officer Grade G9","https://emasco.mohr.gov.my/masco/2132-07","2020","grade_reversion","high","330","https://www.dosm.gov.my/uploads/content-downloads/file_20220920110308.pdf#page=330","Current eMASCO D11 profile inherited for a MASCO 2020 identity; not 2020-specific task evidence; test only.","exact_occupation"
"M213204","Land Planning Officer Grade G41","213204","330","10","4","0","6","medium","7","0.7","high","2","pending","research_pre_rating_only","inherited_current_emasco_profile","https://emasco.mohr.gov.my/masco/2132-08","M213208","213208","Land Planning Officer Grade G9","https://emasco.mohr.gov.my/masco/2132-08","2020","grade_reversion","high","330","https://www.dosm.gov.my/uploads/content-downloads/file_20220920110308.pdf#page=330","Current eMASCO D11 profile inherited for a MASCO 2020 identity; not 2020-specific task evidence; test only.","exact_occupation"
"M213205","Agricultural Officer","213205","330","10","4","0","6","medium","2","0.2","low","2","pending","research_pre_rating_only","inherited_current_emasco_profile","https://emasco.mohr.gov.my/masco/2132-01","M213201","213201","Agricultural Officer","https://emasco.mohr.gov.my/masco/2132-01","2020","exact_normalized_title","high","330","https://www.dosm.gov.my/uploads/content-downloads/file_20220920110308.pdf#page=330","Current eMASCO D11 profile inherited for a MASCO 2020 identity; not 2020-specific task evidence; test only.","exact_occupation"
"M213209","Farm Demonstrator","213209","330","8","3","0","5","medium","2","0.25","low","2","pending","research_pre_rating_only","inherited_current_emasco_profile","https://emasco.mohr.gov.my/masco/2132-02","M213202","213202","Farm Demonstrator","https://emasco.mohr.gov.my/masco/2132-02","2020","exact_normalized_title","high","330","https://www.dosm.gov.my/uploads/content-downloads/file_20220920110308.pdf#page=330","Current eMASCO D11 profile inherited for a MASCO 2020 identity; not 2020-specific task evidence; test only.","exact_occupation"
"M213210","Forestry Officer","213210","330","9","3","0","6","medium","3","0.3333","medium","2","pending","research_pre_rating_only","inherited_current_emasco_profile","https://emasco.mohr.gov.my/masco/2132-03","M213203","213203","Forestry Officer","https://emasco.mohr.gov.my/masco/2132-03","2020","exact_normalized_title","high","330","https://www.dosm.gov.my/uploads/content-downloads/file_20220920110308.pdf#page=330","Current eMASCO D11 profile inherited for a MASCO 2020 identity; not 2020-specific task evidence; test only.","exact_occupation"
"M213214","Aquaculture Executive","213214","330","9","1","1","7","low","1","0.1111","low","2","pending","research_pre_rating_only","inherited_current_emasco_profile","https://emasco.mohr.gov.my/masco/2132-04","M213204","213204","Aquaculture Executive","https://emasco.mohr.gov.my/masco/2132-04","2020","exact_normalized_title","high","330","https://www.dosm.gov.my/uploads/content-downloads/file_20220920110308.pdf#page=330","Current eMASCO D11 profile inherited for a MASCO 2020 identity; not 2020-specific task evidence; test only.","exact_occupation"
"M213301","Environmental Control Officer Grade C41","213301","330","10","3","0","7","medium","6","0.6","high","2","pending","research_pre_rating_only","inherited_current_emasco_profile","https://emasco.mohr.gov.my/masco/2133-10","M213310","213310","Environmental Control Officer Grade C9","https://emasco.mohr.gov.my/masco/2133-10","2020","grade_reversion","high","330","https://www.dosm.gov.my/uploads/content-downloads/file_20220920110308.pdf#page=330","Current eMASCO D11 profile inherited for a MASCO 2020 identity; not 2020-specific task evidence; test only.","exact_occupation"
"M213302","Agronomist","213302","330","9","7","0","2","medium","3","0.3333","medium","2","pending","research_pre_rating_only","inherited_current_emasco_profile","https://emasco.mohr.gov.my/masco/2133-01","M213301","213301","Agronomist","https://emasco.mohr.gov.my/masco/2133-01","2020","exact_normalized_title","high","330","https://www.dosm.gov.my/uploads/content-downloads/file_20220920110308.pdf#page=330","Current eMASCO D11 profile inherited for a MASCO 2020 identity; not 2020-specific task evidence; test only.","exact_occupation"
"M213304","Agricultural Scientist","213304","330","9","4","0","5","medium","4","0.4444","medium","2","pending","research_pre_rating_only","inherited_current_emasco_profile","https://emasco.mohr.gov.my/masco/2133-02","M213302","213302","Agricultural Scientist","https://emasco.mohr.gov.my/masco/2133-02","2020","exact_normalized_title","high","330","https://www.dosm.gov.my/uploads/content-downloads/file_20220920110308.pdf#page=330","Current eMASCO D11 profile inherited for a MASCO 2020 identity; not 2020-specific task evidence; test only.","exact_occupation"
"M213305","Floriculturist","213305","330","8","5","1","2","low","3","0.375","medium","2","pending","research_pre_rating_only","inherited_current_emasco_profile","https://emasco.mohr.gov.my/masco/2133-03","M213303","213303","Floriculturist","https://emasco.mohr.gov.my/masco/2133-03","2020","exact_normalized_title","high","330","https://www.dosm.gov.my/uploads/content-downloads/file_20220920110308.pdf#page=330","Current eMASCO D11 profile inherited for a MASCO 2020 identity; not 2020-specific task evidence; test only.","exact_occupation"
"M213306","Horticulturist","213306","330","10","10","0","0","high","5","0.5","medium","2","pending","research_pre_rating_only","inherited_current_emasco_profile","https://emasco.mohr.gov.my/masco/2133-04","M213304","213304","Horticulturist/Arborist","https://emasco.mohr.gov.my/masco/2133-04","2020","combined_title_split","medium","330","https://www.dosm.gov.my/uploads/content-downloads/file_20220920110308.pdf#page=330","Current eMASCO D11 profile inherited for a MASCO 2020 identity; not 2020-specific task evidence; test only.","exact_occupation"
"M213315","Wood Analyst","213315","331","9","3","1","5","low","4","0.4444","medium","2","pending","research_pre_rating_only","inherited_current_emasco_profile","https://emasco.mohr.gov.my/masco/2133-05","M213305","213305","Wood Analyst","https://emasco.mohr.gov.my/masco/2133-05","2020","exact_normalized_title","high","331","https://www.dosm.gov.my/uploads/content-downloads/file_20220920110308.pdf#page=331","Current eMASCO D11 profile inherited for a MASCO 2020 identity; not 2020-specific task evidence; test only.","exact_occupation"
"M213316","Animal Scientist","213316","331","9","5","0","4","medium","4","0.4444","medium","2","pending","research_pre_rating_only","inherited_current_emasco_profile","https://emasco.mohr.gov.my/masco/2133-06","M213306","213306","Animal Scientist","https://emasco.mohr.gov.my/masco/2133-06","2020","exact_normalized_title","high","331","https://www.dosm.gov.my/uploads/content-downloads/file_20220920110308.pdf#page=331","Current eMASCO D11 profile inherited for a MASCO 2020 identity; not 2020-specific task evidence; test only.","exact_occupation"
"M213317","Environmental Research Scientist","213317","331","10","7","0","3","medium","4","0.4","medium","2","pending","research_pre_rating_only","inherited_current_emasco_profile","https://emasco.mohr.gov.my/masco/2133-07","M213307","213307","Environmental Research Scientist","https://emasco.mohr.gov.my/masco/2133-07","2020","exact_normalized_title","high","331","https://www.dosm.gov.my/uploads/content-downloads/file_20220920110308.pdf#page=331","Current eMASCO D11 profile inherited for a MASCO 2020 identity; not 2020-specific task evidence; test only.","exact_occupation"
"M213318","Conservation Officer","213318","331","7","4","0","3","medium","1","0.1429","low","2","pending","research_pre_rating_only","inherited_current_emasco_profile","https://emasco.mohr.gov.my/masco/2133-08","M213308","213308","Conservation Officer","https://emasco.mohr.gov.my/masco/2133-08","2020","exact_normalized_title","high","331","https://www.dosm.gov.my/uploads/content-downloads/file_20220920110308.pdf#page=331","Current eMASCO D11 profile inherited for a MASCO 2020 identity; not 2020-specific task evidence; test only.","exact_occupation"
"M213322","Environmental Consultant","213322","331","10","4","1","5","low","2","0.2","low","2","pending","research_pre_rating_only","inherited_current_emasco_profile","https://emasco.mohr.gov.my/masco/2133-09","M213309","213309","Environmental Consultant","https://emasco.mohr.gov.my/masco/2133-09","2020","exact_normalized_title","high","331","https://www.dosm.gov.my/uploads/content-downloads/file_20220920110308.pdf#page=331","Current eMASCO D11 profile inherited for a MASCO 2020 identity; not 2020-specific task evidence; test only.","exact_occupation"
"M213402","Biochemist","213402","331","9","6","0","3","medium","6","0.6667","high","2","pending","research_pre_rating_only","inherited_current_emasco_profile","https://emasco.mohr.gov.my/masco/2134-01","M213401","213401","Biochemist","https://emasco.mohr.gov.my/masco/2134-01","2020","exact_normalized_title","high","331","https://www.dosm.gov.my/uploads/content-downloads/file_20220920110308.pdf#page=331","Current eMASCO D11 profile inherited for a MASCO 2020 identity; not 2020-specific task evidence; test only.","exact_occupation"
"M213409","Endocrinologists","213409","331","8","2","0","6","medium","2","0.25","low","2","pending","research_pre_rating_only","inherited_current_emasco_profile","https://emasco.mohr.gov.my/masco/2134-02","M213402","213402","Endocrinologist","https://emasco.mohr.gov.my/masco/2134-02","2020","title_variant","high","331","https://www.dosm.gov.my/uploads/content-downloads/file_20220920110308.pdf#page=331","Current eMASCO D11 profile inherited for a MASCO 2020 identity; not 2020-specific task evidence; test only.","exact_occupation"
"M213410","Physiologists","213410","331","10","7","0","3","medium","4","0.4","medium","2","pending","research_pre_rating_only","inherited_current_emasco_profile","https://emasco.mohr.gov.my/masco/2134-03","M213403","213403","Physiologist","https://emasco.mohr.gov.my/masco/2134-03","2020","title_variant","high","331","https://www.dosm.gov.my/uploads/content-downloads/file_20220920110308.pdf#page=331","Current eMASCO D11 profile inherited for a MASCO 2020 identity; not 2020-specific task evidence; test only.","exact_occupation"
"M213416","Pharmacologists","213416","331","9","5","0","4","medium","4","0.4444","medium","2","pending","research_pre_rating_only","inherited_current_emasco_profile","https://emasco.mohr.gov.my/masco/2134-04","M213404","213404","Pharmacologist","https://emasco.mohr.gov.my/masco/2134-04","2020","title_variant","high","331","https://www.dosm.gov.my/uploads/content-downloads/file_20220920110308.pdf#page=331","Current eMASCO D11 profile inherited for a MASCO 2020 identity; not 2020-specific task evidence; test only.","exact_occupation"
"M213422","Pathologist","213422","331","9","3","1","5","low","3","0.3333","medium","2","pending","research_pre_rating_only","inherited_current_emasco_profile","https://emasco.mohr.gov.my/masco/2134-05","M213405","213405","Pathologist","https://emasco.mohr.gov.my/masco/2134-05","2020","exact_normalized_title","high","331","https://www.dosm.gov.my/uploads/content-downloads/file_20220920110308.pdf#page=331","Current eMASCO D11 profile inherited for a MASCO 2020 identity; not 2020-specific task evidence; test only.","exact_occupation"
"M213433","Bio-Fermentation Specialist","213433","331","6","4","1","1","low","2","0.3333","medium","2","pending","research_pre_rating_only","inherited_current_emasco_profile","https://emasco.mohr.gov.my/masco/2134-06","M213406","213406","Bio-Fermentation Specialist","https://emasco.mohr.gov.my/masco/2134-06","2020","exact_normalized_title","high","331","https://www.dosm.gov.my/uploads/content-downloads/file_20220920110308.pdf#page=331","Current eMASCO D11 profile inherited for a MASCO 2020 identity; not 2020-specific task evidence; test only.","exact_occupation"
"M213435","Bee Cultivation Specialist","213435","331","8","1","1","6","low","1","0.125","low","2","pending","research_pre_rating_only","inherited_current_emasco_profile","https://emasco.mohr.gov.my/masco/2134-07","M213407","213407","Bee Cultivation Specialist","https://emasco.mohr.gov.my/masco/2134-07","2020","exact_normalized_title","high","331","https://www.dosm.gov.my/uploads/content-downloads/file_20220920110308.pdf#page=331","Current eMASCO D11 profile inherited for a MASCO 2020 identity; not 2020-specific task evidence; test only.","exact_occupation"
"M213436","Embryologist","213436","331","8","2","1","5","low","2","0.25","low","2","pending","research_pre_rating_only","inherited_current_emasco_profile","https://emasco.mohr.gov.my/masco/2134-08","M213408","213408","Embryologist","https://emasco.mohr.gov.my/masco/2134-08","2020","exact_normalized_title","high","331","https://www.dosm.gov.my/uploads/content-downloads/file_20220920110308.pdf#page=331","Current eMASCO D11 profile inherited for a MASCO 2020 identity; not 2020-specific task evidence; test only.","exact_occupation"
"M214101","Automation Engineer","214101","331","10","3","2","5","low","5","0.5","medium","2","pending","research_pre_rating_only","inherited_current_emasco_profile","https://emasco.mohr.gov.my/masco/2141-01","M214101","214101","Automation Engineer","https://emasco.mohr.gov.my/masco/2141-01","2020","exact_normalized_title","high","331","https://www.dosm.gov.my/uploads/content-downloads/file_20220920110308.pdf#page=331","Current eMASCO D11 profile inherited for a MASCO 2020 identity; not 2020-specific task evidence; test only.","exact_occupation"
"M214102","Robotics Engineer","214102","331","9","5","0","4","medium","7","0.7778","high","2","pending","research_pre_rating_only","inherited_current_emasco_profile","https://emasco.mohr.gov.my/masco/2141-02","M214102","214102","Robotics Engineer","https://emasco.mohr.gov.my/masco/2141-02","2020","exact_normalized_title","high","331","https://www.dosm.gov.my/uploads/content-downloads/file_20220920110308.pdf#page=331","Current eMASCO D11 profile inherited for a MASCO 2020 identity; not 2020-specific task evidence; test only.","exact_occupation"
"M214103","Industrial Engineer","214103","331","10","6","2","2","low","6","0.6","high","2","pending","research_pre_rating_only","inherited_current_emasco_profile","https://emasco.mohr.gov.my/masco/2141-03","M214103","214103","Industrial Engineer","https://emasco.mohr.gov.my/masco/2141-03","2020","exact_normalized_title","high","331","https://www.dosm.gov.my/uploads/content-downloads/file_20220920110308.pdf#page=331","Current eMASCO D11 profile inherited for a MASCO 2020 identity; not 2020-specific task evidence; test only.","exact_occupation"
"M214106","Communication Analyst","214106","331","7","7","0","0","high","2","0.2857","low","2","pending","research_pre_rating_only","inherited_current_emasco_profile","https://emasco.mohr.gov.my/masco/2141-04","M214104","214104","Communication Analyst","https://emasco.mohr.gov.my/masco/2141-04","2020","exact_normalized_title","high","331","https://www.dosm.gov.my/uploads/content-downloads/file_20220920110308.pdf#page=331","Current eMASCO D11 profile inherited for a MASCO 2020 identity; not 2020-specific task evidence; test only.","exact_occupation"
"M214110","Systems Engineer (Except Computers)","214110","331","10","7","1","2","low","6","0.6","high","2","pending","research_pre_rating_only","inherited_current_emasco_profile","https://emasco.mohr.gov.my/masco/2141-05","M214105","214105","Systems Engineer (except Computers)","https://emasco.mohr.gov.my/masco/2141-05","2020","exact_normalized_title","high","331","https://www.dosm.gov.my/uploads/content-downloads/file_20220920110308.pdf#page=331","Current eMASCO D11 profile inherited for a MASCO 2020 identity; not 2020-specific task evidence; test only.","exact_occupation"
"M214111","Systems Design Engineer (Except Computers)","214111","332","9","9","0","0","high","7","0.7778","high","2","pending","research_pre_rating_only","inherited_current_emasco_profile","https://emasco.mohr.gov.my/masco/2141-06","M214106","214106","Systems Design Engineer (except Computers)","https://emasco.mohr.gov.my/masco/2141-06","2020","exact_normalized_title","high","332","https://www.dosm.gov.my/uploads/content-downloads/file_20220920110308.pdf#page=332","Current eMASCO D11 profile inherited for a MASCO 2020 identity; not 2020-specific task evidence; test only.","exact_occupation"
"M214115","Cost Evaluation Engineer","214115","332","9","3","1","5","low","3","0.3333","medium","2","pending","research_pre_rating_only","inherited_current_emasco_profile","https://emasco.mohr.gov.my/masco/2141-07","M214107","214107","Cost Evaluation Engineer","https://emasco.mohr.gov.my/masco/2141-07","2020","exact_normalized_title","high","332","https://www.dosm.gov.my/uploads/content-downloads/file_20220920110308.pdf#page=332","Current eMASCO D11 profile inherited for a MASCO 2020 identity; not 2020-specific task evidence; test only.","exact_occupation"
"M214120","Ceramics Technologist","214120","332","9","5","0","4","medium","5","0.5556","medium","2","pending","research_pre_rating_only","inherited_current_emasco_profile","https://emasco.mohr.gov.my/masco/2141-09","M214109","214109","Ceramics Technologist","https://emasco.mohr.gov.my/masco/2141-09","2020","exact_normalized_title","high","332","https://www.dosm.gov.my/uploads/content-downloads/file_20220920110308.pdf#page=332","Current eMASCO D11 profile inherited for a MASCO 2020 identity; not 2020-specific task evidence; test only.","exact_occupation"
"M214142","Photonic Engineer","214142","332","8","6","0","2","medium","6","0.75","high","2","pending","research_pre_rating_only","inherited_current_emasco_profile","https://emasco.mohr.gov.my/masco/2141-10","M214110","214110","Photonic Engineer","https://emasco.mohr.gov.my/masco/2141-10","2020","exact_normalized_title","high","332","https://www.dosm.gov.my/uploads/content-downloads/file_20220920110308.pdf#page=332","Current eMASCO D11 profile inherited for a MASCO 2020 identity; not 2020-specific task evidence; test only.","exact_occupation"
"M214144","SCADA Engineer","214144","332","6","5","0","1","medium","3","0.5","medium","2","pending","research_pre_rating_only","inherited_current_emasco_profile","https://emasco.mohr.gov.my/masco/2141-11","M214111","214111","Scada Engineer","https://emasco.mohr.gov.my/masco/2141-11","2020","exact_normalized_title","high","332","https://www.dosm.gov.my/uploads/content-downloads/file_20220920110308.pdf#page=332","Current eMASCO D11 profile inherited for a MASCO 2020 identity; not 2020-specific task evidence; test only.","exact_occupation"
"M214155","Energy Engineer","214155","332","10","8","0","2","medium","5","0.5","medium","2","pending","research_pre_rating_only","inherited_current_emasco_profile","https://emasco.mohr.gov.my/masco/2141-12","M214112","214112","Energy Engineer","https://emasco.mohr.gov.my/masco/2141-12","2020","exact_normalized_title","high","332","https://www.dosm.gov.my/uploads/content-downloads/file_20220920110308.pdf#page=332","Current eMASCO D11 profile inherited for a MASCO 2020 identity; not 2020-specific task evidence; test only.","exact_occupation"
"M214156","Renewable Energy Engineer","214156","332","9","5","1","3","low","4","0.4444","medium","2","pending","research_pre_rating_only","inherited_current_emasco_profile","https://emasco.mohr.gov.my/masco/2141-13","M214113","214113","Renewable Energy Engineer","https://emasco.mohr.gov.my/masco/2141-13","2020","exact_normalized_title","high","332","https://www.dosm.gov.my/uploads/content-downloads/file_20220920110308.pdf#page=332","Current eMASCO D11 profile inherited for a MASCO 2020 identity; not 2020-specific task evidence; test only.","exact_occupation"
"M214157","Environment Engineer","214157","332","9","3","0","6","medium","3","0.3333","medium","2","pending","research_pre_rating_only","inherited_current_emasco_profile","https://emasco.mohr.gov.my/masco/2141-14","M214114","214114","Environment Engineer","https://emasco.mohr.gov.my/masco/2141-14","2020","exact_normalized_title","high","332","https://www.dosm.gov.my/uploads/content-downloads/file_20220920110308.pdf#page=332","Current eMASCO D11 profile inherited for a MASCO 2020 identity; not 2020-specific task evidence; test only.","exact_occupation"
"M214159","Energy Auditor","214159","332","8","2","0","6","medium","2","0.25","low","2","pending","research_pre_rating_only","inherited_current_emasco_profile","https://emasco.mohr.gov.my/masco/2141-15","M214115","214115","Energy Auditor","https://emasco.mohr.gov.my/masco/2141-15","2020","exact_normalized_title","high","332","https://www.dosm.gov.my/uploads/content-downloads/file_20220920110308.pdf#page=332","Current eMASCO D11 profile inherited for a MASCO 2020 identity; not 2020-specific task evidence; test only.","exact_occupation"
"M214169","Materials Engineer","214169","332","9","6","0","3","medium","4","0.4444","medium","2","pending","research_pre_rating_only","inherited_current_emasco_profile","https://emasco.mohr.gov.my/masco/2141-16","M214116","214116","Materials Engineer","https://emasco.mohr.gov.my/masco/2141-16","2020","exact_normalized_title","high","332","https://www.dosm.gov.my/uploads/content-downloads/file_20220920110308.pdf#page=332","Current eMASCO D11 profile inherited for a MASCO 2020 identity; not 2020-specific task evidence; test only.","exact_occupation"
"M214202","Engineer Grade J41","214202","333","10","8","0","2","medium","5","0.5","medium","2","pending","research_pre_rating_only","inherited_current_emasco_profile","https://emasco.mohr.gov.my/masco/2142-06","M214206","214206","Engineer Grade J9","https://emasco.mohr.gov.my/masco/2142-06","2020","grade_reversion","high","333","https://www.dosm.gov.my/uploads/content-downloads/file_20220920110308.pdf#page=333","Current eMASCO D11 profile inherited for a MASCO 2020 identity; not 2020-specific task evidence; test only.","exact_occupation"
"M214206","Civil Engineering Technologist","214206","333","10","4","0","6","medium","3","0.3","medium","2","pending","research_pre_rating_only","inherited_current_emasco_profile","https://emasco.mohr.gov.my/masco/2142-01","M214201","214201","Civil Engineering Technologist","https://emasco.mohr.gov.my/masco/2142-01","2020","exact_normalized_title","high","333","https://www.dosm.gov.my/uploads/content-downloads/file_20220920110308.pdf#page=333","Current eMASCO D11 profile inherited for a MASCO 2020 identity; not 2020-specific task evidence; test only.","exact_occupation"
"M214207","Civil Engineer","214207","333","8","4","0","4","medium","4","0.5","medium","2","pending","research_pre_rating_only","inherited_current_emasco_profile","https://emasco.mohr.gov.my/masco/2142-02","M214202","214202","Civil Engineer","https://emasco.mohr.gov.my/masco/2142-02","2020","exact_normalized_title","high","333","https://www.dosm.gov.my/uploads/content-downloads/file_20220920110308.pdf#page=333","Current eMASCO D11 profile inherited for a MASCO 2020 identity; not 2020-specific task evidence; test only.","exact_occupation"
"M214238","Foundation Engineer","214238","333","9","3","0","6","medium","5","0.5556","medium","2","pending","research_pre_rating_only","inherited_current_emasco_profile","https://emasco.mohr.gov.my/masco/2142-03","M214203","214203","Foundation Engineer","https://emasco.mohr.gov.my/masco/2142-03","2020","exact_normalized_title","high","333","https://www.dosm.gov.my/uploads/content-downloads/file_20220920110308.pdf#page=333","Current eMASCO D11 profile inherited for a MASCO 2020 identity; not 2020-specific task evidence; test only.","exact_occupation"
"M214245","Quantity Surveyor Grade J41","214245","333","10","7","0","3","medium","6","0.6","high","2","pending","research_pre_rating_only","inherited_current_emasco_profile","https://emasco.mohr.gov.my/masco/2142-07","M214207","214207","Quantity Surveyor Grade J9/J10","https://emasco.mohr.gov.my/masco/2142-07","2020","grade_reversion","high","333","https://www.dosm.gov.my/uploads/content-downloads/file_20220920110308.pdf#page=333","Current eMASCO D11 profile inherited for a MASCO 2020 identity; not 2020-specific task evidence; test only.","exact_occupation"
"M214246","Building Surveyor Grade J41","214246","333","10","6","1","3","low","2","0.2","low","2","pending","research_pre_rating_only","inherited_current_emasco_profile","https://emasco.mohr.gov.my/masco/2142-08","M214208","214208","Building Surveyor Grade J9/J10","https://emasco.mohr.gov.my/masco/2142-08","2020","grade_reversion","high","333","https://www.dosm.gov.my/uploads/content-downloads/file_20220920110308.pdf#page=333","Current eMASCO D11 profile inherited for a MASCO 2020 identity; not 2020-specific task evidence; test only.","exact_occupation"
"M214248","Quantity Surveyor","214248","333","9","6","0","3","medium","4","0.4444","medium","2","pending","research_pre_rating_only","inherited_current_emasco_profile","https://emasco.mohr.gov.my/masco/2142-04","M214204","214204","Quantity Surveyor","https://emasco.mohr.gov.my/masco/2142-04","2020","exact_normalized_title","high","333","https://www.dosm.gov.my/uploads/content-downloads/file_20220920110308.pdf#page=333","Current eMASCO D11 profile inherited for a MASCO 2020 identity; not 2020-specific task evidence; test only.","exact_occupation"
"M214301","Environmental Engineer","214301","334","10","3","0","7","medium","2","0.2","low","2","pending","research_pre_rating_only","inherited_current_emasco_profile","https://emasco.mohr.gov.my/masco/2143-01","M214301","214301","Environmental Engineer","https://emasco.mohr.gov.my/masco/2143-01","2020","exact_normalized_title","high","334","https://www.dosm.gov.my/uploads/content-downloads/file_20220920110308.pdf#page=334","Current eMASCO D11 profile inherited for a MASCO 2020 identity; not 2020-specific task evidence; test only.","exact_occupation"
"M214305","Environmental Analyst","214305","334","9","5","0","4","medium","2","0.2222","low","2","pending","research_pre_rating_only","inherited_current_emasco_profile","https://emasco.mohr.gov.my/masco/2143-02","M214302","214302","Environmental Analyst","https://emasco.mohr.gov.my/masco/2143-02","2020","exact_normalized_title","high","334","https://www.dosm.gov.my/uploads/content-downloads/file_20220920110308.pdf#page=334","Current eMASCO D11 profile inherited for a MASCO 2020 identity; not 2020-specific task evidence; test only.","exact_occupation"
"M214402","Mechanical Engineer","214402","334","8","4","2","2","low","6","0.75","high","2","pending","research_pre_rating_only","inherited_current_emasco_profile","https://emasco.mohr.gov.my/masco/2144-01","M214401","214401","Mechanical Engineer","https://emasco.mohr.gov.my/masco/2144-01","2020","exact_normalized_title","high","334","https://www.dosm.gov.my/uploads/content-downloads/file_20220920110308.pdf#page=334","Current eMASCO D11 profile inherited for a MASCO 2020 identity; not 2020-specific task evidence; test only.","exact_occupation"
"M214404","Lift Engineer","214404","334","7","3","0","4","medium","2","0.2857","low","2","pending","research_pre_rating_only","inherited_current_emasco_profile","https://emasco.mohr.gov.my/masco/2144-02","M214402","214402","Lift Engineer","https://emasco.mohr.gov.my/masco/2144-02","2020","exact_normalized_title","high","334","https://www.dosm.gov.my/uploads/content-downloads/file_20220920110308.pdf#page=334","Current eMASCO D11 profile inherited for a MASCO 2020 identity; not 2020-specific task evidence; test only.","exact_occupation"
"M214413","Internal Combustion Engine Engineer","214413","334","8","2","2","4","low","3","0.375","medium","2","pending","research_pre_rating_only","inherited_current_emasco_profile","https://emasco.mohr.gov.my/masco/2144-03","M214403","214403","Competent Person (CP) - Internal Combustion Engine Engineer","https://emasco.mohr.gov.my/masco/2144-03","2020","reviewed_functional_equivalent","medium","334","https://www.dosm.gov.my/uploads/content-downloads/file_20220920110308.pdf#page=334","Current eMASCO D11 profile inherited for a MASCO 2020 identity; not 2020-specific task evidence; test only.","exact_occupation"
"M214436","Welding Engineer","214436","334","10","2","1","7","low","3","0.3","medium","2","pending","research_pre_rating_only","inherited_current_emasco_profile","https://emasco.mohr.gov.my/masco/2144-04","M214404","214404","Welding Engineer","https://emasco.mohr.gov.my/masco/2144-04","2020","exact_normalized_title","high","334","https://www.dosm.gov.my/uploads/content-downloads/file_20220920110308.pdf#page=334","Current eMASCO D11 profile inherited for a MASCO 2020 identity; not 2020-specific task evidence; test only.","exact_occupation"
"M214443","Engineering Technologist","214443","334","10","6","2","2","low","6","0.6","high","2","pending","research_pre_rating_only","inherited_current_emasco_profile","https://emasco.mohr.gov.my/masco/2144-05","M214405","214405","Engineering Technologist","https://emasco.mohr.gov.my/masco/2144-05","2020","exact_normalized_title","high","334","https://www.dosm.gov.my/uploads/content-downloads/file_20220920110308.pdf#page=334","Current eMASCO D11 profile inherited for a MASCO 2020 identity; not 2020-specific task evidence; test only.","exact_occupation"
"M214458","Robotic Technologist","214458","335","8","5","0","3","medium","5","0.625","high","2","pending","research_pre_rating_only","inherited_current_emasco_profile","https://emasco.mohr.gov.my/masco/2144-06","M214406","214406","Robotic Technologist","https://emasco.mohr.gov.my/masco/2144-06","2020","exact_normalized_title","high","335","https://www.dosm.gov.my/uploads/content-downloads/file_20220920110308.pdf#page=335","Current eMASCO D11 profile inherited for a MASCO 2020 identity; not 2020-specific task evidence; test only.","exact_occupation"
"M214459","Aerospace Engineer","214459","335","8","7","0","1","medium","6","0.75","high","2","pending","research_pre_rating_only","inherited_current_emasco_profile","https://emasco.mohr.gov.my/masco/2144-07","M214407","214407","Aerospace Engineer","https://emasco.mohr.gov.my/masco/2144-07","2020","exact_normalized_title","high","335","https://www.dosm.gov.my/uploads/content-downloads/file_20220920110308.pdf#page=335","Current eMASCO D11 profile inherited for a MASCO 2020 identity; not 2020-specific task evidence; test only.","exact_occupation"
"M214503","Chemical Engineer","214503","335","10","3","2","5","low","5","0.5","medium","2","pending","research_pre_rating_only","inherited_current_emasco_profile","https://emasco.mohr.gov.my/masco/2145-01","M214501","214501","Chemical Engineer","https://emasco.mohr.gov.my/masco/2145-01","2020","exact_normalized_title","high","335","https://www.dosm.gov.my/uploads/content-downloads/file_20220920110308.pdf#page=335","Current eMASCO D11 profile inherited for a MASCO 2020 identity; not 2020-specific task evidence; test only.","exact_occupation"
"M214601","Mining Engineer","214601","335","10","3","2","5","low","3","0.3","medium","2","pending","research_pre_rating_only","inherited_current_emasco_profile","https://emasco.mohr.gov.my/masco/2146-01","M214601","214601","Mining Engineer","https://emasco.mohr.gov.my/masco/2146-01","2020","exact_normalized_title","high","335","https://www.dosm.gov.my/uploads/content-downloads/file_20220920110308.pdf#page=335","Current eMASCO D11 profile inherited for a MASCO 2020 identity; not 2020-specific task evidence; test only.","exact_occupation"
"M214606","Petroleum Mining Engineer","214606","335","10","2","3","5","low","3","0.3","medium","2","pending","research_pre_rating_only","inherited_current_emasco_profile","https://emasco.mohr.gov.my/masco/2146-02","M214602","214602","Petroleum Mining Engineer","https://emasco.mohr.gov.my/masco/2146-02","2020","exact_normalized_title","high","335","https://www.dosm.gov.my/uploads/content-downloads/file_20220920110308.pdf#page=335","Current eMASCO D11 profile inherited for a MASCO 2020 identity; not 2020-specific task evidence; test only.","exact_occupation"
"M214609","Metallurgist","214609","335","8","4","2","2","low","4","0.5","medium","2","pending","research_pre_rating_only","inherited_current_emasco_profile","https://emasco.mohr.gov.my/masco/2146-03","M214603","214603","Metallurgist","https://emasco.mohr.gov.my/masco/2146-03","2020","exact_normalized_title","high","335","https://www.dosm.gov.my/uploads/content-downloads/file_20220920110308.pdf#page=335","Current eMASCO D11 profile inherited for a MASCO 2020 identity; not 2020-specific task evidence; test only.","exact_occupation"
"M214616","Assayer","214616","335","9","4","2","3","low","7","0.7778","high","2","pending","research_pre_rating_only","inherited_current_emasco_profile","https://emasco.mohr.gov.my/masco/2146-04","M214604","214604","Assayer","https://emasco.mohr.gov.my/masco/2146-04","2020","exact_normalized_title","high","335","https://www.dosm.gov.my/uploads/content-downloads/file_20220920110308.pdf#page=335","Current eMASCO D11 profile inherited for a MASCO 2020 identity; not 2020-specific task evidence; test only.","exact_occupation"
"M214624","Marine Section Leader","214624","336","9","1","1","7","low","1","0.1111","low","2","pending","research_pre_rating_only","inherited_current_emasco_profile","https://emasco.mohr.gov.my/masco/2146-05","M214605","214605","Marine Section Leader","https://emasco.mohr.gov.my/masco/2146-05","2020","exact_normalized_title","high","336","https://www.dosm.gov.my/uploads/content-downloads/file_20220920110308.pdf#page=336","Current eMASCO D11 profile inherited for a MASCO 2020 identity; not 2020-specific task evidence; test only.","exact_occupation"
"M214641","Hydraulics Engineer","214641","336","10","6","2","2","low","3","0.3","medium","2","pending","research_pre_rating_only","inherited_current_emasco_profile","https://emasco.mohr.gov.my/masco/2146-06","M214606","214606","Hydraulics Engineer","https://emasco.mohr.gov.my/masco/2146-06","2020","exact_normalized_title","high","336","https://www.dosm.gov.my/uploads/content-downloads/file_20220920110308.pdf#page=336","Current eMASCO D11 profile inherited for a MASCO 2020 identity; not 2020-specific task evidence; test only.","exact_occupation"
"M214642","Water Management Engineer","214642","336","5","4","0","1","medium","2","0.4","medium","2","pending","research_pre_rating_only","inherited_current_emasco_profile","https://emasco.mohr.gov.my/masco/2146-07","M214607","214607","Water Management Engineer","https://emasco.mohr.gov.my/masco/2146-07","2020","exact_normalized_title","high","336","https://www.dosm.gov.my/uploads/content-downloads/file_20220920110308.pdf#page=336","Current eMASCO D11 profile inherited for a MASCO 2020 identity; not 2020-specific task evidence; test only.","exact_occupation"
"M214645","Pipeline Mechanical Engineer","214645","336","9","2","1","6","low","4","0.4444","medium","2","pending","research_pre_rating_only","inherited_current_emasco_profile","https://emasco.mohr.gov.my/masco/2146-08","M214608","214608","Pipeline Mechanical Engineer","https://emasco.mohr.gov.my/masco/2146-08","2020","exact_normalized_title","high","336","https://www.dosm.gov.my/uploads/content-downloads/file_20220920110308.pdf#page=336","Current eMASCO D11 profile inherited for a MASCO 2020 identity; not 2020-specific task evidence; test only.","exact_occupation"
"M214648","Pipe Stress Engineer","214648","336","8","5","0","3","medium","5","0.625","high","2","pending","research_pre_rating_only","inherited_current_emasco_profile","https://emasco.mohr.gov.my/masco/2146-09","M214609","214609","Pipe Stress Engineer","https://emasco.mohr.gov.my/masco/2146-09","2020","exact_normalized_title","high","336","https://www.dosm.gov.my/uploads/content-downloads/file_20220920110308.pdf#page=336","Current eMASCO D11 profile inherited for a MASCO 2020 identity; not 2020-specific task evidence; test only.","exact_occupation"
"M214649","Blasting Expert","214649","336","10","3","0","7","medium","3","0.3","medium","2","pending","research_pre_rating_only","inherited_current_emasco_profile","https://emasco.mohr.gov.my/masco/2146-10","M214610","214610","Blasting Expert (Mine)","https://emasco.mohr.gov.my/masco/2146-10","2020","reviewed_functional_equivalent","medium","336","https://www.dosm.gov.my/uploads/content-downloads/file_20220920110308.pdf#page=336","Current eMASCO D11 profile inherited for a MASCO 2020 identity; not 2020-specific task evidence; test only.","exact_occupation"
"M214901","Explosive Ordnance Engineer","214901","336","8","2","1","5","low","2","0.25","low","2","pending","research_pre_rating_only","inherited_current_emasco_profile","https://emasco.mohr.gov.my/masco/2149-01","M214901","214901","Explosive Ordnance Engineer","https://emasco.mohr.gov.my/masco/2149-01","2020","exact_normalized_title","high","336","https://www.dosm.gov.my/uploads/content-downloads/file_20220920110308.pdf#page=336","Current eMASCO D11 profile inherited for a MASCO 2020 identity; not 2020-specific task evidence; test only.","exact_occupation"
"M214902","Marine Salvage Engineer","214902","336","10","2","1","7","low","1","0.1","low","2","pending","research_pre_rating_only","inherited_current_emasco_profile","https://emasco.mohr.gov.my/masco/2149-02","M214902","214902","Marine Salvage Engineer","https://emasco.mohr.gov.my/masco/2149-02","2020","exact_normalized_title","high","336","https://www.dosm.gov.my/uploads/content-downloads/file_20220920110308.pdf#page=336","Current eMASCO D11 profile inherited for a MASCO 2020 identity; not 2020-specific task evidence; test only.","exact_occupation"
"M214907","Industrial Health and Safety Engineer","214907","336","8","4","0","4","medium","3","0.375","medium","2","pending","research_pre_rating_only","inherited_current_emasco_profile","https://emasco.mohr.gov.my/masco/2149-04","M214904","214904","Industrial Health and Safety Engineer","https://emasco.mohr.gov.my/masco/2149-04","2020","exact_normalized_title","high","336","https://www.dosm.gov.my/uploads/content-downloads/file_20220920110308.pdf#page=336","Current eMASCO D11 profile inherited for a MASCO 2020 identity; not 2020-specific task evidence; test only.","exact_occupation"
"M214913","Field Service Engineer","214913","336","8","1","5","2","low","3","0.375","medium","2","pending","research_pre_rating_only","inherited_current_emasco_profile","https://emasco.mohr.gov.my/masco/2149-05","M214905","214905","Field Service Engineer","https://emasco.mohr.gov.my/masco/2149-05","2020","exact_normalized_title","high","336","https://www.dosm.gov.my/uploads/content-downloads/file_20220920110308.pdf#page=336","Current eMASCO D11 profile inherited for a MASCO 2020 identity; not 2020-specific task evidence; test only.","exact_occupation"
"M214918","Research Engineer","214918","336","10","9","1","0","low","5","0.5","medium","2","pending","research_pre_rating_only","inherited_current_emasco_profile","https://emasco.mohr.gov.my/masco/2149-06","M214906","214906","Research Engineer","https://emasco.mohr.gov.my/masco/2149-06","2020","exact_normalized_title","high","336","https://www.dosm.gov.my/uploads/content-downloads/file_20220920110308.pdf#page=336","Current eMASCO D11 profile inherited for a MASCO 2020 identity; not 2020-specific task evidence; test only.","exact_occupation"
"M214919","Biomedical Engineer","214919","336","9","1","4","4","low","3","0.3333","medium","2","pending","research_pre_rating_only","inherited_current_emasco_profile","https://emasco.mohr.gov.my/masco/2149-07","M214907","214907","Biomedical Engineer","https://emasco.mohr.gov.my/masco/2149-07","2020","exact_normalized_title","high","336","https://www.dosm.gov.my/uploads/content-downloads/file_20220920110308.pdf#page=336","Current eMASCO D11 profile inherited for a MASCO 2020 identity; not 2020-specific task evidence; test only.","exact_occupation"
"M214920","Optical Engineer","214920","336","7","6","0","1","medium","4","0.5714","medium","2","pending","research_pre_rating_only","inherited_current_emasco_profile","https://emasco.mohr.gov.my/masco/2149-08","M214908","214908","Optical Engineer","https://emasco.mohr.gov.my/masco/2149-08","2020","exact_normalized_title","high","336","https://www.dosm.gov.my/uploads/content-downloads/file_20220920110308.pdf#page=336","Current eMASCO D11 profile inherited for a MASCO 2020 identity; not 2020-specific task evidence; test only.","exact_occupation"
"M214921","Quality Assurance/Quality Control Inspection Engineer (QA/QC)","214921","336","8","3","0","5","medium","5","0.625","high","2","pending","research_pre_rating_only","inherited_current_emasco_profile","https://emasco.mohr.gov.my/masco/2149-09","M214909","214909","Quality Assurance/Quality Control Inspection Engineer (QA/QC)","https://emasco.mohr.gov.my/masco/2149-09","2020","exact_normalized_title","high","336","https://www.dosm.gov.my/uploads/content-downloads/file_20220920110308.pdf#page=336","Current eMASCO D11 profile inherited for a MASCO 2020 identity; not 2020-specific task evidence; test only.","exact_occupation"
"M214922","Factories and Machinery Inspector Grade J41","214922","337","10","4","4","2","low","8","0.8","high","2","pending","research_pre_rating_only","inherited_current_emasco_profile","https://emasco.mohr.gov.my/masco/2149-13","M214913","214913","Factories and Machinery Inspector Grade J9","https://emasco.mohr.gov.my/masco/2149-13","2020","grade_reversion","high","337","https://www.dosm.gov.my/uploads/content-downloads/file_20220920110308.pdf#page=337","Current eMASCO D11 profile inherited for a MASCO 2020 identity; not 2020-specific task evidence; test only.","exact_occupation"
"M214923","Commissioning Engineer","214923","337","8","5","0","3","medium","2","0.25","low","2","pending","research_pre_rating_only","inherited_current_emasco_profile","https://emasco.mohr.gov.my/masco/2149-10","M214910","214910","Commissioning Engineer","https://emasco.mohr.gov.my/masco/2149-10","2020","exact_normalized_title","high","337","https://www.dosm.gov.my/uploads/content-downloads/file_20220920110308.pdf#page=337","Current eMASCO D11 profile inherited for a MASCO 2020 identity; not 2020-specific task evidence; test only.","exact_occupation"
"M215102","Electrical Engineer","215102","337","10","3","3","4","low","6","0.6","high","2","pending","research_pre_rating_only","inherited_current_emasco_profile","https://emasco.mohr.gov.my/masco/2151-01","M215101","215101","Electrical Engineer","https://emasco.mohr.gov.my/masco/2151-01","2020","exact_normalized_title","high","337","https://www.dosm.gov.my/uploads/content-downloads/file_20220920110308.pdf#page=337","Current eMASCO D11 profile inherited for a MASCO 2020 identity; not 2020-specific task evidence; test only.","exact_occupation"
"M215135","Electrical Energy Auditor","215135","337","9","3","2","4","low","2","0.2222","low","2","pending","research_pre_rating_only","inherited_current_emasco_profile","https://emasco.mohr.gov.my/masco/2151-02","M215102","215102","Electrical Energy Auditor","https://emasco.mohr.gov.my/masco/2151-02","2020","exact_normalized_title","high","337","https://www.dosm.gov.my/uploads/content-downloads/file_20220920110308.pdf#page=337","Current eMASCO D11 profile inherited for a MASCO 2020 identity; not 2020-specific task evidence; test only.","exact_occupation"
"M215136","Electrical Superintendent","215136","337","7","1","0","6","medium","2","0.2857","low","2","pending","research_pre_rating_only","inherited_current_emasco_profile","https://emasco.mohr.gov.my/masco/2151-03","M215103","215103","Electrical Superintendent","https://emasco.mohr.gov.my/masco/2151-03","2020","exact_normalized_title","high","337","https://www.dosm.gov.my/uploads/content-downloads/file_20220920110308.pdf#page=337","Current eMASCO D11 profile inherited for a MASCO 2020 identity; not 2020-specific task evidence; test only.","exact_occupation"
"M215202","Electronics Engineer","215202","337","9","2","2","5","low","4","0.4444","medium","2","pending","research_pre_rating_only","inherited_current_emasco_profile","https://emasco.mohr.gov.my/masco/2152-01","M215201","215201","Electronics Engineer","https://emasco.mohr.gov.my/masco/2152-01","2020","exact_normalized_title","high","337","https://www.dosm.gov.my/uploads/content-downloads/file_20220920110308.pdf#page=337","Current eMASCO D11 profile inherited for a MASCO 2020 identity; not 2020-specific task evidence; test only.","exact_occupation"
"M215236","Integrated Circuit Package Assembly Process Engineer (IC)","215236","338","7","5","0","2","medium","6","0.8571","high","2","pending","research_pre_rating_only","inherited_current_emasco_profile","https://emasco.mohr.gov.my/masco/2152-02","M215202","215202","Integrated Circuit (IC) Package Assembly Process Engineer","https://emasco.mohr.gov.my/masco/2152-02","2020","title_variant","high","338","https://www.dosm.gov.my/uploads/content-downloads/file_20220920110308.pdf#page=338","Current eMASCO D11 profile inherited for a MASCO 2020 identity; not 2020-specific task evidence; test only.","exact_occupation"
"M215301","Telecommunications Engineer","215301","338","5","4","0","1","medium","3","0.6","high","2","pending","research_pre_rating_only","inherited_current_emasco_profile","https://emasco.mohr.gov.my/masco/2153-01","M215301","215301","Telecommunications Engineer","https://emasco.mohr.gov.my/masco/2153-01","2020","exact_normalized_title","high","338","https://www.dosm.gov.my/uploads/content-downloads/file_20220920110308.pdf#page=338","Current eMASCO D11 profile inherited for a MASCO 2020 identity; not 2020-specific task evidence; test only.","exact_occupation"
"M215323","Network and System Engineer","215323","338","7","4","0","3","medium","3","0.4286","medium","2","pending","research_pre_rating_only","inherited_current_emasco_profile","https://emasco.mohr.gov.my/masco/2153-02","M215302","215302","Network and Systems Engineer","https://emasco.mohr.gov.my/masco/2153-02","2020","title_variant","high","338","https://www.dosm.gov.my/uploads/content-downloads/file_20220920110308.pdf#page=338","Current eMASCO D11 profile inherited for a MASCO 2020 identity; not 2020-specific task evidence; test only.","exact_occupation"
"M215330","Acoustic Engineer","215330","338","9","5","2","2","low","2","0.2222","low","2","pending","research_pre_rating_only","inherited_current_emasco_profile","https://emasco.mohr.gov.my/masco/2153-03","M215303","215303","Acoustic Engineer","https://emasco.mohr.gov.my/masco/2153-03","2020","exact_normalized_title","high","338","https://www.dosm.gov.my/uploads/content-downloads/file_20220920110308.pdf#page=338","Current eMASCO D11 profile inherited for a MASCO 2020 identity; not 2020-specific task evidence; test only.","exact_occupation"
"M216101","Architect Grade J41","216101","338","10","6","0","4","medium","3","0.3","medium","2","pending","research_pre_rating_only","inherited_current_emasco_profile","https://emasco.mohr.gov.my/masco/2161-02","M216102","216102","Architect Grade J9/J10","https://emasco.mohr.gov.my/masco/2161-02","2020","grade_reversion","high","338","https://www.dosm.gov.my/uploads/content-downloads/file_20220920110308.pdf#page=338","Current eMASCO D11 profile inherited for a MASCO 2020 identity; not 2020-specific task evidence; test only.","exact_occupation"
"M216102","Architect","216102","339","10","6","1","3","low","9","0.9","high","2","pending","research_pre_rating_only","inherited_current_emasco_profile","https://emasco.mohr.gov.my/masco/2161-01","M216101","216101","Architect","https://emasco.mohr.gov.my/masco/2161-01","2020","exact_normalized_title","high","339","https://www.dosm.gov.my/uploads/content-downloads/file_20220920110308.pdf#page=339","Current eMASCO D11 profile inherited for a MASCO 2020 identity; not 2020-specific task evidence; test only.","exact_occupation"
"M216201","Landscape Architect Grade J41","216201","339","11","11","0","0","high","5","0.4545","medium","2","pending","research_pre_rating_only","inherited_current_emasco_profile","https://emasco.mohr.gov.my/masco/2162-02","M216202","216202","Landscape Architect Grade J9","https://emasco.mohr.gov.my/masco/2162-02","2020","grade_reversion","high","339","https://www.dosm.gov.my/uploads/content-downloads/file_20220920110308.pdf#page=339","Current eMASCO D11 profile inherited for a MASCO 2020 identity; not 2020-specific task evidence; test only.","exact_occupation"
"M216202","Landscape Architect","216202","339","8","6","0","2","medium","7","0.875","high","2","pending","research_pre_rating_only","inherited_current_emasco_profile","https://emasco.mohr.gov.my/masco/2162-01","M216201","216201","Landscape Architect","https://emasco.mohr.gov.my/masco/2162-01","2020","exact_normalized_title","high","339","https://www.dosm.gov.my/uploads/content-downloads/file_20220920110308.pdf#page=339","Current eMASCO D11 profile inherited for a MASCO 2020 identity; not 2020-specific task evidence; test only.","exact_occupation"
"M216301","Commercial Products Designer","216301","339","9","9","0","0","high","9","1.0","high","2","pending","research_pre_rating_only","inherited_current_emasco_profile","https://emasco.mohr.gov.my/masco/2163-01","M216301","216301","Commercial Products Designer","https://emasco.mohr.gov.my/masco/2163-01","2020","exact_normalized_title","high","339","https://www.dosm.gov.my/uploads/content-downloads/file_20220920110308.pdf#page=339","Current eMASCO D11 profile inherited for a MASCO 2020 identity; not 2020-specific task evidence; test only.","exact_occupation"
"M216326","Green Technology Design Professional","216326","339","10","8","0","2","medium","6","0.6","high","2","pending","research_pre_rating_only","inherited_current_emasco_profile","https://emasco.mohr.gov.my/masco/2163-02","M216302","216302","Green Technology Design Professional","https://emasco.mohr.gov.my/masco/2163-02","2020","exact_normalized_title","high","339","https://www.dosm.gov.my/uploads/content-downloads/file_20220920110308.pdf#page=339","Current eMASCO D11 profile inherited for a MASCO 2020 identity; not 2020-specific task evidence; test only.","exact_occupation"
"M216401","Urban and Rural Planning Officer Grade J41","216401","339","11","8","0","3","medium","1","0.0909","low","2","pending","research_pre_rating_only","inherited_current_emasco_profile","https://emasco.mohr.gov.my/masco/2164-04","M216404","216404","Urban and Rural Planning Officer Grade J9","https://emasco.mohr.gov.my/masco/2164-04","2020","grade_reversion","high","339","https://www.dosm.gov.my/uploads/content-downloads/file_20220920110308.pdf#page=339","Current eMASCO D11 profile inherited for a MASCO 2020 identity; not 2020-specific task evidence; test only.","exact_occupation"
"M216402","Town Planner","216402","339","9","8","0","1","medium","3","0.3333","medium","2","pending","research_pre_rating_only","inherited_current_emasco_profile","https://emasco.mohr.gov.my/masco/2164-01","M216401","216401","Town Planner","https://emasco.mohr.gov.my/masco/2164-01","2020","exact_normalized_title","high","339","https://www.dosm.gov.my/uploads/content-downloads/file_20220920110308.pdf#page=339","Current eMASCO D11 profile inherited for a MASCO 2020 identity; not 2020-specific task evidence; test only.","exact_occupation"
"M216404","Traffic Engineer","216404","339","9","8","0","1","medium","3","0.3333","medium","2","pending","research_pre_rating_only","inherited_current_emasco_profile","https://emasco.mohr.gov.my/masco/2164-02","M216402","216402","Traffic Engineer","https://emasco.mohr.gov.my/masco/2164-02","2020","exact_normalized_title","high","339","https://www.dosm.gov.my/uploads/content-downloads/file_20220920110308.pdf#page=339","Current eMASCO D11 profile inherited for a MASCO 2020 identity; not 2020-specific task evidence; test only.","exact_occupation"
"M216407","Urban and Regional Planners","216407","339","9","8","0","1","medium","1","0.1111","low","2","pending","research_pre_rating_only","inherited_current_emasco_profile","https://emasco.mohr.gov.my/masco/2164-03","M216403","216403","Urban and Regional Planner","https://emasco.mohr.gov.my/masco/2164-03","2020","title_variant","high","339","https://www.dosm.gov.my/uploads/content-downloads/file_20220920110308.pdf#page=339","Current eMASCO D11 profile inherited for a MASCO 2020 identity; not 2020-specific task evidence; test only.","exact_occupation"
"M216501","Geospatialist Grade J41","216501","339","15","7","3","5","low","8","0.5333","medium","2","pending","research_pre_rating_only","inherited_current_emasco_profile","https://emasco.mohr.gov.my/masco/2165-03","M216503","216503","Geospatialist Grade J9","https://emasco.mohr.gov.my/masco/2165-03","2020","grade_reversion","high","339","https://www.dosm.gov.my/uploads/content-downloads/file_20220920110308.pdf#page=339","Current eMASCO D11 profile inherited for a MASCO 2020 identity; not 2020-specific task evidence; test only.","exact_occupation"
"M216502","Surveyor Grade J41","216502","339","10","7","0","3","medium","7","0.7","high","2","pending","research_pre_rating_only","inherited_current_emasco_profile","https://emasco.mohr.gov.my/masco/2165-04","M216504","216504","Surveyor Grade J9","https://emasco.mohr.gov.my/masco/2165-04","2020","grade_reversion","high","339","https://www.dosm.gov.my/uploads/content-downloads/file_20220920110308.pdf#page=339","Current eMASCO D11 profile inherited for a MASCO 2020 identity; not 2020-specific task evidence; test only.","exact_occupation"
"M216503","Cartographer","216503","339","7","5","0","2","medium","4","0.5714","medium","2","pending","research_pre_rating_only","inherited_current_emasco_profile","https://emasco.mohr.gov.my/masco/2165-01","M216501","216501","Cartographer","https://emasco.mohr.gov.my/masco/2165-01","2020","exact_normalized_title","high","339","https://www.dosm.gov.my/uploads/content-downloads/file_20220920110308.pdf#page=339","Current eMASCO D11 profile inherited for a MASCO 2020 identity; not 2020-specific task evidence; test only.","exact_occupation"
"M216507","Surveyor","216507","339","7","4","0","3","medium","4","0.5714","medium","2","pending","research_pre_rating_only","inherited_current_emasco_profile","https://emasco.mohr.gov.my/masco/2165-02","M216502","216502","Surveyor","https://emasco.mohr.gov.my/masco/2165-02","2020","exact_normalized_title","high","339","https://www.dosm.gov.my/uploads/content-downloads/file_20220920110308.pdf#page=339","Current eMASCO D11 profile inherited for a MASCO 2020 identity; not 2020-specific task evidence; test only.","exact_occupation"
"M216601","Designer Grade B41","216601","340","10","4","0","6","medium","4","0.4","medium","2","pending","research_pre_rating_only","inherited_current_emasco_profile","https://emasco.mohr.gov.my/masco/2166-03","M216603","216603","Designer Grade B9","https://emasco.mohr.gov.my/masco/2166-03","2020","grade_reversion","high","340","https://www.dosm.gov.my/uploads/content-downloads/file_20220920110308.pdf#page=340","Current eMASCO D11 profile inherited for a MASCO 2020 identity; not 2020-specific task evidence; test only.","exact_occupation"
"M217102","Marine Engineer","217102","340","8","1","2","5","low","3","0.375","medium","2","pending","research_pre_rating_only","inherited_current_emasco_profile","https://emasco.mohr.gov.my/masco/2171-01","M217101","217101","Marine Engineer","https://emasco.mohr.gov.my/masco/2171-01","2020","exact_normalized_title","high","340","https://www.dosm.gov.my/uploads/content-downloads/file_20220920110308.pdf#page=340","Current eMASCO D11 profile inherited for a MASCO 2020 identity; not 2020-specific task evidence; test only.","exact_occupation"
"M217105","Naval Architect","217105","340","7","5","0","2","medium","5","0.7143","high","2","pending","research_pre_rating_only","inherited_current_emasco_profile","https://emasco.mohr.gov.my/masco/2171-02","M217102","217102","Naval Architect","https://emasco.mohr.gov.my/masco/2171-02","2020","exact_normalized_title","high","340","https://www.dosm.gov.my/uploads/content-downloads/file_20220920110308.pdf#page=340","Current eMASCO D11 profile inherited for a MASCO 2020 identity; not 2020-specific task evidence; test only.","exact_occupation"
"M217201","Marine Officer Grade AL41","217201","340","10","3","0","7","medium","2","0.2","low","2","pending","research_pre_rating_only","inherited_current_emasco_profile","https://emasco.mohr.gov.my/masco/2172-06","M217206","217206","Marine Officer Grade AL9","https://emasco.mohr.gov.my/masco/2172-06","2020","grade_reversion","high","340","https://www.dosm.gov.my/uploads/content-downloads/file_20220920110308.pdf#page=340","Current eMASCO D11 profile inherited for a MASCO 2020 identity; not 2020-specific task evidence; test only.","exact_occupation"
"M217203","Hovercraft Pilot","217203","340","8","3","0","5","medium","2","0.25","low","2","pending","research_pre_rating_only","inherited_current_emasco_profile","https://emasco.mohr.gov.my/masco/2172-01","M217201","217201","Hovercraft Pilot","https://emasco.mohr.gov.my/masco/2172-01","2020","exact_normalized_title","high","340","https://www.dosm.gov.my/uploads/content-downloads/file_20220920110308.pdf#page=340","Current eMASCO D11 profile inherited for a MASCO 2020 identity; not 2020-specific task evidence; test only.","exact_occupation"
"M217205","Port Captain","217205","340","8","3","0","5","medium","3","0.375","medium","2","pending","research_pre_rating_only","inherited_current_emasco_profile","https://emasco.mohr.gov.my/masco/2172-02","M217202","217202","Port Captain","https://emasco.mohr.gov.my/masco/2172-02","2020","exact_normalized_title","high","340","https://www.dosm.gov.my/uploads/content-downloads/file_20220920110308.pdf#page=340","Current eMASCO D11 profile inherited for a MASCO 2020 identity; not 2020-specific task evidence; test only.","exact_occupation"
"M217207","Ship Navigator","217207","340","8","4","1","3","low","1","0.125","low","2","pending","research_pre_rating_only","inherited_current_emasco_profile","https://emasco.mohr.gov.my/masco/2172-03","M217203","217203","Ship Navigator","https://emasco.mohr.gov.my/masco/2172-03","2020","exact_normalized_title","high","340","https://www.dosm.gov.my/uploads/content-downloads/file_20220920110308.pdf#page=340","Current eMASCO D11 profile inherited for a MASCO 2020 identity; not 2020-specific task evidence; test only.","exact_occupation"
"M217210","Marine Superintendent (Deck)","217210","340","10","2","0","8","medium","1","0.1","low","2","pending","research_pre_rating_only","inherited_current_emasco_profile","https://emasco.mohr.gov.my/masco/2172-04","M217204","217204","Marine Superintendent (Deck)","https://emasco.mohr.gov.my/masco/2172-04","2020","exact_normalized_title","high","340","https://www.dosm.gov.my/uploads/content-downloads/file_20220920110308.pdf#page=340","Current eMASCO D11 profile inherited for a MASCO 2020 identity; not 2020-specific task evidence; test only.","exact_occupation"
"M217211","Shipping Executive","217211","340","10","2","0","8","medium","3","0.3","medium","2","pending","research_pre_rating_only","inherited_current_emasco_profile","https://emasco.mohr.gov.my/masco/2172-05","M217205","217205","Shipping Executive","https://emasco.mohr.gov.my/masco/2172-05","2020","exact_normalized_title","high","340","https://www.dosm.gov.my/uploads/content-downloads/file_20220920110308.pdf#page=340","Current eMASCO D11 profile inherited for a MASCO 2020 identity; not 2020-specific task evidence; test only.","exact_occupation"
"M217301","Pilot/ Pilot Examiner Grade AT41","217301","340","10","1","0","9","medium","4","0.4","medium","2","pending","research_pre_rating_only","inherited_current_emasco_profile","https://emasco.mohr.gov.my/masco/2173-08","M217308","217308","Pilot/Pilot Inspector Grade AT9","https://emasco.mohr.gov.my/masco/2173-08","2020","grade_reversion","high","340","https://www.dosm.gov.my/uploads/content-downloads/file_20220920110308.pdf#page=340","Current eMASCO D11 profile inherited for a MASCO 2020 identity; not 2020-specific task evidence; test only.","exact_occupation"
"M217302","Aircraft Examiner Grade AT41","217302","340","10","1","6","3","low","2","0.2","low","2","pending","research_pre_rating_only","inherited_current_emasco_profile","https://emasco.mohr.gov.my/masco/2173-09","M217309","217309","Aircraft Examiner Grade AT9","https://emasco.mohr.gov.my/masco/2173-09","2020","grade_reversion","high","340","https://www.dosm.gov.my/uploads/content-downloads/file_20220920110308.pdf#page=340","Current eMASCO D11 profile inherited for a MASCO 2020 identity; not 2020-specific task evidence; test only.","exact_occupation"
"M217303","Pilot","217303","340","10","5","1","4","low","4","0.4","medium","2","pending","research_pre_rating_only","inherited_current_emasco_profile","https://emasco.mohr.gov.my/masco/2173-01","M217301","217301","Pilot","https://emasco.mohr.gov.my/masco/2173-01","2020","exact_normalized_title","high","340","https://www.dosm.gov.my/uploads/content-downloads/file_20220920110308.pdf#page=340","Current eMASCO D11 profile inherited for a MASCO 2020 identity; not 2020-specific task evidence; test only.","exact_occupation"
"M217305","Flight Instructor","217305","340","9","1","2","6","low","2","0.2222","low","2","pending","research_pre_rating_only","inherited_current_emasco_profile","https://emasco.mohr.gov.my/masco/2173-02","M217302","217302","Flight Instructor","https://emasco.mohr.gov.my/masco/2173-02","2020","exact_normalized_title","high","340","https://www.dosm.gov.my/uploads/content-downloads/file_20220920110308.pdf#page=340","Current eMASCO D11 profile inherited for a MASCO 2020 identity; not 2020-specific task evidence; test only.","exact_occupation"
"M217310","Aircraft Design Engineer","217310","340","9","9","0","0","high","9","1.0","high","2","pending","research_pre_rating_only","inherited_current_emasco_profile","https://emasco.mohr.gov.my/masco/2173-03","M217303","217303","Aircraft Design Engineer","https://emasco.mohr.gov.my/masco/2173-03","2020","exact_normalized_title","high","340","https://www.dosm.gov.my/uploads/content-downloads/file_20220920110308.pdf#page=340","Current eMASCO D11 profile inherited for a MASCO 2020 identity; not 2020-specific task evidence; test only.","exact_occupation"
"M217311","Aeronautical Engineer","217311","340","10","10","0","0","high","8","0.8","high","2","pending","research_pre_rating_only","inherited_current_emasco_profile","https://emasco.mohr.gov.my/masco/2173-04","M217304","217304","Aeronautical Engineer","https://emasco.mohr.gov.my/masco/2173-04","2020","exact_normalized_title","high","340","https://www.dosm.gov.my/uploads/content-downloads/file_20220920110308.pdf#page=340","Current eMASCO D11 profile inherited for a MASCO 2020 identity; not 2020-specific task evidence; test only.","exact_occupation"
"M217312","Pilot/Pilot Examiner Grade AT43","217312","340","10","2","0","8","medium","3","0.3","medium","2","pending","research_pre_rating_only","inherited_current_emasco_profile","https://emasco.mohr.gov.my/masco/2173-10","M217310","217310","Pilot/Pilot Examiner Grade AT10","https://emasco.mohr.gov.my/masco/2173-10","2020","grade_reversion","high","340","https://www.dosm.gov.my/uploads/content-downloads/file_20220920110308.pdf#page=340","Current eMASCO D11 profile inherited for a MASCO 2020 identity; not 2020-specific task evidence; test only.","exact_occupation"
"M217313","Pilot/Pilot Examiner Grade AT47","217313","340","10","3","0","7","medium","6","0.6","high","2","pending","research_pre_rating_only","inherited_current_emasco_profile","https://emasco.mohr.gov.my/masco/2173-11","M217311","217311","Pilot/Pilot Examiner Grade AT12","https://emasco.mohr.gov.my/masco/2173-11","2020","grade_reversion","high","340","https://www.dosm.gov.my/uploads/content-downloads/file_20220920110308.pdf#page=340","Current eMASCO D11 profile inherited for a MASCO 2020 identity; not 2020-specific task evidence; test only.","exact_occupation"
"M217314","Pilot/Pilot Examiner Grade AT51","217314","340","10","0","0","10","medium","5","0.5","medium","2","pending","research_pre_rating_only","inherited_current_emasco_profile","https://emasco.mohr.gov.my/masco/2173-12","M217312","217312","Pilot/Pilot Examiner Grade AT13","https://emasco.mohr.gov.my/masco/2173-12","2020","grade_reversion","high","340","https://www.dosm.gov.my/uploads/content-downloads/file_20220920110308.pdf#page=340","Current eMASCO D11 profile inherited for a MASCO 2020 identity; not 2020-specific task evidence; test only.","exact_occupation"
"M217315","Pilot/Pilot Examiner Grade AT53","217315","340","11","5","0","6","medium","4","0.3636","medium","2","pending","research_pre_rating_only","inherited_current_emasco_profile","https://emasco.mohr.gov.my/masco/2173-13","M217313","217313","Pilot/Pilot Examiner Grade AT14 (Flight Operation Director)","https://emasco.mohr.gov.my/masco/2173-13","2020","grade_reversion","high","340","https://www.dosm.gov.my/uploads/content-downloads/file_20220920110308.pdf#page=340","Current eMASCO D11 profile inherited for a MASCO 2020 identity; not 2020-specific task evidence; test only.","exact_occupation"
"M217322","Marine Aviation Officer","217322","341","10","2","2","6","low","1","0.1","low","2","pending","research_pre_rating_only","inherited_current_emasco_profile","https://emasco.mohr.gov.my/masco/2173-06","M217306","217306","Marine Aviation Officer","https://emasco.mohr.gov.my/masco/2173-06","2020","exact_normalized_title","high","341","https://www.dosm.gov.my/uploads/content-downloads/file_20220920110308.pdf#page=341","Current eMASCO D11 profile inherited for a MASCO 2020 identity; not 2020-specific task evidence; test only.","exact_occupation"
"M217401","Air Traffic Control Officer Grade A41","217401","341","10","3","2","5","low","3","0.3","medium","2","pending","research_pre_rating_only","inherited_current_emasco_profile","https://emasco.mohr.gov.my/masco/2174-04","M217404","217404","Air Traffic Control Officer Grade A9","https://emasco.mohr.gov.my/masco/2174-04","2020","grade_reversion","high","341","https://www.dosm.gov.my/uploads/content-downloads/file_20220920110308.pdf#page=341","Current eMASCO D11 profile inherited for a MASCO 2020 identity; not 2020-specific task evidence; test only.","exact_occupation"
"M217402","Air Traffic Controller","217402","341","9","4","0","5","medium","3","0.3333","medium","2","pending","research_pre_rating_only","inherited_current_emasco_profile","https://emasco.mohr.gov.my/masco/2174-01","M217401","217401","Air Traffic Controller","https://emasco.mohr.gov.my/masco/2174-01","2020","exact_normalized_title","high","341","https://www.dosm.gov.my/uploads/content-downloads/file_20220920110308.pdf#page=341","Current eMASCO D11 profile inherited for a MASCO 2020 identity; not 2020-specific task evidence; test only.","exact_occupation"
"M217403","Operation Centre Controller","217403","341","7","4","0","3","medium","1","0.1429","low","2","pending","research_pre_rating_only","inherited_current_emasco_profile","https://emasco.mohr.gov.my/masco/2174-02","M217402","217402","Operation Centre Controller","https://emasco.mohr.gov.my/masco/2174-02","2020","exact_normalized_title","high","341","https://www.dosm.gov.my/uploads/content-downloads/file_20220920110308.pdf#page=341","Current eMASCO D11 profile inherited for a MASCO 2020 identity; not 2020-specific task evidence; test only.","exact_occupation"
"M217501","Railway and Locomotive Operation Officer","217501","341","8","3","1","4","low","4","0.5","medium","2","pending","research_pre_rating_only","inherited_current_emasco_profile","https://emasco.mohr.gov.my/masco/2175-01","M217501","217501","Railway and Locomotive Operation Officer","https://emasco.mohr.gov.my/masco/2175-01","2020","exact_normalized_title","high","341","https://www.dosm.gov.my/uploads/content-downloads/file_20220920110308.pdf#page=341","Current eMASCO D11 profile inherited for a MASCO 2020 identity; not 2020-specific task evidence; test only.","exact_occupation"
"M218101","Mining Excecutive","218101","341","10","4","1","5","low","3","0.3","medium","2","pending","research_pre_rating_only","inherited_current_emasco_profile","https://emasco.mohr.gov.my/masco/2181-01","M218101","218101","Mining Executive","https://emasco.mohr.gov.my/masco/2181-01","2020","title_variant","high","341","https://www.dosm.gov.my/uploads/content-downloads/file_20220920110308.pdf#page=341","Current eMASCO D11 profile inherited for a MASCO 2020 identity; not 2020-specific task evidence; test only.","exact_occupation"
"M218201","Manufacturing Executive","218201","341","9","2","1","6","low","1","0.1111","low","2","pending","research_pre_rating_only","inherited_current_emasco_profile","https://emasco.mohr.gov.my/masco/2182-01","M218201","218201","Manufacturing Executive","https://emasco.mohr.gov.my/masco/2182-01","2020","exact_normalized_title","high","341","https://www.dosm.gov.my/uploads/content-downloads/file_20220920110308.pdf#page=341","Current eMASCO D11 profile inherited for a MASCO 2020 identity; not 2020-specific task evidence; test only.","exact_occupation"
"M218202","Quality Assurance Executive","218202","341","10","3","0","7","medium","3","0.3","medium","2","pending","research_pre_rating_only","inherited_current_emasco_profile","https://emasco.mohr.gov.my/masco/2182-02","M218202","218202","Quality Assurance Executive","https://emasco.mohr.gov.my/masco/2182-02","2020","exact_normalized_title","high","341","https://www.dosm.gov.my/uploads/content-downloads/file_20220920110308.pdf#page=341","Current eMASCO D11 profile inherited for a MASCO 2020 identity; not 2020-specific task evidence; test only.","exact_occupation"
"M218207","Store Executive","218207","341","9","2","0","7","medium","2","0.2222","low","2","pending","research_pre_rating_only","inherited_current_emasco_profile","https://emasco.mohr.gov.my/masco/2182-03","M218203","218203","Store Executive","https://emasco.mohr.gov.my/masco/2182-03","2020","exact_normalized_title","high","341","https://www.dosm.gov.my/uploads/content-downloads/file_20220920110308.pdf#page=341","Current eMASCO D11 profile inherited for a MASCO 2020 identity; not 2020-specific task evidence; test only.","exact_occupation"
"M218229","Technical Service Adviser","218229","341","6","2","0","4","medium","1","0.1667","low","2","pending","research_pre_rating_only","inherited_current_emasco_profile","https://emasco.mohr.gov.my/masco/2182-05","M218205","218205","Technical Service Adviser","https://emasco.mohr.gov.my/masco/2182-05","2020","exact_normalized_title","high","341","https://www.dosm.gov.my/uploads/content-downloads/file_20220920110308.pdf#page=341","Current eMASCO D11 profile inherited for a MASCO 2020 identity; not 2020-specific task evidence; test only.","exact_occupation"
"M218231","Material Specialist","218231","341","7","3","0","4","medium","3","0.4286","medium","2","pending","research_pre_rating_only","inherited_current_emasco_profile","https://emasco.mohr.gov.my/masco/2182-06","M218206","218206","Material Specialist","https://emasco.mohr.gov.my/masco/2182-06","2020","exact_normalized_title","high","341","https://www.dosm.gov.my/uploads/content-downloads/file_20220920110308.pdf#page=341","Current eMASCO D11 profile inherited for a MASCO 2020 identity; not 2020-specific task evidence; test only.","exact_occupation"
"M218301","Construction Executive","218301","342","7","4","1","2","low","4","0.5714","medium","2","pending","research_pre_rating_only","inherited_current_emasco_profile","https://emasco.mohr.gov.my/masco/2183-01","M218301","218301","Construction Executive","https://emasco.mohr.gov.my/masco/2183-01","2020","exact_normalized_title","high","342","https://www.dosm.gov.my/uploads/content-downloads/file_20220920110308.pdf#page=342","Current eMASCO D11 profile inherited for a MASCO 2020 identity; not 2020-specific task evidence; test only.","exact_occupation"
"M221101","Medical Officer Grade UD41","221101","342","10","2","0","8","medium","1","0.1","low","2","pending","research_pre_rating_only","inherited_current_emasco_profile","https://emasco.mohr.gov.my/masco/2211-11","M221111","221111","Medical Officer Grade UD9, UD10","https://emasco.mohr.gov.my/masco/2211-11","2020","combined_title_split","medium","342","https://www.dosm.gov.my/uploads/content-downloads/file_20220920110308.pdf#page=342","Current eMASCO D11 profile inherited for a MASCO 2020 identity; not 2020-specific task evidence; test only.","exact_occupation"
"M221102","Medical Doctor","221102","342","10","2","1","7","low","2","0.2","low","2","pending","research_pre_rating_only","inherited_current_emasco_profile","https://emasco.mohr.gov.my/masco/2211-01","M221101","221101","Medical Doctor","https://emasco.mohr.gov.my/masco/2211-01","2020","exact_normalized_title","high","342","https://www.dosm.gov.my/uploads/content-downloads/file_20220920110308.pdf#page=342","Current eMASCO D11 profile inherited for a MASCO 2020 identity; not 2020-specific task evidence; test only.","exact_occupation"
"M221107","Medical Doctor, Gynaecology","221107","342","7","3","0","4","medium","1","0.1429","low","2","pending","research_pre_rating_only","inherited_current_emasco_profile","https://emasco.mohr.gov.my/masco/2211-02","M221102","221102","Medical Doctor (Gynaecology)","https://emasco.mohr.gov.my/masco/2211-02","2020","exact_normalized_title","high","342","https://www.dosm.gov.my/uploads/content-downloads/file_20220920110308.pdf#page=342","Current eMASCO D11 profile inherited for a MASCO 2020 identity; not 2020-specific task evidence; test only.","exact_occupation"
"M221108","Medical Doctor, Cardiology","221108","342","8","1","1","6","low","1","0.125","low","2","pending","research_pre_rating_only","inherited_current_emasco_profile","https://emasco.mohr.gov.my/masco/2211-03","M221103","221103","Medical Doctor (Cardiology)","https://emasco.mohr.gov.my/masco/2211-03","2020","exact_normalized_title","high","342","https://www.dosm.gov.my/uploads/content-downloads/file_20220920110308.pdf#page=342","Current eMASCO D11 profile inherited for a MASCO 2020 identity; not 2020-specific task evidence; test only.","exact_occupation"
"M221110","Medical Doctor, Obstetrics","221110","342","8","1","1","6","low","0","0.0","low","2","pending","research_pre_rating_only","inherited_current_emasco_profile","https://emasco.mohr.gov.my/masco/2211-04","M221104","221104","Medical Doctor (Obstetrics)","https://emasco.mohr.gov.my/masco/2211-04","2020","exact_normalized_title","high","342","https://www.dosm.gov.my/uploads/content-downloads/file_20220920110308.pdf#page=342","Current eMASCO D11 profile inherited for a MASCO 2020 identity; not 2020-specific task evidence; test only.","exact_occupation"
"M221111","Medical Doctor, Ophthalmology","221111","342","8","1","0","7","medium","1","0.125","low","2","pending","research_pre_rating_only","inherited_current_emasco_profile","https://emasco.mohr.gov.my/masco/2211-05","M221105","221105","Medical Doctor (Ophthalmology)","https://emasco.mohr.gov.my/masco/2211-05","2020","exact_normalized_title","high","342","https://www.dosm.gov.my/uploads/content-downloads/file_20220920110308.pdf#page=342","Current eMASCO D11 profile inherited for a MASCO 2020 identity; not 2020-specific task evidence; test only.","exact_occupation"
"M221112","Medical Doctor, Psychiatry","221112","342","8","3","0","5","medium","1","0.125","low","2","pending","research_pre_rating_only","inherited_current_emasco_profile","https://emasco.mohr.gov.my/masco/2211-06","M221106","221106","Medical Doctor (Psychiatry)","https://emasco.mohr.gov.my/masco/2211-06","2020","exact_normalized_title","high","342","https://www.dosm.gov.my/uploads/content-downloads/file_20220920110308.pdf#page=342","Current eMASCO D11 profile inherited for a MASCO 2020 identity; not 2020-specific task evidence; test only.","exact_occupation"
"M221113","Medical Doctor, Radiology","221113","342","7","3","0","4","medium","1","0.1429","low","2","pending","research_pre_rating_only","inherited_current_emasco_profile","https://emasco.mohr.gov.my/masco/2211-07","M221107","221107","Medical Doctor (Radiology)","https://emasco.mohr.gov.my/masco/2211-07","2020","exact_normalized_title","high","342","https://www.dosm.gov.my/uploads/content-downloads/file_20220920110308.pdf#page=342","Current eMASCO D11 profile inherited for a MASCO 2020 identity; not 2020-specific task evidence; test only.","exact_occupation"
"M221118","Doctor, Skin","221118","342","5","2","0","3","medium","1","0.2","low","2","pending","research_pre_rating_only","inherited_current_emasco_profile","https://emasco.mohr.gov.my/masco/2211-08","M221108","221108","Medical Doctor (Skin)","https://emasco.mohr.gov.my/masco/2211-08","2020","title_variant","high","342","https://www.dosm.gov.my/uploads/content-downloads/file_20220920110308.pdf#page=342","Current eMASCO D11 profile inherited for a MASCO 2020 identity; not 2020-specific task evidence; test only.","exact_occupation"
"M221120","Medical Officer Grade UD43","221120","342","10","2","0","8","medium","1","0.1","low","2","pending","research_pre_rating_only","inherited_current_emasco_profile","https://emasco.mohr.gov.my/masco/2211-11","M221111","221111","Medical Officer Grade UD9, UD10","https://emasco.mohr.gov.my/masco/2211-11","2020","combined_title_split","medium","342","https://www.dosm.gov.my/uploads/content-downloads/file_20220920110308.pdf#page=342","Current eMASCO D11 profile inherited for a MASCO 2020 identity; not 2020-specific task evidence; test only.","exact_occupation"
"M221201","Ear, Nose and Throat Specialist","221201","342","7","1","0","6","medium","1","0.1429","low","2","pending","research_pre_rating_only","inherited_current_emasco_profile","https://emasco.mohr.gov.my/masco/2212-01","M221201","221201","Ear, Nose and Throat Specialist","https://emasco.mohr.gov.my/masco/2212-01","2020","exact_normalized_title","high","342","https://www.dosm.gov.my/uploads/content-downloads/file_20220920110308.pdf#page=342","Current eMASCO D11 profile inherited for a MASCO 2020 identity; not 2020-specific task evidence; test only.","exact_occupation"
"M221204","Anaesthetist","221204","342","8","2","0","6","medium","0","0.0","low","2","pending","research_pre_rating_only","inherited_current_emasco_profile","https://emasco.mohr.gov.my/masco/2212-02","M221202","221202","Anaesthetist","https://emasco.mohr.gov.my/masco/2212-02","2020","exact_normalized_title","high","342","https://www.dosm.gov.my/uploads/content-downloads/file_20220920110308.pdf#page=342","Current eMASCO D11 profile inherited for a MASCO 2020 identity; not 2020-specific task evidence; test only.","exact_occupation"
"M221206","Medical Oncologist","221206","342","9","3","0","6","medium","1","0.1111","low","2","pending","research_pre_rating_only","inherited_current_emasco_profile","https://emasco.mohr.gov.my/masco/2212-03","M221203","221203","Medical Oncologist","https://emasco.mohr.gov.my/masco/2212-03","2020","exact_normalized_title","high","342","https://www.dosm.gov.my/uploads/content-downloads/file_20220920110308.pdf#page=342","Current eMASCO D11 profile inherited for a MASCO 2020 identity; not 2020-specific task evidence; test only.","exact_occupation"
"M221208","Psychiatrist","221208","342","6","1","0","5","medium","0","0.0","low","2","pending","research_pre_rating_only","inherited_current_emasco_profile","https://emasco.mohr.gov.my/masco/2212-04","M221204","221204","Psychiatrist","https://emasco.mohr.gov.my/masco/2212-04","2020","exact_normalized_title","high","342","https://www.dosm.gov.my/uploads/content-downloads/file_20220920110308.pdf#page=342","Current eMASCO D11 profile inherited for a MASCO 2020 identity; not 2020-specific task evidence; test only.","exact_occupation"
"M221209","Ophthalmologist","221209","342","8","0","0","8","medium","0","0.0","low","2","pending","research_pre_rating_only","inherited_current_emasco_profile","https://emasco.mohr.gov.my/masco/2212-05","M221205","221205","Ophthalmologist","https://emasco.mohr.gov.my/masco/2212-05","2020","exact_normalized_title","high","342","https://www.dosm.gov.my/uploads/content-downloads/file_20220920110308.pdf#page=342","Current eMASCO D11 profile inherited for a MASCO 2020 identity; not 2020-specific task evidence; test only.","exact_occupation"
"M221210","Cardiologist","221210","342","7","2","1","4","low","1","0.1429","low","2","pending","research_pre_rating_only","inherited_current_emasco_profile","https://emasco.mohr.gov.my/masco/2212-06","M221206","221206","Cardiologist","https://emasco.mohr.gov.my/masco/2212-06","2020","exact_normalized_title","high","342","https://www.dosm.gov.my/uploads/content-downloads/file_20220920110308.pdf#page=342","Current eMASCO D11 profile inherited for a MASCO 2020 identity; not 2020-specific task evidence; test only.","exact_occupation"
"M221211","Neurologist","221211","342","7","1","0","6","medium","1","0.1429","low","2","pending","research_pre_rating_only","inherited_current_emasco_profile","https://emasco.mohr.gov.my/masco/2212-07","M221207","221207","Neurologist","https://emasco.mohr.gov.my/masco/2212-07","2020","exact_normalized_title","high","342","https://www.dosm.gov.my/uploads/content-downloads/file_20220920110308.pdf#page=342","Current eMASCO D11 profile inherited for a MASCO 2020 identity; not 2020-specific task evidence; test only.","exact_occupation"
"M221213","Obstetrician and Gynaecologist","221213","342","9","3","0","6","medium","1","0.1111","low","2","pending","research_pre_rating_only","inherited_current_emasco_profile","https://emasco.mohr.gov.my/masco/2212-08","M221208","221208","Obstetrician and Gynaecologist","https://emasco.mohr.gov.my/masco/2212-08","2020","exact_normalized_title","high","342","https://www.dosm.gov.my/uploads/content-downloads/file_20220920110308.pdf#page=342","Current eMASCO D11 profile inherited for a MASCO 2020 identity; not 2020-specific task evidence; test only.","exact_occupation"
"M221217","Surgeon","221217","342","8","1","1","6","low","1","0.125","low","2","pending","research_pre_rating_only","inherited_current_emasco_profile","https://emasco.mohr.gov.my/masco/2212-09","M221209","221209","Surgeon","https://emasco.mohr.gov.my/masco/2212-09","2020","exact_normalized_title","high","342","https://www.dosm.gov.my/uploads/content-downloads/file_20220920110308.pdf#page=342","Current eMASCO D11 profile inherited for a MASCO 2020 identity; not 2020-specific task evidence; test only.","exact_occupation"
"M221233","Dermatologist","221233","343","7","1","0","6","medium","1","0.1429","low","2","pending","research_pre_rating_only","inherited_current_emasco_profile","https://emasco.mohr.gov.my/masco/2212-10","M221210","221210","Dermatologist","https://emasco.mohr.gov.my/masco/2212-10","2020","exact_normalized_title","high","343","https://www.dosm.gov.my/uploads/content-downloads/file_20220920110308.pdf#page=343","Current eMASCO D11 profile inherited for a MASCO 2020 identity; not 2020-specific task evidence; test only.","exact_occupation"
"M221234","Orthopaedist","221234","343","8","3","1","4","low","1","0.125","low","2","pending","research_pre_rating_only","inherited_current_emasco_profile","https://emasco.mohr.gov.my/masco/2212-11","M221211","221211","Orthopaedist","https://emasco.mohr.gov.my/masco/2212-11","2020","exact_normalized_title","high","343","https://www.dosm.gov.my/uploads/content-downloads/file_20220920110308.pdf#page=343","Current eMASCO D11 profile inherited for a MASCO 2020 identity; not 2020-specific task evidence; test only.","exact_occupation"
"M221236","Paediatrician","221236","343","7","0","0","7","medium","2","0.2857","low","2","pending","research_pre_rating_only","inherited_current_emasco_profile","https://emasco.mohr.gov.my/masco/2212-12","M221212","221212","Paediatrician","https://emasco.mohr.gov.my/masco/2212-12","2020","exact_normalized_title","high","343","https://www.dosm.gov.my/uploads/content-downloads/file_20220920110308.pdf#page=343","Current eMASCO D11 profile inherited for a MASCO 2020 identity; not 2020-specific task evidence; test only.","exact_occupation"
"M221244","Physician","221244","343","8","1","1","6","low","1","0.125","low","2","pending","research_pre_rating_only","inherited_current_emasco_profile","https://emasco.mohr.gov.my/masco/2212-13","M221213","221213","Physician","https://emasco.mohr.gov.my/masco/2212-13","2020","exact_normalized_title","high","343","https://www.dosm.gov.my/uploads/content-downloads/file_20220920110308.pdf#page=343","Current eMASCO D11 profile inherited for a MASCO 2020 identity; not 2020-specific task evidence; test only.","exact_occupation"
"M221257","Radiologist","221257","343","8","3","0","5","medium","0","0.0","low","2","pending","research_pre_rating_only","inherited_current_emasco_profile","https://emasco.mohr.gov.my/masco/2212-14","M221214","221214","Radiologist","https://emasco.mohr.gov.my/masco/2212-14","2020","exact_normalized_title","high","343","https://www.dosm.gov.my/uploads/content-downloads/file_20220920110308.pdf#page=343","Current eMASCO D11 profile inherited for a MASCO 2020 identity; not 2020-specific task evidence; test only.","exact_occupation"
"M221262","Urologist","221262","343","9","1","1","7","low","1","0.1111","low","2","pending","research_pre_rating_only","inherited_current_emasco_profile","https://emasco.mohr.gov.my/masco/2212-15","M221215","221215","Urologist","https://emasco.mohr.gov.my/masco/2212-15","2020","exact_normalized_title","high","343","https://www.dosm.gov.my/uploads/content-downloads/file_20220920110308.pdf#page=343","Current eMASCO D11 profile inherited for a MASCO 2020 identity; not 2020-specific task evidence; test only.","exact_occupation"
"M221263","Venereologist","221263","343","7","1","1","5","low","1","0.1429","low","2","pending","research_pre_rating_only","inherited_current_emasco_profile","https://emasco.mohr.gov.my/masco/2212-16","M221216","221216","Venereologist","https://emasco.mohr.gov.my/masco/2212-16","2020","exact_normalized_title","high","343","https://www.dosm.gov.my/uploads/content-downloads/file_20220920110308.pdf#page=343","Current eMASCO D11 profile inherited for a MASCO 2020 identity; not 2020-specific task evidence; test only.","exact_occupation"
"M221266","Application Specialist (Hematology)","221266","343","8","3","2","3","low","3","0.375","medium","2","pending","research_pre_rating_only","inherited_current_emasco_profile","https://emasco.mohr.gov.my/masco/2433-02","M243302","243302","Application Specialist (Haematology)","https://emasco.mohr.gov.my/masco/2433-02","2020","title_variant","high","343","https://www.dosm.gov.my/uploads/content-downloads/file_20220920110308.pdf#page=343","Current eMASCO D11 profile inherited for a MASCO 2020 identity; not 2020-specific task evidence; test only.","exact_occupation"
"M222101","Nurse Grade U41","222101","343","10","5","1","4","low","3","0.3","medium","2","pending","research_pre_rating_only","inherited_current_emasco_profile","https://emasco.mohr.gov.my/masco/2221-04","M222104","222104","Nurse Grade U9","https://emasco.mohr.gov.my/masco/2221-04","2020","grade_reversion","high","343","https://www.dosm.gov.my/uploads/content-downloads/file_20220920110308.pdf#page=343","Current eMASCO D11 profile inherited for a MASCO 2020 identity; not 2020-specific task evidence; test only.","exact_occupation"
"M222102","Professional Nurse","222102","343","8","2","1","5","low","1","0.125","low","2","pending","research_pre_rating_only","inherited_current_emasco_profile","https://emasco.mohr.gov.my/masco/2221-01","M222101","222101","Professional Nurse","https://emasco.mohr.gov.my/masco/2221-01","2020","exact_normalized_title","high","343","https://www.dosm.gov.my/uploads/content-downloads/file_20220920110308.pdf#page=343","Current eMASCO D11 profile inherited for a MASCO 2020 identity; not 2020-specific task evidence; test only.","exact_occupation"
"M222109","Specialist Nurse","222109","343","9","3","1","5","low","1","0.1111","low","2","pending","research_pre_rating_only","inherited_current_emasco_profile","https://emasco.mohr.gov.my/masco/2221-02","M222102","222102","Specialist Nurse","https://emasco.mohr.gov.my/masco/2221-02","2020","exact_normalized_title","high","343","https://www.dosm.gov.my/uploads/content-downloads/file_20220920110308.pdf#page=343","Current eMASCO D11 profile inherited for a MASCO 2020 identity; not 2020-specific task evidence; test only.","exact_occupation"
"M222110","Nurse Instructor","222110","343","10","3","0","7","medium","3","0.3","medium","2","pending","research_pre_rating_only","inherited_current_emasco_profile","https://emasco.mohr.gov.my/masco/2221-03","M222103","222103","Nurse Instructor","https://emasco.mohr.gov.my/masco/2221-03","2020","exact_normalized_title","high","343","https://www.dosm.gov.my/uploads/content-downloads/file_20220920110308.pdf#page=343","Current eMASCO D11 profile inherited for a MASCO 2020 identity; not 2020-specific task evidence; test only.","exact_occupation"
"M222201","Professional Midwife","222201","344","7","1","0","6","medium","0","0.0","low","2","pending","research_pre_rating_only","inherited_current_emasco_profile","https://emasco.mohr.gov.my/masco/2222-01","M222201","222201","Professional Midwife","https://emasco.mohr.gov.my/masco/2222-01","2020","exact_normalized_title","high","344","https://www.dosm.gov.my/uploads/content-downloads/file_20220920110308.pdf#page=344","Current eMASCO D11 profile inherited for a MASCO 2020 identity; not 2020-specific task evidence; test only.","exact_occupation"
"M224101","Paramedic","224101","344","8","1","2","5","low","1","0.125","low","2","pending","research_pre_rating_only","inherited_current_emasco_profile","https://emasco.mohr.gov.my/masco/2241-01","M224101","224101","Paramedic","https://emasco.mohr.gov.my/masco/2241-01","2020","exact_normalized_title","high","344","https://www.dosm.gov.my/uploads/content-downloads/file_20220920110308.pdf#page=344","Current eMASCO D11 profile inherited for a MASCO 2020 identity; not 2020-specific task evidence; test only.","exact_occupation"
"M225101","Veterinary Officer Grade GV41","225101","344","10","1","0","9","medium","3","0.3","medium","2","pending","research_pre_rating_only","inherited_current_emasco_profile","https://emasco.mohr.gov.my/masco/2251-02","M225102","225102","Veterinary Officer Grade GV9","https://emasco.mohr.gov.my/masco/2251-02","2020","grade_reversion","high","344","https://www.dosm.gov.my/uploads/content-downloads/file_20220920110308.pdf#page=344","Current eMASCO D11 profile inherited for a MASCO 2020 identity; not 2020-specific task evidence; test only.","exact_occupation"
"M225102","Veterinarian","225102","344","9","3","1","5","low","1","0.1111","low","2","pending","research_pre_rating_only","inherited_current_emasco_profile","https://emasco.mohr.gov.my/masco/2251-01","M225101","225101","Veterinarian","https://emasco.mohr.gov.my/masco/2251-01","2020","exact_normalized_title","high","344","https://www.dosm.gov.my/uploads/content-downloads/file_20220920110308.pdf#page=344","Current eMASCO D11 profile inherited for a MASCO 2020 identity; not 2020-specific task evidence; test only.","exact_occupation"
"M226101","Dental Officer Grade UG41","226101","344","8","1","0","7","medium","1","0.125","low","2","pending","research_pre_rating_only","inherited_current_emasco_profile","https://emasco.mohr.gov.my/masco/2261-02","M226102","226102","Dental Officer Grade UG9","https://emasco.mohr.gov.my/masco/2261-02","2020","grade_reversion","high","344","https://www.dosm.gov.my/uploads/content-downloads/file_20220920110308.pdf#page=344","Current eMASCO D11 profile inherited for a MASCO 2020 identity; not 2020-specific task evidence; test only.","exact_occupation"
"M226102","Dentist","226102","344","6","1","0","5","medium","0","0.0","low","2","pending","research_pre_rating_only","inherited_current_emasco_profile","https://emasco.mohr.gov.my/masco/2261-01","M226101","226101","Dentist","https://emasco.mohr.gov.my/masco/2261-01","2020","exact_normalized_title","high","344","https://www.dosm.gov.my/uploads/content-downloads/file_20220920110308.pdf#page=344","Current eMASCO D11 profile inherited for a MASCO 2020 identity; not 2020-specific task evidence; test only.","exact_occupation"
"M226201","Pharmacist Grade UF41","226201","344","10","3","0","7","medium","2","0.2","low","2","pending","research_pre_rating_only","inherited_current_emasco_profile","https://emasco.mohr.gov.my/masco/2262-02","M226202","226202","Pharmacist Grade UF9","https://emasco.mohr.gov.my/masco/2262-02","2020","grade_reversion","high","344","https://www.dosm.gov.my/uploads/content-downloads/file_20220920110308.pdf#page=344","Current eMASCO D11 profile inherited for a MASCO 2020 identity; not 2020-specific task evidence; test only.","exact_occupation"
"M226202","Pharmacist","226202","345","8","1","0","7","medium","1","0.125","low","2","pending","research_pre_rating_only","inherited_current_emasco_profile","https://emasco.mohr.gov.my/masco/2262-01","M226201","226201","Pharmacist","https://emasco.mohr.gov.my/masco/2262-01","2020","exact_normalized_title","high","345","https://www.dosm.gov.my/uploads/content-downloads/file_20220920110308.pdf#page=345","Current eMASCO D11 profile inherited for a MASCO 2020 identity; not 2020-specific task evidence; test only.","exact_occupation"
"M226207","Pharmacist Grade UF44","226207","345","10","3","0","7","medium","2","0.2","low","2","pending","research_pre_rating_only","inherited_current_emasco_profile","https://emasco.mohr.gov.my/masco/2262-03","M226203","226203","Pharmacist Grade UF10","https://emasco.mohr.gov.my/masco/2262-03","2020","grade_reversion","high","345","https://www.dosm.gov.my/uploads/content-downloads/file_20220920110308.pdf#page=345","Current eMASCO D11 profile inherited for a MASCO 2020 identity; not 2020-specific task evidence; test only.","exact_occupation"
"M226301","Environmental Health Officer Grade U41","226301","345","5","5","0","0","high","4","0.8","high","2","pending","research_pre_rating_only","inherited_current_emasco_profile","https://emasco.mohr.gov.my/masco/2263-12","M226312","226312","Environmental Health Officer Grade U9","https://emasco.mohr.gov.my/masco/2263-12","2020","grade_reversion","high","345","https://www.dosm.gov.my/uploads/content-downloads/file_20220920110308.pdf#page=345","Current eMASCO D11 profile inherited for a MASCO 2020 identity; not 2020-specific task evidence; test only.","exact_occupation"
"M226320","Occupational Safety and Health Adviser","226320","345","8","4","0","4","medium","4","0.5","medium","2","pending","research_pre_rating_only","inherited_current_emasco_profile","https://emasco.mohr.gov.my/masco/2263-01","M226301","226301","Occupational Safety and Health Adviser","https://emasco.mohr.gov.my/masco/2263-01","2020","exact_normalized_title","high","345","https://www.dosm.gov.my/uploads/content-downloads/file_20220920110308.pdf#page=345","Current eMASCO D11 profile inherited for a MASCO 2020 identity; not 2020-specific task evidence; test only.","exact_occupation"
"M226324","Authorised Gas Tester","226324","345","9","1","2","6","low","2","0.2222","low","2","pending","research_pre_rating_only","inherited_current_emasco_profile","https://emasco.mohr.gov.my/masco/2263-11","M226311","226311","Authorised Gas Tester and Entry Supervisor","https://emasco.mohr.gov.my/masco/2263-11","2020","reviewed_functional_equivalent","medium","345","https://www.dosm.gov.my/uploads/content-downloads/file_20220920110308.pdf#page=345","Current eMASCO D11 profile inherited for a MASCO 2020 identity; not 2020-specific task evidence; test only.","exact_occupation"
"M226325","Indoor Air Quality (IAQ) Assessor","226325","345","7","3","1","3","low","2","0.2857","low","2","pending","research_pre_rating_only","inherited_current_emasco_profile","https://emasco.mohr.gov.my/masco/2263-02","M226302","226302","Competent Person (CP) - Assessor","https://emasco.mohr.gov.my/masco/2263-02","2020","combined_title_split","medium","345","https://www.dosm.gov.my/uploads/content-downloads/file_20220920110308.pdf#page=345","Current eMASCO D11 profile inherited for a MASCO 2020 identity; not 2020-specific task evidence; test only.","exact_occupation"
"M226327","Chemical Assessor","226327","345","7","3","1","3","low","2","0.2857","low","2","pending","research_pre_rating_only","inherited_current_emasco_profile","https://emasco.mohr.gov.my/masco/2263-02","M226302","226302","Competent Person (CP) - Assessor","https://emasco.mohr.gov.my/masco/2263-02","2020","combined_title_split","medium","345","https://www.dosm.gov.my/uploads/content-downloads/file_20220920110308.pdf#page=345","Current eMASCO D11 profile inherited for a MASCO 2020 identity; not 2020-specific task evidence; test only.","exact_occupation"
"M226328","Waste Management Competence Person","226328","345","8","1","1","6","low","1","0.125","low","2","pending","research_pre_rating_only","inherited_current_emasco_profile","https://emasco.mohr.gov.my/masco/2263-03","M226303","226303","Competent Person (CP) - Waste Management","https://emasco.mohr.gov.my/masco/2263-03","2020","title_variant","high","345","https://www.dosm.gov.my/uploads/content-downloads/file_20220920110308.pdf#page=345","Current eMASCO D11 profile inherited for a MASCO 2020 identity; not 2020-specific task evidence; test only.","exact_occupation"
"M226329","Building Auditor","226329","345","8","2","1","5","low","2","0.25","low","2","pending","research_pre_rating_only","inherited_current_emasco_profile","https://emasco.mohr.gov.my/masco/2263-04","M226304","226304","Building Auditor","https://emasco.mohr.gov.my/masco/2263-04","2020","exact_normalized_title","high","345","https://www.dosm.gov.my/uploads/content-downloads/file_20220920110308.pdf#page=345","Current eMASCO D11 profile inherited for a MASCO 2020 identity; not 2020-specific task evidence; test only.","exact_occupation"
"M226331","Halal Executive","226331","345","9","2","0","7","medium","1","0.1111","low","2","pending","research_pre_rating_only","inherited_current_emasco_profile","https://emasco.mohr.gov.my/masco/2263-05","M226305","226305","Halal Executive","https://emasco.mohr.gov.my/masco/2263-05","2020","exact_normalized_title","high","345","https://www.dosm.gov.my/uploads/content-downloads/file_20220920110308.pdf#page=345","Current eMASCO D11 profile inherited for a MASCO 2020 identity; not 2020-specific task evidence; test only.","exact_occupation"
"M226337","Food and Drinks Technologist","226337","345","7","3","0","4","medium","3","0.4286","medium","2","pending","research_pre_rating_only","inherited_current_emasco_profile","https://emasco.mohr.gov.my/masco/2263-06","M226306","226306","Food and Drinks Technologist","https://emasco.mohr.gov.my/masco/2263-06","2020","exact_normalized_title","high","345","https://www.dosm.gov.my/uploads/content-downloads/file_20220920110308.pdf#page=345","Current eMASCO D11 profile inherited for a MASCO 2020 identity; not 2020-specific task evidence; test only.","exact_occupation"
"M226341","Landfill Engineer","226341","345","8","2","1","5","low","3","0.375","medium","2","pending","research_pre_rating_only","inherited_current_emasco_profile","https://emasco.mohr.gov.my/masco/2263-07","M226307","226307","Landfill Engineer","https://emasco.mohr.gov.my/masco/2263-07","2020","exact_normalized_title","high","345","https://www.dosm.gov.my/uploads/content-downloads/file_20220920110308.pdf#page=345","Current eMASCO D11 profile inherited for a MASCO 2020 identity; not 2020-specific task evidence; test only.","exact_occupation"
"M226344","Major Hazard Competent Person","226344","345","9","3","0","6","medium","2","0.2222","low","2","pending","research_pre_rating_only","inherited_current_emasco_profile","https://emasco.mohr.gov.my/masco/2263-08","M226308","226308","Competent Person (CP) - Major Hazard","https://emasco.mohr.gov.my/masco/2263-08","2020","title_variant","high","345","https://www.dosm.gov.my/uploads/content-downloads/file_20220920110308.pdf#page=345","Current eMASCO D11 profile inherited for a MASCO 2020 identity; not 2020-specific task evidence; test only.","exact_occupation"
"M226401","Medical Rehabilitation Officer Grade U41","226401","345","6","3","1","2","low","3","0.5","medium","2","pending","research_pre_rating_only","inherited_current_emasco_profile","https://emasco.mohr.gov.my/masco/2264-02","M226402","226402","Medical Rehabilitation Officer Grade U9","https://emasco.mohr.gov.my/masco/2264-02","2020","grade_reversion","high","345","https://www.dosm.gov.my/uploads/content-downloads/file_20220920110308.pdf#page=345","Current eMASCO D11 profile inherited for a MASCO 2020 identity; not 2020-specific task evidence; test only.","exact_occupation"
"M226411","Orthopaedic Physical Therapist","226411","346","8","2","1","5","low","2","0.25","low","2","pending","research_pre_rating_only","inherited_current_emasco_profile","https://emasco.mohr.gov.my/masco/2264-01","M226401","226401","Orthopaedic Physical Therapist","https://emasco.mohr.gov.my/masco/2264-01","2020","exact_normalized_title","high","346","https://www.dosm.gov.my/uploads/content-downloads/file_20220920110308.pdf#page=346","Current eMASCO D11 profile inherited for a MASCO 2020 identity; not 2020-specific task evidence; test only.","exact_occupation"
"M226501","Dietetics Officer Grade U41","226501","346","7","0","0","7","medium","1","0.1429","low","2","pending","research_pre_rating_only","inherited_current_emasco_profile","https://emasco.mohr.gov.my/masco/2265-02","M226502","226502","Dietetics Officer Grade U9","https://emasco.mohr.gov.my/masco/2265-02","2020","grade_reversion","high","346","https://www.dosm.gov.my/uploads/content-downloads/file_20220920110308.pdf#page=346","Current eMASCO D11 profile inherited for a MASCO 2020 identity; not 2020-specific task evidence; test only.","exact_occupation"
"M226502","Dietician","226502","346","8","3","0","5","medium","2","0.25","low","2","pending","research_pre_rating_only","inherited_current_emasco_profile","https://emasco.mohr.gov.my/masco/2265-01","M226501","226501","Dietitian","https://emasco.mohr.gov.my/masco/2265-01","2020","title_variant","high","346","https://www.dosm.gov.my/uploads/content-downloads/file_20220920110308.pdf#page=346","Current eMASCO D11 profile inherited for a MASCO 2020 identity; not 2020-specific task evidence; test only.","exact_occupation"
"M226514","Food Preparation Officer Grade C41","226514","346","8","3","1","4","low","2","0.25","low","2","pending","research_pre_rating_only","inherited_current_emasco_profile","https://emasco.mohr.gov.my/masco/2265-03","M226503","226503","Food Preparation Officer Grade C9","https://emasco.mohr.gov.my/masco/2265-03","2020","grade_reversion","high","346","https://www.dosm.gov.my/uploads/content-downloads/file_20220920110308.pdf#page=346","Current eMASCO D11 profile inherited for a MASCO 2020 identity; not 2020-specific task evidence; test only.","exact_occupation"
"M226601","Audiologists","226601","346","9","2","1","6","low","3","0.3333","medium","2","pending","research_pre_rating_only","inherited_current_emasco_profile","https://emasco.mohr.gov.my/masco/2266-01","M226601","226601","Audiologist","https://emasco.mohr.gov.my/masco/2266-01","2020","title_variant","high","346","https://www.dosm.gov.my/uploads/content-downloads/file_20220920110308.pdf#page=346","Current eMASCO D11 profile inherited for a MASCO 2020 identity; not 2020-specific task evidence; test only.","exact_occupation"
"M226602","Speech Therapist","226602","346","7","4","0","3","medium","1","0.1429","low","2","pending","research_pre_rating_only","inherited_current_emasco_profile","https://emasco.mohr.gov.my/masco/2266-02","M226602","226602","Speech Therapist","https://emasco.mohr.gov.my/masco/2266-02","2020","exact_normalized_title","high","346","https://www.dosm.gov.my/uploads/content-downloads/file_20220920110308.pdf#page=346","Current eMASCO D11 profile inherited for a MASCO 2020 identity; not 2020-specific task evidence; test only.","exact_occupation"
"M226603","Orthoepist","226603","346","8","4","1","3","low","2","0.25","low","2","pending","research_pre_rating_only","inherited_current_emasco_profile","https://emasco.mohr.gov.my/masco/2266-03","M226603","226603","Orthoepist","https://emasco.mohr.gov.my/masco/2266-03","2020","exact_normalized_title","high","346","https://www.dosm.gov.my/uploads/content-downloads/file_20220920110308.pdf#page=346","Current eMASCO D11 profile inherited for a MASCO 2020 identity; not 2020-specific task evidence; test only.","exact_occupation"
"M226701","Optometry Officer Grade U41","226701","346","9","1","0","8","medium","3","0.3333","medium","2","pending","research_pre_rating_only","inherited_current_emasco_profile","https://emasco.mohr.gov.my/masco/2267-02","M226702","226702","Optometry Officer Grade U9","https://emasco.mohr.gov.my/masco/2267-02","2020","grade_reversion","high","346","https://www.dosm.gov.my/uploads/content-downloads/file_20220920110308.pdf#page=346","Current eMASCO D11 profile inherited for a MASCO 2020 identity; not 2020-specific task evidence; test only.","exact_occupation"
"M226702","Optometrist","226702","346","8","2","0","6","medium","0","0.0","low","2","pending","research_pre_rating_only","inherited_current_emasco_profile","https://emasco.mohr.gov.my/masco/2267-01","M226701","226701","Optometrist","https://emasco.mohr.gov.my/masco/2267-01","2020","exact_normalized_title","high","346","https://www.dosm.gov.my/uploads/content-downloads/file_20220920110308.pdf#page=346","Current eMASCO D11 profile inherited for a MASCO 2020 identity; not 2020-specific task evidence; test only.","exact_occupation"
"M226703","Optician","226703","346","8","1","0","7","medium","0","0.0","low","2","pending","research_pre_rating_only","inherited_current_emasco_profile","https://emasco.mohr.gov.my/masco/3254-01","M325401","325401","Optician","https://emasco.mohr.gov.my/masco/3254-01","2020","exact_normalized_title","high","346","https://www.dosm.gov.my/uploads/content-downloads/file_20220920110308.pdf#page=346","Current eMASCO D11 profile inherited for a MASCO 2020 identity; not 2020-specific task evidence; test only.","exact_occupation"
"M226801","Occupational Therapist","226801","346","8","2","2","4","low","1","0.125","low","2","pending","research_pre_rating_only","inherited_current_emasco_profile","https://emasco.mohr.gov.my/masco/2212-17","M221217","221217","Occupational Therapist","https://emasco.mohr.gov.my/masco/2212-17","2020","exact_normalized_title","high","346","https://www.dosm.gov.my/uploads/content-downloads/file_20220920110308.pdf#page=346","Current eMASCO D11 profile inherited for a MASCO 2020 identity; not 2020-specific task evidence; test only.","exact_occupation"
"M226901","X-Ray Technician Grade U41","226901","346","9","1","1","7","low","1","0.1111","low","2","pending","research_pre_rating_only","inherited_current_emasco_profile","https://emasco.mohr.gov.my/masco/2269-02","M226902","226902","Radiographer Grade U9","https://emasco.mohr.gov.my/masco/2269-02","2020","reviewed_functional_equivalent","medium","346","https://www.dosm.gov.my/uploads/content-downloads/file_20220920110308.pdf#page=346","Current eMASCO D11 profile inherited for a MASCO 2020 identity; not 2020-specific task evidence; test only.","exact_occupation"
"M226902","Instructor Grade U41","226902","346","8","2","0","6","medium","3","0.375","medium","2","pending","research_pre_rating_only","inherited_current_emasco_profile","https://emasco.mohr.gov.my/masco/2269-03","M226903","226903","Instructor Grade U9","https://emasco.mohr.gov.my/masco/2269-03","2020","grade_reversion","high","346","https://www.dosm.gov.my/uploads/content-downloads/file_20220920110308.pdf#page=346","Current eMASCO D11 profile inherited for a MASCO 2020 identity; not 2020-specific task evidence; test only.","exact_occupation"
"M231105","Dental Lecturer Grade DUG51P","231105","347","10","5","0","5","medium","1","0.1","low","2","pending","research_pre_rating_only","inherited_current_emasco_profile","https://emasco.mohr.gov.my/masco/2311-04","M231104","231104","Dental Lecturer Grade DUG13P","https://emasco.mohr.gov.my/masco/2311-04","2020","grade_reversion","high","347","https://www.dosm.gov.my/uploads/content-downloads/file_20220920110308.pdf#page=347","Current eMASCO D11 profile inherited for a MASCO 2020 identity; not 2020-specific task evidence; test only.","exact_occupation"
"M231117","Pharmacy Lecturer Grade DUF45","231117","347","8","3","0","5","medium","2","0.25","low","2","pending","research_pre_rating_only","inherited_current_emasco_profile","https://emasco.mohr.gov.my/masco/2311-07","M231107","231107","Pharmacy Lecturer Grade DUF11","https://emasco.mohr.gov.my/masco/2311-07","2020","grade_reversion","high","347","https://www.dosm.gov.my/uploads/content-downloads/file_20220920110308.pdf#page=347","Current eMASCO D11 profile inherited for a MASCO 2020 identity; not 2020-specific task evidence; test only.","exact_occupation"
"M232102","Teacher, Vocational","232102","347","8","1","1","6","low","1","0.125","low","2","pending","research_pre_rating_only","inherited_current_emasco_profile","https://emasco.mohr.gov.my/masco/2321-01","M232101","232101","Vocational Teacher","https://emasco.mohr.gov.my/masco/2321-01","2020","title_variant","high","347","https://www.dosm.gov.my/uploads/content-downloads/file_20220920110308.pdf#page=347","Current eMASCO D11 profile inherited for a MASCO 2020 identity; not 2020-specific task evidence; test only.","exact_occupation"
"M238101","Vocational Training Officer Grade DV41","238101","348","10","6","2","2","low","7","0.7","high","2","pending","research_pre_rating_only","inherited_current_emasco_profile","https://emasco.mohr.gov.my/masco/2381-02","M238102","238102","Vocational Training Officer Grade DV9","https://emasco.mohr.gov.my/masco/2381-02","2020","grade_reversion","high","348","https://www.dosm.gov.my/uploads/content-downloads/file_20220920110308.pdf#page=348","Current eMASCO D11 profile inherited for a MASCO 2020 identity; not 2020-specific task evidence; test only.","exact_occupation"
"M238102","Skills Training Trainer","238102","348","9","1","1","7","low","4","0.4444","medium","2","pending","research_pre_rating_only","inherited_current_emasco_profile","https://emasco.mohr.gov.my/masco/2381-01","M238101","238101","Skills Training Trainer","https://emasco.mohr.gov.my/masco/2381-01","2020","exact_normalized_title","high","348","https://www.dosm.gov.my/uploads/content-downloads/file_20220920110308.pdf#page=348","Current eMASCO D11 profile inherited for a MASCO 2020 identity; not 2020-specific task evidence; test only.","exact_occupation"
"M238103","Assistant Vocational Training Officer Grade DV29","238103","348","10","2","1","7","low","4","0.4","medium","2","pending","research_pre_rating_only","inherited_current_emasco_profile","https://emasco.mohr.gov.my/masco/2381-07","M238107","238107","Assistant Vocational Training Officer Grade DV5, DV6, DV7, DV8","https://emasco.mohr.gov.my/masco/2381-07","2020","combined_title_split","medium","348","https://www.dosm.gov.my/uploads/content-downloads/file_20220920110308.pdf#page=348","Current eMASCO D11 profile inherited for a MASCO 2020 identity; not 2020-specific task evidence; test only.","exact_occupation"
"M238106","Assistant Vocational Training Officer Grade DV35","238106","348","10","2","1","7","low","4","0.4","medium","2","pending","research_pre_rating_only","inherited_current_emasco_profile","https://emasco.mohr.gov.my/masco/2381-07","M238107","238107","Assistant Vocational Training Officer Grade DV5, DV6, DV7, DV8","https://emasco.mohr.gov.my/masco/2381-07","2020","combined_title_split","medium","348","https://www.dosm.gov.my/uploads/content-downloads/file_20220920110308.pdf#page=348","Current eMASCO D11 profile inherited for a MASCO 2020 identity; not 2020-specific task evidence; test only.","exact_occupation"
"M238107","Assistant Vocational Training Officer Grade DV37","238107","348","10","2","1","7","low","4","0.4","medium","2","pending","research_pre_rating_only","inherited_current_emasco_profile","https://emasco.mohr.gov.my/masco/2381-07","M238107","238107","Assistant Vocational Training Officer Grade DV5, DV6, DV7, DV8","https://emasco.mohr.gov.my/masco/2381-07","2020","combined_title_split","medium","348","https://www.dosm.gov.my/uploads/content-downloads/file_20220920110308.pdf#page=348","Current eMASCO D11 profile inherited for a MASCO 2020 identity; not 2020-specific task evidence; test only.","exact_occupation"
"M238108","Assistant Vocational Training Officer Grade DV39","238108","348","10","2","1","7","low","4","0.4","medium","2","pending","research_pre_rating_only","inherited_current_emasco_profile","https://emasco.mohr.gov.my/masco/2381-07","M238107","238107","Assistant Vocational Training Officer Grade DV5, DV6, DV7, DV8","https://emasco.mohr.gov.my/masco/2381-07","2020","combined_title_split","medium","348","https://www.dosm.gov.my/uploads/content-downloads/file_20220920110308.pdf#page=348","Current eMASCO D11 profile inherited for a MASCO 2020 identity; not 2020-specific task evidence; test only.","exact_occupation"
"M238109","Vocational Training Officer Grade DV43","238109","348","10","6","2","2","low","6","0.6","high","2","pending","research_pre_rating_only","inherited_current_emasco_profile","https://emasco.mohr.gov.my/masco/2381-03","M238103","238103","Vocational Training Officer Grade DV10","https://emasco.mohr.gov.my/masco/2381-03","2020","grade_reversion","high","348","https://www.dosm.gov.my/uploads/content-downloads/file_20220920110308.pdf#page=348","Current eMASCO D11 profile inherited for a MASCO 2020 identity; not 2020-specific task evidence; test only.","exact_occupation"
"M238110","Vocational Training Officer Grade DV47","238110","348","10","5","2","3","low","3","0.3","medium","2","pending","research_pre_rating_only","inherited_current_emasco_profile","https://emasco.mohr.gov.my/masco/2381-04","M238104","238104","Vocational Training Officer Grade DV12","https://emasco.mohr.gov.my/masco/2381-04","2020","grade_reversion","high","348","https://www.dosm.gov.my/uploads/content-downloads/file_20220920110308.pdf#page=348","Current eMASCO D11 profile inherited for a MASCO 2020 identity; not 2020-specific task evidence; test only.","exact_occupation"
"M238111","Vocational Training Officer Grade DV51","238111","348","10","4","2","4","low","3","0.3","medium","2","pending","research_pre_rating_only","inherited_current_emasco_profile","https://emasco.mohr.gov.my/masco/2381-05","M238105","238105","Vocational Training Officer Grade DV13","https://emasco.mohr.gov.my/masco/2381-05","2020","grade_reversion","high","348","https://www.dosm.gov.my/uploads/content-downloads/file_20220920110308.pdf#page=348","Current eMASCO D11 profile inherited for a MASCO 2020 identity; not 2020-specific task evidence; test only.","exact_occupation"
"M238112","Vocational Training Officer Grade DV53","238112","348","8","5","1","2","low","3","0.375","medium","2","pending","research_pre_rating_only","inherited_current_emasco_profile","https://emasco.mohr.gov.my/masco/2381-06","M238106","238106","Vocational Training Officer Grade DV14","https://emasco.mohr.gov.my/masco/2381-06","2020","grade_reversion","high","348","https://www.dosm.gov.my/uploads/content-downloads/file_20220920110308.pdf#page=348","Current eMASCO D11 profile inherited for a MASCO 2020 identity; not 2020-specific task evidence; test only.","exact_occupation"
"M239303","Software Trainer","239303","349","7","1","2","4","low","3","0.4286","medium","2","pending","research_pre_rating_only","inherited_current_emasco_profile","https://emasco.mohr.gov.my/masco/2393-01","M239301","239301","Software Trainer","https://emasco.mohr.gov.my/masco/2393-01","2020","exact_normalized_title","high","349","https://www.dosm.gov.my/uploads/content-downloads/file_20220920110308.pdf#page=349","Current eMASCO D11 profile inherited for a MASCO 2020 identity; not 2020-specific task evidence; test only.","exact_occupation"
"M242103","Operation Research Analyst","242103","351","7","3","0","4","medium","3","0.4286","medium","2","pending","research_pre_rating_only","inherited_current_emasco_profile","https://emasco.mohr.gov.my/masco/2421-02","M242102","242102","Operation Research Analyst","https://emasco.mohr.gov.my/masco/2421-02","2020","exact_normalized_title","high","351","https://www.dosm.gov.my/uploads/content-downloads/file_20220920110308.pdf#page=351","Current eMASCO D11 profile inherited for a MASCO 2020 identity; not 2020-specific task evidence; test only.","exact_occupation"
"M242401","Staff Training Officer","242401","351","8","3","0","5","medium","5","0.625","high","2","pending","research_pre_rating_only","inherited_current_emasco_profile","https://emasco.mohr.gov.my/masco/2424-01","M242401","242401","Staff Training Officer","https://emasco.mohr.gov.my/masco/2424-01","2020","exact_normalized_title","high","351","https://www.dosm.gov.my/uploads/content-downloads/file_20220920110308.pdf#page=351","Current eMASCO D11 profile inherited for a MASCO 2020 identity; not 2020-specific task evidence; test only.","exact_occupation"
"M242601","Research Officer Grade Q41","242601","352","10","6","1","3","low","6","0.6","high","2","pending","research_pre_rating_only","inherited_current_emasco_profile","https://emasco.mohr.gov.my/masco/2426-06","M242606","242606","Research Officer Grade Q9","https://emasco.mohr.gov.my/masco/2426-06","2020","grade_reversion","high","352","https://www.dosm.gov.my/uploads/content-downloads/file_20220920110308.pdf#page=352","Current eMASCO D11 profile inherited for a MASCO 2020 identity; not 2020-specific task evidence; test only.","exact_occupation"
"M242602","Scientific Officer Grade C41","242602","352","10","3","3","4","low","2","0.2","low","2","pending","research_pre_rating_only","inherited_current_emasco_profile","https://emasco.mohr.gov.my/masco/2426-07","M242607","242607","Scientific Officer Grade C9","https://emasco.mohr.gov.my/masco/2426-07","2020","grade_reversion","high","352","https://www.dosm.gov.my/uploads/content-downloads/file_20220920110308.pdf#page=352","Current eMASCO D11 profile inherited for a MASCO 2020 identity; not 2020-specific task evidence; test only.","exact_occupation"
"M242603","Agro-Based Biotech Food Researcher","242603","352","7","5","0","2","medium","3","0.4286","medium","2","pending","research_pre_rating_only","inherited_current_emasco_profile","https://emasco.mohr.gov.my/masco/2426-01","M242601","242601","Agro-Based Biotech Food Researcher","https://emasco.mohr.gov.my/masco/2426-01","2020","exact_normalized_title","high","352","https://www.dosm.gov.my/uploads/content-downloads/file_20220920110308.pdf#page=352","Current eMASCO D11 profile inherited for a MASCO 2020 identity; not 2020-specific task evidence; test only.","exact_occupation"
"M242604","Aquaculture Biotech Researcher","242604","352","8","4","1","3","low","2","0.25","low","2","pending","research_pre_rating_only","inherited_current_emasco_profile","https://emasco.mohr.gov.my/masco/2426-02","M242602","242602","Aquaculture Biotech Researcher","https://emasco.mohr.gov.my/masco/2426-02","2020","exact_normalized_title","high","352","https://www.dosm.gov.my/uploads/content-downloads/file_20220920110308.pdf#page=352","Current eMASCO D11 profile inherited for a MASCO 2020 identity; not 2020-specific task evidence; test only.","exact_occupation"
"M242609","Research and Development Executive","242609","352","8","5","0","3","medium","3","0.375","medium","2","pending","research_pre_rating_only","inherited_current_emasco_profile","https://emasco.mohr.gov.my/masco/2426-03","M242603","242603","Research and Development Executive","https://emasco.mohr.gov.my/masco/2426-03","2020","exact_normalized_title","high","352","https://www.dosm.gov.my/uploads/content-downloads/file_20220920110308.pdf#page=352","Current eMASCO D11 profile inherited for a MASCO 2020 identity; not 2020-specific task evidence; test only.","exact_occupation"
"M242613","Research Officer","242613","352","9","8","0","1","medium","3","0.3333","medium","2","pending","research_pre_rating_only","inherited_current_emasco_profile","https://emasco.mohr.gov.my/masco/2426-04","M242604","242604","Research Officer","https://emasco.mohr.gov.my/masco/2426-04","2020","exact_normalized_title","high","352","https://www.dosm.gov.my/uploads/content-downloads/file_20220920110308.pdf#page=352","Current eMASCO D11 profile inherited for a MASCO 2020 identity; not 2020-specific task evidence; test only.","exact_occupation"
"M243114","Trade Product Specialist","243114","352","8","4","0","4","medium","3","0.375","medium","2","pending","research_pre_rating_only","inherited_current_emasco_profile","https://emasco.mohr.gov.my/masco/2431-04","M243104","243104","Product Specialist","https://emasco.mohr.gov.my/masco/2431-04","2020","reviewed_functional_equivalent","medium","352","https://www.dosm.gov.my/uploads/content-downloads/file_20220920110308.pdf#page=352","Current eMASCO D11 profile inherited for a MASCO 2020 identity; not 2020-specific task evidence; test only.","exact_occupation"
"M243132","Technical Sales Engineer","243132","353","10","6","0","4","medium","1","0.1","low","2","pending","research_pre_rating_only","inherited_current_emasco_profile","https://emasco.mohr.gov.my/masco/2431-03","M243103","243103","Technical Sales Engineer","https://emasco.mohr.gov.my/masco/2431-03","2020","exact_normalized_title","high","353","https://www.dosm.gov.my/uploads/content-downloads/file_20220920110308.pdf#page=353","Current eMASCO D11 profile inherited for a MASCO 2020 identity; not 2020-specific task evidence; test only.","exact_occupation"
"M243301","Sales Representative, Medical","243301","353","7","5","0","2","medium","2","0.2857","low","2","pending","research_pre_rating_only","inherited_current_emasco_profile","https://emasco.mohr.gov.my/masco/2433-01","M243301","243301","Sales Representative (Medical)","https://emasco.mohr.gov.my/masco/2433-01","2020","exact_normalized_title","high","353","https://www.dosm.gov.my/uploads/content-downloads/file_20220920110308.pdf#page=353","Current eMASCO D11 profile inherited for a MASCO 2020 identity; not 2020-specific task evidence; test only.","exact_occupation"
"M243401","Sales Representative, Information and Communications Technology","243401","354","9","6","0","3","medium","3","0.3333","medium","2","pending","research_pre_rating_only","inherited_current_emasco_profile","https://emasco.mohr.gov.my/masco/2434-01","M243401","243401","Sales Representative (Information and Communications Technology)","https://emasco.mohr.gov.my/masco/2434-01","2020","exact_normalized_title","high","354","https://www.dosm.gov.my/uploads/content-downloads/file_20220920110308.pdf#page=354","Current eMASCO D11 profile inherited for a MASCO 2020 identity; not 2020-specific task evidence; test only.","exact_occupation"
"M243410","Digital Banking/Internet Technology Specialist","243410","354","7","7","0","0","high","2","0.2857","low","2","pending","research_pre_rating_only","inherited_current_emasco_profile","https://emasco.mohr.gov.my/masco/2434-02","M243402","243402","Digital Banking-Internet Technology Specialist","https://emasco.mohr.gov.my/masco/2434-02","2020","exact_normalized_title","high","354","https://www.dosm.gov.my/uploads/content-downloads/file_20220920110308.pdf#page=354","Current eMASCO D11 profile inherited for a MASCO 2020 identity; not 2020-specific task evidence; test only.","exact_occupation"
"M251101","Management Information Systems (MIS) Analyst","251101","354","8","7","0","1","medium","7","0.875","high","2","pending","research_pre_rating_only","inherited_current_emasco_profile","https://emasco.mohr.gov.my/masco/2511-01","M251101","251101","Management Information Systems (MIS) Analyst","https://emasco.mohr.gov.my/masco/2511-01","2020","exact_normalized_title","high","354","https://www.dosm.gov.my/uploads/content-downloads/file_20220920110308.pdf#page=354","Current eMASCO D11 profile inherited for a MASCO 2020 identity; not 2020-specific task evidence; test only.","exact_occupation"
"M251116","Technical Specialist (.Net)","251116","354","10","8","0","2","medium","6","0.6","high","2","pending","research_pre_rating_only","inherited_current_emasco_profile","https://emasco.mohr.gov.my/masco/2511-02","M251102","251102","Technical Specialist (.Net)","https://emasco.mohr.gov.my/masco/2511-02","2020","exact_normalized_title","high","354","https://www.dosm.gov.my/uploads/content-downloads/file_20220920110308.pdf#page=354","Current eMASCO D11 profile inherited for a MASCO 2020 identity; not 2020-specific task evidence; test only.","exact_occupation"
"M251142","Register Transfer Level (RTL) Designer (Information Technology)","251142","355","10","10","0","0","high","9","0.9","high","2","pending","research_pre_rating_only","inherited_current_emasco_profile","https://emasco.mohr.gov.my/masco/2511-03","M251103","251103","Register Transfer Level (RTL) Designer (Information Technology)","https://emasco.mohr.gov.my/masco/2511-03","2020","exact_normalized_title","high","355","https://www.dosm.gov.my/uploads/content-downloads/file_20220920110308.pdf#page=355","Current eMASCO D11 profile inherited for a MASCO 2020 identity; not 2020-specific task evidence; test only.","exact_occupation"
"M251144","Design Engineer (Information Technology)","251144","355","8","8","0","0","high","8","1.0","high","2","pending","research_pre_rating_only","inherited_current_emasco_profile","https://emasco.mohr.gov.my/masco/2511-04","M251104","251104","Design Engineer (Information Technology)","https://emasco.mohr.gov.my/masco/2511-04","2020","exact_normalized_title","high","355","https://www.dosm.gov.my/uploads/content-downloads/file_20220920110308.pdf#page=355","Current eMASCO D11 profile inherited for a MASCO 2020 identity; not 2020-specific task evidence; test only.","exact_occupation"
"M251201","Software Developer","251201","355","10","10","0","0","high","10","1.0","high","2","pending","research_pre_rating_only","inherited_current_emasco_profile","https://emasco.mohr.gov.my/masco/2512-01","M251201","251201","Software Developer","https://emasco.mohr.gov.my/masco/2512-01","2020","exact_normalized_title","high","355","https://www.dosm.gov.my/uploads/content-downloads/file_20220920110308.pdf#page=355","Current eMASCO D11 profile inherited for a MASCO 2020 identity; not 2020-specific task evidence; test only.","exact_occupation"
"M251219","Information Technology System Architect","251219","355","8","6","0","2","medium","5","0.625","high","2","pending","research_pre_rating_only","inherited_current_emasco_profile","https://emasco.mohr.gov.my/masco/2512-02","M251202","251202","Information Technology Systems Architect","https://emasco.mohr.gov.my/masco/2512-02","2020","title_variant","high","355","https://www.dosm.gov.my/uploads/content-downloads/file_20220920110308.pdf#page=355","Current eMASCO D11 profile inherited for a MASCO 2020 identity; not 2020-specific task evidence; test only.","exact_occupation"
"M251243","Information System Executive","251243","356","10","8","0","2","medium","6","0.6","high","2","pending","research_pre_rating_only","inherited_current_emasco_profile","https://emasco.mohr.gov.my/masco/2512-03","M251203","251203","Information Systems Executive","https://emasco.mohr.gov.my/masco/2512-03","2020","title_variant","high","356","https://www.dosm.gov.my/uploads/content-downloads/file_20220920110308.pdf#page=356","Current eMASCO D11 profile inherited for a MASCO 2020 identity; not 2020-specific task evidence; test only.","exact_occupation"
"M251301","Website Developer","251301","356","9","4","0","5","medium","5","0.5556","medium","2","pending","research_pre_rating_only","inherited_current_emasco_profile","https://emasco.mohr.gov.my/masco/2513-01","M251301","251301","Website Developer","https://emasco.mohr.gov.my/masco/2513-01","2020","exact_normalized_title","high","356","https://www.dosm.gov.my/uploads/content-downloads/file_20220920110308.pdf#page=356","Current eMASCO D11 profile inherited for a MASCO 2020 identity; not 2020-specific task evidence; test only.","exact_occupation"
"M251302","Internet/ Intranet Developer","251302","356","10","7","0","3","medium","7","0.7","high","2","pending","research_pre_rating_only","inherited_current_emasco_profile","https://emasco.mohr.gov.my/masco/2513-02","M251302","251302","Internet/Intranet Developer","https://emasco.mohr.gov.my/masco/2513-02","2020","exact_normalized_title","high","356","https://www.dosm.gov.my/uploads/content-downloads/file_20220920110308.pdf#page=356","Current eMASCO D11 profile inherited for a MASCO 2020 identity; not 2020-specific task evidence; test only.","exact_occupation"
"M251401","Computer Programmer","251401","356","8","6","0","2","medium","8","1.0","high","2","pending","research_pre_rating_only","inherited_current_emasco_profile","https://emasco.mohr.gov.my/masco/2514-01","M251401","251401","Computer Programmer","https://emasco.mohr.gov.my/masco/2514-01","2020","exact_normalized_title","high","356","https://www.dosm.gov.my/uploads/content-downloads/file_20220920110308.pdf#page=356","Current eMASCO D11 profile inherited for a MASCO 2020 identity; not 2020-specific task evidence; test only.","exact_occupation"
"M251407","Systems Programmer","251407","356","8","8","0","0","high","7","0.875","high","2","pending","research_pre_rating_only","inherited_current_emasco_profile","https://emasco.mohr.gov.my/masco/2514-02","M251402","251402","Systems Programmer","https://emasco.mohr.gov.my/masco/2514-02","2020","exact_normalized_title","high","356","https://www.dosm.gov.my/uploads/content-downloads/file_20220920110308.pdf#page=356","Current eMASCO D11 profile inherited for a MASCO 2020 identity; not 2020-specific task evidence; test only.","exact_occupation"
"M251419","C/C++ Programmer","251419","356","9","5","0","4","medium","7","0.7778","high","2","pending","research_pre_rating_only","inherited_current_emasco_profile","https://emasco.mohr.gov.my/masco/2514-03","M251403","251403","C/C++ Programmer","https://emasco.mohr.gov.my/masco/2514-03","2020","exact_normalized_title","high","356","https://www.dosm.gov.my/uploads/content-downloads/file_20220920110308.pdf#page=356","Current eMASCO D11 profile inherited for a MASCO 2020 identity; not 2020-specific task evidence; test only.","exact_occupation"
"M251433","Computer Infrastructure Specialist","251433","357","9","4","0","5","medium","4","0.4444","medium","2","pending","research_pre_rating_only","inherited_current_emasco_profile","https://emasco.mohr.gov.my/masco/2514-04","M251404","251404","Computer Infrastructure Specialist","https://emasco.mohr.gov.my/masco/2514-04","2020","exact_normalized_title","high","357","https://www.dosm.gov.my/uploads/content-downloads/file_20220920110308.pdf#page=357","Current eMASCO D11 profile inherited for a MASCO 2020 identity; not 2020-specific task evidence; test only.","exact_occupation"
"M251434","User Interface (UI)/ Gameplay Coders","251434","357","9","4","0","5","medium","6","0.6667","high","2","pending","research_pre_rating_only","inherited_current_emasco_profile","https://emasco.mohr.gov.my/masco/2514-05","M251405","251405","User Interface (UI)/Gameplay Coder","https://emasco.mohr.gov.my/masco/2514-05","2020","title_variant","high","357","https://www.dosm.gov.my/uploads/content-downloads/file_20220920110308.pdf#page=357","Current eMASCO D11 profile inherited for a MASCO 2020 identity; not 2020-specific task evidence; test only.","exact_occupation"
"M251902","Systems Tester","251902","357","8","8","0","0","high","7","0.875","high","2","pending","research_pre_rating_only","inherited_current_emasco_profile","https://emasco.mohr.gov.my/masco/2519-01","M251901","251901","Systems Tester","https://emasco.mohr.gov.my/masco/2519-01","2020","exact_normalized_title","high","357","https://www.dosm.gov.my/uploads/content-downloads/file_20220920110308.pdf#page=357","Current eMASCO D11 profile inherited for a MASCO 2020 identity; not 2020-specific task evidence; test only.","exact_occupation"
"M251916","Information Technology Auditor","251916","357","6","4","0","2","medium","3","0.5","medium","2","pending","research_pre_rating_only","inherited_current_emasco_profile","https://emasco.mohr.gov.my/masco/2519-02","M251902","251902","Information Technology Auditor","https://emasco.mohr.gov.my/masco/2519-02","2020","exact_normalized_title","high","357","https://www.dosm.gov.my/uploads/content-downloads/file_20220920110308.pdf#page=357","Current eMASCO D11 profile inherited for a MASCO 2020 identity; not 2020-specific task evidence; test only.","exact_occupation"
"M252101","Database Architect","252101","357","9","9","0","0","high","9","1.0","high","2","pending","research_pre_rating_only","inherited_current_emasco_profile","https://emasco.mohr.gov.my/masco/2521-01","M252101","252101","Database Architect","https://emasco.mohr.gov.my/masco/2521-01","2020","exact_normalized_title","high","357","https://www.dosm.gov.my/uploads/content-downloads/file_20220920110308.pdf#page=357","Current eMASCO D11 profile inherited for a MASCO 2020 identity; not 2020-specific task evidence; test only.","exact_occupation"
"M252103","Database Administrator","252103","357","8","7","0","1","medium","7","0.875","high","2","pending","research_pre_rating_only","inherited_current_emasco_profile","https://emasco.mohr.gov.my/masco/2521-02","M252102","252102","Database Administrator","https://emasco.mohr.gov.my/masco/2521-02","2020","exact_normalized_title","high","357","https://www.dosm.gov.my/uploads/content-downloads/file_20220920110308.pdf#page=357","Current eMASCO D11 profile inherited for a MASCO 2020 identity; not 2020-specific task evidence; test only.","exact_occupation"
"M252108","Oracle Database Specialist","252108","357","8","7","0","1","medium","7","0.875","high","2","pending","research_pre_rating_only","inherited_current_emasco_profile","https://emasco.mohr.gov.my/masco/2521-05","M252105","252105","Oracle Database Administrator","https://emasco.mohr.gov.my/masco/2521-05","2020","reviewed_functional_equivalent","medium","357","https://www.dosm.gov.my/uploads/content-downloads/file_20220920110308.pdf#page=357","Current eMASCO D11 profile inherited for a MASCO 2020 identity; not 2020-specific task evidence; test only.","exact_occupation"
"M252201","Information Technology Officer Grade F41","252201","357","5","2","0","3","medium","2","0.4","medium","2","pending","research_pre_rating_only","inherited_current_emasco_profile","https://emasco.mohr.gov.my/masco/2522-11","M252211","252211","Information Technology Officer Grade F9","https://emasco.mohr.gov.my/masco/2522-11","2020","grade_reversion","high","357","https://www.dosm.gov.my/uploads/content-downloads/file_20220920110308.pdf#page=357","Current eMASCO D11 profile inherited for a MASCO 2020 identity; not 2020-specific task evidence; test only.","exact_occupation"
"M252205","Information System Officer","252205","357","8","5","0","3","medium","3","0.375","medium","2","pending","research_pre_rating_only","inherited_current_emasco_profile","https://emasco.mohr.gov.my/masco/2522-01","M252201","252201","Information Systems Officer","https://emasco.mohr.gov.my/masco/2522-01","2020","title_variant","high","357","https://www.dosm.gov.my/uploads/content-downloads/file_20220920110308.pdf#page=357","Current eMASCO D11 profile inherited for a MASCO 2020 identity; not 2020-specific task evidence; test only.","exact_occupation"
"M252208","Information Technology Support Officer","252208","358","9","6","1","2","low","4","0.4444","medium","2","pending","research_pre_rating_only","inherited_current_emasco_profile","https://emasco.mohr.gov.my/masco/2522-02","M252202","252202","Information Technology Support Officer","https://emasco.mohr.gov.my/masco/2522-02","2020","exact_normalized_title","high","358","https://www.dosm.gov.my/uploads/content-downloads/file_20220920110308.pdf#page=358","Current eMASCO D11 profile inherited for a MASCO 2020 identity; not 2020-specific task evidence; test only.","exact_occupation"
"M252214","Computer Support Engineer","252214","358","10","7","1","2","low","4","0.4","medium","2","pending","research_pre_rating_only","inherited_current_emasco_profile","https://emasco.mohr.gov.my/masco/2522-03","M252203","252203","Computer Support Engineer","https://emasco.mohr.gov.my/masco/2522-03","2020","exact_normalized_title","high","358","https://www.dosm.gov.my/uploads/content-downloads/file_20220920110308.pdf#page=358","Current eMASCO D11 profile inherited for a MASCO 2020 identity; not 2020-specific task evidence; test only.","exact_occupation"
"M252215","Information Technology Technical Specialist","252215","358","9","6","0","3","medium","4","0.4444","medium","2","pending","research_pre_rating_only","inherited_current_emasco_profile","https://emasco.mohr.gov.my/masco/2522-04","M252204","252204","Information Technology Technical Specialist","https://emasco.mohr.gov.my/masco/2522-04","2020","exact_normalized_title","high","358","https://www.dosm.gov.my/uploads/content-downloads/file_20220920110308.pdf#page=358","Current eMASCO D11 profile inherited for a MASCO 2020 identity; not 2020-specific task evidence; test only.","exact_occupation"
"M252222","Cloud Computing Solution Architect","252222","358","8","8","0","0","high","5","0.625","high","2","pending","research_pre_rating_only","inherited_current_emasco_profile","https://emasco.mohr.gov.my/masco/2522-05","M252205","252205","Cloud Computing Solution Architect","https://emasco.mohr.gov.my/masco/2522-05","2020","exact_normalized_title","high","358","https://www.dosm.gov.my/uploads/content-downloads/file_20220920110308.pdf#page=358","Current eMASCO D11 profile inherited for a MASCO 2020 identity; not 2020-specific task evidence; test only.","exact_occupation"
"M252238","Geographic Information Systems (GIS) Officer","252238","358","8","7","0","1","medium","7","0.875","high","2","pending","research_pre_rating_only","inherited_current_emasco_profile","https://emasco.mohr.gov.my/masco/2522-09","M252209","252209","Geographic Information Systems (GIS) Officer","https://emasco.mohr.gov.my/masco/2522-09","2020","exact_normalized_title","high","358","https://www.dosm.gov.my/uploads/content-downloads/file_20220920110308.pdf#page=358","Current eMASCO D11 profile inherited for a MASCO 2020 identity; not 2020-specific task evidence; test only.","exact_occupation"
"M252311","Network Specialist","252311","358","8","3","0","5","medium","3","0.375","medium","2","pending","research_pre_rating_only","inherited_current_emasco_profile","https://emasco.mohr.gov.my/masco/2523-01","M252301","252301","Network Specialist","https://emasco.mohr.gov.my/masco/2523-01","2020","exact_normalized_title","high","358","https://www.dosm.gov.my/uploads/content-downloads/file_20220920110308.pdf#page=358","Current eMASCO D11 profile inherited for a MASCO 2020 identity; not 2020-specific task evidence; test only.","exact_occupation"
"M252401","Data Scientist","252401","358","7","6","0","1","medium","6","0.8571","high","2","pending","research_pre_rating_only","inherited_current_emasco_profile","https://emasco.mohr.gov.my/masco/2524-01","M252401","252401","Data Scientist","https://emasco.mohr.gov.my/masco/2524-01","2020","exact_normalized_title","high","358","https://www.dosm.gov.my/uploads/content-downloads/file_20220920110308.pdf#page=358","Current eMASCO D11 profile inherited for a MASCO 2020 identity; not 2020-specific task evidence; test only.","exact_occupation"
"M252403","Data Analyst","252403","358","8","7","0","1","medium","7","0.875","high","2","pending","research_pre_rating_only","inherited_current_emasco_profile","https://emasco.mohr.gov.my/masco/2524-02","M252402","252402","Data Analyst","https://emasco.mohr.gov.my/masco/2524-02","2020","exact_normalized_title","high","358","https://www.dosm.gov.my/uploads/content-downloads/file_20220920110308.pdf#page=358","Current eMASCO D11 profile inherited for a MASCO 2020 identity; not 2020-specific task evidence; test only.","exact_occupation"
"M252406","Data Architect","252406","359","8","8","0","0","high","8","1.0","high","2","pending","research_pre_rating_only","inherited_current_emasco_profile","https://emasco.mohr.gov.my/masco/2524-03","M252403","252403","Data Architect","https://emasco.mohr.gov.my/masco/2524-03","2020","exact_normalized_title","high","359","https://www.dosm.gov.my/uploads/content-downloads/file_20220920110308.pdf#page=359","Current eMASCO D11 profile inherited for a MASCO 2020 identity; not 2020-specific task evidence; test only.","exact_occupation"
"M252411","Machine Learning Engineer","252411","359","8","6","0","2","medium","6","0.75","high","2","pending","research_pre_rating_only","inherited_current_emasco_profile","https://emasco.mohr.gov.my/masco/2519-03","M251903","251903","Machine Learning/Artificial Intelligence (AI) Engineer","https://emasco.mohr.gov.my/masco/2519-03","2020","combined_title_split","medium","359","https://www.dosm.gov.my/uploads/content-downloads/file_20220920110308.pdf#page=359","Current eMASCO D11 profile inherited for a MASCO 2020 identity; not 2020-specific task evidence; test only.","exact_occupation"
"M252413","Artificial Intelligence Engineer (AI)","252413","359","8","6","0","2","medium","6","0.75","high","2","pending","research_pre_rating_only","inherited_current_emasco_profile","https://emasco.mohr.gov.my/masco/2519-03","M251903","251903","Machine Learning/Artificial Intelligence (AI) Engineer","https://emasco.mohr.gov.my/masco/2519-03","2020","combined_title_split","medium","359","https://www.dosm.gov.my/uploads/content-downloads/file_20220920110308.pdf#page=359","Current eMASCO D11 profile inherited for a MASCO 2020 identity; not 2020-specific task evidence; test only.","exact_occupation"
"M253102","Cybersecurity Executive","253102","359","8","5","0","3","medium","5","0.625","high","2","pending","research_pre_rating_only","inherited_current_emasco_profile","https://emasco.mohr.gov.my/masco/2531-01","M253101","253101","Cybersecurity Executive","https://emasco.mohr.gov.my/masco/2531-01","2020","exact_normalized_title","high","359","https://www.dosm.gov.my/uploads/content-downloads/file_20220920110308.pdf#page=359","Current eMASCO D11 profile inherited for a MASCO 2020 identity; not 2020-specific task evidence; test only.","exact_occupation"
"M253103","Digital Forensic Specialist","253103","359","6","6","0","0","high","4","0.6667","high","2","pending","research_pre_rating_only","inherited_current_emasco_profile","https://emasco.mohr.gov.my/masco/2531-02","M253102","253102","Digital Forensic Specialist","https://emasco.mohr.gov.my/masco/2531-02","2020","exact_normalized_title","high","359","https://www.dosm.gov.my/uploads/content-downloads/file_20220920110308.pdf#page=359","Current eMASCO D11 profile inherited for a MASCO 2020 identity; not 2020-specific task evidence; test only.","exact_occupation"
"M253120","Information Security Officer","253120","359","9","4","0","5","medium","4","0.4444","medium","2","pending","research_pre_rating_only","inherited_current_emasco_profile","https://emasco.mohr.gov.my/masco/2531-03","M253103","253103","Information Security Officer","https://emasco.mohr.gov.my/masco/2531-03","2020","exact_normalized_title","high","359","https://www.dosm.gov.my/uploads/content-downloads/file_20220920110308.pdf#page=359","Current eMASCO D11 profile inherited for a MASCO 2020 identity; not 2020-specific task evidence; test only.","exact_occupation"
"M253130","Cybersecurity Analyst","253130","359","8","5","0","3","medium","4","0.5","medium","2","pending","research_pre_rating_only","inherited_current_emasco_profile","https://emasco.mohr.gov.my/masco/2531-04","M253104","253104","Cybersecurity Analyst","https://emasco.mohr.gov.my/masco/2531-04","2020","exact_normalized_title","high","359","https://www.dosm.gov.my/uploads/content-downloads/file_20220920110308.pdf#page=359","Current eMASCO D11 profile inherited for a MASCO 2020 identity; not 2020-specific task evidence; test only.","exact_occupation"
"M253131","Test Analyst (Information Technology)","253131","359","9","7","0","2","medium","8","0.8889","high","2","pending","research_pre_rating_only","inherited_current_emasco_profile","https://emasco.mohr.gov.my/masco/2531-05","M253105","253105","Test Analyst (Information Technology)","https://emasco.mohr.gov.my/masco/2531-05","2020","exact_normalized_title","high","359","https://www.dosm.gov.my/uploads/content-downloads/file_20220920110308.pdf#page=359","Current eMASCO D11 profile inherited for a MASCO 2020 identity; not 2020-specific task evidence; test only.","exact_occupation"
"M253136","Security Infrastructure Engineer","253136","359","8","4","0","4","medium","4","0.5","medium","2","pending","research_pre_rating_only","inherited_current_emasco_profile","https://emasco.mohr.gov.my/masco/2531-06","M253106","253106","Security Infrastructure Engineer","https://emasco.mohr.gov.my/masco/2531-06","2020","exact_normalized_title","high","359","https://www.dosm.gov.my/uploads/content-downloads/file_20220920110308.pdf#page=359","Current eMASCO D11 profile inherited for a MASCO 2020 identity; not 2020-specific task evidence; test only.","exact_occupation"
"M253139","Internet Safety Evaluater","253139","359","6","4","0","2","medium","6","1.0","high","2","pending","research_pre_rating_only","inherited_current_emasco_profile","https://emasco.mohr.gov.my/masco/2531-07","M253107","253107","Internet Safety Evaluator","https://emasco.mohr.gov.my/masco/2531-07","2020","title_variant","high","359","https://www.dosm.gov.my/uploads/content-downloads/file_20220920110308.pdf#page=359","Current eMASCO D11 profile inherited for a MASCO 2020 identity; not 2020-specific task evidence; test only.","exact_occupation"
"M254110","Compositor/Composite artist","254110","360","7","2","0","5","medium","0","0.0","low","2","pending","research_pre_rating_only","inherited_current_emasco_profile","https://emasco.mohr.gov.my/masco/2541-01","M254101","254101","Compositor/Composite Artist","https://emasco.mohr.gov.my/masco/2541-01","2020","exact_normalized_title","high","360","https://www.dosm.gov.my/uploads/content-downloads/file_20220920110308.pdf#page=360","Current eMASCO D11 profile inherited for a MASCO 2020 identity; not 2020-specific task evidence; test only.","exact_occupation"
"M254112","Scriptwriter / Screenwriter","254112","360","7","3","0","4","medium","2","0.2857","low","2","pending","research_pre_rating_only","inherited_current_emasco_profile","https://emasco.mohr.gov.my/masco/2541-02","M254102","254102","Scriptwriter / Screenwriter","https://emasco.mohr.gov.my/masco/2541-02","2020","exact_normalized_title","high","360","https://www.dosm.gov.my/uploads/content-downloads/file_20220920110308.pdf#page=360","Current eMASCO D11 profile inherited for a MASCO 2020 identity; not 2020-specific task evidence; test only.","exact_occupation"
"M254116","Digital Artist","254116","360","8","4","0","4","medium","3","0.375","medium","2","pending","research_pre_rating_only","inherited_current_emasco_profile","https://emasco.mohr.gov.my/masco/2541-03","M254103","254103","Digital Artist","https://emasco.mohr.gov.my/masco/2541-03","2020","exact_normalized_title","high","360","https://www.dosm.gov.my/uploads/content-downloads/file_20220920110308.pdf#page=360","Current eMASCO D11 profile inherited for a MASCO 2020 identity; not 2020-specific task evidence; test only.","exact_occupation"
"M254120","Multimedia Artist","254120","360","9","4","0","5","medium","4","0.4444","medium","2","pending","research_pre_rating_only","inherited_current_emasco_profile","https://emasco.mohr.gov.my/masco/2541-04","M254104","254104","Multimedia Designer/Artist/Animator","https://emasco.mohr.gov.my/masco/2541-04","2020","combined_title_split","medium","360","https://www.dosm.gov.my/uploads/content-downloads/file_20220920110308.pdf#page=360","Current eMASCO D11 profile inherited for a MASCO 2020 identity; not 2020-specific task evidence; test only.","exact_occupation"
"M254126","Visualization Specialist","254126","360","7","4","0","3","medium","4","0.5714","medium","2","pending","research_pre_rating_only","inherited_current_emasco_profile","https://emasco.mohr.gov.my/masco/2541-05","M254105","254105","Visualization Specialist","https://emasco.mohr.gov.my/masco/2541-05","2020","exact_normalized_title","high","360","https://www.dosm.gov.my/uploads/content-downloads/file_20220920110308.pdf#page=360","Current eMASCO D11 profile inherited for a MASCO 2020 identity; not 2020-specific task evidence; test only.","exact_occupation"
"M254127","Computer Specialist","254127","360","9","5","1","3","low","3","0.3333","medium","2","pending","research_pre_rating_only","inherited_current_emasco_profile","https://emasco.mohr.gov.my/masco/2541-06","M254106","254106","Computer Specialist","https://emasco.mohr.gov.my/masco/2541-06","2020","exact_normalized_title","high","360","https://www.dosm.gov.my/uploads/content-downloads/file_20220920110308.pdf#page=360","Current eMASCO D11 profile inherited for a MASCO 2020 identity; not 2020-specific task evidence; test only.","exact_occupation"
"M254128","Story Content Writer","254128","360","7","4","0","3","medium","4","0.5714","medium","2","pending","research_pre_rating_only","inherited_current_emasco_profile","https://emasco.mohr.gov.my/masco/2541-07","M254107","254107","Story Content Writer","https://emasco.mohr.gov.my/masco/2541-07","2020","exact_normalized_title","high","360","https://www.dosm.gov.my/uploads/content-downloads/file_20220920110308.pdf#page=360","Current eMASCO D11 profile inherited for a MASCO 2020 identity; not 2020-specific task evidence; test only.","exact_occupation"
"M254201","Game Designer (Digital)","254201","360","9","4","0","5","medium","6","0.6667","high","2","pending","research_pre_rating_only","inherited_current_emasco_profile","https://emasco.mohr.gov.my/masco/2542-01","M254201","254201","Game Designer (Digital)","https://emasco.mohr.gov.my/masco/2542-01","2020","exact_normalized_title","high","360","https://www.dosm.gov.my/uploads/content-downloads/file_20220920110308.pdf#page=360","Current eMASCO D11 profile inherited for a MASCO 2020 identity; not 2020-specific task evidence; test only.","exact_occupation"
"M254203","QA Tester/Game Tester (Digital)","254203","360","6","6","0","0","high","6","1.0","high","2","pending","research_pre_rating_only","inherited_current_emasco_profile","https://emasco.mohr.gov.my/masco/2542-02","M254202","254202","QA Tester/Game Tester (Digital)","https://emasco.mohr.gov.my/masco/2542-02","2020","exact_normalized_title","high","360","https://www.dosm.gov.my/uploads/content-downloads/file_20220920110308.pdf#page=360","Current eMASCO D11 profile inherited for a MASCO 2020 identity; not 2020-specific task evidence; test only.","exact_occupation"
"M254204","Game Producer (Digital)","254204","360","10","4","0","6","medium","4","0.4","medium","2","pending","research_pre_rating_only","inherited_current_emasco_profile","https://emasco.mohr.gov.my/masco/2542-03","M254203","254203","Game Producer (Digital)","https://emasco.mohr.gov.my/masco/2542-03","2020","exact_normalized_title","high","360","https://www.dosm.gov.my/uploads/content-downloads/file_20220920110308.pdf#page=360","Current eMASCO D11 profile inherited for a MASCO 2020 identity; not 2020-specific task evidence; test only.","exact_occupation"
"M254206","3D Artist","254206","360","10","4","0","6","medium","2","0.2","low","2","pending","research_pre_rating_only","inherited_current_emasco_profile","https://emasco.mohr.gov.my/masco/2541-08","M254108","254108","3D Generalist","https://emasco.mohr.gov.my/masco/2541-08","2020","reviewed_functional_equivalent","medium","360","https://www.dosm.gov.my/uploads/content-downloads/file_20220920110308.pdf#page=360","Current eMASCO D11 profile inherited for a MASCO 2020 identity; not 2020-specific task evidence; test only.","exact_occupation"
"M254209","Concept Artist","254209","360","7","3","0","4","medium","3","0.4286","medium","2","pending","research_pre_rating_only","inherited_current_emasco_profile","https://emasco.mohr.gov.my/masco/2542-04","M254204","254204","Concept Artist","https://emasco.mohr.gov.my/masco/2542-04","2020","exact_normalized_title","high","360","https://www.dosm.gov.my/uploads/content-downloads/file_20220920110308.pdf#page=360","Current eMASCO D11 profile inherited for a MASCO 2020 identity; not 2020-specific task evidence; test only.","exact_occupation"
"M254210","Technical Artist","254210","360","7","1","0","6","medium","1","0.1429","low","2","pending","research_pre_rating_only","inherited_current_emasco_profile","https://emasco.mohr.gov.my/masco/2542-05","M254205","254205","Technical Artist","https://emasco.mohr.gov.my/masco/2542-05","2020","exact_normalized_title","high","360","https://www.dosm.gov.my/uploads/content-downloads/file_20220920110308.pdf#page=360","Current eMASCO D11 profile inherited for a MASCO 2020 identity; not 2020-specific task evidence; test only.","exact_occupation"
"M254211","Art director","254211","360","9","3","0","6","medium","3","0.3333","medium","2","pending","research_pre_rating_only","inherited_current_emasco_profile","https://emasco.mohr.gov.my/masco/2542-06","M254206","254206","Creative, Performing and Media Production Directors","https://emasco.mohr.gov.my/masco/2542-06","2020","reviewed_functional_equivalent","medium","360","https://www.dosm.gov.my/uploads/content-downloads/file_20220920110308.pdf#page=360","Current eMASCO D11 profile inherited for a MASCO 2020 identity; not 2020-specific task evidence; test only.","exact_occupation"
"M254215","Graphics Programmer","254215","360","8","3","0","5","medium","3","0.375","medium","2","pending","research_pre_rating_only","inherited_current_emasco_profile","https://emasco.mohr.gov.my/masco/2542-07","M254207","254207","Graphics Programmer","https://emasco.mohr.gov.my/masco/2542-07","2020","exact_normalized_title","high","360","https://www.dosm.gov.my/uploads/content-downloads/file_20220920110308.pdf#page=360","Current eMASCO D11 profile inherited for a MASCO 2020 identity; not 2020-specific task evidence; test only.","exact_occupation"
"M254217","Graphics Creator","254217","360","9","6","0","3","medium","3","0.3333","medium","2","pending","research_pre_rating_only","inherited_current_emasco_profile","https://emasco.mohr.gov.my/masco/2542-08","M254208","254208","Graphics Creator","https://emasco.mohr.gov.my/masco/2542-08","2020","exact_normalized_title","high","360","https://www.dosm.gov.my/uploads/content-downloads/file_20220920110308.pdf#page=360","Current eMASCO D11 profile inherited for a MASCO 2020 identity; not 2020-specific task evidence; test only.","exact_occupation"
"M254301","Web Designer","254301","360","8","7","0","1","medium","7","0.875","high","2","pending","research_pre_rating_only","inherited_current_emasco_profile","https://emasco.mohr.gov.my/masco/2543-01","M254301","254301","Web Designer","https://emasco.mohr.gov.my/masco/2543-01","2020","exact_normalized_title","high","360","https://www.dosm.gov.my/uploads/content-downloads/file_20220920110308.pdf#page=360","Current eMASCO D11 profile inherited for a MASCO 2020 identity; not 2020-specific task evidence; test only.","exact_occupation"
"M254302","Graphic Designer","254302","360","9","8","0","1","medium","7","0.7778","high","2","pending","research_pre_rating_only","inherited_current_emasco_profile","https://emasco.mohr.gov.my/masco/2543-02","M254302","254302","Graphics Designer","https://emasco.mohr.gov.my/masco/2543-02","2020","title_variant","high","360","https://www.dosm.gov.my/uploads/content-downloads/file_20220920110308.pdf#page=360","Current eMASCO D11 profile inherited for a MASCO 2020 identity; not 2020-specific task evidence; test only.","exact_occupation"
"M254305","Multimedia Designer","254305","361","9","4","0","5","medium","4","0.4444","medium","2","pending","research_pre_rating_only","inherited_current_emasco_profile","https://emasco.mohr.gov.my/masco/2541-04","M254104","254104","Multimedia Designer/Artist/Animator","https://emasco.mohr.gov.my/masco/2541-04","2020","combined_title_split","medium","361","https://www.dosm.gov.my/uploads/content-downloads/file_20220920110308.pdf#page=361","Current eMASCO D11 profile inherited for a MASCO 2020 identity; not 2020-specific task evidence; test only.","exact_occupation"
"M254314","UX Designer (User Experience)","254314","361","8","5","0","3","medium","5","0.625","high","2","pending","research_pre_rating_only","inherited_current_emasco_profile","https://emasco.mohr.gov.my/masco/2543-03","M254303","254303","UX Designer (User Experience)","https://emasco.mohr.gov.my/masco/2543-03","2020","exact_normalized_title","high","361","https://www.dosm.gov.my/uploads/content-downloads/file_20220920110308.pdf#page=361","Current eMASCO D11 profile inherited for a MASCO 2020 identity; not 2020-specific task evidence; test only.","exact_occupation"
"M254316","Digital Designer","254316","361","8","7","0","1","medium","7","0.875","high","2","pending","research_pre_rating_only","inherited_current_emasco_profile","https://emasco.mohr.gov.my/masco/2543-04","M254304","254304","Digital Designer","https://emasco.mohr.gov.my/masco/2543-04","2020","exact_normalized_title","high","361","https://www.dosm.gov.my/uploads/content-downloads/file_20220920110308.pdf#page=361","Current eMASCO D11 profile inherited for a MASCO 2020 identity; not 2020-specific task evidence; test only.","exact_occupation"
"M254317","Creative Team Leader","254317","361","9","3","0","6","medium","2","0.2222","low","2","pending","research_pre_rating_only","inherited_current_emasco_profile","https://emasco.mohr.gov.my/masco/2543-05","M254305","254305","Creative Team Leader","https://emasco.mohr.gov.my/masco/2543-05","2020","exact_normalized_title","high","361","https://www.dosm.gov.my/uploads/content-downloads/file_20220920110308.pdf#page=361","Current eMASCO D11 profile inherited for a MASCO 2020 identity; not 2020-specific task evidence; test only.","exact_occupation"
"M254318","Character Rigger","254318","361","7","1","0","6","medium","2","0.2857","low","2","pending","research_pre_rating_only","inherited_current_emasco_profile","https://emasco.mohr.gov.my/masco/2543-06","M254306","254306","Character Rigger","https://emasco.mohr.gov.my/masco/2543-06","2020","exact_normalized_title","high","361","https://www.dosm.gov.my/uploads/content-downloads/file_20220920110308.pdf#page=361","Current eMASCO D11 profile inherited for a MASCO 2020 identity; not 2020-specific task evidence; test only.","exact_occupation"
"M261907","Coroner","261907","362","9","2","0","7","medium","3","0.3333","medium","2","pending","research_pre_rating_only","inherited_current_emasco_profile","https://emasco.mohr.gov.my/masco/2619-06","M261906","261906","Coroner","https://emasco.mohr.gov.my/masco/2619-06","2020","exact_normalized_title","high","362","https://www.dosm.gov.my/uploads/content-downloads/file_20220920110308.pdf#page=362","Current eMASCO D11 profile inherited for a MASCO 2020 identity; not 2020-specific task evidence; test only.","exact_occupation"
"M282203","Archaeologist","282203","363","8","4","1","3","low","3","0.375","medium","2","pending","research_pre_rating_only","inherited_current_emasco_profile","https://emasco.mohr.gov.my/masco/2822-03","M282203","282203","Archaeologist","https://emasco.mohr.gov.my/masco/2822-03","2020","exact_normalized_title","high","363","https://www.dosm.gov.my/uploads/content-downloads/file_20220920110308.pdf#page=363","Current eMASCO D11 profile inherited for a MASCO 2020 identity; not 2020-specific task evidence; test only.","exact_occupation"
"M282204","Geographer","282204","363","7","5","2","0","low","3","0.4286","medium","2","pending","research_pre_rating_only","inherited_current_emasco_profile","https://emasco.mohr.gov.my/masco/2822-04","M282204","282204","Geographer","https://emasco.mohr.gov.my/masco/2822-04","2020","exact_normalized_title","high","363","https://www.dosm.gov.my/uploads/content-downloads/file_20220920110308.pdf#page=363","Current eMASCO D11 profile inherited for a MASCO 2020 identity; not 2020-specific task evidence; test only.","exact_occupation"
"M282206","Criminologist","282206","363","6","2","0","4","medium","2","0.3333","medium","2","pending","research_pre_rating_only","inherited_current_emasco_profile","https://emasco.mohr.gov.my/masco/2822-06","M282206","282206","Criminologist","https://emasco.mohr.gov.my/masco/2822-06","2020","exact_normalized_title","high","363","https://www.dosm.gov.my/uploads/content-downloads/file_20220920110308.pdf#page=363","Current eMASCO D11 profile inherited for a MASCO 2020 identity; not 2020-specific task evidence; test only.","exact_occupation"
"M282404","Clinical Psychologist","282404","363","8","5","0","3","medium","2","0.25","low","2","pending","research_pre_rating_only","inherited_current_emasco_profile","https://emasco.mohr.gov.my/masco/2824-01","M282401","282401","Clinical Psychologist","https://emasco.mohr.gov.my/masco/2824-01","2020","exact_normalized_title","high","363","https://www.dosm.gov.my/uploads/content-downloads/file_20220920110308.pdf#page=363","Current eMASCO D11 profile inherited for a MASCO 2020 identity; not 2020-specific task evidence; test only.","exact_occupation"
"M282407","Psychotherapist","282407","363","7","5","0","2","medium","0","0.0","low","2","pending","research_pre_rating_only","inherited_current_emasco_profile","https://emasco.mohr.gov.my/masco/3255-03","M325503","325503","Stress Therapist","https://emasco.mohr.gov.my/masco/3255-03","2020","reviewed_functional_equivalent","medium","363","https://www.dosm.gov.my/uploads/content-downloads/file_20220920110308.pdf#page=363","Current eMASCO D11 profile inherited for a MASCO 2020 identity; not 2020-specific task evidence; test only.","exact_occupation"
"M291603","Industrial Relations Officer Grade S41","291603","367","10","3","0","7","medium","3","0.3","medium","2","pending","research_pre_rating_only","inherited_current_emasco_profile","https://emasco.mohr.gov.my/masco/2916-02","M291602","291602","Industrial Relations Officer Grade S9","https://emasco.mohr.gov.my/masco/2916-02","2020","grade_reversion","high","367","https://www.dosm.gov.my/uploads/content-downloads/file_20220920110308.pdf#page=367","Current eMASCO D11 profile inherited for a MASCO 2020 identity; not 2020-specific task evidence; test only.","exact_occupation"
"M291608","Maritime Superintendent Officer Grade T13","291608","367","10","1","0","9","medium","0","0.0","low","2","pending","research_pre_rating_only","inherited_current_emasco_profile","https://emasco.mohr.gov.my/masco/2916-06","M291606","291606","Maritime Superintendent Officer Grade T8","https://emasco.mohr.gov.my/masco/2916-06","2020","grade_reversion","high","367","https://www.dosm.gov.my/uploads/content-downloads/file_20220920110308.pdf#page=367","Current eMASCO D11 profile inherited for a MASCO 2020 identity; not 2020-specific task evidence; test only.","exact_occupation"
"M311101","Laboratory Assistant Grade C19","311101","367","8","3","1","4","low","4","0.5","medium","2","pending","research_pre_rating_only","inherited_current_emasco_profile","https://emasco.mohr.gov.my/masco/3111-13","M311113","311113","Laboratory Assistant Grade C1","https://emasco.mohr.gov.my/masco/3111-13","2020","grade_reversion","high","367","https://www.dosm.gov.my/uploads/content-downloads/file_20220920110308.pdf#page=367","Current eMASCO D11 profile inherited for a MASCO 2020 identity; not 2020-specific task evidence; test only.","exact_occupation"
"M311102","Research Assistant Grade Q19","311102","367","8","5","1","2","low","5","0.625","high","2","pending","research_pre_rating_only","inherited_current_emasco_profile","https://emasco.mohr.gov.my/masco/3111-14","M311114","311114","Research Assistant Grade Q1, Q2, Q3, Q4","https://emasco.mohr.gov.my/masco/3111-14","2020","grade_reversion","high","367","https://www.dosm.gov.my/uploads/content-downloads/file_20220920110308.pdf#page=367","Current eMASCO D11 profile inherited for a MASCO 2020 identity; not 2020-specific task evidence; test only.","exact_occupation"
"M311105","Geophysics Technician","311105","367","8","3","5","0","low","6","0.75","high","2","pending","research_pre_rating_only","inherited_current_emasco_profile","https://emasco.mohr.gov.my/masco/3111-01","M311101","311101","Geophysics Technician","https://emasco.mohr.gov.my/masco/3111-01","2020","exact_normalized_title","high","367","https://www.dosm.gov.my/uploads/content-downloads/file_20220920110308.pdf#page=367","Current eMASCO D11 profile inherited for a MASCO 2020 identity; not 2020-specific task evidence; test only.","exact_occupation"
"M311106","Chemistry Technician","311106","367","10","4","2","4","low","5","0.5","medium","2","pending","research_pre_rating_only","inherited_current_emasco_profile","https://emasco.mohr.gov.my/masco/3111-02","M311102","311102","Chemistry Technician","https://emasco.mohr.gov.my/masco/3111-02","2020","exact_normalized_title","high","367","https://www.dosm.gov.my/uploads/content-downloads/file_20220920110308.pdf#page=367","Current eMASCO D11 profile inherited for a MASCO 2020 identity; not 2020-specific task evidence; test only.","exact_occupation"
"M311107","Physics Science Laboratory Technician","311107","367","9","4","4","1","low","3","0.3333","medium","2","pending","research_pre_rating_only","inherited_current_emasco_profile","https://emasco.mohr.gov.my/masco/3111-03","M311103","311103","Physics Science Laboratory Technician","https://emasco.mohr.gov.my/masco/3111-03","2020","exact_normalized_title","high","367","https://www.dosm.gov.my/uploads/content-downloads/file_20220920110308.pdf#page=367","Current eMASCO D11 profile inherited for a MASCO 2020 identity; not 2020-specific task evidence; test only.","exact_occupation"
"M311108","Physical Science Technician","311108","367","10","3","5","2","low","5","0.5","medium","2","pending","research_pre_rating_only","inherited_current_emasco_profile","https://emasco.mohr.gov.my/masco/3111-04","M311104","311104","Physical Science Technician","https://emasco.mohr.gov.my/masco/3111-04","2020","exact_normalized_title","high","367","https://www.dosm.gov.my/uploads/content-downloads/file_20220920110308.pdf#page=367","Current eMASCO D11 profile inherited for a MASCO 2020 identity; not 2020-specific task evidence; test only.","exact_occupation"
"M311110","Chemistry Laboratory Assistant","311110","367","10","4","2","4","low","4","0.4","medium","2","pending","research_pre_rating_only","inherited_current_emasco_profile","https://emasco.mohr.gov.my/masco/3111-05","M311105","311105","Chemistry Laboratory Assistant","https://emasco.mohr.gov.my/masco/3111-05","2020","exact_normalized_title","high","367","https://www.dosm.gov.my/uploads/content-downloads/file_20220920110308.pdf#page=367","Current eMASCO D11 profile inherited for a MASCO 2020 identity; not 2020-specific task evidence; test only.","exact_occupation"
"M311112","Soil Technician","311112","367","10","4","2","4","low","8","0.8","high","2","pending","research_pre_rating_only","inherited_current_emasco_profile","https://emasco.mohr.gov.my/masco/3111-06","M311106","311106","Soil Technician","https://emasco.mohr.gov.my/masco/3111-06","2020","exact_normalized_title","high","367","https://www.dosm.gov.my/uploads/content-downloads/file_20220920110308.pdf#page=367","Current eMASCO D11 profile inherited for a MASCO 2020 identity; not 2020-specific task evidence; test only.","exact_occupation"
"M311114","Meteorological Technician","311114","367","10","7","3","0","low","7","0.7","high","2","pending","research_pre_rating_only","inherited_current_emasco_profile","https://emasco.mohr.gov.my/masco/3111-07","M311107","311107","Meteorological Technician","https://emasco.mohr.gov.my/masco/3111-07","2020","exact_normalized_title","high","367","https://www.dosm.gov.my/uploads/content-downloads/file_20220920110308.pdf#page=367","Current eMASCO D11 profile inherited for a MASCO 2020 identity; not 2020-specific task evidence; test only.","exact_occupation"
"M311116","Geological Technician","311116","367","10","2","3","5","low","4","0.4","medium","2","pending","research_pre_rating_only","inherited_current_emasco_profile","https://emasco.mohr.gov.my/masco/3111-08","M311108","311108","Geological Technician","https://emasco.mohr.gov.my/masco/3111-08","2020","exact_normalized_title","high","367","https://www.dosm.gov.my/uploads/content-downloads/file_20220920110308.pdf#page=367","Current eMASCO D11 profile inherited for a MASCO 2020 identity; not 2020-specific task evidence; test only.","exact_occupation"
"M311120","Oceanography Technician","311120","368","10","6","3","1","low","7","0.7","high","2","pending","research_pre_rating_only","inherited_current_emasco_profile","https://emasco.mohr.gov.my/masco/3111-09","M311109","311109","Oceanography Technician","https://emasco.mohr.gov.my/masco/3111-09","2020","exact_normalized_title","high","368","https://www.dosm.gov.my/uploads/content-downloads/file_20220920110308.pdf#page=368","Current eMASCO D11 profile inherited for a MASCO 2020 identity; not 2020-specific task evidence; test only.","exact_occupation"
"M311125","Climate Service Technician","311125","368","9","6","2","1","low","8","0.8889","high","2","pending","research_pre_rating_only","inherited_current_emasco_profile","https://emasco.mohr.gov.my/masco/3111-11","M311111","311111","Climate Science Technician","https://emasco.mohr.gov.my/masco/3111-11","2020","reviewed_functional_equivalent","medium","368","https://www.dosm.gov.my/uploads/content-downloads/file_20220920110308.pdf#page=368","Current eMASCO D11 profile inherited for a MASCO 2020 identity; not 2020-specific task evidence; test only.","exact_occupation"
"M311132","Laboratory Technician","311132","368","10","3","3","4","low","4","0.4","medium","2","pending","research_pre_rating_only","inherited_current_emasco_profile","https://emasco.mohr.gov.my/masco/3111-12","M311112","311112","Laboratory Technician","https://emasco.mohr.gov.my/masco/3111-12","2020","exact_normalized_title","high","368","https://www.dosm.gov.my/uploads/content-downloads/file_20220920110308.pdf#page=368","Current eMASCO D11 profile inherited for a MASCO 2020 identity; not 2020-specific task evidence; test only.","exact_occupation"
"M311133","Assistant Meteorological Officer Grade C29","311133","368","10","5","4","1","low","7","0.7","high","2","pending","research_pre_rating_only","inherited_current_emasco_profile","https://emasco.mohr.gov.my/masco/3111-15","M311115","311115","Assistant Meteorological Officer Grade C5","https://emasco.mohr.gov.my/masco/3111-15","2020","grade_reversion","high","368","https://www.dosm.gov.my/uploads/content-downloads/file_20220920110308.pdf#page=368","Current eMASCO D11 profile inherited for a MASCO 2020 identity; not 2020-specific task evidence; test only.","exact_occupation"
"M311136","Assistant Scientific Officer Grade C29","311136","368","6","3","2","1","low","6","1.0","high","2","pending","research_pre_rating_only","inherited_current_emasco_profile","https://emasco.mohr.gov.my/masco/3111-16","M311116","311116","Assistant Science Officer Grade C5","https://emasco.mohr.gov.my/masco/3111-16","2020","grade_reversion","high","368","https://www.dosm.gov.my/uploads/content-downloads/file_20220920110308.pdf#page=368","Current eMASCO D11 profile inherited for a MASCO 2020 identity; not 2020-specific task evidence; test only.","exact_occupation"
"M311137","Assistant Research Officer Grade Q29","311137","368","2","0","2","0","low","2","1.0","high","2","pending","research_pre_rating_only","inherited_current_emasco_profile","https://emasco.mohr.gov.my/masco/3111-17","M311117","311117","Assistant Research Officer Grade Q5","https://emasco.mohr.gov.my/masco/3111-17","2020","grade_reversion","high","368","https://www.dosm.gov.my/uploads/content-downloads/file_20220920110308.pdf#page=368","Current eMASCO D11 profile inherited for a MASCO 2020 identity; not 2020-specific task evidence; test only.","exact_occupation"
"M311202","Civil Engineering Technician","311202","368","10","6","2","2","low","7","0.7","high","2","pending","research_pre_rating_only","inherited_current_emasco_profile","https://emasco.mohr.gov.my/masco/3112-01","M311201","311201","Civil Engineering Technician","https://emasco.mohr.gov.my/masco/3112-01","2020","exact_normalized_title","high","368","https://www.dosm.gov.my/uploads/content-downloads/file_20220920110308.pdf#page=368","Current eMASCO D11 profile inherited for a MASCO 2020 identity; not 2020-specific task evidence; test only.","exact_occupation"
"M311204","Civil Engineering Estimator","311204","368","9","4","0","5","medium","5","0.5556","medium","2","pending","research_pre_rating_only","inherited_current_emasco_profile","https://emasco.mohr.gov.my/masco/3112-02","M311202","311202","Civil Engineering Estimator","https://emasco.mohr.gov.my/masco/3112-02","2020","exact_normalized_title","high","368","https://www.dosm.gov.my/uploads/content-downloads/file_20220920110308.pdf#page=368","Current eMASCO D11 profile inherited for a MASCO 2020 identity; not 2020-specific task evidence; test only.","exact_occupation"
"M311208","Engineering Designer","311208","368","9","9","0","0","high","9","1.0","high","2","pending","research_pre_rating_only","inherited_current_emasco_profile","https://emasco.mohr.gov.my/masco/3112-03","M311203","311203","Engineering Designer","https://emasco.mohr.gov.my/masco/3112-03","2020","exact_normalized_title","high","368","https://www.dosm.gov.my/uploads/content-downloads/file_20220920110308.pdf#page=368","Current eMASCO D11 profile inherited for a MASCO 2020 identity; not 2020-specific task evidence; test only.","exact_occupation"
"M311209","Civil Engineering Supervisor","311209","368","9","3","1","5","low","3","0.3333","medium","2","pending","research_pre_rating_only","inherited_current_emasco_profile","https://emasco.mohr.gov.my/masco/3112-04","M311204","311204","Civil Engineering Supervisor","https://emasco.mohr.gov.my/masco/3112-04","2020","exact_normalized_title","high","368","https://www.dosm.gov.my/uploads/content-downloads/file_20220920110308.pdf#page=368","Current eMASCO D11 profile inherited for a MASCO 2020 identity; not 2020-specific task evidence; test only.","exact_occupation"
"M311210","Tunnel Boring Machine Technician","311210","368","9","2","1","6","low","2","0.2222","low","2","pending","research_pre_rating_only","inherited_current_emasco_profile","https://emasco.mohr.gov.my/masco/3112-05","M311205","311205","Tunnel Boring Machine Technician","https://emasco.mohr.gov.my/masco/3112-05","2020","exact_normalized_title","high","368","https://www.dosm.gov.my/uploads/content-downloads/file_20220920110308.pdf#page=368","Current eMASCO D11 profile inherited for a MASCO 2020 identity; not 2020-specific task evidence; test only.","exact_occupation"
"M311211","Building Inspector","311211","368","8","4","1","3","low","4","0.5","medium","2","pending","research_pre_rating_only","inherited_current_emasco_profile","https://emasco.mohr.gov.my/masco/3112-06","M311206","311206","Building Inspector","https://emasco.mohr.gov.my/masco/3112-06","2020","exact_normalized_title","high","368","https://www.dosm.gov.my/uploads/content-downloads/file_20220920110308.pdf#page=368","Current eMASCO D11 profile inherited for a MASCO 2020 identity; not 2020-specific task evidence; test only.","exact_occupation"
"M311212","Geotechnical Technician","311212","368","5","1","1","3","low","2","0.4","medium","2","pending","research_pre_rating_only","inherited_current_emasco_profile","https://emasco.mohr.gov.my/masco/3112-07","M311207","311207","Geotechnical Technician","https://emasco.mohr.gov.my/masco/3112-07","2020","exact_normalized_title","high","368","https://www.dosm.gov.my/uploads/content-downloads/file_20220920110308.pdf#page=368","Current eMASCO D11 profile inherited for a MASCO 2020 identity; not 2020-specific task evidence; test only.","exact_occupation"
"M311213","Fire Inspector","311213","368","9","3","0","6","medium","4","0.4444","medium","2","pending","research_pre_rating_only","inherited_current_emasco_profile","https://emasco.mohr.gov.my/masco/3112-08","M311208","311208","Fire Inspector","https://emasco.mohr.gov.my/masco/3112-08","2020","exact_normalized_title","high","368","https://www.dosm.gov.my/uploads/content-downloads/file_20220920110308.pdf#page=368","Current eMASCO D11 profile inherited for a MASCO 2020 identity; not 2020-specific task evidence; test only.","exact_occupation"
"M311214","Surveying Technician","311214","368","8","3","2","3","low","3","0.375","medium","2","pending","research_pre_rating_only","inherited_current_emasco_profile","https://emasco.mohr.gov.my/masco/3112-09","M311209","311209","Surveying Technician","https://emasco.mohr.gov.my/masco/3112-09","2020","exact_normalized_title","high","368","https://www.dosm.gov.my/uploads/content-downloads/file_20220920110308.pdf#page=368","Current eMASCO D11 profile inherited for a MASCO 2020 identity; not 2020-specific task evidence; test only.","exact_occupation"
"M311217","Process Instrument Technician","311217","368","9","4","1","4","low","4","0.4444","medium","2","pending","research_pre_rating_only","inherited_current_emasco_profile","https://emasco.mohr.gov.my/masco/3112-11","M311211","311211","Process Instrument Technician","https://emasco.mohr.gov.my/masco/3112-11","2020","exact_normalized_title","high","368","https://www.dosm.gov.my/uploads/content-downloads/file_20220920110308.pdf#page=368","Current eMASCO D11 profile inherited for a MASCO 2020 identity; not 2020-specific task evidence; test only.","exact_occupation"
"M311219","Assistant Engineer Grade JA29","311219","368","9","2","0","7","medium","3","0.3333","medium","2","pending","research_pre_rating_only","inherited_current_emasco_profile","https://emasco.mohr.gov.my/masco/3112","M311219","311219","Assistant Engineer Grade JA5","https://emasco.mohr.gov.my/masco/3112-19","2020","grade_reversion","high","368","https://www.dosm.gov.my/uploads/content-downloads/file_20220920110308.pdf#page=368","Current eMASCO D11 profile inherited for a MASCO 2020 identity; not 2020-specific task evidence; test only.","unit_group_inherited"
"M311225","Assistant Civil Engineer","311225","368","10","7","0","3","medium","6","0.6","high","2","pending","research_pre_rating_only","inherited_current_emasco_profile","https://emasco.mohr.gov.my/masco/3112-12","M311212","311212","Assistant Civil Engineer","https://emasco.mohr.gov.my/masco/3112-12","2020","exact_normalized_title","high","368","https://www.dosm.gov.my/uploads/content-downloads/file_20220920110308.pdf#page=368","Current eMASCO D11 profile inherited for a MASCO 2020 identity; not 2020-specific task evidence; test only.","exact_occupation"
"M311226","Operation Technician","311226","368","9","2","2","5","low","3","0.3333","medium","2","pending","research_pre_rating_only","inherited_current_emasco_profile","https://emasco.mohr.gov.my/masco/3112-13","M311213","311213","Operation Technician","https://emasco.mohr.gov.my/masco/3112-13","2020","exact_normalized_title","high","368","https://www.dosm.gov.my/uploads/content-downloads/file_20220920110308.pdf#page=368","Current eMASCO D11 profile inherited for a MASCO 2020 identity; not 2020-specific task evidence; test only.","exact_occupation"
"M311227","Green Building Facilities Maintenance Technician","311227","368","6","1","1","4","low","1","0.1667","low","2","pending","research_pre_rating_only","inherited_current_emasco_profile","https://emasco.mohr.gov.my/masco/3112-14","M311214","311214","Green Building Facilities Maintenance Technician","https://emasco.mohr.gov.my/masco/3112-14","2020","exact_normalized_title","high","368","https://www.dosm.gov.my/uploads/content-downloads/file_20220920110308.pdf#page=368","Current eMASCO D11 profile inherited for a MASCO 2020 identity; not 2020-specific task evidence; test only.","exact_occupation"
"M311230","Assistant Engineer Maintenance","311230","368","8","1","3","4","low","1","0.125","low","2","pending","research_pre_rating_only","inherited_current_emasco_profile","https://emasco.mohr.gov.my/masco/3112-16","M311216","311216","Assistant Engineer Maintenance","https://emasco.mohr.gov.my/masco/3112-16","2020","exact_normalized_title","high","368","https://www.dosm.gov.my/uploads/content-downloads/file_20220920110308.pdf#page=368","Current eMASCO D11 profile inherited for a MASCO 2020 identity; not 2020-specific task evidence; test only.","exact_occupation"
"M311232","Assistant Quantity Surveyor Grade JA29","311232","368","5","5","0","0","high","4","0.8","high","2","pending","research_pre_rating_only","inherited_current_emasco_profile","https://emasco.mohr.gov.my/masco/3112-20","M311220","311220","Assistant Quantity Surveyor Grade JA5","https://emasco.mohr.gov.my/masco/3112-20","2020","grade_reversion","high","368","https://www.dosm.gov.my/uploads/content-downloads/file_20220920110308.pdf#page=368","Current eMASCO D11 profile inherited for a MASCO 2020 identity; not 2020-specific task evidence; test only.","exact_occupation"
"M311233","Quantity Surveyor Assistant","311233","368","9","8","0","1","medium","8","0.8889","high","2","pending","research_pre_rating_only","inherited_current_emasco_profile","https://emasco.mohr.gov.my/masco/3112-17","M311217","311217","Quantity Surveyor Assistant","https://emasco.mohr.gov.my/masco/3112-17","2020","exact_normalized_title","high","368","https://www.dosm.gov.my/uploads/content-downloads/file_20220920110308.pdf#page=368","Current eMASCO D11 profile inherited for a MASCO 2020 identity; not 2020-specific task evidence; test only.","exact_occupation"
"M311237","Assistant Building Surveyor Grade J29","311237","369","5","5","0","0","high","3","0.6","high","2","pending","research_pre_rating_only","inherited_current_emasco_profile","https://emasco.mohr.gov.my/masco/3112-22","M311222","311222","Assistant Building Surveyor Grade J5","https://emasco.mohr.gov.my/masco/3112-22","2020","grade_reversion","high","369","https://www.dosm.gov.my/uploads/content-downloads/file_20220920110308.pdf#page=369","Current eMASCO D11 profile inherited for a MASCO 2020 identity; not 2020-specific task evidence; test only.","exact_occupation"
"M311301","Electrical Engineering Technician","311301","369","9","2","1","6","low","5","0.5556","medium","2","pending","research_pre_rating_only","inherited_current_emasco_profile","https://emasco.mohr.gov.my/masco/3113-01","M311301","311301","Electrical Engineering Technician","https://emasco.mohr.gov.my/masco/3113-01","2020","exact_normalized_title","high","369","https://www.dosm.gov.my/uploads/content-downloads/file_20220920110308.pdf#page=369","Current eMASCO D11 profile inherited for a MASCO 2020 identity; not 2020-specific task evidence; test only.","exact_occupation"
"M311307","Electrical and Instrument Supervisor","311307","369","10","1","3","6","low","5","0.5","medium","2","pending","research_pre_rating_only","inherited_current_emasco_profile","https://emasco.mohr.gov.my/masco/3113-03","M311303","311303","Electrical and Instrument Supervisor","https://emasco.mohr.gov.my/masco/3113-03","2020","exact_normalized_title","high","369","https://www.dosm.gov.my/uploads/content-downloads/file_20220920110308.pdf#page=369","Current eMASCO D11 profile inherited for a MASCO 2020 identity; not 2020-specific task evidence; test only.","exact_occupation"
"M311310","Electrical Engineering Estimator","311310","369","8","3","1","4","low","4","0.5","medium","2","pending","research_pre_rating_only","inherited_current_emasco_profile","https://emasco.mohr.gov.my/masco/3113-04","M311304","311304","Electrical Engineering Estimator","https://emasco.mohr.gov.my/masco/3113-04","2020","exact_normalized_title","high","369","https://www.dosm.gov.my/uploads/content-downloads/file_20220920110308.pdf#page=369","Current eMASCO D11 profile inherited for a MASCO 2020 identity; not 2020-specific task evidence; test only.","exact_occupation"
"M311314","Electrical High Voltage Technician","311314","369","9","3","1","5","low","2","0.2222","low","2","pending","research_pre_rating_only","inherited_current_emasco_profile","https://emasco.mohr.gov.my/masco/3113-06","M311306","311306","Electrical High Voltage Technician","https://emasco.mohr.gov.my/masco/3113-06","2020","exact_normalized_title","high","369","https://www.dosm.gov.my/uploads/content-downloads/file_20220920110308.pdf#page=369","Current eMASCO D11 profile inherited for a MASCO 2020 identity; not 2020-specific task evidence; test only.","exact_occupation"
"M311315","Debug Technician","311315","369","9","3","2","4","low","6","0.6667","high","2","pending","research_pre_rating_only","inherited_current_emasco_profile","https://emasco.mohr.gov.my/masco/3113-07","M311307","311307","Debug Technician","https://emasco.mohr.gov.my/masco/3113-07","2020","exact_normalized_title","high","369","https://www.dosm.gov.my/uploads/content-downloads/file_20220920110308.pdf#page=369","Current eMASCO D11 profile inherited for a MASCO 2020 identity; not 2020-specific task evidence; test only.","exact_occupation"
"M311316","Assistant Electrical Engineer","311316","369","10","2","2","6","low","3","0.3","medium","2","pending","research_pre_rating_only","inherited_current_emasco_profile","https://emasco.mohr.gov.my/masco/3113-08","M311308","311308","Assistant Electrical Engineer","https://emasco.mohr.gov.my/masco/3113-08","2020","exact_normalized_title","high","369","https://www.dosm.gov.my/uploads/content-downloads/file_20220920110308.pdf#page=369","Current eMASCO D11 profile inherited for a MASCO 2020 identity; not 2020-specific task evidence; test only.","exact_occupation"
"M311401","Electronics Engineering Technician","311401","369","8","1","1","6","low","3","0.375","medium","2","pending","research_pre_rating_only","inherited_current_emasco_profile","https://emasco.mohr.gov.my/masco/3114-01","M311401","311401","Electronics Engineering Technician","https://emasco.mohr.gov.my/masco/3114-01","2020","exact_normalized_title","high","369","https://www.dosm.gov.my/uploads/content-downloads/file_20220920110308.pdf#page=369","Current eMASCO D11 profile inherited for a MASCO 2020 identity; not 2020-specific task evidence; test only.","exact_occupation"
"M311402","Electronics Engineering Estimator","311402","369","8","3","0","5","medium","4","0.5","medium","2","pending","research_pre_rating_only","inherited_current_emasco_profile","https://emasco.mohr.gov.my/masco/3114-02","M311402","311402","Electronics Engineering Estimator","https://emasco.mohr.gov.my/masco/3114-02","2020","exact_normalized_title","high","369","https://www.dosm.gov.my/uploads/content-downloads/file_20220920110308.pdf#page=369","Current eMASCO D11 profile inherited for a MASCO 2020 identity; not 2020-specific task evidence; test only.","exact_occupation"
"M311404","Electronics Design Technician","311404","369","8","3","2","3","low","4","0.5","medium","2","pending","research_pre_rating_only","inherited_current_emasco_profile","https://emasco.mohr.gov.my/masco/3114-03","M311403","311403","Electronics Design Technician","https://emasco.mohr.gov.my/masco/3114-03","2020","exact_normalized_title","high","369","https://www.dosm.gov.my/uploads/content-downloads/file_20220920110308.pdf#page=369","Current eMASCO D11 profile inherited for a MASCO 2020 identity; not 2020-specific task evidence; test only.","exact_occupation"
"M311504","Mechanical Engineering Technician","311504","369","8","2","2","4","low","3","0.375","medium","2","pending","research_pre_rating_only","inherited_current_emasco_profile","https://emasco.mohr.gov.my/masco/3115-01","M311501","311501","Mechanical Engineering Technician","https://emasco.mohr.gov.my/masco/3115-01","2020","exact_normalized_title","high","369","https://www.dosm.gov.my/uploads/content-downloads/file_20220920110308.pdf#page=369","Current eMASCO D11 profile inherited for a MASCO 2020 identity; not 2020-specific task evidence; test only.","exact_occupation"
"M311514","Mechanical Engineering Assistant","311514","369","8","3","3","2","low","5","0.625","high","2","pending","research_pre_rating_only","inherited_current_emasco_profile","https://emasco.mohr.gov.my/masco/3115-02","M311502","311502","Mechanical Engineering Assistant","https://emasco.mohr.gov.my/masco/3115-02","2020","exact_normalized_title","high","369","https://www.dosm.gov.my/uploads/content-downloads/file_20220920110308.pdf#page=369","Current eMASCO D11 profile inherited for a MASCO 2020 identity; not 2020-specific task evidence; test only.","exact_occupation"
"M311515","Mechanical Engineering Estimator","311515","369","10","4","1","5","low","5","0.5","medium","2","pending","research_pre_rating_only","inherited_current_emasco_profile","https://emasco.mohr.gov.my/masco/3115-03","M311503","311503","Mechanical Engineering Estimator","https://emasco.mohr.gov.my/masco/3115-03","2020","exact_normalized_title","high","369","https://www.dosm.gov.my/uploads/content-downloads/file_20220920110308.pdf#page=369","Current eMASCO D11 profile inherited for a MASCO 2020 identity; not 2020-specific task evidence; test only.","exact_occupation"
"M311516","Dockmaster, Dry Dock","311516","369","7","2","0","5","medium","3","0.4286","medium","2","pending","research_pre_rating_only","inherited_current_emasco_profile","https://emasco.mohr.gov.my/masco/3115-04","M311504","311504","Port Master/Dockmaster","https://emasco.mohr.gov.my/masco/3115-04","2020","combined_title_split","medium","369","https://www.dosm.gov.my/uploads/content-downloads/file_20220920110308.pdf#page=369","Current eMASCO D11 profile inherited for a MASCO 2020 identity; not 2020-specific task evidence; test only.","exact_occupation"
"M311517","Dockmaster, Graving Dock","311517","369","7","2","0","5","medium","3","0.4286","medium","2","pending","research_pre_rating_only","inherited_current_emasco_profile","https://emasco.mohr.gov.my/masco/3115-04","M311504","311504","Port Master/Dockmaster","https://emasco.mohr.gov.my/masco/3115-04","2020","combined_title_split","medium","369","https://www.dosm.gov.my/uploads/content-downloads/file_20220920110308.pdf#page=369","Current eMASCO D11 profile inherited for a MASCO 2020 identity; not 2020-specific task evidence; test only.","exact_occupation"
"M311521","Hydraulic Hose Technician","311521","369","9","2","1","6","low","2","0.2222","low","2","pending","research_pre_rating_only","inherited_current_emasco_profile","https://emasco.mohr.gov.my/masco/3115-05","M311505","311505","Hydraulic Hose Technician","https://emasco.mohr.gov.my/masco/3115-05","2020","exact_normalized_title","high","369","https://www.dosm.gov.my/uploads/content-downloads/file_20220920110308.pdf#page=369","Current eMASCO D11 profile inherited for a MASCO 2020 identity; not 2020-specific task evidence; test only.","exact_occupation"
"M311524","Mechatronics Technician","311524","369","9","4","2","3","low","4","0.4444","medium","2","pending","research_pre_rating_only","inherited_current_emasco_profile","https://emasco.mohr.gov.my/masco/3115-06","M311506","311506","Mechatronics Technician","https://emasco.mohr.gov.my/masco/3115-06","2020","exact_normalized_title","high","369","https://www.dosm.gov.my/uploads/content-downloads/file_20220920110308.pdf#page=369","Current eMASCO D11 profile inherited for a MASCO 2020 identity; not 2020-specific task evidence; test only.","exact_occupation"
"M311527","CNC Technician (Computer Numerical Control)","311527","369","10","2","2","6","low","3","0.3","medium","2","pending","research_pre_rating_only","inherited_current_emasco_profile","https://emasco.mohr.gov.my/masco/3115-07","M311507","311507","CNC Technician (Computer Numerical Control)","https://emasco.mohr.gov.my/masco/3115-07","2020","exact_normalized_title","high","369","https://www.dosm.gov.my/uploads/content-downloads/file_20220920110308.pdf#page=369","Current eMASCO D11 profile inherited for a MASCO 2020 identity; not 2020-specific task evidence; test only.","exact_occupation"
"M311528","Welding Technician","311528","370","9","2","3","4","low","3","0.3333","medium","2","pending","research_pre_rating_only","inherited_current_emasco_profile","https://emasco.mohr.gov.my/masco/3115-08","M311508","311508","Welding Technician","https://emasco.mohr.gov.my/masco/3115-08","2020","exact_normalized_title","high","370","https://www.dosm.gov.my/uploads/content-downloads/file_20220920110308.pdf#page=370","Current eMASCO D11 profile inherited for a MASCO 2020 identity; not 2020-specific task evidence; test only.","exact_occupation"
"M311529","Steelmaking Technician","311529","370","9","4","3","2","low","4","0.4444","medium","2","pending","research_pre_rating_only","inherited_current_emasco_profile","https://emasco.mohr.gov.my/masco/3115-09","M311509","311509","Steelmaking Technician","https://emasco.mohr.gov.my/masco/3115-09","2020","exact_normalized_title","high","370","https://www.dosm.gov.my/uploads/content-downloads/file_20220920110308.pdf#page=370","Current eMASCO D11 profile inherited for a MASCO 2020 identity; not 2020-specific task evidence; test only.","exact_occupation"
"M311531","Hygiene Technician 1","311531","370","8","3","3","2","low","3","0.375","medium","2","pending","research_pre_rating_only","inherited_current_emasco_profile","https://emasco.mohr.gov.my/masco/3115-10","M311510","311510","Competent Person (CP) - Hygiene Technician","https://emasco.mohr.gov.my/masco/3115-10","2020","combined_title_split","medium","370","https://www.dosm.gov.my/uploads/content-downloads/file_20220920110308.pdf#page=370","Current eMASCO D11 profile inherited for a MASCO 2020 identity; not 2020-specific task evidence; test only.","exact_occupation"
"M311538","CAD/CAM Technician (Computer-Aided Design and Manufacturing)","311538","370","9","5","0","4","medium","5","0.5556","medium","2","pending","research_pre_rating_only","inherited_current_emasco_profile","https://emasco.mohr.gov.my/masco/3115-12","M311512","311512","CAD/CAM (Computer-Aided Design and Manufacturing) Technician","https://emasco.mohr.gov.my/masco/3115-12","2020","title_variant","high","370","https://www.dosm.gov.my/uploads/content-downloads/file_20220920110308.pdf#page=370","Current eMASCO D11 profile inherited for a MASCO 2020 identity; not 2020-specific task evidence; test only.","exact_occupation"
"M311544","AutoCad Drafter","311544","370","9","5","1","3","low","6","0.6667","high","2","pending","research_pre_rating_only","inherited_current_emasco_profile","https://emasco.mohr.gov.my/masco/3115-18","M311518","311518","AutoCAD Designer","https://emasco.mohr.gov.my/masco/3115-18","2020","reviewed_functional_equivalent","medium","370","https://www.dosm.gov.my/uploads/content-downloads/file_20220920110308.pdf#page=370","Current eMASCO D11 profile inherited for a MASCO 2020 identity; not 2020-specific task evidence; test only.","exact_occupation"
"M311548","Equipment Technician","311548","370","7","1","3","3","low","1","0.1429","low","2","pending","research_pre_rating_only","inherited_current_emasco_profile","https://emasco.mohr.gov.my/masco/3115-15","M311515","311515","Equipment Technician","https://emasco.mohr.gov.my/masco/3115-15","2020","exact_normalized_title","high","370","https://www.dosm.gov.my/uploads/content-downloads/file_20220920110308.pdf#page=370","Current eMASCO D11 profile inherited for a MASCO 2020 identity; not 2020-specific task evidence; test only.","exact_occupation"
"M311549","Assistant Equipment Engineer","311549","370","8","0","5","3","low","1","0.125","low","2","pending","research_pre_rating_only","inherited_current_emasco_profile","https://emasco.mohr.gov.my/masco/3115-16","M311516","311516","Assistant Equipment Engineer","https://emasco.mohr.gov.my/masco/3115-16","2020","exact_normalized_title","high","370","https://www.dosm.gov.my/uploads/content-downloads/file_20220920110308.pdf#page=370","Current eMASCO D11 profile inherited for a MASCO 2020 identity; not 2020-specific task evidence; test only.","exact_occupation"
"M311550","Assistant Welding Engineer","311550","370","7","2","1","4","low","3","0.4286","medium","2","pending","research_pre_rating_only","inherited_current_emasco_profile","https://emasco.mohr.gov.my/masco/3115-17","M311517","311517","Assistant Welding Engineer","https://emasco.mohr.gov.my/masco/3115-17","2020","exact_normalized_title","high","370","https://www.dosm.gov.my/uploads/content-downloads/file_20220920110308.pdf#page=370","Current eMASCO D11 profile inherited for a MASCO 2020 identity; not 2020-specific task evidence; test only.","exact_occupation"
"M311552","Hygiene Technician 2","311552","370","8","3","3","2","low","3","0.375","medium","2","pending","research_pre_rating_only","inherited_current_emasco_profile","https://emasco.mohr.gov.my/masco/3115-10","M311510","311510","Competent Person (CP) - Hygiene Technician","https://emasco.mohr.gov.my/masco/3115-10","2020","combined_title_split","medium","370","https://www.dosm.gov.my/uploads/content-downloads/file_20220920110308.pdf#page=370","Current eMASCO D11 profile inherited for a MASCO 2020 identity; not 2020-specific task evidence; test only.","exact_occupation"
"M311601","Chemical Engineering Technician","311601","370","7","3","3","1","low","4","0.5714","medium","2","pending","research_pre_rating_only","inherited_current_emasco_profile","https://emasco.mohr.gov.my/masco/3116-01","M311601","311601","Chemical Engineering Technician","https://emasco.mohr.gov.my/masco/3116-01","2020","exact_normalized_title","high","370","https://www.dosm.gov.my/uploads/content-downloads/file_20220920110308.pdf#page=370","Current eMASCO D11 profile inherited for a MASCO 2020 identity; not 2020-specific task evidence; test only.","exact_occupation"
"M311604","Oil Technologist","311604","370","5","0","2","3","low","1","0.2","low","2","pending","research_pre_rating_only","inherited_current_emasco_profile","https://emasco.mohr.gov.my/masco/3116-02","M311602","311602","Oil Technologist","https://emasco.mohr.gov.my/masco/3116-02","2020","exact_normalized_title","high","370","https://www.dosm.gov.my/uploads/content-downloads/file_20220920110308.pdf#page=370","Current eMASCO D11 profile inherited for a MASCO 2020 identity; not 2020-specific task evidence; test only.","exact_occupation"
"M311605","Chemical Petroleum Technician","311605","370","6","3","3","0","low","3","0.5","medium","2","pending","research_pre_rating_only","inherited_current_emasco_profile","https://emasco.mohr.gov.my/masco/3116-03","M311603","311603","Chemical Petroleum Technician","https://emasco.mohr.gov.my/masco/3116-03","2020","exact_normalized_title","high","370","https://www.dosm.gov.my/uploads/content-downloads/file_20220920110308.pdf#page=370","Current eMASCO D11 profile inherited for a MASCO 2020 identity; not 2020-specific task evidence; test only.","exact_occupation"
"M311609","Chemical Engineering Estimator","311609","370","4","3","0","1","medium","3","0.75","high","2","pending","research_pre_rating_only","inherited_current_emasco_profile","https://emasco.mohr.gov.my/masco/3116-04","M311604","311604","Chemical Engineering Estimator","https://emasco.mohr.gov.my/masco/3116-04","2020","exact_normalized_title","high","370","https://www.dosm.gov.my/uploads/content-downloads/file_20220920110308.pdf#page=370","Current eMASCO D11 profile inherited for a MASCO 2020 identity; not 2020-specific task evidence; test only.","exact_occupation"
"M311701","Metallurgical Technician","311701","370","6","3","2","1","low","3","0.5","medium","2","pending","research_pre_rating_only","inherited_current_emasco_profile","https://emasco.mohr.gov.my/masco/3117-01","M311701","311701","Metallurgical Technician","https://emasco.mohr.gov.my/masco/3117-01","2020","exact_normalized_title","high","370","https://www.dosm.gov.my/uploads/content-downloads/file_20220920110308.pdf#page=370","Current eMASCO D11 profile inherited for a MASCO 2020 identity; not 2020-specific task evidence; test only.","exact_occupation"
"M311704","Metallurgical Laboratory Assistant","311704","370","8","2","5","1","low","5","0.625","high","2","pending","research_pre_rating_only","inherited_current_emasco_profile","https://emasco.mohr.gov.my/masco/3117-02","M311702","311702","Metallurgical Laboratory Assistant","https://emasco.mohr.gov.my/masco/3117-02","2020","exact_normalized_title","high","370","https://www.dosm.gov.my/uploads/content-downloads/file_20220920110308.pdf#page=370","Current eMASCO D11 profile inherited for a MASCO 2020 identity; not 2020-specific task evidence; test only.","exact_occupation"
"M311711","Mining Assistant","311711","370","7","2","3","2","low","3","0.4286","medium","2","pending","research_pre_rating_only","inherited_current_emasco_profile","https://emasco.mohr.gov.my/masco/3117-03","M311703","311703","Mining Assistant","https://emasco.mohr.gov.my/masco/3117-03","2020","exact_normalized_title","high","370","https://www.dosm.gov.my/uploads/content-downloads/file_20220920110308.pdf#page=370","Current eMASCO D11 profile inherited for a MASCO 2020 identity; not 2020-specific task evidence; test only.","exact_occupation"
"M311723","Associate Field Professional","311723","371","8","2","3","3","low","2","0.25","low","2","pending","research_pre_rating_only","inherited_current_emasco_profile","https://emasco.mohr.gov.my/masco/3117-04","M311704","311704","Associate Field Professional","https://emasco.mohr.gov.my/masco/3117-04","2020","exact_normalized_title","high","371","https://www.dosm.gov.my/uploads/content-downloads/file_20220920110308.pdf#page=371","Current eMASCO D11 profile inherited for a MASCO 2020 identity; not 2020-specific task evidence; test only.","exact_occupation"
"M311801","Draughtsperson (Architecture) Grade JA19","311801","371","10","7","0","3","medium","6","0.6","high","2","pending","research_pre_rating_only","inherited_current_emasco_profile","https://emasco.mohr.gov.my/masco/3118-04","M311804","311804","Draughtsperson (Architecture) Grade JA1","https://emasco.mohr.gov.my/masco/3118-04","2020","grade_reversion","high","371","https://www.dosm.gov.my/uploads/content-downloads/file_20220920110308.pdf#page=371","Current eMASCO D11 profile inherited for a MASCO 2020 identity; not 2020-specific task evidence; test only.","exact_occupation"
"M311803","Draughtsperson","311803","371","6","3","0","3","medium","3","0.5","medium","2","pending","research_pre_rating_only","inherited_current_emasco_profile","https://emasco.mohr.gov.my/masco/3118-01","M311801","311801","Draughtsperson","https://emasco.mohr.gov.my/masco/3118-01","2020","exact_normalized_title","high","371","https://www.dosm.gov.my/uploads/content-downloads/file_20220920110308.pdf#page=371","Current eMASCO D11 profile inherited for a MASCO 2020 identity; not 2020-specific task evidence; test only.","exact_occupation"
"M311824","Geospatial Technician","311824","371","7","6","0","1","medium","6","0.8571","high","2","pending","research_pre_rating_only","inherited_current_emasco_profile","https://emasco.mohr.gov.my/masco/3118-02","M311802","311802","Geospatial Technician","https://emasco.mohr.gov.my/masco/3118-02","2020","exact_normalized_title","high","371","https://www.dosm.gov.my/uploads/content-downloads/file_20220920110308.pdf#page=371","Current eMASCO D11 profile inherited for a MASCO 2020 identity; not 2020-specific task evidence; test only.","exact_occupation"
"M311826","Assistant Architectural Officer Grade JA29","311826","371","10","8","0","2","medium","7","0.7","high","2","pending","research_pre_rating_only","inherited_current_emasco_profile","https://emasco.mohr.gov.my/masco/3118-05","M311805","311805","Assistant Architectural Officer Grade JA5","https://emasco.mohr.gov.my/masco/3118-05","2020","grade_reversion","high","371","https://www.dosm.gov.my/uploads/content-downloads/file_20220920110308.pdf#page=371","Current eMASCO D11 profile inherited for a MASCO 2020 identity; not 2020-specific task evidence; test only.","exact_occupation"
"M311827","Draughtsperson (Civil Engineering) Grade JA19","311827","371","5","4","0","1","medium","1","0.2","low","2","pending","research_pre_rating_only","inherited_current_emasco_profile","https://emasco.mohr.gov.my/masco/3118-06","M311806","311806","Draughtsperson (Civil Engineering) Grade JA1","https://emasco.mohr.gov.my/masco/3118-06","2020","grade_reversion","high","371","https://www.dosm.gov.my/uploads/content-downloads/file_20220920110308.pdf#page=371","Current eMASCO D11 profile inherited for a MASCO 2020 identity; not 2020-specific task evidence; test only.","exact_occupation"
"M311828","Assistant Landscape Architect Grade JA29","311828","371","11","5","3","3","low","3","0.2727","low","2","pending","research_pre_rating_only","inherited_current_emasco_profile","https://emasco.mohr.gov.my/masco/3118","M311807","311807","Assistant Landscape Architect Grade JA5","https://emasco.mohr.gov.my/masco/3118-07","2020","grade_reversion","high","371","https://www.dosm.gov.my/uploads/content-downloads/file_20220920110308.pdf#page=371","Current eMASCO D11 profile inherited for a MASCO 2020 identity; not 2020-specific task evidence; test only.","unit_group_inherited"
"M311829","Assistant Land Officer (Peninsular) NT29","311829","371","9","3","0","6","medium","3","0.3333","medium","2","pending","research_pre_rating_only","inherited_current_emasco_profile","https://emasco.mohr.gov.my/masco/3118-08","M311808","311808","Assistant Land Officer Grade NT5","https://emasco.mohr.gov.my/masco/3118-08","2020","grade_reversion","high","371","https://www.dosm.gov.my/uploads/content-downloads/file_20220920110308.pdf#page=371","Current eMASCO D11 profile inherited for a MASCO 2020 identity; not 2020-specific task evidence; test only.","exact_occupation"
"M311830","Assistant Land Admini Officer (Sabah and Sarawak) Grade NT29","311830","371","10","5","0","5","medium","5","0.5","medium","2","pending","research_pre_rating_only","inherited_current_emasco_profile","https://emasco.mohr.gov.my/masco/3118-09","M311809","311809","Land Administration Assistant/Assistant Land Administrator Grade NT5","https://emasco.mohr.gov.my/masco/3118-09","2020","grade_reversion","high","371","https://www.dosm.gov.my/uploads/content-downloads/file_20220920110308.pdf#page=371","Current eMASCO D11 profile inherited for a MASCO 2020 identity; not 2020-specific task evidence; test only.","exact_occupation"
"M311831","Assistant Surveyor Grade JA29","311831","371","11","5","3","3","low","3","0.2727","low","2","pending","research_pre_rating_only","inherited_current_emasco_profile","https://emasco.mohr.gov.my/masco/3118","M311810","311810","Assistant Surveyor Grade JA5","https://emasco.mohr.gov.my/masco/3118-10","2020","grade_reversion","high","371","https://www.dosm.gov.my/uploads/content-downloads/file_20220920110308.pdf#page=371","Current eMASCO D11 profile inherited for a MASCO 2020 identity; not 2020-specific task evidence; test only.","unit_group_inherited"
"M311903","Maintenance Technician","311903","371","8","1","4","3","low","2","0.25","low","2","pending","research_pre_rating_only","inherited_current_emasco_profile","https://emasco.mohr.gov.my/masco/3115-20","M311520","311520","Repair and Maintenance (R&M) Technician","https://emasco.mohr.gov.my/masco/3115-20","2020","reviewed_functional_equivalent","medium","371","https://www.dosm.gov.my/uploads/content-downloads/file_20220920110308.pdf#page=371","Current eMASCO D11 profile inherited for a MASCO 2020 identity; not 2020-specific task evidence; test only.","exact_occupation"
"M311910","Engineering Technician, Production","311910","371","9","1","5","3","low","2","0.2222","low","2","pending","research_pre_rating_only","inherited_current_emasco_profile","https://emasco.mohr.gov.my/masco/3119-01","M311901","311901","Engineering Technician (Production)","https://emasco.mohr.gov.my/masco/3119-01","2020","duplicate_2020_title_canonical_choice","medium","371","https://www.dosm.gov.my/uploads/content-downloads/file_20220920110308.pdf#page=371","Current eMASCO D11 profile inherited for a MASCO 2020 identity; not 2020-specific task evidence; test only.","exact_occupation"
"M311928","Quality Assurance Engineering Technician","311928","372","9","1","2","6","low","4","0.4444","medium","2","pending","research_pre_rating_only","inherited_current_emasco_profile","https://emasco.mohr.gov.my/masco/3119-02","M311902","311902","Quality Assurance Engineering Technician","https://emasco.mohr.gov.my/masco/3119-02","2020","exact_normalized_title","high","372","https://www.dosm.gov.my/uploads/content-downloads/file_20220920110308.pdf#page=372","Current eMASCO D11 profile inherited for a MASCO 2020 identity; not 2020-specific task evidence; test only.","exact_occupation"
"M311929","Assistant Factory and Machinery Inspector Grade JA29","311929","372","6","1","2","3","low","1","0.1667","low","2","pending","research_pre_rating_only","inherited_current_emasco_profile","https://emasco.mohr.gov.my/masco/3119-14","M311914","311914","Assistant Factory and Machinery Inspector Grade JA5","https://emasco.mohr.gov.my/masco/3119-14","2020","grade_reversion","high","372","https://www.dosm.gov.my/uploads/content-downloads/file_20220920110308.pdf#page=372","Current eMASCO D11 profile inherited for a MASCO 2020 identity; not 2020-specific task evidence; test only.","exact_occupation"
"M311943","Food Processing Technician","311943","372","9","1","3","5","low","2","0.2222","low","2","pending","research_pre_rating_only","inherited_current_emasco_profile","https://emasco.mohr.gov.my/masco/3119-04","M311904","311904","Food Processing Technician","https://emasco.mohr.gov.my/masco/3119-04","2020","exact_normalized_title","high","372","https://www.dosm.gov.my/uploads/content-downloads/file_20220920110308.pdf#page=372","Current eMASCO D11 profile inherited for a MASCO 2020 identity; not 2020-specific task evidence; test only.","exact_occupation"
"M311944","Crankshaft Grinding Technician","311944","372","9","1","2","6","low","1","0.1111","low","2","pending","research_pre_rating_only","inherited_current_emasco_profile","https://emasco.mohr.gov.my/masco/3119-05","M311905","311905","Crankshaft Grinding Technician","https://emasco.mohr.gov.my/masco/3119-05","2020","exact_normalized_title","high","372","https://www.dosm.gov.my/uploads/content-downloads/file_20220920110308.pdf#page=372","Current eMASCO D11 profile inherited for a MASCO 2020 identity; not 2020-specific task evidence; test only.","exact_occupation"
"M311945","Agro-Based Biotech Research Technician","311945","372","7","3","1","3","low","3","0.4286","medium","2","pending","research_pre_rating_only","inherited_current_emasco_profile","https://emasco.mohr.gov.my/masco/3119-06","M311906","311906","Agro-Based Biotech Research Technician","https://emasco.mohr.gov.my/masco/3119-06","2020","exact_normalized_title","high","372","https://www.dosm.gov.my/uploads/content-downloads/file_20220920110308.pdf#page=372","Current eMASCO D11 profile inherited for a MASCO 2020 identity; not 2020-specific task evidence; test only.","exact_occupation"
"M311948","Test Technician","311948","372","8","2","2","4","low","7","0.875","high","2","pending","research_pre_rating_only","inherited_current_emasco_profile","https://emasco.mohr.gov.my/masco/3119-09","M311909","311909","Test Technician","https://emasco.mohr.gov.my/masco/3119-09","2020","exact_normalized_title","high","372","https://www.dosm.gov.my/uploads/content-downloads/file_20220920110308.pdf#page=372","Current eMASCO D11 profile inherited for a MASCO 2020 identity; not 2020-specific task evidence; test only.","exact_occupation"
"M312201","Manufacturing Supervisor","312201","372","10","4","1","5","low","3","0.3","medium","2","pending","research_pre_rating_only","inherited_current_emasco_profile","https://emasco.mohr.gov.my/masco/3122-01","M312201","312201","Manufacturing Supervisor","https://emasco.mohr.gov.my/masco/3122-01","2020","exact_normalized_title","high","372","https://www.dosm.gov.my/uploads/content-downloads/file_20220920110308.pdf#page=372","Current eMASCO D11 profile inherited for a MASCO 2020 identity; not 2020-specific task evidence; test only.","exact_occupation"
"M312203","Finishing Supervisor","312203","372","9","1","1","7","low","2","0.2222","low","2","pending","research_pre_rating_only","inherited_current_emasco_profile","https://emasco.mohr.gov.my/masco/3122-02","M312202","312202","Finishing Supervisor","https://emasco.mohr.gov.my/masco/3122-02","2020","exact_normalized_title","high","372","https://www.dosm.gov.my/uploads/content-downloads/file_20220920110308.pdf#page=372","Current eMASCO D11 profile inherited for a MASCO 2020 identity; not 2020-specific task evidence; test only.","exact_occupation"
"M312205","Compounding Supervisor","312205","372","10","3","0","7","medium","3","0.3","medium","2","pending","research_pre_rating_only","inherited_current_emasco_profile","https://emasco.mohr.gov.my/masco/3122-03","M312203","312203","Compounding Supervisor","https://emasco.mohr.gov.my/masco/3122-03","2020","exact_normalized_title","high","372","https://www.dosm.gov.my/uploads/content-downloads/file_20220920110308.pdf#page=372","Current eMASCO D11 profile inherited for a MASCO 2020 identity; not 2020-specific task evidence; test only.","exact_occupation"
"M312207","Cutting Supervisor","312207","372","10","3","3","4","low","4","0.4","medium","2","pending","research_pre_rating_only","inherited_current_emasco_profile","https://emasco.mohr.gov.my/masco/3122-04","M312204","312204","Cutting Supervisor","https://emasco.mohr.gov.my/masco/3122-04","2020","exact_normalized_title","high","372","https://www.dosm.gov.my/uploads/content-downloads/file_20220920110308.pdf#page=372","Current eMASCO D11 profile inherited for a MASCO 2020 identity; not 2020-specific task evidence; test only.","exact_occupation"
"M312209","Plywood Inspection Supervisor","312209","372","8","4","1","3","low","5","0.625","high","2","pending","research_pre_rating_only","inherited_current_emasco_profile","https://emasco.mohr.gov.my/masco/3122-05","M312205","312205","Plywood Inspection Supervisor","https://emasco.mohr.gov.my/masco/3122-05","2020","exact_normalized_title","high","372","https://www.dosm.gov.my/uploads/content-downloads/file_20220920110308.pdf#page=372","Current eMASCO D11 profile inherited for a MASCO 2020 identity; not 2020-specific task evidence; test only.","exact_occupation"
"M312210","Sawyer Supervisor","312210","372","9","1","2","6","low","2","0.2222","low","2","pending","research_pre_rating_only","inherited_current_emasco_profile","https://emasco.mohr.gov.my/masco/3122-06","M312206","312206","Sawyer Supervisor","https://emasco.mohr.gov.my/masco/3122-06","2020","exact_normalized_title","high","372","https://www.dosm.gov.my/uploads/content-downloads/file_20220920110308.pdf#page=372","Current eMASCO D11 profile inherited for a MASCO 2020 identity; not 2020-specific task evidence; test only.","exact_occupation"
"M312215","Quality Control Supervisor","312215","372","8","3","0","5","medium","4","0.5","medium","2","pending","research_pre_rating_only","inherited_current_emasco_profile","https://emasco.mohr.gov.my/masco/3122-18","M312218","312218","Quality Assurance Supervisor","https://emasco.mohr.gov.my/masco/3122-18","2020","reviewed_functional_equivalent","medium","372","https://www.dosm.gov.my/uploads/content-downloads/file_20220920110308.pdf#page=372","Current eMASCO D11 profile inherited for a MASCO 2020 identity; not 2020-specific task evidence; test only.","exact_occupation"
"M312218","Production Supervisor, Halal Food Manufacturing","312218","372","9","2","1","6","low","2","0.2222","low","2","pending","research_pre_rating_only","inherited_current_emasco_profile","https://emasco.mohr.gov.my/masco/3122-07","M312207","312207","Halal Food Manufacturing Production Supervisor","https://emasco.mohr.gov.my/masco/3122-07","2020","title_variant","high","372","https://www.dosm.gov.my/uploads/content-downloads/file_20220920110308.pdf#page=372","Current eMASCO D11 profile inherited for a MASCO 2020 identity; not 2020-specific task evidence; test only.","exact_occupation"
"M312220","Quality Assurance Supervisor, Halal Meat Processing","312220","373","9","4","0","5","medium","4","0.4444","medium","2","pending","research_pre_rating_only","inherited_current_emasco_profile","https://emasco.mohr.gov.my/masco/3122-08","M312208","312208","Halal Meat Processing Quality Assurance Supervisor","https://emasco.mohr.gov.my/masco/3122-08","2020","title_variant","high","373","https://www.dosm.gov.my/uploads/content-downloads/file_20220920110308.pdf#page=373","Current eMASCO D11 profile inherited for a MASCO 2020 identity; not 2020-specific task evidence; test only.","exact_occupation"
"M312226","Maintenance Supervisor","312226","373","7","1","2","4","low","2","0.2857","low","2","pending","research_pre_rating_only","inherited_current_emasco_profile","https://emasco.mohr.gov.my/masco/3122-12","M312212","312212","Maintenance Supervisor","https://emasco.mohr.gov.my/masco/3122-12","2020","exact_normalized_title","high","373","https://www.dosm.gov.my/uploads/content-downloads/file_20220920110308.pdf#page=373","Current eMASCO D11 profile inherited for a MASCO 2020 identity; not 2020-specific task evidence; test only.","exact_occupation"
"M312228","Supervisor, Halal Slaughterhouse","312228","373","7","2","1","4","low","2","0.2857","low","2","pending","research_pre_rating_only","inherited_current_emasco_profile","https://emasco.mohr.gov.my/masco/3122-13","M312213","312213","Halal Slaughterhouse Supervisor","https://emasco.mohr.gov.my/masco/3122-13","2020","title_variant","high","373","https://www.dosm.gov.my/uploads/content-downloads/file_20220920110308.pdf#page=373","Current eMASCO D11 profile inherited for a MASCO 2020 identity; not 2020-specific task evidence; test only.","exact_occupation"
"M312229","Warehouse Supervisor, Halal Logistics Operation","312229","373","7","2","0","5","medium","2","0.2857","low","2","pending","research_pre_rating_only","inherited_current_emasco_profile","https://emasco.mohr.gov.my/masco/3122-14","M312214","312214","Halal Logistics Operation Warehouse Supervisor","https://emasco.mohr.gov.my/masco/3122-14","2020","title_variant","high","373","https://www.dosm.gov.my/uploads/content-downloads/file_20220920110308.pdf#page=373","Current eMASCO D11 profile inherited for a MASCO 2020 identity; not 2020-specific task evidence; test only.","exact_occupation"
"M312234","Industrial Robot Controller","312234","373","7","1","1","5","low","2","0.2857","low","2","pending","research_pre_rating_only","inherited_current_emasco_profile","https://emasco.mohr.gov.my/masco/3122-17","M312217","312217","Industrial Robot Controller","https://emasco.mohr.gov.my/masco/3122-17","2020","exact_normalized_title","high","373","https://www.dosm.gov.my/uploads/content-downloads/file_20220920110308.pdf#page=373","Current eMASCO D11 profile inherited for a MASCO 2020 identity; not 2020-specific task evidence; test only.","exact_occupation"
"M312301","Operation Supervisor","312301","373","7","2","1","4","low","3","0.4286","medium","2","pending","research_pre_rating_only","inherited_current_emasco_profile","https://emasco.mohr.gov.my/masco/3123-01","M312301","312301","Operation Supervisor","https://emasco.mohr.gov.my/masco/3123-01","2020","exact_normalized_title","high","373","https://www.dosm.gov.my/uploads/content-downloads/file_20220920110308.pdf#page=373","Current eMASCO D11 profile inherited for a MASCO 2020 identity; not 2020-specific task evidence; test only.","exact_occupation"
"M312303","Construction Supervisor","312303","373","10","3","2","5","low","4","0.4","medium","2","pending","research_pre_rating_only","inherited_current_emasco_profile","https://emasco.mohr.gov.my/masco/3123-02","M312302","312302","Construction Supervisor","https://emasco.mohr.gov.my/masco/3123-02","2020","exact_normalized_title","high","373","https://www.dosm.gov.my/uploads/content-downloads/file_20220920110308.pdf#page=373","Current eMASCO D11 profile inherited for a MASCO 2020 identity; not 2020-specific task evidence; test only.","exact_occupation"
"M313104","Power Generating Plant Operator","313104","373","10","4","3","3","low","1","0.1","low","2","pending","research_pre_rating_only","inherited_current_emasco_profile","https://emasco.mohr.gov.my/masco/3131-01","M313101","313101","Power Generating Plant Operator","https://emasco.mohr.gov.my/masco/3131-01","2020","exact_normalized_title","high","373","https://www.dosm.gov.my/uploads/content-downloads/file_20220920110308.pdf#page=373","Current eMASCO D11 profile inherited for a MASCO 2020 identity; not 2020-specific task evidence; test only.","exact_occupation"
"M313106","Powerhouse Fabricator","313106","373","7","1","2","4","low","1","0.1429","low","2","pending","research_pre_rating_only","inherited_current_emasco_profile","https://emasco.mohr.gov.my/masco/3131-02","M313102","313102","Powerhouse Fabricator","https://emasco.mohr.gov.my/masco/3131-02","2020","exact_normalized_title","high","373","https://www.dosm.gov.my/uploads/content-downloads/file_20220920110308.pdf#page=373","Current eMASCO D11 profile inherited for a MASCO 2020 identity; not 2020-specific task evidence; test only.","exact_occupation"
"M313110","Solar Power Plant Operator","313110","373","9","5","2","2","low","1","0.1111","low","2","pending","research_pre_rating_only","inherited_current_emasco_profile","https://emasco.mohr.gov.my/masco/3131-03","M313103","313103","Solar Power Plant Operator","https://emasco.mohr.gov.my/masco/3131-03","2020","exact_normalized_title","high","373","https://www.dosm.gov.my/uploads/content-downloads/file_20220920110308.pdf#page=373","Current eMASCO D11 profile inherited for a MASCO 2020 identity; not 2020-specific task evidence; test only.","exact_occupation"
"M313111","Distribution Control Operator","313111","373","9","4","1","4","low","2","0.2222","low","2","pending","research_pre_rating_only","inherited_current_emasco_profile","https://emasco.mohr.gov.my/masco/3131-04","M313104","313104","Distribution Control Operator","https://emasco.mohr.gov.my/masco/3131-04","2020","exact_normalized_title","high","373","https://www.dosm.gov.my/uploads/content-downloads/file_20220920110308.pdf#page=373","Current eMASCO D11 profile inherited for a MASCO 2020 identity; not 2020-specific task evidence; test only.","exact_occupation"
"M313113","Power System Operator","313113","373","9","5","1","3","low","1","0.1111","low","2","pending","research_pre_rating_only","inherited_current_emasco_profile","https://emasco.mohr.gov.my/masco/3131-05","M313105","313105","Power Systems Operator","https://emasco.mohr.gov.my/masco/3131-05","2020","title_variant","high","373","https://www.dosm.gov.my/uploads/content-downloads/file_20220920110308.pdf#page=373","Current eMASCO D11 profile inherited for a MASCO 2020 identity; not 2020-specific task evidence; test only.","exact_occupation"
"M313116","Solar Cell Technician","313116","373","8","5","0","3","medium","3","0.375","medium","2","pending","research_pre_rating_only","inherited_current_emasco_profile","https://emasco.mohr.gov.my/masco/3131-07","M313107","313107","Solar Cell Technician","https://emasco.mohr.gov.my/masco/3131-07","2020","exact_normalized_title","high","373","https://www.dosm.gov.my/uploads/content-downloads/file_20220920110308.pdf#page=373","Current eMASCO D11 profile inherited for a MASCO 2020 identity; not 2020-specific task evidence; test only.","exact_occupation"
"M313201","Stationary Engine Operator","313201","374","8","1","3","4","low","1","0.125","low","2","pending","research_pre_rating_only","inherited_current_emasco_profile","https://emasco.mohr.gov.my/masco/3132-01","M313201","313201","Stationary Engine Operator","https://emasco.mohr.gov.my/masco/3132-01","2020","exact_normalized_title","high","374","https://www.dosm.gov.my/uploads/content-downloads/file_20220920110308.pdf#page=374","Current eMASCO D11 profile inherited for a MASCO 2020 identity; not 2020-specific task evidence; test only.","exact_occupation"
"M313302","Chemical Plant Supervisor","313302","374","10","2","2","6","low","2","0.2","low","2","pending","research_pre_rating_only","inherited_current_emasco_profile","https://emasco.mohr.gov.my/masco/3133-01","M313301","313301","Chemical Processing Plant Controller / Supervisor","https://emasco.mohr.gov.my/masco/3133-01","2020","reviewed_functional_equivalent","medium","374","https://www.dosm.gov.my/uploads/content-downloads/file_20220920110308.pdf#page=374","Current eMASCO D11 profile inherited for a MASCO 2020 identity; not 2020-specific task evidence; test only.","exact_occupation"
"M313406","Gas Plant Operator","313406","374","9","1","4","4","low","2","0.2222","low","2","pending","research_pre_rating_only","inherited_current_emasco_profile","https://emasco.mohr.gov.my/masco/3134-01","M313401","313401","Gas Plant Operator","https://emasco.mohr.gov.my/masco/3134-01","2020","exact_normalized_title","high","374","https://www.dosm.gov.my/uploads/content-downloads/file_20220920110308.pdf#page=374","Current eMASCO D11 profile inherited for a MASCO 2020 identity; not 2020-specific task evidence; test only.","exact_occupation"
"M313412","Pumping-Station Petroleum and Natural Gas Operator","313412","374","10","1","3","6","low","2","0.2","low","2","pending","research_pre_rating_only","inherited_current_emasco_profile","https://emasco.mohr.gov.my/masco/3134-02","M313402","313402","Pumping-Station Petroleum and Natural Gas Operator","https://emasco.mohr.gov.my/masco/3134-02","2020","exact_normalized_title","high","374","https://www.dosm.gov.my/uploads/content-downloads/file_20220920110308.pdf#page=374","Current eMASCO D11 profile inherited for a MASCO 2020 identity; not 2020-specific task evidence; test only.","exact_occupation"
"M313417","Refinery Process Technician","313417","375","9","2","3","4","low","1","0.1111","low","2","pending","research_pre_rating_only","inherited_current_emasco_profile","https://emasco.mohr.gov.my/masco/3134-03","M313403","313403","Refinery Process Technician","https://emasco.mohr.gov.my/masco/3134-03","2020","exact_normalized_title","high","375","https://www.dosm.gov.my/uploads/content-downloads/file_20220920110308.pdf#page=375","Current eMASCO D11 profile inherited for a MASCO 2020 identity; not 2020-specific task evidence; test only.","exact_occupation"
"M313503","Metal Processing Control Operator","313503","375","9","1","4","4","low","1","0.1111","low","2","pending","research_pre_rating_only","inherited_current_emasco_profile","https://emasco.mohr.gov.my/masco/3135-01","M313501","313501","Metal Processing Control Operator","https://emasco.mohr.gov.my/masco/3135-01","2020","exact_normalized_title","high","375","https://www.dosm.gov.my/uploads/content-downloads/file_20220920110308.pdf#page=375","Current eMASCO D11 profile inherited for a MASCO 2020 identity; not 2020-specific task evidence; test only.","exact_occupation"
"M314101","Biological Technician","314101","375","9","4","3","2","low","3","0.3333","medium","2","pending","research_pre_rating_only","inherited_current_emasco_profile","https://emasco.mohr.gov.my/masco/3141-01","M314101","314101","Biological Technician","https://emasco.mohr.gov.my/masco/3141-01","2020","exact_normalized_title","high","375","https://www.dosm.gov.my/uploads/content-downloads/file_20220920110308.pdf#page=375","Current eMASCO D11 profile inherited for a MASCO 2020 identity; not 2020-specific task evidence; test only.","exact_occupation"
"M314102","Entomological Technician","314102","375","10","2","1","7","low","4","0.4","medium","2","pending","research_pre_rating_only","inherited_current_emasco_profile","https://emasco.mohr.gov.my/masco/3141-02","M314102","314102","Entomological Technician","https://emasco.mohr.gov.my/masco/3141-02","2020","exact_normalized_title","high","375","https://www.dosm.gov.my/uploads/content-downloads/file_20220920110308.pdf#page=375","Current eMASCO D11 profile inherited for a MASCO 2020 identity; not 2020-specific task evidence; test only.","exact_occupation"
"M314104","Botanical Technician","314104","375","9","7","1","1","low","3","0.3333","medium","2","pending","research_pre_rating_only","inherited_current_emasco_profile","https://emasco.mohr.gov.my/masco/3141-03","M314103","314103","Botanical Technician","https://emasco.mohr.gov.my/masco/3141-03","2020","exact_normalized_title","high","375","https://www.dosm.gov.my/uploads/content-downloads/file_20220920110308.pdf#page=375","Current eMASCO D11 profile inherited for a MASCO 2020 identity; not 2020-specific task evidence; test only.","exact_occupation"
"M314107","Artificial Breeding Technician","314107","375","10","2","1","7","low","3","0.3","medium","2","pending","research_pre_rating_only","inherited_current_emasco_profile","https://emasco.mohr.gov.my/masco/3141-04","M314104","314104","Artificial Breeding Technician","https://emasco.mohr.gov.my/masco/3141-04","2020","exact_normalized_title","high","375","https://www.dosm.gov.my/uploads/content-downloads/file_20220920110308.pdf#page=375","Current eMASCO D11 profile inherited for a MASCO 2020 identity; not 2020-specific task evidence; test only.","exact_occupation"
"M314109","Zoological Technician","314109","375","10","8","2","0","low","4","0.4","medium","2","pending","research_pre_rating_only","inherited_current_emasco_profile","https://emasco.mohr.gov.my/masco/3141-05","M314105","314105","Zoological Technician","https://emasco.mohr.gov.my/masco/3141-05","2020","exact_normalized_title","high","375","https://www.dosm.gov.my/uploads/content-downloads/file_20220920110308.pdf#page=375","Current eMASCO D11 profile inherited for a MASCO 2020 identity; not 2020-specific task evidence; test only.","exact_occupation"
"M314203","Soil Science Technician","314203","375","9","2","2","5","low","3","0.3333","medium","2","pending","research_pre_rating_only","inherited_current_emasco_profile","https://emasco.mohr.gov.my/masco/3142-01","M314201","314201","Soil Science Technician","https://emasco.mohr.gov.my/masco/3142-01","2020","exact_normalized_title","high","375","https://www.dosm.gov.my/uploads/content-downloads/file_20220920110308.pdf#page=375","Current eMASCO D11 profile inherited for a MASCO 2020 identity; not 2020-specific task evidence; test only.","exact_occupation"
"M314205","Horticulture Technician","314205","375","10","9","1","0","low","4","0.4","medium","2","pending","research_pre_rating_only","inherited_current_emasco_profile","https://emasco.mohr.gov.my/masco/3142-02","M314202","314202","Horticulture Technician","https://emasco.mohr.gov.my/masco/3142-02","2020","exact_normalized_title","high","375","https://www.dosm.gov.my/uploads/content-downloads/file_20220920110308.pdf#page=375","Current eMASCO D11 profile inherited for a MASCO 2020 identity; not 2020-specific task evidence; test only.","exact_occupation"
"M314209","Irrigator","314209","375","5","2","2","1","low","1","0.2","low","2","pending","research_pre_rating_only","inherited_current_emasco_profile","https://emasco.mohr.gov.my/masco/3142-03","M314203","314203","Irrigation Technician","https://emasco.mohr.gov.my/masco/3142-03","2020","reviewed_functional_equivalent","medium","375","https://www.dosm.gov.my/uploads/content-downloads/file_20220920110308.pdf#page=375","Current eMASCO D11 profile inherited for a MASCO 2020 identity; not 2020-specific task evidence; test only.","exact_occupation"
"M314216","Assistant Agricultural Officer Grade G29","314216","376","10","7","1","2","low","7","0.7","high","2","pending","research_pre_rating_only","inherited_current_emasco_profile","https://emasco.mohr.gov.my/masco/3142-06","M314206","314206","Assistant Agricultural Officer Grade G5","https://emasco.mohr.gov.my/masco/3142-06","2020","grade_reversion","high","376","https://www.dosm.gov.my/uploads/content-downloads/file_20220920110308.pdf#page=376","Current eMASCO D11 profile inherited for a MASCO 2020 identity; not 2020-specific task evidence; test only.","exact_occupation"
"M314217","Assistant Land Planning Officer Grade G29","314217","376","8","3","2","3","low","4","0.5","medium","2","pending","research_pre_rating_only","inherited_current_emasco_profile","https://emasco.mohr.gov.my/masco/3142-07","M314207","314207","Assistant Land Planning Officer Grade G5","https://emasco.mohr.gov.my/masco/3142-07","2020","grade_reversion","high","376","https://www.dosm.gov.my/uploads/content-downloads/file_20220920110308.pdf#page=376","Current eMASCO D11 profile inherited for a MASCO 2020 identity; not 2020-specific task evidence; test only.","exact_occupation"
"M314218","Supervisor, Halal Livestock Production","314218","376","8","2","0","6","medium","2","0.25","low","2","pending","research_pre_rating_only","inherited_current_emasco_profile","https://emasco.mohr.gov.my/masco/3142-05","M314205","314205","Halal Livestock Production Supervisor","https://emasco.mohr.gov.my/masco/3142-05","2020","title_variant","high","376","https://www.dosm.gov.my/uploads/content-downloads/file_20220920110308.pdf#page=376","Current eMASCO D11 profile inherited for a MASCO 2020 identity; not 2020-specific task evidence; test only.","exact_occupation"
"M314221","Land Scheme Supervisor Grade G19","314221","376","7","1","0","6","medium","1","0.1429","low","2","pending","research_pre_rating_only","inherited_current_emasco_profile","https://emasco.mohr.gov.my/masco/3142-08","M314208","314208","Land Scheme Supervisor Grade G1","https://emasco.mohr.gov.my/masco/3142-08","2020","grade_reversion","high","376","https://www.dosm.gov.my/uploads/content-downloads/file_20220920110308.pdf#page=376","Current eMASCO D11 profile inherited for a MASCO 2020 identity; not 2020-specific task evidence; test only.","exact_occupation"
"M314302","Forestry Technician","314302","376","10","5","1","4","low","3","0.3","medium","2","pending","research_pre_rating_only","inherited_current_emasco_profile","https://emasco.mohr.gov.my/masco/3143-01","M314301","314301","Forestry Technician","https://emasco.mohr.gov.my/masco/3143-01","2020","exact_normalized_title","high","376","https://www.dosm.gov.my/uploads/content-downloads/file_20220920110308.pdf#page=376","Current eMASCO D11 profile inherited for a MASCO 2020 identity; not 2020-specific task evidence; test only.","exact_occupation"
"M314304","Assistant Conservator of Forests Grade G29","314304","376","7","0","0","7","medium","0","0.0","low","2","pending","research_pre_rating_only","inherited_current_emasco_profile","https://emasco.mohr.gov.my/masco/3143-03","M314303","314303","Assistant Conservator of Forests Grade G5","https://emasco.mohr.gov.my/masco/3143-03","2020","grade_reversion","high","376","https://www.dosm.gov.my/uploads/content-downloads/file_20220920110308.pdf#page=376","Current eMASCO D11 profile inherited for a MASCO 2020 identity; not 2020-specific task evidence; test only.","exact_occupation"
"M314305","Assistant Wildlife Officer Grade G29","314305","376","8","0","0","8","medium","1","0.125","low","2","pending","research_pre_rating_only","inherited_current_emasco_profile","https://emasco.mohr.gov.my/masco/3143-04","M314304","314304","Assistant Wildlife Officer Grade G5","https://emasco.mohr.gov.my/masco/3143-04","2020","grade_reversion","high","376","https://www.dosm.gov.my/uploads/content-downloads/file_20220920110308.pdf#page=376","Current eMASCO D11 profile inherited for a MASCO 2020 identity; not 2020-specific task evidence; test only.","exact_occupation"
"M314306","Wildlife Assistant Grade G19","314306","376","6","0","0","6","medium","1","0.1667","low","2","pending","research_pre_rating_only","inherited_current_emasco_profile","https://emasco.mohr.gov.my/masco/3143-05","M314305","314305","Wildlife Assistant Grade G1","https://emasco.mohr.gov.my/masco/3143-05","2020","grade_reversion","high","376","https://www.dosm.gov.my/uploads/content-downloads/file_20220920110308.pdf#page=376","Current eMASCO D11 profile inherited for a MASCO 2020 identity; not 2020-specific task evidence; test only.","exact_occupation"
"M314401","Hatchery Technician","314401","376","10","3","2","5","low","5","0.5","medium","2","pending","research_pre_rating_only","inherited_current_emasco_profile","https://emasco.mohr.gov.my/masco/3144-01","M314401","314401","Hatchery Technician","https://emasco.mohr.gov.my/masco/3144-01","2020","exact_normalized_title","high","376","https://www.dosm.gov.my/uploads/content-downloads/file_20220920110308.pdf#page=376","Current eMASCO D11 profile inherited for a MASCO 2020 identity; not 2020-specific task evidence; test only.","exact_occupation"
"M314402","Hatchery Supervisor","314402","376","9","3","2","4","low","3","0.3333","medium","2","pending","research_pre_rating_only","inherited_current_emasco_profile","https://emasco.mohr.gov.my/masco/3144-02","M314402","314402","Hatchery Supervisor","https://emasco.mohr.gov.my/masco/3144-02","2020","exact_normalized_title","high","376","https://www.dosm.gov.my/uploads/content-downloads/file_20220920110308.pdf#page=376","Current eMASCO D11 profile inherited for a MASCO 2020 identity; not 2020-specific task evidence; test only.","exact_occupation"
"M314403","Fishery Technician","314403","376","9","2","2","5","low","4","0.4444","medium","2","pending","research_pre_rating_only","inherited_current_emasco_profile","https://emasco.mohr.gov.my/masco/3144-03","M314403","314403","Fishery Technician","https://emasco.mohr.gov.my/masco/3144-03","2020","exact_normalized_title","high","376","https://www.dosm.gov.my/uploads/content-downloads/file_20220920110308.pdf#page=376","Current eMASCO D11 profile inherited for a MASCO 2020 identity; not 2020-specific task evidence; test only.","exact_occupation"
"M314404","Hatchery Assistant","314404","376","10","3","3","4","low","4","0.4","medium","2","pending","research_pre_rating_only","inherited_current_emasco_profile","https://emasco.mohr.gov.my/masco/3144-04","M314404","314404","Hatchery Assistant","https://emasco.mohr.gov.my/masco/3144-04","2020","exact_normalized_title","high","376","https://www.dosm.gov.my/uploads/content-downloads/file_20220920110308.pdf#page=376","Current eMASCO D11 profile inherited for a MASCO 2020 identity; not 2020-specific task evidence; test only.","exact_occupation"
"M314405","Aquaculture Technician","314405","376","7","3","1","3","low","3","0.4286","medium","2","pending","research_pre_rating_only","inherited_current_emasco_profile","https://emasco.mohr.gov.my/masco/3144-05","M314405","314405","Aquaculture Technician","https://emasco.mohr.gov.my/masco/3144-05","2020","exact_normalized_title","high","376","https://www.dosm.gov.my/uploads/content-downloads/file_20220920110308.pdf#page=376","Current eMASCO D11 profile inherited for a MASCO 2020 identity; not 2020-specific task evidence; test only.","exact_occupation"
"M314407","Assistant Fisheries Officer Grade G29","314407","376","9","5","1","3","low","4","0.4444","medium","2","pending","research_pre_rating_only","inherited_current_emasco_profile","https://emasco.mohr.gov.my/masco/3144-07","M314407","314407","Assistant Fisheries Officer Grade G5","https://emasco.mohr.gov.my/masco/3144-07","2020","grade_reversion","high","376","https://www.dosm.gov.my/uploads/content-downloads/file_20220920110308.pdf#page=376","Current eMASCO D11 profile inherited for a MASCO 2020 identity; not 2020-specific task evidence; test only.","exact_occupation"
"M315101","Air Traffic Safety Technician","315101","376","7","3","3","1","low","3","0.4286","medium","2","pending","research_pre_rating_only","inherited_current_emasco_profile","https://emasco.mohr.gov.my/masco/3151-01","M315101","315101","Air Traffic Safety Technician","https://emasco.mohr.gov.my/masco/3151-01","2020","exact_normalized_title","high","376","https://www.dosm.gov.my/uploads/content-downloads/file_20220920110308.pdf#page=376","Current eMASCO D11 profile inherited for a MASCO 2020 identity; not 2020-specific task evidence; test only.","exact_occupation"
"M315103","Aviation Maintenance Technician","315103","376","8","3","1","4","low","2","0.25","low","2","pending","research_pre_rating_only","inherited_current_emasco_profile","https://emasco.mohr.gov.my/masco/3151-02","M315102","315102","Aviation Maintenance Technician","https://emasco.mohr.gov.my/masco/3151-02","2020","exact_normalized_title","high","376","https://www.dosm.gov.my/uploads/content-downloads/file_20220920110308.pdf#page=376","Current eMASCO D11 profile inherited for a MASCO 2020 identity; not 2020-specific task evidence; test only.","exact_occupation"
"M315107","Aircraft Restorer","315107","376","6","1","0","5","medium","3","0.5","medium","2","pending","research_pre_rating_only","inherited_current_emasco_profile","https://emasco.mohr.gov.my/masco/3151-03","M315103","315103","Aircraft Restorer","https://emasco.mohr.gov.my/masco/3151-03","2020","exact_normalized_title","high","376","https://www.dosm.gov.my/uploads/content-downloads/file_20220920110308.pdf#page=376","Current eMASCO D11 profile inherited for a MASCO 2020 identity; not 2020-specific task evidence; test only.","exact_occupation"
"M315108","Airframe and Power Plant Technician","315108","376","8","1","0","7","medium","3","0.375","medium","2","pending","research_pre_rating_only","inherited_current_emasco_profile","https://emasco.mohr.gov.my/masco/3151-04","M315104","315104","Airframe and Power Plant Technician","https://emasco.mohr.gov.my/masco/3151-04","2020","exact_normalized_title","high","376","https://www.dosm.gov.my/uploads/content-downloads/file_20220920110308.pdf#page=376","Current eMASCO D11 profile inherited for a MASCO 2020 identity; not 2020-specific task evidence; test only.","exact_occupation"
"M315114","Rocket Engine Component Technician","315114","376","6","2","0","4","medium","5","0.8333","high","2","pending","research_pre_rating_only","inherited_current_emasco_profile","https://emasco.mohr.gov.my/masco/3151-05","M315105","315105","Rocket Engine Component Technician","https://emasco.mohr.gov.my/masco/3151-05","2020","exact_normalized_title","high","376","https://www.dosm.gov.my/uploads/content-downloads/file_20220920110308.pdf#page=376","Current eMASCO D11 profile inherited for a MASCO 2020 identity; not 2020-specific task evidence; test only.","exact_occupation"
"M315115","Aircraft Examiner Grade A29","315115","376","10","2","4","4","low","7","0.7","high","2","pending","research_pre_rating_only","inherited_current_emasco_profile","https://emasco.mohr.gov.my/masco/3151-07","M315107","315107","Aircraft Examiner Grade A5, A6","https://emasco.mohr.gov.my/masco/3151-07","2020","grade_reversion","high","376","https://www.dosm.gov.my/uploads/content-downloads/file_20220920110308.pdf#page=376","Current eMASCO D11 profile inherited for a MASCO 2020 identity; not 2020-specific task evidence; test only.","exact_occupation"
"M315116","Assistant Air Traffic Control Officer Grade A29","315116","376","9","4","0","5","medium","4","0.4444","medium","2","pending","research_pre_rating_only","inherited_current_emasco_profile","https://emasco.mohr.gov.my/masco/3151-08","M315108","315108","Assistant Air Traffic Control Officer Grade A5","https://emasco.mohr.gov.my/masco/3151-08","2020","grade_reversion","high","376","https://www.dosm.gov.my/uploads/content-downloads/file_20220920110308.pdf#page=376","Current eMASCO D11 profile inherited for a MASCO 2020 identity; not 2020-specific task evidence; test only.","exact_occupation"
"M315201","Marine Assistant Grade A19","315201","376","8","5","0","3","medium","6","0.75","high","2","pending","research_pre_rating_only","inherited_current_emasco_profile","https://emasco.mohr.gov.my/masco/3152-03","M315203","315203","Marine Assistant Grade A1","https://emasco.mohr.gov.my/masco/3152-03","2020","grade_reversion","high","376","https://www.dosm.gov.my/uploads/content-downloads/file_20220920110308.pdf#page=376","Current eMASCO D11 profile inherited for a MASCO 2020 identity; not 2020-specific task evidence; test only.","exact_occupation"
"M315202","Berthing Master","315202","376","9","3","0","6","medium","1","0.1111","low","2","pending","research_pre_rating_only","inherited_current_emasco_profile","https://emasco.mohr.gov.my/masco/3152-01","M315201","315201","Berthing Master","https://emasco.mohr.gov.my/masco/3152-01","2020","exact_normalized_title","high","376","https://www.dosm.gov.my/uploads/content-downloads/file_20220920110308.pdf#page=376","Current eMASCO D11 profile inherited for a MASCO 2020 identity; not 2020-specific task evidence; test only.","exact_occupation"
"M315206","Ship Technician","315206","376","5","1","0","4","medium","1","0.2","low","2","pending","research_pre_rating_only","inherited_current_emasco_profile","https://emasco.mohr.gov.my/masco/3152-02","M315202","315202","Ship Technician","https://emasco.mohr.gov.my/masco/3152-02","2020","exact_normalized_title","high","376","https://www.dosm.gov.my/uploads/content-downloads/file_20220920110308.pdf#page=376","Current eMASCO D11 profile inherited for a MASCO 2020 identity; not 2020-specific task evidence; test only.","exact_occupation"
"M315208","Assistant Marine Officer Grade A29","315208","376","8","4","0","4","medium","3","0.375","medium","2","pending","research_pre_rating_only","inherited_current_emasco_profile","https://emasco.mohr.gov.my/masco/3152-04","M315204","315204","Assistant Marine Officer Grade A5","https://emasco.mohr.gov.my/masco/3152-04","2020","grade_reversion","high","376","https://www.dosm.gov.my/uploads/content-downloads/file_20220920110308.pdf#page=376","Current eMASCO D11 profile inherited for a MASCO 2020 identity; not 2020-specific task evidence; test only.","exact_occupation"
"M315301","Train Technician","315301","377","6","2","0","4","medium","1","0.1667","low","2","pending","research_pre_rating_only","inherited_current_emasco_profile","https://emasco.mohr.gov.my/masco/3153-01","M315301","315301","Train Technician","https://emasco.mohr.gov.my/masco/3153-01","2020","exact_normalized_title","high","377","https://www.dosm.gov.my/uploads/content-downloads/file_20220920110308.pdf#page=377","Current eMASCO D11 profile inherited for a MASCO 2020 identity; not 2020-specific task evidence; test only.","exact_occupation"
"M315306","Track Network Technician","315306","377","6","3","0","3","medium","3","0.5","medium","2","pending","research_pre_rating_only","inherited_current_emasco_profile","https://emasco.mohr.gov.my/masco/3153-02","M315302","315302","Track Network Technician","https://emasco.mohr.gov.my/masco/3153-02","2020","exact_normalized_title","high","377","https://www.dosm.gov.my/uploads/content-downloads/file_20220920110308.pdf#page=377","Current eMASCO D11 profile inherited for a MASCO 2020 identity; not 2020-specific task evidence; test only.","exact_occupation"
"M315307","Signalling and Communication Technician","315307","377","6","5","1","0","low","1","0.1667","low","2","pending","research_pre_rating_only","inherited_current_emasco_profile","https://emasco.mohr.gov.my/masco/3153-03","M315303","315303","Signalling and Communication Technician","https://emasco.mohr.gov.my/masco/3153-03","2020","exact_normalized_title","high","377","https://www.dosm.gov.my/uploads/content-downloads/file_20220920110308.pdf#page=377","Current eMASCO D11 profile inherited for a MASCO 2020 identity; not 2020-specific task evidence; test only.","exact_occupation"
"M315406","Motor Vehicle Technician","315406","377","9","5","0","4","medium","5","0.5556","medium","2","pending","research_pre_rating_only","inherited_current_emasco_profile","https://emasco.mohr.gov.my/masco/3154-01","M315401","315401","Motor Vehicle Technician","https://emasco.mohr.gov.my/masco/3154-01","2020","exact_normalized_title","high","377","https://www.dosm.gov.my/uploads/content-downloads/file_20220920110308.pdf#page=377","Current eMASCO D11 profile inherited for a MASCO 2020 identity; not 2020-specific task evidence; test only.","exact_occupation"
"M315902","Logistics Supervisor","315902","377","9","2","0","7","medium","2","0.2222","low","2","pending","research_pre_rating_only","inherited_current_emasco_profile","https://emasco.mohr.gov.my/masco/3159-01","M315901","315901","Transport/Logistics Supervisor","https://emasco.mohr.gov.my/masco/3159-01","2020","reviewed_functional_equivalent","medium","377","https://www.dosm.gov.my/uploads/content-downloads/file_20220920110308.pdf#page=377","Current eMASCO D11 profile inherited for a MASCO 2020 identity; not 2020-specific task evidence; test only.","exact_occupation"
"M315904","Green Technology Infrastructure Assistant Facilitator","315904","377","10","4","0","6","medium","2","0.2","low","2","pending","research_pre_rating_only","inherited_current_emasco_profile","https://emasco.mohr.gov.my/masco/3159-02","M315902","315902","Green Technology Infrastructure Assistant Facilitator","https://emasco.mohr.gov.my/masco/3159-02","2020","exact_normalized_title","high","377","https://www.dosm.gov.my/uploads/content-downloads/file_20220920110308.pdf#page=377","Current eMASCO D11 profile inherited for a MASCO 2020 identity; not 2020-specific task evidence; test only.","exact_occupation"
"M316101","Nuclear Technician","316101","377","9","1","2","6","low","3","0.3333","medium","2","pending","research_pre_rating_only","inherited_current_emasco_profile","https://emasco.mohr.gov.my/masco/3161-01","M316101","316101","Nuclear Technician","https://emasco.mohr.gov.my/masco/3161-01","2020","exact_normalized_title","high","377","https://www.dosm.gov.my/uploads/content-downloads/file_20220920110308.pdf#page=377","Current eMASCO D11 profile inherited for a MASCO 2020 identity; not 2020-specific task evidence; test only.","exact_occupation"
"M321101","Radiographer Grade U29","321101","377","5","2","1","2","low","2","0.4","medium","2","pending","research_pre_rating_only","inherited_current_emasco_profile","https://emasco.mohr.gov.my/masco/3211-02","M321102","321102","Radiographer Grade U5","https://emasco.mohr.gov.my/masco/3211-02","2020","grade_reversion","high","377","https://www.dosm.gov.my/uploads/content-downloads/file_20220920110308.pdf#page=377","Current eMASCO D11 profile inherited for a MASCO 2020 identity; not 2020-specific task evidence; test only.","exact_occupation"
"M321102","Radiographer","321102","377","9","2","2","5","low","2","0.2222","low","2","pending","research_pre_rating_only","inherited_current_emasco_profile","https://emasco.mohr.gov.my/masco/3211-01","M321101","321101","Radiographer","https://emasco.mohr.gov.my/masco/3211-01","2020","exact_normalized_title","high","377","https://www.dosm.gov.my/uploads/content-downloads/file_20220920110308.pdf#page=377","Current eMASCO D11 profile inherited for a MASCO 2020 identity; not 2020-specific task evidence; test only.","exact_occupation"
"M321204","Ecology Technician","321204","377","9","6","1","2","low","5","0.5556","medium","2","pending","research_pre_rating_only","inherited_current_emasco_profile","https://emasco.mohr.gov.my/masco/3212-01","M321201","321201","Ecology Technician","https://emasco.mohr.gov.my/masco/3212-01","2020","exact_normalized_title","high","377","https://www.dosm.gov.my/uploads/content-downloads/file_20220920110308.pdf#page=377","Current eMASCO D11 profile inherited for a MASCO 2020 identity; not 2020-specific task evidence; test only.","exact_occupation"
"M321207","Histology Technician","321207","377","9","4","1","4","low","5","0.5556","medium","2","pending","research_pre_rating_only","inherited_current_emasco_profile","https://emasco.mohr.gov.my/masco/3212-02","M321202","321202","Histology Technician","https://emasco.mohr.gov.my/masco/3212-02","2020","exact_normalized_title","high","377","https://www.dosm.gov.my/uploads/content-downloads/file_20220920110308.pdf#page=377","Current eMASCO D11 profile inherited for a MASCO 2020 identity; not 2020-specific task evidence; test only.","exact_occupation"
"M321208","Cytology Technician","321208","377","7","2","1","4","low","3","0.4286","medium","2","pending","research_pre_rating_only","inherited_current_emasco_profile","https://emasco.mohr.gov.my/masco/3212-03","M321203","321203","Cytology Technician","https://emasco.mohr.gov.my/masco/3212-03","2020","exact_normalized_title","high","377","https://www.dosm.gov.my/uploads/content-downloads/file_20220920110308.pdf#page=377","Current eMASCO D11 profile inherited for a MASCO 2020 identity; not 2020-specific task evidence; test only.","exact_occupation"
"M321209","Physiology Technician","321209","377","6","2","2","2","low","5","0.8333","high","2","pending","research_pre_rating_only","inherited_current_emasco_profile","https://emasco.mohr.gov.my/masco/3212-04","M321204","321204","Physiology Technician","https://emasco.mohr.gov.my/masco/3212-04","2020","exact_normalized_title","high","377","https://www.dosm.gov.my/uploads/content-downloads/file_20220920110308.pdf#page=377","Current eMASCO D11 profile inherited for a MASCO 2020 identity; not 2020-specific task evidence; test only.","exact_occupation"
"M321212","Parasitological Assistant","321212","377","7","1","2","4","low","2","0.2857","low","2","pending","research_pre_rating_only","inherited_current_emasco_profile","https://emasco.mohr.gov.my/masco/3212-05","M321205","321205","Parasitological Assistant","https://emasco.mohr.gov.my/masco/3212-05","2020","exact_normalized_title","high","377","https://www.dosm.gov.my/uploads/content-downloads/file_20220920110308.pdf#page=377","Current eMASCO D11 profile inherited for a MASCO 2020 identity; not 2020-specific task evidence; test only.","exact_occupation"
"M321213","Medical Laboratory Technician","321213","377","7","3","2","2","low","4","0.5714","medium","2","pending","research_pre_rating_only","inherited_current_emasco_profile","https://emasco.mohr.gov.my/masco/3212-06","M321206","321206","Medical Laboratory Technician","https://emasco.mohr.gov.my/masco/3212-06","2020","exact_normalized_title","high","377","https://www.dosm.gov.my/uploads/content-downloads/file_20220920110308.pdf#page=377","Current eMASCO D11 profile inherited for a MASCO 2020 identity; not 2020-specific task evidence; test only.","exact_occupation"
"M321214","Surgical Technician","321214","377","7","1","3","3","low","1","0.1429","low","2","pending","research_pre_rating_only","inherited_current_emasco_profile","https://emasco.mohr.gov.my/masco/3212-07","M321207","321207","Surgical Technician","https://emasco.mohr.gov.my/masco/3212-07","2020","exact_normalized_title","high","377","https://www.dosm.gov.my/uploads/content-downloads/file_20220920110308.pdf#page=377","Current eMASCO D11 profile inherited for a MASCO 2020 identity; not 2020-specific task evidence; test only.","exact_occupation"
"M321301","Pharmaceutical Assistant","321301","377","7","1","0","6","medium","1","0.1429","low","2","pending","research_pre_rating_only","inherited_current_emasco_profile","https://emasco.mohr.gov.my/masco/3213-01","M321301","321301","Pharmaceutical Assistant","https://emasco.mohr.gov.my/masco/3213-01","2020","exact_normalized_title","high","377","https://www.dosm.gov.my/uploads/content-downloads/file_20220920110308.pdf#page=377","Current eMASCO D11 profile inherited for a MASCO 2020 identity; not 2020-specific task evidence; test only.","exact_occupation"
"M321304","Pharmacy Aide","321304","378","7","2","1","4","low","1","0.1429","low","2","pending","research_pre_rating_only","inherited_current_emasco_profile","https://emasco.mohr.gov.my/masco/3213-02","M321302","321302","Pharmacy Aide","https://emasco.mohr.gov.my/masco/3213-02","2020","exact_normalized_title","high","378","https://www.dosm.gov.my/uploads/content-downloads/file_20220920110308.pdf#page=378","Current eMASCO D11 profile inherited for a MASCO 2020 identity; not 2020-specific task evidence; test only.","exact_occupation"
"M321305","Assistant Pharmacy Officer Grade U29","321305","378","9","2","0","7","medium","3","0.3333","medium","2","pending","research_pre_rating_only","inherited_current_emasco_profile","https://emasco.mohr.gov.my/masco/3213-03","M321303","321303","Assistant Pharmacy Officer Grade U5","https://emasco.mohr.gov.my/masco/3213-03","2020","grade_reversion","high","378","https://www.dosm.gov.my/uploads/content-downloads/file_20220920110308.pdf#page=378","Current eMASCO D11 profile inherited for a MASCO 2020 identity; not 2020-specific task evidence; test only.","exact_occupation"
"M321401","Dental technician","321401","378","6","1","0","5","medium","1","0.1667","low","2","pending","research_pre_rating_only","inherited_current_emasco_profile","https://emasco.mohr.gov.my/masco/3214-01","M321401","321401","Dental Technician","https://emasco.mohr.gov.my/masco/3214-01","2020","exact_normalized_title","high","378","https://www.dosm.gov.my/uploads/content-downloads/file_20220920110308.pdf#page=378","Current eMASCO D11 profile inherited for a MASCO 2020 identity; not 2020-specific task evidence; test only.","exact_occupation"
"M321404","Orthotist","321404","378","5","3","1","1","low","2","0.4","medium","2","pending","research_pre_rating_only","inherited_current_emasco_profile","https://emasco.mohr.gov.my/masco/3214-02","M321402","321402","Orthotist","https://emasco.mohr.gov.my/masco/3214-02","2020","exact_normalized_title","high","378","https://www.dosm.gov.my/uploads/content-downloads/file_20220920110308.pdf#page=378","Current eMASCO D11 profile inherited for a MASCO 2020 identity; not 2020-specific task evidence; test only.","exact_occupation"
"M321502","Prosthetic Technician","321502","378","6","1","2","3","low","1","0.1667","low","2","pending","research_pre_rating_only","inherited_current_emasco_profile","https://emasco.mohr.gov.my/masco/3215-01","M321501","321501","Prosthetic Technician","https://emasco.mohr.gov.my/masco/3215-01","2020","exact_normalized_title","high","378","https://www.dosm.gov.my/uploads/content-downloads/file_20220920110308.pdf#page=378","Current eMASCO D11 profile inherited for a MASCO 2020 identity; not 2020-specific task evidence; test only.","exact_occupation"
"M321503","Medical Technician Grade U19","321503","378","5","0","1","4","low","0","0.0","low","2","pending","research_pre_rating_only","inherited_current_emasco_profile","https://emasco.mohr.gov.my/masco/3215-02","M321502","321502","Medical Technician Grade U1","https://emasco.mohr.gov.my/masco/3215-02","2020","grade_reversion","high","378","https://www.dosm.gov.my/uploads/content-downloads/file_20220920110308.pdf#page=378","Current eMASCO D11 profile inherited for a MASCO 2020 identity; not 2020-specific task evidence; test only.","exact_occupation"
"M322101","Nurse Grade U29","322101","378","10","4","2","4","low","4","0.4","medium","2","pending","research_pre_rating_only","inherited_current_emasco_profile","https://emasco.mohr.gov.my/masco/3221-02","M322102","322102","Nurse Grade U5","https://emasco.mohr.gov.my/masco/3221-02","2020","grade_reversion","high","378","https://www.dosm.gov.my/uploads/content-downloads/file_20220920110308.pdf#page=378","Current eMASCO D11 profile inherited for a MASCO 2020 identity; not 2020-specific task evidence; test only.","exact_occupation"
"M322104","Practical Nurse","322104","378","10","2","1","7","low","2","0.2","low","2","pending","research_pre_rating_only","inherited_current_emasco_profile","https://emasco.mohr.gov.my/masco/3221-01","M322101","322101","Practical Nurse","https://emasco.mohr.gov.my/masco/3221-01","2020","exact_normalized_title","high","378","https://www.dosm.gov.my/uploads/content-downloads/file_20220920110308.pdf#page=378","Current eMASCO D11 profile inherited for a MASCO 2020 identity; not 2020-specific task evidence; test only.","exact_occupation"
"M324103","Veterinary Biotech Research Technician","324103","378","10","6","1","3","low","4","0.4","medium","2","pending","research_pre_rating_only","inherited_current_emasco_profile","https://emasco.mohr.gov.my/masco/3241-01","M324101","324101","Veterinary Biotech Research Technician","https://emasco.mohr.gov.my/masco/3241-01","2020","exact_normalized_title","high","378","https://www.dosm.gov.my/uploads/content-downloads/file_20220920110308.pdf#page=378","Current eMASCO D11 profile inherited for a MASCO 2020 identity; not 2020-specific task evidence; test only.","exact_occupation"
"M324107","Veterinary Artificial Inseminator","324107","378","8","2","1","5","low","2","0.25","low","2","pending","research_pre_rating_only","inherited_current_emasco_profile","https://emasco.mohr.gov.my/masco/3241-02","M324102","324102","Veterinary Artificial Inseminator","https://emasco.mohr.gov.my/masco/3241-02","2020","exact_normalized_title","high","378","https://www.dosm.gov.my/uploads/content-downloads/file_20220920110308.pdf#page=378","Current eMASCO D11 profile inherited for a MASCO 2020 identity; not 2020-specific task evidence; test only.","exact_occupation"
"M324108","Veterinary Biotech Production Technician","324108","378","7","3","1","3","low","2","0.2857","low","2","pending","research_pre_rating_only","inherited_current_emasco_profile","https://emasco.mohr.gov.my/masco/3241-03","M324103","324103","Veterinary Biotech Production Technician","https://emasco.mohr.gov.my/masco/3241-03","2020","exact_normalized_title","high","378","https://www.dosm.gov.my/uploads/content-downloads/file_20220920110308.pdf#page=378","Current eMASCO D11 profile inherited for a MASCO 2020 identity; not 2020-specific task evidence; test only.","exact_occupation"
"M324109","Veterinary Nurse","324109","378","9","2","0","7","medium","1","0.1111","low","2","pending","research_pre_rating_only","inherited_current_emasco_profile","https://emasco.mohr.gov.my/masco/3241-04","M324104","324104","Veterinary Nurse","https://emasco.mohr.gov.my/masco/3241-04","2020","exact_normalized_title","high","378","https://www.dosm.gov.my/uploads/content-downloads/file_20220920110308.pdf#page=378","Current eMASCO D11 profile inherited for a MASCO 2020 identity; not 2020-specific task evidence; test only.","exact_occupation"
"M324110","Assistant Veterinary Officer Grade G29","324110","378","10","3","0","7","medium","4","0.4","medium","2","pending","research_pre_rating_only","inherited_current_emasco_profile","https://emasco.mohr.gov.my/masco/3241-07","M324107","324107","Assistant Veterinary Officer Grade G5","https://emasco.mohr.gov.my/masco/3241-07","2020","grade_reversion","high","378","https://www.dosm.gov.my/uploads/content-downloads/file_20220920110308.pdf#page=378","Current eMASCO D11 profile inherited for a MASCO 2020 identity; not 2020-specific task evidence; test only.","exact_occupation"
"M325101","Dental Surgery Assistant Grade U19","325101","378","10","1","2","7","low","1","0.1","low","2","pending","research_pre_rating_only","inherited_current_emasco_profile","https://emasco.mohr.gov.my/masco/3251-03","M325103","325103","Dental Surgery Assistant Grade U1","https://emasco.mohr.gov.my/masco/3251-03","2020","grade_reversion","high","378","https://www.dosm.gov.my/uploads/content-downloads/file_20220920110308.pdf#page=378","Current eMASCO D11 profile inherited for a MASCO 2020 identity; not 2020-specific task evidence; test only.","exact_occupation"
"M325105","Dental Assistant","325105","378","7","1","1","5","low","3","0.4286","medium","2","pending","research_pre_rating_only","inherited_current_emasco_profile","https://emasco.mohr.gov.my/masco/3251-01","M325101","325101","Dental Aide/Assistant","https://emasco.mohr.gov.my/masco/3251-01","2020","reviewed_functional_equivalent","medium","378","https://www.dosm.gov.my/uploads/content-downloads/file_20220920110308.pdf#page=378","Current eMASCO D11 profile inherited for a MASCO 2020 identity; not 2020-specific task evidence; test only.","exact_occupation"
"M325106","Dental Hygienist","325106","378","9","2","1","6","low","1","0.1111","low","2","pending","research_pre_rating_only","inherited_current_emasco_profile","https://emasco.mohr.gov.my/masco/3251-02","M325102","325102","Dental Hygienist","https://emasco.mohr.gov.my/masco/3251-02","2020","exact_normalized_title","high","378","https://www.dosm.gov.my/uploads/content-downloads/file_20220920110308.pdf#page=378","Current eMASCO D11 profile inherited for a MASCO 2020 identity; not 2020-specific task evidence; test only.","exact_occupation"
"M325107","Dental Therapist Grade U29","325107","379","5","2","0","3","medium","2","0.4","medium","2","pending","research_pre_rating_only","inherited_current_emasco_profile","https://emasco.mohr.gov.my/masco/3251-04","M325104","325104","Dental Therapist Grade U5","https://emasco.mohr.gov.my/masco/3251-04","2020","grade_reversion","high","379","https://www.dosm.gov.my/uploads/content-downloads/file_20220920110308.pdf#page=379","Current eMASCO D11 profile inherited for a MASCO 2020 identity; not 2020-specific task evidence; test only.","exact_occupation"
"M325302","Community Health Promoter","325302","379","8","2","0","6","medium","3","0.375","medium","2","pending","research_pre_rating_only","inherited_current_emasco_profile","https://emasco.mohr.gov.my/masco/3253-01","M325301","325301","Community Health Promoter","https://emasco.mohr.gov.my/masco/3253-01","2020","exact_normalized_title","high","379","https://www.dosm.gov.my/uploads/content-downloads/file_20220920110308.pdf#page=379","Current eMASCO D11 profile inherited for a MASCO 2020 identity; not 2020-specific task evidence; test only.","exact_occupation"
"M325304","Village Health Worker","325304","379","9","2","0","7","medium","1","0.1111","low","2","pending","research_pre_rating_only","inherited_current_emasco_profile","https://emasco.mohr.gov.my/masco/3253-02","M325302","325302","Village Health Worker","https://emasco.mohr.gov.my/masco/3253-02","2020","exact_normalized_title","high","379","https://www.dosm.gov.my/uploads/content-downloads/file_20220920110308.pdf#page=379","Current eMASCO D11 profile inherited for a MASCO 2020 identity; not 2020-specific task evidence; test only.","exact_occupation"
"M325305","Community Nurse Grade U19","325305","379","10","4","2","4","low","2","0.2","low","2","pending","research_pre_rating_only","inherited_current_emasco_profile","https://emasco.mohr.gov.my/masco/3253-03","M325303","325303","Community Nurse Grade U1","https://emasco.mohr.gov.my/masco/3253-03","2020","grade_reversion","high","379","https://www.dosm.gov.my/uploads/content-downloads/file_20220920110308.pdf#page=379","Current eMASCO D11 profile inherited for a MASCO 2020 identity; not 2020-specific task evidence; test only.","exact_occupation"
"M325505","Massage Therapist","325505","379","7","3","1","3","low","1","0.1429","low","2","pending","research_pre_rating_only","inherited_current_emasco_profile","https://emasco.mohr.gov.my/masco/3255-01","M325501","325501","Massage Therapist","https://emasco.mohr.gov.my/masco/3255-01","2020","exact_normalized_title","high","379","https://www.dosm.gov.my/uploads/content-downloads/file_20220920110308.pdf#page=379","Current eMASCO D11 profile inherited for a MASCO 2020 identity; not 2020-specific task evidence; test only.","exact_occupation"
"M325506","Physiotherapy Technician","325506","379","8","3","1","4","low","4","0.5","medium","2","pending","research_pre_rating_only","inherited_current_emasco_profile","https://emasco.mohr.gov.my/masco/3255-02","M325502","325502","Physiotherapy Technician","https://emasco.mohr.gov.my/masco/3255-02","2020","exact_normalized_title","high","379","https://www.dosm.gov.my/uploads/content-downloads/file_20220920110308.pdf#page=379","Current eMASCO D11 profile inherited for a MASCO 2020 identity; not 2020-specific task evidence; test only.","exact_occupation"
"M325601","Medical Laboratory Assistant","325601","379","7","2","1","4","low","3","0.4286","medium","2","pending","research_pre_rating_only","inherited_current_emasco_profile","https://emasco.mohr.gov.my/masco/3256-01","M325601","325601","Medical Laboratory Assistant","https://emasco.mohr.gov.my/masco/3256-01","2020","exact_normalized_title","high","379","https://www.dosm.gov.my/uploads/content-downloads/file_20220920110308.pdf#page=379","Current eMASCO D11 profile inherited for a MASCO 2020 identity; not 2020-specific task evidence; test only.","exact_occupation"
"M325602","Hospital Assistant","325602","379","7","3","1","3","low","3","0.4286","medium","2","pending","research_pre_rating_only","inherited_current_emasco_profile","https://emasco.mohr.gov.my/masco/3256-02","M325602","325602","Hospital Assistant","https://emasco.mohr.gov.my/masco/3256-02","2020","exact_normalized_title","high","379","https://www.dosm.gov.my/uploads/content-downloads/file_20220920110308.pdf#page=379","Current eMASCO D11 profile inherited for a MASCO 2020 identity; not 2020-specific task evidence; test only.","exact_occupation"
"M325606","Radiographist Equipment, Medical, General","325606","379","9","2","1","6","low","3","0.3333","medium","2","pending","research_pre_rating_only","inherited_current_emasco_profile","https://emasco.mohr.gov.my/masco/3256-03","M325603","325603","Diagnostic Imaging Equipment Technician","https://emasco.mohr.gov.my/masco/3256-03","2020","reviewed_functional_equivalent","medium","379","https://www.dosm.gov.my/uploads/content-downloads/file_20220920110308.pdf#page=379","Current eMASCO D11 profile inherited for a MASCO 2020 identity; not 2020-specific task evidence; test only.","exact_occupation"
"M325611","Sonographer","325611","379","7","2","1","4","low","2","0.2857","low","2","pending","research_pre_rating_only","inherited_current_emasco_profile","https://emasco.mohr.gov.my/masco/3256-04","M325604","325604","Sonographer","https://emasco.mohr.gov.my/masco/3256-04","2020","exact_normalized_title","high","379","https://www.dosm.gov.my/uploads/content-downloads/file_20220920110308.pdf#page=379","Current eMASCO D11 profile inherited for a MASCO 2020 identity; not 2020-specific task evidence; test only.","exact_occupation"
"M325613","Clinical Instructor","325613","379","7","2","1","4","low","2","0.2857","low","2","pending","research_pre_rating_only","inherited_current_emasco_profile","https://emasco.mohr.gov.my/masco/3256-05","M325605","325605","Clinical Instructor","https://emasco.mohr.gov.my/masco/3256-05","2020","exact_normalized_title","high","379","https://www.dosm.gov.my/uploads/content-downloads/file_20220920110308.pdf#page=379","Current eMASCO D11 profile inherited for a MASCO 2020 identity; not 2020-specific task evidence; test only.","exact_occupation"
"M325614","Ophthalmic Assistant","325614","379","8","1","0","7","medium","3","0.375","medium","2","pending","research_pre_rating_only","inherited_current_emasco_profile","https://emasco.mohr.gov.my/masco/3256-06","M325606","325606","Ophthalmic Assistant","https://emasco.mohr.gov.my/masco/3256-06","2020","exact_normalized_title","high","379","https://www.dosm.gov.my/uploads/content-downloads/file_20220920110308.pdf#page=379","Current eMASCO D11 profile inherited for a MASCO 2020 identity; not 2020-specific task evidence; test only.","exact_occupation"
"M325615","Assistant Medical Officer Grade U29","325615","379","5","1","0","4","medium","3","0.6","high","2","pending","research_pre_rating_only","inherited_current_emasco_profile","https://emasco.mohr.gov.my/masco/3256-07","M325607","325607","Assistant Medical Officer Grade U5","https://emasco.mohr.gov.my/masco/3256-07","2020","grade_reversion","high","379","https://www.dosm.gov.my/uploads/content-downloads/file_20220920110308.pdf#page=379","Current eMASCO D11 profile inherited for a MASCO 2020 identity; not 2020-specific task evidence; test only.","exact_occupation"
"M325703","Public Health Unit Inspector","325703","379","10","4","1","5","low","3","0.3","medium","2","pending","research_pre_rating_only","inherited_current_emasco_profile","https://emasco.mohr.gov.my/masco/3257-01","M325701","325701","Public Health Unit Inspector","https://emasco.mohr.gov.my/masco/3257-01","2020","exact_normalized_title","high","379","https://www.dosm.gov.my/uploads/content-downloads/file_20220920110308.pdf#page=379","Current eMASCO D11 profile inherited for a MASCO 2020 identity; not 2020-specific task evidence; test only.","exact_occupation"
"M325705","Occupational Safety and Health Inspector","325705","379","9","2","2","5","low","2","0.2222","low","2","pending","research_pre_rating_only","inherited_current_emasco_profile","https://emasco.mohr.gov.my/masco/3257-02","M325702","325702","Occupational Safety and Health Inspector","https://emasco.mohr.gov.my/masco/3257-02","2020","exact_normalized_title","high","379","https://www.dosm.gov.my/uploads/content-downloads/file_20220920110308.pdf#page=379","Current eMASCO D11 profile inherited for a MASCO 2020 identity; not 2020-specific task evidence; test only.","exact_occupation"
"M325712","Product Quality Inspector","325712","380","10","5","1","4","low","4","0.4","medium","2","pending","research_pre_rating_only","inherited_current_emasco_profile","https://emasco.mohr.gov.my/masco/3257-03","M325703","325703","Product Quality Inspector","https://emasco.mohr.gov.my/masco/3257-03","2020","exact_normalized_title","high","380","https://www.dosm.gov.my/uploads/content-downloads/file_20220920110308.pdf#page=380","Current eMASCO D11 profile inherited for a MASCO 2020 identity; not 2020-specific task evidence; test only.","exact_occupation"
"M325735","Water Inspector","325735","380","10","6","2","2","low","4","0.4","medium","2","pending","research_pre_rating_only","inherited_current_emasco_profile","https://emasco.mohr.gov.my/masco/3257-04","M325704","325704","Water Inspector","https://emasco.mohr.gov.my/masco/3257-04","2020","exact_normalized_title","high","380","https://www.dosm.gov.my/uploads/content-downloads/file_20220920110308.pdf#page=380","Current eMASCO D11 profile inherited for a MASCO 2020 identity; not 2020-specific task evidence; test only.","exact_occupation"
"M325736","Mine Safety Inspector","325736","380","9","2","1","6","low","1","0.1111","low","2","pending","research_pre_rating_only","inherited_current_emasco_profile","https://emasco.mohr.gov.my/masco/3257-05","M325705","325705","Mine Safety Inspector","https://emasco.mohr.gov.my/masco/3257-05","2020","exact_normalized_title","high","380","https://www.dosm.gov.my/uploads/content-downloads/file_20220920110308.pdf#page=380","Current eMASCO D11 profile inherited for a MASCO 2020 identity; not 2020-specific task evidence; test only.","exact_occupation"
"M325737","Mine Examiner","325737","380","10","3","1","6","low","1","0.1","low","2","pending","research_pre_rating_only","inherited_current_emasco_profile","https://emasco.mohr.gov.my/masco/3257-06","M325706","325706","Mine Examiner","https://emasco.mohr.gov.my/masco/3257-06","2020","exact_normalized_title","high","380","https://www.dosm.gov.my/uploads/content-downloads/file_20220920110308.pdf#page=380","Current eMASCO D11 profile inherited for a MASCO 2020 identity; not 2020-specific task evidence; test only.","exact_occupation"
"M325747","Assistant Food Technology Officer Grade C29","325747","380","8","4","3","1","low","5","0.625","high","2","pending","research_pre_rating_only","inherited_current_emasco_profile","https://emasco.mohr.gov.my/masco/3257-07","M325707","325707","Assistant Food Technology Officer Grade C5","https://emasco.mohr.gov.my/masco/3257-07","2020","grade_reversion","high","380","https://www.dosm.gov.my/uploads/content-downloads/file_20220920110308.pdf#page=380","Current eMASCO D11 profile inherited for a MASCO 2020 identity; not 2020-specific task evidence; test only.","exact_occupation"
"M325748","Assistant Environmental Health Officer Grade U29","325748","380","7","3","2","2","low","5","0.7143","high","2","pending","research_pre_rating_only","inherited_current_emasco_profile","https://emasco.mohr.gov.my/masco/3257-08","M325708","325708","Assistant Environmental Health Officer Grade U5","https://emasco.mohr.gov.my/masco/3257-08","2020","grade_reversion","high","380","https://www.dosm.gov.my/uploads/content-downloads/file_20220920110308.pdf#page=380","Current eMASCO D11 profile inherited for a MASCO 2020 identity; not 2020-specific task evidence; test only.","exact_occupation"
"M325749","Assistant Environmental Control Officer Grade C29","325749","380","10","2","1","7","low","4","0.4","medium","2","pending","research_pre_rating_only","inherited_current_emasco_profile","https://emasco.mohr.gov.my/masco/3257-09","M325709","325709","Assistant Environmental Control Officer Grade C5","https://emasco.mohr.gov.my/masco/3257-09","2020","grade_reversion","high","380","https://www.dosm.gov.my/uploads/content-downloads/file_20220920110308.pdf#page=380","Current eMASCO D11 profile inherited for a MASCO 2020 identity; not 2020-specific task evidence; test only.","exact_occupation"
"M325802","Ambulance Officer","325802","380","6","2","1","3","low","1","0.1667","low","2","pending","research_pre_rating_only","inherited_current_emasco_profile","https://emasco.mohr.gov.my/masco/3258-01","M325801","325801","Ambulance Officer","https://emasco.mohr.gov.my/masco/3258-01","2020","exact_normalized_title","high","380","https://www.dosm.gov.my/uploads/content-downloads/file_20220920110308.pdf#page=380","Current eMASCO D11 profile inherited for a MASCO 2020 identity; not 2020-specific task evidence; test only.","exact_occupation"
"M325805","Emergency Paramedic","325805","380","8","2","2","4","low","1","0.125","low","2","pending","research_pre_rating_only","inherited_current_emasco_profile","https://emasco.mohr.gov.my/masco/3258-02","M325802","325802","Emergency Paramedic","https://emasco.mohr.gov.my/masco/3258-02","2020","exact_normalized_title","high","380","https://www.dosm.gov.my/uploads/content-downloads/file_20220920110308.pdf#page=380","Current eMASCO D11 profile inherited for a MASCO 2020 identity; not 2020-specific task evidence; test only.","exact_occupation"
"M331401","Assistant Statistics Officer Grade E29","331401","381","8","6","1","1","low","7","0.875","high","2","pending","research_pre_rating_only","inherited_current_emasco_profile","https://emasco.mohr.gov.my/masco/3314-01","M331401","331401","Assistant Statistics Officer Grade E5","https://emasco.mohr.gov.my/masco/3314-01","2020","grade_reversion","high","381","https://www.dosm.gov.my/uploads/content-downloads/file_20220920110308.pdf#page=381","Current eMASCO D11 profile inherited for a MASCO 2020 identity; not 2020-specific task evidence; test only.","exact_occupation"
"M351101","Computer Technician Grade FT19","351101","384","9","5","0","4","medium","5","0.5556","medium","2","pending","research_pre_rating_only","inherited_current_emasco_profile","https://emasco.mohr.gov.my/masco/3511-07","M351107","351107","Computer Technician Grade FT1","https://emasco.mohr.gov.my/masco/3511-07","2020","grade_reversion","high","384","https://www.dosm.gov.my/uploads/content-downloads/file_20220920110308.pdf#page=384","Current eMASCO D11 profile inherited for a MASCO 2020 identity; not 2020-specific task evidence; test only.","exact_occupation"
"M351105","Computer Technician","351105","384","7","5","2","0","low","4","0.5714","medium","2","pending","research_pre_rating_only","inherited_current_emasco_profile","https://emasco.mohr.gov.my/masco/3511-01","M351101","351101","Computer Technician","https://emasco.mohr.gov.my/masco/3511-01","2020","exact_normalized_title","high","384","https://www.dosm.gov.my/uploads/content-downloads/file_20220920110308.pdf#page=384","Current eMASCO D11 profile inherited for a MASCO 2020 identity; not 2020-specific task evidence; test only.","exact_occupation"
"M351109","Electronic Data Processing Technician","351109","384","8","5","3","0","low","5","0.625","high","2","pending","research_pre_rating_only","inherited_current_emasco_profile","https://emasco.mohr.gov.my/masco/3511-02","M351102","351102","Electronic Data Processing Technician","https://emasco.mohr.gov.my/masco/3511-02","2020","exact_normalized_title","high","384","https://www.dosm.gov.my/uploads/content-downloads/file_20220920110308.pdf#page=384","Current eMASCO D11 profile inherited for a MASCO 2020 identity; not 2020-specific task evidence; test only.","exact_occupation"
"M351113","Semi-Conductor Technician","351113","385","8","0","5","3","low","2","0.25","low","2","pending","research_pre_rating_only","inherited_current_emasco_profile","https://emasco.mohr.gov.my/masco/3114-04","M311404","311404","Semi-Conductor Technician","https://emasco.mohr.gov.my/masco/3114-04","2020","exact_normalized_title","high","385","https://www.dosm.gov.my/uploads/content-downloads/file_20220920110308.pdf#page=385","Current eMASCO D11 profile inherited for a MASCO 2020 identity; not 2020-specific task evidence; test only.","exact_occupation"
"M351115","Information Technology Assistant","351115","385","9","6","2","1","low","5","0.5556","medium","2","pending","research_pre_rating_only","inherited_current_emasco_profile","https://emasco.mohr.gov.my/masco/3511-03","M351103","351103","Information Technology Assistant","https://emasco.mohr.gov.my/masco/3511-03","2020","exact_normalized_title","high","385","https://www.dosm.gov.my/uploads/content-downloads/file_20220920110308.pdf#page=385","Current eMASCO D11 profile inherited for a MASCO 2020 identity; not 2020-specific task evidence; test only.","exact_occupation"
"M351116","Computer Console Operator","351116","385","9","5","3","1","low","4","0.4444","medium","2","pending","research_pre_rating_only","inherited_current_emasco_profile","https://emasco.mohr.gov.my/masco/3511-04","M351104","351104","Computer Console Operator","https://emasco.mohr.gov.my/masco/3511-04","2020","exact_normalized_title","high","385","https://www.dosm.gov.my/uploads/content-downloads/file_20220920110308.pdf#page=385","Current eMASCO D11 profile inherited for a MASCO 2020 identity; not 2020-specific task evidence; test only.","exact_occupation"
"M351123","Engineering Assistant, Telecommunications","351123","385","7","3","2","2","low","2","0.2857","low","2","pending","research_pre_rating_only","inherited_current_emasco_profile","https://emasco.mohr.gov.my/masco/3511-05","M351105","351105","Engineering Assistant (Telecommunications)","https://emasco.mohr.gov.my/masco/3511-05","2020","exact_normalized_title","high","385","https://www.dosm.gov.my/uploads/content-downloads/file_20220920110308.pdf#page=385","Current eMASCO D11 profile inherited for a MASCO 2020 identity; not 2020-specific task evidence; test only.","exact_occupation"
"M351124","Supervisor, Management Information Systems","351124","385","9","6","0","3","medium","4","0.4444","medium","2","pending","research_pre_rating_only","inherited_current_emasco_profile","https://emasco.mohr.gov.my/masco/3511-06","M351106","351106","Management Information Systems Supervisor","https://emasco.mohr.gov.my/masco/3511-06","2020","title_variant","high","385","https://www.dosm.gov.my/uploads/content-downloads/file_20220920110308.pdf#page=385","Current eMASCO D11 profile inherited for a MASCO 2020 identity; not 2020-specific task evidence; test only.","exact_occupation"
"M351125","Assistant Information Technology Officer Grade FA29","351125","385","9","6","0","3","medium","7","0.7778","high","2","pending","research_pre_rating_only","inherited_current_emasco_profile","https://emasco.mohr.gov.my/masco/3511-08","M351108","351108","Assistant Information Technology Officer Grade FA5","https://emasco.mohr.gov.my/masco/3511-08","2020","grade_reversion","high","385","https://www.dosm.gov.my/uploads/content-downloads/file_20220920110308.pdf#page=385","Current eMASCO D11 profile inherited for a MASCO 2020 identity; not 2020-specific task evidence; test only.","exact_occupation"
"M351201","Computer Help Desk Technician","351201","385","7","4","0","3","medium","4","0.5714","medium","2","pending","research_pre_rating_only","inherited_current_emasco_profile","https://emasco.mohr.gov.my/masco/3512-01","M351201","351201","Computer Help Desk Technician","https://emasco.mohr.gov.my/masco/3512-01","2020","exact_normalized_title","high","385","https://www.dosm.gov.my/uploads/content-downloads/file_20220920110308.pdf#page=385","Current eMASCO D11 profile inherited for a MASCO 2020 identity; not 2020-specific task evidence; test only.","exact_occupation"
"M351203","Information Technology Technician","351203","385","8","6","1","1","low","4","0.5","medium","2","pending","research_pre_rating_only","inherited_current_emasco_profile","https://emasco.mohr.gov.my/masco/3512-02","M351202","351202","Information Technology Technician","https://emasco.mohr.gov.my/masco/3512-02","2020","exact_normalized_title","high","385","https://www.dosm.gov.my/uploads/content-downloads/file_20220920110308.pdf#page=385","Current eMASCO D11 profile inherited for a MASCO 2020 identity; not 2020-specific task evidence; test only.","exact_occupation"
"M351206","Computer Assistant","351206","385","5","3","1","1","low","3","0.6","high","2","pending","research_pre_rating_only","inherited_current_emasco_profile","https://emasco.mohr.gov.my/masco/3512-03","M351203","351203","Computer Assistant","https://emasco.mohr.gov.my/masco/3512-03","2020","exact_normalized_title","high","385","https://www.dosm.gov.my/uploads/content-downloads/file_20220920110308.pdf#page=385","Current eMASCO D11 profile inherited for a MASCO 2020 identity; not 2020-specific task evidence; test only.","exact_occupation"
"M351207","Communications Assistant (ICT)","351207","385","7","5","0","2","medium","3","0.4286","medium","2","pending","research_pre_rating_only","inherited_current_emasco_profile","https://emasco.mohr.gov.my/masco/3512-04","M351204","351204","Communications Assistant (ICT)","https://emasco.mohr.gov.my/masco/3512-04","2020","exact_normalized_title","high","385","https://www.dosm.gov.my/uploads/content-downloads/file_20220920110308.pdf#page=385","Current eMASCO D11 profile inherited for a MASCO 2020 identity; not 2020-specific task evidence; test only.","exact_occupation"
"M351208","Database Assistant","351208","385","6","5","0","1","medium","6","1.0","high","2","pending","research_pre_rating_only","inherited_current_emasco_profile","https://emasco.mohr.gov.my/masco/3512-05","M351205","351205","Database Assistant","https://emasco.mohr.gov.my/masco/3512-05","2020","exact_normalized_title","high","385","https://www.dosm.gov.my/uploads/content-downloads/file_20220920110308.pdf#page=385","Current eMASCO D11 profile inherited for a MASCO 2020 identity; not 2020-specific task evidence; test only.","exact_occupation"
"M351209","Computer Programming Assistant","351209","385","6","6","0","0","high","6","1.0","high","2","pending","research_pre_rating_only","inherited_current_emasco_profile","https://emasco.mohr.gov.my/masco/3512-06","M351206","351206","Computer Programming Assistant","https://emasco.mohr.gov.my/masco/3512-06","2020","exact_normalized_title","high","385","https://www.dosm.gov.my/uploads/content-downloads/file_20220920110308.pdf#page=385","Current eMASCO D11 profile inherited for a MASCO 2020 identity; not 2020-specific task evidence; test only.","exact_occupation"
"M351212","Call Centre Trainer","351212","385","8","3","1","4","low","2","0.25","low","2","pending","research_pre_rating_only","inherited_current_emasco_profile","https://emasco.mohr.gov.my/masco/3512-07","M351207","351207","Call Centre Trainer","https://emasco.mohr.gov.my/masco/3512-07","2020","exact_normalized_title","high","385","https://www.dosm.gov.my/uploads/content-downloads/file_20220920110308.pdf#page=385","Current eMASCO D11 profile inherited for a MASCO 2020 identity; not 2020-specific task evidence; test only.","exact_occupation"
"M351213","Data Centre Supervisor","351213","385","8","6","2","0","low","6","0.75","high","2","pending","research_pre_rating_only","inherited_current_emasco_profile","https://emasco.mohr.gov.my/masco/3512-08","M351208","351208","Data Centre Supervisor","https://emasco.mohr.gov.my/masco/3512-08","2020","exact_normalized_title","high","385","https://www.dosm.gov.my/uploads/content-downloads/file_20220920110308.pdf#page=385","Current eMASCO D11 profile inherited for a MASCO 2020 identity; not 2020-specific task evidence; test only.","exact_occupation"
"M351215","Technical Support Technician","351215","385","9","6","0","3","medium","4","0.4444","medium","2","pending","research_pre_rating_only","inherited_current_emasco_profile","https://emasco.mohr.gov.my/masco/3512-09","M351209","351209","Technical Support Technician","https://emasco.mohr.gov.my/masco/3512-09","2020","exact_normalized_title","high","385","https://www.dosm.gov.my/uploads/content-downloads/file_20220920110308.pdf#page=385","Current eMASCO D11 profile inherited for a MASCO 2020 identity; not 2020-specific task evidence; test only.","exact_occupation"
"M351301","Computer Network Technician","351301","385","6","3","0","3","medium","3","0.5","medium","2","pending","research_pre_rating_only","inherited_current_emasco_profile","https://emasco.mohr.gov.my/masco/3513-01","M351301","351301","Computer Network Technician","https://emasco.mohr.gov.my/masco/3513-01","2020","exact_normalized_title","high","385","https://www.dosm.gov.my/uploads/content-downloads/file_20220920110308.pdf#page=385","Current eMASCO D11 profile inherited for a MASCO 2020 identity; not 2020-specific task evidence; test only.","exact_occupation"
"M351303","Network Security Technician (ICT)","351303","385","9","4","1","4","low","4","0.4444","medium","2","pending","research_pre_rating_only","inherited_current_emasco_profile","https://emasco.mohr.gov.my/masco/3513-02","M351302","351302","Network Security Technician (ICT)","https://emasco.mohr.gov.my/masco/3513-02","2020","exact_normalized_title","high","385","https://www.dosm.gov.my/uploads/content-downloads/file_20220920110308.pdf#page=385","Current eMASCO D11 profile inherited for a MASCO 2020 identity; not 2020-specific task evidence; test only.","exact_occupation"
"M351402","Web Technician","351402","385","8","5","0","3","medium","5","0.625","high","2","pending","research_pre_rating_only","inherited_current_emasco_profile","https://emasco.mohr.gov.my/masco/3514-01","M351401","351401","Web Technician","https://emasco.mohr.gov.my/masco/3514-01","2020","exact_normalized_title","high","385","https://www.dosm.gov.my/uploads/content-downloads/file_20220920110308.pdf#page=385","Current eMASCO D11 profile inherited for a MASCO 2020 identity; not 2020-specific task evidence; test only.","exact_occupation"
"M352101","Audio-Visual Technician Grade N19","352101","385","4","0","2","2","low","2","0.5","medium","2","pending","research_pre_rating_only","inherited_current_emasco_profile","https://emasco.mohr.gov.my/masco/3521-11","M352111","352111","Audio-Visual Technician Grade N1, N2, N3, N4","https://emasco.mohr.gov.my/masco/3521-11","2020","grade_reversion","high","385","https://www.dosm.gov.my/uploads/content-downloads/file_20220920110308.pdf#page=385","Current eMASCO D11 profile inherited for a MASCO 2020 identity; not 2020-specific task evidence; test only.","exact_occupation"
"M352102","Cinematographer","352102","385","9","3","3","3","low","1","0.1111","low","2","pending","research_pre_rating_only","inherited_current_emasco_profile","https://emasco.mohr.gov.my/masco/3521-01","M352101","352101","Cinematographer","https://emasco.mohr.gov.my/masco/3521-01","2020","exact_normalized_title","high","385","https://www.dosm.gov.my/uploads/content-downloads/file_20220920110308.pdf#page=385","Current eMASCO D11 profile inherited for a MASCO 2020 identity; not 2020-specific task evidence; test only.","exact_occupation"
"M352105","Motion Picture Assistant","352105","386","6","2","2","2","low","4","0.6667","high","2","pending","research_pre_rating_only","inherited_current_emasco_profile","https://emasco.mohr.gov.my/masco/3521-02","M352102","352102","Motion Picture Assistant","https://emasco.mohr.gov.my/masco/3521-02","2020","exact_normalized_title","high","386","https://www.dosm.gov.my/uploads/content-downloads/file_20220920110308.pdf#page=386","Current eMASCO D11 profile inherited for a MASCO 2020 identity; not 2020-specific task evidence; test only.","exact_occupation"
"M352108","Sound Mixer","352108","386","7","0","2","5","low","3","0.4286","medium","2","pending","research_pre_rating_only","inherited_current_emasco_profile","https://emasco.mohr.gov.my/masco/3521-03","M352103","352103","Sound Mixer","https://emasco.mohr.gov.my/masco/3521-03","2020","exact_normalized_title","high","386","https://www.dosm.gov.my/uploads/content-downloads/file_20220920110308.pdf#page=386","Current eMASCO D11 profile inherited for a MASCO 2020 identity; not 2020-specific task evidence; test only.","exact_occupation"
"M352111","Ships Radio Officer","352111","386","7","5","2","0","low","1","0.1429","low","2","pending","research_pre_rating_only","inherited_current_emasco_profile","https://emasco.mohr.gov.my/masco/3521-04","M352104","352104","Ships Radio Officer","https://emasco.mohr.gov.my/masco/3521-04","2020","exact_normalized_title","high","386","https://www.dosm.gov.my/uploads/content-downloads/file_20220920110308.pdf#page=386","Current eMASCO D11 profile inherited for a MASCO 2020 identity; not 2020-specific task evidence; test only.","exact_occupation"
"M352112","Broadcast Technician","352112","386","9","2","3","4","low","4","0.4444","medium","2","pending","research_pre_rating_only","inherited_current_emasco_profile","https://emasco.mohr.gov.my/masco/3521-05","M352105","352105","Broadcast Technician","https://emasco.mohr.gov.my/masco/3521-05","2020","exact_normalized_title","high","386","https://www.dosm.gov.my/uploads/content-downloads/file_20220920110308.pdf#page=386","Current eMASCO D11 profile inherited for a MASCO 2020 identity; not 2020-specific task evidence; test only.","exact_occupation"
"M352116","Land-Base Radio Equipment Technician","352116","386","8","6","0","2","medium","4","0.5","medium","2","pending","research_pre_rating_only","inherited_current_emasco_profile","https://emasco.mohr.gov.my/masco/3521-06","M352106","352106","Land-Base Radio Equipment Technician","https://emasco.mohr.gov.my/masco/3521-06","2020","exact_normalized_title","high","386","https://www.dosm.gov.my/uploads/content-downloads/file_20220920110308.pdf#page=386","Current eMASCO D11 profile inherited for a MASCO 2020 identity; not 2020-specific task evidence; test only.","exact_occupation"
"M352117","Flight Radio Equipment Technician","352117","386","5","2","1","2","low","1","0.2","low","2","pending","research_pre_rating_only","inherited_current_emasco_profile","https://emasco.mohr.gov.my/masco/3521-07","M352107","352107","Flight Radio Equipment Technician","https://emasco.mohr.gov.my/masco/3521-07","2020","exact_normalized_title","high","386","https://www.dosm.gov.my/uploads/content-downloads/file_20220920110308.pdf#page=386","Current eMASCO D11 profile inherited for a MASCO 2020 identity; not 2020-specific task evidence; test only.","exact_occupation"
"M352123","Videographer","352123","386","7","2","3","2","low","1","0.1429","low","2","pending","research_pre_rating_only","inherited_current_emasco_profile","https://emasco.mohr.gov.my/masco/3521-08","M352108","352108","Videographer","https://emasco.mohr.gov.my/masco/3521-08","2020","exact_normalized_title","high","386","https://www.dosm.gov.my/uploads/content-downloads/file_20220920110308.pdf#page=386","Current eMASCO D11 profile inherited for a MASCO 2020 identity; not 2020-specific task evidence; test only.","exact_occupation"
"M352124","Assistant Telecommunications Engineer","352124","386","8","5","1","2","low","3","0.375","medium","2","pending","research_pre_rating_only","inherited_current_emasco_profile","https://emasco.mohr.gov.my/masco/3521-09","M352109","352109","Assistant Telecommunications Engineer","https://emasco.mohr.gov.my/masco/3521-09","2020","exact_normalized_title","high","386","https://www.dosm.gov.my/uploads/content-downloads/file_20220920110308.pdf#page=386","Current eMASCO D11 profile inherited for a MASCO 2020 identity; not 2020-specific task evidence; test only.","exact_occupation"
"M352204","Telecommunications Technician","352204","386","9","2","3","4","low","3","0.3333","medium","2","pending","research_pre_rating_only","inherited_current_emasco_profile","https://emasco.mohr.gov.my/masco/3522-01","M352201","352201","Telecommunications Technician","https://emasco.mohr.gov.my/masco/3522-01","2020","exact_normalized_title","high","386","https://www.dosm.gov.my/uploads/content-downloads/file_20220920110308.pdf#page=386","Current eMASCO D11 profile inherited for a MASCO 2020 identity; not 2020-specific task evidence; test only.","exact_occupation"
"M363201","Designer Grade B19","363201","388","10","5","2","3","low","7","0.7","high","2","pending","research_pre_rating_only","inherited_current_emasco_profile","https://emasco.mohr.gov.my/masco/3632-09","M363209","363209","Designer Grade B1","https://emasco.mohr.gov.my/masco/3632-09","2020","grade_reversion","high","388","https://www.dosm.gov.my/uploads/content-downloads/file_20220920110308.pdf#page=388","Current eMASCO D11 profile inherited for a MASCO 2020 identity; not 2020-specific task evidence; test only.","exact_occupation"
"M363202","Interior Designer","363202","388","8","5","0","3","medium","5","0.625","high","2","pending","research_pre_rating_only","inherited_current_emasco_profile","https://emasco.mohr.gov.my/masco/3632-01","M363201","363201","Interior Designer","https://emasco.mohr.gov.my/masco/3632-01","2020","exact_normalized_title","high","388","https://www.dosm.gov.my/uploads/content-downloads/file_20220920110308.pdf#page=388","Current eMASCO D11 profile inherited for a MASCO 2020 identity; not 2020-specific task evidence; test only.","exact_occupation"
"M363204","Poster Designer","363204","388","10","10","0","0","high","8","0.8","high","2","pending","research_pre_rating_only","inherited_current_emasco_profile","https://emasco.mohr.gov.my/masco/2166-02","M216602","216602","Poster Designer","https://emasco.mohr.gov.my/masco/2166-02","2020","exact_normalized_title","high","388","https://www.dosm.gov.my/uploads/content-downloads/file_20220920110308.pdf#page=388","Current eMASCO D11 profile inherited for a MASCO 2020 identity; not 2020-specific task evidence; test only.","exact_occupation"
"M363221","Carve Technician","363221","388","6","2","2","2","low","2","0.3333","medium","2","pending","research_pre_rating_only","inherited_current_emasco_profile","https://emasco.mohr.gov.my/masco/3632-06","M363206","363206","Carve Technician","https://emasco.mohr.gov.my/masco/3632-06","2020","exact_normalized_title","high","388","https://www.dosm.gov.my/uploads/content-downloads/file_20220920110308.pdf#page=388","Current eMASCO D11 profile inherited for a MASCO 2020 identity; not 2020-specific task evidence; test only.","exact_occupation"
"M363304","Gallery Technician","363304","389","9","2","0","7","medium","1","0.1111","low","2","pending","research_pre_rating_only","inherited_current_emasco_profile","https://emasco.mohr.gov.my/masco/3633-01","M363301","363301","Gallery/Museum Technician","https://emasco.mohr.gov.my/masco/3633-01","2020","combined_title_split","medium","389","https://www.dosm.gov.my/uploads/content-downloads/file_20220920110308.pdf#page=389","Current eMASCO D11 profile inherited for a MASCO 2020 identity; not 2020-specific task evidence; test only.","exact_occupation"
"M363305","Library Technician","363305","389","8","2","0","6","medium","3","0.375","medium","2","pending","research_pre_rating_only","inherited_current_emasco_profile","https://emasco.mohr.gov.my/masco/3633-02","M363302","363302","Library Technician","https://emasco.mohr.gov.my/masco/3633-02","2020","exact_normalized_title","high","389","https://www.dosm.gov.my/uploads/content-downloads/file_20220920110308.pdf#page=389","Current eMASCO D11 profile inherited for a MASCO 2020 identity; not 2020-specific task evidence; test only.","exact_occupation"
"M363306","Museum Technician","363306","389","9","2","0","7","medium","1","0.1111","low","2","pending","research_pre_rating_only","inherited_current_emasco_profile","https://emasco.mohr.gov.my/masco/3633-01","M363301","363301","Gallery/Museum Technician","https://emasco.mohr.gov.my/masco/3633-01","2020","combined_title_split","medium","389","https://www.dosm.gov.my/uploads/content-downloads/file_20220920110308.pdf#page=389","Current eMASCO D11 profile inherited for a MASCO 2020 identity; not 2020-specific task evidence; test only.","exact_occupation"
"M363414","Stage Technician","363414","389","8","1","7","0","low","3","0.375","medium","2","pending","research_pre_rating_only","inherited_current_emasco_profile","https://emasco.mohr.gov.my/masco/3634-01","M363401","363401","Stage/Broadcast Production Technician","https://emasco.mohr.gov.my/masco/3634-01","2020","reviewed_functional_equivalent","medium","389","https://www.dosm.gov.my/uploads/content-downloads/file_20220920110308.pdf#page=389","Current eMASCO D11 profile inherited for a MASCO 2020 identity; not 2020-specific task evidence; test only.","exact_occupation"
"M411126","Economic Affairs Assistant Grade E19","411126","391","10","5","0","5","medium","5","0.5","medium","2","pending","research_pre_rating_only","inherited_current_emasco_profile","https://emasco.mohr.gov.my/masco/4111-06","M411106","411106","Economic Affairs Assistant Grade E1","https://emasco.mohr.gov.my/masco/4111-06","2020","grade_reversion","high","391","https://www.dosm.gov.my/uploads/content-downloads/file_20220920110308.pdf#page=391","Current eMASCO D11 profile inherited for a MASCO 2020 identity; not 2020-specific task evidence; test only.","exact_occupation"
"M413209","Data Entry Clerk","413209","392","10","8","1","1","low","9","0.9","high","2","pending","research_pre_rating_only","inherited_current_emasco_profile","https://emasco.mohr.gov.my/masco/4132-02","M413202","413202","Data Entry Clerk","https://emasco.mohr.gov.my/masco/4132-02","2020","exact_normalized_title","high","392","https://www.dosm.gov.my/uploads/content-downloads/file_20220920110308.pdf#page=392","Current eMASCO D11 profile inherited for a MASCO 2020 identity; not 2020-specific task evidence; test only.","exact_occupation"
"M422602","Survey Interviewer","422602","393","9","4","1","4","low","4","0.4444","medium","2","pending","research_pre_rating_only","inherited_current_emasco_profile","https://emasco.mohr.gov.my/masco/4226-01","M422601","422601","Enumerator/Survey Interviewer","https://emasco.mohr.gov.my/masco/4226-01","2020","reviewed_functional_equivalent","medium","393","https://www.dosm.gov.my/uploads/content-downloads/file_20220920110308.pdf#page=393","Current eMASCO D11 profile inherited for a MASCO 2020 identity; not 2020-specific task evidence; test only.","exact_occupation"
"M431112","Auction Clerk","431112","394","9","4","0","5","medium","5","0.5556","medium","2","pending","research_pre_rating_only","inherited_current_emasco_profile","https://emasco.mohr.gov.my/masco/4311-01","M431101","431101","Auction Clerk","https://emasco.mohr.gov.my/masco/4311-01","2020","exact_normalized_title","high","394","https://www.dosm.gov.my/uploads/content-downloads/file_20220920110308.pdf#page=394","Current eMASCO D11 profile inherited for a MASCO 2020 identity; not 2020-specific task evidence; test only.","exact_occupation"
"M431114","Audit Clerk","431114","394","9","7","0","2","medium","6","0.6667","high","2","pending","research_pre_rating_only","inherited_current_emasco_profile","https://emasco.mohr.gov.my/masco/4311-02","M431102","431102","Audit Clerk","https://emasco.mohr.gov.my/masco/4311-02","2020","exact_normalized_title","high","394","https://www.dosm.gov.my/uploads/content-downloads/file_20220920110308.pdf#page=394","Current eMASCO D11 profile inherited for a MASCO 2020 identity; not 2020-specific task evidence; test only.","exact_occupation"
"M431115","Credit Control Clerk","431115","394","9","5","0","4","medium","6","0.6667","high","2","pending","research_pre_rating_only","inherited_current_emasco_profile","https://emasco.mohr.gov.my/masco/4311-03","M431103","431103","Credit Control Clerk","https://emasco.mohr.gov.my/masco/4311-03","2020","exact_normalized_title","high","394","https://www.dosm.gov.my/uploads/content-downloads/file_20220920110308.pdf#page=394","Current eMASCO D11 profile inherited for a MASCO 2020 identity; not 2020-specific task evidence; test only.","exact_occupation"
"M431118","Billing Clerk","431118","394","7","4","0","3","medium","6","0.8571","high","2","pending","research_pre_rating_only","inherited_current_emasco_profile","https://emasco.mohr.gov.my/masco/4311-04","M431104","431104","Billing Clerk","https://emasco.mohr.gov.my/masco/4311-04","2020","exact_normalized_title","high","394","https://www.dosm.gov.my/uploads/content-downloads/file_20220920110308.pdf#page=394","Current eMASCO D11 profile inherited for a MASCO 2020 identity; not 2020-specific task evidence; test only.","exact_occupation"
"M431119","Property Clerk","431119","394","8","7","0","1","medium","5","0.625","high","2","pending","research_pre_rating_only","inherited_current_emasco_profile","https://emasco.mohr.gov.my/masco/4311-05","M431105","431105","Property Clerk","https://emasco.mohr.gov.my/masco/4311-05","2020","exact_normalized_title","high","394","https://www.dosm.gov.my/uploads/content-downloads/file_20220920110308.pdf#page=394","Current eMASCO D11 profile inherited for a MASCO 2020 identity; not 2020-specific task evidence; test only.","exact_occupation"
"M431120","Cost Clerk","431120","394","10","7","0","3","medium","8","0.8","high","2","pending","research_pre_rating_only","inherited_current_emasco_profile","https://emasco.mohr.gov.my/masco/4311-06","M431106","431106","Cost Clerk","https://emasco.mohr.gov.my/masco/4311-06","2020","exact_normalized_title","high","394","https://www.dosm.gov.my/uploads/content-downloads/file_20220920110308.pdf#page=394","Current eMASCO D11 profile inherited for a MASCO 2020 identity; not 2020-specific task evidence; test only.","exact_occupation"
"M431123","Office Cash Clerk","431123","394","9","5","0","4","medium","5","0.5556","medium","2","pending","research_pre_rating_only","inherited_current_emasco_profile","https://emasco.mohr.gov.my/masco/4311-07","M431107","431107","Office Cash Clerk","https://emasco.mohr.gov.my/masco/4311-07","2020","exact_normalized_title","high","394","https://www.dosm.gov.my/uploads/content-downloads/file_20220920110308.pdf#page=394","Current eMASCO D11 profile inherited for a MASCO 2020 identity; not 2020-specific task evidence; test only.","exact_occupation"
"M431126","AuditAssistant Grade W19","431126","394","4","1","0","3","medium","1","0.25","low","2","pending","research_pre_rating_only","inherited_current_emasco_profile","https://emasco.mohr.gov.my/masco/4311-10","M431110","431110","Audit Assistant Grade W1","https://emasco.mohr.gov.my/masco/4311-10","2020","grade_reversion","high","394","https://www.dosm.gov.my/uploads/content-downloads/file_20220920110308.pdf#page=394","Current eMASCO D11 profile inherited for a MASCO 2020 identity; not 2020-specific task evidence; test only.","exact_occupation"
"M431132","Energy Audit Assistant Technician","431132","394","9","5","1","3","low","5","0.5556","medium","2","pending","research_pre_rating_only","inherited_current_emasco_profile","https://emasco.mohr.gov.my/masco/4311-08","M431108","431108","Energy Audit Assistant Technician","https://emasco.mohr.gov.my/masco/4311-08","2020","exact_normalized_title","high","394","https://www.dosm.gov.my/uploads/content-downloads/file_20220920110308.pdf#page=394","Current eMASCO D11 profile inherited for a MASCO 2020 identity; not 2020-specific task evidence; test only.","exact_occupation"
"M431201","Administrative Assistant (Finance) Grade W19","431201","394","10","2","0","8","medium","1","0.1","low","2","pending","research_pre_rating_only","inherited_current_emasco_profile","https://emasco.mohr.gov.my/masco/4312-18","M431218","431218","Administrative Assistant (Finance) Grade W1","https://emasco.mohr.gov.my/masco/4312-18","2020","grade_reversion","high","394","https://www.dosm.gov.my/uploads/content-downloads/file_20220920110308.pdf#page=394","Current eMASCO D11 profile inherited for a MASCO 2020 identity; not 2020-specific task evidence; test only.","exact_occupation"
"M431203","Statistical Clerk","431203","394","5","3","1","1","low","3","0.6","high","2","pending","research_pre_rating_only","inherited_current_emasco_profile","https://emasco.mohr.gov.my/masco/4312-01","M431201","431201","Statistical Clerk","https://emasco.mohr.gov.my/masco/4312-01","2020","exact_normalized_title","high","394","https://www.dosm.gov.my/uploads/content-downloads/file_20220920110308.pdf#page=394","Current eMASCO D11 profile inherited for a MASCO 2020 identity; not 2020-specific task evidence; test only.","exact_occupation"
"M431215","Finance Clerk","431215","394","8","5","1","2","low","5","0.625","high","2","pending","research_pre_rating_only","inherited_current_emasco_profile","https://emasco.mohr.gov.my/masco/4312-04","M431204","431204","Finance Clerk","https://emasco.mohr.gov.my/masco/4312-04","2020","exact_normalized_title","high","394","https://www.dosm.gov.my/uploads/content-downloads/file_20220920110308.pdf#page=394","Current eMASCO D11 profile inherited for a MASCO 2020 identity; not 2020-specific task evidence; test only.","exact_occupation"
"M431217","Brokerage Clerk","431217","394","6","6","0","0","high","5","0.8333","high","2","pending","research_pre_rating_only","inherited_current_emasco_profile","https://emasco.mohr.gov.my/masco/4312-05","M431205","431205","Brokerage Clerk","https://emasco.mohr.gov.my/masco/4312-05","2020","exact_normalized_title","high","394","https://www.dosm.gov.my/uploads/content-downloads/file_20220920110308.pdf#page=394","Current eMASCO D11 profile inherited for a MASCO 2020 identity; not 2020-specific task evidence; test only.","exact_occupation"
"M431218","Insurance clerk","431218","394","7","5","0","2","medium","4","0.5714","medium","2","pending","research_pre_rating_only","inherited_current_emasco_profile","https://emasco.mohr.gov.my/masco/4312-06","M431206","431206","Insurance Clerk","https://emasco.mohr.gov.my/masco/4312-06","2020","exact_normalized_title","high","394","https://www.dosm.gov.my/uploads/content-downloads/file_20220920110308.pdf#page=394","Current eMASCO D11 profile inherited for a MASCO 2020 identity; not 2020-specific task evidence; test only.","exact_occupation"
"M431219","Tax Clerk","431219","394","8","8","0","0","high","7","0.875","high","2","pending","research_pre_rating_only","inherited_current_emasco_profile","https://emasco.mohr.gov.my/masco/4312-07","M431207","431207","Tax Clerk","https://emasco.mohr.gov.my/masco/4312-07","2020","exact_normalized_title","high","394","https://www.dosm.gov.my/uploads/content-downloads/file_20220920110308.pdf#page=394","Current eMASCO D11 profile inherited for a MASCO 2020 identity; not 2020-specific task evidence; test only.","exact_occupation"
"M431220","Investment Clerk","431220","394","7","6","0","1","medium","5","0.7143","high","2","pending","research_pre_rating_only","inherited_current_emasco_profile","https://emasco.mohr.gov.my/masco/4312-08","M431208","431208","Investment Clerk","https://emasco.mohr.gov.my/masco/4312-08","2020","exact_normalized_title","high","394","https://www.dosm.gov.my/uploads/content-downloads/file_20220920110308.pdf#page=394","Current eMASCO D11 profile inherited for a MASCO 2020 identity; not 2020-specific task evidence; test only.","exact_occupation"
"M431221","Adjustment Clerk","431221","394","7","2","0","5","medium","3","0.4286","medium","2","pending","research_pre_rating_only","inherited_current_emasco_profile","https://emasco.mohr.gov.my/masco/4312-09","M431209","431209","Adjustment Clerk","https://emasco.mohr.gov.my/masco/4312-09","2020","exact_normalized_title","high","394","https://www.dosm.gov.my/uploads/content-downloads/file_20220920110308.pdf#page=394","Current eMASCO D11 profile inherited for a MASCO 2020 identity; not 2020-specific task evidence; test only.","exact_occupation"
"M431222","Stockbroker Clerk","431222","394","9","5","0","4","medium","4","0.4444","medium","2","pending","research_pre_rating_only","inherited_current_emasco_profile","https://emasco.mohr.gov.my/masco/4312-10","M431210","431210","Stockbroker Clerk","https://emasco.mohr.gov.my/masco/4312-10","2020","exact_normalized_title","high","394","https://www.dosm.gov.my/uploads/content-downloads/file_20220920110308.pdf#page=394","Current eMASCO D11 profile inherited for a MASCO 2020 identity; not 2020-specific task evidence; test only.","exact_occupation"
"M431224","Rating Clerk","431224","394","7","4","0","3","medium","5","0.7143","high","2","pending","research_pre_rating_only","inherited_current_emasco_profile","https://emasco.mohr.gov.my/masco/4312-11","M431211","431211","Rating Clerk","https://emasco.mohr.gov.my/masco/4312-11","2020","exact_normalized_title","high","394","https://www.dosm.gov.my/uploads/content-downloads/file_20220920110308.pdf#page=394","Current eMASCO D11 profile inherited for a MASCO 2020 identity; not 2020-specific task evidence; test only.","exact_occupation"
"M431225","Assistant Broker","431225","394","8","6","0","2","medium","3","0.375","medium","2","pending","research_pre_rating_only","inherited_current_emasco_profile","https://emasco.mohr.gov.my/masco/4312-12","M431212","431212","Assistant Broker","https://emasco.mohr.gov.my/masco/4312-12","2020","exact_normalized_title","high","394","https://www.dosm.gov.my/uploads/content-downloads/file_20220920110308.pdf#page=394","Current eMASCO D11 profile inherited for a MASCO 2020 identity; not 2020-specific task evidence; test only.","exact_occupation"
"M431227","Collateral Clerk","431227","394","6","6","0","0","high","6","1.0","high","2","pending","research_pre_rating_only","inherited_current_emasco_profile","https://emasco.mohr.gov.my/masco/4312-13","M431213","431213","Collateral Clerk","https://emasco.mohr.gov.my/masco/4312-13","2020","exact_normalized_title","high","394","https://www.dosm.gov.my/uploads/content-downloads/file_20220920110308.pdf#page=394","Current eMASCO D11 profile inherited for a MASCO 2020 identity; not 2020-specific task evidence; test only.","exact_occupation"
"M431228","Mortgage Clerk","431228","394","7","5","0","2","medium","5","0.7143","high","2","pending","research_pre_rating_only","inherited_current_emasco_profile","https://emasco.mohr.gov.my/masco/4312-14","M431214","431214","Mortgage Clerk","https://emasco.mohr.gov.my/masco/4312-14","2020","exact_normalized_title","high","394","https://www.dosm.gov.my/uploads/content-downloads/file_20220920110308.pdf#page=394","Current eMASCO D11 profile inherited for a MASCO 2020 identity; not 2020-specific task evidence; test only.","exact_occupation"
"M431231","Statistical Assistant Grade E19","431231","394","8","5","0","3","medium","5","0.625","high","2","pending","research_pre_rating_only","inherited_current_emasco_profile","https://emasco.mohr.gov.my/masco/4312-19","M431219","431219","Statistical Assistant Grade E1","https://emasco.mohr.gov.my/masco/4312-19","2020","grade_reversion","high","394","https://www.dosm.gov.my/uploads/content-downloads/file_20220920110308.pdf#page=394","Current eMASCO D11 profile inherited for a MASCO 2020 identity; not 2020-specific task evidence; test only.","exact_occupation"
"M431233","Actuarial Assistant","431233","395","7","6","0","1","medium","6","0.8571","high","2","pending","research_pre_rating_only","inherited_current_emasco_profile","https://emasco.mohr.gov.my/masco/4312-15","M431215","431215","Actuarial Assistant","https://emasco.mohr.gov.my/masco/4312-15","2020","exact_normalized_title","high","395","https://www.dosm.gov.my/uploads/content-downloads/file_20220920110308.pdf#page=395","Current eMASCO D11 profile inherited for a MASCO 2020 identity; not 2020-specific task evidence; test only.","exact_occupation"
"M522313","E-commerce Sales Clerk","522313","402","7","4","0","3","medium","2","0.2857","low","2","pending","research_pre_rating_only","inherited_current_emasco_profile","https://emasco.mohr.gov.my/masco/4312-16","M431216","431216","E-Commerce Assistant","https://emasco.mohr.gov.my/masco/4312-16","2020","reviewed_functional_equivalent","medium","402","https://www.dosm.gov.my/uploads/content-downloads/file_20220920110308.pdf#page=402","Current eMASCO D11 profile inherited for a MASCO 2020 identity; not 2020-specific task evidence; test only.","exact_occupation"
"M531208","Vocational Training Assistant DV19","531208","403","9","1","1","7","low","3","0.3333","medium","2","pending","research_pre_rating_only","inherited_current_emasco_profile","https://emasco.mohr.gov.my/masco/5312-04","M531204","531204","Vocational Training Assistant Grade DV1","https://emasco.mohr.gov.my/masco/5312-04","2020","grade_reversion","high","403","https://www.dosm.gov.my/uploads/content-downloads/file_20220920110308.pdf#page=403","Current eMASCO D11 profile inherited for a MASCO 2020 identity; not 2020-specific task evidence; test only.","exact_occupation"
"M531210","Vocational Training Assistant DV21","531210","403","9","1","1","7","low","3","0.3333","medium","2","pending","research_pre_rating_only","inherited_current_emasco_profile","https://emasco.mohr.gov.my/masco/5312-05","M531205","531205","Vocational Training Assistant Grade DV2","https://emasco.mohr.gov.my/masco/5312-05","2020","grade_reversion","high","403","https://www.dosm.gov.my/uploads/content-downloads/file_20220920110308.pdf#page=403","Current eMASCO D11 profile inherited for a MASCO 2020 identity; not 2020-specific task evidence; test only.","exact_occupation"
"M532102","Public Health Assistant Grade U19","532102","403","10","3","1","6","low","4","0.4","medium","2","pending","research_pre_rating_only","inherited_current_emasco_profile","https://emasco.mohr.gov.my/masco/5321-06","M532106","532106","Public Health Assistant Grade U1","https://emasco.mohr.gov.my/masco/5321-06","2020","grade_reversion","high","403","https://www.dosm.gov.my/uploads/content-downloads/file_20220920110308.pdf#page=403","Current eMASCO D11 profile inherited for a MASCO 2020 identity; not 2020-specific task evidence; test only.","exact_occupation"
"M818202","Boilerman","818202","431","9","3","2","4","low","2","0.2222","low","2","pending","research_pre_rating_only","inherited_current_emasco_profile","https://emasco.mohr.gov.my/masco/2182-04","M218204","218204","Competent Person (CP) - Boilerman","https://emasco.mohr.gov.my/masco/2182-04","2020","reviewed_functional_equivalent","medium","431","https://www.dosm.gov.my/uploads/content-downloads/file_20220920110308.pdf#page=431","Current eMASCO D11 profile inherited for a MASCO 2020 identity; not 2020-specific task evidence; test only.","exact_occupation"
"M818209","Engine Driver","818209","432","9","0","2","7","low","0","0.0","low","2","pending","research_pre_rating_only","inherited_current_emasco_profile","https://emasco.mohr.gov.my/masco/8182-02","M818202","818202","Competent Person (CP) - Internal Combustion Engine Driver","https://emasco.mohr.gov.my/masco/8182-02","2020","reviewed_functional_equivalent","medium","432","https://www.dosm.gov.my/uploads/content-downloads/file_20220920110308.pdf#page=432","Current eMASCO D11 profile inherited for a MASCO 2020 identity; not 2020-specific task evidence; test only.","exact_occupation"
"M821101","Assembler","821101","432","9","1","1","7","low","2","0.2222","low","2","pending","research_pre_rating_only","inherited_current_emasco_profile","https://emasco.mohr.gov.my/masco/8211-01","M821101","821101","Assembler","https://emasco.mohr.gov.my/masco/8211-01","2020","exact_normalized_title","high","432","https://www.dosm.gov.my/uploads/content-downloads/file_20220920110308.pdf#page=432","Current eMASCO D11 profile inherited for a MASCO 2020 identity; not 2020-specific task evidence; test only.","exact_occupation"
