"role_id","role_title","masco_code","masco_unit_group_code","chosen_esco_code","chosen_esco_title","chosen_esco_uri","mapping_relation","mapping_confidence","mapping_rationale","review_status","production_ready","masco_code_printed","chosen_esco_isco_group","d11_esco_code","d11_esco_comparison_codes","d11_esco_comparison_titles","previous_d13_esco_code","previous_d13_mapping_status","change_type","mapping_status","mapping_method","mapping_authority","title_match_type","title_match_score","score_interpretation","same_four_digit_group","use_in_role_skills","specialty_skills_complete","coverage_note","source_quality_flag","masco_source_url","esco_source_url","source_current_role_id","source_current_masco_code","source_current_role_title","source_current_url","masco_reference_version","masco2020_remap_method","masco2020_remap_confidence","masco2020_source_pdf_page","masco2020_source_url","profile_basis","source_d13_mapping_relation","source_d13_mapping_confidence","all_source_current_role_ids","source_d13_same_four_digit_group","title_match_evidence_basis"
"M112104","Chief Technical Officer","112104","1121","1330.3","chief technology officer","http://data.europa.eu/esco/occupation/7b1b5da8-573a-49bb-a38e-68725a949f4f","close_match","medium","Technical strategy and technology leadership align with chief technology officer.","test_only_project_mapping_not_human_validated","False","1121-04","1330","","","","","no_unique_exact_esco_title_match","new_mapping","project_close_match","curated_title_and_duty_decision","ReRouteHer project-derived; NOT an official MASCO-ESCO crosswalk","non_exact_title","0.851064","Inherited current-role retrieval score; not a probability or a new MASCO 2020 validation score.","False","True","Not established","ESCO skills inherited from one primary occupation. Essential/optional refers to ESCO, not a verified Malaysian requirement.","","https://www.dosm.gov.my/uploads/content-downloads/file_20220920110308.pdf#page=317","http://data.europa.eu/esco/occupation/7b1b5da8-573a-49bb-a38e-68725a949f4f","M112104","112104","Chief Technical Officer","https://emasco.mohr.gov.my/masco/1121-04","2020","exact_normalized_title","high","317","https://www.dosm.gov.my/uploads/content-downloads/file_20220920110308.pdf#page=317","Current eMASCO D11 profile inherited for a MASCO 2020 identity; not 2020-specific task evidence; test only.","close_match","medium","M112104","False","Original current-role title, not the remapped 2020 title; retained for comparison only."
"M121104","Budget Manager","121104","1211","1211.1.1","accounting manager","http://data.europa.eu/esco/occupation/04f39bfa-bc03-4480-98bc-b18ce4fe4b4b","inherited_test_proxy","low","Inherited current-role ESCO assignment, not independently revalidated for this MASCO 2020 identity. Budget planning, forecasting and expenditure control are the stated core duties; Budget Manager is the 2020 counterpart. Financial-accounting wording remains in the source-title audit. Original rationale: Accounting management selected as primary; budgeting is an additional component.","test_only_project_mapping_not_human_validated","False","1211-04","1211","","","","","no_unique_exact_esco_title_match","new_mapping","project_partial_proxy","curated_title_and_duty_decision","ReRouteHer project-derived; NOT an official MASCO-ESCO crosswalk","non_exact_title","0.848485","Inherited current-role retrieval score; not a probability or a new MASCO 2020 validation score.","True","True","Not established","ESCO skills inherited from one primary occupation. Essential/optional refers to ESCO, not a verified Malaysian requirement.","","https://www.dosm.gov.my/uploads/content-downloads/file_20220920110308.pdf#page=318","http://data.europa.eu/esco/occupation/04f39bfa-bc03-4480-98bc-b18ce4fe4b4b","M121101","121101","Budgeting/Financial Accounting Manager","https://emasco.mohr.gov.my/masco/1211-01","2020","reviewed_functional_equivalent","medium","318","https://www.dosm.gov.my/uploads/content-downloads/file_20220920110308.pdf#page=318","Current eMASCO D11 profile inherited for a MASCO 2020 identity; not 2020-specific task evidence; test only.","partial_proxy","low","M121101","True","Original current-role title, not the remapped 2020 title; retained for comparison only."
"M121106","Audit and Risk Management Manager","121106","1211","2412.3","corporate risk manager","http://data.europa.eu/esco/occupation/b09acdda-6680-49d1-a411-129610ee3bc0","partial_proxy","low","Organisation-wide risk and governance; audit management is only partly represented.","test_only_project_mapping_not_human_validated","False","1211-06","2412","","","","","no_unique_exact_esco_title_match","new_mapping","project_partial_proxy","curated_title_and_duty_decision","ReRouteHer project-derived; NOT an official MASCO-ESCO crosswalk","non_exact_title","0.636364","Inherited current-role retrieval score; not a probability or a new MASCO 2020 validation score.","False","True","Not established","ESCO skills inherited from one primary occupation. Essential/optional refers to ESCO, not a verified Malaysian requirement.","","https://www.dosm.gov.my/uploads/content-downloads/file_20220920110308.pdf#page=318","http://data.europa.eu/esco/occupation/b09acdda-6680-49d1-a411-129610ee3bc0","M121102","121102","Audit and Risk Management Manager","https://emasco.mohr.gov.my/masco/1211-02","2020","exact_normalized_title","high","318","https://www.dosm.gov.my/uploads/content-downloads/file_20220920110308.pdf#page=318","Current eMASCO D11 profile inherited for a MASCO 2020 identity; not 2020-specific task evidence; test only.","partial_proxy","low","M121102","False","Original current-role title, not the remapped 2020 title; retained for comparison only."
"M121107","Credit Manager","121107","1211","3312.3","credit manager","http://data.europa.eu/esco/occupation/32fafe2c-0099-4852-889e-46614ce9a9ae","close_match","high","Credit policy, lending control and credit-team management.","test_only_project_mapping_not_human_validated","False","1211-07","3312","","","","","no_unique_exact_esco_title_match","new_mapping","project_close_match","curated_title_and_duty_decision","ReRouteHer project-derived; NOT an official MASCO-ESCO crosswalk","exact_preferred_label","1","Inherited current-role retrieval score; not a probability or a new MASCO 2020 validation score.","False","True","Not established","ESCO skills inherited from one primary occupation. Essential/optional refers to ESCO, not a verified Malaysian requirement.","","https://www.dosm.gov.my/uploads/content-downloads/file_20220920110308.pdf#page=318","http://data.europa.eu/esco/occupation/32fafe2c-0099-4852-889e-46614ce9a9ae","M121103","121103","Credit Manager","https://emasco.mohr.gov.my/masco/1211-03","2020","exact_normalized_title","high","318","https://www.dosm.gov.my/uploads/content-downloads/file_20220920110308.pdf#page=318","Current eMASCO D11 profile inherited for a MASCO 2020 identity; not 2020-specific task evidence; test only.","close_match","high","M121103","False","Original current-role title, not the remapped 2020 title; retained for comparison only."
"M121108","Insurance Manager","121108","1211","1346.4","insurance agency manager","http://data.europa.eu/esco/occupation/594170bc-5663-40b0-97ef-c9f1ad51b2a0","broader_proxy","medium","Insurance operations management; exact organisational scope may differ.","test_only_project_mapping_not_human_validated","False","1211-08","1346","","","","","no_unique_exact_esco_title_match","new_mapping","project_broader_proxy","curated_title_and_duty_decision","ReRouteHer project-derived; NOT an official MASCO-ESCO crosswalk","non_exact_title","0.829268","Inherited current-role retrieval score; not a probability or a new MASCO 2020 validation score.","False","True","Not established","ESCO skills inherited from one primary occupation. Essential/optional refers to ESCO, not a verified Malaysian requirement.","","https://www.dosm.gov.my/uploads/content-downloads/file_20220920110308.pdf#page=318","http://data.europa.eu/esco/occupation/594170bc-5663-40b0-97ef-c9f1ad51b2a0","M121104","121104","Insurance Manager","https://emasco.mohr.gov.my/masco/1211-04","2020","exact_normalized_title","high","318","https://www.dosm.gov.my/uploads/content-downloads/file_20220920110308.pdf#page=318","Current eMASCO D11 profile inherited for a MASCO 2020 identity; not 2020-specific task evidence; test only.","broader_proxy","medium","M121104","False","Original current-role title, not the remapped 2020 title; retained for comparison only."
"M121109","Fund Manager","121109","1211","2412.7","investment fund manager","http://data.europa.eu/esco/occupation/b95bdbed-1e7e-482a-aa73-7bdbb3e36358","inherited_test_proxy","medium","Inherited current-role ESCO assignment, not independently revalidated for this MASCO 2020 identity. Fund and portfolio management denote the same investment-fund management occupation. Original rationale: Investment fund and portfolio management.","test_only_project_mapping_not_human_validated","False","1211-09","2412","","","","","no_unique_exact_esco_title_match","new_mapping","project_close_match","curated_title_and_duty_decision","ReRouteHer project-derived; NOT an official MASCO-ESCO crosswalk","non_exact_title","0.85","Inherited current-role retrieval score; not a probability or a new MASCO 2020 validation score.","False","True","Not established","ESCO skills inherited from one primary occupation. Essential/optional refers to ESCO, not a verified Malaysian requirement.","","https://www.dosm.gov.my/uploads/content-downloads/file_20220920110308.pdf#page=318","http://data.europa.eu/esco/occupation/b95bdbed-1e7e-482a-aa73-7bdbb3e36358","M121105","121105","Fund/Portfolio Manager","https://emasco.mohr.gov.my/masco/1211-05","2020","reviewed_functional_equivalent","medium","318","https://www.dosm.gov.my/uploads/content-downloads/file_20220920110308.pdf#page=318","Current eMASCO D11 profile inherited for a MASCO 2020 identity; not 2020-specific task evidence; test only.","close_match","medium","M121105","False","Original current-role title, not the remapped 2020 title; retained for comparison only."
"M121114","Tax Manager","121114","1211","2411.1.12","tax advisor","http://data.europa.eu/esco/occupation/59c22779-4d89-4bc9-ba8b-d64bea236723","broader_proxy","medium","Tax advisory and compliance proxy; managerial level and transfer-pricing specialty need local enrichment.","test_only_project_mapping_not_human_validated","False","1211-14","2411","","","","","no_unique_exact_esco_title_match","new_mapping","project_broader_proxy","curated_title_and_duty_decision","ReRouteHer project-derived; NOT an official MASCO-ESCO crosswalk","non_exact_title","0.695652","Inherited current-role retrieval score; not a probability or a new MASCO 2020 validation score.","False","True","Not established","ESCO skills inherited from one primary occupation. Essential/optional refers to ESCO, not a verified Malaysian requirement.","","https://www.dosm.gov.my/uploads/content-downloads/file_20220920110308.pdf#page=318","http://data.europa.eu/esco/occupation/59c22779-4d89-4bc9-ba8b-d64bea236723","M121107","121107","Tax Manager","https://emasco.mohr.gov.my/masco/1211-07","2020","exact_normalized_title","high","318","https://www.dosm.gov.my/uploads/content-downloads/file_20220920110308.pdf#page=318","Current eMASCO D11 profile inherited for a MASCO 2020 identity; not 2020-specific task evidence; test only.","broader_proxy","medium","M121107","False","Original current-role title, not the remapped 2020 title; retained for comparison only."
"M121115","Claim Manager","121115","1211","1346.5","insurance claims manager","http://data.europa.eu/esco/occupation/942211c1-b534-4a14-ae85-38ea44c2d14b","close_match","medium","Insurance claims management.","test_only_project_mapping_not_human_validated","False","1211-15","1346","","","","","no_unique_exact_esco_title_match","new_mapping","project_close_match","curated_title_and_duty_decision","ReRouteHer project-derived; NOT an official MASCO-ESCO crosswalk","exact_alternate_label","1","Inherited current-role retrieval score; not a probability or a new MASCO 2020 validation score.","False","True","Not established","ESCO skills inherited from one primary occupation. Essential/optional refers to ESCO, not a verified Malaysian requirement.","","https://www.dosm.gov.my/uploads/content-downloads/file_20220920110308.pdf#page=318","http://data.europa.eu/esco/occupation/942211c1-b534-4a14-ae85-38ea44c2d14b","M121108","121108","Claims Manager","https://emasco.mohr.gov.my/masco/1211-08","2020","title_variant","high","318","https://www.dosm.gov.my/uploads/content-downloads/file_20220920110308.pdf#page=318","Current eMASCO D11 profile inherited for a MASCO 2020 identity; not 2020-specific task evidence; test only.","close_match","medium","M121108","False","Original current-role title, not the remapped 2020 title; retained for comparison only."
"M121123","Actuarial Valuation Manager","121123","1211","2120.1","actuarial consultant","http://data.europa.eu/esco/occupation/068c2787-58ff-468e-bbb6-c4e5dd6ee482","broader_proxy","medium","Actuarial valuation work; management responsibility is not fully represented.","test_only_project_mapping_not_human_validated","False","1211-23","2120","","","","","no_unique_exact_esco_title_match","new_mapping","project_broader_proxy","curated_title_and_duty_decision","ReRouteHer project-derived; NOT an official MASCO-ESCO crosswalk","non_exact_title","0.64","Inherited current-role retrieval score; not a probability or a new MASCO 2020 validation score.","False","True","Not established","ESCO skills inherited from one primary occupation. Essential/optional refers to ESCO, not a verified Malaysian requirement.","","https://www.dosm.gov.my/uploads/content-downloads/file_20220920110308.pdf#page=318","http://data.europa.eu/esco/occupation/068c2787-58ff-468e-bbb6-c4e5dd6ee482","M121109","121109","Actuarial Valuation Manager","https://emasco.mohr.gov.my/masco/1211-09","2020","exact_normalized_title","high","318","https://www.dosm.gov.my/uploads/content-downloads/file_20220920110308.pdf#page=318","Current eMASCO D11 profile inherited for a MASCO 2020 identity; not 2020-specific task evidence; test only.","broader_proxy","medium","M121109","False","Original current-role title, not the remapped 2020 title; retained for comparison only."
"M121205","Occupational Safety and Health Manager","121205","1212","1213.7","health safety and environmental manager","http://data.europa.eu/esco/occupation/57e87533-e523-4ee5-bf21-94a39fcc279b","close_match","medium","Management of workplace health, safety and environmental programmes.","test_only_project_mapping_not_human_validated","False","1212-05","1213","","","","","no_unique_exact_esco_title_match","new_mapping","project_close_match","curated_title_and_duty_decision","ReRouteHer project-derived; NOT an official MASCO-ESCO crosswalk","non_exact_title","0.649351","Inherited current-role retrieval score; not a probability or a new MASCO 2020 validation score.","False","True","Not established","ESCO skills inherited from one primary occupation. Essential/optional refers to ESCO, not a verified Malaysian requirement.","","https://www.dosm.gov.my/uploads/content-downloads/file_20220920110308.pdf#page=318","http://data.europa.eu/esco/occupation/57e87533-e523-4ee5-bf21-94a39fcc279b","M121202","121202","Occupational Safety and Health Manager","https://emasco.mohr.gov.my/masco/1212-02","2020","exact_normalized_title","high","318","https://www.dosm.gov.my/uploads/content-downloads/file_20220920110308.pdf#page=318","Current eMASCO D11 profile inherited for a MASCO 2020 identity; not 2020-specific task evidence; test only.","close_match","medium","M121202","False","Original current-role title, not the remapped 2020 title; retained for comparison only."
"M121411","Supply Chain Manager","121411","1214","1324.8","supply chain manager","http://data.europa.eu/esco/occupation/aacc3918-b5d3-484b-9480-5d29aa550d74","inherited_test_proxy","low","Inherited current-role ESCO assignment, not independently revalidated for this MASCO 2020 identity. Current title explicitly combines supply-chain and logistics management; retain the two printed 2020 identities. Original rationale: Supply-chain and logistics planning and coordination.","test_only_project_mapping_not_human_validated","False","1214-11","1324","","","","","no_unique_exact_esco_title_match","new_mapping","project_close_match","curated_title_and_duty_decision","ReRouteHer project-derived; NOT an official MASCO-ESCO crosswalk","non_exact_title","0.727273","Inherited current-role retrieval score; not a probability or a new MASCO 2020 validation score.","False","True","Not established","ESCO skills inherited from one primary occupation. Essential/optional refers to ESCO, not a verified Malaysian requirement.","","https://www.dosm.gov.my/uploads/content-downloads/file_20220920110308.pdf#page=319","http://data.europa.eu/esco/occupation/aacc3918-b5d3-484b-9480-5d29aa550d74","M121404","121404","Supply Chain and Logistics Management Manager","https://emasco.mohr.gov.my/masco/1214-04","2020","combined_title_split","medium","319","https://www.dosm.gov.my/uploads/content-downloads/file_20220920110308.pdf#page=319","Current eMASCO D11 profile inherited for a MASCO 2020 identity; not 2020-specific task evidence; test only.","close_match","medium","M121404","False","Original current-role title, not the remapped 2020 title; retained for comparison only."
"M121416","Technology Manager","121416","1214","1330.5","ICT operations manager","http://data.europa.eu/esco/occupation/f0ca39a8-1e30-487c-95f9-ef2d5e734adc","broader_proxy","medium","D11 description concerns IT infrastructure and services, not generic product technology.","test_only_project_mapping_not_human_validated","False","1214-16","1330","","","","","no_unique_exact_esco_title_match","new_mapping","project_broader_proxy","curated_title_and_duty_decision","ReRouteHer project-derived; NOT an official MASCO-ESCO crosswalk","non_exact_title","0.585366","Inherited current-role retrieval score; not a probability or a new MASCO 2020 validation score.","False","True","Not established","ESCO skills inherited from one primary occupation. Essential/optional refers to ESCO, not a verified Malaysian requirement.","","https://www.dosm.gov.my/uploads/content-downloads/file_20220920110308.pdf#page=319","http://data.europa.eu/esco/occupation/f0ca39a8-1e30-487c-95f9-ef2d5e734adc","M121408","121408","Technology Manager","https://emasco.mohr.gov.my/masco/1214-08","2020","exact_normalized_title","high","319","https://www.dosm.gov.my/uploads/content-downloads/file_20220920110308.pdf#page=319","Current eMASCO D11 profile inherited for a MASCO 2020 identity; not 2020-specific task evidence; test only.","broader_proxy","medium","M121408","False","Original current-role title, not the remapped 2020 title; retained for comparison only."
"M122301","Research and Development Manager","122301","1223","1223.2","research and development manager","http://data.europa.eu/esco/occupation/73ceb2f9-18e3-4cfe-9c06-e9fb31ece440","close_match","high","Research and development leadership, not a narrower product-manager alias.","test_only_project_mapping_not_human_validated","False","1223-01","1223","","","","1223.2","unique_exact_preferred_title_same_isco_group","retained_mapping","project_close_match","curated_title_and_duty_decision","ReRouteHer project-derived; NOT an official MASCO-ESCO crosswalk","exact_preferred_label","1","Inherited current-role retrieval score; not a probability or a new MASCO 2020 validation score.","True","True","Not established","ESCO skills inherited from one primary occupation. Essential/optional refers to ESCO, not a verified Malaysian requirement.","","https://www.dosm.gov.my/uploads/content-downloads/file_20220920110308.pdf#page=320","http://data.europa.eu/esco/occupation/73ceb2f9-18e3-4cfe-9c06-e9fb31ece440","M122301","122301","Research and Development Manager","https://emasco.mohr.gov.my/masco/1223-01","2020","exact_normalized_title","high","320","https://www.dosm.gov.my/uploads/content-downloads/file_20220920110308.pdf#page=320","Current eMASCO D11 profile inherited for a MASCO 2020 identity; not 2020-specific task evidence; test only.","close_match","high","M122301","True","Original current-role title, not the remapped 2020 title; retained for comparison only."
"M131102","Forestry Manager","131102","1311","1311.1","forester","http://data.europa.eu/esco/occupation/f04eaeff-52f5-4d52-93ad-6f846884827f","close_match","medium","ESCO alternate title matches the cleaned MASCO title; national qualifications and full task scope are not assumed equivalent.","test_only_project_mapping_not_human_validated","False","1311-02","1311","","","","1311.1","unique_exact_alternate_title_same_isco_group","retained_mapping","project_close_match","reviewed_existing_or_retrieved_candidate","ReRouteHer project-derived; NOT an official MASCO-ESCO crosswalk","exact_alternate_label","1","Inherited current-role retrieval score; not a probability or a new MASCO 2020 validation score.","True","True","Not established","ESCO skills inherited from one primary occupation. Essential/optional refers to ESCO, not a verified Malaysian requirement.","","https://www.dosm.gov.my/uploads/content-downloads/file_20220920110308.pdf#page=320","http://data.europa.eu/esco/occupation/f04eaeff-52f5-4d52-93ad-6f846884827f","M131101","131101","Forestry Manager","https://emasco.mohr.gov.my/masco/1311-01","2020","exact_normalized_title","high","320","https://www.dosm.gov.my/uploads/content-downloads/file_20220920110308.pdf#page=320","Current eMASCO D11 profile inherited for a MASCO 2020 identity; not 2020-specific task evidence; test only.","close_match","medium","M131101","True","Original current-role title, not the remapped 2020 title; retained for comparison only."
"M131106","Agricultural Manager","131106","1311","6130.1","farm manager","http://data.europa.eu/esco/occupation/4552095e-3396-4831-86ad-4fc34ec39a19","broader_proxy","medium","Agricultural production and farm operations management.","test_only_project_mapping_not_human_validated","False","1311-06","6130","","","","","no_unique_exact_esco_title_match","new_mapping","project_broader_proxy","curated_title_and_duty_decision","ReRouteHer project-derived; NOT an official MASCO-ESCO crosswalk","exact_alternate_label","1","Inherited current-role retrieval score; not a probability or a new MASCO 2020 validation score.","False","True","Not established","ESCO skills inherited from one primary occupation. Essential/optional refers to ESCO, not a verified Malaysian requirement.","","https://www.dosm.gov.my/uploads/content-downloads/file_20220920110308.pdf#page=320","http://data.europa.eu/esco/occupation/4552095e-3396-4831-86ad-4fc34ec39a19","M131102","131102","Agricultural Manager","https://emasco.mohr.gov.my/masco/1311-02","2020","exact_normalized_title","high","320","https://www.dosm.gov.my/uploads/content-downloads/file_20220920110308.pdf#page=320","Current eMASCO D11 profile inherited for a MASCO 2020 identity; not 2020-specific task evidence; test only.","broader_proxy","medium","M131102","False","Original current-role title, not the remapped 2020 title; retained for comparison only."
"M131111","Veterinary Manager","131111","1311","1120.1","animal facility manager","http://data.europa.eu/esco/occupation/93dfef83-579c-4bef-b0ba-d41ee9cbda85","partial_proxy","low","Animal-facility operations and staff management; veterinary clinical oversight requires enrichment. D11 task text appears to describe turf maintenance and is excluded from this decision.","test_only_project_mapping_not_human_validated","False","1311-11","1120","","","","","no_unique_exact_esco_title_match","new_mapping","project_partial_proxy","curated_title_and_duty_decision","ReRouteHer project-derived; NOT an official MASCO-ESCO crosswalk","non_exact_title","0.487805","Inherited current-role retrieval score; not a probability or a new MASCO 2020 validation score.","False","True","Not established","ESCO skills inherited from one primary occupation. Essential/optional refers to ESCO, not a verified Malaysian requirement.","D11 task_summary describes turf maintenance whereas the title/description concerns veterinary management. Mapping uses title and description only.","https://www.dosm.gov.my/uploads/content-downloads/file_20220920110308.pdf#page=320","http://data.europa.eu/esco/occupation/93dfef83-579c-4bef-b0ba-d41ee9cbda85","M131103","131103","Veterinary Manager","https://emasco.mohr.gov.my/masco/1311-03","2020","exact_normalized_title","high","320","https://www.dosm.gov.my/uploads/content-downloads/file_20220920110308.pdf#page=320","Current eMASCO D11 profile inherited for a MASCO 2020 identity; not 2020-specific task evidence; test only.","partial_proxy","low","M131103","False","Original current-role title, not the remapped 2020 title; retained for comparison only."
"M131114","Field Manager, Grass","131114","1311","6113.3","horticulture production team leader","http://data.europa.eu/esco/occupation/8e24c53a-9dc6-46d1-986b-48a93f20df2a","partial_proxy","low","Turf maintenance and field-team supervision; horticulture proxy does not imply a tree-only occupation.","test_only_project_mapping_not_human_validated","False","1311-14","6113","","","","","no_unique_exact_esco_title_match","new_mapping","project_partial_proxy","curated_title_and_duty_decision","ReRouteHer project-derived; NOT an official MASCO-ESCO crosswalk","non_exact_title","0.444444","Inherited current-role retrieval score; not a probability or a new MASCO 2020 validation score.","False","True","Not established","ESCO skills inherited from one primary occupation. Essential/optional refers to ESCO, not a verified Malaysian requirement.","","https://www.dosm.gov.my/uploads/content-downloads/file_20220920110308.pdf#page=320","http://data.europa.eu/esco/occupation/8e24c53a-9dc6-46d1-986b-48a93f20df2a","M131104","131104","Field Manager (Grass)","https://emasco.mohr.gov.my/masco/1311-04","2020","exact_normalized_title","high","320","https://www.dosm.gov.my/uploads/content-downloads/file_20220920110308.pdf#page=320","Current eMASCO D11 profile inherited for a MASCO 2020 identity; not 2020-specific task evidence; test only.","partial_proxy","low","M131104","False","Original current-role title, not the remapped 2020 title; retained for comparison only."
"M131202","Production and Operation Manager, Fishery","131202","1312","1312.3","aquaculture production manager","http://data.europa.eu/esco/occupation/5945cba8-19a4-4632-8a8f-4186e2bad1a3","inherited_test_proxy","low","Inherited current-role ESCO assignment, not independently revalidated for this MASCO 2020 identity. Current combined role names both fishery production/operation and aquaculture production management. Original rationale: Aquaculture production management.","test_only_project_mapping_not_human_validated","False","1312-02","1312","","","","","no_unique_exact_esco_title_match","new_mapping","project_close_match","curated_title_and_duty_decision","ReRouteHer project-derived; NOT an official MASCO-ESCO crosswalk","non_exact_title","0.714286","Inherited current-role retrieval score; not a probability or a new MASCO 2020 validation score.","True","True","Not established","ESCO skills inherited from one primary occupation. Essential/optional refers to ESCO, not a verified Malaysian requirement.","","https://www.dosm.gov.my/uploads/content-downloads/file_20220920110308.pdf#page=320","http://data.europa.eu/esco/occupation/5945cba8-19a4-4632-8a8f-4186e2bad1a3","M131201","131201","Aquaculture and Fisheries Production/Operation Manager","https://emasco.mohr.gov.my/masco/1312-01","2020","combined_title_split","medium","320","https://www.dosm.gov.my/uploads/content-downloads/file_20220920110308.pdf#page=320","Current eMASCO D11 profile inherited for a MASCO 2020 identity; not 2020-specific task evidence; test only.","close_match","medium","M131201","True","Original current-role title, not the remapped 2020 title; retained for comparison only."
"M131203","Aquaculture Production Manager","131203","1312","1312.3","aquaculture production manager","http://data.europa.eu/esco/occupation/5945cba8-19a4-4632-8a8f-4186e2bad1a3","inherited_test_proxy","low","Inherited current-role ESCO assignment, not independently revalidated for this MASCO 2020 identity. Current combined role names both fishery production/operation and aquaculture production management. Original rationale: Aquaculture production management.","test_only_project_mapping_not_human_validated","False","1312-03","1312","","","","","no_unique_exact_esco_title_match","new_mapping","project_close_match","curated_title_and_duty_decision","ReRouteHer project-derived; NOT an official MASCO-ESCO crosswalk","non_exact_title","0.714286","Inherited current-role retrieval score; not a probability or a new MASCO 2020 validation score.","True","True","Not established","ESCO skills inherited from one primary occupation. Essential/optional refers to ESCO, not a verified Malaysian requirement.","","https://www.dosm.gov.my/uploads/content-downloads/file_20220920110308.pdf#page=320","http://data.europa.eu/esco/occupation/5945cba8-19a4-4632-8a8f-4186e2bad1a3","M131201","131201","Aquaculture and Fisheries Production/Operation Manager","https://emasco.mohr.gov.my/masco/1312-01","2020","combined_title_split","medium","320","https://www.dosm.gov.my/uploads/content-downloads/file_20220920110308.pdf#page=320","Current eMASCO D11 profile inherited for a MASCO 2020 identity; not 2020-specific task evidence; test only.","close_match","medium","M131201","True","Original current-role title, not the remapped 2020 title; retained for comparison only."
"M132101","Manufacturing Manager","132101","1321","1321.2","manufacturing manager","http://data.europa.eu/esco/occupation/6426ada1-4d8c-4612-99e3-91bc569805ee","close_match","high","Preferred occupation title matches after removing Malaysian grade/competency wrappers.","test_only_project_mapping_not_human_validated","False","1321-01","1321","","","","1321.2","unique_exact_preferred_title_same_isco_group","retained_mapping","project_close_match","unique_cleaned_preferred_label","ReRouteHer project-derived; NOT an official MASCO-ESCO crosswalk","exact_preferred_label","1","Inherited current-role retrieval score; not a probability or a new MASCO 2020 validation score.","True","True","Not established","ESCO skills inherited from one primary occupation. Essential/optional refers to ESCO, not a verified Malaysian requirement.","","https://www.dosm.gov.my/uploads/content-downloads/file_20220920110308.pdf#page=320","http://data.europa.eu/esco/occupation/6426ada1-4d8c-4612-99e3-91bc569805ee","M132101","132101","Manufacturing Manager","https://emasco.mohr.gov.my/masco/1321-01","2020","exact_normalized_title","high","320","https://www.dosm.gov.my/uploads/content-downloads/file_20220920110308.pdf#page=320","Current eMASCO D11 profile inherited for a MASCO 2020 identity; not 2020-specific task evidence; test only.","close_match","high","M132101","True","Original current-role title, not the remapped 2020 title; retained for comparison only."
"M132102","Production and Operation Manager, Manufacturing","132102","1321","1321.2.1","industrial production manager","http://data.europa.eu/esco/occupation/eb9479c6-5fdf-4f45-ace4-28b547b8c7e5","inherited_test_proxy","medium","Inherited current-role ESCO assignment, not independently revalidated for this MASCO 2020 identity. Manufacturing production management corresponds to the 2020 production-and-operation manager, manufacturing. Original rationale: Industrial production management.","test_only_project_mapping_not_human_validated","False","1321-02","1321","","","","","no_unique_exact_esco_title_match","new_mapping","project_close_match","curated_title_and_duty_decision","ReRouteHer project-derived; NOT an official MASCO-ESCO crosswalk","non_exact_title","0.75","Inherited current-role retrieval score; not a probability or a new MASCO 2020 validation score.","True","True","Not established","ESCO skills inherited from one primary occupation. Essential/optional refers to ESCO, not a verified Malaysian requirement.","","https://www.dosm.gov.my/uploads/content-downloads/file_20220920110308.pdf#page=320","http://data.europa.eu/esco/occupation/eb9479c6-5fdf-4f45-ace4-28b547b8c7e5","M132104","132104","Production Manager (Manufacturing)","https://emasco.mohr.gov.my/masco/1321-04","2020","reviewed_functional_equivalent","medium","320","https://www.dosm.gov.my/uploads/content-downloads/file_20220920110308.pdf#page=320","Current eMASCO D11 profile inherited for a MASCO 2020 identity; not 2020-specific task evidence; test only.","close_match","medium","M132104","True","Original current-role title, not the remapped 2020 title; retained for comparison only."
"M132104","Electrical Manager","132104","1321","3123.1.11","electrical supervisor","http://data.europa.eu/esco/occupation/8862c29b-3810-4fbc-85c7-c9ee87535f73","partial_proxy","low","Electrical work supervision; ESCO supervisory seniority is below the managerial title.","test_only_project_mapping_not_human_validated","False","1321-04","3123","","","","","no_unique_exact_esco_title_match","new_mapping","project_partial_proxy","curated_title_and_duty_decision","ReRouteHer project-derived; NOT an official MASCO-ESCO crosswalk","non_exact_title","0.75","Inherited current-role retrieval score; not a probability or a new MASCO 2020 validation score.","False","True","Not established","ESCO skills inherited from one primary occupation. Essential/optional refers to ESCO, not a verified Malaysian requirement.","","https://www.dosm.gov.my/uploads/content-downloads/file_20220920110308.pdf#page=321","http://data.europa.eu/esco/occupation/8862c29b-3810-4fbc-85c7-c9ee87535f73","M132102","132102","Electrical Manager","https://emasco.mohr.gov.my/masco/1321-02","2020","exact_normalized_title","high","321","https://www.dosm.gov.my/uploads/content-downloads/file_20220920110308.pdf#page=321","Current eMASCO D11 profile inherited for a MASCO 2020 identity; not 2020-specific task evidence; test only.","partial_proxy","low","M132102","False","Original current-role title, not the remapped 2020 title; retained for comparison only."
"M132105","Energy Manager","132105","1321","1349.12","energy manager","http://data.europa.eu/esco/occupation/a005f8a2-2d8a-433e-8d89-13575f822fd4","close_match","high","Energy management responsibilities.","test_only_project_mapping_not_human_validated","False","1321-05","1349","","","","","no_unique_exact_esco_title_match","new_mapping","project_close_match","curated_title_and_duty_decision","ReRouteHer project-derived; NOT an official MASCO-ESCO crosswalk","exact_preferred_label","1","Inherited current-role retrieval score; not a probability or a new MASCO 2020 validation score.","False","True","Not established","ESCO skills inherited from one primary occupation. Essential/optional refers to ESCO, not a verified Malaysian requirement.","","https://www.dosm.gov.my/uploads/content-downloads/file_20220920110308.pdf#page=321","http://data.europa.eu/esco/occupation/a005f8a2-2d8a-433e-8d89-13575f822fd4","M132103","132103","Energy Manager","https://emasco.mohr.gov.my/masco/1321-03","2020","exact_normalized_title","high","321","https://www.dosm.gov.my/uploads/content-downloads/file_20220920110308.pdf#page=321","Current eMASCO D11 profile inherited for a MASCO 2020 identity; not 2020-specific task evidence; test only.","close_match","high","M132103","False","Original current-role title, not the remapped 2020 title; retained for comparison only."
"M132108","Ship Hull Manager","132108","1321","1321.2.1","industrial production manager","http://data.europa.eu/esco/occupation/eb9479c6-5fdf-4f45-ace4-28b547b8c7e5","broader_proxy","medium","Shipyard hull production leadership; shipbuilding specialty is missing, not an onboard engineer.","test_only_project_mapping_not_human_validated","False","1321-08","1321","","","","","no_unique_exact_esco_title_match","new_mapping","project_broader_proxy","curated_title_and_duty_decision","ReRouteHer project-derived; NOT an official MASCO-ESCO crosswalk","non_exact_title","0.55","Inherited current-role retrieval score; not a probability or a new MASCO 2020 validation score.","True","True","Not established","ESCO skills inherited from one primary occupation. Essential/optional refers to ESCO, not a verified Malaysian requirement.","","https://www.dosm.gov.my/uploads/content-downloads/file_20220920110308.pdf#page=321","http://data.europa.eu/esco/occupation/eb9479c6-5fdf-4f45-ace4-28b547b8c7e5","M132105","132105","Ship Hull Manager","https://emasco.mohr.gov.my/masco/1321-05","2020","exact_normalized_title","high","321","https://www.dosm.gov.my/uploads/content-downloads/file_20220920110308.pdf#page=321","Current eMASCO D11 profile inherited for a MASCO 2020 identity; not 2020-specific task evidence; test only.","broader_proxy","medium","M132105","True","Original current-role title, not the remapped 2020 title; retained for comparison only."
"M132109","Mechanical Manager","132109","1321","1321.2","manufacturing manager","http://data.europa.eu/esco/occupation/6426ada1-4d8c-4612-99e3-91bc569805ee","partial_proxy","low","Mechanical engineering and production management; technical mechanical-engineering content needs enrichment.","test_only_project_mapping_not_human_validated","False","1321-09","1321","","","","","no_unique_exact_esco_title_match","new_mapping","project_partial_proxy","curated_title_and_duty_decision","ReRouteHer project-derived; NOT an official MASCO-ESCO crosswalk","non_exact_title","0.615385","Inherited current-role retrieval score; not a probability or a new MASCO 2020 validation score.","True","True","Not established","ESCO skills inherited from one primary occupation. Essential/optional refers to ESCO, not a verified Malaysian requirement.","","https://www.dosm.gov.my/uploads/content-downloads/file_20220920110308.pdf#page=321","http://data.europa.eu/esco/occupation/6426ada1-4d8c-4612-99e3-91bc569805ee","M132106","132106","Mechanical Manager","https://emasco.mohr.gov.my/masco/1321-06","2020","exact_normalized_title","high","321","https://www.dosm.gov.my/uploads/content-downloads/file_20220920110308.pdf#page=321","Current eMASCO D11 profile inherited for a MASCO 2020 identity; not 2020-specific task evidence; test only.","partial_proxy","low","M132106","True","Original current-role title, not the remapped 2020 title; retained for comparison only."
"M132110","Welding Manager","132110","1321","7212.4","welding coordinator","http://data.europa.eu/esco/occupation/cdef4961-fcc2-4e00-bfe8-4480b33aa6f3","close_match","medium","Coordination of welding quality, procedures and personnel.","test_only_project_mapping_not_human_validated","False","1321-10","7212","","","","","no_unique_exact_esco_title_match","new_mapping","project_close_match","curated_title_and_duty_decision","ReRouteHer project-derived; NOT an official MASCO-ESCO crosswalk","non_exact_title","0.647059","Inherited current-role retrieval score; not a probability or a new MASCO 2020 validation score.","False","True","Not established","ESCO skills inherited from one primary occupation. Essential/optional refers to ESCO, not a verified Malaysian requirement.","","https://www.dosm.gov.my/uploads/content-downloads/file_20220920110308.pdf#page=321","http://data.europa.eu/esco/occupation/cdef4961-fcc2-4e00-bfe8-4480b33aa6f3","M132107","132107","Welding Manager","https://emasco.mohr.gov.my/masco/1321-07","2020","exact_normalized_title","high","321","https://www.dosm.gov.my/uploads/content-downloads/file_20220920110308.pdf#page=321","Current eMASCO D11 profile inherited for a MASCO 2020 identity; not 2020-specific task evidence; test only.","close_match","medium","M132107","False","Original current-role title, not the remapped 2020 title; retained for comparison only."
"M132111","Oil Mill Manager","132111","1321","1321.2.1.3","food production manager","http://data.europa.eu/esco/occupation/a7d6a377-3d3b-41cf-9301-f4a0a7ad3d96","broader_proxy","medium","Food-production management; palm-oil/halal specialty is absent from ESCO.","test_only_project_mapping_not_human_validated","False","1321-11","1321","","","","","no_unique_exact_esco_title_match","new_mapping","project_broader_proxy","curated_title_and_duty_decision","ReRouteHer project-derived; NOT an official MASCO-ESCO crosswalk","non_exact_title","0.512821","Inherited current-role retrieval score; not a probability or a new MASCO 2020 validation score.","True","True","Not established","ESCO skills inherited from one primary occupation. Essential/optional refers to ESCO, not a verified Malaysian requirement.","","https://www.dosm.gov.my/uploads/content-downloads/file_20220920110308.pdf#page=321","http://data.europa.eu/esco/occupation/a7d6a377-3d3b-41cf-9301-f4a0a7ad3d96","M132108","132108","Oil Mill Manager","https://emasco.mohr.gov.my/masco/1321-08","2020","exact_normalized_title","high","321","https://www.dosm.gov.my/uploads/content-downloads/file_20220920110308.pdf#page=321","Current eMASCO D11 profile inherited for a MASCO 2020 identity; not 2020-specific task evidence; test only.","broader_proxy","medium","M132108","True","Original current-role title, not the remapped 2020 title; retained for comparison only."
"M132112","Manager, Halal Food Manufacturing","132112","1321","1321.2.1.3","food production manager","http://data.europa.eu/esco/occupation/a7d6a377-3d3b-41cf-9301-f4a0a7ad3d96","broader_proxy","medium","Food-production management; palm-oil/halal specialty is absent from ESCO.","test_only_project_mapping_not_human_validated","False","1321-12","1321","","","","","no_unique_exact_esco_title_match","new_mapping","project_broader_proxy","curated_title_and_duty_decision","ReRouteHer project-derived; NOT an official MASCO-ESCO crosswalk","non_exact_title","0.492754","Inherited current-role retrieval score; not a probability or a new MASCO 2020 validation score.","True","True","Not established","ESCO skills inherited from one primary occupation. Essential/optional refers to ESCO, not a verified Malaysian requirement.","","https://www.dosm.gov.my/uploads/content-downloads/file_20220920110308.pdf#page=321","http://data.europa.eu/esco/occupation/a7d6a377-3d3b-41cf-9301-f4a0a7ad3d96","M132109","132109","Manager (Halal Food Manufacturing)","https://emasco.mohr.gov.my/masco/1321-09","2020","exact_normalized_title","high","321","https://www.dosm.gov.my/uploads/content-downloads/file_20220920110308.pdf#page=321","Current eMASCO D11 profile inherited for a MASCO 2020 identity; not 2020-specific task evidence; test only.","broader_proxy","medium","M132109","True","Original current-role title, not the remapped 2020 title; retained for comparison only."
"M132126","Power Generation Plant Manager","132126","1321","1219.5.3","power plant manager","http://data.europa.eu/esco/occupation/cb446db8-e8b3-418c-a21c-2d10faea42a5","close_match","medium","Power-plant management.","test_only_project_mapping_not_human_validated","False","1321-26","1219","","","","","no_unique_exact_esco_title_match","new_mapping","project_close_match","curated_title_and_duty_decision","ReRouteHer project-derived; NOT an official MASCO-ESCO crosswalk","non_exact_title","0.857143","Inherited current-role retrieval score; not a probability or a new MASCO 2020 validation score.","False","True","Not established","ESCO skills inherited from one primary occupation. Essential/optional refers to ESCO, not a verified Malaysian requirement.","","https://www.dosm.gov.my/uploads/content-downloads/file_20220920110308.pdf#page=321","http://data.europa.eu/esco/occupation/cb446db8-e8b3-418c-a21c-2d10faea42a5","M132111","132111","Power Generation Plant Manager","https://emasco.mohr.gov.my/masco/1321-11","2020","exact_normalized_title","high","321","https://www.dosm.gov.my/uploads/content-downloads/file_20220920110308.pdf#page=321","Current eMASCO D11 profile inherited for a MASCO 2020 identity; not 2020-specific task evidence; test only.","close_match","medium","M132111","False","Original current-role title, not the remapped 2020 title; retained for comparison only."
"M132201","Production and Operation Manager, Mine","132201","1322","1322.1.1","mine production manager","http://data.europa.eu/esco/occupation/df66a6e6-2130-4932-8aaf-263dafa569fa","close_match","medium","Mine production management.","test_only_project_mapping_not_human_validated","False","1322-01","1322","","","","","no_unique_exact_esco_title_match","new_mapping","project_close_match","curated_title_and_duty_decision","ReRouteHer project-derived; NOT an official MASCO-ESCO crosswalk","non_exact_title","0.677419","Inherited current-role retrieval score; not a probability or a new MASCO 2020 validation score.","True","True","Not established","ESCO skills inherited from one primary occupation. Essential/optional refers to ESCO, not a verified Malaysian requirement.","","https://www.dosm.gov.my/uploads/content-downloads/file_20220920110308.pdf#page=321","http://data.europa.eu/esco/occupation/df66a6e6-2130-4932-8aaf-263dafa569fa","M132201","132201","Production and Operation Manager (Mine)","https://emasco.mohr.gov.my/masco/1322-01","2020","exact_normalized_title","high","321","https://www.dosm.gov.my/uploads/content-downloads/file_20220920110308.pdf#page=321","Current eMASCO D11 profile inherited for a MASCO 2020 identity; not 2020-specific task evidence; test only.","close_match","medium","M132201","True","Original current-role title, not the remapped 2020 title; retained for comparison only."
"M132203","Production and Operation Manager, Oil and Gas Extraction","132203","1322","1322.1.2","oil and gas production manager","http://data.europa.eu/esco/occupation/0633ec3f-91f1-4038-bc29-e0ec4cd7f1e9","broader_proxy","medium","Oil/gas production operations; offshore installation duties need enrichment, not renewable-energy management.","test_only_project_mapping_not_human_validated","False","1322-03","1322","","","","","no_unique_exact_esco_title_match","new_mapping","project_broader_proxy","curated_title_and_duty_decision","ReRouteHer project-derived; NOT an official MASCO-ESCO crosswalk","non_exact_title","0.519481","Inherited current-role retrieval score; not a probability or a new MASCO 2020 validation score.","True","True","Not established","ESCO skills inherited from one primary occupation. Essential/optional refers to ESCO, not a verified Malaysian requirement.","","https://www.dosm.gov.my/uploads/content-downloads/file_20220920110308.pdf#page=321","http://data.europa.eu/esco/occupation/0633ec3f-91f1-4038-bc29-e0ec4cd7f1e9","M132202","132202","Production and Operation Manager (Oil and Gas Extraction)","https://emasco.mohr.gov.my/masco/1322-02","2020","exact_normalized_title","high","321","https://www.dosm.gov.my/uploads/content-downloads/file_20220920110308.pdf#page=321","Current eMASCO D11 profile inherited for a MASCO 2020 identity; not 2020-specific task evidence; test only.","broader_proxy","medium","M132202","True","Original current-role title, not the remapped 2020 title; retained for comparison only."
"M132207","Offshore Installation Manager","132207","1322","1322.1.2","oil and gas production manager","http://data.europa.eu/esco/occupation/0633ec3f-91f1-4038-bc29-e0ec4cd7f1e9","broader_proxy","medium","Oil/gas production operations; offshore installation duties need enrichment, not renewable-energy management.","test_only_project_mapping_not_human_validated","False","1322-07","1322","","","","","no_unique_exact_esco_title_match","new_mapping","project_broader_proxy","curated_title_and_duty_decision","ReRouteHer project-derived; NOT an official MASCO-ESCO crosswalk","non_exact_title","0.627451","Inherited current-role retrieval score; not a probability or a new MASCO 2020 validation score.","True","True","Not established","ESCO skills inherited from one primary occupation. Essential/optional refers to ESCO, not a verified Malaysian requirement.","","https://www.dosm.gov.my/uploads/content-downloads/file_20220920110308.pdf#page=321","http://data.europa.eu/esco/occupation/0633ec3f-91f1-4038-bc29-e0ec4cd7f1e9","M132203","132203","Offshore Installation Manager","https://emasco.mohr.gov.my/masco/1322-03","2020","exact_normalized_title","high","321","https://www.dosm.gov.my/uploads/content-downloads/file_20220920110308.pdf#page=321","Current eMASCO D11 profile inherited for a MASCO 2020 identity; not 2020-specific task evidence; test only.","broader_proxy","medium","M132203","True","Original current-role title, not the remapped 2020 title; retained for comparison only."
"M132210","Manager, Metallurgy","132210","1322","1321.2.1.7","metallurgical manager","http://data.europa.eu/esco/occupation/45517bc3-0887-416d-95fe-6ace1b90bddd","close_match","medium","Metallurgical production management.","test_only_project_mapping_not_human_validated","False","1322-10","1321","","","","","no_unique_exact_esco_title_match","new_mapping","project_close_match","curated_title_and_duty_decision","ReRouteHer project-derived; NOT an official MASCO-ESCO crosswalk","exact_alternate_label","1","Inherited current-role retrieval score; not a probability or a new MASCO 2020 validation score.","False","True","Not established","ESCO skills inherited from one primary occupation. Essential/optional refers to ESCO, not a verified Malaysian requirement.","","https://www.dosm.gov.my/uploads/content-downloads/file_20220920110308.pdf#page=321","http://data.europa.eu/esco/occupation/45517bc3-0887-416d-95fe-6ace1b90bddd","M132205","132205","Metallurgy Manager","https://emasco.mohr.gov.my/masco/1322-05","2020","title_variant","high","321","https://www.dosm.gov.my/uploads/content-downloads/file_20220920110308.pdf#page=321","Current eMASCO D11 profile inherited for a MASCO 2020 identity; not 2020-specific task evidence; test only.","close_match","medium","M132205","False","Original current-role title, not the remapped 2020 title; retained for comparison only."
"M132301","Construction Manager","132301","1323","1323.1","construction manager","http://data.europa.eu/esco/occupation/faed05c0-c1d1-4e34-b575-0dea96459e56","close_match","high","Preferred occupation title matches after removing Malaysian grade/competency wrappers.","test_only_project_mapping_not_human_validated","False","1323-01","1323","","","","1323.1","unique_exact_preferred_title_same_isco_group","retained_mapping","project_close_match","unique_cleaned_preferred_label","ReRouteHer project-derived; NOT an official MASCO-ESCO crosswalk","exact_preferred_label","1","Inherited current-role retrieval score; not a probability or a new MASCO 2020 validation score.","True","True","Not established","ESCO skills inherited from one primary occupation. Essential/optional refers to ESCO, not a verified Malaysian requirement.","","https://www.dosm.gov.my/uploads/content-downloads/file_20220920110308.pdf#page=321","http://data.europa.eu/esco/occupation/faed05c0-c1d1-4e34-b575-0dea96459e56","M132301","132301","Construction Manager","https://emasco.mohr.gov.my/masco/1323-01","2020","exact_normalized_title","high","321","https://www.dosm.gov.my/uploads/content-downloads/file_20220920110308.pdf#page=321","Current eMASCO D11 profile inherited for a MASCO 2020 identity; not 2020-specific task evidence; test only.","close_match","high","M132301","True","Original current-role title, not the remapped 2020 title; retained for comparison only."
"M132310","Building and Architecture Manager","132310","1323","1323.1","construction manager","http://data.europa.eu/esco/occupation/faed05c0-c1d1-4e34-b575-0dea96459e56","broader_proxy","medium","Building and architectural construction management.","test_only_project_mapping_not_human_validated","False","1323-10","1323","","","","","no_unique_exact_esco_title_match","new_mapping","project_broader_proxy","curated_title_and_duty_decision","ReRouteHer project-derived; NOT an official MASCO-ESCO crosswalk","non_exact_title","0.52459","Inherited current-role retrieval score; not a probability or a new MASCO 2020 validation score.","True","True","Not established","ESCO skills inherited from one primary occupation. Essential/optional refers to ESCO, not a verified Malaysian requirement.","","https://www.dosm.gov.my/uploads/content-downloads/file_20220920110308.pdf#page=321","http://data.europa.eu/esco/occupation/faed05c0-c1d1-4e34-b575-0dea96459e56","M132302","132302","Building and Architecture Manager","https://emasco.mohr.gov.my/masco/1323-02","2020","exact_normalized_title","high","321","https://www.dosm.gov.my/uploads/content-downloads/file_20220920110308.pdf#page=321","Current eMASCO D11 profile inherited for a MASCO 2020 identity; not 2020-specific task evidence; test only.","broader_proxy","medium","M132302","True","Original current-role title, not the remapped 2020 title; retained for comparison only."
"M132311","Land Surveyor Manager","132311","1323","2165.4","land surveyor","http://data.europa.eu/esco/occupation/d8e502b4-1be6-4d10-a224-151688f8f0c8","broader_proxy","medium","Land surveying function; managerial seniority is not represented.","test_only_project_mapping_not_human_validated","False","1323-11","2165","","","","","no_unique_exact_esco_title_match","new_mapping","project_broader_proxy","curated_title_and_duty_decision","ReRouteHer project-derived; NOT an official MASCO-ESCO crosswalk","non_exact_title","0.764706","Inherited current-role retrieval score; not a probability or a new MASCO 2020 validation score.","False","True","Not established","ESCO skills inherited from one primary occupation. Essential/optional refers to ESCO, not a verified Malaysian requirement.","","https://www.dosm.gov.my/uploads/content-downloads/file_20220920110308.pdf#page=321","http://data.europa.eu/esco/occupation/d8e502b4-1be6-4d10-a224-151688f8f0c8","M132303","132303","Land Surveyor Manager","https://emasco.mohr.gov.my/masco/1323-03","2020","exact_normalized_title","high","321","https://www.dosm.gov.my/uploads/content-downloads/file_20220920110308.pdf#page=321","Current eMASCO D11 profile inherited for a MASCO 2020 identity; not 2020-specific task evidence; test only.","broader_proxy","medium","M132303","False","Original current-role title, not the remapped 2020 title; retained for comparison only."
"M132401","Railway Station Master","132401","1324","1324.7","railway station manager","http://data.europa.eu/esco/occupation/b39a74a2-37fe-4fdc-ba8e-5bbbbdce2d89","close_match","medium","Railway station management.","test_only_project_mapping_not_human_validated","False","1324-01","1324","","","","","no_unique_exact_esco_title_match","new_mapping","project_close_match","curated_title_and_duty_decision","ReRouteHer project-derived; NOT an official MASCO-ESCO crosswalk","non_exact_title","0.888889","Inherited current-role retrieval score; not a probability or a new MASCO 2020 validation score.","True","True","Not established","ESCO skills inherited from one primary occupation. Essential/optional refers to ESCO, not a verified Malaysian requirement.","","https://www.dosm.gov.my/uploads/content-downloads/file_20220920110308.pdf#page=322","http://data.europa.eu/esco/occupation/b39a74a2-37fe-4fdc-ba8e-5bbbbdce2d89","M132401","132401","Railway Station Master","https://emasco.mohr.gov.my/masco/1324-01","2020","exact_normalized_title","high","322","https://www.dosm.gov.my/uploads/content-downloads/file_20220920110308.pdf#page=322","Current eMASCO D11 profile inherited for a MASCO 2020 identity; not 2020-specific task evidence; test only.","close_match","medium","M132401","True","Original current-role title, not the remapped 2020 title; retained for comparison only."
"M132402","Transport Manager","132402","1324","1324.3.1.5","road transport division manager","http://data.europa.eu/esco/occupation/f56e33a3-01bb-46ba-98f4-d47aa242b983","close_match","medium","D11 tasks concern fleet, driver and road-transport operations.","test_only_project_mapping_not_human_validated","False","1324-02","1324","","","","","no_unique_exact_esco_title_match","new_mapping","project_close_match","curated_title_and_duty_decision","ReRouteHer project-derived; NOT an official MASCO-ESCO crosswalk","non_exact_title","0.85","Inherited current-role retrieval score; not a probability or a new MASCO 2020 validation score.","True","True","Not established","ESCO skills inherited from one primary occupation. Essential/optional refers to ESCO, not a verified Malaysian requirement.","","https://www.dosm.gov.my/uploads/content-downloads/file_20220920110308.pdf#page=322","http://data.europa.eu/esco/occupation/f56e33a3-01bb-46ba-98f4-d47aa242b983","M132402","132402","Transport Manager","https://emasco.mohr.gov.my/masco/1324-02","2020","exact_normalized_title","high","322","https://www.dosm.gov.my/uploads/content-downloads/file_20220920110308.pdf#page=322","Current eMASCO D11 profile inherited for a MASCO 2020 identity; not 2020-specific task evidence; test only.","close_match","medium","M132402","True","Original current-role title, not the remapped 2020 title; retained for comparison only."
"M132405","Logistics Manager","132405","1324","1324.8","supply chain manager","http://data.europa.eu/esco/occupation/aacc3918-b5d3-484b-9480-5d29aa550d74","inherited_test_proxy","low","Inherited current-role ESCO assignment, not independently revalidated for this MASCO 2020 identity. Current title explicitly combines supply-chain and logistics management; retain the two printed 2020 identities. Original rationale: Supply-chain and logistics planning and coordination.","test_only_project_mapping_not_human_validated","False","1324-05","1324","","","","","no_unique_exact_esco_title_match","new_mapping","project_close_match","curated_title_and_duty_decision","ReRouteHer project-derived; NOT an official MASCO-ESCO crosswalk","non_exact_title","0.727273","Inherited current-role retrieval score; not a probability or a new MASCO 2020 validation score.","True","True","Not established","ESCO skills inherited from one primary occupation. Essential/optional refers to ESCO, not a verified Malaysian requirement.","","https://www.dosm.gov.my/uploads/content-downloads/file_20220920110308.pdf#page=322","http://data.europa.eu/esco/occupation/aacc3918-b5d3-484b-9480-5d29aa550d74","M121404","121404","Supply Chain and Logistics Management Manager","https://emasco.mohr.gov.my/masco/1214-04","2020","combined_title_split","medium","322","https://www.dosm.gov.my/uploads/content-downloads/file_20220920110308.pdf#page=322","Current eMASCO D11 profile inherited for a MASCO 2020 identity; not 2020-specific task evidence; test only.","close_match","medium","M121404","False","Original current-role title, not the remapped 2020 title; retained for comparison only."
"M132414","Shipping Manager","132414","1324","4323.11","port coordinator","http://data.europa.eu/esco/occupation/fa404a79-4091-47f9-a635-c2e3c576ece8","inherited_test_proxy","low","Inherited current-role ESCO assignment, not independently revalidated for this MASCO 2020 identity. Current duties are shipping schedules, cargo movement and port/shipping logistics management; retain the 2020 Shipping Manager identity. Original rationale: Port and shipping coordination; full managerial authority is not represented.","test_only_project_mapping_not_human_validated","False","1324-14","4323","","","","","no_unique_exact_esco_title_match","new_mapping","project_partial_proxy","curated_title_and_duty_decision","ReRouteHer project-derived; NOT an official MASCO-ESCO crosswalk","non_exact_title","0.836364","Inherited current-role retrieval score; not a probability or a new MASCO 2020 validation score.","False","True","Not established","ESCO skills inherited from one primary occupation. Essential/optional refers to ESCO, not a verified Malaysian requirement.","","https://www.dosm.gov.my/uploads/content-downloads/file_20220920110308.pdf#page=322","http://data.europa.eu/esco/occupation/fa404a79-4091-47f9-a635-c2e3c576ece8","M132404","132404","Port/Shipping Operations Manager","https://emasco.mohr.gov.my/masco/1324-04","2020","reviewed_functional_equivalent","medium","322","https://www.dosm.gov.my/uploads/content-downloads/file_20220920110308.pdf#page=322","Current eMASCO D11 profile inherited for a MASCO 2020 identity; not 2020-specific task evidence; test only.","partial_proxy","low","M132404","False","Original current-role title, not the remapped 2020 title; retained for comparison only."
"M132416","Manager, Halal Logistics Operation","132416","1324","1324.3","logistics and distribution manager","http://data.europa.eu/esco/occupation/823db06f-25e1-4658-b063-d6ef956b41f5","broader_proxy","medium","Logistics operations; Malaysian halal assurance requires separate enrichment.","test_only_project_mapping_not_human_validated","False","1324-16","1324","","","","","no_unique_exact_esco_title_match","new_mapping","project_broader_proxy","curated_title_and_duty_decision","ReRouteHer project-derived; NOT an official MASCO-ESCO crosswalk","non_exact_title","0.885246","Inherited current-role retrieval score; not a probability or a new MASCO 2020 validation score.","True","True","Not established","ESCO skills inherited from one primary occupation. Essential/optional refers to ESCO, not a verified Malaysian requirement.","","https://www.dosm.gov.my/uploads/content-downloads/file_20220920110308.pdf#page=322","http://data.europa.eu/esco/occupation/823db06f-25e1-4658-b063-d6ef956b41f5","M132405","132405","Halal Logistics Operation Manager","https://emasco.mohr.gov.my/masco/1324-05","2020","title_variant","high","322","https://www.dosm.gov.my/uploads/content-downloads/file_20220920110308.pdf#page=322","Current eMASCO D11 profile inherited for a MASCO 2020 identity; not 2020-specific task evidence; test only.","broader_proxy","medium","M132405","True","Original current-role title, not the remapped 2020 title; retained for comparison only."
"M151101","Chief Information Officer","151101","1511","1330.2","chief information officer","http://data.europa.eu/esco/occupation/82f90e87-de92-4678-adae-61d3e5f7e1e4","inherited_test_proxy","low","Inherited current-role ESCO assignment, not independently revalidated for this MASCO 2020 identity. Current title explicitly merges Chief Information Officer, Chief Data Officer and Chief Information Security Officer. Original rationale: CIO selected as the primary occupation of a composite CIO/CDO/CISO title; not all three skill sets are inherited.","test_only_project_mapping_not_human_validated","False","1511-01","1330","","","","","no_unique_exact_esco_title_match","new_mapping","project_partial_proxy","curated_title_and_duty_decision","ReRouteHer project-derived; NOT an official MASCO-ESCO crosswalk","non_exact_title","0.495238","Inherited current-role retrieval score; not a probability or a new MASCO 2020 validation score.","False","True","Not established","ESCO skills inherited from one primary occupation. Essential/optional refers to ESCO, not a verified Malaysian requirement.","","https://www.dosm.gov.my/uploads/content-downloads/file_20220920110308.pdf#page=323","http://data.europa.eu/esco/occupation/82f90e87-de92-4678-adae-61d3e5f7e1e4","M151101","151101","Chief Information Officer/Chief Data Officer/Chief Information Security Officer","https://emasco.mohr.gov.my/masco/1511-01","2020","combined_title_split","medium","323","https://www.dosm.gov.my/uploads/content-downloads/file_20220920110308.pdf#page=323","Current eMASCO D11 profile inherited for a MASCO 2020 identity; not 2020-specific task evidence; test only.","partial_proxy","low","M151101","False","Original current-role title, not the remapped 2020 title; retained for comparison only."
"M151102","Chief data officer","151102","1511","1330.2","chief information officer","http://data.europa.eu/esco/occupation/82f90e87-de92-4678-adae-61d3e5f7e1e4","inherited_test_proxy","low","Inherited current-role ESCO assignment, not independently revalidated for this MASCO 2020 identity. Current title explicitly merges Chief Information Officer, Chief Data Officer and Chief Information Security Officer. Original rationale: CIO selected as the primary occupation of a composite CIO/CDO/CISO title; not all three skill sets are inherited.","test_only_project_mapping_not_human_validated","False","1511-02","1330","","","","","no_unique_exact_esco_title_match","new_mapping","project_partial_proxy","curated_title_and_duty_decision","ReRouteHer project-derived; NOT an official MASCO-ESCO crosswalk","non_exact_title","0.495238","Inherited current-role retrieval score; not a probability or a new MASCO 2020 validation score.","False","True","Not established","ESCO skills inherited from one primary occupation. Essential/optional refers to ESCO, not a verified Malaysian requirement.","","https://www.dosm.gov.my/uploads/content-downloads/file_20220920110308.pdf#page=323","http://data.europa.eu/esco/occupation/82f90e87-de92-4678-adae-61d3e5f7e1e4","M151101","151101","Chief Information Officer/Chief Data Officer/Chief Information Security Officer","https://emasco.mohr.gov.my/masco/1511-01","2020","combined_title_split","medium","323","https://www.dosm.gov.my/uploads/content-downloads/file_20220920110308.pdf#page=323","Current eMASCO D11 profile inherited for a MASCO 2020 identity; not 2020-specific task evidence; test only.","partial_proxy","low","M151101","False","Original current-role title, not the remapped 2020 title; retained for comparison only."
"M151103","Chief Information Security Officer","151103","1511","1330.2","chief information officer","http://data.europa.eu/esco/occupation/82f90e87-de92-4678-adae-61d3e5f7e1e4","inherited_test_proxy","low","Inherited current-role ESCO assignment, not independently revalidated for this MASCO 2020 identity. Current title explicitly merges Chief Information Officer, Chief Data Officer and Chief Information Security Officer. Original rationale: CIO selected as the primary occupation of a composite CIO/CDO/CISO title; not all three skill sets are inherited.","test_only_project_mapping_not_human_validated","False","1511-03","1330","","","","","no_unique_exact_esco_title_match","new_mapping","project_partial_proxy","curated_title_and_duty_decision","ReRouteHer project-derived; NOT an official MASCO-ESCO crosswalk","non_exact_title","0.495238","Inherited current-role retrieval score; not a probability or a new MASCO 2020 validation score.","False","True","Not established","ESCO skills inherited from one primary occupation. Essential/optional refers to ESCO, not a verified Malaysian requirement.","","https://www.dosm.gov.my/uploads/content-downloads/file_20220920110308.pdf#page=323","http://data.europa.eu/esco/occupation/82f90e87-de92-4678-adae-61d3e5f7e1e4","M151101","151101","Chief Information Officer/Chief Data Officer/Chief Information Security Officer","https://emasco.mohr.gov.my/masco/1511-01","2020","combined_title_split","medium","323","https://www.dosm.gov.my/uploads/content-downloads/file_20220920110308.pdf#page=323","Current eMASCO D11 profile inherited for a MASCO 2020 identity; not 2020-specific task evidence; test only.","partial_proxy","low","M151101","False","Original current-role title, not the remapped 2020 title; retained for comparison only."
"M151106","Information Systems Manager","151106","1511","1330.5","ICT operations manager","http://data.europa.eu/esco/occupation/f0ca39a8-1e30-487c-95f9-ef2d5e734adc","broader_proxy","medium","ICT service/infrastructure operations; local community-centre, network or managerial scope varies.","test_only_project_mapping_not_human_validated","False","1511-06","1330","","","","","no_unique_exact_esco_title_match","new_mapping","project_broader_proxy","curated_title_and_duty_decision","ReRouteHer project-derived; NOT an official MASCO-ESCO crosswalk","non_exact_title","0.708333","Inherited current-role retrieval score; not a probability or a new MASCO 2020 validation score.","False","True","Not established","ESCO skills inherited from one primary occupation. Essential/optional refers to ESCO, not a verified Malaysian requirement.","","https://www.dosm.gov.my/uploads/content-downloads/file_20220920110308.pdf#page=323","http://data.europa.eu/esco/occupation/f0ca39a8-1e30-487c-95f9-ef2d5e734adc","M151102","151102","Information Systems Manager","https://emasco.mohr.gov.my/masco/1511-02","2020","exact_normalized_title","high","323","https://www.dosm.gov.my/uploads/content-downloads/file_20220920110308.pdf#page=323","Current eMASCO D11 profile inherited for a MASCO 2020 identity; not 2020-specific task evidence; test only.","broader_proxy","medium","M151102","False","Original current-role title, not the remapped 2020 title; retained for comparison only."
"M151108","Village Community Center Manager","151108","1511","1330.5","ICT operations manager","http://data.europa.eu/esco/occupation/f0ca39a8-1e30-487c-95f9-ef2d5e734adc","inherited_test_proxy","medium","Inherited current-role ESCO assignment, not independently revalidated for this MASCO 2020 identity. The added information-technology qualifier clarifies the same Village Community Center Manager occupation. Original rationale: ICT service/infrastructure operations; local community-centre, network or managerial scope varies.","test_only_project_mapping_not_human_validated","False","1511-08","1330","","","","","no_unique_exact_esco_title_match","new_mapping","project_broader_proxy","curated_title_and_duty_decision","ReRouteHer project-derived; NOT an official MASCO-ESCO crosswalk","non_exact_title","0.379747","Inherited current-role retrieval score; not a probability or a new MASCO 2020 validation score.","False","True","Not established","ESCO skills inherited from one primary occupation. Essential/optional refers to ESCO, not a verified Malaysian requirement.","","https://www.dosm.gov.my/uploads/content-downloads/file_20220920110308.pdf#page=323","http://data.europa.eu/esco/occupation/f0ca39a8-1e30-487c-95f9-ef2d5e734adc","M151103","151103","Village Community Center Manager (Information Technology)","https://emasco.mohr.gov.my/masco/1511-03","2020","reviewed_functional_equivalent","medium","323","https://www.dosm.gov.my/uploads/content-downloads/file_20220920110308.pdf#page=323","Current eMASCO D11 profile inherited for a MASCO 2020 identity; not 2020-specific task evidence; test only.","broader_proxy","medium","M151103","False","Original current-role title, not the remapped 2020 title; retained for comparison only."
"M151112","Application Development Manager","151112","1511","1330.5.1","software manager","http://data.europa.eu/esco/occupation/f31f487b-4ce2-40f3-90e8-7d0011b4ef1d","inherited_test_proxy","low","Inherited current-role ESCO assignment, not independently revalidated for this MASCO 2020 identity. Current role explicitly manages both application and software development; both are distinct printed 2020 occupations. Original rationale: ICT development management.","test_only_project_mapping_not_human_validated","False","1511-12","1330","","","","","no_unique_exact_esco_title_match","new_mapping","project_close_match","curated_title_and_duty_decision","ReRouteHer project-derived; NOT an official MASCO-ESCO crosswalk","non_exact_title","0.935484","Inherited current-role retrieval score; not a probability or a new MASCO 2020 validation score.","False","True","Not established","ESCO skills inherited from one primary occupation. Essential/optional refers to ESCO, not a verified Malaysian requirement.","","https://www.dosm.gov.my/uploads/content-downloads/file_20220920110308.pdf#page=323","http://data.europa.eu/esco/occupation/f31f487b-4ce2-40f3-90e8-7d0011b4ef1d","M151113","151113","Software and Applications Manager","https://emasco.mohr.gov.my/masco/1511-13","2020","combined_title_split","medium","323","https://www.dosm.gov.my/uploads/content-downloads/file_20220920110308.pdf#page=323","Current eMASCO D11 profile inherited for a MASCO 2020 identity; not 2020-specific task evidence; test only.","close_match","medium","M151113","False","Original current-role title, not the remapped 2020 title; retained for comparison only."
"M151113","Data Operations Manager","151113","1511","1330.1","chief data officer","http://data.europa.eu/esco/occupation/e297ec12-4712-40a4-ad98-ba004cacb205","inherited_test_proxy","low","Inherited current-role ESCO assignment, not independently revalidated for this MASCO 2020 identity. Current description explicitly oversees data systems and data operations; use the 2020 Data Operations Manager counterpart, with broader governance scope retained as a source caveat. Original rationale: Data governance and team leadership; chief-level scope may exceed D11 manager seniority.","test_only_project_mapping_not_human_validated","False","1511-13","1330","","","","","no_unique_exact_esco_title_match","new_mapping","project_partial_proxy","curated_title_and_duty_decision","ReRouteHer project-derived; NOT an official MASCO-ESCO crosswalk","non_exact_title","0.466667","Inherited current-role retrieval score; not a probability or a new MASCO 2020 validation score.","False","True","Not established","ESCO skills inherited from one primary occupation. Essential/optional refers to ESCO, not a verified Malaysian requirement.","","https://www.dosm.gov.my/uploads/content-downloads/file_20220920110308.pdf#page=323","http://data.europa.eu/esco/occupation/e297ec12-4712-40a4-ad98-ba004cacb205","M151118","151118","Data Manager","https://emasco.mohr.gov.my/masco/1511-18","2020","reviewed_functional_equivalent","medium","323","https://www.dosm.gov.my/uploads/content-downloads/file_20220920110308.pdf#page=323","Current eMASCO D11 profile inherited for a MASCO 2020 identity; not 2020-specific task evidence; test only.","partial_proxy","low","M151118","False","Original current-role title, not the remapped 2020 title; retained for comparison only."
"M151116","Internet Service Provider","151116","1511","1330.9","telecommunications manager","http://data.europa.eu/esco/occupation/3ce4691e-ecea-4278-939e-b89ab01087b8","close_match","medium","Internet service provision is telecommunications service/network management.","test_only_project_mapping_not_human_validated","False","1511-16","1330","","","","","no_unique_exact_esco_title_match","new_mapping","project_close_match","curated_title_and_duty_decision","ReRouteHer project-derived; NOT an official MASCO-ESCO crosswalk","non_exact_title","0.508475","Inherited current-role retrieval score; not a probability or a new MASCO 2020 validation score.","False","True","Not established","ESCO skills inherited from one primary occupation. Essential/optional refers to ESCO, not a verified Malaysian requirement.","","https://www.dosm.gov.my/uploads/content-downloads/file_20220920110308.pdf#page=323","http://data.europa.eu/esco/occupation/3ce4691e-ecea-4278-939e-b89ab01087b8","M151104","151104","Internet Service Provider","https://emasco.mohr.gov.my/masco/1511-04","2020","exact_normalized_title","high","323","https://www.dosm.gov.my/uploads/content-downloads/file_20220920110308.pdf#page=323","Current eMASCO D11 profile inherited for a MASCO 2020 identity; not 2020-specific task evidence; test only.","close_match","medium","M151104","False","Original current-role title, not the remapped 2020 title; retained for comparison only."
"M151117","Network Manager","151117","1511","1330.5","ICT operations manager","http://data.europa.eu/esco/occupation/f0ca39a8-1e30-487c-95f9-ef2d5e734adc","inherited_test_proxy","low","Inherited current-role ESCO assignment, not independently revalidated for this MASCO 2020 identity. Current title/duties combine network management and ICT infrastructure management; do not include unrelated public-relations communications roles. Original rationale: ICT service/infrastructure operations; local community-centre, network or managerial scope varies.","test_only_project_mapping_not_human_validated","False","1511-17","1330","","","","","no_unique_exact_esco_title_match","new_mapping","project_broader_proxy","curated_title_and_duty_decision","ReRouteHer project-derived; NOT an official MASCO-ESCO crosswalk","non_exact_title","0.484848","Inherited current-role retrieval score; not a probability or a new MASCO 2020 validation score.","False","True","Not established","ESCO skills inherited from one primary occupation. Essential/optional refers to ESCO, not a verified Malaysian requirement.","","https://www.dosm.gov.my/uploads/content-downloads/file_20220920110308.pdf#page=323","http://data.europa.eu/esco/occupation/f0ca39a8-1e30-487c-95f9-ef2d5e734adc","M151105","151105","Network/Communications/Infrastructure Manager","https://emasco.mohr.gov.my/masco/1511-05","2020","combined_title_split","medium","323","https://www.dosm.gov.my/uploads/content-downloads/file_20220920110308.pdf#page=323","Current eMASCO D11 profile inherited for a MASCO 2020 identity; not 2020-specific task evidence; test only.","broader_proxy","medium","M151105","False","Original current-role title, not the remapped 2020 title; retained for comparison only."
"M151119","Audio Visual Manager","151119","1511","2654.1.7","technical director","http://data.europa.eu/esco/occupation/00030d09-2b3a-4efd-87cc-c4ea39d27c34","partial_proxy","low","Technical AV direction and service coordination; venue/corporate AV scope differs from performance production.","test_only_project_mapping_not_human_validated","False","1511-19","2654","","","","","no_unique_exact_esco_title_match","new_mapping","project_partial_proxy","curated_title_and_duty_decision","ReRouteHer project-derived; NOT an official MASCO-ESCO crosswalk","non_exact_title","0.594595","Inherited current-role retrieval score; not a probability or a new MASCO 2020 validation score.","False","True","Not established","ESCO skills inherited from one primary occupation. Essential/optional refers to ESCO, not a verified Malaysian requirement.","","https://www.dosm.gov.my/uploads/content-downloads/file_20220920110308.pdf#page=323","http://data.europa.eu/esco/occupation/00030d09-2b3a-4efd-87cc-c4ea39d27c34","M151106","151106","Audio Visual Manager","https://emasco.mohr.gov.my/masco/1511-06","2020","exact_normalized_title","high","323","https://www.dosm.gov.my/uploads/content-downloads/file_20220920110308.pdf#page=323","Current eMASCO D11 profile inherited for a MASCO 2020 identity; not 2020-specific task evidence; test only.","partial_proxy","low","M151106","False","Original current-role title, not the remapped 2020 title; retained for comparison only."
"M151122","Information Technology Project Manager","151122","1511","1330.7","ICT project manager","http://data.europa.eu/esco/occupation/8b6388a4-4904-471b-9331-d3b1211f5525","close_match","medium","ICT project management.","test_only_project_mapping_not_human_validated","False","1511-22","1330","","","","","no_unique_exact_esco_title_match","new_mapping","project_close_match","curated_title_and_duty_decision","ReRouteHer project-derived; NOT an official MASCO-ESCO crosswalk","non_exact_title","0.642857","Inherited current-role retrieval score; not a probability or a new MASCO 2020 validation score.","False","True","Not established","ESCO skills inherited from one primary occupation. Essential/optional refers to ESCO, not a verified Malaysian requirement.","","https://www.dosm.gov.my/uploads/content-downloads/file_20220920110308.pdf#page=323","http://data.europa.eu/esco/occupation/8b6388a4-4904-471b-9331-d3b1211f5525","M151107","151107","Information Technology Project Manager","https://emasco.mohr.gov.my/masco/1511-07","2020","exact_normalized_title","high","323","https://www.dosm.gov.my/uploads/content-downloads/file_20220920110308.pdf#page=323","Current eMASCO D11 profile inherited for a MASCO 2020 identity; not 2020-specific task evidence; test only.","close_match","medium","M151107","False","Original current-role title, not the remapped 2020 title; retained for comparison only."
"M151123","Information Technology Infrastructure Manager","151123","1511","1330.5","ICT operations manager","http://data.europa.eu/esco/occupation/f0ca39a8-1e30-487c-95f9-ef2d5e734adc","inherited_test_proxy","low","Inherited current-role ESCO assignment, not independently revalidated for this MASCO 2020 identity. Current title/duties combine network management and ICT infrastructure management; do not include unrelated public-relations communications roles. Original rationale: ICT service/infrastructure operations; local community-centre, network or managerial scope varies.","test_only_project_mapping_not_human_validated","False","1511-23","1330","","","","","no_unique_exact_esco_title_match","new_mapping","project_broader_proxy","curated_title_and_duty_decision","ReRouteHer project-derived; NOT an official MASCO-ESCO crosswalk","non_exact_title","0.484848","Inherited current-role retrieval score; not a probability or a new MASCO 2020 validation score.","False","True","Not established","ESCO skills inherited from one primary occupation. Essential/optional refers to ESCO, not a verified Malaysian requirement.","","https://www.dosm.gov.my/uploads/content-downloads/file_20220920110308.pdf#page=323","http://data.europa.eu/esco/occupation/f0ca39a8-1e30-487c-95f9-ef2d5e734adc","M151105","151105","Network/Communications/Infrastructure Manager","https://emasco.mohr.gov.my/masco/1511-05","2020","combined_title_split","medium","323","https://www.dosm.gov.my/uploads/content-downloads/file_20220920110308.pdf#page=323","Current eMASCO D11 profile inherited for a MASCO 2020 identity; not 2020-specific task evidence; test only.","broader_proxy","medium","M151105","False","Original current-role title, not the remapped 2020 title; retained for comparison only."
"M151124","Information Technology Programme Manager","151124","1511","1330.7","ICT project manager","http://data.europa.eu/esco/occupation/8b6388a4-4904-471b-9331-d3b1211f5525","partial_proxy","low","ICT project delivery proxy; multi-project programme governance is not fully represented.","test_only_project_mapping_not_human_validated","False","1511-24","1330","","","","","no_unique_exact_esco_title_match","new_mapping","project_partial_proxy","curated_title_and_duty_decision","ReRouteHer project-derived; NOT an official MASCO-ESCO crosswalk","non_exact_title","0.517241","Inherited current-role retrieval score; not a probability or a new MASCO 2020 validation score.","False","True","Not established","ESCO skills inherited from one primary occupation. Essential/optional refers to ESCO, not a verified Malaysian requirement.","","https://www.dosm.gov.my/uploads/content-downloads/file_20220920110308.pdf#page=323","http://data.europa.eu/esco/occupation/8b6388a4-4904-471b-9331-d3b1211f5525","M151108","151108","Information Technology Programme Manager","https://emasco.mohr.gov.my/masco/1511-08","2020","exact_normalized_title","high","323","https://www.dosm.gov.my/uploads/content-downloads/file_20220920110308.pdf#page=323","Current eMASCO D11 profile inherited for a MASCO 2020 identity; not 2020-specific task evidence; test only.","partial_proxy","low","M151108","False","Original current-role title, not the remapped 2020 title; retained for comparison only."
"M151127","Bioinformatics Manager","151127","1511","2131.3","bioinformatics scientist","http://data.europa.eu/esco/occupation/68d973df-bf10-4bf7-9a1b-fbd9f604b9db","broader_proxy","medium","Bioinformatics function; managerial responsibilities need enrichment.","test_only_project_mapping_not_human_validated","False","1511-27","2131","","","","","no_unique_exact_esco_title_match","new_mapping","project_broader_proxy","curated_title_and_duty_decision","ReRouteHer project-derived; NOT an official MASCO-ESCO crosswalk","non_exact_title","0.818182","Inherited current-role retrieval score; not a probability or a new MASCO 2020 validation score.","False","True","Not established","ESCO skills inherited from one primary occupation. Essential/optional refers to ESCO, not a verified Malaysian requirement.","","https://www.dosm.gov.my/uploads/content-downloads/file_20220920110308.pdf#page=323","http://data.europa.eu/esco/occupation/68d973df-bf10-4bf7-9a1b-fbd9f604b9db","M151109","151109","Bioinformatics Manager","https://emasco.mohr.gov.my/masco/1511-09","2020","exact_normalized_title","high","323","https://www.dosm.gov.my/uploads/content-downloads/file_20220920110308.pdf#page=323","Current eMASCO D11 profile inherited for a MASCO 2020 identity; not 2020-specific task evidence; test only.","broader_proxy","medium","M151109","False","Original current-role title, not the remapped 2020 title; retained for comparison only."
"M151128","Creative Multimedia Manager","151128","1511","2431.7","creative director","http://data.europa.eu/esco/occupation/d2db926b-8b14-4686-9c98-fb0dc3a38cbb","broader_proxy","medium","Creative multimedia direction.","test_only_project_mapping_not_human_validated","False","1511-28","2431","","","","","no_unique_exact_esco_title_match","new_mapping","project_broader_proxy","curated_title_and_duty_decision","ReRouteHer project-derived; NOT an official MASCO-ESCO crosswalk","non_exact_title","0.744186","Inherited current-role retrieval score; not a probability or a new MASCO 2020 validation score.","False","True","Not established","ESCO skills inherited from one primary occupation. Essential/optional refers to ESCO, not a verified Malaysian requirement.","","https://www.dosm.gov.my/uploads/content-downloads/file_20220920110308.pdf#page=323","http://data.europa.eu/esco/occupation/d2db926b-8b14-4686-9c98-fb0dc3a38cbb","M151110","151110","Creative Multimedia Manager","https://emasco.mohr.gov.my/masco/1511-10","2020","exact_normalized_title","high","323","https://www.dosm.gov.my/uploads/content-downloads/file_20220920110308.pdf#page=323","Current eMASCO D11 profile inherited for a MASCO 2020 identity; not 2020-specific task evidence; test only.","broader_proxy","medium","M151110","False","Original current-role title, not the remapped 2020 title; retained for comparison only."
"M151130","Network Operations Manager","151130","1511","1330.5","ICT operations manager","http://data.europa.eu/esco/occupation/f0ca39a8-1e30-487c-95f9-ef2d5e734adc","broader_proxy","medium","ICT service/infrastructure operations; local community-centre, network or managerial scope varies.","test_only_project_mapping_not_human_validated","False","1511-30","1330","","","","","no_unique_exact_esco_title_match","new_mapping","project_broader_proxy","curated_title_and_duty_decision","ReRouteHer project-derived; NOT an official MASCO-ESCO crosswalk","non_exact_title","0.851064","Inherited current-role retrieval score; not a probability or a new MASCO 2020 validation score.","False","True","Not established","ESCO skills inherited from one primary occupation. Essential/optional refers to ESCO, not a verified Malaysian requirement.","","https://www.dosm.gov.my/uploads/content-downloads/file_20220920110308.pdf#page=323","http://data.europa.eu/esco/occupation/f0ca39a8-1e30-487c-95f9-ef2d5e734adc","M151111","151111","Network Operations Manager","https://emasco.mohr.gov.my/masco/1511-11","2020","exact_normalized_title","high","323","https://www.dosm.gov.my/uploads/content-downloads/file_20220920110308.pdf#page=323","Current eMASCO D11 profile inherited for a MASCO 2020 identity; not 2020-specific task evidence; test only.","broader_proxy","medium","M151111","False","Original current-role title, not the remapped 2020 title; retained for comparison only."
"M151132","Information Technology Business Development Manager","151132","1511","2434.2","ICT business development manager","http://data.europa.eu/esco/occupation/57b459d4-655c-4053-b189-3c249ce33faf","close_match","medium","ICT business development.","test_only_project_mapping_not_human_validated","False","1511-32","2434","","","","","no_unique_exact_esco_title_match","new_mapping","project_close_match","curated_title_and_duty_decision","ReRouteHer project-derived; NOT an official MASCO-ESCO crosswalk","non_exact_title","0.756098","Inherited current-role retrieval score; not a probability or a new MASCO 2020 validation score.","False","True","Not established","ESCO skills inherited from one primary occupation. Essential/optional refers to ESCO, not a verified Malaysian requirement.","","https://www.dosm.gov.my/uploads/content-downloads/file_20220920110308.pdf#page=323","http://data.europa.eu/esco/occupation/57b459d4-655c-4053-b189-3c249ce33faf","M151112","151112","Information Technology Business Development Manager","https://emasco.mohr.gov.my/masco/1511-12","2020","exact_normalized_title","high","323","https://www.dosm.gov.my/uploads/content-downloads/file_20220920110308.pdf#page=323","Current eMASCO D11 profile inherited for a MASCO 2020 identity; not 2020-specific task evidence; test only.","close_match","medium","M151112","False","Original current-role title, not the remapped 2020 title; retained for comparison only."
"M151135","Software Development Manager","151135","1511","1330.5.1","software manager","http://data.europa.eu/esco/occupation/f31f487b-4ce2-40f3-90e8-7d0011b4ef1d","inherited_test_proxy","low","Inherited current-role ESCO assignment, not independently revalidated for this MASCO 2020 identity. Current role explicitly manages both application and software development; both are distinct printed 2020 occupations. Original rationale: ICT development management.","test_only_project_mapping_not_human_validated","False","1511-35","1330","","","","","no_unique_exact_esco_title_match","new_mapping","project_close_match","curated_title_and_duty_decision","ReRouteHer project-derived; NOT an official MASCO-ESCO crosswalk","non_exact_title","0.935484","Inherited current-role retrieval score; not a probability or a new MASCO 2020 validation score.","False","True","Not established","ESCO skills inherited from one primary occupation. Essential/optional refers to ESCO, not a verified Malaysian requirement.","","https://www.dosm.gov.my/uploads/content-downloads/file_20220920110308.pdf#page=324","http://data.europa.eu/esco/occupation/f31f487b-4ce2-40f3-90e8-7d0011b4ef1d","M151113","151113","Software and Applications Manager","https://emasco.mohr.gov.my/masco/1511-13","2020","combined_title_split","medium","324","https://www.dosm.gov.my/uploads/content-downloads/file_20220920110308.pdf#page=324","Current eMASCO D11 profile inherited for a MASCO 2020 identity; not 2020-specific task evidence; test only.","close_match","medium","M151113","False","Original current-role title, not the remapped 2020 title; retained for comparison only."
"M161202","Director, Nursing","161202","1612","2221.2","nurse responsible for general care","http://data.europa.eu/esco/occupation/8d3e8aaa-791b-4c75-a465-f3f827028f50","inherited_test_proxy","medium","Inherited current-role ESCO assignment, not independently revalidated for this MASCO 2020 identity. Head-of-nursing leadership, nursing policy, staffing and hospital nursing operations correspond to Director, Nursing. Original rationale: Professional nursing function; chief-nurse leadership is not encoded by the proxy.","test_only_project_mapping_not_human_validated","False","1612-02","2221","","","","","no_unique_exact_esco_title_match","new_mapping","project_broader_proxy","curated_title_and_duty_decision","ReRouteHer project-derived; NOT an official MASCO-ESCO crosswalk","non_exact_title","0.72","Inherited current-role retrieval score; not a probability or a new MASCO 2020 validation score.","False","True","Not established","ESCO skills inherited from one primary occupation. Essential/optional refers to ESCO, not a verified Malaysian requirement.","","https://www.dosm.gov.my/uploads/content-downloads/file_20220920110308.pdf#page=324","http://data.europa.eu/esco/occupation/8d3e8aaa-791b-4c75-a465-f3f827028f50","M161203","161203","Chief Nurse","https://emasco.mohr.gov.my/masco/1612-03","2020","reviewed_functional_equivalent","medium","324","https://www.dosm.gov.my/uploads/content-downloads/file_20220920110308.pdf#page=324","Current eMASCO D11 profile inherited for a MASCO 2020 identity; not 2020-specific task evidence; test only.","broader_proxy","medium","M161203","False","Original current-role title, not the remapped 2020 title; retained for comparison only."
"M161210","Phytonutrients Manager","161210","1612","1223.2","research and development manager","http://data.europa.eu/esco/occupation/73ceb2f9-18e3-4cfe-9c06-e9fb31ece440","partial_proxy","low","Plant bioactive/phytonutrient R&D leadership; food biotechnology and formulation are missing specialty skills.","test_only_project_mapping_not_human_validated","False","1612-10","1223","","","","","no_unique_exact_esco_title_match","new_mapping","project_partial_proxy","curated_title_and_duty_decision","ReRouteHer project-derived; NOT an official MASCO-ESCO crosswalk","non_exact_title","0.482759","Inherited current-role retrieval score; not a probability or a new MASCO 2020 validation score.","False","True","Not established","ESCO skills inherited from one primary occupation. Essential/optional refers to ESCO, not a verified Malaysian requirement.","","https://www.dosm.gov.my/uploads/content-downloads/file_20220920110308.pdf#page=324","http://data.europa.eu/esco/occupation/73ceb2f9-18e3-4cfe-9c06-e9fb31ece440","M161201","161201","Phytonutrients Manager","https://emasco.mohr.gov.my/masco/1612-01","2020","exact_normalized_title","high","324","https://www.dosm.gov.my/uploads/content-downloads/file_20220920110308.pdf#page=324","Current eMASCO D11 profile inherited for a MASCO 2020 identity; not 2020-specific task evidence; test only.","partial_proxy","low","M161201","False","Original current-role title, not the remapped 2020 title; retained for comparison only."
"M161211","Health Educator","161211","1612","3253.1","community health worker","http://data.europa.eu/esco/occupation/c7ad889f-10fc-4346-b740-bd479ad82b47","broader_proxy","medium","Community health promotion and education; programme-level scope differs.","test_only_project_mapping_not_human_validated","False","1612-11","3253","","","","","no_unique_exact_esco_title_match","new_mapping","project_broader_proxy","curated_title_and_duty_decision","ReRouteHer project-derived; NOT an official MASCO-ESCO crosswalk","non_exact_title","0.47619","Inherited current-role retrieval score; not a probability or a new MASCO 2020 validation score.","False","True","Not established","ESCO skills inherited from one primary occupation. Essential/optional refers to ESCO, not a verified Malaysian requirement.","","https://www.dosm.gov.my/uploads/content-downloads/file_20220920110308.pdf#page=324","http://data.europa.eu/esco/occupation/c7ad889f-10fc-4346-b740-bd479ad82b47","M161202","161202","Health Educator","https://emasco.mohr.gov.my/masco/1612-02","2020","exact_normalized_title","high","324","https://www.dosm.gov.my/uploads/content-downloads/file_20220920110308.pdf#page=324","Current eMASCO D11 profile inherited for a MASCO 2020 identity; not 2020-specific task evidence; test only.","broader_proxy","medium","M161202","False","Original current-role title, not the remapped 2020 title; retained for comparison only."
"M211101","Physicist","211101","2111","2111.3","physicist","http://data.europa.eu/esco/occupation/7f2761eb-4edc-48ad-9fbf-eed0a0db9a21","close_match","high","Preferred occupation title matches after removing Malaysian grade/competency wrappers.","test_only_project_mapping_not_human_validated","False","2111-01","2111","","","","2111.3","unique_exact_preferred_title_same_isco_group","retained_mapping","project_close_match","unique_cleaned_preferred_label","ReRouteHer project-derived; NOT an official MASCO-ESCO crosswalk","exact_preferred_label","1","Inherited current-role retrieval score; not a probability or a new MASCO 2020 validation score.","True","True","Not established","ESCO skills inherited from one primary occupation. Essential/optional refers to ESCO, not a verified Malaysian requirement.","","https://www.dosm.gov.my/uploads/content-downloads/file_20220920110308.pdf#page=326","http://data.europa.eu/esco/occupation/7f2761eb-4edc-48ad-9fbf-eed0a0db9a21","M211101","211101","Physicist","https://emasco.mohr.gov.my/masco/2111-01","2020","exact_normalized_title","high","326","https://www.dosm.gov.my/uploads/content-downloads/file_20220920110308.pdf#page=326","Current eMASCO D11 profile inherited for a MASCO 2020 identity; not 2020-specific task evidence; test only.","close_match","high","M211101","True","Original current-role title, not the remapped 2020 title; retained for comparison only."
"M211129","Astronaut","211129","2111","3153.3","astronaut","http://data.europa.eu/esco/occupation/d4edb527-2e5d-440c-9f8c-cd5caa9cc4d6","close_match","high","Preferred occupation title matches after removing Malaysian grade/competency wrappers.","test_only_project_mapping_not_human_validated","False","2111-29","3153","","","","","no_unique_exact_esco_title_match","new_mapping","project_close_match","unique_cleaned_preferred_label","ReRouteHer project-derived; NOT an official MASCO-ESCO crosswalk","exact_preferred_label","1","Inherited current-role retrieval score; not a probability or a new MASCO 2020 validation score.","False","True","Not established","ESCO skills inherited from one primary occupation. Essential/optional refers to ESCO, not a verified Malaysian requirement.","","https://www.dosm.gov.my/uploads/content-downloads/file_20220920110308.pdf#page=327","http://data.europa.eu/esco/occupation/d4edb527-2e5d-440c-9f8c-cd5caa9cc4d6","M211102","211102","Astronaut","https://emasco.mohr.gov.my/masco/2111-02","2020","exact_normalized_title","high","327","https://www.dosm.gov.my/uploads/content-downloads/file_20220920110308.pdf#page=327","Current eMASCO D11 profile inherited for a MASCO 2020 identity; not 2020-specific task evidence; test only.","close_match","high","M211102","False","Original current-role title, not the remapped 2020 title; retained for comparison only."
"M211201","Meteorological Officer Grade C41","211201","2112","2112.1","meteorologist","http://data.europa.eu/esco/occupation/1c862e14-80f8-4aa8-8f1c-fd2ca95b63ad","broader_proxy","medium","Meteorology occupation; environmental/numerical-forecast specialty or public-service grade is not separately represented.","test_only_project_mapping_not_human_validated","False","2112-01","2112","","","","","no_unique_exact_esco_title_match","new_mapping","project_broader_proxy","curated_title_and_duty_decision","ReRouteHer project-derived; NOT an official MASCO-ESCO crosswalk","non_exact_title","0.628571","Inherited current-role retrieval score; not a probability or a new MASCO 2020 validation score.","True","True","Not established","ESCO skills inherited from one primary occupation. Essential/optional refers to ESCO, not a verified Malaysian requirement.","","https://www.dosm.gov.my/uploads/content-downloads/file_20220920110308.pdf#page=327","http://data.europa.eu/esco/occupation/1c862e14-80f8-4aa8-8f1c-fd2ca95b63ad","M211204","211204","Meteorological Officer Grade C9","https://emasco.mohr.gov.my/masco/2112-04","2020","grade_reversion","high","327","https://www.dosm.gov.my/uploads/content-downloads/file_20220920110308.pdf#page=327","Current eMASCO D11 profile inherited for a MASCO 2020 identity; not 2020-specific task evidence; test only.","broader_proxy","medium","M211204","True","Original current-role title, not the remapped 2020 title; retained for comparison only."
"M211202","Meteorologist","211202","2112","2112.1","meteorologist","http://data.europa.eu/esco/occupation/1c862e14-80f8-4aa8-8f1c-fd2ca95b63ad","close_match","high","Preferred occupation title matches after removing Malaysian grade/competency wrappers.","test_only_project_mapping_not_human_validated","False","2112-02","2112","","","","2112.1","unique_exact_preferred_title_same_isco_group","retained_mapping","project_close_match","unique_cleaned_preferred_label","ReRouteHer project-derived; NOT an official MASCO-ESCO crosswalk","exact_preferred_label","1","Inherited current-role retrieval score; not a probability or a new MASCO 2020 validation score.","True","True","Not established","ESCO skills inherited from one primary occupation. Essential/optional refers to ESCO, not a verified Malaysian requirement.","","https://www.dosm.gov.my/uploads/content-downloads/file_20220920110308.pdf#page=327","http://data.europa.eu/esco/occupation/1c862e14-80f8-4aa8-8f1c-fd2ca95b63ad","M211201","211201","Meteorologist","https://emasco.mohr.gov.my/masco/2112-01","2020","exact_normalized_title","high","327","https://www.dosm.gov.my/uploads/content-downloads/file_20220920110308.pdf#page=327","Current eMASCO D11 profile inherited for a MASCO 2020 identity; not 2020-specific task evidence; test only.","close_match","high","M211201","True","Original current-role title, not the remapped 2020 title; retained for comparison only."
"M211210","Meteorologist, Environmental","211210","2112","2112.1","meteorologist","http://data.europa.eu/esco/occupation/1c862e14-80f8-4aa8-8f1c-fd2ca95b63ad","broader_proxy","medium","Meteorology occupation; environmental/numerical-forecast specialty or public-service grade is not separately represented.","test_only_project_mapping_not_human_validated","False","2112-10","2112","","","","","no_unique_exact_esco_title_match","new_mapping","project_broader_proxy","curated_title_and_duty_decision","ReRouteHer project-derived; NOT an official MASCO-ESCO crosswalk","non_exact_title","0.65","Inherited current-role retrieval score; not a probability or a new MASCO 2020 validation score.","True","True","Not established","ESCO skills inherited from one primary occupation. Essential/optional refers to ESCO, not a verified Malaysian requirement.","","https://www.dosm.gov.my/uploads/content-downloads/file_20220920110308.pdf#page=327","http://data.europa.eu/esco/occupation/1c862e14-80f8-4aa8-8f1c-fd2ca95b63ad","M211202","211202","Meteorologist (Environmental)","https://emasco.mohr.gov.my/masco/2112-02","2020","exact_normalized_title","high","327","https://www.dosm.gov.my/uploads/content-downloads/file_20220920110308.pdf#page=327","Current eMASCO D11 profile inherited for a MASCO 2020 identity; not 2020-specific task evidence; test only.","broader_proxy","medium","M211202","True","Original current-role title, not the remapped 2020 title; retained for comparison only."
"M211211","Meteorologist, Numerical Weather Prediction Modeling","211211","2112","2112.1","meteorologist","http://data.europa.eu/esco/occupation/1c862e14-80f8-4aa8-8f1c-fd2ca95b63ad","broader_proxy","medium","Meteorology occupation; environmental/numerical-forecast specialty or public-service grade is not separately represented.","test_only_project_mapping_not_human_validated","False","2112-11","2112","","","","","no_unique_exact_esco_title_match","new_mapping","project_broader_proxy","curated_title_and_duty_decision","ReRouteHer project-derived; NOT an official MASCO-ESCO crosswalk","non_exact_title","0.432432","Inherited current-role retrieval score; not a probability or a new MASCO 2020 validation score.","True","True","Not established","ESCO skills inherited from one primary occupation. Essential/optional refers to ESCO, not a verified Malaysian requirement.","","https://www.dosm.gov.my/uploads/content-downloads/file_20220920110308.pdf#page=327","http://data.europa.eu/esco/occupation/1c862e14-80f8-4aa8-8f1c-fd2ca95b63ad","M211203","211203","Meteorologist (Numerical Weather Prediction Modelling)","https://emasco.mohr.gov.my/masco/2112-03","2020","title_variant","high","327","https://www.dosm.gov.my/uploads/content-downloads/file_20220920110308.pdf#page=327","Current eMASCO D11 profile inherited for a MASCO 2020 identity; not 2020-specific task evidence; test only.","broader_proxy","medium","M211203","True","Original current-role title, not the remapped 2020 title; retained for comparison only."
"M211302","Chemist","211302","2113","2113.1","chemist","http://data.europa.eu/esco/occupation/0d93706d-32fd-4de3-aa08-be1003e325da","close_match","high","Preferred occupation title matches after removing Malaysian grade/competency wrappers.","test_only_project_mapping_not_human_validated","False","2113-02","2113","","","","2113.1","unique_exact_preferred_title_same_isco_group","retained_mapping","project_close_match","unique_cleaned_preferred_label","ReRouteHer project-derived; NOT an official MASCO-ESCO crosswalk","exact_preferred_label","1","Inherited current-role retrieval score; not a probability or a new MASCO 2020 validation score.","True","True","Not established","ESCO skills inherited from one primary occupation. Essential/optional refers to ESCO, not a verified Malaysian requirement.","","https://www.dosm.gov.my/uploads/content-downloads/file_20220920110308.pdf#page=327","http://data.europa.eu/esco/occupation/0d93706d-32fd-4de3-aa08-be1003e325da","M211301","211301","Chemist","https://emasco.mohr.gov.my/masco/2113-01","2020","exact_normalized_title","high","327","https://www.dosm.gov.my/uploads/content-downloads/file_20220920110308.pdf#page=327","Current eMASCO D11 profile inherited for a MASCO 2020 identity; not 2020-specific task evidence; test only.","close_match","high","M211301","True","Original current-role title, not the remapped 2020 title; retained for comparison only."
"M211402","Geologist","211402","2114","2114.1","geologist","http://data.europa.eu/esco/occupation/c6196b21-20f9-4608-83fb-6f143afc740d","close_match","high","Preferred occupation title matches after removing Malaysian grade/competency wrappers.","test_only_project_mapping_not_human_validated","False","2114-02","2114","","","","2114.1","unique_exact_preferred_title_same_isco_group","retained_mapping","project_close_match","unique_cleaned_preferred_label","ReRouteHer project-derived; NOT an official MASCO-ESCO crosswalk","exact_preferred_label","1","Inherited current-role retrieval score; not a probability or a new MASCO 2020 validation score.","True","True","Not established","ESCO skills inherited from one primary occupation. Essential/optional refers to ESCO, not a verified Malaysian requirement.","","https://www.dosm.gov.my/uploads/content-downloads/file_20220920110308.pdf#page=328","http://data.europa.eu/esco/occupation/c6196b21-20f9-4608-83fb-6f143afc740d","M211401","211401","Geologist","https://emasco.mohr.gov.my/masco/2114-01","2020","exact_normalized_title","high","328","https://www.dosm.gov.my/uploads/content-downloads/file_20220920110308.pdf#page=328","Current eMASCO D11 profile inherited for a MASCO 2020 identity; not 2020-specific task evidence; test only.","close_match","high","M211401","True","Original current-role title, not the remapped 2020 title; retained for comparison only."
"M211424","Hydrologist","211424","2114","2114.1.5","hydrologist","http://data.europa.eu/esco/occupation/55167849-82cf-484e-b818-fa702a4e69e9","close_match","high","Preferred occupation title matches after removing Malaysian grade/competency wrappers.","test_only_project_mapping_not_human_validated","False","2114-24","2114","","","","2114.1.5","unique_exact_preferred_title_same_isco_group","retained_mapping","project_close_match","unique_cleaned_preferred_label","ReRouteHer project-derived; NOT an official MASCO-ESCO crosswalk","exact_preferred_label","1","Inherited current-role retrieval score; not a probability or a new MASCO 2020 validation score.","True","True","Not established","ESCO skills inherited from one primary occupation. Essential/optional refers to ESCO, not a verified Malaysian requirement.","","https://www.dosm.gov.my/uploads/content-downloads/file_20220920110308.pdf#page=328","http://data.europa.eu/esco/occupation/55167849-82cf-484e-b818-fa702a4e69e9","M211402","211402","Hydrologist","https://emasco.mohr.gov.my/masco/2114-02","2020","exact_normalized_title","high","328","https://www.dosm.gov.my/uploads/content-downloads/file_20220920110308.pdf#page=328","Current eMASCO D11 profile inherited for a MASCO 2020 identity; not 2020-specific task evidence; test only.","close_match","high","M211402","True","Original current-role title, not the remapped 2020 title; retained for comparison only."
"M211432","Geoscientist","211432","2114","2114.1","geologist","http://data.europa.eu/esco/occupation/c6196b21-20f9-4608-83fb-6f143afc740d","broader_proxy","medium","Geoscience proxy based on geological study; not every geoscience specialty is covered.","test_only_project_mapping_not_human_validated","False","2114-32","2114","","","","","no_unique_exact_esco_title_match","new_mapping","project_broader_proxy","curated_title_and_duty_decision","ReRouteHer project-derived; NOT an official MASCO-ESCO crosswalk","non_exact_title","0.827586","Inherited current-role retrieval score; not a probability or a new MASCO 2020 validation score.","True","True","Not established","ESCO skills inherited from one primary occupation. Essential/optional refers to ESCO, not a verified Malaysian requirement.","","https://www.dosm.gov.my/uploads/content-downloads/file_20220920110308.pdf#page=328","http://data.europa.eu/esco/occupation/c6196b21-20f9-4608-83fb-6f143afc740d","M211403","211403","Geoscientist","https://emasco.mohr.gov.my/masco/2114-03","2020","exact_normalized_title","high","328","https://www.dosm.gov.my/uploads/content-downloads/file_20220920110308.pdf#page=328","Current eMASCO D11 profile inherited for a MASCO 2020 identity; not 2020-specific task evidence; test only.","broader_proxy","medium","M211403","True","Original current-role title, not the remapped 2020 title; retained for comparison only."
"M212101","Statistician Grade E41","212101","2121","2120.6","statistician","http://data.europa.eu/esco/occupation/ac8b3cd1-a127-4e6a-8208-5cfcf7111955","close_match","high","Statistical professional work; government grade is not an ESCO occupation.","test_only_project_mapping_not_human_validated","False","2121-01","2120","","","","","no_unique_exact_esco_title_match","new_mapping","project_close_match","curated_title_and_duty_decision","ReRouteHer project-derived; NOT an official MASCO-ESCO crosswalk","exact_preferred_label","1","Inherited current-role retrieval score; not a probability or a new MASCO 2020 validation score.","False","True","Not established","ESCO skills inherited from one primary occupation. Essential/optional refers to ESCO, not a verified Malaysian requirement.","","https://www.dosm.gov.my/uploads/content-downloads/file_20220920110308.pdf#page=328","http://data.europa.eu/esco/occupation/ac8b3cd1-a127-4e6a-8208-5cfcf7111955","M212105","212105","Statistician Grade E9","https://emasco.mohr.gov.my/masco/2121-05","2020","grade_reversion","high","328","https://www.dosm.gov.my/uploads/content-downloads/file_20220920110308.pdf#page=328","Current eMASCO D11 profile inherited for a MASCO 2020 identity; not 2020-specific task evidence; test only.","close_match","high","M212105","False","Original current-role title, not the remapped 2020 title; retained for comparison only."
"M212102","Mathematician","212102","2121","2120.5","mathematician","http://data.europa.eu/esco/occupation/72628f3a-fd49-499a-9741-870b0a1fcef2","close_match","high","Mathematical professional work, not an assistant occupation.","test_only_project_mapping_not_human_validated","False","2121-02","2120","","","","","no_unique_exact_esco_title_match","new_mapping","project_close_match","curated_title_and_duty_decision","ReRouteHer project-derived; NOT an official MASCO-ESCO crosswalk","exact_preferred_label","1","Inherited current-role retrieval score; not a probability or a new MASCO 2020 validation score.","False","True","Not established","ESCO skills inherited from one primary occupation. Essential/optional refers to ESCO, not a verified Malaysian requirement.","","https://www.dosm.gov.my/uploads/content-downloads/file_20220920110308.pdf#page=329","http://data.europa.eu/esco/occupation/72628f3a-fd49-499a-9741-870b0a1fcef2","M212101","212101","Mathematician","https://emasco.mohr.gov.my/masco/2121-01","2020","exact_normalized_title","high","329","https://www.dosm.gov.my/uploads/content-downloads/file_20220920110308.pdf#page=329","Current eMASCO D11 profile inherited for a MASCO 2020 identity; not 2020-specific task evidence; test only.","close_match","high","M212101","False","Original current-role title, not the remapped 2020 title; retained for comparison only."
"M212106","Statistician, Applied Statistics","212106","2121","2120.6","statistician","http://data.europa.eu/esco/occupation/ac8b3cd1-a127-4e6a-8208-5cfcf7111955","inherited_test_proxy","medium","Inherited current-role ESCO assignment, not independently revalidated for this MASCO 2020 identity. The current generic statistician performs applied statistical analysis; retain the 2020 applied-statistics occupation, not a public-service grade or every statistical specialty. Original rationale: Statistical professional work; government grade is not an ESCO occupation.","test_only_project_mapping_not_human_validated","False","2121-06","2120","","","","","no_unique_exact_esco_title_match","new_mapping","project_close_match","curated_title_and_duty_decision","ReRouteHer project-derived; NOT an official MASCO-ESCO crosswalk","exact_preferred_label","1","Inherited current-role retrieval score; not a probability or a new MASCO 2020 validation score.","False","True","Not established","ESCO skills inherited from one primary occupation. Essential/optional refers to ESCO, not a verified Malaysian requirement.","","https://www.dosm.gov.my/uploads/content-downloads/file_20220920110308.pdf#page=329","http://data.europa.eu/esco/occupation/ac8b3cd1-a127-4e6a-8208-5cfcf7111955","M212102","212102","Statistician","https://emasco.mohr.gov.my/masco/2121-02","2020","reviewed_functional_equivalent","medium","329","https://www.dosm.gov.my/uploads/content-downloads/file_20220920110308.pdf#page=329","Current eMASCO D11 profile inherited for a MASCO 2020 identity; not 2020-specific task evidence; test only.","close_match","high","M212102","False","Original current-role title, not the remapped 2020 title; retained for comparison only."
"M212112","Pricing Actuarie","212112","2121","2120.1","actuarial consultant","http://data.europa.eu/esco/occupation/068c2787-58ff-468e-bbb6-c4e5dd6ee482","inherited_test_proxy","low","Inherited current-role ESCO assignment, not independently revalidated for this MASCO 2020 identity. The generic current actuary explicitly performs pricing and valuation/reserving. Retain these 2020 specialisations; do not infer the formal Appointed Actuary status. Original rationale: Actuarial calculations, risk modelling and valuation.","test_only_project_mapping_not_human_validated","False","2121-12","2120","","","","","no_unique_exact_esco_title_match","new_mapping","project_close_match","curated_title_and_duty_decision","ReRouteHer project-derived; NOT an official MASCO-ESCO crosswalk","exact_alternate_label","1","Inherited current-role retrieval score; not a probability or a new MASCO 2020 validation score.","False","True","Not established","ESCO skills inherited from one primary occupation. Essential/optional refers to ESCO, not a verified Malaysian requirement.","","https://www.dosm.gov.my/uploads/content-downloads/file_20220920110308.pdf#page=329","http://data.europa.eu/esco/occupation/068c2787-58ff-468e-bbb6-c4e5dd6ee482","M212103","212103","Actuary","https://emasco.mohr.gov.my/masco/2121-03","2020","combined_title_split","medium","329","https://www.dosm.gov.my/uploads/content-downloads/file_20220920110308.pdf#page=329","Current eMASCO D11 profile inherited for a MASCO 2020 identity; not 2020-specific task evidence; test only.","close_match","medium","M212103","False","Original current-role title, not the remapped 2020 title; retained for comparison only."
"M212113","Valuation Actuarie","212113","2121","2120.1","actuarial consultant","http://data.europa.eu/esco/occupation/068c2787-58ff-468e-bbb6-c4e5dd6ee482","inherited_test_proxy","low","Inherited current-role ESCO assignment, not independently revalidated for this MASCO 2020 identity. The generic current actuary explicitly performs pricing and valuation/reserving. Retain these 2020 specialisations; do not infer the formal Appointed Actuary status. Original rationale: Actuarial calculations, risk modelling and valuation.","test_only_project_mapping_not_human_validated","False","2121-13","2120","","","","","no_unique_exact_esco_title_match","new_mapping","project_close_match","curated_title_and_duty_decision","ReRouteHer project-derived; NOT an official MASCO-ESCO crosswalk","exact_alternate_label","1","Inherited current-role retrieval score; not a probability or a new MASCO 2020 validation score.","False","True","Not established","ESCO skills inherited from one primary occupation. Essential/optional refers to ESCO, not a verified Malaysian requirement.","","https://www.dosm.gov.my/uploads/content-downloads/file_20220920110308.pdf#page=329","http://data.europa.eu/esco/occupation/068c2787-58ff-468e-bbb6-c4e5dd6ee482","M212103","212103","Actuary","https://emasco.mohr.gov.my/masco/2121-03","2020","combined_title_split","medium","329","https://www.dosm.gov.my/uploads/content-downloads/file_20220920110308.pdf#page=329","Current eMASCO D11 profile inherited for a MASCO 2020 identity; not 2020-specific task evidence; test only.","close_match","medium","M212103","False","Original current-role title, not the remapped 2020 title; retained for comparison only."
"M212115","Metrologist","212115","2121","2112.2","metrologist","http://data.europa.eu/esco/occupation/fa5b9075-3796-4e86-be0a-b5e6d725c25a","close_match","high","Metrology measurement science, not meteorology.","test_only_project_mapping_not_human_validated","False","2121-15","2112","","","","","no_unique_exact_esco_title_match","new_mapping","project_close_match","curated_title_and_duty_decision","ReRouteHer project-derived; NOT an official MASCO-ESCO crosswalk","exact_preferred_label","1","Inherited current-role retrieval score; not a probability or a new MASCO 2020 validation score.","False","True","Not established","ESCO skills inherited from one primary occupation. Essential/optional refers to ESCO, not a verified Malaysian requirement.","","https://www.dosm.gov.my/uploads/content-downloads/file_20220920110308.pdf#page=329","http://data.europa.eu/esco/occupation/fa5b9075-3796-4e86-be0a-b5e6d725c25a","M212104","212104","Metrologist","https://emasco.mohr.gov.my/masco/2121-04","2020","exact_normalized_title","high","329","https://www.dosm.gov.my/uploads/content-downloads/file_20220920110308.pdf#page=329","Current eMASCO D11 profile inherited for a MASCO 2020 identity; not 2020-specific task evidence; test only.","close_match","high","M212104","False","Original current-role title, not the remapped 2020 title; retained for comparison only."
"M213101","Wildlife Officer Grade G41","213101","2131","2133.9","nature conservation officer","http://data.europa.eu/esco/occupation/80d880ec-3bae-45a2-a2d3-41345ee0b319","broader_proxy","medium","Wildlife protection and conservation officer duties.","test_only_project_mapping_not_human_validated","False","2131-01","2133","","","","","no_unique_exact_esco_title_match","new_mapping","project_broader_proxy","curated_title_and_duty_decision","ReRouteHer project-derived; NOT an official MASCO-ESCO crosswalk","non_exact_title","0.578947","Inherited current-role retrieval score; not a probability or a new MASCO 2020 validation score.","False","True","Not established","ESCO skills inherited from one primary occupation. Essential/optional refers to ESCO, not a verified Malaysian requirement.","","https://www.dosm.gov.my/uploads/content-downloads/file_20220920110308.pdf#page=329","http://data.europa.eu/esco/occupation/80d880ec-3bae-45a2-a2d3-41345ee0b319","M213107","213107","Wildlife Officer Grade G9","https://emasco.mohr.gov.my/masco/2131-07","2020","grade_reversion","high","329","https://www.dosm.gov.my/uploads/content-downloads/file_20220920110308.pdf#page=329","Current eMASCO D11 profile inherited for a MASCO 2020 identity; not 2020-specific task evidence; test only.","broader_proxy","medium","M213107","False","Original current-role title, not the remapped 2020 title; retained for comparison only."
"M213103","Microbiologist","213103","2131","2131.4.10","microbiologist","http://data.europa.eu/esco/occupation/a7a74a05-3dd0-46c6-99af-92df8042520c","close_match","high","Preferred occupation title matches after removing Malaysian grade/competency wrappers.","test_only_project_mapping_not_human_validated","False","2131-03","2131","","","","2131.4.10","unique_exact_preferred_title_same_isco_group","retained_mapping","project_close_match","unique_cleaned_preferred_label","ReRouteHer project-derived; NOT an official MASCO-ESCO crosswalk","exact_preferred_label","1","Inherited current-role retrieval score; not a probability or a new MASCO 2020 validation score.","True","True","Not established","ESCO skills inherited from one primary occupation. Essential/optional refers to ESCO, not a verified Malaysian requirement.","","https://www.dosm.gov.my/uploads/content-downloads/file_20220920110308.pdf#page=329","http://data.europa.eu/esco/occupation/a7a74a05-3dd0-46c6-99af-92df8042520c","M213101","213101","Microbiologist","https://emasco.mohr.gov.my/masco/2131-01","2020","exact_normalized_title","high","329","https://www.dosm.gov.my/uploads/content-downloads/file_20220920110308.pdf#page=329","Current eMASCO D11 profile inherited for a MASCO 2020 identity; not 2020-specific task evidence; test only.","close_match","high","M213101","True","Original current-role title, not the remapped 2020 title; retained for comparison only."
"M213104","Serologist","213104","2131","2131.6","immunologist","http://data.europa.eu/esco/occupation/b5d1912e-89c7-4a66-ab96-0dc5f4f6c426","broader_proxy","medium","Serological immunology research; serology specialty is not separately represented.","test_only_project_mapping_not_human_validated","False","2131-04","2131","","","","","no_unique_exact_esco_title_match","new_mapping","project_broader_proxy","curated_title_and_duty_decision","ReRouteHer project-derived; NOT an official MASCO-ESCO crosswalk","non_exact_title","0.636364","Inherited current-role retrieval score; not a probability or a new MASCO 2020 validation score.","True","True","Not established","ESCO skills inherited from one primary occupation. Essential/optional refers to ESCO, not a verified Malaysian requirement.","","https://www.dosm.gov.my/uploads/content-downloads/file_20220920110308.pdf#page=329","http://data.europa.eu/esco/occupation/b5d1912e-89c7-4a66-ab96-0dc5f4f6c426","M213102","213102","Serologist","https://emasco.mohr.gov.my/masco/2131-02","2020","exact_normalized_title","high","329","https://www.dosm.gov.my/uploads/content-downloads/file_20220920110308.pdf#page=329","Current eMASCO D11 profile inherited for a MASCO 2020 identity; not 2020-specific task evidence; test only.","broader_proxy","medium","M213102","True","Original current-role title, not the remapped 2020 title; retained for comparison only."
"M213108","Biologist","213108","2131","2131.4","biologist","http://data.europa.eu/esco/occupation/eee68e13-8248-43bb-a9fb-959832a6c217","close_match","high","Preferred occupation title matches after removing Malaysian grade/competency wrappers.","test_only_project_mapping_not_human_validated","False","2131-08","2131","","","","2131.4","unique_exact_preferred_title_same_isco_group","retained_mapping","project_close_match","unique_cleaned_preferred_label","ReRouteHer project-derived; NOT an official MASCO-ESCO crosswalk","exact_preferred_label","1","Inherited current-role retrieval score; not a probability or a new MASCO 2020 validation score.","True","True","Not established","ESCO skills inherited from one primary occupation. Essential/optional refers to ESCO, not a verified Malaysian requirement.","","https://www.dosm.gov.my/uploads/content-downloads/file_20220920110308.pdf#page=329","http://data.europa.eu/esco/occupation/eee68e13-8248-43bb-a9fb-959832a6c217","M213103","213103","Biologist","https://emasco.mohr.gov.my/masco/2131-03","2020","exact_normalized_title","high","329","https://www.dosm.gov.my/uploads/content-downloads/file_20220920110308.pdf#page=329","Current eMASCO D11 profile inherited for a MASCO 2020 identity; not 2020-specific task evidence; test only.","close_match","high","M213103","True","Original current-role title, not the remapped 2020 title; retained for comparison only."
"M213117","Cystologist","213117","2131","2269.13.1","cytotechnologist","http://data.europa.eu/esco/occupation/d117ef65-b253-4f04-bc85-353ef853443a","partial_proxy","low","Cytological specimen analysis; scientist/technologist qualification scope needs review.","test_only_project_mapping_not_human_validated","False","2131-17","2269","","","","","no_unique_exact_esco_title_match","new_mapping","project_partial_proxy","curated_title_and_duty_decision","ReRouteHer project-derived; NOT an official MASCO-ESCO crosswalk","non_exact_title","0.769231","Inherited current-role retrieval score; not a probability or a new MASCO 2020 validation score.","False","True","Not established","ESCO skills inherited from one primary occupation. Essential/optional refers to ESCO, not a verified Malaysian requirement.","","https://www.dosm.gov.my/uploads/content-downloads/file_20220920110308.pdf#page=329","http://data.europa.eu/esco/occupation/d117ef65-b253-4f04-bc85-353ef853443a","M213104","213104","Cytologist","https://emasco.mohr.gov.my/masco/2131-04","2020","title_variant","high","329","https://www.dosm.gov.my/uploads/content-downloads/file_20220920110308.pdf#page=329","Current eMASCO D11 profile inherited for a MASCO 2020 identity; not 2020-specific task evidence; test only.","partial_proxy","low","M213104","False","Original current-role title, not the remapped 2020 title; retained for comparison only."
"M213120","Botanist","213120","2131","2131.4.6","botanist","http://data.europa.eu/esco/occupation/55f001af-fa48-4c0c-a7e5-fc69babe3d45","close_match","high","Preferred occupation title matches after removing Malaysian grade/competency wrappers.","test_only_project_mapping_not_human_validated","False","2131-20","2131","","","","2131.4.6","unique_exact_preferred_title_same_isco_group","retained_mapping","project_close_match","unique_cleaned_preferred_label","ReRouteHer project-derived; NOT an official MASCO-ESCO crosswalk","exact_preferred_label","1","Inherited current-role retrieval score; not a probability or a new MASCO 2020 validation score.","True","True","Not established","ESCO skills inherited from one primary occupation. Essential/optional refers to ESCO, not a verified Malaysian requirement.","","https://www.dosm.gov.my/uploads/content-downloads/file_20220920110308.pdf#page=329","http://data.europa.eu/esco/occupation/55f001af-fa48-4c0c-a7e5-fc69babe3d45","M213105","213105","Botanist","https://emasco.mohr.gov.my/masco/2131-05","2020","exact_normalized_title","high","329","https://www.dosm.gov.my/uploads/content-downloads/file_20220920110308.pdf#page=329","Current eMASCO D11 profile inherited for a MASCO 2020 identity; not 2020-specific task evidence; test only.","close_match","high","M213105","True","Original current-role title, not the remapped 2020 title; retained for comparison only."
"M213151","Ecologist","213151","2131","2133.5","ecologist","http://data.europa.eu/esco/occupation/89b87aa2-4008-4cc7-96f8-e2b5ffe59f28","close_match","high","Ecological research.","test_only_project_mapping_not_human_validated","False","2131-51","2133","","","","","no_unique_exact_esco_title_match","new_mapping","project_close_match","curated_title_and_duty_decision","ReRouteHer project-derived; NOT an official MASCO-ESCO crosswalk","exact_preferred_label","1","Inherited current-role retrieval score; not a probability or a new MASCO 2020 validation score.","False","True","Not established","ESCO skills inherited from one primary occupation. Essential/optional refers to ESCO, not a verified Malaysian requirement.","","https://www.dosm.gov.my/uploads/content-downloads/file_20220920110308.pdf#page=330","http://data.europa.eu/esco/occupation/89b87aa2-4008-4cc7-96f8-e2b5ffe59f28","M213106","213106","Ecologist","https://emasco.mohr.gov.my/masco/2131-06","2020","exact_normalized_title","high","330","https://www.dosm.gov.my/uploads/content-downloads/file_20220920110308.pdf#page=330","Current eMASCO D11 profile inherited for a MASCO 2020 identity; not 2020-specific task evidence; test only.","close_match","high","M213106","False","Original current-role title, not the remapped 2020 title; retained for comparison only."
"M213169","Arborist","213169","2131","6112.1","arboriculturist","http://data.europa.eu/esco/occupation/b865693a-eb11-44cc-bf6c-38e5b4d7e169","inherited_test_proxy","low","Inherited current-role ESCO assignment, not independently revalidated for this MASCO 2020 identity. Current title explicitly names Horticulturist and Arborist, which have separate 2020 codes. Original rationale: Arboriculture component selected; broader horticultural work is not fully represented.","test_only_project_mapping_not_human_validated","False","2131-69","6112","","","","","no_unique_exact_esco_title_match","new_mapping","project_partial_proxy","curated_title_and_duty_decision","ReRouteHer project-derived; NOT an official MASCO-ESCO crosswalk","non_exact_title","0.666667","Inherited current-role retrieval score; not a probability or a new MASCO 2020 validation score.","False","True","Not established","ESCO skills inherited from one primary occupation. Essential/optional refers to ESCO, not a verified Malaysian requirement.","","https://www.dosm.gov.my/uploads/content-downloads/file_20220920110308.pdf#page=330","http://data.europa.eu/esco/occupation/b865693a-eb11-44cc-bf6c-38e5b4d7e169","M213304","213304","Horticulturist/Arborist","https://emasco.mohr.gov.my/masco/2133-04","2020","combined_title_split","medium","330","https://www.dosm.gov.my/uploads/content-downloads/file_20220920110308.pdf#page=330","Current eMASCO D11 profile inherited for a MASCO 2020 identity; not 2020-specific task evidence; test only.","partial_proxy","low","M213304","False","Original current-role title, not the remapped 2020 title; retained for comparison only."
"M213202","Conservator of Forests Grade G41","213202","2132","2132.5","forestry adviser","http://data.europa.eu/esco/occupation/fa32eb3f-5c9f-4668-8f85-5eefb3badab8","partial_proxy","low","Forest resource conservation and advice; enforcement duties differ from an advisory occupation.","test_only_project_mapping_not_human_validated","False","2132-02","2132","","","","","no_unique_exact_esco_title_match","new_mapping","project_partial_proxy","curated_title_and_duty_decision","ReRouteHer project-derived; NOT an official MASCO-ESCO crosswalk","non_exact_title","0.368421","Inherited current-role retrieval score; not a probability or a new MASCO 2020 validation score.","True","True","Not established","ESCO skills inherited from one primary occupation. Essential/optional refers to ESCO, not a verified Malaysian requirement.","","https://www.dosm.gov.my/uploads/content-downloads/file_20220920110308.pdf#page=330","http://data.europa.eu/esco/occupation/fa32eb3f-5c9f-4668-8f85-5eefb3badab8","M213206","213206","Conservator of Forests Grade G9","https://emasco.mohr.gov.my/masco/2132-06","2020","grade_reversion","high","330","https://www.dosm.gov.my/uploads/content-downloads/file_20220920110308.pdf#page=330","Current eMASCO D11 profile inherited for a MASCO 2020 identity; not 2020-specific task evidence; test only.","partial_proxy","low","M213206","True","Original current-role title, not the remapped 2020 title; retained for comparison only."
"M213203","Agricultural Officer Grade G41","213203","2132","2132.2","agronomist","http://data.europa.eu/esco/occupation/c40ef517-d4ab-4932-b184-9c2ea5b24fe2","partial_proxy","low","Applied crop and agricultural advice; regulatory and public-officer duties are only partly represented.","test_only_project_mapping_not_human_validated","False","2132-03","2132","","","","","no_unique_exact_esco_title_match","new_mapping","project_partial_proxy","curated_title_and_duty_decision","ReRouteHer project-derived; NOT an official MASCO-ESCO crosswalk","non_exact_title","0.682927","Inherited current-role retrieval score; not a probability or a new MASCO 2020 validation score.","True","True","Not established","ESCO skills inherited from one primary occupation. Essential/optional refers to ESCO, not a verified Malaysian requirement.","","https://www.dosm.gov.my/uploads/content-downloads/file_20220920110308.pdf#page=330","http://data.europa.eu/esco/occupation/c40ef517-d4ab-4932-b184-9c2ea5b24fe2","M213207","213207","Agricultural Officer Grade G9","https://emasco.mohr.gov.my/masco/2132-07","2020","grade_reversion","high","330","https://www.dosm.gov.my/uploads/content-downloads/file_20220920110308.pdf#page=330","Current eMASCO D11 profile inherited for a MASCO 2020 identity; not 2020-specific task evidence; test only.","partial_proxy","low","M213207","True","Original current-role title, not the remapped 2020 title; retained for comparison only."
"M213204","Land Planning Officer Grade G41","213204","2132","2164.1","land planner","http://data.europa.eu/esco/occupation/44508e7b-f56b-4bfb-9cd6-879838aecd94","close_match","medium","Land-use planning.","test_only_project_mapping_not_human_validated","False","2132-04","2164","","","","","no_unique_exact_esco_title_match","new_mapping","project_close_match","curated_title_and_duty_decision","ReRouteHer project-derived; NOT an official MASCO-ESCO crosswalk","non_exact_title","0.727273","Inherited current-role retrieval score; not a probability or a new MASCO 2020 validation score.","False","True","Not established","ESCO skills inherited from one primary occupation. Essential/optional refers to ESCO, not a verified Malaysian requirement.","","https://www.dosm.gov.my/uploads/content-downloads/file_20220920110308.pdf#page=330","http://data.europa.eu/esco/occupation/44508e7b-f56b-4bfb-9cd6-879838aecd94","M213208","213208","Land Planning Officer Grade G9","https://emasco.mohr.gov.my/masco/2132-08","2020","grade_reversion","high","330","https://www.dosm.gov.my/uploads/content-downloads/file_20220920110308.pdf#page=330","Current eMASCO D11 profile inherited for a MASCO 2020 identity; not 2020-specific task evidence; test only.","close_match","medium","M213208","False","Original current-role title, not the remapped 2020 title; retained for comparison only."
"M213205","Agricultural Officer","213205","2132","2132.2","agronomist","http://data.europa.eu/esco/occupation/c40ef517-d4ab-4932-b184-9c2ea5b24fe2","partial_proxy","low","Applied crop and agricultural advice; regulatory and public-officer duties are only partly represented.","test_only_project_mapping_not_human_validated","False","2132-05","2132","","","","","no_unique_exact_esco_title_match","new_mapping","project_partial_proxy","curated_title_and_duty_decision","ReRouteHer project-derived; NOT an official MASCO-ESCO crosswalk","non_exact_title","0.682927","Inherited current-role retrieval score; not a probability or a new MASCO 2020 validation score.","True","True","Not established","ESCO skills inherited from one primary occupation. Essential/optional refers to ESCO, not a verified Malaysian requirement.","","https://www.dosm.gov.my/uploads/content-downloads/file_20220920110308.pdf#page=330","http://data.europa.eu/esco/occupation/c40ef517-d4ab-4932-b184-9c2ea5b24fe2","M213201","213201","Agricultural Officer","https://emasco.mohr.gov.my/masco/2132-01","2020","exact_normalized_title","high","330","https://www.dosm.gov.my/uploads/content-downloads/file_20220920110308.pdf#page=330","Current eMASCO D11 profile inherited for a MASCO 2020 identity; not 2020-specific task evidence; test only.","partial_proxy","low","M213201","True","Original current-role title, not the remapped 2020 title; retained for comparison only."
"M213209","Farm Demonstrator","213209","2132","2132.2","agronomist","http://data.europa.eu/esco/occupation/c40ef517-d4ab-4932-b184-9c2ea5b24fe2","partial_proxy","low","Agronomy advice and agricultural demonstrations; extension-teaching specialty needs enrichment.","test_only_project_mapping_not_human_validated","False","2132-09","2132","","","","","no_unique_exact_esco_title_match","new_mapping","project_partial_proxy","curated_title_and_duty_decision","ReRouteHer project-derived; NOT an official MASCO-ESCO crosswalk","non_exact_title","0.555556","Inherited current-role retrieval score; not a probability or a new MASCO 2020 validation score.","True","True","Not established","ESCO skills inherited from one primary occupation. Essential/optional refers to ESCO, not a verified Malaysian requirement.","","https://www.dosm.gov.my/uploads/content-downloads/file_20220920110308.pdf#page=330","http://data.europa.eu/esco/occupation/c40ef517-d4ab-4932-b184-9c2ea5b24fe2","M213202","213202","Farm Demonstrator","https://emasco.mohr.gov.my/masco/2132-02","2020","exact_normalized_title","high","330","https://www.dosm.gov.my/uploads/content-downloads/file_20220920110308.pdf#page=330","Current eMASCO D11 profile inherited for a MASCO 2020 identity; not 2020-specific task evidence; test only.","partial_proxy","low","M213202","True","Original current-role title, not the remapped 2020 title; retained for comparison only."
"M213210","Forestry Officer","213210","2132","2132.5","forestry adviser","http://data.europa.eu/esco/occupation/fa32eb3f-5c9f-4668-8f85-5eefb3badab8","partial_proxy","low","Forest resource conservation and advice; enforcement duties differ from an advisory occupation.","test_only_project_mapping_not_human_validated","False","2132-10","2132","","","","","no_unique_exact_esco_title_match","new_mapping","project_partial_proxy","curated_title_and_duty_decision","ReRouteHer project-derived; NOT an official MASCO-ESCO crosswalk","non_exact_title","0.75","Inherited current-role retrieval score; not a probability or a new MASCO 2020 validation score.","True","True","Not established","ESCO skills inherited from one primary occupation. Essential/optional refers to ESCO, not a verified Malaysian requirement.","","https://www.dosm.gov.my/uploads/content-downloads/file_20220920110308.pdf#page=330","http://data.europa.eu/esco/occupation/fa32eb3f-5c9f-4668-8f85-5eefb3badab8","M213203","213203","Forestry Officer","https://emasco.mohr.gov.my/masco/2132-03","2020","exact_normalized_title","high","330","https://www.dosm.gov.my/uploads/content-downloads/file_20220920110308.pdf#page=330","Current eMASCO D11 profile inherited for a MASCO 2020 identity; not 2020-specific task evidence; test only.","partial_proxy","low","M213203","True","Original current-role title, not the remapped 2020 title; retained for comparison only."
"M213214","Aquaculture Executive","213214","2132","1312.3","aquaculture production manager","http://data.europa.eu/esco/occupation/5945cba8-19a4-4632-8a8f-4186e2bad1a3","broader_proxy","medium","Aquaculture operations coordination; managerial seniority may differ.","test_only_project_mapping_not_human_validated","False","2132-14","1312","","","","","no_unique_exact_esco_title_match","new_mapping","project_broader_proxy","curated_title_and_duty_decision","ReRouteHer project-derived; NOT an official MASCO-ESCO crosswalk","non_exact_title","0.627451","Inherited current-role retrieval score; not a probability or a new MASCO 2020 validation score.","False","True","Not established","ESCO skills inherited from one primary occupation. Essential/optional refers to ESCO, not a verified Malaysian requirement.","","https://www.dosm.gov.my/uploads/content-downloads/file_20220920110308.pdf#page=330","http://data.europa.eu/esco/occupation/5945cba8-19a4-4632-8a8f-4186e2bad1a3","M213204","213204","Aquaculture Executive","https://emasco.mohr.gov.my/masco/2132-04","2020","exact_normalized_title","high","330","https://www.dosm.gov.my/uploads/content-downloads/file_20220920110308.pdf#page=330","Current eMASCO D11 profile inherited for a MASCO 2020 identity; not 2020-specific task evidence; test only.","broader_proxy","medium","M213204","False","Original current-role title, not the remapped 2020 title; retained for comparison only."
"M213301","Environmental Control Officer Grade C41","213301","2133","3257.1","environmental health inspector","http://data.europa.eu/esco/occupation/a092cb70-f3e3-4224-98a3-b97c0114de77","partial_proxy","low","Environmental inspection and pollution control; Malaysian statutory enforcement is not transferred.","test_only_project_mapping_not_human_validated","False","2133-01","3257","","","","","no_unique_exact_esco_title_match","new_mapping","project_partial_proxy","curated_title_and_duty_decision","ReRouteHer project-derived; NOT an official MASCO-ESCO crosswalk","non_exact_title","0.576271","Inherited current-role retrieval score; not a probability or a new MASCO 2020 validation score.","False","True","Not established","ESCO skills inherited from one primary occupation. Essential/optional refers to ESCO, not a verified Malaysian requirement.","","https://www.dosm.gov.my/uploads/content-downloads/file_20220920110308.pdf#page=330","http://data.europa.eu/esco/occupation/a092cb70-f3e3-4224-98a3-b97c0114de77","M213310","213310","Environmental Control Officer Grade C9","https://emasco.mohr.gov.my/masco/2133-10","2020","grade_reversion","high","330","https://www.dosm.gov.my/uploads/content-downloads/file_20220920110308.pdf#page=330","Current eMASCO D11 profile inherited for a MASCO 2020 identity; not 2020-specific task evidence; test only.","partial_proxy","low","M213310","False","Original current-role title, not the remapped 2020 title; retained for comparison only."
"M213302","Agronomist","213302","2133","2132.2","agronomist","http://data.europa.eu/esco/occupation/c40ef517-d4ab-4932-b184-9c2ea5b24fe2","close_match","high","Agronomy.","test_only_project_mapping_not_human_validated","False","2133-02","2132","","","","","no_unique_exact_esco_title_match","new_mapping","project_close_match","curated_title_and_duty_decision","ReRouteHer project-derived; NOT an official MASCO-ESCO crosswalk","exact_preferred_label","1","Inherited current-role retrieval score; not a probability or a new MASCO 2020 validation score.","False","True","Not established","ESCO skills inherited from one primary occupation. Essential/optional refers to ESCO, not a verified Malaysian requirement.","","https://www.dosm.gov.my/uploads/content-downloads/file_20220920110308.pdf#page=330","http://data.europa.eu/esco/occupation/c40ef517-d4ab-4932-b184-9c2ea5b24fe2","M213301","213301","Agronomist","https://emasco.mohr.gov.my/masco/2133-01","2020","exact_normalized_title","high","330","https://www.dosm.gov.my/uploads/content-downloads/file_20220920110308.pdf#page=330","Current eMASCO D11 profile inherited for a MASCO 2020 identity; not 2020-specific task evidence; test only.","close_match","high","M213301","False","Original current-role title, not the remapped 2020 title; retained for comparison only."
"M213304","Agricultural Scientist","213304","2133","2132.1","agricultural scientist","http://data.europa.eu/esco/occupation/c25b3700-6095-42b7-99fc-b87dc326c044","close_match","high","Agricultural science.","test_only_project_mapping_not_human_validated","False","2133-04","2132","","","","","no_unique_exact_esco_title_match","new_mapping","project_close_match","curated_title_and_duty_decision","ReRouteHer project-derived; NOT an official MASCO-ESCO crosswalk","exact_preferred_label","1","Inherited current-role retrieval score; not a probability or a new MASCO 2020 validation score.","False","True","Not established","ESCO skills inherited from one primary occupation. Essential/optional refers to ESCO, not a verified Malaysian requirement.","","https://www.dosm.gov.my/uploads/content-downloads/file_20220920110308.pdf#page=330","http://data.europa.eu/esco/occupation/c25b3700-6095-42b7-99fc-b87dc326c044","M213302","213302","Agricultural Scientist","https://emasco.mohr.gov.my/masco/2133-02","2020","exact_normalized_title","high","330","https://www.dosm.gov.my/uploads/content-downloads/file_20220920110308.pdf#page=330","Current eMASCO D11 profile inherited for a MASCO 2020 identity; not 2020-specific task evidence; test only.","close_match","high","M213302","False","Original current-role title, not the remapped 2020 title; retained for comparison only."
"M213305","Floriculturist","213305","2133","6113.2","horticulture production manager","http://data.europa.eu/esco/occupation/d36b66f8-c08a-4416-953b-62c271ca7509","partial_proxy","low","Commercial flower and ornamental-plant production; scientific floriculture content is only partly represented.","test_only_project_mapping_not_human_validated","False","2133-05","6113","","","","","no_unique_exact_esco_title_match","new_mapping","project_partial_proxy","curated_title_and_duty_decision","ReRouteHer project-derived; NOT an official MASCO-ESCO crosswalk","non_exact_title","0.529412","Inherited current-role retrieval score; not a probability or a new MASCO 2020 validation score.","False","True","Not established","ESCO skills inherited from one primary occupation. Essential/optional refers to ESCO, not a verified Malaysian requirement.","","https://www.dosm.gov.my/uploads/content-downloads/file_20220920110308.pdf#page=330","http://data.europa.eu/esco/occupation/d36b66f8-c08a-4416-953b-62c271ca7509","M213303","213303","Floriculturist","https://emasco.mohr.gov.my/masco/2133-03","2020","exact_normalized_title","high","330","https://www.dosm.gov.my/uploads/content-downloads/file_20220920110308.pdf#page=330","Current eMASCO D11 profile inherited for a MASCO 2020 identity; not 2020-specific task evidence; test only.","partial_proxy","low","M213303","False","Original current-role title, not the remapped 2020 title; retained for comparison only."
"M213306","Horticulturist","213306","2133","6112.1","arboriculturist","http://data.europa.eu/esco/occupation/b865693a-eb11-44cc-bf6c-38e5b4d7e169","inherited_test_proxy","low","Inherited current-role ESCO assignment, not independently revalidated for this MASCO 2020 identity. Current title explicitly names Horticulturist and Arborist, which have separate 2020 codes. Original rationale: Arboriculture component selected; broader horticultural work is not fully represented.","test_only_project_mapping_not_human_validated","False","2133-06","6112","","","","","no_unique_exact_esco_title_match","new_mapping","project_partial_proxy","curated_title_and_duty_decision","ReRouteHer project-derived; NOT an official MASCO-ESCO crosswalk","non_exact_title","0.666667","Inherited current-role retrieval score; not a probability or a new MASCO 2020 validation score.","False","True","Not established","ESCO skills inherited from one primary occupation. Essential/optional refers to ESCO, not a verified Malaysian requirement.","","https://www.dosm.gov.my/uploads/content-downloads/file_20220920110308.pdf#page=330","http://data.europa.eu/esco/occupation/b865693a-eb11-44cc-bf6c-38e5b4d7e169","M213304","213304","Horticulturist/Arborist","https://emasco.mohr.gov.my/masco/2133-04","2020","combined_title_split","medium","330","https://www.dosm.gov.my/uploads/content-downloads/file_20220920110308.pdf#page=330","Current eMASCO D11 profile inherited for a MASCO 2020 identity; not 2020-specific task evidence; test only.","partial_proxy","low","M213304","False","Original current-role title, not the remapped 2020 title; retained for comparison only."
"M213315","Wood Analyst","213315","2133","2149.11.2","wood technology engineer","http://data.europa.eu/esco/occupation/35cf772d-bbc9-4eb4-9ca6-5f982649d436","partial_proxy","low","Wood technology and material analysis; engineering scope may differ.","test_only_project_mapping_not_human_validated","False","2133-15","2149","","","","","no_unique_exact_esco_title_match","new_mapping","project_partial_proxy","curated_title_and_duty_decision","ReRouteHer project-derived; NOT an official MASCO-ESCO crosswalk","non_exact_title","0.62069","Inherited current-role retrieval score; not a probability or a new MASCO 2020 validation score.","False","True","Not established","ESCO skills inherited from one primary occupation. Essential/optional refers to ESCO, not a verified Malaysian requirement.","","https://www.dosm.gov.my/uploads/content-downloads/file_20220920110308.pdf#page=331","http://data.europa.eu/esco/occupation/35cf772d-bbc9-4eb4-9ca6-5f982649d436","M213305","213305","Wood Analyst","https://emasco.mohr.gov.my/masco/2133-05","2020","exact_normalized_title","high","331","https://www.dosm.gov.my/uploads/content-downloads/file_20220920110308.pdf#page=331","Current eMASCO D11 profile inherited for a MASCO 2020 identity; not 2020-specific task evidence; test only.","partial_proxy","low","M213305","False","Original current-role title, not the remapped 2020 title; retained for comparison only."
"M213316","Animal Scientist","213316","2133","2250.9","veterinary scientist","http://data.europa.eu/esco/occupation/557f9ccc-4e46-4bb2-8d20-272cd978b152","partial_proxy","low","Animal research proxy; veterinary emphasis may differ from livestock-production science.","test_only_project_mapping_not_human_validated","False","2133-16","2250","","","","","no_unique_exact_esco_title_match","new_mapping","project_partial_proxy","curated_title_and_duty_decision","ReRouteHer project-derived; NOT an official MASCO-ESCO crosswalk","non_exact_title","0.820513","Inherited current-role retrieval score; not a probability or a new MASCO 2020 validation score.","False","True","Not established","ESCO skills inherited from one primary occupation. Essential/optional refers to ESCO, not a verified Malaysian requirement.","","https://www.dosm.gov.my/uploads/content-downloads/file_20220920110308.pdf#page=331","http://data.europa.eu/esco/occupation/557f9ccc-4e46-4bb2-8d20-272cd978b152","M213306","213306","Animal Scientist","https://emasco.mohr.gov.my/masco/2133-06","2020","exact_normalized_title","high","331","https://www.dosm.gov.my/uploads/content-downloads/file_20220920110308.pdf#page=331","Current eMASCO D11 profile inherited for a MASCO 2020 identity; not 2020-specific task evidence; test only.","partial_proxy","low","M213306","False","Original current-role title, not the remapped 2020 title; retained for comparison only."
"M213317","Environmental Research Scientist","213317","2133","2133.7","environmental scientist","http://data.europa.eu/esco/occupation/11d72bd6-779a-4643-9962-313833740094","close_match","medium","Environmental scientific research.","test_only_project_mapping_not_human_validated","False","2133-17","2133","","","","","no_unique_exact_esco_title_match","new_mapping","project_close_match","curated_title_and_duty_decision","ReRouteHer project-derived; NOT an official MASCO-ESCO crosswalk","non_exact_title","0.836364","Inherited current-role retrieval score; not a probability or a new MASCO 2020 validation score.","True","True","Not established","ESCO skills inherited from one primary occupation. Essential/optional refers to ESCO, not a verified Malaysian requirement.","","https://www.dosm.gov.my/uploads/content-downloads/file_20220920110308.pdf#page=331","http://data.europa.eu/esco/occupation/11d72bd6-779a-4643-9962-313833740094","M213307","213307","Environmental Research Scientist","https://emasco.mohr.gov.my/masco/2133-07","2020","exact_normalized_title","high","331","https://www.dosm.gov.my/uploads/content-downloads/file_20220920110308.pdf#page=331","Current eMASCO D11 profile inherited for a MASCO 2020 identity; not 2020-specific task evidence; test only.","close_match","medium","M213307","True","Original current-role title, not the remapped 2020 title; retained for comparison only."
"M213318","Conservation Officer","213318","2133","2133.9","nature conservation officer","http://data.europa.eu/esco/occupation/80d880ec-3bae-45a2-a2d3-41345ee0b319","close_match","medium","ESCO alternate title matches the cleaned MASCO title; national qualifications and full task scope are not assumed equivalent.","test_only_project_mapping_not_human_validated","False","2133-18","2133","","","","2133.9","unique_exact_alternate_title_same_isco_group","retained_mapping","project_close_match","reviewed_existing_or_retrieved_candidate","ReRouteHer project-derived; NOT an official MASCO-ESCO crosswalk","exact_alternate_label","1","Inherited current-role retrieval score; not a probability or a new MASCO 2020 validation score.","True","True","Not established","ESCO skills inherited from one primary occupation. Essential/optional refers to ESCO, not a verified Malaysian requirement.","","https://www.dosm.gov.my/uploads/content-downloads/file_20220920110308.pdf#page=331","http://data.europa.eu/esco/occupation/80d880ec-3bae-45a2-a2d3-41345ee0b319","M213308","213308","Conservation Officer","https://emasco.mohr.gov.my/masco/2133-08","2020","exact_normalized_title","high","331","https://www.dosm.gov.my/uploads/content-downloads/file_20220920110308.pdf#page=331","Current eMASCO D11 profile inherited for a MASCO 2020 identity; not 2020-specific task evidence; test only.","close_match","medium","M213308","True","Original current-role title, not the remapped 2020 title; retained for comparison only."
"M213322","Environmental Consultant","213322","2133","2133.6","environmental programme coordinator","http://data.europa.eu/esco/occupation/59883630-45f9-40e7-9732-9e5ff9758d2b","broader_proxy","medium","Environmental impact, sustainability and regulatory advice/programmes; exact consulting specialization varies.","test_only_project_mapping_not_human_validated","False","2133-22","2133","","","","2133.6","unique_exact_alternate_title_same_isco_group","retained_mapping","project_broader_proxy","curated_title_and_duty_decision","ReRouteHer project-derived; NOT an official MASCO-ESCO crosswalk","exact_alternate_label","1","Inherited current-role retrieval score; not a probability or a new MASCO 2020 validation score.","True","True","Not established","ESCO skills inherited from one primary occupation. Essential/optional refers to ESCO, not a verified Malaysian requirement.","","https://www.dosm.gov.my/uploads/content-downloads/file_20220920110308.pdf#page=331","http://data.europa.eu/esco/occupation/59883630-45f9-40e7-9732-9e5ff9758d2b","M213309","213309","Environmental Consultant","https://emasco.mohr.gov.my/masco/2133-09","2020","exact_normalized_title","high","331","https://www.dosm.gov.my/uploads/content-downloads/file_20220920110308.pdf#page=331","Current eMASCO D11 profile inherited for a MASCO 2020 identity; not 2020-specific task evidence; test only.","broader_proxy","medium","M213309","True","Original current-role title, not the remapped 2020 title; retained for comparison only."
"M213402","Biochemist","213402","2134","2131.4.2","biochemist","http://data.europa.eu/esco/occupation/6df6c5cb-c1a2-42c8-acd0-1ee5563c36c1","close_match","high","Preferred occupation title matches after removing Malaysian grade/competency wrappers.","test_only_project_mapping_not_human_validated","False","2134-02","2131","","","","","no_unique_exact_esco_title_match","new_mapping","project_close_match","unique_cleaned_preferred_label","ReRouteHer project-derived; NOT an official MASCO-ESCO crosswalk","exact_preferred_label","1","Inherited current-role retrieval score; not a probability or a new MASCO 2020 validation score.","False","True","Not established","ESCO skills inherited from one primary occupation. Essential/optional refers to ESCO, not a verified Malaysian requirement.","","https://www.dosm.gov.my/uploads/content-downloads/file_20220920110308.pdf#page=331","http://data.europa.eu/esco/occupation/6df6c5cb-c1a2-42c8-acd0-1ee5563c36c1","M213401","213401","Biochemist","https://emasco.mohr.gov.my/masco/2134-01","2020","exact_normalized_title","high","331","https://www.dosm.gov.my/uploads/content-downloads/file_20220920110308.pdf#page=331","Current eMASCO D11 profile inherited for a MASCO 2020 identity; not 2020-specific task evidence; test only.","close_match","high","M213401","False","Original current-role title, not the remapped 2020 title; retained for comparison only."
"M213409","Endocrinologists","213409","2134","2212.1","specialised doctor","http://data.europa.eu/esco/occupation/9b889f07-c39c-464d-b9d9-b2daa650f9ac","broader_proxy","medium","D11 describes clinical diagnosis; specialised doctor is a broader clinical proxy, not physiologist or coroner. Specialty skills require local enrichment.","test_only_project_mapping_not_human_validated","False","2134-09","2212","","","","","no_unique_exact_esco_title_match","new_mapping","project_broader_proxy","curated_title_and_duty_decision","ReRouteHer project-derived; NOT an official MASCO-ESCO crosswalk","non_exact_title","0.30303","Inherited current-role retrieval score; not a probability or a new MASCO 2020 validation score.","False","True","Not established","ESCO skills inherited from one primary occupation. Essential/optional refers to ESCO, not a verified Malaysian requirement.","","https://www.dosm.gov.my/uploads/content-downloads/file_20220920110308.pdf#page=331","http://data.europa.eu/esco/occupation/9b889f07-c39c-464d-b9d9-b2daa650f9ac","M213402","213402","Endocrinologist","https://emasco.mohr.gov.my/masco/2134-02","2020","title_variant","high","331","https://www.dosm.gov.my/uploads/content-downloads/file_20220920110308.pdf#page=331","Current eMASCO D11 profile inherited for a MASCO 2020 identity; not 2020-specific task evidence; test only.","broader_proxy","medium","M213402","False","Original current-role title, not the remapped 2020 title; retained for comparison only."
"M213410","Physiologists","213410","2134","2131.4.11","physiologist","http://data.europa.eu/esco/occupation/25829508-63f3-41c3-affc-ddbb5c077930","close_match","high","Preferred occupation title matches after removing Malaysian grade/competency wrappers.","test_only_project_mapping_not_human_validated","False","2134-10","2131","","","","","no_unique_exact_esco_title_match","new_mapping","project_close_match","unique_cleaned_preferred_label","ReRouteHer project-derived; NOT an official MASCO-ESCO crosswalk","exact_preferred_label","1","Inherited current-role retrieval score; not a probability or a new MASCO 2020 validation score.","False","True","Not established","ESCO skills inherited from one primary occupation. Essential/optional refers to ESCO, not a verified Malaysian requirement.","","https://www.dosm.gov.my/uploads/content-downloads/file_20220920110308.pdf#page=331","http://data.europa.eu/esco/occupation/25829508-63f3-41c3-affc-ddbb5c077930","M213403","213403","Physiologist","https://emasco.mohr.gov.my/masco/2134-03","2020","title_variant","high","331","https://www.dosm.gov.my/uploads/content-downloads/file_20220920110308.pdf#page=331","Current eMASCO D11 profile inherited for a MASCO 2020 identity; not 2020-specific task evidence; test only.","close_match","high","M213403","False","Original current-role title, not the remapped 2020 title; retained for comparison only."
"M213416","Pharmacologists","213416","2134","2131.7","pharmacologist","http://data.europa.eu/esco/occupation/10291962-c0c7-4e5b-a7ed-0762b4d9b010","close_match","high","Pharmacological research.","test_only_project_mapping_not_human_validated","False","2134-16","2131","","","","","no_unique_exact_esco_title_match","new_mapping","project_close_match","curated_title_and_duty_decision","ReRouteHer project-derived; NOT an official MASCO-ESCO crosswalk","exact_preferred_label","1","Inherited current-role retrieval score; not a probability or a new MASCO 2020 validation score.","False","True","Not established","ESCO skills inherited from one primary occupation. Essential/optional refers to ESCO, not a verified Malaysian requirement.","","https://www.dosm.gov.my/uploads/content-downloads/file_20220920110308.pdf#page=331","http://data.europa.eu/esco/occupation/10291962-c0c7-4e5b-a7ed-0762b4d9b010","M213404","213404","Pharmacologist","https://emasco.mohr.gov.my/masco/2134-04","2020","title_variant","high","331","https://www.dosm.gov.my/uploads/content-downloads/file_20220920110308.pdf#page=331","Current eMASCO D11 profile inherited for a MASCO 2020 identity; not 2020-specific task evidence; test only.","close_match","high","M213404","False","Original current-role title, not the remapped 2020 title; retained for comparison only."
"M213422","Pathologist","213422","2134","2212.1","specialised doctor","http://data.europa.eu/esco/occupation/9b889f07-c39c-464d-b9d9-b2daa650f9ac","broader_proxy","medium","D11 describes clinical diagnosis; specialised doctor is a broader clinical proxy, not physiologist or coroner. Specialty skills require local enrichment.","test_only_project_mapping_not_human_validated","False","2134-22","2212","","","","","no_unique_exact_esco_title_match","new_mapping","project_broader_proxy","curated_title_and_duty_decision","ReRouteHer project-derived; NOT an official MASCO-ESCO crosswalk","non_exact_title","0.413793","Inherited current-role retrieval score; not a probability or a new MASCO 2020 validation score.","False","True","Not established","ESCO skills inherited from one primary occupation. Essential/optional refers to ESCO, not a verified Malaysian requirement.","","https://www.dosm.gov.my/uploads/content-downloads/file_20220920110308.pdf#page=331","http://data.europa.eu/esco/occupation/9b889f07-c39c-464d-b9d9-b2daa650f9ac","M213405","213405","Pathologist","https://emasco.mohr.gov.my/masco/2134-05","2020","exact_normalized_title","high","331","https://www.dosm.gov.my/uploads/content-downloads/file_20220920110308.pdf#page=331","Current eMASCO D11 profile inherited for a MASCO 2020 identity; not 2020-specific task evidence; test only.","broader_proxy","medium","M213405","False","Original current-role title, not the remapped 2020 title; retained for comparison only."
"M213433","Bio-Fermentation Specialist","213433","2134","2131.5","food biotechnologist","http://data.europa.eu/esco/occupation/68ffc53b-6067-4fe7-bd85-c96f4a6c1e45","partial_proxy","low","Biological fermentation processes; food-biotechnology scope may not cover every industrial application.","test_only_project_mapping_not_human_validated","False","2134-33","2131","","","","","no_unique_exact_esco_title_match","new_mapping","project_partial_proxy","curated_title_and_duty_decision","ReRouteHer project-derived; NOT an official MASCO-ESCO crosswalk","non_exact_title","0.6","Inherited current-role retrieval score; not a probability or a new MASCO 2020 validation score.","False","True","Not established","ESCO skills inherited from one primary occupation. Essential/optional refers to ESCO, not a verified Malaysian requirement.","","https://www.dosm.gov.my/uploads/content-downloads/file_20220920110308.pdf#page=331","http://data.europa.eu/esco/occupation/68ffc53b-6067-4fe7-bd85-c96f4a6c1e45","M213406","213406","Bio-Fermentation Specialist","https://emasco.mohr.gov.my/masco/2134-06","2020","exact_normalized_title","high","331","https://www.dosm.gov.my/uploads/content-downloads/file_20220920110308.pdf#page=331","Current eMASCO D11 profile inherited for a MASCO 2020 identity; not 2020-specific task evidence; test only.","partial_proxy","low","M213406","False","Original current-role title, not the remapped 2020 title; retained for comparison only."
"M213435","Bee Cultivation Specialist","213435","2134","6123.1","bee breeder","http://data.europa.eu/esco/occupation/026401a9-7d56-4d7b-8052-38985ddbeafa","close_match","medium","Bee breeding and cultivation.","test_only_project_mapping_not_human_validated","False","2134-35","6123","","","","","no_unique_exact_esco_title_match","new_mapping","project_close_match","curated_title_and_duty_decision","ReRouteHer project-derived; NOT an official MASCO-ESCO crosswalk","non_exact_title","0.7","Inherited current-role retrieval score; not a probability or a new MASCO 2020 validation score.","False","True","Not established","ESCO skills inherited from one primary occupation. Essential/optional refers to ESCO, not a verified Malaysian requirement.","","https://www.dosm.gov.my/uploads/content-downloads/file_20220920110308.pdf#page=331","http://data.europa.eu/esco/occupation/026401a9-7d56-4d7b-8052-38985ddbeafa","M213407","213407","Bee Cultivation Specialist","https://emasco.mohr.gov.my/masco/2134-07","2020","exact_normalized_title","high","331","https://www.dosm.gov.my/uploads/content-downloads/file_20220920110308.pdf#page=331","Current eMASCO D11 profile inherited for a MASCO 2020 identity; not 2020-specific task evidence; test only.","close_match","medium","M213407","False","Original current-role title, not the remapped 2020 title; retained for comparison only."
"M213436","Embryologist","213436","2134","2131.4.8","geneticist","http://data.europa.eu/esco/occupation/6140be85-2d45-44b2-b0ba-412aadcead1e","partial_proxy","low","Embryology/genetics research overlap; clinical embryology and assisted reproduction are not fully covered.","test_only_project_mapping_not_human_validated","False","2134-36","2131","","","","","no_unique_exact_esco_title_match","new_mapping","project_partial_proxy","curated_title_and_duty_decision","ReRouteHer project-derived; NOT an official MASCO-ESCO crosswalk","exact_alternate_label","1","Inherited current-role retrieval score; not a probability or a new MASCO 2020 validation score.","False","True","Not established","ESCO skills inherited from one primary occupation. Essential/optional refers to ESCO, not a verified Malaysian requirement.","","https://www.dosm.gov.my/uploads/content-downloads/file_20220920110308.pdf#page=331","http://data.europa.eu/esco/occupation/6140be85-2d45-44b2-b0ba-412aadcead1e","M213408","213408","Embryologist","https://emasco.mohr.gov.my/masco/2134-08","2020","exact_normalized_title","high","331","https://www.dosm.gov.my/uploads/content-downloads/file_20220920110308.pdf#page=331","Current eMASCO D11 profile inherited for a MASCO 2020 identity; not 2020-specific task evidence; test only.","partial_proxy","low","M213408","False","Original current-role title, not the remapped 2020 title; retained for comparison only."
"M214101","Automation Engineer","214101","2141","2141.4.2.1","automation engineer","http://data.europa.eu/esco/occupation/bb609566-3ab6-44dd-8f48-cf0b15b96827","close_match","high","Preferred occupation title matches after removing Malaysian grade/competency wrappers.","test_only_project_mapping_not_human_validated","False","2141-01","2141","","","","2141.4.2.1","unique_exact_preferred_title_same_isco_group","retained_mapping","project_close_match","unique_cleaned_preferred_label","ReRouteHer project-derived; NOT an official MASCO-ESCO crosswalk","exact_preferred_label","1","Inherited current-role retrieval score; not a probability or a new MASCO 2020 validation score.","True","True","Not established","ESCO skills inherited from one primary occupation. Essential/optional refers to ESCO, not a verified Malaysian requirement.","","https://www.dosm.gov.my/uploads/content-downloads/file_20220920110308.pdf#page=331","http://data.europa.eu/esco/occupation/bb609566-3ab6-44dd-8f48-cf0b15b96827","M214101","214101","Automation Engineer","https://emasco.mohr.gov.my/masco/2141-01","2020","exact_normalized_title","high","331","https://www.dosm.gov.my/uploads/content-downloads/file_20220920110308.pdf#page=331","Current eMASCO D11 profile inherited for a MASCO 2020 identity; not 2020-specific task evidence; test only.","close_match","high","M214101","True","Original current-role title, not the remapped 2020 title; retained for comparison only."
"M214102","Robotics Engineer","214102","2141","2149.15","robotics engineer","http://data.europa.eu/esco/occupation/551a6797-3ca9-41fc-9dca-9a982a8fd8a6","close_match","high","Robotics engineering preferred occupation, not a competing mechatronics alias.","test_only_project_mapping_not_human_validated","False","2141-02","2149","","","","","no_unique_exact_esco_title_match","new_mapping","project_close_match","curated_title_and_duty_decision","ReRouteHer project-derived; NOT an official MASCO-ESCO crosswalk","exact_preferred_label","1","Inherited current-role retrieval score; not a probability or a new MASCO 2020 validation score.","False","True","Not established","ESCO skills inherited from one primary occupation. Essential/optional refers to ESCO, not a verified Malaysian requirement.","","https://www.dosm.gov.my/uploads/content-downloads/file_20220920110308.pdf#page=331","http://data.europa.eu/esco/occupation/551a6797-3ca9-41fc-9dca-9a982a8fd8a6","M214102","214102","Robotics Engineer","https://emasco.mohr.gov.my/masco/2141-02","2020","exact_normalized_title","high","331","https://www.dosm.gov.my/uploads/content-downloads/file_20220920110308.pdf#page=331","Current eMASCO D11 profile inherited for a MASCO 2020 identity; not 2020-specific task evidence; test only.","close_match","high","M214102","False","Original current-role title, not the remapped 2020 title; retained for comparison only."
"M214103","Industrial Engineer","214103","2141","2141.4","industrial engineer","http://data.europa.eu/esco/occupation/53d2052f-edc0-4f44-8be1-164526412bfe","close_match","high","Preferred occupation title matches after removing Malaysian grade/competency wrappers.","test_only_project_mapping_not_human_validated","False","2141-03","2141","","","","2141.4","unique_exact_preferred_title_same_isco_group","retained_mapping","project_close_match","unique_cleaned_preferred_label","ReRouteHer project-derived; NOT an official MASCO-ESCO crosswalk","exact_preferred_label","1","Inherited current-role retrieval score; not a probability or a new MASCO 2020 validation score.","True","True","Not established","ESCO skills inherited from one primary occupation. Essential/optional refers to ESCO, not a verified Malaysian requirement.","","https://www.dosm.gov.my/uploads/content-downloads/file_20220920110308.pdf#page=331","http://data.europa.eu/esco/occupation/53d2052f-edc0-4f44-8be1-164526412bfe","M214103","214103","Industrial Engineer","https://emasco.mohr.gov.my/masco/2141-03","2020","exact_normalized_title","high","331","https://www.dosm.gov.my/uploads/content-downloads/file_20220920110308.pdf#page=331","Current eMASCO D11 profile inherited for a MASCO 2020 identity; not 2020-specific task evidence; test only.","close_match","high","M214103","True","Original current-role title, not the remapped 2020 title; retained for comparison only."
"M214106","Communication Analyst","214106","2141","1222.1","communication manager","http://data.europa.eu/esco/occupation/cd7b838c-51f6-41ec-9067-bb974c0f991b","partial_proxy","low","D11 profile concerns corporate communication strategy, not telecommunications engineering; managerial level differs and taxonomy placement should be checked.","test_only_project_mapping_not_human_validated","False","2141-06","1222","","","","","no_unique_exact_esco_title_match","new_mapping","project_partial_proxy","curated_title_and_duty_decision","ReRouteHer project-derived; NOT an official MASCO-ESCO crosswalk","non_exact_title","0.809524","Inherited current-role retrieval score; not a probability or a new MASCO 2020 validation score.","False","True","Not established","ESCO skills inherited from one primary occupation. Essential/optional refers to ESCO, not a verified Malaysian requirement.","D11 communication-analyst profile describes corporate communications despite engineering-group placement. Mapping follows supplied duties; verify source classification.","https://www.dosm.gov.my/uploads/content-downloads/file_20220920110308.pdf#page=331","http://data.europa.eu/esco/occupation/cd7b838c-51f6-41ec-9067-bb974c0f991b","M214104","214104","Communication Analyst","https://emasco.mohr.gov.my/masco/2141-04","2020","exact_normalized_title","high","331","https://www.dosm.gov.my/uploads/content-downloads/file_20220920110308.pdf#page=331","Current eMASCO D11 profile inherited for a MASCO 2020 identity; not 2020-specific task evidence; test only.","partial_proxy","low","M214104","False","Original current-role title, not the remapped 2020 title; retained for comparison only."
"M214110","Systems Engineer (Except Computers)","214110","2141","2141.4","industrial engineer","http://data.europa.eu/esco/occupation/53d2052f-edc0-4f44-8be1-164526412bfe","broader_proxy","medium","Non-computer system and process engineering; no computer-hardware specialization is inferred.","test_only_project_mapping_not_human_validated","False","2141-10","2141","","","","","no_unique_exact_esco_title_match","new_mapping","project_broader_proxy","curated_title_and_duty_decision","ReRouteHer project-derived; NOT an official MASCO-ESCO crosswalk","non_exact_title","0.548387","Inherited current-role retrieval score; not a probability or a new MASCO 2020 validation score.","True","True","Not established","ESCO skills inherited from one primary occupation. Essential/optional refers to ESCO, not a verified Malaysian requirement.","","https://www.dosm.gov.my/uploads/content-downloads/file_20220920110308.pdf#page=331","http://data.europa.eu/esco/occupation/53d2052f-edc0-4f44-8be1-164526412bfe","M214105","214105","Systems Engineer (except Computers)","https://emasco.mohr.gov.my/masco/2141-05","2020","exact_normalized_title","high","331","https://www.dosm.gov.my/uploads/content-downloads/file_20220920110308.pdf#page=331","Current eMASCO D11 profile inherited for a MASCO 2020 identity; not 2020-specific task evidence; test only.","broader_proxy","medium","M214105","True","Original current-role title, not the remapped 2020 title; retained for comparison only."
"M214111","Systems Design Engineer (Except Computers)","214111","2141","2149.2.4","design engineer","http://data.europa.eu/esco/occupation/6fc8f605-98b9-4218-b5e2-91c4c9c55c4d","broader_proxy","medium","General systems design and engineering.","test_only_project_mapping_not_human_validated","False","2141-11","2149","","","","","no_unique_exact_esco_title_match","new_mapping","project_broader_proxy","curated_title_and_duty_decision","ReRouteHer project-derived; NOT an official MASCO-ESCO crosswalk","non_exact_title","0.545455","Inherited current-role retrieval score; not a probability or a new MASCO 2020 validation score.","False","True","Not established","ESCO skills inherited from one primary occupation. Essential/optional refers to ESCO, not a verified Malaysian requirement.","","https://www.dosm.gov.my/uploads/content-downloads/file_20220920110308.pdf#page=332","http://data.europa.eu/esco/occupation/6fc8f605-98b9-4218-b5e2-91c4c9c55c4d","M214106","214106","Systems Design Engineer (except Computers)","https://emasco.mohr.gov.my/masco/2141-06","2020","exact_normalized_title","high","332","https://www.dosm.gov.my/uploads/content-downloads/file_20220920110308.pdf#page=332","Current eMASCO D11 profile inherited for a MASCO 2020 identity; not 2020-specific task evidence; test only.","broader_proxy","medium","M214106","False","Original current-role title, not the remapped 2020 title; retained for comparison only."
"M214115","Cost Evaluation Engineer","214115","2141","2411.1.5","cost analyst","http://data.europa.eu/esco/occupation/84871c2a-abd1-45eb-b03a-65e51a26fd84","partial_proxy","low","Engineering cost estimation and analysis; financial proxy lacks engineering specialty.","test_only_project_mapping_not_human_validated","False","2141-15","2411","","","","","no_unique_exact_esco_title_match","new_mapping","project_partial_proxy","curated_title_and_duty_decision","ReRouteHer project-derived; NOT an official MASCO-ESCO crosswalk","non_exact_title","0.595745","Inherited current-role retrieval score; not a probability or a new MASCO 2020 validation score.","False","True","Not established","ESCO skills inherited from one primary occupation. Essential/optional refers to ESCO, not a verified Malaysian requirement.","","https://www.dosm.gov.my/uploads/content-downloads/file_20220920110308.pdf#page=332","http://data.europa.eu/esco/occupation/84871c2a-abd1-45eb-b03a-65e51a26fd84","M214107","214107","Cost Evaluation Engineer","https://emasco.mohr.gov.my/masco/2141-07","2020","exact_normalized_title","high","332","https://www.dosm.gov.my/uploads/content-downloads/file_20220920110308.pdf#page=332","Current eMASCO D11 profile inherited for a MASCO 2020 identity; not 2020-specific task evidence; test only.","partial_proxy","low","M214107","False","Original current-role title, not the remapped 2020 title; retained for comparison only."
"M214120","Ceramics Technologist","214120","2141","2149.11","materials engineer","http://data.europa.eu/esco/occupation/4a375b68-88a0-4e5f-99ce-9b01341dfb81","broader_proxy","medium","Engineering of ceramic materials, not artistic ceramics.","test_only_project_mapping_not_human_validated","False","2141-20","2149","","","","","no_unique_exact_esco_title_match","new_mapping","project_broader_proxy","curated_title_and_duty_decision","ReRouteHer project-derived; NOT an official MASCO-ESCO crosswalk","non_exact_title","0.648649","Inherited current-role retrieval score; not a probability or a new MASCO 2020 validation score.","False","True","Not established","ESCO skills inherited from one primary occupation. Essential/optional refers to ESCO, not a verified Malaysian requirement.","","https://www.dosm.gov.my/uploads/content-downloads/file_20220920110308.pdf#page=332","http://data.europa.eu/esco/occupation/4a375b68-88a0-4e5f-99ce-9b01341dfb81","M214109","214109","Ceramics Technologist","https://emasco.mohr.gov.my/masco/2141-09","2020","exact_normalized_title","high","332","https://www.dosm.gov.my/uploads/content-downloads/file_20220920110308.pdf#page=332","Current eMASCO D11 profile inherited for a MASCO 2020 identity; not 2020-specific task evidence; test only.","broader_proxy","medium","M214109","False","Original current-role title, not the remapped 2020 title; retained for comparison only."
"M214142","Photonic Engineer","214142","2141","2149.12.1","photonics engineer","http://data.europa.eu/esco/occupation/778c1d37-69f2-4184-ac98-03b7dbfba332","close_match","medium","ESCO alternate title matches the cleaned MASCO title; national qualifications and full task scope are not assumed equivalent.","test_only_project_mapping_not_human_validated","False","2141-42","2149","","","","","no_unique_exact_esco_title_match","new_mapping","project_close_match","reviewed_existing_or_retrieved_candidate","ReRouteHer project-derived; NOT an official MASCO-ESCO crosswalk","exact_alternate_label","1","Inherited current-role retrieval score; not a probability or a new MASCO 2020 validation score.","False","True","Not established","ESCO skills inherited from one primary occupation. Essential/optional refers to ESCO, not a verified Malaysian requirement.","","https://www.dosm.gov.my/uploads/content-downloads/file_20220920110308.pdf#page=332","http://data.europa.eu/esco/occupation/778c1d37-69f2-4184-ac98-03b7dbfba332","M214110","214110","Photonic Engineer","https://emasco.mohr.gov.my/masco/2141-10","2020","exact_normalized_title","high","332","https://www.dosm.gov.my/uploads/content-downloads/file_20220920110308.pdf#page=332","Current eMASCO D11 profile inherited for a MASCO 2020 identity; not 2020-specific task evidence; test only.","close_match","medium","M214110","False","Original current-role title, not the remapped 2020 title; retained for comparison only."
"M214144","SCADA Engineer","214144","2141","2141.4.2.1","automation engineer","http://data.europa.eu/esco/occupation/bb609566-3ab6-44dd-8f48-cf0b15b96827","broader_proxy","medium","SCADA and industrial automation engineering.","test_only_project_mapping_not_human_validated","False","2141-44","2141","","","","","no_unique_exact_esco_title_match","new_mapping","project_broader_proxy","curated_title_and_duty_decision","ReRouteHer project-derived; NOT an official MASCO-ESCO crosswalk","non_exact_title","0.666667","Inherited current-role retrieval score; not a probability or a new MASCO 2020 validation score.","True","True","Not established","ESCO skills inherited from one primary occupation. Essential/optional refers to ESCO, not a verified Malaysian requirement.","","https://www.dosm.gov.my/uploads/content-downloads/file_20220920110308.pdf#page=332","http://data.europa.eu/esco/occupation/bb609566-3ab6-44dd-8f48-cf0b15b96827","M214111","214111","Scada Engineer","https://emasco.mohr.gov.my/masco/2141-11","2020","exact_normalized_title","high","332","https://www.dosm.gov.my/uploads/content-downloads/file_20220920110308.pdf#page=332","Current eMASCO D11 profile inherited for a MASCO 2020 identity; not 2020-specific task evidence; test only.","broader_proxy","medium","M214111","True","Original current-role title, not the remapped 2020 title; retained for comparison only."
"M214155","Energy Engineer","214155","2141","2149.9","energy engineer","http://data.europa.eu/esco/occupation/b2cede50-82bb-4684-9f11-1930e12ad672","close_match","high","Preferred occupation title matches after removing Malaysian grade/competency wrappers.","test_only_project_mapping_not_human_validated","False","2141-55","2149","","","","","no_unique_exact_esco_title_match","new_mapping","project_close_match","unique_cleaned_preferred_label","ReRouteHer project-derived; NOT an official MASCO-ESCO crosswalk","exact_preferred_label","1","Inherited current-role retrieval score; not a probability or a new MASCO 2020 validation score.","False","True","Not established","ESCO skills inherited from one primary occupation. Essential/optional refers to ESCO, not a verified Malaysian requirement.","","https://www.dosm.gov.my/uploads/content-downloads/file_20220920110308.pdf#page=332","http://data.europa.eu/esco/occupation/b2cede50-82bb-4684-9f11-1930e12ad672","M214112","214112","Energy Engineer","https://emasco.mohr.gov.my/masco/2141-12","2020","exact_normalized_title","high","332","https://www.dosm.gov.my/uploads/content-downloads/file_20220920110308.pdf#page=332","Current eMASCO D11 profile inherited for a MASCO 2020 identity; not 2020-specific task evidence; test only.","close_match","high","M214112","False","Original current-role title, not the remapped 2020 title; retained for comparison only."
"M214156","Renewable Energy Engineer","214156","2141","2149.9.7","renewable energy engineer","http://data.europa.eu/esco/occupation/0e99c929-364f-4b0a-8a64-2aab42420f00","close_match","high","Preferred occupation title matches after removing Malaysian grade/competency wrappers.","test_only_project_mapping_not_human_validated","False","2141-56","2149","","","","","no_unique_exact_esco_title_match","new_mapping","project_close_match","unique_cleaned_preferred_label","ReRouteHer project-derived; NOT an official MASCO-ESCO crosswalk","exact_preferred_label","1","Inherited current-role retrieval score; not a probability or a new MASCO 2020 validation score.","False","True","Not established","ESCO skills inherited from one primary occupation. Essential/optional refers to ESCO, not a verified Malaysian requirement.","","https://www.dosm.gov.my/uploads/content-downloads/file_20220920110308.pdf#page=332","http://data.europa.eu/esco/occupation/0e99c929-364f-4b0a-8a64-2aab42420f00","M214113","214113","Renewable Energy Engineer","https://emasco.mohr.gov.my/masco/2141-13","2020","exact_normalized_title","high","332","https://www.dosm.gov.my/uploads/content-downloads/file_20220920110308.pdf#page=332","Current eMASCO D11 profile inherited for a MASCO 2020 identity; not 2020-specific task evidence; test only.","close_match","high","M214113","False","Original current-role title, not the remapped 2020 title; retained for comparison only."
"M214157","Environment Engineer","214157","2141","2143.1","environmental engineer","http://data.europa.eu/esco/occupation/ac1fc6a9-70d2-475c-8fa0-82ef83830968","close_match","medium","ESCO alternate title matches the cleaned MASCO title; national qualifications and full task scope are not assumed equivalent.","test_only_project_mapping_not_human_validated","False","2141-57","2143","","","","","no_unique_exact_esco_title_match","new_mapping","project_close_match","reviewed_existing_or_retrieved_candidate","ReRouteHer project-derived; NOT an official MASCO-ESCO crosswalk","exact_alternate_label","1","Inherited current-role retrieval score; not a probability or a new MASCO 2020 validation score.","False","True","Not established","ESCO skills inherited from one primary occupation. Essential/optional refers to ESCO, not a verified Malaysian requirement.","","https://www.dosm.gov.my/uploads/content-downloads/file_20220920110308.pdf#page=332","http://data.europa.eu/esco/occupation/ac1fc6a9-70d2-475c-8fa0-82ef83830968","M214114","214114","Environment Engineer","https://emasco.mohr.gov.my/masco/2141-14","2020","exact_normalized_title","high","332","https://www.dosm.gov.my/uploads/content-downloads/file_20220920110308.pdf#page=332","Current eMASCO D11 profile inherited for a MASCO 2020 identity; not 2020-specific task evidence; test only.","close_match","medium","M214114","False","Original current-role title, not the remapped 2020 title; retained for comparison only."
"M214159","Energy Auditor","214159","2141","3112.5","energy analyst","http://data.europa.eu/esco/occupation/cbde1a3a-406d-4d17-b30b-03981925035d","broader_proxy","medium","Energy-use analysis and auditing; electrical specialty, competency certification or assistant grade need local enrichment.","test_only_project_mapping_not_human_validated","False","2141-59","3112","","","","","no_unique_exact_esco_title_match","new_mapping","project_broader_proxy","curated_title_and_duty_decision","ReRouteHer project-derived; NOT an official MASCO-ESCO crosswalk","non_exact_title","0.857143","Inherited current-role retrieval score; not a probability or a new MASCO 2020 validation score.","False","True","Not established","ESCO skills inherited from one primary occupation. Essential/optional refers to ESCO, not a verified Malaysian requirement.","","https://www.dosm.gov.my/uploads/content-downloads/file_20220920110308.pdf#page=332","http://data.europa.eu/esco/occupation/cbde1a3a-406d-4d17-b30b-03981925035d","M214115","214115","Energy Auditor","https://emasco.mohr.gov.my/masco/2141-15","2020","exact_normalized_title","high","332","https://www.dosm.gov.my/uploads/content-downloads/file_20220920110308.pdf#page=332","Current eMASCO D11 profile inherited for a MASCO 2020 identity; not 2020-specific task evidence; test only.","broader_proxy","medium","M214115","False","Original current-role title, not the remapped 2020 title; retained for comparison only."
"M214169","Materials Engineer","214169","2141","2149.11","materials engineer","http://data.europa.eu/esco/occupation/4a375b68-88a0-4e5f-99ce-9b01341dfb81","close_match","high","Preferred occupation title matches after removing Malaysian grade/competency wrappers.","test_only_project_mapping_not_human_validated","False","2141-69","2149","","","","","no_unique_exact_esco_title_match","new_mapping","project_close_match","unique_cleaned_preferred_label","ReRouteHer project-derived; NOT an official MASCO-ESCO crosswalk","exact_preferred_label","1","Inherited current-role retrieval score; not a probability or a new MASCO 2020 validation score.","False","True","Not established","ESCO skills inherited from one primary occupation. Essential/optional refers to ESCO, not a verified Malaysian requirement.","","https://www.dosm.gov.my/uploads/content-downloads/file_20220920110308.pdf#page=332","http://data.europa.eu/esco/occupation/4a375b68-88a0-4e5f-99ce-9b01341dfb81","M214116","214116","Materials Engineer","https://emasco.mohr.gov.my/masco/2141-16","2020","exact_normalized_title","high","332","https://www.dosm.gov.my/uploads/content-downloads/file_20220920110308.pdf#page=332","Current eMASCO D11 profile inherited for a MASCO 2020 identity; not 2020-specific task evidence; test only.","close_match","high","M214116","False","Original current-role title, not the remapped 2020 title; retained for comparison only."
"M214202","Engineer Grade J41","214202","2142","2142.1","civil engineer","http://data.europa.eu/esco/occupation/d7d986e1-7333-431b-9719-0c5c6939e360","broader_proxy","medium","Civil engineering scope; technologist/public-service grade is not separately represented.","test_only_project_mapping_not_human_validated","False","2142-02","2142","","","","","no_unique_exact_esco_title_match","new_mapping","project_broader_proxy","curated_title_and_duty_decision","ReRouteHer project-derived; NOT an official MASCO-ESCO crosswalk","non_exact_title","0.727273","Inherited current-role retrieval score; not a probability or a new MASCO 2020 validation score.","True","True","Not established","ESCO skills inherited from one primary occupation. Essential/optional refers to ESCO, not a verified Malaysian requirement.","","https://www.dosm.gov.my/uploads/content-downloads/file_20220920110308.pdf#page=333","http://data.europa.eu/esco/occupation/d7d986e1-7333-431b-9719-0c5c6939e360","M214206","214206","Engineer Grade J9","https://emasco.mohr.gov.my/masco/2142-06","2020","grade_reversion","high","333","https://www.dosm.gov.my/uploads/content-downloads/file_20220920110308.pdf#page=333","Current eMASCO D11 profile inherited for a MASCO 2020 identity; not 2020-specific task evidence; test only.","broader_proxy","medium","M214206","True","Original current-role title, not the remapped 2020 title; retained for comparison only."
"M214206","Civil Engineering Technologist","214206","2142","2142.1","civil engineer","http://data.europa.eu/esco/occupation/d7d986e1-7333-431b-9719-0c5c6939e360","broader_proxy","medium","Civil engineering scope; technologist/public-service grade is not separately represented.","test_only_project_mapping_not_human_validated","False","2142-06","2142","","","","","no_unique_exact_esco_title_match","new_mapping","project_broader_proxy","curated_title_and_duty_decision","ReRouteHer project-derived; NOT an official MASCO-ESCO crosswalk","non_exact_title","0.827586","Inherited current-role retrieval score; not a probability or a new MASCO 2020 validation score.","True","True","Not established","ESCO skills inherited from one primary occupation. Essential/optional refers to ESCO, not a verified Malaysian requirement.","","https://www.dosm.gov.my/uploads/content-downloads/file_20220920110308.pdf#page=333","http://data.europa.eu/esco/occupation/d7d986e1-7333-431b-9719-0c5c6939e360","M214201","214201","Civil Engineering Technologist","https://emasco.mohr.gov.my/masco/2142-01","2020","exact_normalized_title","high","333","https://www.dosm.gov.my/uploads/content-downloads/file_20220920110308.pdf#page=333","Current eMASCO D11 profile inherited for a MASCO 2020 identity; not 2020-specific task evidence; test only.","broader_proxy","medium","M214201","True","Original current-role title, not the remapped 2020 title; retained for comparison only."
"M214207","Civil Engineer","214207","2142","2142.1","civil engineer","http://data.europa.eu/esco/occupation/d7d986e1-7333-431b-9719-0c5c6939e360","close_match","high","Preferred occupation title matches after removing Malaysian grade/competency wrappers.","test_only_project_mapping_not_human_validated","False","2142-07","2142","","","","2142.1","unique_exact_preferred_title_same_isco_group","retained_mapping","project_close_match","unique_cleaned_preferred_label","ReRouteHer project-derived; NOT an official MASCO-ESCO crosswalk","exact_preferred_label","1","Inherited current-role retrieval score; not a probability or a new MASCO 2020 validation score.","True","True","Not established","ESCO skills inherited from one primary occupation. Essential/optional refers to ESCO, not a verified Malaysian requirement.","","https://www.dosm.gov.my/uploads/content-downloads/file_20220920110308.pdf#page=333","http://data.europa.eu/esco/occupation/d7d986e1-7333-431b-9719-0c5c6939e360","M214202","214202","Civil Engineer","https://emasco.mohr.gov.my/masco/2142-02","2020","exact_normalized_title","high","333","https://www.dosm.gov.my/uploads/content-downloads/file_20220920110308.pdf#page=333","Current eMASCO D11 profile inherited for a MASCO 2020 identity; not 2020-specific task evidence; test only.","close_match","high","M214202","True","Original current-role title, not the remapped 2020 title; retained for comparison only."
"M214238","Foundation Engineer","214238","2142","2142.1.4","geological engineer","http://data.europa.eu/esco/occupation/1bdb7d70-1769-4338-aa90-d25a90fe8a6d","partial_proxy","low","Ground and foundation engineering overlap; geological engineering is not exact foundation design.","test_only_project_mapping_not_human_validated","False","2142-38","2142","","","","","no_unique_exact_esco_title_match","new_mapping","project_partial_proxy","curated_title_and_duty_decision","ReRouteHer project-derived; NOT an official MASCO-ESCO crosswalk","non_exact_title","0.611111","Inherited current-role retrieval score; not a probability or a new MASCO 2020 validation score.","True","True","Not established","ESCO skills inherited from one primary occupation. Essential/optional refers to ESCO, not a verified Malaysian requirement.","","https://www.dosm.gov.my/uploads/content-downloads/file_20220920110308.pdf#page=333","http://data.europa.eu/esco/occupation/1bdb7d70-1769-4338-aa90-d25a90fe8a6d","M214203","214203","Foundation Engineer","https://emasco.mohr.gov.my/masco/2142-03","2020","exact_normalized_title","high","333","https://www.dosm.gov.my/uploads/content-downloads/file_20220920110308.pdf#page=333","Current eMASCO D11 profile inherited for a MASCO 2020 identity; not 2020-specific task evidence; test only.","partial_proxy","low","M214203","True","Original current-role title, not the remapped 2020 title; retained for comparison only."
"M214245","Quantity Surveyor Grade J41","214245","2142","2149.14","quantity surveyor","http://data.europa.eu/esco/occupation/0cca32c2-9308-4927-adb2-14771ab787f0","close_match","high","Preferred occupation title matches after removing Malaysian grade/competency wrappers.","test_only_project_mapping_not_human_validated","False","2142-45","2149","","","","","no_unique_exact_esco_title_match","new_mapping","project_close_match","unique_cleaned_preferred_label","ReRouteHer project-derived; NOT an official MASCO-ESCO crosswalk","exact_preferred_label","1","Inherited current-role retrieval score; not a probability or a new MASCO 2020 validation score.","False","True","Not established","ESCO skills inherited from one primary occupation. Essential/optional refers to ESCO, not a verified Malaysian requirement.","","https://www.dosm.gov.my/uploads/content-downloads/file_20220920110308.pdf#page=333","http://data.europa.eu/esco/occupation/0cca32c2-9308-4927-adb2-14771ab787f0","M214207","214207","Quantity Surveyor Grade J9/J10","https://emasco.mohr.gov.my/masco/2142-07","2020","grade_reversion","high","333","https://www.dosm.gov.my/uploads/content-downloads/file_20220920110308.pdf#page=333","Current eMASCO D11 profile inherited for a MASCO 2020 identity; not 2020-specific task evidence; test only.","close_match","high","M214207","False","Original current-role title, not the remapped 2020 title; retained for comparison only."
"M214246","Building Surveyor Grade J41","214246","2142","3315.8","real estate surveyor","http://data.europa.eu/esco/occupation/bbefa1b2-521e-4d87-a7ad-9bbd0b32e271","close_match","medium","Building/property surveying, not mine surveying.","test_only_project_mapping_not_human_validated","False","2142-46","3315","","","","","no_unique_exact_esco_title_match","new_mapping","project_close_match","curated_title_and_duty_decision","ReRouteHer project-derived; NOT an official MASCO-ESCO crosswalk","non_exact_title","0.540541","Inherited current-role retrieval score; not a probability or a new MASCO 2020 validation score.","False","True","Not established","ESCO skills inherited from one primary occupation. Essential/optional refers to ESCO, not a verified Malaysian requirement.","","https://www.dosm.gov.my/uploads/content-downloads/file_20220920110308.pdf#page=333","http://data.europa.eu/esco/occupation/bbefa1b2-521e-4d87-a7ad-9bbd0b32e271","M214208","214208","Building Surveyor Grade J9/J10","https://emasco.mohr.gov.my/masco/2142-08","2020","grade_reversion","high","333","https://www.dosm.gov.my/uploads/content-downloads/file_20220920110308.pdf#page=333","Current eMASCO D11 profile inherited for a MASCO 2020 identity; not 2020-specific task evidence; test only.","close_match","medium","M214208","False","Original current-role title, not the remapped 2020 title; retained for comparison only."
"M214248","Quantity Surveyor","214248","2142","2149.14","quantity surveyor","http://data.europa.eu/esco/occupation/0cca32c2-9308-4927-adb2-14771ab787f0","close_match","high","Preferred occupation title matches after removing Malaysian grade/competency wrappers.","test_only_project_mapping_not_human_validated","False","2142-48","2149","","","","","no_unique_exact_esco_title_match","new_mapping","project_close_match","unique_cleaned_preferred_label","ReRouteHer project-derived; NOT an official MASCO-ESCO crosswalk","exact_preferred_label","1","Inherited current-role retrieval score; not a probability or a new MASCO 2020 validation score.","False","True","Not established","ESCO skills inherited from one primary occupation. Essential/optional refers to ESCO, not a verified Malaysian requirement.","","https://www.dosm.gov.my/uploads/content-downloads/file_20220920110308.pdf#page=333","http://data.europa.eu/esco/occupation/0cca32c2-9308-4927-adb2-14771ab787f0","M214204","214204","Quantity Surveyor","https://emasco.mohr.gov.my/masco/2142-04","2020","exact_normalized_title","high","333","https://www.dosm.gov.my/uploads/content-downloads/file_20220920110308.pdf#page=333","Current eMASCO D11 profile inherited for a MASCO 2020 identity; not 2020-specific task evidence; test only.","close_match","high","M214204","False","Original current-role title, not the remapped 2020 title; retained for comparison only."
"M214301","Environmental Engineer","214301","2143","2143.1","environmental engineer","http://data.europa.eu/esco/occupation/ac1fc6a9-70d2-475c-8fa0-82ef83830968","close_match","high","Preferred occupation title matches after removing Malaysian grade/competency wrappers.","test_only_project_mapping_not_human_validated","False","2143-01","2143","","","","2143.1","unique_exact_preferred_title_same_isco_group","retained_mapping","project_close_match","unique_cleaned_preferred_label","ReRouteHer project-derived; NOT an official MASCO-ESCO crosswalk","exact_preferred_label","1","Inherited current-role retrieval score; not a probability or a new MASCO 2020 validation score.","True","True","Not established","ESCO skills inherited from one primary occupation. Essential/optional refers to ESCO, not a verified Malaysian requirement.","","https://www.dosm.gov.my/uploads/content-downloads/file_20220920110308.pdf#page=334","http://data.europa.eu/esco/occupation/ac1fc6a9-70d2-475c-8fa0-82ef83830968","M214301","214301","Environmental Engineer","https://emasco.mohr.gov.my/masco/2143-01","2020","exact_normalized_title","high","334","https://www.dosm.gov.my/uploads/content-downloads/file_20220920110308.pdf#page=334","Current eMASCO D11 profile inherited for a MASCO 2020 identity; not 2020-specific task evidence; test only.","close_match","high","M214301","True","Original current-role title, not the remapped 2020 title; retained for comparison only."
"M214305","Environmental Analyst","214305","2143","2133.7","environmental scientist","http://data.europa.eu/esco/occupation/11d72bd6-779a-4643-9962-313833740094","broader_proxy","medium","Environmental data, research and compliance analysis; source does not primarily describe engineering design.","test_only_project_mapping_not_human_validated","False","2143-05","2133","","","","2143.1","unique_exact_alternate_title_same_isco_group","corrected_mapping","project_broader_proxy","curated_title_and_duty_decision","ReRouteHer project-derived; NOT an official MASCO-ESCO crosswalk","non_exact_title","0.772727","Inherited current-role retrieval score; not a probability or a new MASCO 2020 validation score.","False","True","Not established","ESCO skills inherited from one primary occupation. Essential/optional refers to ESCO, not a verified Malaysian requirement.","","https://www.dosm.gov.my/uploads/content-downloads/file_20220920110308.pdf#page=334","http://data.europa.eu/esco/occupation/11d72bd6-779a-4643-9962-313833740094","M214302","214302","Environmental Analyst","https://emasco.mohr.gov.my/masco/2143-02","2020","exact_normalized_title","high","334","https://www.dosm.gov.my/uploads/content-downloads/file_20220920110308.pdf#page=334","Current eMASCO D11 profile inherited for a MASCO 2020 identity; not 2020-specific task evidence; test only.","broader_proxy","medium","M214302","False","Original current-role title, not the remapped 2020 title; retained for comparison only."
"M214402","Mechanical Engineer","214402","2144","2144.1","mechanical engineer","http://data.europa.eu/esco/occupation/579254cf-6d69-4889-9000-9c79dc568644","close_match","high","Preferred occupation title matches after removing Malaysian grade/competency wrappers.","test_only_project_mapping_not_human_validated","False","2144-02","2144","","","","2144.1","unique_exact_preferred_title_same_isco_group","retained_mapping","project_close_match","unique_cleaned_preferred_label","ReRouteHer project-derived; NOT an official MASCO-ESCO crosswalk","exact_preferred_label","1","Inherited current-role retrieval score; not a probability or a new MASCO 2020 validation score.","True","True","Not established","ESCO skills inherited from one primary occupation. Essential/optional refers to ESCO, not a verified Malaysian requirement.","","https://www.dosm.gov.my/uploads/content-downloads/file_20220920110308.pdf#page=334","http://data.europa.eu/esco/occupation/579254cf-6d69-4889-9000-9c79dc568644","M214401","214401","Mechanical Engineer","https://emasco.mohr.gov.my/masco/2144-01","2020","exact_normalized_title","high","334","https://www.dosm.gov.my/uploads/content-downloads/file_20220920110308.pdf#page=334","Current eMASCO D11 profile inherited for a MASCO 2020 identity; not 2020-specific task evidence; test only.","close_match","high","M214401","True","Original current-role title, not the remapped 2020 title; retained for comparison only."
"M214404","Lift Engineer","214404","2144","7412.7","lift technician","http://data.europa.eu/esco/occupation/f8d1bcf9-9ca1-408f-a713-7bdf28c400fd","partial_proxy","low","Lift installation and technical service; engineering design versus technician scope needs review.","test_only_project_mapping_not_human_validated","False","2144-04","7412","","","","","no_unique_exact_esco_title_match","new_mapping","project_partial_proxy","curated_title_and_duty_decision","ReRouteHer project-derived; NOT an official MASCO-ESCO crosswalk","exact_alternate_label","1","Inherited current-role retrieval score; not a probability or a new MASCO 2020 validation score.","False","True","Not established","ESCO skills inherited from one primary occupation. Essential/optional refers to ESCO, not a verified Malaysian requirement.","","https://www.dosm.gov.my/uploads/content-downloads/file_20220920110308.pdf#page=334","http://data.europa.eu/esco/occupation/f8d1bcf9-9ca1-408f-a713-7bdf28c400fd","M214402","214402","Lift Engineer","https://emasco.mohr.gov.my/masco/2144-02","2020","exact_normalized_title","high","334","https://www.dosm.gov.my/uploads/content-downloads/file_20220920110308.pdf#page=334","Current eMASCO D11 profile inherited for a MASCO 2020 identity; not 2020-specific task evidence; test only.","partial_proxy","low","M214402","False","Original current-role title, not the remapped 2020 title; retained for comparison only."
"M214413","Internal Combustion Engine Engineer","214413","2144","2144.1","mechanical engineer","http://data.europa.eu/esco/occupation/579254cf-6d69-4889-9000-9c79dc568644","inherited_test_proxy","medium","Inherited current-role ESCO assignment, not independently revalidated for this MASCO 2020 identity. Same internal-combustion-engine engineering occupation; current competent-person qualification is provenance, not an invented 2020 qualification. Original rationale: Mechanical engineering; engine or technologist specialization is absent.","test_only_project_mapping_not_human_validated","False","2144-13","2144","","","","","no_unique_exact_esco_title_match","new_mapping","project_broader_proxy","curated_title_and_duty_decision","ReRouteHer project-derived; NOT an official MASCO-ESCO crosswalk","non_exact_title","0.528302","Inherited current-role retrieval score; not a probability or a new MASCO 2020 validation score.","True","True","Not established","ESCO skills inherited from one primary occupation. Essential/optional refers to ESCO, not a verified Malaysian requirement.","","https://www.dosm.gov.my/uploads/content-downloads/file_20220920110308.pdf#page=334","http://data.europa.eu/esco/occupation/579254cf-6d69-4889-9000-9c79dc568644","M214403","214403","Competent Person (CP) - Internal Combustion Engine Engineer","https://emasco.mohr.gov.my/masco/2144-03","2020","reviewed_functional_equivalent","medium","334","https://www.dosm.gov.my/uploads/content-downloads/file_20220920110308.pdf#page=334","Current eMASCO D11 profile inherited for a MASCO 2020 identity; not 2020-specific task evidence; test only.","broader_proxy","medium","M214403","True","Original current-role title, not the remapped 2020 title; retained for comparison only."
"M214436","Welding Engineer","214436","2144","2144.1.23","welding engineer","http://data.europa.eu/esco/occupation/16cb1f72-3d8c-4404-84ec-9c31fbd7c86c","close_match","high","Preferred occupation title matches after removing Malaysian grade/competency wrappers.","test_only_project_mapping_not_human_validated","False","2144-36","2144","","","","2144.1.23","unique_exact_preferred_title_same_isco_group","retained_mapping","project_close_match","unique_cleaned_preferred_label","ReRouteHer project-derived; NOT an official MASCO-ESCO crosswalk","exact_preferred_label","1","Inherited current-role retrieval score; not a probability or a new MASCO 2020 validation score.","True","True","Not established","ESCO skills inherited from one primary occupation. Essential/optional refers to ESCO, not a verified Malaysian requirement.","","https://www.dosm.gov.my/uploads/content-downloads/file_20220920110308.pdf#page=334","http://data.europa.eu/esco/occupation/16cb1f72-3d8c-4404-84ec-9c31fbd7c86c","M214404","214404","Welding Engineer","https://emasco.mohr.gov.my/masco/2144-04","2020","exact_normalized_title","high","334","https://www.dosm.gov.my/uploads/content-downloads/file_20220920110308.pdf#page=334","Current eMASCO D11 profile inherited for a MASCO 2020 identity; not 2020-specific task evidence; test only.","close_match","high","M214404","True","Original current-role title, not the remapped 2020 title; retained for comparison only."
"M214443","Engineering Technologist","214443","2144","2144.1","mechanical engineer","http://data.europa.eu/esco/occupation/579254cf-6d69-4889-9000-9c79dc568644","broader_proxy","medium","Mechanical engineering; engine or technologist specialization is absent.","test_only_project_mapping_not_human_validated","False","2144-43","2144","","","","","no_unique_exact_esco_title_match","new_mapping","project_broader_proxy","curated_title_and_duty_decision","ReRouteHer project-derived; NOT an official MASCO-ESCO crosswalk","non_exact_title","0.631579","Inherited current-role retrieval score; not a probability or a new MASCO 2020 validation score.","True","True","Not established","ESCO skills inherited from one primary occupation. Essential/optional refers to ESCO, not a verified Malaysian requirement.","","https://www.dosm.gov.my/uploads/content-downloads/file_20220920110308.pdf#page=334","http://data.europa.eu/esco/occupation/579254cf-6d69-4889-9000-9c79dc568644","M214405","214405","Engineering Technologist","https://emasco.mohr.gov.my/masco/2144-05","2020","exact_normalized_title","high","334","https://www.dosm.gov.my/uploads/content-downloads/file_20220920110308.pdf#page=334","Current eMASCO D11 profile inherited for a MASCO 2020 identity; not 2020-specific task evidence; test only.","broader_proxy","medium","M214405","True","Original current-role title, not the remapped 2020 title; retained for comparison only."
"M214458","Robotic Technologist","214458","2144","3119.2.1","robotics engineering technician","http://data.europa.eu/esco/occupation/7833d5cd-873d-4fdd-b2f8-9762d68494a7","close_match","medium","Robotics engineering technology.","test_only_project_mapping_not_human_validated","False","2144-58","3119","","","","","no_unique_exact_esco_title_match","new_mapping","project_close_match","curated_title_and_duty_decision","ReRouteHer project-derived; NOT an official MASCO-ESCO crosswalk","non_exact_title","0.97561","Inherited current-role retrieval score; not a probability or a new MASCO 2020 validation score.","False","True","Not established","ESCO skills inherited from one primary occupation. Essential/optional refers to ESCO, not a verified Malaysian requirement.","","https://www.dosm.gov.my/uploads/content-downloads/file_20220920110308.pdf#page=335","http://data.europa.eu/esco/occupation/7833d5cd-873d-4fdd-b2f8-9762d68494a7","M214406","214406","Robotic Technologist","https://emasco.mohr.gov.my/masco/2144-06","2020","exact_normalized_title","high","335","https://www.dosm.gov.my/uploads/content-downloads/file_20220920110308.pdf#page=335","Current eMASCO D11 profile inherited for a MASCO 2020 identity; not 2020-specific task evidence; test only.","close_match","medium","M214406","False","Original current-role title, not the remapped 2020 title; retained for comparison only."
"M214459","Aerospace Engineer","214459","2144","2144.1.1","aerospace engineer","http://data.europa.eu/esco/occupation/d7e663b2-f042-47d8-9fda-b5b8ba30ca04","close_match","high","Preferred occupation title matches after removing Malaysian grade/competency wrappers.","test_only_project_mapping_not_human_validated","False","2144-59","2144","","","","2144.1.1","unique_exact_preferred_title_same_isco_group","retained_mapping","project_close_match","unique_cleaned_preferred_label","ReRouteHer project-derived; NOT an official MASCO-ESCO crosswalk","exact_preferred_label","1","Inherited current-role retrieval score; not a probability or a new MASCO 2020 validation score.","True","True","Not established","ESCO skills inherited from one primary occupation. Essential/optional refers to ESCO, not a verified Malaysian requirement.","","https://www.dosm.gov.my/uploads/content-downloads/file_20220920110308.pdf#page=335","http://data.europa.eu/esco/occupation/d7e663b2-f042-47d8-9fda-b5b8ba30ca04","M214407","214407","Aerospace Engineer","https://emasco.mohr.gov.my/masco/2144-07","2020","exact_normalized_title","high","335","https://www.dosm.gov.my/uploads/content-downloads/file_20220920110308.pdf#page=335","Current eMASCO D11 profile inherited for a MASCO 2020 identity; not 2020-specific task evidence; test only.","close_match","high","M214407","True","Original current-role title, not the remapped 2020 title; retained for comparison only."
"M214503","Chemical Engineer","214503","2145","2145.1","chemical engineer","http://data.europa.eu/esco/occupation/ec21ce88-ce14-49b6-be0a-cc53cf5a3a67","close_match","high","Preferred occupation title matches after removing Malaysian grade/competency wrappers.","test_only_project_mapping_not_human_validated","False","2145-03","2145","","","","2145.1","unique_exact_preferred_title_same_isco_group","retained_mapping","project_close_match","unique_cleaned_preferred_label","ReRouteHer project-derived; NOT an official MASCO-ESCO crosswalk","exact_preferred_label","1","Inherited current-role retrieval score; not a probability or a new MASCO 2020 validation score.","True","True","Not established","ESCO skills inherited from one primary occupation. Essential/optional refers to ESCO, not a verified Malaysian requirement.","","https://www.dosm.gov.my/uploads/content-downloads/file_20220920110308.pdf#page=335","http://data.europa.eu/esco/occupation/ec21ce88-ce14-49b6-be0a-cc53cf5a3a67","M214501","214501","Chemical Engineer","https://emasco.mohr.gov.my/masco/2145-01","2020","exact_normalized_title","high","335","https://www.dosm.gov.my/uploads/content-downloads/file_20220920110308.pdf#page=335","Current eMASCO D11 profile inherited for a MASCO 2020 identity; not 2020-specific task evidence; test only.","close_match","high","M214501","True","Original current-role title, not the remapped 2020 title; retained for comparison only."
"M214601","Mining Engineer","214601","2146","2146.8","mine planning engineer","http://data.europa.eu/esco/occupation/7b99007f-c6bf-4703-85d3-f168bc6a9f28","partial_proxy","low","Mine planning/extraction engineering component; broad mining lifecycle exceeds mine-planning specialization.","test_only_project_mapping_not_human_validated","False","2146-01","2146","","","","2146.11","unique_exact_alternate_title_same_isco_group","corrected_mapping","project_partial_proxy","curated_title_and_duty_decision","ReRouteHer project-derived; NOT an official MASCO-ESCO crosswalk","non_exact_title","0.810811","Inherited current-role retrieval score; not a probability or a new MASCO 2020 validation score.","True","True","Not established","ESCO skills inherited from one primary occupation. Essential/optional refers to ESCO, not a verified Malaysian requirement.","","https://www.dosm.gov.my/uploads/content-downloads/file_20220920110308.pdf#page=335","http://data.europa.eu/esco/occupation/7b99007f-c6bf-4703-85d3-f168bc6a9f28","M214601","214601","Mining Engineer","https://emasco.mohr.gov.my/masco/2146-01","2020","exact_normalized_title","high","335","https://www.dosm.gov.my/uploads/content-downloads/file_20220920110308.pdf#page=335","Current eMASCO D11 profile inherited for a MASCO 2020 identity; not 2020-specific task evidence; test only.","partial_proxy","low","M214601","True","Original current-role title, not the remapped 2020 title; retained for comparison only."
"M214606","Petroleum Mining Engineer","214606","2146","2146.10","petroleum engineer","http://data.europa.eu/esco/occupation/7569f423-2c37-49aa-947e-41acb66ec909","partial_proxy","low","Title/duty comparison supports this primary proxy, but occupational breadth, specialisation or seniority may differ. See both source profiles in the evidence table.","test_only_project_mapping_not_human_validated","False","2146-06","2146","","","","","no_unique_exact_esco_title_match","new_mapping","project_partial_proxy","reviewed_existing_or_retrieved_candidate","ReRouteHer project-derived; NOT an official MASCO-ESCO crosswalk","non_exact_title","0.837209","Inherited current-role retrieval score; not a probability or a new MASCO 2020 validation score.","True","True","Not established","ESCO skills inherited from one primary occupation. Essential/optional refers to ESCO, not a verified Malaysian requirement.","","https://www.dosm.gov.my/uploads/content-downloads/file_20220920110308.pdf#page=335","http://data.europa.eu/esco/occupation/7569f423-2c37-49aa-947e-41acb66ec909","M214602","214602","Petroleum Mining Engineer","https://emasco.mohr.gov.my/masco/2146-02","2020","exact_normalized_title","high","335","https://www.dosm.gov.my/uploads/content-downloads/file_20220920110308.pdf#page=335","Current eMASCO D11 profile inherited for a MASCO 2020 identity; not 2020-specific task evidence; test only.","partial_proxy","low","M214602","True","Original current-role title, not the remapped 2020 title; retained for comparison only."
"M214609","Metallurgist","214609","2146","2146.5","metallurgist","http://data.europa.eu/esco/occupation/bcf8f332-c7e1-4a08-8651-28d668290eaf","close_match","high","Preferred occupation title matches after removing Malaysian grade/competency wrappers.","test_only_project_mapping_not_human_validated","False","2146-09","2146","","","","2146.5","unique_exact_preferred_title_same_isco_group","retained_mapping","project_close_match","unique_cleaned_preferred_label","ReRouteHer project-derived; NOT an official MASCO-ESCO crosswalk","exact_preferred_label","1","Inherited current-role retrieval score; not a probability or a new MASCO 2020 validation score.","True","True","Not established","ESCO skills inherited from one primary occupation. Essential/optional refers to ESCO, not a verified Malaysian requirement.","","https://www.dosm.gov.my/uploads/content-downloads/file_20220920110308.pdf#page=335","http://data.europa.eu/esco/occupation/bcf8f332-c7e1-4a08-8651-28d668290eaf","M214603","214603","Metallurgist","https://emasco.mohr.gov.my/masco/2146-03","2020","exact_normalized_title","high","335","https://www.dosm.gov.my/uploads/content-downloads/file_20220920110308.pdf#page=335","Current eMASCO D11 profile inherited for a MASCO 2020 identity; not 2020-specific task evidence; test only.","close_match","high","M214603","True","Original current-role title, not the remapped 2020 title; retained for comparison only."
"M214616","Assayer","214616","2146","2146.1","assayer","http://data.europa.eu/esco/occupation/808b5940-8092-4f08-bc37-9b60ee5761d8","close_match","high","Preferred occupation title matches after removing Malaysian grade/competency wrappers.","test_only_project_mapping_not_human_validated","False","2146-16","2146","","","","2146.1","unique_exact_preferred_title_same_isco_group","retained_mapping","project_close_match","unique_cleaned_preferred_label","ReRouteHer project-derived; NOT an official MASCO-ESCO crosswalk","exact_preferred_label","1","Inherited current-role retrieval score; not a probability or a new MASCO 2020 validation score.","True","True","Not established","ESCO skills inherited from one primary occupation. Essential/optional refers to ESCO, not a verified Malaysian requirement.","","https://www.dosm.gov.my/uploads/content-downloads/file_20220920110308.pdf#page=335","http://data.europa.eu/esco/occupation/808b5940-8092-4f08-bc37-9b60ee5761d8","M214604","214604","Assayer","https://emasco.mohr.gov.my/masco/2146-04","2020","exact_normalized_title","high","335","https://www.dosm.gov.my/uploads/content-downloads/file_20220920110308.pdf#page=335","Current eMASCO D11 profile inherited for a MASCO 2020 identity; not 2020-specific task evidence; test only.","close_match","high","M214604","True","Original current-role title, not the remapped 2020 title; retained for comparison only."
"M214624","Marine Section Leader","214624","2146","4323.19","vessel operations coordinator","http://data.europa.eu/esco/occupation/0cd0082a-ca15-4dcd-b352-b7600c916d8e","partial_proxy","low","Vessel operations coordination and readiness; technical section leadership is only partly represented.","test_only_project_mapping_not_human_validated","False","2146-24","4323","","","","","no_unique_exact_esco_title_match","new_mapping","project_partial_proxy","curated_title_and_duty_decision","ReRouteHer project-derived; NOT an official MASCO-ESCO crosswalk","non_exact_title","0.478261","Inherited current-role retrieval score; not a probability or a new MASCO 2020 validation score.","False","True","Not established","ESCO skills inherited from one primary occupation. Essential/optional refers to ESCO, not a verified Malaysian requirement.","","https://www.dosm.gov.my/uploads/content-downloads/file_20220920110308.pdf#page=336","http://data.europa.eu/esco/occupation/0cd0082a-ca15-4dcd-b352-b7600c916d8e","M214605","214605","Marine Section Leader","https://emasco.mohr.gov.my/masco/2146-05","2020","exact_normalized_title","high","336","https://www.dosm.gov.my/uploads/content-downloads/file_20220920110308.pdf#page=336","Current eMASCO D11 profile inherited for a MASCO 2020 identity; not 2020-specific task evidence; test only.","partial_proxy","low","M214605","False","Original current-role title, not the remapped 2020 title; retained for comparison only."
"M214641","Hydraulics Engineer","214641","2146","2144.1.7","fluid power engineer","http://data.europa.eu/esco/occupation/811595cc-3100-4ca0-b860-3a77349342ae","close_match","medium","Hydraulic machinery, pumps and actuators align with fluid-power engineering.","test_only_project_mapping_not_human_validated","False","2146-41","2144","","","","","no_unique_exact_esco_title_match","new_mapping","project_close_match","curated_title_and_duty_decision","ReRouteHer project-derived; NOT an official MASCO-ESCO crosswalk","non_exact_title","0.734694","Inherited current-role retrieval score; not a probability or a new MASCO 2020 validation score.","False","True","Not established","ESCO skills inherited from one primary occupation. Essential/optional refers to ESCO, not a verified Malaysian requirement.","","https://www.dosm.gov.my/uploads/content-downloads/file_20220920110308.pdf#page=336","http://data.europa.eu/esco/occupation/811595cc-3100-4ca0-b860-3a77349342ae","M214606","214606","Hydraulics Engineer","https://emasco.mohr.gov.my/masco/2146-06","2020","exact_normalized_title","high","336","https://www.dosm.gov.my/uploads/content-downloads/file_20220920110308.pdf#page=336","Current eMASCO D11 profile inherited for a MASCO 2020 identity; not 2020-specific task evidence; test only.","close_match","medium","M214606","False","Original current-role title, not the remapped 2020 title; retained for comparison only."
"M214642","Water Management Engineer","214642","2146","2142.1.11","water engineer","http://data.europa.eu/esco/occupation/fcf9024e-277c-43c7-8ec8-8903e5c9c576","partial_proxy","low","Title/duty comparison supports this primary proxy, but occupational breadth, specialisation or seniority may differ. See both source profiles in the evidence table.","test_only_project_mapping_not_human_validated","False","2146-42","2142","","","","","no_unique_exact_esco_title_match","new_mapping","project_partial_proxy","reviewed_existing_or_retrieved_candidate","ReRouteHer project-derived; NOT an official MASCO-ESCO crosswalk","non_exact_title","0.730769","Inherited current-role retrieval score; not a probability or a new MASCO 2020 validation score.","False","True","Not established","ESCO skills inherited from one primary occupation. Essential/optional refers to ESCO, not a verified Malaysian requirement.","","https://www.dosm.gov.my/uploads/content-downloads/file_20220920110308.pdf#page=336","http://data.europa.eu/esco/occupation/fcf9024e-277c-43c7-8ec8-8903e5c9c576","M214607","214607","Water Management Engineer","https://emasco.mohr.gov.my/masco/2146-07","2020","exact_normalized_title","high","336","https://www.dosm.gov.my/uploads/content-downloads/file_20220920110308.pdf#page=336","Current eMASCO D11 profile inherited for a MASCO 2020 identity; not 2020-specific task evidence; test only.","partial_proxy","low","M214607","False","Original current-role title, not the remapped 2020 title; retained for comparison only."
"M214645","Pipeline Mechanical Engineer","214645","2146","2142.1.7","pipeline engineer","http://data.europa.eu/esco/occupation/57ac359a-ae52-4aea-bc9c-93af7efa502e","partial_proxy","low","Title/duty comparison supports this primary proxy, but occupational breadth, specialisation or seniority may differ. See both source profiles in the evidence table.","test_only_project_mapping_not_human_validated","False","2146-45","2142","","","","","no_unique_exact_esco_title_match","new_mapping","project_partial_proxy","reviewed_existing_or_retrieved_candidate","ReRouteHer project-derived; NOT an official MASCO-ESCO crosswalk","non_exact_title","0.784314","Inherited current-role retrieval score; not a probability or a new MASCO 2020 validation score.","False","True","Not established","ESCO skills inherited from one primary occupation. Essential/optional refers to ESCO, not a verified Malaysian requirement.","","https://www.dosm.gov.my/uploads/content-downloads/file_20220920110308.pdf#page=336","http://data.europa.eu/esco/occupation/57ac359a-ae52-4aea-bc9c-93af7efa502e","M214608","214608","Pipeline Mechanical Engineer","https://emasco.mohr.gov.my/masco/2146-08","2020","exact_normalized_title","high","336","https://www.dosm.gov.my/uploads/content-downloads/file_20220920110308.pdf#page=336","Current eMASCO D11 profile inherited for a MASCO 2020 identity; not 2020-specific task evidence; test only.","partial_proxy","low","M214608","False","Original current-role title, not the remapped 2020 title; retained for comparison only."
"M214648","Pipe Stress Engineer","214648","2146","2142.1.7","pipeline engineer","http://data.europa.eu/esco/occupation/57ac359a-ae52-4aea-bc9c-93af7efa502e","partial_proxy","low","Title/duty comparison supports this primary proxy, but occupational breadth, specialisation or seniority may differ. See both source profiles in the evidence table.","test_only_project_mapping_not_human_validated","False","2146-48","2142","","","","","no_unique_exact_esco_title_match","new_mapping","project_partial_proxy","reviewed_existing_or_retrieved_candidate","ReRouteHer project-derived; NOT an official MASCO-ESCO crosswalk","non_exact_title","0.756757","Inherited current-role retrieval score; not a probability or a new MASCO 2020 validation score.","False","True","Not established","ESCO skills inherited from one primary occupation. Essential/optional refers to ESCO, not a verified Malaysian requirement.","","https://www.dosm.gov.my/uploads/content-downloads/file_20220920110308.pdf#page=336","http://data.europa.eu/esco/occupation/57ac359a-ae52-4aea-bc9c-93af7efa502e","M214609","214609","Pipe Stress Engineer","https://emasco.mohr.gov.my/masco/2146-09","2020","exact_normalized_title","high","336","https://www.dosm.gov.my/uploads/content-downloads/file_20220920110308.pdf#page=336","Current eMASCO D11 profile inherited for a MASCO 2020 identity; not 2020-specific task evidence; test only.","partial_proxy","low","M214609","False","Original current-role title, not the remapped 2020 title; retained for comparison only."
"M214649","Blasting Expert","214649","2146","2146.3","explosives engineer","http://data.europa.eu/esco/occupation/40b77b1b-6f9c-4d25-8b08-8b3cb0aaf7e7","inherited_test_proxy","medium","Inherited current-role ESCO assignment, not independently revalidated for this MASCO 2020 identity. Blasting Expert within the mining group; the added Mine qualifier is not a distinct occupational identity. Original rationale: Mining blasting and explosives engineering.","test_only_project_mapping_not_human_validated","False","2146-49","2146","","","","","no_unique_exact_esco_title_match","new_mapping","project_broader_proxy","curated_title_and_duty_decision","ReRouteHer project-derived; NOT an official MASCO-ESCO crosswalk","non_exact_title","0.702703","Inherited current-role retrieval score; not a probability or a new MASCO 2020 validation score.","True","True","Not established","ESCO skills inherited from one primary occupation. Essential/optional refers to ESCO, not a verified Malaysian requirement.","","https://www.dosm.gov.my/uploads/content-downloads/file_20220920110308.pdf#page=336","http://data.europa.eu/esco/occupation/40b77b1b-6f9c-4d25-8b08-8b3cb0aaf7e7","M214610","214610","Blasting Expert (Mine)","https://emasco.mohr.gov.my/masco/2146-10","2020","reviewed_functional_equivalent","medium","336","https://www.dosm.gov.my/uploads/content-downloads/file_20220920110308.pdf#page=336","Current eMASCO D11 profile inherited for a MASCO 2020 identity; not 2020-specific task evidence; test only.","broader_proxy","medium","M214610","True","Original current-role title, not the remapped 2020 title; retained for comparison only."
"M214901","Explosive Ordnance Engineer","214901","2149","2146.3","explosives engineer","http://data.europa.eu/esco/occupation/40b77b1b-6f9c-4d25-8b08-8b3cb0aaf7e7","partial_proxy","low","Title/duty comparison supports this primary proxy, but occupational breadth, specialisation or seniority may differ. See both source profiles in the evidence table.","test_only_project_mapping_not_human_validated","False","2149-01","2146","","","","","no_unique_exact_esco_title_match","new_mapping","project_partial_proxy","reviewed_existing_or_retrieved_candidate","ReRouteHer project-derived; NOT an official MASCO-ESCO crosswalk","non_exact_title","0.782609","Inherited current-role retrieval score; not a probability or a new MASCO 2020 validation score.","False","True","Not established","ESCO skills inherited from one primary occupation. Essential/optional refers to ESCO, not a verified Malaysian requirement.","","https://www.dosm.gov.my/uploads/content-downloads/file_20220920110308.pdf#page=336","http://data.europa.eu/esco/occupation/40b77b1b-6f9c-4d25-8b08-8b3cb0aaf7e7","M214901","214901","Explosive Ordnance Engineer","https://emasco.mohr.gov.my/masco/2149-01","2020","exact_normalized_title","high","336","https://www.dosm.gov.my/uploads/content-downloads/file_20220920110308.pdf#page=336","Current eMASCO D11 profile inherited for a MASCO 2020 identity; not 2020-specific task evidence; test only.","partial_proxy","low","M214901","False","Original current-role title, not the remapped 2020 title; retained for comparison only."
"M214902","Marine Salvage Engineer","214902","2149","2144.1.10","marine engineer","http://data.europa.eu/esco/occupation/c36fc197-1f5b-4563-acd8-6f1d06aa1c03","partial_proxy","low","Title/duty comparison supports this primary proxy, but occupational breadth, specialisation or seniority may differ. See both source profiles in the evidence table.","test_only_project_mapping_not_human_validated","False","2149-02","2144","","","","","no_unique_exact_esco_title_match","new_mapping","project_partial_proxy","reviewed_existing_or_retrieved_candidate","ReRouteHer project-derived; NOT an official MASCO-ESCO crosswalk","non_exact_title","0.8","Inherited current-role retrieval score; not a probability or a new MASCO 2020 validation score.","False","True","Not established","ESCO skills inherited from one primary occupation. Essential/optional refers to ESCO, not a verified Malaysian requirement.","","https://www.dosm.gov.my/uploads/content-downloads/file_20220920110308.pdf#page=336","http://data.europa.eu/esco/occupation/c36fc197-1f5b-4563-acd8-6f1d06aa1c03","M214902","214902","Marine Salvage Engineer","https://emasco.mohr.gov.my/masco/2149-02","2020","exact_normalized_title","high","336","https://www.dosm.gov.my/uploads/content-downloads/file_20220920110308.pdf#page=336","Current eMASCO D11 profile inherited for a MASCO 2020 identity; not 2020-specific task evidence; test only.","partial_proxy","low","M214902","False","Original current-role title, not the remapped 2020 title; retained for comparison only."
"M214907","Industrial Health and Safety Engineer","214907","2149","2149.10","health and safety engineer","http://data.europa.eu/esco/occupation/a1273779-d2d4-4708-a406-62f7cdd26aab","close_match","medium","ESCO alternate title matches the cleaned MASCO title; national qualifications and full task scope are not assumed equivalent.","test_only_project_mapping_not_human_validated","False","2149-07","2149","","","","2149.10","unique_exact_alternate_title_same_isco_group","retained_mapping","project_close_match","reviewed_existing_or_retrieved_candidate","ReRouteHer project-derived; NOT an official MASCO-ESCO crosswalk","exact_alternate_label","1","Inherited current-role retrieval score; not a probability or a new MASCO 2020 validation score.","True","True","Not established","ESCO skills inherited from one primary occupation. Essential/optional refers to ESCO, not a verified Malaysian requirement.","","https://www.dosm.gov.my/uploads/content-downloads/file_20220920110308.pdf#page=336","http://data.europa.eu/esco/occupation/a1273779-d2d4-4708-a406-62f7cdd26aab","M214904","214904","Industrial Health and Safety Engineer","https://emasco.mohr.gov.my/masco/2149-04","2020","exact_normalized_title","high","336","https://www.dosm.gov.my/uploads/content-downloads/file_20220920110308.pdf#page=336","Current eMASCO D11 profile inherited for a MASCO 2020 identity; not 2020-specific task evidence; test only.","close_match","medium","M214904","True","Original current-role title, not the remapped 2020 title; retained for comparison only."
"M214913","Field Service Engineer","214913","2149","2144.1.6","equipment engineer","http://data.europa.eu/esco/occupation/1c36dd08-f6a7-43f2-a889-beebedb71c25","partial_proxy","low","Title/duty comparison supports this primary proxy, but occupational breadth, specialisation or seniority may differ. See both source profiles in the evidence table.","test_only_project_mapping_not_human_validated","False","2149-13","2144","","","","","no_unique_exact_esco_title_match","new_mapping","project_partial_proxy","reviewed_existing_or_retrieved_candidate","ReRouteHer project-derived; NOT an official MASCO-ESCO crosswalk","non_exact_title","0.55","Inherited current-role retrieval score; not a probability or a new MASCO 2020 validation score.","False","True","Not established","ESCO skills inherited from one primary occupation. Essential/optional refers to ESCO, not a verified Malaysian requirement.","","https://www.dosm.gov.my/uploads/content-downloads/file_20220920110308.pdf#page=336","http://data.europa.eu/esco/occupation/1c36dd08-f6a7-43f2-a889-beebedb71c25","M214905","214905","Field Service Engineer","https://emasco.mohr.gov.my/masco/2149-05","2020","exact_normalized_title","high","336","https://www.dosm.gov.my/uploads/content-downloads/file_20220920110308.pdf#page=336","Current eMASCO D11 profile inherited for a MASCO 2020 identity; not 2020-specific task evidence; test only.","partial_proxy","low","M214905","False","Original current-role title, not the remapped 2020 title; retained for comparison only."
"M214918","Research Engineer","214918","2149","2149.2.8","research engineer","http://data.europa.eu/esco/occupation/3dab5c3f-84d0-4d52-901d-dd262eaea509","close_match","high","Preferred occupation title matches after removing Malaysian grade/competency wrappers.","test_only_project_mapping_not_human_validated","False","2149-18","2149","","","","2149.2.8","unique_exact_preferred_title_same_isco_group","retained_mapping","project_close_match","unique_cleaned_preferred_label","ReRouteHer project-derived; NOT an official MASCO-ESCO crosswalk","exact_preferred_label","1","Inherited current-role retrieval score; not a probability or a new MASCO 2020 validation score.","True","True","Not established","ESCO skills inherited from one primary occupation. Essential/optional refers to ESCO, not a verified Malaysian requirement.","","https://www.dosm.gov.my/uploads/content-downloads/file_20220920110308.pdf#page=336","http://data.europa.eu/esco/occupation/3dab5c3f-84d0-4d52-901d-dd262eaea509","M214906","214906","Research Engineer","https://emasco.mohr.gov.my/masco/2149-06","2020","exact_normalized_title","high","336","https://www.dosm.gov.my/uploads/content-downloads/file_20220920110308.pdf#page=336","Current eMASCO D11 profile inherited for a MASCO 2020 identity; not 2020-specific task evidence; test only.","close_match","high","M214906","True","Original current-role title, not the remapped 2020 title; retained for comparison only."
"M214919","Biomedical Engineer","214919","2149","2149.5.1","biomedical engineer","http://data.europa.eu/esco/occupation/01ffb917-98dc-48c1-91ad-93c4104e791d","close_match","high","Preferred occupation title matches after removing Malaysian grade/competency wrappers.","test_only_project_mapping_not_human_validated","False","2149-19","2149","","","","2149.5.1","unique_exact_preferred_title_same_isco_group","retained_mapping","project_close_match","unique_cleaned_preferred_label","ReRouteHer project-derived; NOT an official MASCO-ESCO crosswalk","exact_preferred_label","1","Inherited current-role retrieval score; not a probability or a new MASCO 2020 validation score.","True","True","Not established","ESCO skills inherited from one primary occupation. Essential/optional refers to ESCO, not a verified Malaysian requirement.","","https://www.dosm.gov.my/uploads/content-downloads/file_20220920110308.pdf#page=336","http://data.europa.eu/esco/occupation/01ffb917-98dc-48c1-91ad-93c4104e791d","M214907","214907","Biomedical Engineer","https://emasco.mohr.gov.my/masco/2149-07","2020","exact_normalized_title","high","336","https://www.dosm.gov.my/uploads/content-downloads/file_20220920110308.pdf#page=336","Current eMASCO D11 profile inherited for a MASCO 2020 identity; not 2020-specific task evidence; test only.","close_match","high","M214907","True","Original current-role title, not the remapped 2020 title; retained for comparison only."
"M214920","Optical Engineer","214920","2149","2149.12","optical engineer","http://data.europa.eu/esco/occupation/ab3c4d3e-3189-47ad-82af-57cdae3cb589","close_match","high","Preferred occupation title matches after removing Malaysian grade/competency wrappers.","test_only_project_mapping_not_human_validated","False","2149-20","2149","","","","2149.12","unique_exact_preferred_title_same_isco_group","retained_mapping","project_close_match","unique_cleaned_preferred_label","ReRouteHer project-derived; NOT an official MASCO-ESCO crosswalk","exact_preferred_label","1","Inherited current-role retrieval score; not a probability or a new MASCO 2020 validation score.","True","True","Not established","ESCO skills inherited from one primary occupation. Essential/optional refers to ESCO, not a verified Malaysian requirement.","","https://www.dosm.gov.my/uploads/content-downloads/file_20220920110308.pdf#page=336","http://data.europa.eu/esco/occupation/ab3c4d3e-3189-47ad-82af-57cdae3cb589","M214908","214908","Optical Engineer","https://emasco.mohr.gov.my/masco/2149-08","2020","exact_normalized_title","high","336","https://www.dosm.gov.my/uploads/content-downloads/file_20220920110308.pdf#page=336","Current eMASCO D11 profile inherited for a MASCO 2020 identity; not 2020-specific task evidence; test only.","close_match","high","M214908","True","Original current-role title, not the remapped 2020 title; retained for comparison only."
"M214921","Quality Assurance/Quality Control Inspection Engineer (QA/QC)","214921","2149","2149.2.7","quality engineer","http://data.europa.eu/esco/occupation/30c0943c-caa1-411d-b273-26f475971273","partial_proxy","low","Title/duty comparison supports this primary proxy, but occupational breadth, specialisation or seniority may differ. See both source profiles in the evidence table.","test_only_project_mapping_not_human_validated","False","2149-21","2149","","","","","no_unique_exact_esco_title_match","new_mapping","project_partial_proxy","reviewed_existing_or_retrieved_candidate","ReRouteHer project-derived; NOT an official MASCO-ESCO crosswalk","non_exact_title","0.611765","Inherited current-role retrieval score; not a probability or a new MASCO 2020 validation score.","True","True","Not established","ESCO skills inherited from one primary occupation. Essential/optional refers to ESCO, not a verified Malaysian requirement.","","https://www.dosm.gov.my/uploads/content-downloads/file_20220920110308.pdf#page=336","http://data.europa.eu/esco/occupation/30c0943c-caa1-411d-b273-26f475971273","M214909","214909","Quality Assurance/Quality Control Inspection Engineer (QA/QC)","https://emasco.mohr.gov.my/masco/2149-09","2020","exact_normalized_title","high","336","https://www.dosm.gov.my/uploads/content-downloads/file_20220920110308.pdf#page=336","Current eMASCO D11 profile inherited for a MASCO 2020 identity; not 2020-specific task evidence; test only.","partial_proxy","low","M214909","True","Original current-role title, not the remapped 2020 title; retained for comparison only."
"M214922","Factories and Machinery Inspector Grade J41","214922","2149","3257.5","occupational health and safety inspector","http://data.europa.eu/esco/occupation/673f3266-ab1a-447d-9b28-fc5838dc07e3","partial_proxy","low","Machinery/workplace inspection proxy; equipment-specific inspection and Malaysian authority need enrichment.","test_only_project_mapping_not_human_validated","False","2149-22","3257","","","","","no_unique_exact_esco_title_match","new_mapping","project_partial_proxy","curated_title_and_duty_decision","ReRouteHer project-derived; NOT an official MASCO-ESCO crosswalk","non_exact_title","0.68","Inherited current-role retrieval score; not a probability or a new MASCO 2020 validation score.","False","True","Not established","ESCO skills inherited from one primary occupation. Essential/optional refers to ESCO, not a verified Malaysian requirement.","","https://www.dosm.gov.my/uploads/content-downloads/file_20220920110308.pdf#page=337","http://data.europa.eu/esco/occupation/673f3266-ab1a-447d-9b28-fc5838dc07e3","M214913","214913","Factories and Machinery Inspector Grade J9","https://emasco.mohr.gov.my/masco/2149-13","2020","grade_reversion","high","337","https://www.dosm.gov.my/uploads/content-downloads/file_20220920110308.pdf#page=337","Current eMASCO D11 profile inherited for a MASCO 2020 identity; not 2020-specific task evidence; test only.","partial_proxy","low","M214913","False","Original current-role title, not the remapped 2020 title; retained for comparison only."
"M214923","Commissioning Engineer","214923","2149","2149.6","commissioning engineer","http://data.europa.eu/esco/occupation/76abbb82-c103-4d7a-a4c0-14dba4d6199a","close_match","high","Preferred occupation title matches after removing Malaysian grade/competency wrappers.","test_only_project_mapping_not_human_validated","False","2149-23","2149","","","","2149.6","unique_exact_preferred_title_same_isco_group","retained_mapping","project_close_match","unique_cleaned_preferred_label","ReRouteHer project-derived; NOT an official MASCO-ESCO crosswalk","exact_preferred_label","1","Inherited current-role retrieval score; not a probability or a new MASCO 2020 validation score.","True","True","Not established","ESCO skills inherited from one primary occupation. Essential/optional refers to ESCO, not a verified Malaysian requirement.","","https://www.dosm.gov.my/uploads/content-downloads/file_20220920110308.pdf#page=337","http://data.europa.eu/esco/occupation/76abbb82-c103-4d7a-a4c0-14dba4d6199a","M214910","214910","Commissioning Engineer","https://emasco.mohr.gov.my/masco/2149-10","2020","exact_normalized_title","high","337","https://www.dosm.gov.my/uploads/content-downloads/file_20220920110308.pdf#page=337","Current eMASCO D11 profile inherited for a MASCO 2020 identity; not 2020-specific task evidence; test only.","close_match","high","M214910","True","Original current-role title, not the remapped 2020 title; retained for comparison only."
"M215102","Electrical Engineer","215102","2151","2151.1","electrical engineer","http://data.europa.eu/esco/occupation/86ca306c-ab99-420a-9e2a-aa73c5c4de22","close_match","high","Preferred occupation title matches after removing Malaysian grade/competency wrappers.","test_only_project_mapping_not_human_validated","False","2151-02","2151","","","","2151.1","unique_exact_preferred_title_same_isco_group","retained_mapping","project_close_match","unique_cleaned_preferred_label","ReRouteHer project-derived; NOT an official MASCO-ESCO crosswalk","exact_preferred_label","1","Inherited current-role retrieval score; not a probability or a new MASCO 2020 validation score.","True","True","Not established","ESCO skills inherited from one primary occupation. Essential/optional refers to ESCO, not a verified Malaysian requirement.","","https://www.dosm.gov.my/uploads/content-downloads/file_20220920110308.pdf#page=337","http://data.europa.eu/esco/occupation/86ca306c-ab99-420a-9e2a-aa73c5c4de22","M215101","215101","Electrical Engineer","https://emasco.mohr.gov.my/masco/2151-01","2020","exact_normalized_title","high","337","https://www.dosm.gov.my/uploads/content-downloads/file_20220920110308.pdf#page=337","Current eMASCO D11 profile inherited for a MASCO 2020 identity; not 2020-specific task evidence; test only.","close_match","high","M215101","True","Original current-role title, not the remapped 2020 title; retained for comparison only."
"M215135","Electrical Energy Auditor","215135","2151","3112.5","energy analyst","http://data.europa.eu/esco/occupation/cbde1a3a-406d-4d17-b30b-03981925035d","broader_proxy","medium","Energy-use analysis and auditing; electrical specialty, competency certification or assistant grade need local enrichment.","test_only_project_mapping_not_human_validated","False","2151-35","3112","","","","","no_unique_exact_esco_title_match","new_mapping","project_broader_proxy","curated_title_and_duty_decision","ReRouteHer project-derived; NOT an official MASCO-ESCO crosswalk","non_exact_title","0.615385","Inherited current-role retrieval score; not a probability or a new MASCO 2020 validation score.","False","True","Not established","ESCO skills inherited from one primary occupation. Essential/optional refers to ESCO, not a verified Malaysian requirement.","","https://www.dosm.gov.my/uploads/content-downloads/file_20220920110308.pdf#page=337","http://data.europa.eu/esco/occupation/cbde1a3a-406d-4d17-b30b-03981925035d","M215102","215102","Electrical Energy Auditor","https://emasco.mohr.gov.my/masco/2151-02","2020","exact_normalized_title","high","337","https://www.dosm.gov.my/uploads/content-downloads/file_20220920110308.pdf#page=337","Current eMASCO D11 profile inherited for a MASCO 2020 identity; not 2020-specific task evidence; test only.","broader_proxy","medium","M215102","False","Original current-role title, not the remapped 2020 title; retained for comparison only."
"M215136","Electrical Superintendent","215136","2151","3123.1.11","electrical supervisor","http://data.europa.eu/esco/occupation/8862c29b-3810-4fbc-85c7-c9ee87535f73","close_match","medium","Electrical supervision.","test_only_project_mapping_not_human_validated","False","2151-36","3123","","","","","no_unique_exact_esco_title_match","new_mapping","project_close_match","curated_title_and_duty_decision","ReRouteHer project-derived; NOT an official MASCO-ESCO crosswalk","non_exact_title","0.73913","Inherited current-role retrieval score; not a probability or a new MASCO 2020 validation score.","False","True","Not established","ESCO skills inherited from one primary occupation. Essential/optional refers to ESCO, not a verified Malaysian requirement.","","https://www.dosm.gov.my/uploads/content-downloads/file_20220920110308.pdf#page=337","http://data.europa.eu/esco/occupation/8862c29b-3810-4fbc-85c7-c9ee87535f73","M215103","215103","Electrical Superintendent","https://emasco.mohr.gov.my/masco/2151-03","2020","exact_normalized_title","high","337","https://www.dosm.gov.my/uploads/content-downloads/file_20220920110308.pdf#page=337","Current eMASCO D11 profile inherited for a MASCO 2020 identity; not 2020-specific task evidence; test only.","close_match","medium","M215103","False","Original current-role title, not the remapped 2020 title; retained for comparison only."
"M215202","Electronics Engineer","215202","2152","2152.1","electronics engineer","http://data.europa.eu/esco/occupation/4d34a9ee-2653-4da0-bef7-f59294577224","close_match","high","Preferred occupation title matches after removing Malaysian grade/competency wrappers.","test_only_project_mapping_not_human_validated","False","2152-02","2152","","","","2152.1","unique_exact_preferred_title_same_isco_group","retained_mapping","project_close_match","unique_cleaned_preferred_label","ReRouteHer project-derived; NOT an official MASCO-ESCO crosswalk","exact_preferred_label","1","Inherited current-role retrieval score; not a probability or a new MASCO 2020 validation score.","True","True","Not established","ESCO skills inherited from one primary occupation. Essential/optional refers to ESCO, not a verified Malaysian requirement.","","https://www.dosm.gov.my/uploads/content-downloads/file_20220920110308.pdf#page=337","http://data.europa.eu/esco/occupation/4d34a9ee-2653-4da0-bef7-f59294577224","M215201","215201","Electronics Engineer","https://emasco.mohr.gov.my/masco/2152-01","2020","exact_normalized_title","high","337","https://www.dosm.gov.my/uploads/content-downloads/file_20220920110308.pdf#page=337","Current eMASCO D11 profile inherited for a MASCO 2020 identity; not 2020-specific task evidence; test only.","close_match","high","M215201","True","Original current-role title, not the remapped 2020 title; retained for comparison only."
"M215236","Integrated Circuit Package Assembly Process Engineer (IC)","215236","2152","2152.1.7","microelectronics engineer","http://data.europa.eu/esco/occupation/8c0f59c9-9a47-42e7-8287-aab19df4e6ab","broader_proxy","medium","Integrated-circuit package/assembly engineering, not only circuit design.","test_only_project_mapping_not_human_validated","False","2152-36","2152","","","","","no_unique_exact_esco_title_match","new_mapping","project_broader_proxy","curated_title_and_duty_decision","ReRouteHer project-derived; NOT an official MASCO-ESCO crosswalk","non_exact_title","0.461538","Inherited current-role retrieval score; not a probability or a new MASCO 2020 validation score.","True","True","Not established","ESCO skills inherited from one primary occupation. Essential/optional refers to ESCO, not a verified Malaysian requirement.","","https://www.dosm.gov.my/uploads/content-downloads/file_20220920110308.pdf#page=338","http://data.europa.eu/esco/occupation/8c0f59c9-9a47-42e7-8287-aab19df4e6ab","M215202","215202","Integrated Circuit (IC) Package Assembly Process Engineer","https://emasco.mohr.gov.my/masco/2152-02","2020","title_variant","high","338","https://www.dosm.gov.my/uploads/content-downloads/file_20220920110308.pdf#page=338","Current eMASCO D11 profile inherited for a MASCO 2020 identity; not 2020-specific task evidence; test only.","broader_proxy","medium","M215202","True","Original current-role title, not the remapped 2020 title; retained for comparison only."
"M215301","Telecommunications Engineer","215301","2153","2153.1","telecommunications engineer","http://data.europa.eu/esco/occupation/02eb0ae6-ecdd-4602-9c8e-60ffe6dbe1e2","close_match","high","Preferred occupation title matches after removing Malaysian grade/competency wrappers.","test_only_project_mapping_not_human_validated","False","2153-01","2153","","","","2153.1","unique_exact_preferred_title_same_isco_group","retained_mapping","project_close_match","unique_cleaned_preferred_label","ReRouteHer project-derived; NOT an official MASCO-ESCO crosswalk","exact_preferred_label","1","Inherited current-role retrieval score; not a probability or a new MASCO 2020 validation score.","True","True","Not established","ESCO skills inherited from one primary occupation. Essential/optional refers to ESCO, not a verified Malaysian requirement.","","https://www.dosm.gov.my/uploads/content-downloads/file_20220920110308.pdf#page=338","http://data.europa.eu/esco/occupation/02eb0ae6-ecdd-4602-9c8e-60ffe6dbe1e2","M215301","215301","Telecommunications Engineer","https://emasco.mohr.gov.my/masco/2153-01","2020","exact_normalized_title","high","338","https://www.dosm.gov.my/uploads/content-downloads/file_20220920110308.pdf#page=338","Current eMASCO D11 profile inherited for a MASCO 2020 identity; not 2020-specific task evidence; test only.","close_match","high","M215301","True","Original current-role title, not the remapped 2020 title; retained for comparison only."
"M215323","Network and System Engineer","215323","2153","2523.3","ICT network engineer","http://data.europa.eu/esco/occupation/cf2b03cd-feb7-4f47-90f6-ff1ed6016d3d","close_match","medium","Computer-network systems engineering.","test_only_project_mapping_not_human_validated","False","2153-23","2523","","","","","no_unique_exact_esco_title_match","new_mapping","project_close_match","curated_title_and_duty_decision","ReRouteHer project-derived; NOT an official MASCO-ESCO crosswalk","non_exact_title","0.755556","Inherited current-role retrieval score; not a probability or a new MASCO 2020 validation score.","False","True","Not established","ESCO skills inherited from one primary occupation. Essential/optional refers to ESCO, not a verified Malaysian requirement.","","https://www.dosm.gov.my/uploads/content-downloads/file_20220920110308.pdf#page=338","http://data.europa.eu/esco/occupation/cf2b03cd-feb7-4f47-90f6-ff1ed6016d3d","M215302","215302","Network and Systems Engineer","https://emasco.mohr.gov.my/masco/2153-02","2020","title_variant","high","338","https://www.dosm.gov.my/uploads/content-downloads/file_20220920110308.pdf#page=338","Current eMASCO D11 profile inherited for a MASCO 2020 identity; not 2020-specific task evidence; test only.","close_match","medium","M215302","False","Original current-role title, not the remapped 2020 title; retained for comparison only."
"M215330","Acoustic Engineer","215330","2153","2149.1","acoustical engineer","http://data.europa.eu/esco/occupation/b065b637-5cb5-44d9-8c39-08004b51734e","close_match","medium","ESCO alternate title matches the cleaned MASCO title; national qualifications and full task scope are not assumed equivalent.","test_only_project_mapping_not_human_validated","False","2153-30","2149","","","","","no_unique_exact_esco_title_match","new_mapping","project_close_match","reviewed_existing_or_retrieved_candidate","ReRouteHer project-derived; NOT an official MASCO-ESCO crosswalk","exact_alternate_label","1","Inherited current-role retrieval score; not a probability or a new MASCO 2020 validation score.","False","True","Not established","ESCO skills inherited from one primary occupation. Essential/optional refers to ESCO, not a verified Malaysian requirement.","","https://www.dosm.gov.my/uploads/content-downloads/file_20220920110308.pdf#page=338","http://data.europa.eu/esco/occupation/b065b637-5cb5-44d9-8c39-08004b51734e","M215303","215303","Acoustic Engineer","https://emasco.mohr.gov.my/masco/2153-03","2020","exact_normalized_title","high","338","https://www.dosm.gov.my/uploads/content-downloads/file_20220920110308.pdf#page=338","Current eMASCO D11 profile inherited for a MASCO 2020 identity; not 2020-specific task evidence; test only.","close_match","medium","M215303","False","Original current-role title, not the remapped 2020 title; retained for comparison only."
"M216101","Architect Grade J41","216101","2161","2161.1","architect","http://data.europa.eu/esco/occupation/8c3f536e-ba66-4321-ba40-363dc39f129b","close_match","high","Preferred occupation title matches after removing Malaysian grade/competency wrappers.","test_only_project_mapping_not_human_validated","False","2161-01","2161","","","","","no_unique_exact_esco_title_match","new_mapping","project_close_match","unique_cleaned_preferred_label","ReRouteHer project-derived; NOT an official MASCO-ESCO crosswalk","exact_preferred_label","1","Inherited current-role retrieval score; not a probability or a new MASCO 2020 validation score.","True","True","Not established","ESCO skills inherited from one primary occupation. Essential/optional refers to ESCO, not a verified Malaysian requirement.","","https://www.dosm.gov.my/uploads/content-downloads/file_20220920110308.pdf#page=338","http://data.europa.eu/esco/occupation/8c3f536e-ba66-4321-ba40-363dc39f129b","M216102","216102","Architect Grade J9/J10","https://emasco.mohr.gov.my/masco/2161-02","2020","grade_reversion","high","338","https://www.dosm.gov.my/uploads/content-downloads/file_20220920110308.pdf#page=338","Current eMASCO D11 profile inherited for a MASCO 2020 identity; not 2020-specific task evidence; test only.","close_match","high","M216102","True","Original current-role title, not the remapped 2020 title; retained for comparison only."
"M216102","Architect","216102","2161","2161.1","architect","http://data.europa.eu/esco/occupation/8c3f536e-ba66-4321-ba40-363dc39f129b","close_match","high","Preferred occupation title matches after removing Malaysian grade/competency wrappers.","test_only_project_mapping_not_human_validated","False","2161-02","2161","","","","2161.1","unique_exact_preferred_title_same_isco_group","retained_mapping","project_close_match","unique_cleaned_preferred_label","ReRouteHer project-derived; NOT an official MASCO-ESCO crosswalk","exact_preferred_label","1","Inherited current-role retrieval score; not a probability or a new MASCO 2020 validation score.","True","True","Not established","ESCO skills inherited from one primary occupation. Essential/optional refers to ESCO, not a verified Malaysian requirement.","","https://www.dosm.gov.my/uploads/content-downloads/file_20220920110308.pdf#page=339","http://data.europa.eu/esco/occupation/8c3f536e-ba66-4321-ba40-363dc39f129b","M216101","216101","Architect","https://emasco.mohr.gov.my/masco/2161-01","2020","exact_normalized_title","high","339","https://www.dosm.gov.my/uploads/content-downloads/file_20220920110308.pdf#page=339","Current eMASCO D11 profile inherited for a MASCO 2020 identity; not 2020-specific task evidence; test only.","close_match","high","M216101","True","Original current-role title, not the remapped 2020 title; retained for comparison only."
"M216201","Landscape Architect Grade J41","216201","2162","2162.1","landscape architect","http://data.europa.eu/esco/occupation/52207284-2681-40d3-a317-ec81ca1b3e41","close_match","high","Preferred occupation title matches after removing Malaysian grade/competency wrappers.","test_only_project_mapping_not_human_validated","False","2162-01","2162","","","","","no_unique_exact_esco_title_match","new_mapping","project_close_match","unique_cleaned_preferred_label","ReRouteHer project-derived; NOT an official MASCO-ESCO crosswalk","exact_preferred_label","1","Inherited current-role retrieval score; not a probability or a new MASCO 2020 validation score.","True","True","Not established","ESCO skills inherited from one primary occupation. Essential/optional refers to ESCO, not a verified Malaysian requirement.","","https://www.dosm.gov.my/uploads/content-downloads/file_20220920110308.pdf#page=339","http://data.europa.eu/esco/occupation/52207284-2681-40d3-a317-ec81ca1b3e41","M216202","216202","Landscape Architect Grade J9","https://emasco.mohr.gov.my/masco/2162-02","2020","grade_reversion","high","339","https://www.dosm.gov.my/uploads/content-downloads/file_20220920110308.pdf#page=339","Current eMASCO D11 profile inherited for a MASCO 2020 identity; not 2020-specific task evidence; test only.","close_match","high","M216202","True","Original current-role title, not the remapped 2020 title; retained for comparison only."
"M216202","Landscape Architect","216202","2162","2162.1","landscape architect","http://data.europa.eu/esco/occupation/52207284-2681-40d3-a317-ec81ca1b3e41","close_match","high","Preferred occupation title matches after removing Malaysian grade/competency wrappers.","test_only_project_mapping_not_human_validated","False","2162-02","2162","","","","2162.1","unique_exact_preferred_title_same_isco_group","retained_mapping","project_close_match","unique_cleaned_preferred_label","ReRouteHer project-derived; NOT an official MASCO-ESCO crosswalk","exact_preferred_label","1","Inherited current-role retrieval score; not a probability or a new MASCO 2020 validation score.","True","True","Not established","ESCO skills inherited from one primary occupation. Essential/optional refers to ESCO, not a verified Malaysian requirement.","","https://www.dosm.gov.my/uploads/content-downloads/file_20220920110308.pdf#page=339","http://data.europa.eu/esco/occupation/52207284-2681-40d3-a317-ec81ca1b3e41","M216201","216201","Landscape Architect","https://emasco.mohr.gov.my/masco/2162-01","2020","exact_normalized_title","high","339","https://www.dosm.gov.my/uploads/content-downloads/file_20220920110308.pdf#page=339","Current eMASCO D11 profile inherited for a MASCO 2020 identity; not 2020-specific task evidence; test only.","close_match","high","M216201","True","Original current-role title, not the remapped 2020 title; retained for comparison only."
"M216301","Commercial Products Designer","216301","2163","2163.1","industrial designer","http://data.europa.eu/esco/occupation/ab7bccb2-6f81-4a3d-a0c0-fca5d47d2775","partial_proxy","low","Title/duty comparison supports this primary proxy, but occupational breadth, specialisation or seniority may differ. See both source profiles in the evidence table.","test_only_project_mapping_not_human_validated","False","2163-01","2163","","","","","no_unique_exact_esco_title_match","new_mapping","project_partial_proxy","reviewed_existing_or_retrieved_candidate","ReRouteHer project-derived; NOT an official MASCO-ESCO crosswalk","non_exact_title","0.830189","Inherited current-role retrieval score; not a probability or a new MASCO 2020 validation score.","True","True","Not established","ESCO skills inherited from one primary occupation. Essential/optional refers to ESCO, not a verified Malaysian requirement.","","https://www.dosm.gov.my/uploads/content-downloads/file_20220920110308.pdf#page=339","http://data.europa.eu/esco/occupation/ab7bccb2-6f81-4a3d-a0c0-fca5d47d2775","M216301","216301","Commercial Products Designer","https://emasco.mohr.gov.my/masco/2163-01","2020","exact_normalized_title","high","339","https://www.dosm.gov.my/uploads/content-downloads/file_20220920110308.pdf#page=339","Current eMASCO D11 profile inherited for a MASCO 2020 identity; not 2020-specific task evidence; test only.","partial_proxy","low","M216301","True","Original current-role title, not the remapped 2020 title; retained for comparison only."
"M216326","Green Technology Design Professional","216326","2163","2143.1","environmental engineer","http://data.europa.eu/esco/occupation/ac1fc6a9-70d2-475c-8fa0-82ef83830968","broader_proxy","medium","Green-technology design interpreted through environmental engineering; no ICT specialization is imposed.","test_only_project_mapping_not_human_validated","False","2163-26","2143","","","","","no_unique_exact_esco_title_match","new_mapping","project_broader_proxy","curated_title_and_duty_decision","ReRouteHer project-derived; NOT an official MASCO-ESCO crosswalk","non_exact_title","0.315789","Inherited current-role retrieval score; not a probability or a new MASCO 2020 validation score.","False","True","Not established","ESCO skills inherited from one primary occupation. Essential/optional refers to ESCO, not a verified Malaysian requirement.","","https://www.dosm.gov.my/uploads/content-downloads/file_20220920110308.pdf#page=339","http://data.europa.eu/esco/occupation/ac1fc6a9-70d2-475c-8fa0-82ef83830968","M216302","216302","Green Technology Design Professional","https://emasco.mohr.gov.my/masco/2163-02","2020","exact_normalized_title","high","339","https://www.dosm.gov.my/uploads/content-downloads/file_20220920110308.pdf#page=339","Current eMASCO D11 profile inherited for a MASCO 2020 identity; not 2020-specific task evidence; test only.","broader_proxy","medium","M216302","False","Original current-role title, not the remapped 2020 title; retained for comparison only."
"M216401","Urban and Rural Planning Officer Grade J41","216401","2164","2164.4","urban planner","http://data.europa.eu/esco/occupation/e14548c8-c2b9-4ef8-8670-d5967d7ad804","partial_proxy","low","Title/duty comparison supports this primary proxy, but occupational breadth, specialisation or seniority may differ. See both source profiles in the evidence table.","test_only_project_mapping_not_human_validated","False","2164-01","2164","","","","","no_unique_exact_esco_title_match","new_mapping","project_partial_proxy","reviewed_existing_or_retrieved_candidate","ReRouteHer project-derived; NOT an official MASCO-ESCO crosswalk","non_exact_title","0.654545","Inherited current-role retrieval score; not a probability or a new MASCO 2020 validation score.","True","True","Not established","ESCO skills inherited from one primary occupation. Essential/optional refers to ESCO, not a verified Malaysian requirement.","","https://www.dosm.gov.my/uploads/content-downloads/file_20220920110308.pdf#page=339","http://data.europa.eu/esco/occupation/e14548c8-c2b9-4ef8-8670-d5967d7ad804","M216404","216404","Urban and Rural Planning Officer Grade J9","https://emasco.mohr.gov.my/masco/2164-04","2020","grade_reversion","high","339","https://www.dosm.gov.my/uploads/content-downloads/file_20220920110308.pdf#page=339","Current eMASCO D11 profile inherited for a MASCO 2020 identity; not 2020-specific task evidence; test only.","partial_proxy","low","M216404","True","Original current-role title, not the remapped 2020 title; retained for comparison only."
"M216402","Town Planner","216402","2164","2164.4","urban planner","http://data.europa.eu/esco/occupation/e14548c8-c2b9-4ef8-8670-d5967d7ad804","close_match","medium","Town and urban planning.","test_only_project_mapping_not_human_validated","False","2164-02","2164","","","","","ambiguous_exact_title_same_isco_group","new_mapping","project_close_match","curated_title_and_duty_decision","ReRouteHer project-derived; NOT an official MASCO-ESCO crosswalk","exact_alternate_label","1","Inherited current-role retrieval score; not a probability or a new MASCO 2020 validation score.","True","True","Not established","ESCO skills inherited from one primary occupation. Essential/optional refers to ESCO, not a verified Malaysian requirement.","","https://www.dosm.gov.my/uploads/content-downloads/file_20220920110308.pdf#page=339","http://data.europa.eu/esco/occupation/e14548c8-c2b9-4ef8-8670-d5967d7ad804","M216401","216401","Town Planner","https://emasco.mohr.gov.my/masco/2164-01","2020","exact_normalized_title","high","339","https://www.dosm.gov.my/uploads/content-downloads/file_20220920110308.pdf#page=339","Current eMASCO D11 profile inherited for a MASCO 2020 identity; not 2020-specific task evidence; test only.","close_match","medium","M216401","True","Original current-role title, not the remapped 2020 title; retained for comparison only."
"M216404","Traffic Engineer","216404","2164","2164.3","transport planner","http://data.europa.eu/esco/occupation/93e4e70b-aae4-4fdc-8037-e48e7077564e","close_match","medium","ESCO alternate title matches the cleaned MASCO title; national qualifications and full task scope are not assumed equivalent.","test_only_project_mapping_not_human_validated","False","2164-04","2164","","","","2164.3","unique_exact_alternate_title_same_isco_group","retained_mapping","project_close_match","reviewed_existing_or_retrieved_candidate","ReRouteHer project-derived; NOT an official MASCO-ESCO crosswalk","exact_alternate_label","1","Inherited current-role retrieval score; not a probability or a new MASCO 2020 validation score.","True","True","Not established","ESCO skills inherited from one primary occupation. Essential/optional refers to ESCO, not a verified Malaysian requirement.","","https://www.dosm.gov.my/uploads/content-downloads/file_20220920110308.pdf#page=339","http://data.europa.eu/esco/occupation/93e4e70b-aae4-4fdc-8037-e48e7077564e","M216402","216402","Traffic Engineer","https://emasco.mohr.gov.my/masco/2164-02","2020","exact_normalized_title","high","339","https://www.dosm.gov.my/uploads/content-downloads/file_20220920110308.pdf#page=339","Current eMASCO D11 profile inherited for a MASCO 2020 identity; not 2020-specific task evidence; test only.","close_match","medium","M216402","True","Original current-role title, not the remapped 2020 title; retained for comparison only."
"M216407","Urban and Regional Planners","216407","2164","2164.4","urban planner","http://data.europa.eu/esco/occupation/e14548c8-c2b9-4ef8-8670-d5967d7ad804","partial_proxy","low","Title/duty comparison supports this primary proxy, but occupational breadth, specialisation or seniority may differ. See both source profiles in the evidence table.","test_only_project_mapping_not_human_validated","False","2164-07","2164","","","","","no_unique_exact_esco_title_match","new_mapping","project_partial_proxy","reviewed_existing_or_retrieved_candidate","ReRouteHer project-derived; NOT an official MASCO-ESCO crosswalk","non_exact_title","0.761905","Inherited current-role retrieval score; not a probability or a new MASCO 2020 validation score.","True","True","Not established","ESCO skills inherited from one primary occupation. Essential/optional refers to ESCO, not a verified Malaysian requirement.","","https://www.dosm.gov.my/uploads/content-downloads/file_20220920110308.pdf#page=339","http://data.europa.eu/esco/occupation/e14548c8-c2b9-4ef8-8670-d5967d7ad804","M216403","216403","Urban and Regional Planner","https://emasco.mohr.gov.my/masco/2164-03","2020","title_variant","high","339","https://www.dosm.gov.my/uploads/content-downloads/file_20220920110308.pdf#page=339","Current eMASCO D11 profile inherited for a MASCO 2020 identity; not 2020-specific task evidence; test only.","partial_proxy","low","M216403","True","Original current-role title, not the remapped 2020 title; retained for comparison only."
"M216501","Geospatialist Grade J41","216501","2165","2165.3","geographic information systems specialist","http://data.europa.eu/esco/occupation/9af8907f-56a7-4170-83b1-3c6ba0997cfa","partial_proxy","low","Title/duty comparison supports this primary proxy, but occupational breadth, specialisation or seniority may differ. See both source profiles in the evidence table.","test_only_project_mapping_not_human_validated","False","2165-01","2165","","","","","no_unique_exact_esco_title_match","new_mapping","project_partial_proxy","reviewed_existing_or_retrieved_candidate","ReRouteHer project-derived; NOT an official MASCO-ESCO crosswalk","non_exact_title","0.666667","Inherited current-role retrieval score; not a probability or a new MASCO 2020 validation score.","True","True","Not established","ESCO skills inherited from one primary occupation. Essential/optional refers to ESCO, not a verified Malaysian requirement.","","https://www.dosm.gov.my/uploads/content-downloads/file_20220920110308.pdf#page=339","http://data.europa.eu/esco/occupation/9af8907f-56a7-4170-83b1-3c6ba0997cfa","M216503","216503","Geospatialist Grade J9","https://emasco.mohr.gov.my/masco/2165-03","2020","grade_reversion","high","339","https://www.dosm.gov.my/uploads/content-downloads/file_20220920110308.pdf#page=339","Current eMASCO D11 profile inherited for a MASCO 2020 identity; not 2020-specific task evidence; test only.","partial_proxy","low","M216503","True","Original current-role title, not the remapped 2020 title; retained for comparison only."
"M216502","Surveyor Grade J41","216502","2165","2165.4","land surveyor","http://data.europa.eu/esco/occupation/d8e502b4-1be6-4d10-a224-151688f8f0c8","close_match","medium","ESCO alternate title matches the cleaned MASCO title; national qualifications and full task scope are not assumed equivalent.","test_only_project_mapping_not_human_validated","False","2165-02","2165","","","","","no_unique_exact_esco_title_match","new_mapping","project_close_match","reviewed_existing_or_retrieved_candidate","ReRouteHer project-derived; NOT an official MASCO-ESCO crosswalk","exact_alternate_label","1","Inherited current-role retrieval score; not a probability or a new MASCO 2020 validation score.","True","True","Not established","ESCO skills inherited from one primary occupation. Essential/optional refers to ESCO, not a verified Malaysian requirement.","","https://www.dosm.gov.my/uploads/content-downloads/file_20220920110308.pdf#page=339","http://data.europa.eu/esco/occupation/d8e502b4-1be6-4d10-a224-151688f8f0c8","M216504","216504","Surveyor Grade J9","https://emasco.mohr.gov.my/masco/2165-04","2020","grade_reversion","high","339","https://www.dosm.gov.my/uploads/content-downloads/file_20220920110308.pdf#page=339","Current eMASCO D11 profile inherited for a MASCO 2020 identity; not 2020-specific task evidence; test only.","close_match","medium","M216504","True","Original current-role title, not the remapped 2020 title; retained for comparison only."
"M216503","Cartographer","216503","2165","2165.2","cartographer","http://data.europa.eu/esco/occupation/ad8ab454-b506-46a5-afd3-66bbffd54115","close_match","high","Preferred occupation title matches after removing Malaysian grade/competency wrappers.","test_only_project_mapping_not_human_validated","False","2165-03","2165","","","","2165.2","unique_exact_preferred_title_same_isco_group","retained_mapping","project_close_match","unique_cleaned_preferred_label","ReRouteHer project-derived; NOT an official MASCO-ESCO crosswalk","exact_preferred_label","1","Inherited current-role retrieval score; not a probability or a new MASCO 2020 validation score.","True","True","Not established","ESCO skills inherited from one primary occupation. Essential/optional refers to ESCO, not a verified Malaysian requirement.","","https://www.dosm.gov.my/uploads/content-downloads/file_20220920110308.pdf#page=339","http://data.europa.eu/esco/occupation/ad8ab454-b506-46a5-afd3-66bbffd54115","M216501","216501","Cartographer","https://emasco.mohr.gov.my/masco/2165-01","2020","exact_normalized_title","high","339","https://www.dosm.gov.my/uploads/content-downloads/file_20220920110308.pdf#page=339","Current eMASCO D11 profile inherited for a MASCO 2020 identity; not 2020-specific task evidence; test only.","close_match","high","M216501","True","Original current-role title, not the remapped 2020 title; retained for comparison only."
"M216507","Surveyor","216507","2165","2165.4","land surveyor","http://data.europa.eu/esco/occupation/d8e502b4-1be6-4d10-a224-151688f8f0c8","close_match","medium","ESCO alternate title matches the cleaned MASCO title; national qualifications and full task scope are not assumed equivalent.","test_only_project_mapping_not_human_validated","False","2165-07","2165","","","","2165.4","unique_exact_alternate_title_same_isco_group","retained_mapping","project_close_match","reviewed_existing_or_retrieved_candidate","ReRouteHer project-derived; NOT an official MASCO-ESCO crosswalk","exact_alternate_label","1","Inherited current-role retrieval score; not a probability or a new MASCO 2020 validation score.","True","True","Not established","ESCO skills inherited from one primary occupation. Essential/optional refers to ESCO, not a verified Malaysian requirement.","","https://www.dosm.gov.my/uploads/content-downloads/file_20220920110308.pdf#page=339","http://data.europa.eu/esco/occupation/d8e502b4-1be6-4d10-a224-151688f8f0c8","M216502","216502","Surveyor","https://emasco.mohr.gov.my/masco/2165-02","2020","exact_normalized_title","high","339","https://www.dosm.gov.my/uploads/content-downloads/file_20220920110308.pdf#page=339","Current eMASCO D11 profile inherited for a MASCO 2020 identity; not 2020-specific task evidence; test only.","close_match","medium","M216502","True","Original current-role title, not the remapped 2020 title; retained for comparison only."
"M216601","Designer Grade B41","216601","2166","2166.9","graphic designer","http://data.europa.eu/esco/occupation/69bcbb0a-8d80-4ecd-b0a4-9adea2a40de2","broader_proxy","medium","Graphic/poster design; government grade is not art-director seniority.","test_only_project_mapping_not_human_validated","False","2166-01","2166","","","","","no_unique_exact_esco_title_match","new_mapping","project_broader_proxy","curated_title_and_duty_decision","ReRouteHer project-derived; NOT an official MASCO-ESCO crosswalk","non_exact_title","0.666667","Inherited current-role retrieval score; not a probability or a new MASCO 2020 validation score.","True","True","Not established","ESCO skills inherited from one primary occupation. Essential/optional refers to ESCO, not a verified Malaysian requirement.","","https://www.dosm.gov.my/uploads/content-downloads/file_20220920110308.pdf#page=340","http://data.europa.eu/esco/occupation/69bcbb0a-8d80-4ecd-b0a4-9adea2a40de2","M216603","216603","Designer Grade B9","https://emasco.mohr.gov.my/masco/2166-03","2020","grade_reversion","high","340","https://www.dosm.gov.my/uploads/content-downloads/file_20220920110308.pdf#page=340","Current eMASCO D11 profile inherited for a MASCO 2020 identity; not 2020-specific task evidence; test only.","broader_proxy","medium","M216603","True","Original current-role title, not the remapped 2020 title; retained for comparison only."
"M217102","Marine Engineer","217102","2171","2144.1.10","marine engineer","http://data.europa.eu/esco/occupation/c36fc197-1f5b-4563-acd8-6f1d06aa1c03","close_match","high","Preferred occupation title matches after removing Malaysian grade/competency wrappers.","test_only_project_mapping_not_human_validated","False","2171-02","2144","","","","","no_unique_exact_esco_title_match","new_mapping","project_close_match","unique_cleaned_preferred_label","ReRouteHer project-derived; NOT an official MASCO-ESCO crosswalk","exact_preferred_label","1","Inherited current-role retrieval score; not a probability or a new MASCO 2020 validation score.","False","True","Not established","ESCO skills inherited from one primary occupation. Essential/optional refers to ESCO, not a verified Malaysian requirement.","","https://www.dosm.gov.my/uploads/content-downloads/file_20220920110308.pdf#page=340","http://data.europa.eu/esco/occupation/c36fc197-1f5b-4563-acd8-6f1d06aa1c03","M217101","217101","Marine Engineer","https://emasco.mohr.gov.my/masco/2171-01","2020","exact_normalized_title","high","340","https://www.dosm.gov.my/uploads/content-downloads/file_20220920110308.pdf#page=340","Current eMASCO D11 profile inherited for a MASCO 2020 identity; not 2020-specific task evidence; test only.","close_match","high","M217101","False","Original current-role title, not the remapped 2020 title; retained for comparison only."
"M217105","Naval Architect","217105","2171","2144.1.14","naval architect","http://data.europa.eu/esco/occupation/5a58da2b-2fa0-40d4-a9f5-fead48e7de88","close_match","high","Preferred occupation title matches after removing Malaysian grade/competency wrappers.","test_only_project_mapping_not_human_validated","False","2171-05","2144","","","","","no_unique_exact_esco_title_match","new_mapping","project_close_match","unique_cleaned_preferred_label","ReRouteHer project-derived; NOT an official MASCO-ESCO crosswalk","exact_preferred_label","1","Inherited current-role retrieval score; not a probability or a new MASCO 2020 validation score.","False","True","Not established","ESCO skills inherited from one primary occupation. Essential/optional refers to ESCO, not a verified Malaysian requirement.","","https://www.dosm.gov.my/uploads/content-downloads/file_20220920110308.pdf#page=340","http://data.europa.eu/esco/occupation/5a58da2b-2fa0-40d4-a9f5-fead48e7de88","M217102","217102","Naval Architect","https://emasco.mohr.gov.my/masco/2171-02","2020","exact_normalized_title","high","340","https://www.dosm.gov.my/uploads/content-downloads/file_20220920110308.pdf#page=340","Current eMASCO D11 profile inherited for a MASCO 2020 identity; not 2020-specific task evidence; test only.","close_match","high","M217102","False","Original current-role title, not the remapped 2020 title; retained for comparison only."
"M217201","Marine Officer Grade AL41","217201","2172","3115.1.9","marine surveyor","http://data.europa.eu/esco/occupation/384ed128-e86e-4dd8-96ff-b6e6657cb027","partial_proxy","low","Vessel safety inspection/survey is one component; registration, port administration and enforcement are not fully represented.","test_only_project_mapping_not_human_validated","False","2172-01","3115","","","","","no_unique_exact_esco_title_match","new_mapping","project_partial_proxy","curated_title_and_duty_decision","ReRouteHer project-derived; NOT an official MASCO-ESCO crosswalk","non_exact_title","0.62069","Inherited current-role retrieval score; not a probability or a new MASCO 2020 validation score.","False","True","Not established","ESCO skills inherited from one primary occupation. Essential/optional refers to ESCO, not a verified Malaysian requirement.","","https://www.dosm.gov.my/uploads/content-downloads/file_20220920110308.pdf#page=340","http://data.europa.eu/esco/occupation/384ed128-e86e-4dd8-96ff-b6e6657cb027","M217206","217206","Marine Officer Grade AL9","https://emasco.mohr.gov.my/masco/2172-06","2020","grade_reversion","high","340","https://www.dosm.gov.my/uploads/content-downloads/file_20220920110308.pdf#page=340","Current eMASCO D11 profile inherited for a MASCO 2020 identity; not 2020-specific task evidence; test only.","partial_proxy","low","M217206","False","Original current-role title, not the remapped 2020 title; retained for comparison only."
"M217203","Hovercraft Pilot","217203","2172","3152.3","maritime pilot","http://data.europa.eu/esco/occupation/1ff5cf0d-e81f-4287-ba00-096816b16777","partial_proxy","low","Marine navigation proxy for hovercraft piloting; craft-specific qualification is absent.","test_only_project_mapping_not_human_validated","False","2172-03","3152","","","","","no_unique_exact_esco_title_match","new_mapping","project_partial_proxy","curated_title_and_duty_decision","ReRouteHer project-derived; NOT an official MASCO-ESCO crosswalk","non_exact_title","0.571429","Inherited current-role retrieval score; not a probability or a new MASCO 2020 validation score.","False","True","Not established","ESCO skills inherited from one primary occupation. Essential/optional refers to ESCO, not a verified Malaysian requirement.","","https://www.dosm.gov.my/uploads/content-downloads/file_20220920110308.pdf#page=340","http://data.europa.eu/esco/occupation/1ff5cf0d-e81f-4287-ba00-096816b16777","M217201","217201","Hovercraft Pilot","https://emasco.mohr.gov.my/masco/2172-01","2020","exact_normalized_title","high","340","https://www.dosm.gov.my/uploads/content-downloads/file_20220920110308.pdf#page=340","Current eMASCO D11 profile inherited for a MASCO 2020 identity; not 2020-specific task evidence; test only.","partial_proxy","low","M217201","False","Original current-role title, not the remapped 2020 title; retained for comparison only."
"M217205","Port Captain","217205","2172","4323.11","port coordinator","http://data.europa.eu/esco/occupation/fa404a79-4091-47f9-a635-c2e3c576ece8","partial_proxy","low","Port-side vessel and cargo coordination, not command of a ship at sea; port-captain seniority differs.","test_only_project_mapping_not_human_validated","False","2172-05","4323","","","","","no_unique_exact_esco_title_match","new_mapping","project_partial_proxy","curated_title_and_duty_decision","ReRouteHer project-derived; NOT an official MASCO-ESCO crosswalk","non_exact_title","0.571429","Inherited current-role retrieval score; not a probability or a new MASCO 2020 validation score.","False","True","Not established","ESCO skills inherited from one primary occupation. Essential/optional refers to ESCO, not a verified Malaysian requirement.","","https://www.dosm.gov.my/uploads/content-downloads/file_20220920110308.pdf#page=340","http://data.europa.eu/esco/occupation/fa404a79-4091-47f9-a635-c2e3c576ece8","M217202","217202","Port Captain","https://emasco.mohr.gov.my/masco/2172-02","2020","exact_normalized_title","high","340","https://www.dosm.gov.my/uploads/content-downloads/file_20220920110308.pdf#page=340","Current eMASCO D11 profile inherited for a MASCO 2020 identity; not 2020-specific task evidence; test only.","partial_proxy","low","M217202","False","Original current-role title, not the remapped 2020 title; retained for comparison only."
"M217207","Ship Navigator","217207","2172","3152.1","deck officer","http://data.europa.eu/esco/occupation/e3df1f82-3df9-41e5-8487-635e184653d1","broader_proxy","medium","Deck navigation/operations; superintendent rank is not represented.","test_only_project_mapping_not_human_validated","False","2172-07","3152","","","","","no_unique_exact_esco_title_match","new_mapping","project_broader_proxy","curated_title_and_duty_decision","ReRouteHer project-derived; NOT an official MASCO-ESCO crosswalk","non_exact_title","0.5625","Inherited current-role retrieval score; not a probability or a new MASCO 2020 validation score.","False","True","Not established","ESCO skills inherited from one primary occupation. Essential/optional refers to ESCO, not a verified Malaysian requirement.","","https://www.dosm.gov.my/uploads/content-downloads/file_20220920110308.pdf#page=340","http://data.europa.eu/esco/occupation/e3df1f82-3df9-41e5-8487-635e184653d1","M217203","217203","Ship Navigator","https://emasco.mohr.gov.my/masco/2172-03","2020","exact_normalized_title","high","340","https://www.dosm.gov.my/uploads/content-downloads/file_20220920110308.pdf#page=340","Current eMASCO D11 profile inherited for a MASCO 2020 identity; not 2020-specific task evidence; test only.","broader_proxy","medium","M217203","False","Original current-role title, not the remapped 2020 title; retained for comparison only."
"M217210","Marine Superintendent (Deck)","217210","2172","3152.1","deck officer","http://data.europa.eu/esco/occupation/e3df1f82-3df9-41e5-8487-635e184653d1","broader_proxy","medium","Deck navigation/operations; superintendent rank is not represented.","test_only_project_mapping_not_human_validated","False","2172-10","3152","","","","","no_unique_exact_esco_title_match","new_mapping","project_broader_proxy","curated_title_and_duty_decision","ReRouteHer project-derived; NOT an official MASCO-ESCO crosswalk","non_exact_title","0.325581","Inherited current-role retrieval score; not a probability or a new MASCO 2020 validation score.","False","True","Not established","ESCO skills inherited from one primary occupation. Essential/optional refers to ESCO, not a verified Malaysian requirement.","","https://www.dosm.gov.my/uploads/content-downloads/file_20220920110308.pdf#page=340","http://data.europa.eu/esco/occupation/e3df1f82-3df9-41e5-8487-635e184653d1","M217204","217204","Marine Superintendent (Deck)","https://emasco.mohr.gov.my/masco/2172-04","2020","exact_normalized_title","high","340","https://www.dosm.gov.my/uploads/content-downloads/file_20220920110308.pdf#page=340","Current eMASCO D11 profile inherited for a MASCO 2020 identity; not 2020-specific task evidence; test only.","broader_proxy","medium","M217204","False","Original current-role title, not the remapped 2020 title; retained for comparison only."
"M217211","Shipping Executive","217211","2172","3331.2.2","shipping agent","http://data.europa.eu/esco/occupation/8bc845cb-0702-47e4-aabc-4036032b0a8d","partial_proxy","low","Title/duty comparison supports this primary proxy, but occupational breadth, specialisation or seniority may differ. See both source profiles in the evidence table.","test_only_project_mapping_not_human_validated","False","2172-11","3331","","","","","no_unique_exact_esco_title_match","new_mapping","project_partial_proxy","reviewed_existing_or_retrieved_candidate","ReRouteHer project-derived; NOT an official MASCO-ESCO crosswalk","non_exact_title","0.731707","Inherited current-role retrieval score; not a probability or a new MASCO 2020 validation score.","False","True","Not established","ESCO skills inherited from one primary occupation. Essential/optional refers to ESCO, not a verified Malaysian requirement.","","https://www.dosm.gov.my/uploads/content-downloads/file_20220920110308.pdf#page=340","http://data.europa.eu/esco/occupation/8bc845cb-0702-47e4-aabc-4036032b0a8d","M217205","217205","Shipping Executive","https://emasco.mohr.gov.my/masco/2172-05","2020","exact_normalized_title","high","340","https://www.dosm.gov.my/uploads/content-downloads/file_20220920110308.pdf#page=340","Current eMASCO D11 profile inherited for a MASCO 2020 identity; not 2020-specific task evidence; test only.","partial_proxy","low","M217205","False","Original current-role title, not the remapped 2020 title; retained for comparison only."
"M217301","Pilot/ Pilot Examiner Grade AT41","217301","2173","3154.2","aviation inspector","http://data.europa.eu/esco/occupation/b0473a10-e3de-480c-a841-171f2356a074","broader_proxy","medium","Pilot examination and aviation inspection; aircraft category and Malaysian licensing authority need enrichment.","test_only_project_mapping_not_human_validated","False","2173-01","3154","","","","","no_unique_exact_esco_title_match","new_mapping","project_broader_proxy","curated_title_and_duty_decision","ReRouteHer project-derived; NOT an official MASCO-ESCO crosswalk","non_exact_title","0.648649","Inherited current-role retrieval score; not a probability or a new MASCO 2020 validation score.","False","True","Not established","ESCO skills inherited from one primary occupation. Essential/optional refers to ESCO, not a verified Malaysian requirement.","","https://www.dosm.gov.my/uploads/content-downloads/file_20220920110308.pdf#page=340","http://data.europa.eu/esco/occupation/b0473a10-e3de-480c-a841-171f2356a074","M217308","217308","Pilot/Pilot Inspector Grade AT9","https://emasco.mohr.gov.my/masco/2173-08","2020","grade_reversion","high","340","https://www.dosm.gov.my/uploads/content-downloads/file_20220920110308.pdf#page=340","Current eMASCO D11 profile inherited for a MASCO 2020 identity; not 2020-specific task evidence; test only.","broader_proxy","medium","M217308","False","Original current-role title, not the remapped 2020 title; retained for comparison only."
"M217302","Aircraft Examiner Grade AT41","217302","2173","3154.2","aviation inspector","http://data.europa.eu/esco/occupation/b0473a10-e3de-480c-a841-171f2356a074","broader_proxy","medium","Pilot examination and aviation inspection; aircraft category and Malaysian licensing authority need enrichment.","test_only_project_mapping_not_human_validated","False","2173-02","3154","","","","","no_unique_exact_esco_title_match","new_mapping","project_broader_proxy","curated_title_and_duty_decision","ReRouteHer project-derived; NOT an official MASCO-ESCO crosswalk","non_exact_title","0.651163","Inherited current-role retrieval score; not a probability or a new MASCO 2020 validation score.","False","True","Not established","ESCO skills inherited from one primary occupation. Essential/optional refers to ESCO, not a verified Malaysian requirement.","","https://www.dosm.gov.my/uploads/content-downloads/file_20220920110308.pdf#page=340","http://data.europa.eu/esco/occupation/b0473a10-e3de-480c-a841-171f2356a074","M217309","217309","Aircraft Examiner Grade AT9","https://emasco.mohr.gov.my/masco/2173-09","2020","grade_reversion","high","340","https://www.dosm.gov.my/uploads/content-downloads/file_20220920110308.pdf#page=340","Current eMASCO D11 profile inherited for a MASCO 2020 identity; not 2020-specific task evidence; test only.","broader_proxy","medium","M217309","False","Original current-role title, not the remapped 2020 title; retained for comparison only."
"M217303","Pilot","217303","2173","3153.2","aircraft pilot","http://data.europa.eu/esco/occupation/9a4ba556-e72b-49c2-834c-d6a03a2fc906","partial_proxy","low","Title/duty comparison supports this primary proxy, but occupational breadth, specialisation or seniority may differ. See both source profiles in the evidence table.","test_only_project_mapping_not_human_validated","False","2173-03","3153","","","","","no_unique_exact_esco_title_match","new_mapping","project_partial_proxy","reviewed_existing_or_retrieved_candidate","ReRouteHer project-derived; NOT an official MASCO-ESCO crosswalk","non_exact_title","0.526316","Inherited current-role retrieval score; not a probability or a new MASCO 2020 validation score.","False","True","Not established","ESCO skills inherited from one primary occupation. Essential/optional refers to ESCO, not a verified Malaysian requirement.","","https://www.dosm.gov.my/uploads/content-downloads/file_20220920110308.pdf#page=340","http://data.europa.eu/esco/occupation/9a4ba556-e72b-49c2-834c-d6a03a2fc906","M217301","217301","Pilot","https://emasco.mohr.gov.my/masco/2173-01","2020","exact_normalized_title","high","340","https://www.dosm.gov.my/uploads/content-downloads/file_20220920110308.pdf#page=340","Current eMASCO D11 profile inherited for a MASCO 2020 identity; not 2020-specific task evidence; test only.","partial_proxy","low","M217301","False","Original current-role title, not the remapped 2020 title; retained for comparison only."
"M217305","Flight Instructor","217305","2173","3153.2.3","flight instructor","http://data.europa.eu/esco/occupation/b3b32930-05f0-4b2e-93bf-34d1e3f89a3b","close_match","high","Preferred occupation title matches after removing Malaysian grade/competency wrappers.","test_only_project_mapping_not_human_validated","False","2173-05","3153","","","","","no_unique_exact_esco_title_match","new_mapping","project_close_match","unique_cleaned_preferred_label","ReRouteHer project-derived; NOT an official MASCO-ESCO crosswalk","exact_preferred_label","1","Inherited current-role retrieval score; not a probability or a new MASCO 2020 validation score.","False","True","Not established","ESCO skills inherited from one primary occupation. Essential/optional refers to ESCO, not a verified Malaysian requirement.","","https://www.dosm.gov.my/uploads/content-downloads/file_20220920110308.pdf#page=340","http://data.europa.eu/esco/occupation/b3b32930-05f0-4b2e-93bf-34d1e3f89a3b","M217302","217302","Flight Instructor","https://emasco.mohr.gov.my/masco/2173-02","2020","exact_normalized_title","high","340","https://www.dosm.gov.my/uploads/content-downloads/file_20220920110308.pdf#page=340","Current eMASCO D11 profile inherited for a MASCO 2020 identity; not 2020-specific task evidence; test only.","close_match","high","M217302","False","Original current-role title, not the remapped 2020 title; retained for comparison only."
"M217310","Aircraft Design Engineer","217310","2173","2144.1.1","aerospace engineer","http://data.europa.eu/esco/occupation/d7e663b2-f042-47d8-9fda-b5b8ba30ca04","close_match","medium","Aerospace/aircraft design engineering.","test_only_project_mapping_not_human_validated","False","2173-10","2144","","","","","no_unique_exact_esco_title_match","new_mapping","project_close_match","curated_title_and_duty_decision","ReRouteHer project-derived; NOT an official MASCO-ESCO crosswalk","non_exact_title","0.77551","Inherited current-role retrieval score; not a probability or a new MASCO 2020 validation score.","False","True","Not established","ESCO skills inherited from one primary occupation. Essential/optional refers to ESCO, not a verified Malaysian requirement.","","https://www.dosm.gov.my/uploads/content-downloads/file_20220920110308.pdf#page=340","http://data.europa.eu/esco/occupation/d7e663b2-f042-47d8-9fda-b5b8ba30ca04","M217303","217303","Aircraft Design Engineer","https://emasco.mohr.gov.my/masco/2173-03","2020","exact_normalized_title","high","340","https://www.dosm.gov.my/uploads/content-downloads/file_20220920110308.pdf#page=340","Current eMASCO D11 profile inherited for a MASCO 2020 identity; not 2020-specific task evidence; test only.","close_match","medium","M217303","False","Original current-role title, not the remapped 2020 title; retained for comparison only."
"M217311","Aeronautical Engineer","217311","2173","2144.1.1","aerospace engineer","http://data.europa.eu/esco/occupation/d7e663b2-f042-47d8-9fda-b5b8ba30ca04","close_match","medium","ESCO alternate title matches the cleaned MASCO title; national qualifications and full task scope are not assumed equivalent.","test_only_project_mapping_not_human_validated","False","2173-11","2144","","","","","no_unique_exact_esco_title_match","new_mapping","project_close_match","reviewed_existing_or_retrieved_candidate","ReRouteHer project-derived; NOT an official MASCO-ESCO crosswalk","exact_alternate_label","1","Inherited current-role retrieval score; not a probability or a new MASCO 2020 validation score.","False","True","Not established","ESCO skills inherited from one primary occupation. Essential/optional refers to ESCO, not a verified Malaysian requirement.","","https://www.dosm.gov.my/uploads/content-downloads/file_20220920110308.pdf#page=340","http://data.europa.eu/esco/occupation/d7e663b2-f042-47d8-9fda-b5b8ba30ca04","M217304","217304","Aeronautical Engineer","https://emasco.mohr.gov.my/masco/2173-04","2020","exact_normalized_title","high","340","https://www.dosm.gov.my/uploads/content-downloads/file_20220920110308.pdf#page=340","Current eMASCO D11 profile inherited for a MASCO 2020 identity; not 2020-specific task evidence; test only.","close_match","medium","M217304","False","Original current-role title, not the remapped 2020 title; retained for comparison only."
"M217312","Pilot/Pilot Examiner Grade AT43","217312","2173","3154.2","aviation inspector","http://data.europa.eu/esco/occupation/b0473a10-e3de-480c-a841-171f2356a074","broader_proxy","medium","Pilot examination and aviation inspection; aircraft category and Malaysian licensing authority need enrichment.","test_only_project_mapping_not_human_validated","False","2173-12","3154","","","","","no_unique_exact_esco_title_match","new_mapping","project_broader_proxy","curated_title_and_duty_decision","ReRouteHer project-derived; NOT an official MASCO-ESCO crosswalk","non_exact_title","0.434783","Inherited current-role retrieval score; not a probability or a new MASCO 2020 validation score.","False","True","Not established","ESCO skills inherited from one primary occupation. Essential/optional refers to ESCO, not a verified Malaysian requirement.","","https://www.dosm.gov.my/uploads/content-downloads/file_20220920110308.pdf#page=340","http://data.europa.eu/esco/occupation/b0473a10-e3de-480c-a841-171f2356a074","M217310","217310","Pilot/Pilot Examiner Grade AT10","https://emasco.mohr.gov.my/masco/2173-10","2020","grade_reversion","high","340","https://www.dosm.gov.my/uploads/content-downloads/file_20220920110308.pdf#page=340","Current eMASCO D11 profile inherited for a MASCO 2020 identity; not 2020-specific task evidence; test only.","broader_proxy","medium","M217310","False","Original current-role title, not the remapped 2020 title; retained for comparison only."
"M217313","Pilot/Pilot Examiner Grade AT47","217313","2173","3154.2","aviation inspector","http://data.europa.eu/esco/occupation/b0473a10-e3de-480c-a841-171f2356a074","broader_proxy","medium","Pilot examination and aviation inspection; aircraft category and Malaysian licensing authority need enrichment.","test_only_project_mapping_not_human_validated","False","2173-13","3154","","","","","no_unique_exact_esco_title_match","new_mapping","project_broader_proxy","curated_title_and_duty_decision","ReRouteHer project-derived; NOT an official MASCO-ESCO crosswalk","non_exact_title","0.434783","Inherited current-role retrieval score; not a probability or a new MASCO 2020 validation score.","False","True","Not established","ESCO skills inherited from one primary occupation. Essential/optional refers to ESCO, not a verified Malaysian requirement.","","https://www.dosm.gov.my/uploads/content-downloads/file_20220920110308.pdf#page=340","http://data.europa.eu/esco/occupation/b0473a10-e3de-480c-a841-171f2356a074","M217311","217311","Pilot/Pilot Examiner Grade AT12","https://emasco.mohr.gov.my/masco/2173-11","2020","grade_reversion","high","340","https://www.dosm.gov.my/uploads/content-downloads/file_20220920110308.pdf#page=340","Current eMASCO D11 profile inherited for a MASCO 2020 identity; not 2020-specific task evidence; test only.","broader_proxy","medium","M217311","False","Original current-role title, not the remapped 2020 title; retained for comparison only."
"M217314","Pilot/Pilot Examiner Grade AT51","217314","2173","3154.2","aviation inspector","http://data.europa.eu/esco/occupation/b0473a10-e3de-480c-a841-171f2356a074","broader_proxy","medium","Pilot examination and aviation inspection; aircraft category and Malaysian licensing authority need enrichment.","test_only_project_mapping_not_human_validated","False","2173-14","3154","","","","","no_unique_exact_esco_title_match","new_mapping","project_broader_proxy","curated_title_and_duty_decision","ReRouteHer project-derived; NOT an official MASCO-ESCO crosswalk","non_exact_title","0.434783","Inherited current-role retrieval score; not a probability or a new MASCO 2020 validation score.","False","True","Not established","ESCO skills inherited from one primary occupation. Essential/optional refers to ESCO, not a verified Malaysian requirement.","","https://www.dosm.gov.my/uploads/content-downloads/file_20220920110308.pdf#page=340","http://data.europa.eu/esco/occupation/b0473a10-e3de-480c-a841-171f2356a074","M217312","217312","Pilot/Pilot Examiner Grade AT13","https://emasco.mohr.gov.my/masco/2173-12","2020","grade_reversion","high","340","https://www.dosm.gov.my/uploads/content-downloads/file_20220920110308.pdf#page=340","Current eMASCO D11 profile inherited for a MASCO 2020 identity; not 2020-specific task evidence; test only.","broader_proxy","medium","M217312","False","Original current-role title, not the remapped 2020 title; retained for comparison only."
"M217315","Pilot/Pilot Examiner Grade AT53","217315","2173","3154.2","aviation inspector","http://data.europa.eu/esco/occupation/b0473a10-e3de-480c-a841-171f2356a074","broader_proxy","medium","Pilot examination and aviation inspection; aircraft category and Malaysian licensing authority need enrichment.","test_only_project_mapping_not_human_validated","False","2173-15","3154","","","","","no_unique_exact_esco_title_match","new_mapping","project_broader_proxy","curated_title_and_duty_decision","ReRouteHer project-derived; NOT an official MASCO-ESCO crosswalk","non_exact_title","0.434783","Inherited current-role retrieval score; not a probability or a new MASCO 2020 validation score.","False","True","Not established","ESCO skills inherited from one primary occupation. Essential/optional refers to ESCO, not a verified Malaysian requirement.","","https://www.dosm.gov.my/uploads/content-downloads/file_20220920110308.pdf#page=340","http://data.europa.eu/esco/occupation/b0473a10-e3de-480c-a841-171f2356a074","M217313","217313","Pilot/Pilot Examiner Grade AT14 (Flight Operation Director)","https://emasco.mohr.gov.my/masco/2173-13","2020","grade_reversion","high","340","https://www.dosm.gov.my/uploads/content-downloads/file_20220920110308.pdf#page=340","Current eMASCO D11 profile inherited for a MASCO 2020 identity; not 2020-specific task evidence; test only.","broader_proxy","medium","M217313","False","Original current-role title, not the remapped 2020 title; retained for comparison only."
"M217322","Marine Aviation Officer","217322","2173","3154.3","flight operations officer","http://data.europa.eu/esco/occupation/e53e1bd8-7316-4fab-9338-c6a66f50e5b7","partial_proxy","low","Aviation operational coordination; marine-service context is not represented.","test_only_project_mapping_not_human_validated","False","2173-22","3154","","","","","no_unique_exact_esco_title_match","new_mapping","project_partial_proxy","curated_title_and_duty_decision","ReRouteHer project-derived; NOT an official MASCO-ESCO crosswalk","non_exact_title","0.711111","Inherited current-role retrieval score; not a probability or a new MASCO 2020 validation score.","False","True","Not established","ESCO skills inherited from one primary occupation. Essential/optional refers to ESCO, not a verified Malaysian requirement.","","https://www.dosm.gov.my/uploads/content-downloads/file_20220920110308.pdf#page=341","http://data.europa.eu/esco/occupation/e53e1bd8-7316-4fab-9338-c6a66f50e5b7","M217306","217306","Marine Aviation Officer","https://emasco.mohr.gov.my/masco/2173-06","2020","exact_normalized_title","high","341","https://www.dosm.gov.my/uploads/content-downloads/file_20220920110308.pdf#page=341","Current eMASCO D11 profile inherited for a MASCO 2020 identity; not 2020-specific task evidence; test only.","partial_proxy","low","M217306","False","Original current-role title, not the remapped 2020 title; retained for comparison only."
"M217401","Air Traffic Control Officer Grade A41","217401","2174","3154.1","air traffic controller","http://data.europa.eu/esco/occupation/3c2da05f-eb24-41f7-8307-46c96660fee0","close_match","medium","ESCO alternate title matches the cleaned MASCO title; national qualifications and full task scope are not assumed equivalent.","test_only_project_mapping_not_human_validated","False","2174-01","3154","","","","","no_unique_exact_esco_title_match","new_mapping","project_close_match","reviewed_existing_or_retrieved_candidate","ReRouteHer project-derived; NOT an official MASCO-ESCO crosswalk","exact_alternate_label","1","Inherited current-role retrieval score; not a probability or a new MASCO 2020 validation score.","False","True","Not established","ESCO skills inherited from one primary occupation. Essential/optional refers to ESCO, not a verified Malaysian requirement.","","https://www.dosm.gov.my/uploads/content-downloads/file_20220920110308.pdf#page=341","http://data.europa.eu/esco/occupation/3c2da05f-eb24-41f7-8307-46c96660fee0","M217404","217404","Air Traffic Control Officer Grade A9","https://emasco.mohr.gov.my/masco/2174-04","2020","grade_reversion","high","341","https://www.dosm.gov.my/uploads/content-downloads/file_20220920110308.pdf#page=341","Current eMASCO D11 profile inherited for a MASCO 2020 identity; not 2020-specific task evidence; test only.","close_match","medium","M217404","False","Original current-role title, not the remapped 2020 title; retained for comparison only."
"M217402","Air Traffic Controller","217402","2174","3154.1","air traffic controller","http://data.europa.eu/esco/occupation/3c2da05f-eb24-41f7-8307-46c96660fee0","close_match","high","Preferred occupation title matches after removing Malaysian grade/competency wrappers.","test_only_project_mapping_not_human_validated","False","2174-02","3154","","","","","no_unique_exact_esco_title_match","new_mapping","project_close_match","unique_cleaned_preferred_label","ReRouteHer project-derived; NOT an official MASCO-ESCO crosswalk","exact_preferred_label","1","Inherited current-role retrieval score; not a probability or a new MASCO 2020 validation score.","False","True","Not established","ESCO skills inherited from one primary occupation. Essential/optional refers to ESCO, not a verified Malaysian requirement.","","https://www.dosm.gov.my/uploads/content-downloads/file_20220920110308.pdf#page=341","http://data.europa.eu/esco/occupation/3c2da05f-eb24-41f7-8307-46c96660fee0","M217401","217401","Air Traffic Controller","https://emasco.mohr.gov.my/masco/2174-01","2020","exact_normalized_title","high","341","https://www.dosm.gov.my/uploads/content-downloads/file_20220920110308.pdf#page=341","Current eMASCO D11 profile inherited for a MASCO 2020 identity; not 2020-specific task evidence; test only.","close_match","high","M217401","False","Original current-role title, not the remapped 2020 title; retained for comparison only."
"M217403","Operation Centre Controller","217403","2174","3154.3","flight operations officer","http://data.europa.eu/esco/occupation/e53e1bd8-7316-4fab-9338-c6a66f50e5b7","broader_proxy","medium","Flight operations control, not data-centre control.","test_only_project_mapping_not_human_validated","False","2174-03","3154","","","","","no_unique_exact_esco_title_match","new_mapping","project_broader_proxy","curated_title_and_duty_decision","ReRouteHer project-derived; NOT an official MASCO-ESCO crosswalk","non_exact_title","0.530612","Inherited current-role retrieval score; not a probability or a new MASCO 2020 validation score.","False","True","Not established","ESCO skills inherited from one primary occupation. Essential/optional refers to ESCO, not a verified Malaysian requirement.","","https://www.dosm.gov.my/uploads/content-downloads/file_20220920110308.pdf#page=341","http://data.europa.eu/esco/occupation/e53e1bd8-7316-4fab-9338-c6a66f50e5b7","M217402","217402","Operation Centre Controller","https://emasco.mohr.gov.my/masco/2174-02","2020","exact_normalized_title","high","341","https://www.dosm.gov.my/uploads/content-downloads/file_20220920110308.pdf#page=341","Current eMASCO D11 profile inherited for a MASCO 2020 identity; not 2020-specific task evidence; test only.","broader_proxy","medium","M217402","False","Original current-role title, not the remapped 2020 title; retained for comparison only."
"M217501","Railway and Locomotive Operation Officer","217501","2175","1324.3.1.3","rail operations manager","http://data.europa.eu/esco/occupation/98ad0008-13d9-4e9b-94bf-4f4a5faae764","broader_proxy","medium","Rail operations management; executive grade may differ.","test_only_project_mapping_not_human_validated","False","2175-01","1324","","","","","no_unique_exact_esco_title_match","new_mapping","project_broader_proxy","curated_title_and_duty_decision","ReRouteHer project-derived; NOT an official MASCO-ESCO crosswalk","non_exact_title","0.606061","Inherited current-role retrieval score; not a probability or a new MASCO 2020 validation score.","False","True","Not established","ESCO skills inherited from one primary occupation. Essential/optional refers to ESCO, not a verified Malaysian requirement.","","https://www.dosm.gov.my/uploads/content-downloads/file_20220920110308.pdf#page=341","http://data.europa.eu/esco/occupation/98ad0008-13d9-4e9b-94bf-4f4a5faae764","M217501","217501","Railway and Locomotive Operation Officer","https://emasco.mohr.gov.my/masco/2175-01","2020","exact_normalized_title","high","341","https://www.dosm.gov.my/uploads/content-downloads/file_20220920110308.pdf#page=341","Current eMASCO D11 profile inherited for a MASCO 2020 identity; not 2020-specific task evidence; test only.","broader_proxy","medium","M217501","False","Original current-role title, not the remapped 2020 title; retained for comparison only."
"M218101","Mining Excecutive","218101","2181","1322.1","mine manager","http://data.europa.eu/esco/occupation/107d21c6-973b-411c-89fd-69da48d29ada","broader_proxy","medium","Mining operational management.","test_only_project_mapping_not_human_validated","False","2181-01","1322","","","","","no_unique_exact_esco_title_match","new_mapping","project_broader_proxy","curated_title_and_duty_decision","ReRouteHer project-derived; NOT an official MASCO-ESCO crosswalk","non_exact_title","0.645161","Inherited current-role retrieval score; not a probability or a new MASCO 2020 validation score.","False","True","Not established","ESCO skills inherited from one primary occupation. Essential/optional refers to ESCO, not a verified Malaysian requirement.","","https://www.dosm.gov.my/uploads/content-downloads/file_20220920110308.pdf#page=341","http://data.europa.eu/esco/occupation/107d21c6-973b-411c-89fd-69da48d29ada","M218101","218101","Mining Executive","https://emasco.mohr.gov.my/masco/2181-01","2020","title_variant","high","341","https://www.dosm.gov.my/uploads/content-downloads/file_20220920110308.pdf#page=341","Current eMASCO D11 profile inherited for a MASCO 2020 identity; not 2020-specific task evidence; test only.","broader_proxy","medium","M218101","False","Original current-role title, not the remapped 2020 title; retained for comparison only."
"M218201","Manufacturing Executive","218201","2182","1321.2","manufacturing manager","http://data.europa.eu/esco/occupation/6426ada1-4d8c-4612-99e3-91bc569805ee","partial_proxy","low","Title/duty comparison supports this primary proxy, but occupational breadth, specialisation or seniority may differ. See both source profiles in the evidence table.","test_only_project_mapping_not_human_validated","False","2182-01","1321","","","","","no_unique_exact_esco_title_match","new_mapping","project_partial_proxy","reviewed_existing_or_retrieved_candidate","ReRouteHer project-derived; NOT an official MASCO-ESCO crosswalk","non_exact_title","0.755556","Inherited current-role retrieval score; not a probability or a new MASCO 2020 validation score.","False","True","Not established","ESCO skills inherited from one primary occupation. Essential/optional refers to ESCO, not a verified Malaysian requirement.","","https://www.dosm.gov.my/uploads/content-downloads/file_20220920110308.pdf#page=341","http://data.europa.eu/esco/occupation/6426ada1-4d8c-4612-99e3-91bc569805ee","M218201","218201","Manufacturing Executive","https://emasco.mohr.gov.my/masco/2182-01","2020","exact_normalized_title","high","341","https://www.dosm.gov.my/uploads/content-downloads/file_20220920110308.pdf#page=341","Current eMASCO D11 profile inherited for a MASCO 2020 identity; not 2020-specific task evidence; test only.","partial_proxy","low","M218201","False","Original current-role title, not the remapped 2020 title; retained for comparison only."
"M218202","Quality Assurance Executive","218202","2182","1219.7","quality services manager","http://data.europa.eu/esco/occupation/109e0a5d-203d-4af6-8f70-692111335ec3","broader_proxy","medium","General quality assurance; not ICT-only quality assurance.","test_only_project_mapping_not_human_validated","False","2182-02","1219","","","","","no_unique_exact_esco_title_match","new_mapping","project_broader_proxy","curated_title_and_duty_decision","ReRouteHer project-derived; NOT an official MASCO-ESCO crosswalk","non_exact_title","0.727273","Inherited current-role retrieval score; not a probability or a new MASCO 2020 validation score.","False","True","Not established","ESCO skills inherited from one primary occupation. Essential/optional refers to ESCO, not a verified Malaysian requirement.","","https://www.dosm.gov.my/uploads/content-downloads/file_20220920110308.pdf#page=341","http://data.europa.eu/esco/occupation/109e0a5d-203d-4af6-8f70-692111335ec3","M218202","218202","Quality Assurance Executive","https://emasco.mohr.gov.my/masco/2182-02","2020","exact_normalized_title","high","341","https://www.dosm.gov.my/uploads/content-downloads/file_20220920110308.pdf#page=341","Current eMASCO D11 profile inherited for a MASCO 2020 identity; not 2020-specific task evidence; test only.","broader_proxy","medium","M218202","False","Original current-role title, not the remapped 2020 title; retained for comparison only."
"M218207","Store Executive","218207","2182","1324.3.4","warehouse manager","http://data.europa.eu/esco/occupation/2f5de1ab-eddf-4715-8193-e994912c22ea","partial_proxy","low","Stores and inventory management; manager seniority may exceed executive role.","test_only_project_mapping_not_human_validated","False","2182-07","1324","","","","","no_unique_exact_esco_title_match","new_mapping","project_partial_proxy","curated_title_and_duty_decision","ReRouteHer project-derived; NOT an official MASCO-ESCO crosswalk","non_exact_title","0.325581","Inherited current-role retrieval score; not a probability or a new MASCO 2020 validation score.","False","True","Not established","ESCO skills inherited from one primary occupation. Essential/optional refers to ESCO, not a verified Malaysian requirement.","","https://www.dosm.gov.my/uploads/content-downloads/file_20220920110308.pdf#page=341","http://data.europa.eu/esco/occupation/2f5de1ab-eddf-4715-8193-e994912c22ea","M218203","218203","Store Executive","https://emasco.mohr.gov.my/masco/2182-03","2020","exact_normalized_title","high","341","https://www.dosm.gov.my/uploads/content-downloads/file_20220920110308.pdf#page=341","Current eMASCO D11 profile inherited for a MASCO 2020 identity; not 2020-specific task evidence; test only.","partial_proxy","low","M218203","False","Original current-role title, not the remapped 2020 title; retained for comparison only."
"M218229","Technical Service Adviser","218229","2182","1349.21","service manager","http://data.europa.eu/esco/occupation/bcc2c1db-f969-4355-bebf-4878ff6c2a94","partial_proxy","low","Technical service coordination/customer support; management scope is broader than adviser.","test_only_project_mapping_not_human_validated","False","2182-29","1349","","","","","no_unique_exact_esco_title_match","new_mapping","project_partial_proxy","curated_title_and_duty_decision","ReRouteHer project-derived; NOT an official MASCO-ESCO crosswalk","non_exact_title","0.653061","Inherited current-role retrieval score; not a probability or a new MASCO 2020 validation score.","False","True","Not established","ESCO skills inherited from one primary occupation. Essential/optional refers to ESCO, not a verified Malaysian requirement.","","https://www.dosm.gov.my/uploads/content-downloads/file_20220920110308.pdf#page=341","http://data.europa.eu/esco/occupation/bcc2c1db-f969-4355-bebf-4878ff6c2a94","M218205","218205","Technical Service Adviser","https://emasco.mohr.gov.my/masco/2182-05","2020","exact_normalized_title","high","341","https://www.dosm.gov.my/uploads/content-downloads/file_20220920110308.pdf#page=341","Current eMASCO D11 profile inherited for a MASCO 2020 identity; not 2020-specific task evidence; test only.","partial_proxy","low","M218205","False","Original current-role title, not the remapped 2020 title; retained for comparison only."
"M218231","Material Specialist","218231","2182","2149.11","materials engineer","http://data.europa.eu/esco/occupation/4a375b68-88a0-4e5f-99ce-9b01341dfb81","broader_proxy","medium","Materials engineering and selection.","test_only_project_mapping_not_human_validated","False","2182-31","2149","","","","","no_unique_exact_esco_title_match","new_mapping","project_broader_proxy","curated_title_and_duty_decision","ReRouteHer project-derived; NOT an official MASCO-ESCO crosswalk","non_exact_title","0.745098","Inherited current-role retrieval score; not a probability or a new MASCO 2020 validation score.","False","True","Not established","ESCO skills inherited from one primary occupation. Essential/optional refers to ESCO, not a verified Malaysian requirement.","","https://www.dosm.gov.my/uploads/content-downloads/file_20220920110308.pdf#page=341","http://data.europa.eu/esco/occupation/4a375b68-88a0-4e5f-99ce-9b01341dfb81","M218206","218206","Material Specialist","https://emasco.mohr.gov.my/masco/2182-06","2020","exact_normalized_title","high","341","https://www.dosm.gov.my/uploads/content-downloads/file_20220920110308.pdf#page=341","Current eMASCO D11 profile inherited for a MASCO 2020 identity; not 2020-specific task evidence; test only.","broader_proxy","medium","M218206","False","Original current-role title, not the remapped 2020 title; retained for comparison only."
"M218301","Construction Executive","218301","2183","1323.1","construction manager","http://data.europa.eu/esco/occupation/faed05c0-c1d1-4e34-b575-0dea96459e56","broader_proxy","medium","Construction operations and project coordination.","test_only_project_mapping_not_human_validated","False","2183-01","1323","","","","","no_unique_exact_esco_title_match","new_mapping","project_broader_proxy","curated_title_and_duty_decision","ReRouteHer project-derived; NOT an official MASCO-ESCO crosswalk","non_exact_title","0.68","Inherited current-role retrieval score; not a probability or a new MASCO 2020 validation score.","False","True","Not established","ESCO skills inherited from one primary occupation. Essential/optional refers to ESCO, not a verified Malaysian requirement.","","https://www.dosm.gov.my/uploads/content-downloads/file_20220920110308.pdf#page=342","http://data.europa.eu/esco/occupation/faed05c0-c1d1-4e34-b575-0dea96459e56","M218301","218301","Construction Executive","https://emasco.mohr.gov.my/masco/2183-01","2020","exact_normalized_title","high","342","https://www.dosm.gov.my/uploads/content-downloads/file_20220920110308.pdf#page=342","Current eMASCO D11 profile inherited for a MASCO 2020 identity; not 2020-specific task evidence; test only.","broader_proxy","medium","M218301","False","Original current-role title, not the remapped 2020 title; retained for comparison only."
"M221101","Medical Officer Grade UD41","221101","2211","2211.1","general practitioner","http://data.europa.eu/esco/occupation/71f09c8b-a172-408c-b9e7-32e580e39ff6","inherited_test_proxy","low","Inherited current-role ESCO assignment, not independently revalidated for this MASCO 2020 identity. Combined UD9/UD10 source maps to printed UD41/UD43 entries; JPA Annex B documents UD9=UD41 and UD10=UD43/44. Original rationale: General medical practice; public-service grade does not change occupation identity.","test_only_project_mapping_not_human_validated","False","2211-01","2211","","","","","no_unique_exact_esco_title_match","new_mapping","project_close_match","curated_title_and_duty_decision","ReRouteHer project-derived; NOT an official MASCO-ESCO crosswalk","non_exact_title","0.511628","Inherited current-role retrieval score; not a probability or a new MASCO 2020 validation score.","True","True","Not established","ESCO skills inherited from one primary occupation. Essential/optional refers to ESCO, not a verified Malaysian requirement.","","https://www.dosm.gov.my/uploads/content-downloads/file_20220920110308.pdf#page=342","http://data.europa.eu/esco/occupation/71f09c8b-a172-408c-b9e7-32e580e39ff6","M221111","221111","Medical Officer Grade UD9, UD10","https://emasco.mohr.gov.my/masco/2211-11","2020","combined_title_split","medium","342","https://www.dosm.gov.my/uploads/content-downloads/file_20220920110308.pdf#page=342","Current eMASCO D11 profile inherited for a MASCO 2020 identity; not 2020-specific task evidence; test only.","close_match","medium","M221111","True","Original current-role title, not the remapped 2020 title; retained for comparison only."
"M221102","Medical Doctor","221102","2211","2211.1","general practitioner","http://data.europa.eu/esco/occupation/71f09c8b-a172-408c-b9e7-32e580e39ff6","close_match","medium","General medical practice; public-service grade does not change occupation identity.","test_only_project_mapping_not_human_validated","False","2211-02","2211","","","","","no_unique_exact_esco_title_match","new_mapping","project_close_match","curated_title_and_duty_decision","ReRouteHer project-derived; NOT an official MASCO-ESCO crosswalk","non_exact_title","0.571429","Inherited current-role retrieval score; not a probability or a new MASCO 2020 validation score.","True","True","Not established","ESCO skills inherited from one primary occupation. Essential/optional refers to ESCO, not a verified Malaysian requirement.","","https://www.dosm.gov.my/uploads/content-downloads/file_20220920110308.pdf#page=342","http://data.europa.eu/esco/occupation/71f09c8b-a172-408c-b9e7-32e580e39ff6","M221101","221101","Medical Doctor","https://emasco.mohr.gov.my/masco/2211-01","2020","exact_normalized_title","high","342","https://www.dosm.gov.my/uploads/content-downloads/file_20220920110308.pdf#page=342","Current eMASCO D11 profile inherited for a MASCO 2020 identity; not 2020-specific task evidence; test only.","close_match","medium","M221101","True","Original current-role title, not the remapped 2020 title; retained for comparison only."
"M221107","Medical Doctor, Gynaecology","221107","2211","2212.1","specialised doctor","http://data.europa.eu/esco/occupation/9b889f07-c39c-464d-b9d9-b2daa650f9ac","broader_proxy","medium","Specialised medical doctor umbrella; ESCO does not distinguish this clinical specialty. Do not substitute allied-health occupations or treat umbrella skills as specialty-complete.","test_only_project_mapping_not_human_validated","False","2211-07","2212","","","","","no_unique_exact_esco_title_match","new_mapping","project_broader_proxy","curated_title_and_duty_decision","ReRouteHer project-derived; NOT an official MASCO-ESCO crosswalk","non_exact_title","0.538462","Inherited current-role retrieval score; not a probability or a new MASCO 2020 validation score.","False","True","Not established","ESCO skills inherited from one primary occupation. Essential/optional refers to ESCO, not a verified Malaysian requirement.","","https://www.dosm.gov.my/uploads/content-downloads/file_20220920110308.pdf#page=342","http://data.europa.eu/esco/occupation/9b889f07-c39c-464d-b9d9-b2daa650f9ac","M221102","221102","Medical Doctor (Gynaecology)","https://emasco.mohr.gov.my/masco/2211-02","2020","exact_normalized_title","high","342","https://www.dosm.gov.my/uploads/content-downloads/file_20220920110308.pdf#page=342","Current eMASCO D11 profile inherited for a MASCO 2020 identity; not 2020-specific task evidence; test only.","broader_proxy","medium","M221102","False","Original current-role title, not the remapped 2020 title; retained for comparison only."
"M221108","Medical Doctor, Cardiology","221108","2211","2212.1","specialised doctor","http://data.europa.eu/esco/occupation/9b889f07-c39c-464d-b9d9-b2daa650f9ac","broader_proxy","medium","Specialised medical doctor umbrella; ESCO does not distinguish this clinical specialty. Do not substitute allied-health occupations or treat umbrella skills as specialty-complete.","test_only_project_mapping_not_human_validated","False","2211-08","2212","","","","","no_unique_exact_esco_title_match","new_mapping","project_broader_proxy","curated_title_and_duty_decision","ReRouteHer project-derived; NOT an official MASCO-ESCO crosswalk","non_exact_title","0.54902","Inherited current-role retrieval score; not a probability or a new MASCO 2020 validation score.","False","True","Not established","ESCO skills inherited from one primary occupation. Essential/optional refers to ESCO, not a verified Malaysian requirement.","","https://www.dosm.gov.my/uploads/content-downloads/file_20220920110308.pdf#page=342","http://data.europa.eu/esco/occupation/9b889f07-c39c-464d-b9d9-b2daa650f9ac","M221103","221103","Medical Doctor (Cardiology)","https://emasco.mohr.gov.my/masco/2211-03","2020","exact_normalized_title","high","342","https://www.dosm.gov.my/uploads/content-downloads/file_20220920110308.pdf#page=342","Current eMASCO D11 profile inherited for a MASCO 2020 identity; not 2020-specific task evidence; test only.","broader_proxy","medium","M221103","False","Original current-role title, not the remapped 2020 title; retained for comparison only."
"M221110","Medical Doctor, Obstetrics","221110","2211","2212.1","specialised doctor","http://data.europa.eu/esco/occupation/9b889f07-c39c-464d-b9d9-b2daa650f9ac","broader_proxy","medium","Specialised medical doctor umbrella; ESCO does not distinguish this clinical specialty. Do not substitute allied-health occupations or treat umbrella skills as specialty-complete.","test_only_project_mapping_not_human_validated","False","2211-10","2212","","","","","no_unique_exact_esco_title_match","new_mapping","project_broader_proxy","curated_title_and_duty_decision","ReRouteHer project-derived; NOT an official MASCO-ESCO crosswalk","non_exact_title","0.54902","Inherited current-role retrieval score; not a probability or a new MASCO 2020 validation score.","False","True","Not established","ESCO skills inherited from one primary occupation. Essential/optional refers to ESCO, not a verified Malaysian requirement.","","https://www.dosm.gov.my/uploads/content-downloads/file_20220920110308.pdf#page=342","http://data.europa.eu/esco/occupation/9b889f07-c39c-464d-b9d9-b2daa650f9ac","M221104","221104","Medical Doctor (Obstetrics)","https://emasco.mohr.gov.my/masco/2211-04","2020","exact_normalized_title","high","342","https://www.dosm.gov.my/uploads/content-downloads/file_20220920110308.pdf#page=342","Current eMASCO D11 profile inherited for a MASCO 2020 identity; not 2020-specific task evidence; test only.","broader_proxy","medium","M221104","False","Original current-role title, not the remapped 2020 title; retained for comparison only."
"M221111","Medical Doctor, Ophthalmology","221111","2211","2212.1","specialised doctor","http://data.europa.eu/esco/occupation/9b889f07-c39c-464d-b9d9-b2daa650f9ac","broader_proxy","medium","Specialised medical doctor umbrella; ESCO does not distinguish this clinical specialty. Do not substitute allied-health occupations or treat umbrella skills as specialty-complete.","test_only_project_mapping_not_human_validated","False","2211-11","2212","","","","","no_unique_exact_esco_title_match","new_mapping","project_broader_proxy","curated_title_and_duty_decision","ReRouteHer project-derived; NOT an official MASCO-ESCO crosswalk","non_exact_title","0.518519","Inherited current-role retrieval score; not a probability or a new MASCO 2020 validation score.","False","True","Not established","ESCO skills inherited from one primary occupation. Essential/optional refers to ESCO, not a verified Malaysian requirement.","","https://www.dosm.gov.my/uploads/content-downloads/file_20220920110308.pdf#page=342","http://data.europa.eu/esco/occupation/9b889f07-c39c-464d-b9d9-b2daa650f9ac","M221105","221105","Medical Doctor (Ophthalmology)","https://emasco.mohr.gov.my/masco/2211-05","2020","exact_normalized_title","high","342","https://www.dosm.gov.my/uploads/content-downloads/file_20220920110308.pdf#page=342","Current eMASCO D11 profile inherited for a MASCO 2020 identity; not 2020-specific task evidence; test only.","broader_proxy","medium","M221105","False","Original current-role title, not the remapped 2020 title; retained for comparison only."
"M221112","Medical Doctor, Psychiatry","221112","2211","2212.1","specialised doctor","http://data.europa.eu/esco/occupation/9b889f07-c39c-464d-b9d9-b2daa650f9ac","broader_proxy","medium","Specialised medical doctor umbrella; ESCO does not distinguish this clinical specialty. Do not substitute allied-health occupations or treat umbrella skills as specialty-complete.","test_only_project_mapping_not_human_validated","False","2211-12","2212","","","","","no_unique_exact_esco_title_match","new_mapping","project_broader_proxy","curated_title_and_duty_decision","ReRouteHer project-derived; NOT an official MASCO-ESCO crosswalk","non_exact_title","0.54902","Inherited current-role retrieval score; not a probability or a new MASCO 2020 validation score.","False","True","Not established","ESCO skills inherited from one primary occupation. Essential/optional refers to ESCO, not a verified Malaysian requirement.","","https://www.dosm.gov.my/uploads/content-downloads/file_20220920110308.pdf#page=342","http://data.europa.eu/esco/occupation/9b889f07-c39c-464d-b9d9-b2daa650f9ac","M221106","221106","Medical Doctor (Psychiatry)","https://emasco.mohr.gov.my/masco/2211-06","2020","exact_normalized_title","high","342","https://www.dosm.gov.my/uploads/content-downloads/file_20220920110308.pdf#page=342","Current eMASCO D11 profile inherited for a MASCO 2020 identity; not 2020-specific task evidence; test only.","broader_proxy","medium","M221106","False","Original current-role title, not the remapped 2020 title; retained for comparison only."
"M221113","Medical Doctor, Radiology","221113","2211","2212.1","specialised doctor","http://data.europa.eu/esco/occupation/9b889f07-c39c-464d-b9d9-b2daa650f9ac","broader_proxy","medium","Specialised medical doctor umbrella; ESCO does not distinguish this clinical specialty. Do not substitute allied-health occupations or treat umbrella skills as specialty-complete.","test_only_project_mapping_not_human_validated","False","2211-13","2212","","","","","no_unique_exact_esco_title_match","new_mapping","project_broader_proxy","curated_title_and_duty_decision","ReRouteHer project-derived; NOT an official MASCO-ESCO crosswalk","non_exact_title","0.56","Inherited current-role retrieval score; not a probability or a new MASCO 2020 validation score.","False","True","Not established","ESCO skills inherited from one primary occupation. Essential/optional refers to ESCO, not a verified Malaysian requirement.","","https://www.dosm.gov.my/uploads/content-downloads/file_20220920110308.pdf#page=342","http://data.europa.eu/esco/occupation/9b889f07-c39c-464d-b9d9-b2daa650f9ac","M221107","221107","Medical Doctor (Radiology)","https://emasco.mohr.gov.my/masco/2211-07","2020","exact_normalized_title","high","342","https://www.dosm.gov.my/uploads/content-downloads/file_20220920110308.pdf#page=342","Current eMASCO D11 profile inherited for a MASCO 2020 identity; not 2020-specific task evidence; test only.","broader_proxy","medium","M221107","False","Original current-role title, not the remapped 2020 title; retained for comparison only."
"M221118","Doctor, Skin","221118","2211","2212.1","specialised doctor","http://data.europa.eu/esco/occupation/9b889f07-c39c-464d-b9d9-b2daa650f9ac","broader_proxy","medium","Specialised medical doctor umbrella; ESCO does not distinguish this clinical specialty. Do not substitute allied-health occupations or treat umbrella skills as specialty-complete.","test_only_project_mapping_not_human_validated","False","2211-18","2212","","","","","no_unique_exact_esco_title_match","new_mapping","project_broader_proxy","curated_title_and_duty_decision","ReRouteHer project-derived; NOT an official MASCO-ESCO crosswalk","non_exact_title","0.622222","Inherited current-role retrieval score; not a probability or a new MASCO 2020 validation score.","False","True","Not established","ESCO skills inherited from one primary occupation. Essential/optional refers to ESCO, not a verified Malaysian requirement.","","https://www.dosm.gov.my/uploads/content-downloads/file_20220920110308.pdf#page=342","http://data.europa.eu/esco/occupation/9b889f07-c39c-464d-b9d9-b2daa650f9ac","M221108","221108","Medical Doctor (Skin)","https://emasco.mohr.gov.my/masco/2211-08","2020","title_variant","high","342","https://www.dosm.gov.my/uploads/content-downloads/file_20220920110308.pdf#page=342","Current eMASCO D11 profile inherited for a MASCO 2020 identity; not 2020-specific task evidence; test only.","broader_proxy","medium","M221108","False","Original current-role title, not the remapped 2020 title; retained for comparison only."
"M221120","Medical Officer Grade UD43","221120","2211","2211.1","general practitioner","http://data.europa.eu/esco/occupation/71f09c8b-a172-408c-b9e7-32e580e39ff6","inherited_test_proxy","low","Inherited current-role ESCO assignment, not independently revalidated for this MASCO 2020 identity. Combined UD9/UD10 source maps to printed UD41/UD43 entries; JPA Annex B documents UD9=UD41 and UD10=UD43/44. Original rationale: General medical practice; public-service grade does not change occupation identity.","test_only_project_mapping_not_human_validated","False","2211-20","2211","","","","","no_unique_exact_esco_title_match","new_mapping","project_close_match","curated_title_and_duty_decision","ReRouteHer project-derived; NOT an official MASCO-ESCO crosswalk","non_exact_title","0.511628","Inherited current-role retrieval score; not a probability or a new MASCO 2020 validation score.","True","True","Not established","ESCO skills inherited from one primary occupation. Essential/optional refers to ESCO, not a verified Malaysian requirement.","","https://www.dosm.gov.my/uploads/content-downloads/file_20220920110308.pdf#page=342","http://data.europa.eu/esco/occupation/71f09c8b-a172-408c-b9e7-32e580e39ff6","M221111","221111","Medical Officer Grade UD9, UD10","https://emasco.mohr.gov.my/masco/2211-11","2020","combined_title_split","medium","342","https://www.dosm.gov.my/uploads/content-downloads/file_20220920110308.pdf#page=342","Current eMASCO D11 profile inherited for a MASCO 2020 identity; not 2020-specific task evidence; test only.","close_match","medium","M221111","True","Original current-role title, not the remapped 2020 title; retained for comparison only."
"M221201","Ear, Nose and Throat Specialist","221201","2212","2212.1","specialised doctor","http://data.europa.eu/esco/occupation/9b889f07-c39c-464d-b9d9-b2daa650f9ac","broader_proxy","medium","Specialised medical doctor umbrella; ESCO does not distinguish this clinical specialty. Do not substitute allied-health occupations or treat umbrella skills as specialty-complete.","test_only_project_mapping_not_human_validated","False","2212-01","2212","","","","","no_unique_exact_esco_title_match","new_mapping","project_broader_proxy","curated_title_and_duty_decision","ReRouteHer project-derived; NOT an official MASCO-ESCO crosswalk","non_exact_title","0.491228","Inherited current-role retrieval score; not a probability or a new MASCO 2020 validation score.","True","True","Not established","ESCO skills inherited from one primary occupation. Essential/optional refers to ESCO, not a verified Malaysian requirement.","","https://www.dosm.gov.my/uploads/content-downloads/file_20220920110308.pdf#page=342","http://data.europa.eu/esco/occupation/9b889f07-c39c-464d-b9d9-b2daa650f9ac","M221201","221201","Ear, Nose and Throat Specialist","https://emasco.mohr.gov.my/masco/2212-01","2020","exact_normalized_title","high","342","https://www.dosm.gov.my/uploads/content-downloads/file_20220920110308.pdf#page=342","Current eMASCO D11 profile inherited for a MASCO 2020 identity; not 2020-specific task evidence; test only.","broader_proxy","medium","M221201","True","Original current-role title, not the remapped 2020 title; retained for comparison only."
"M221204","Anaesthetist","221204","2212","2212.1","specialised doctor","http://data.europa.eu/esco/occupation/9b889f07-c39c-464d-b9d9-b2daa650f9ac","broader_proxy","medium","Specialised medical doctor umbrella; ESCO does not distinguish this clinical specialty. Do not substitute allied-health occupations or treat umbrella skills as specialty-complete.","test_only_project_mapping_not_human_validated","False","2212-04","2212","","","","","no_unique_exact_esco_title_match","new_mapping","project_broader_proxy","curated_title_and_duty_decision","ReRouteHer project-derived; NOT an official MASCO-ESCO crosswalk","non_exact_title","0.266667","Inherited current-role retrieval score; not a probability or a new MASCO 2020 validation score.","True","True","Not established","ESCO skills inherited from one primary occupation. Essential/optional refers to ESCO, not a verified Malaysian requirement.","","https://www.dosm.gov.my/uploads/content-downloads/file_20220920110308.pdf#page=342","http://data.europa.eu/esco/occupation/9b889f07-c39c-464d-b9d9-b2daa650f9ac","M221202","221202","Anaesthetist","https://emasco.mohr.gov.my/masco/2212-02","2020","exact_normalized_title","high","342","https://www.dosm.gov.my/uploads/content-downloads/file_20220920110308.pdf#page=342","Current eMASCO D11 profile inherited for a MASCO 2020 identity; not 2020-specific task evidence; test only.","broader_proxy","medium","M221202","True","Original current-role title, not the remapped 2020 title; retained for comparison only."
"M221206","Medical Oncologist","221206","2212","2212.1","specialised doctor","http://data.europa.eu/esco/occupation/9b889f07-c39c-464d-b9d9-b2daa650f9ac","broader_proxy","medium","Specialised medical doctor umbrella; ESCO does not distinguish this clinical specialty. Do not substitute allied-health occupations or treat umbrella skills as specialty-complete.","test_only_project_mapping_not_human_validated","False","2212-06","2212","","","","","no_unique_exact_esco_title_match","new_mapping","project_broader_proxy","curated_title_and_duty_decision","ReRouteHer project-derived; NOT an official MASCO-ESCO crosswalk","non_exact_title","0.5","Inherited current-role retrieval score; not a probability or a new MASCO 2020 validation score.","True","True","Not established","ESCO skills inherited from one primary occupation. Essential/optional refers to ESCO, not a verified Malaysian requirement.","","https://www.dosm.gov.my/uploads/content-downloads/file_20220920110308.pdf#page=342","http://data.europa.eu/esco/occupation/9b889f07-c39c-464d-b9d9-b2daa650f9ac","M221203","221203","Medical Oncologist","https://emasco.mohr.gov.my/masco/2212-03","2020","exact_normalized_title","high","342","https://www.dosm.gov.my/uploads/content-downloads/file_20220920110308.pdf#page=342","Current eMASCO D11 profile inherited for a MASCO 2020 identity; not 2020-specific task evidence; test only.","broader_proxy","medium","M221203","True","Original current-role title, not the remapped 2020 title; retained for comparison only."
"M221208","Psychiatrist","221208","2212","2212.1","specialised doctor","http://data.europa.eu/esco/occupation/9b889f07-c39c-464d-b9d9-b2daa650f9ac","broader_proxy","medium","Specialised medical doctor umbrella; ESCO does not distinguish this clinical specialty. Do not substitute allied-health occupations or treat umbrella skills as specialty-complete.","test_only_project_mapping_not_human_validated","False","2212-08","2212","","","","","no_unique_exact_esco_title_match","new_mapping","project_broader_proxy","curated_title_and_duty_decision","ReRouteHer project-derived; NOT an official MASCO-ESCO crosswalk","non_exact_title","0.466667","Inherited current-role retrieval score; not a probability or a new MASCO 2020 validation score.","True","True","Not established","ESCO skills inherited from one primary occupation. Essential/optional refers to ESCO, not a verified Malaysian requirement.","","https://www.dosm.gov.my/uploads/content-downloads/file_20220920110308.pdf#page=342","http://data.europa.eu/esco/occupation/9b889f07-c39c-464d-b9d9-b2daa650f9ac","M221204","221204","Psychiatrist","https://emasco.mohr.gov.my/masco/2212-04","2020","exact_normalized_title","high","342","https://www.dosm.gov.my/uploads/content-downloads/file_20220920110308.pdf#page=342","Current eMASCO D11 profile inherited for a MASCO 2020 identity; not 2020-specific task evidence; test only.","broader_proxy","medium","M221204","True","Original current-role title, not the remapped 2020 title; retained for comparison only."
"M221209","Ophthalmologist","221209","2212","2212.1","specialised doctor","http://data.europa.eu/esco/occupation/9b889f07-c39c-464d-b9d9-b2daa650f9ac","broader_proxy","medium","Specialised medical doctor umbrella; ESCO does not distinguish this clinical specialty. Do not substitute allied-health occupations or treat umbrella skills as specialty-complete.","test_only_project_mapping_not_human_validated","False","2212-09","2212","","","","","no_unique_exact_esco_title_match","new_mapping","project_broader_proxy","curated_title_and_duty_decision","ReRouteHer project-derived; NOT an official MASCO-ESCO crosswalk","non_exact_title","0.428571","Inherited current-role retrieval score; not a probability or a new MASCO 2020 validation score.","True","True","Not established","ESCO skills inherited from one primary occupation. Essential/optional refers to ESCO, not a verified Malaysian requirement.","","https://www.dosm.gov.my/uploads/content-downloads/file_20220920110308.pdf#page=342","http://data.europa.eu/esco/occupation/9b889f07-c39c-464d-b9d9-b2daa650f9ac","M221205","221205","Ophthalmologist","https://emasco.mohr.gov.my/masco/2212-05","2020","exact_normalized_title","high","342","https://www.dosm.gov.my/uploads/content-downloads/file_20220920110308.pdf#page=342","Current eMASCO D11 profile inherited for a MASCO 2020 identity; not 2020-specific task evidence; test only.","broader_proxy","medium","M221205","True","Original current-role title, not the remapped 2020 title; retained for comparison only."
"M221210","Cardiologist","221210","2212","2212.1","specialised doctor","http://data.europa.eu/esco/occupation/9b889f07-c39c-464d-b9d9-b2daa650f9ac","broader_proxy","medium","Specialised medical doctor umbrella; ESCO does not distinguish this clinical specialty. Do not substitute allied-health occupations or treat umbrella skills as specialty-complete.","test_only_project_mapping_not_human_validated","False","2212-10","2212","","","","","no_unique_exact_esco_title_match","new_mapping","project_broader_proxy","curated_title_and_duty_decision","ReRouteHer project-derived; NOT an official MASCO-ESCO crosswalk","non_exact_title","0.4","Inherited current-role retrieval score; not a probability or a new MASCO 2020 validation score.","True","True","Not established","ESCO skills inherited from one primary occupation. Essential/optional refers to ESCO, not a verified Malaysian requirement.","","https://www.dosm.gov.my/uploads/content-downloads/file_20220920110308.pdf#page=342","http://data.europa.eu/esco/occupation/9b889f07-c39c-464d-b9d9-b2daa650f9ac","M221206","221206","Cardiologist","https://emasco.mohr.gov.my/masco/2212-06","2020","exact_normalized_title","high","342","https://www.dosm.gov.my/uploads/content-downloads/file_20220920110308.pdf#page=342","Current eMASCO D11 profile inherited for a MASCO 2020 identity; not 2020-specific task evidence; test only.","broader_proxy","medium","M221206","True","Original current-role title, not the remapped 2020 title; retained for comparison only."
"M221211","Neurologist","221211","2212","2212.1","specialised doctor","http://data.europa.eu/esco/occupation/9b889f07-c39c-464d-b9d9-b2daa650f9ac","broader_proxy","medium","Specialised medical doctor umbrella; ESCO does not distinguish this clinical specialty. Do not substitute allied-health occupations or treat umbrella skills as specialty-complete.","test_only_project_mapping_not_human_validated","False","2212-11","2212","","","","","no_unique_exact_esco_title_match","new_mapping","project_broader_proxy","curated_title_and_duty_decision","ReRouteHer project-derived; NOT an official MASCO-ESCO crosswalk","non_exact_title","0.344828","Inherited current-role retrieval score; not a probability or a new MASCO 2020 validation score.","True","True","Not established","ESCO skills inherited from one primary occupation. Essential/optional refers to ESCO, not a verified Malaysian requirement.","","https://www.dosm.gov.my/uploads/content-downloads/file_20220920110308.pdf#page=342","http://data.europa.eu/esco/occupation/9b889f07-c39c-464d-b9d9-b2daa650f9ac","M221207","221207","Neurologist","https://emasco.mohr.gov.my/masco/2212-07","2020","exact_normalized_title","high","342","https://www.dosm.gov.my/uploads/content-downloads/file_20220920110308.pdf#page=342","Current eMASCO D11 profile inherited for a MASCO 2020 identity; not 2020-specific task evidence; test only.","broader_proxy","medium","M221207","True","Original current-role title, not the remapped 2020 title; retained for comparison only."
"M221213","Obstetrician and Gynaecologist","221213","2212","2212.1","specialised doctor","http://data.europa.eu/esco/occupation/9b889f07-c39c-464d-b9d9-b2daa650f9ac","broader_proxy","medium","Specialised medical doctor umbrella; ESCO does not distinguish this clinical specialty. Do not substitute allied-health occupations or treat umbrella skills as specialty-complete.","test_only_project_mapping_not_human_validated","False","2212-13","2212","","","","","no_unique_exact_esco_title_match","new_mapping","project_broader_proxy","curated_title_and_duty_decision","ReRouteHer project-derived; NOT an official MASCO-ESCO crosswalk","non_exact_title","0.385965","Inherited current-role retrieval score; not a probability or a new MASCO 2020 validation score.","True","True","Not established","ESCO skills inherited from one primary occupation. Essential/optional refers to ESCO, not a verified Malaysian requirement.","","https://www.dosm.gov.my/uploads/content-downloads/file_20220920110308.pdf#page=342","http://data.europa.eu/esco/occupation/9b889f07-c39c-464d-b9d9-b2daa650f9ac","M221208","221208","Obstetrician and Gynaecologist","https://emasco.mohr.gov.my/masco/2212-08","2020","exact_normalized_title","high","342","https://www.dosm.gov.my/uploads/content-downloads/file_20220920110308.pdf#page=342","Current eMASCO D11 profile inherited for a MASCO 2020 identity; not 2020-specific task evidence; test only.","broader_proxy","medium","M221208","True","Original current-role title, not the remapped 2020 title; retained for comparison only."
"M221217","Surgeon","221217","2212","2212.1","specialised doctor","http://data.europa.eu/esco/occupation/9b889f07-c39c-464d-b9d9-b2daa650f9ac","broader_proxy","medium","Specialised medical doctor umbrella; ESCO does not distinguish this clinical specialty. Do not substitute allied-health occupations or treat umbrella skills as specialty-complete.","test_only_project_mapping_not_human_validated","False","2212-17","2212","","","","","no_unique_exact_esco_title_match","new_mapping","project_broader_proxy","curated_title_and_duty_decision","ReRouteHer project-derived; NOT an official MASCO-ESCO crosswalk","non_exact_title","0.16","Inherited current-role retrieval score; not a probability or a new MASCO 2020 validation score.","True","True","Not established","ESCO skills inherited from one primary occupation. Essential/optional refers to ESCO, not a verified Malaysian requirement.","","https://www.dosm.gov.my/uploads/content-downloads/file_20220920110308.pdf#page=342","http://data.europa.eu/esco/occupation/9b889f07-c39c-464d-b9d9-b2daa650f9ac","M221209","221209","Surgeon","https://emasco.mohr.gov.my/masco/2212-09","2020","exact_normalized_title","high","342","https://www.dosm.gov.my/uploads/content-downloads/file_20220920110308.pdf#page=342","Current eMASCO D11 profile inherited for a MASCO 2020 identity; not 2020-specific task evidence; test only.","broader_proxy","medium","M221209","True","Original current-role title, not the remapped 2020 title; retained for comparison only."
"M221233","Dermatologist","221233","2212","2212.1","specialised doctor","http://data.europa.eu/esco/occupation/9b889f07-c39c-464d-b9d9-b2daa650f9ac","broader_proxy","medium","Specialised medical doctor umbrella; ESCO does not distinguish this clinical specialty. Do not substitute allied-health occupations or treat umbrella skills as specialty-complete.","test_only_project_mapping_not_human_validated","False","2212-33","2212","","","","","no_unique_exact_esco_title_match","new_mapping","project_broader_proxy","curated_title_and_duty_decision","ReRouteHer project-derived; NOT an official MASCO-ESCO crosswalk","non_exact_title","0.25641","Inherited current-role retrieval score; not a probability or a new MASCO 2020 validation score.","True","True","Not established","ESCO skills inherited from one primary occupation. Essential/optional refers to ESCO, not a verified Malaysian requirement.","","https://www.dosm.gov.my/uploads/content-downloads/file_20220920110308.pdf#page=343","http://data.europa.eu/esco/occupation/9b889f07-c39c-464d-b9d9-b2daa650f9ac","M221210","221210","Dermatologist","https://emasco.mohr.gov.my/masco/2212-10","2020","exact_normalized_title","high","343","https://www.dosm.gov.my/uploads/content-downloads/file_20220920110308.pdf#page=343","Current eMASCO D11 profile inherited for a MASCO 2020 identity; not 2020-specific task evidence; test only.","broader_proxy","medium","M221210","True","Original current-role title, not the remapped 2020 title; retained for comparison only."
"M221234","Orthopaedist","221234","2212","2212.1","specialised doctor","http://data.europa.eu/esco/occupation/9b889f07-c39c-464d-b9d9-b2daa650f9ac","broader_proxy","medium","Specialised medical doctor umbrella; ESCO does not distinguish this clinical specialty. Do not substitute allied-health occupations or treat umbrella skills as specialty-complete.","test_only_project_mapping_not_human_validated","False","2212-34","2212","","","","","no_unique_exact_esco_title_match","new_mapping","project_broader_proxy","curated_title_and_duty_decision","ReRouteHer project-derived; NOT an official MASCO-ESCO crosswalk","non_exact_title","0.315789","Inherited current-role retrieval score; not a probability or a new MASCO 2020 validation score.","True","True","Not established","ESCO skills inherited from one primary occupation. Essential/optional refers to ESCO, not a verified Malaysian requirement.","","https://www.dosm.gov.my/uploads/content-downloads/file_20220920110308.pdf#page=343","http://data.europa.eu/esco/occupation/9b889f07-c39c-464d-b9d9-b2daa650f9ac","M221211","221211","Orthopaedist","https://emasco.mohr.gov.my/masco/2212-11","2020","exact_normalized_title","high","343","https://www.dosm.gov.my/uploads/content-downloads/file_20220920110308.pdf#page=343","Current eMASCO D11 profile inherited for a MASCO 2020 identity; not 2020-specific task evidence; test only.","broader_proxy","medium","M221211","True","Original current-role title, not the remapped 2020 title; retained for comparison only."
"M221236","Paediatrician","221236","2212","2212.1","specialised doctor","http://data.europa.eu/esco/occupation/9b889f07-c39c-464d-b9d9-b2daa650f9ac","broader_proxy","medium","Specialised medical doctor umbrella; ESCO does not distinguish this clinical specialty. Do not substitute allied-health occupations or treat umbrella skills as specialty-complete.","test_only_project_mapping_not_human_validated","False","2212-36","2212","","","","","no_unique_exact_esco_title_match","new_mapping","project_broader_proxy","curated_title_and_duty_decision","ReRouteHer project-derived; NOT an official MASCO-ESCO crosswalk","non_exact_title","0.410256","Inherited current-role retrieval score; not a probability or a new MASCO 2020 validation score.","True","True","Not established","ESCO skills inherited from one primary occupation. Essential/optional refers to ESCO, not a verified Malaysian requirement.","","https://www.dosm.gov.my/uploads/content-downloads/file_20220920110308.pdf#page=343","http://data.europa.eu/esco/occupation/9b889f07-c39c-464d-b9d9-b2daa650f9ac","M221212","221212","Paediatrician","https://emasco.mohr.gov.my/masco/2212-12","2020","exact_normalized_title","high","343","https://www.dosm.gov.my/uploads/content-downloads/file_20220920110308.pdf#page=343","Current eMASCO D11 profile inherited for a MASCO 2020 identity; not 2020-specific task evidence; test only.","broader_proxy","medium","M221212","True","Original current-role title, not the remapped 2020 title; retained for comparison only."
"M221244","Physician","221244","2212","2212.1","specialised doctor","http://data.europa.eu/esco/occupation/9b889f07-c39c-464d-b9d9-b2daa650f9ac","broader_proxy","medium","Specialised medical doctor umbrella; ESCO does not distinguish this clinical specialty. Do not substitute allied-health occupations or treat umbrella skills as specialty-complete.","test_only_project_mapping_not_human_validated","False","2212-44","2212","","","","","no_unique_exact_esco_title_match","new_mapping","project_broader_proxy","curated_title_and_duty_decision","ReRouteHer project-derived; NOT an official MASCO-ESCO crosswalk","non_exact_title","0.296296","Inherited current-role retrieval score; not a probability or a new MASCO 2020 validation score.","True","True","Not established","ESCO skills inherited from one primary occupation. Essential/optional refers to ESCO, not a verified Malaysian requirement.","","https://www.dosm.gov.my/uploads/content-downloads/file_20220920110308.pdf#page=343","http://data.europa.eu/esco/occupation/9b889f07-c39c-464d-b9d9-b2daa650f9ac","M221213","221213","Physician","https://emasco.mohr.gov.my/masco/2212-13","2020","exact_normalized_title","high","343","https://www.dosm.gov.my/uploads/content-downloads/file_20220920110308.pdf#page=343","Current eMASCO D11 profile inherited for a MASCO 2020 identity; not 2020-specific task evidence; test only.","broader_proxy","medium","M221213","True","Original current-role title, not the remapped 2020 title; retained for comparison only."
"M221257","Radiologist","221257","2212","2212.1","specialised doctor","http://data.europa.eu/esco/occupation/9b889f07-c39c-464d-b9d9-b2daa650f9ac","broader_proxy","medium","Specialised medical doctor umbrella; ESCO does not distinguish this clinical specialty. Do not substitute allied-health occupations or treat umbrella skills as specialty-complete.","test_only_project_mapping_not_human_validated","False","2212-57","2212","","","","","no_unique_exact_esco_title_match","new_mapping","project_broader_proxy","curated_title_and_duty_decision","ReRouteHer project-derived; NOT an official MASCO-ESCO crosswalk","non_exact_title","0.344828","Inherited current-role retrieval score; not a probability or a new MASCO 2020 validation score.","True","True","Not established","ESCO skills inherited from one primary occupation. Essential/optional refers to ESCO, not a verified Malaysian requirement.","","https://www.dosm.gov.my/uploads/content-downloads/file_20220920110308.pdf#page=343","http://data.europa.eu/esco/occupation/9b889f07-c39c-464d-b9d9-b2daa650f9ac","M221214","221214","Radiologist","https://emasco.mohr.gov.my/masco/2212-14","2020","exact_normalized_title","high","343","https://www.dosm.gov.my/uploads/content-downloads/file_20220920110308.pdf#page=343","Current eMASCO D11 profile inherited for a MASCO 2020 identity; not 2020-specific task evidence; test only.","broader_proxy","medium","M221214","True","Original current-role title, not the remapped 2020 title; retained for comparison only."
"M221262","Urologist","221262","2212","2212.1","specialised doctor","http://data.europa.eu/esco/occupation/9b889f07-c39c-464d-b9d9-b2daa650f9ac","broader_proxy","medium","Specialised medical doctor umbrella; ESCO does not distinguish this clinical specialty. Do not substitute allied-health occupations or treat umbrella skills as specialty-complete.","test_only_project_mapping_not_human_validated","False","2212-62","2212","","","","","no_unique_exact_esco_title_match","new_mapping","project_broader_proxy","curated_title_and_duty_decision","ReRouteHer project-derived; NOT an official MASCO-ESCO crosswalk","non_exact_title","0.296296","Inherited current-role retrieval score; not a probability or a new MASCO 2020 validation score.","True","True","Not established","ESCO skills inherited from one primary occupation. Essential/optional refers to ESCO, not a verified Malaysian requirement.","","https://www.dosm.gov.my/uploads/content-downloads/file_20220920110308.pdf#page=343","http://data.europa.eu/esco/occupation/9b889f07-c39c-464d-b9d9-b2daa650f9ac","M221215","221215","Urologist","https://emasco.mohr.gov.my/masco/2212-15","2020","exact_normalized_title","high","343","https://www.dosm.gov.my/uploads/content-downloads/file_20220920110308.pdf#page=343","Current eMASCO D11 profile inherited for a MASCO 2020 identity; not 2020-specific task evidence; test only.","broader_proxy","medium","M221215","True","Original current-role title, not the remapped 2020 title; retained for comparison only."
"M221263","Venereologist","221263","2212","2212.1","specialised doctor","http://data.europa.eu/esco/occupation/9b889f07-c39c-464d-b9d9-b2daa650f9ac","broader_proxy","medium","Specialised medical doctor umbrella; ESCO does not distinguish this clinical specialty. Do not substitute allied-health occupations or treat umbrella skills as specialty-complete.","test_only_project_mapping_not_human_validated","False","2212-63","2212","","","","","no_unique_exact_esco_title_match","new_mapping","project_broader_proxy","curated_title_and_duty_decision","ReRouteHer project-derived; NOT an official MASCO-ESCO crosswalk","non_exact_title","0.322581","Inherited current-role retrieval score; not a probability or a new MASCO 2020 validation score.","True","True","Not established","ESCO skills inherited from one primary occupation. Essential/optional refers to ESCO, not a verified Malaysian requirement.","","https://www.dosm.gov.my/uploads/content-downloads/file_20220920110308.pdf#page=343","http://data.europa.eu/esco/occupation/9b889f07-c39c-464d-b9d9-b2daa650f9ac","M221216","221216","Venereologist","https://emasco.mohr.gov.my/masco/2212-16","2020","exact_normalized_title","high","343","https://www.dosm.gov.my/uploads/content-downloads/file_20220920110308.pdf#page=343","Current eMASCO D11 profile inherited for a MASCO 2020 identity; not 2020-specific task evidence; test only.","broader_proxy","medium","M221216","True","Original current-role title, not the remapped 2020 title; retained for comparison only."
"M221266","Application Specialist (Hematology)","221266","2212","3114.1.5","medical device engineering technician","http://data.europa.eu/esco/occupation/30641348-f9f2-4fe5-ab8c-fe6ff9931a54","partial_proxy","low","Haematology-device installation, calibration and user support; applications training and clinical specialty need enrichment.","test_only_project_mapping_not_human_validated","False","2212-66","3114","","","","","no_unique_exact_esco_title_match","new_mapping","project_partial_proxy","curated_title_and_duty_decision","ReRouteHer project-derived; NOT an official MASCO-ESCO crosswalk","non_exact_title","0.40678","Inherited current-role retrieval score; not a probability or a new MASCO 2020 validation score.","False","True","Not established","ESCO skills inherited from one primary occupation. Essential/optional refers to ESCO, not a verified Malaysian requirement.","","https://www.dosm.gov.my/uploads/content-downloads/file_20220920110308.pdf#page=343","http://data.europa.eu/esco/occupation/30641348-f9f2-4fe5-ab8c-fe6ff9931a54","M243302","243302","Application Specialist (Haematology)","https://emasco.mohr.gov.my/masco/2433-02","2020","title_variant","high","343","https://www.dosm.gov.my/uploads/content-downloads/file_20220920110308.pdf#page=343","Current eMASCO D11 profile inherited for a MASCO 2020 identity; not 2020-specific task evidence; test only.","partial_proxy","low","M243302","False","Original current-role title, not the remapped 2020 title; retained for comparison only."
"M222101","Nurse Grade U41","222101","2221","2221.2","nurse responsible for general care","http://data.europa.eu/esco/occupation/8d3e8aaa-791b-4c75-a465-f3f827028f50","broader_proxy","medium","Nursing-care occupation; Malaysian registration/grade and practical-nurse scope must be checked locally.","test_only_project_mapping_not_human_validated","False","2221-01","2221","","","","","no_unique_exact_esco_title_match","new_mapping","project_broader_proxy","curated_title_and_duty_decision","ReRouteHer project-derived; NOT an official MASCO-ESCO crosswalk","non_exact_title","0.666667","Inherited current-role retrieval score; not a probability or a new MASCO 2020 validation score.","True","True","Not established","ESCO skills inherited from one primary occupation. Essential/optional refers to ESCO, not a verified Malaysian requirement.","","https://www.dosm.gov.my/uploads/content-downloads/file_20220920110308.pdf#page=343","http://data.europa.eu/esco/occupation/8d3e8aaa-791b-4c75-a465-f3f827028f50","M222104","222104","Nurse Grade U9","https://emasco.mohr.gov.my/masco/2221-04","2020","grade_reversion","high","343","https://www.dosm.gov.my/uploads/content-downloads/file_20220920110308.pdf#page=343","Current eMASCO D11 profile inherited for a MASCO 2020 identity; not 2020-specific task evidence; test only.","broader_proxy","medium","M222104","True","Original current-role title, not the remapped 2020 title; retained for comparison only."
"M222102","Professional Nurse","222102","2221","2221.2","nurse responsible for general care","http://data.europa.eu/esco/occupation/8d3e8aaa-791b-4c75-a465-f3f827028f50","broader_proxy","medium","Nursing-care occupation; Malaysian registration/grade and practical-nurse scope must be checked locally.","test_only_project_mapping_not_human_validated","False","2221-02","2221","","","","","no_unique_exact_esco_title_match","new_mapping","project_broader_proxy","curated_title_and_duty_decision","ReRouteHer project-derived; NOT an official MASCO-ESCO crosswalk","non_exact_title","0.5625","Inherited current-role retrieval score; not a probability or a new MASCO 2020 validation score.","True","True","Not established","ESCO skills inherited from one primary occupation. Essential/optional refers to ESCO, not a verified Malaysian requirement.","","https://www.dosm.gov.my/uploads/content-downloads/file_20220920110308.pdf#page=343","http://data.europa.eu/esco/occupation/8d3e8aaa-791b-4c75-a465-f3f827028f50","M222101","222101","Professional Nurse","https://emasco.mohr.gov.my/masco/2221-01","2020","exact_normalized_title","high","343","https://www.dosm.gov.my/uploads/content-downloads/file_20220920110308.pdf#page=343","Current eMASCO D11 profile inherited for a MASCO 2020 identity; not 2020-specific task evidence; test only.","broader_proxy","medium","M222101","True","Original current-role title, not the remapped 2020 title; retained for comparison only."
"M222109","Specialist Nurse","222109","2221","2221.3","specialist nurse","http://data.europa.eu/esco/occupation/18e14e61-495b-44cc-a7c6-df4c625934ba","close_match","high","Preferred occupation title matches after removing Malaysian grade/competency wrappers.","test_only_project_mapping_not_human_validated","False","2221-09","2221","","","","2221.3","unique_exact_preferred_title_same_isco_group","retained_mapping","project_close_match","unique_cleaned_preferred_label","ReRouteHer project-derived; NOT an official MASCO-ESCO crosswalk","exact_preferred_label","1","Inherited current-role retrieval score; not a probability or a new MASCO 2020 validation score.","True","True","Not established","ESCO skills inherited from one primary occupation. Essential/optional refers to ESCO, not a verified Malaysian requirement.","","https://www.dosm.gov.my/uploads/content-downloads/file_20220920110308.pdf#page=343","http://data.europa.eu/esco/occupation/18e14e61-495b-44cc-a7c6-df4c625934ba","M222102","222102","Specialist Nurse","https://emasco.mohr.gov.my/masco/2221-02","2020","exact_normalized_title","high","343","https://www.dosm.gov.my/uploads/content-downloads/file_20220920110308.pdf#page=343","Current eMASCO D11 profile inherited for a MASCO 2020 identity; not 2020-specific task evidence; test only.","close_match","high","M222102","True","Original current-role title, not the remapped 2020 title; retained for comparison only."
"M222110","Nurse Instructor","222110","2221","2310.1.28","nursing lecturer","http://data.europa.eu/esco/occupation/1bbaf82c-67ae-4beb-9a55-7298acf5b2af","broader_proxy","medium","Nursing instruction; teaching institution and clinical supervision scope may differ.","test_only_project_mapping_not_human_validated","False","2221-10","2310","","","","","no_unique_exact_esco_title_match","new_mapping","project_broader_proxy","curated_title_and_duty_decision","ReRouteHer project-derived; NOT an official MASCO-ESCO crosswalk","non_exact_title","0.882353","Inherited current-role retrieval score; not a probability or a new MASCO 2020 validation score.","False","True","Not established","ESCO skills inherited from one primary occupation. Essential/optional refers to ESCO, not a verified Malaysian requirement.","","https://www.dosm.gov.my/uploads/content-downloads/file_20220920110308.pdf#page=343","http://data.europa.eu/esco/occupation/1bbaf82c-67ae-4beb-9a55-7298acf5b2af","M222103","222103","Nurse Instructor","https://emasco.mohr.gov.my/masco/2221-03","2020","exact_normalized_title","high","343","https://www.dosm.gov.my/uploads/content-downloads/file_20220920110308.pdf#page=343","Current eMASCO D11 profile inherited for a MASCO 2020 identity; not 2020-specific task evidence; test only.","broader_proxy","medium","M222103","False","Original current-role title, not the remapped 2020 title; retained for comparison only."
"M222201","Professional Midwife","222201","2222","2222.1","midwife","http://data.europa.eu/esco/occupation/95cda6a9-a70a-4a93-9442-11d573cb4a02","close_match","medium","Midwifery.","test_only_project_mapping_not_human_validated","False","2222-01","2222","","","","","no_unique_exact_esco_title_match","new_mapping","project_close_match","curated_title_and_duty_decision","ReRouteHer project-derived; NOT an official MASCO-ESCO crosswalk","non_exact_title","0.578947","Inherited current-role retrieval score; not a probability or a new MASCO 2020 validation score.","True","True","Not established","ESCO skills inherited from one primary occupation. Essential/optional refers to ESCO, not a verified Malaysian requirement.","","https://www.dosm.gov.my/uploads/content-downloads/file_20220920110308.pdf#page=344","http://data.europa.eu/esco/occupation/95cda6a9-a70a-4a93-9442-11d573cb4a02","M222201","222201","Professional Midwife","https://emasco.mohr.gov.my/masco/2222-01","2020","exact_normalized_title","high","344","https://www.dosm.gov.my/uploads/content-downloads/file_20220920110308.pdf#page=344","Current eMASCO D11 profile inherited for a MASCO 2020 identity; not 2020-specific task evidence; test only.","close_match","medium","M222201","True","Original current-role title, not the remapped 2020 title; retained for comparison only."
"M224101","Paramedic","224101","2241","3258.2","paramedic in emergency responses","http://data.europa.eu/esco/occupation/0b5dfc02-b825-4445-811d-d39ed442657e","close_match","medium","Paramedic emergency clinical care.","test_only_project_mapping_not_human_validated","False","2241-01","3258","","","","","no_unique_exact_esco_title_match","new_mapping","project_close_match","curated_title_and_duty_decision","ReRouteHer project-derived; NOT an official MASCO-ESCO crosswalk","exact_alternate_label","1","Inherited current-role retrieval score; not a probability or a new MASCO 2020 validation score.","False","True","Not established","ESCO skills inherited from one primary occupation. Essential/optional refers to ESCO, not a verified Malaysian requirement.","","https://www.dosm.gov.my/uploads/content-downloads/file_20220920110308.pdf#page=344","http://data.europa.eu/esco/occupation/0b5dfc02-b825-4445-811d-d39ed442657e","M224101","224101","Paramedic","https://emasco.mohr.gov.my/masco/2241-01","2020","exact_normalized_title","high","344","https://www.dosm.gov.my/uploads/content-downloads/file_20220920110308.pdf#page=344","Current eMASCO D11 profile inherited for a MASCO 2020 identity; not 2020-specific task evidence; test only.","close_match","medium","M224101","False","Original current-role title, not the remapped 2020 title; retained for comparison only."
"M225101","Veterinary Officer Grade GV41","225101","2251","2250.7","official veterinarian","http://data.europa.eu/esco/occupation/4ce42c3c-8a46-40b6-9274-1f5cee3c5cba","partial_proxy","low","Public veterinary duties; local statutory scope and general clinical duties may differ.","test_only_project_mapping_not_human_validated","False","2251-01","2250","","","","","no_unique_exact_esco_title_match","new_mapping","project_partial_proxy","curated_title_and_duty_decision","ReRouteHer project-derived; NOT an official MASCO-ESCO crosswalk","non_exact_title","0.765957","Inherited current-role retrieval score; not a probability or a new MASCO 2020 validation score.","False","True","Not established","ESCO skills inherited from one primary occupation. Essential/optional refers to ESCO, not a verified Malaysian requirement.","","https://www.dosm.gov.my/uploads/content-downloads/file_20220920110308.pdf#page=344","http://data.europa.eu/esco/occupation/4ce42c3c-8a46-40b6-9274-1f5cee3c5cba","M225102","225102","Veterinary Officer Grade GV9","https://emasco.mohr.gov.my/masco/2251-02","2020","grade_reversion","high","344","https://www.dosm.gov.my/uploads/content-downloads/file_20220920110308.pdf#page=344","Current eMASCO D11 profile inherited for a MASCO 2020 identity; not 2020-specific task evidence; test only.","partial_proxy","low","M225102","False","Original current-role title, not the remapped 2020 title; retained for comparison only."
"M225102","Veterinarian","225102","2251","2250.6","general veterinarian","http://data.europa.eu/esco/occupation/eb6efbb9-9216-4e86-bc3b-de2223cd4667","close_match","medium","General veterinary clinical practice, not statutory official-veterinarian status.","test_only_project_mapping_not_human_validated","False","2251-02","2250","","","","","no_unique_exact_esco_title_match","new_mapping","project_close_match","curated_title_and_duty_decision","ReRouteHer project-derived; NOT an official MASCO-ESCO crosswalk","non_exact_title","0.774194","Inherited current-role retrieval score; not a probability or a new MASCO 2020 validation score.","False","True","Not established","ESCO skills inherited from one primary occupation. Essential/optional refers to ESCO, not a verified Malaysian requirement.","","https://www.dosm.gov.my/uploads/content-downloads/file_20220920110308.pdf#page=344","http://data.europa.eu/esco/occupation/eb6efbb9-9216-4e86-bc3b-de2223cd4667","M225101","225101","Veterinarian","https://emasco.mohr.gov.my/masco/2251-01","2020","exact_normalized_title","high","344","https://www.dosm.gov.my/uploads/content-downloads/file_20220920110308.pdf#page=344","Current eMASCO D11 profile inherited for a MASCO 2020 identity; not 2020-specific task evidence; test only.","close_match","medium","M225101","False","Original current-role title, not the remapped 2020 title; retained for comparison only."
"M226101","Dental Officer Grade UG41","226101","2261","2261.1","dental practitioner","http://data.europa.eu/esco/occupation/e52b5707-7097-4dbc-ac61-054e917da241","partial_proxy","low","Title/duty comparison supports this primary proxy, but occupational breadth, specialisation or seniority may differ. See both source profiles in the evidence table.","test_only_project_mapping_not_human_validated","False","2261-01","2261","","","","","no_unique_exact_esco_title_match","new_mapping","project_partial_proxy","reviewed_existing_or_retrieved_candidate","ReRouteHer project-derived; NOT an official MASCO-ESCO crosswalk","non_exact_title","0.606061","Inherited current-role retrieval score; not a probability or a new MASCO 2020 validation score.","True","True","Not established","ESCO skills inherited from one primary occupation. Essential/optional refers to ESCO, not a verified Malaysian requirement.","","https://www.dosm.gov.my/uploads/content-downloads/file_20220920110308.pdf#page=344","http://data.europa.eu/esco/occupation/e52b5707-7097-4dbc-ac61-054e917da241","M226102","226102","Dental Officer Grade UG9","https://emasco.mohr.gov.my/masco/2261-02","2020","grade_reversion","high","344","https://www.dosm.gov.my/uploads/content-downloads/file_20220920110308.pdf#page=344","Current eMASCO D11 profile inherited for a MASCO 2020 identity; not 2020-specific task evidence; test only.","partial_proxy","low","M226102","True","Original current-role title, not the remapped 2020 title; retained for comparison only."
"M226102","Dentist","226102","2261","2261.1","dental practitioner","http://data.europa.eu/esco/occupation/e52b5707-7097-4dbc-ac61-054e917da241","close_match","medium","ESCO alternate title matches the cleaned MASCO title; national qualifications and full task scope are not assumed equivalent.","test_only_project_mapping_not_human_validated","False","2261-02","2261","","","","2261.1","unique_exact_alternate_title_same_isco_group","retained_mapping","project_close_match","reviewed_existing_or_retrieved_candidate","ReRouteHer project-derived; NOT an official MASCO-ESCO crosswalk","exact_alternate_label","1","Inherited current-role retrieval score; not a probability or a new MASCO 2020 validation score.","True","True","Not established","ESCO skills inherited from one primary occupation. Essential/optional refers to ESCO, not a verified Malaysian requirement.","","https://www.dosm.gov.my/uploads/content-downloads/file_20220920110308.pdf#page=344","http://data.europa.eu/esco/occupation/e52b5707-7097-4dbc-ac61-054e917da241","M226101","226101","Dentist","https://emasco.mohr.gov.my/masco/2261-01","2020","exact_normalized_title","high","344","https://www.dosm.gov.my/uploads/content-downloads/file_20220920110308.pdf#page=344","Current eMASCO D11 profile inherited for a MASCO 2020 identity; not 2020-specific task evidence; test only.","close_match","medium","M226101","True","Original current-role title, not the remapped 2020 title; retained for comparison only."
"M226201","Pharmacist Grade UF41","226201","2262","2262.1","pharmacist","http://data.europa.eu/esco/occupation/7c132147-428b-4ea3-87e1-70f7abb691ce","close_match","high","Preferred occupation title matches after removing Malaysian grade/competency wrappers.","test_only_project_mapping_not_human_validated","False","2262-01","2262","","","","","no_unique_exact_esco_title_match","new_mapping","project_close_match","unique_cleaned_preferred_label","ReRouteHer project-derived; NOT an official MASCO-ESCO crosswalk","exact_preferred_label","1","Inherited current-role retrieval score; not a probability or a new MASCO 2020 validation score.","True","True","Not established","ESCO skills inherited from one primary occupation. Essential/optional refers to ESCO, not a verified Malaysian requirement.","","https://www.dosm.gov.my/uploads/content-downloads/file_20220920110308.pdf#page=344","http://data.europa.eu/esco/occupation/7c132147-428b-4ea3-87e1-70f7abb691ce","M226202","226202","Pharmacist Grade UF9","https://emasco.mohr.gov.my/masco/2262-02","2020","grade_reversion","high","344","https://www.dosm.gov.my/uploads/content-downloads/file_20220920110308.pdf#page=344","Current eMASCO D11 profile inherited for a MASCO 2020 identity; not 2020-specific task evidence; test only.","close_match","high","M226202","True","Original current-role title, not the remapped 2020 title; retained for comparison only."
"M226202","Pharmacist","226202","2262","2262.1","pharmacist","http://data.europa.eu/esco/occupation/7c132147-428b-4ea3-87e1-70f7abb691ce","close_match","high","Preferred occupation title matches after removing Malaysian grade/competency wrappers.","test_only_project_mapping_not_human_validated","False","2262-02","2262","","","","2262.1","unique_exact_preferred_title_same_isco_group","retained_mapping","project_close_match","unique_cleaned_preferred_label","ReRouteHer project-derived; NOT an official MASCO-ESCO crosswalk","exact_preferred_label","1","Inherited current-role retrieval score; not a probability or a new MASCO 2020 validation score.","True","True","Not established","ESCO skills inherited from one primary occupation. Essential/optional refers to ESCO, not a verified Malaysian requirement.","","https://www.dosm.gov.my/uploads/content-downloads/file_20220920110308.pdf#page=345","http://data.europa.eu/esco/occupation/7c132147-428b-4ea3-87e1-70f7abb691ce","M226201","226201","Pharmacist","https://emasco.mohr.gov.my/masco/2262-01","2020","exact_normalized_title","high","345","https://www.dosm.gov.my/uploads/content-downloads/file_20220920110308.pdf#page=345","Current eMASCO D11 profile inherited for a MASCO 2020 identity; not 2020-specific task evidence; test only.","close_match","high","M226201","True","Original current-role title, not the remapped 2020 title; retained for comparison only."
"M226207","Pharmacist Grade UF44","226207","2262","2262.1","pharmacist","http://data.europa.eu/esco/occupation/7c132147-428b-4ea3-87e1-70f7abb691ce","close_match","high","Preferred occupation title matches after removing Malaysian grade/competency wrappers.","test_only_project_mapping_not_human_validated","False","2262-07","2262","","","","","no_unique_exact_esco_title_match","new_mapping","project_close_match","unique_cleaned_preferred_label","ReRouteHer project-derived; NOT an official MASCO-ESCO crosswalk","exact_preferred_label","1","Inherited current-role retrieval score; not a probability or a new MASCO 2020 validation score.","True","True","Not established","ESCO skills inherited from one primary occupation. Essential/optional refers to ESCO, not a verified Malaysian requirement.","","https://www.dosm.gov.my/uploads/content-downloads/file_20220920110308.pdf#page=345","http://data.europa.eu/esco/occupation/7c132147-428b-4ea3-87e1-70f7abb691ce","M226203","226203","Pharmacist Grade UF10","https://emasco.mohr.gov.my/masco/2262-03","2020","grade_reversion","high","345","https://www.dosm.gov.my/uploads/content-downloads/file_20220920110308.pdf#page=345","Current eMASCO D11 profile inherited for a MASCO 2020 identity; not 2020-specific task evidence; test only.","close_match","high","M226203","True","Original current-role title, not the remapped 2020 title; retained for comparison only."
"M226301","Environmental Health Officer Grade U41","226301","2263","3257.1","environmental health inspector","http://data.europa.eu/esco/occupation/a092cb70-f3e3-4224-98a3-b97c0114de77","close_match","medium","Environmental health inspection.","test_only_project_mapping_not_human_validated","False","2263-01","3257","","","","","no_unique_exact_esco_title_match","new_mapping","project_close_match","curated_title_and_duty_decision","ReRouteHer project-derived; NOT an official MASCO-ESCO crosswalk","non_exact_title","0.793103","Inherited current-role retrieval score; not a probability or a new MASCO 2020 validation score.","False","True","Not established","ESCO skills inherited from one primary occupation. Essential/optional refers to ESCO, not a verified Malaysian requirement.","","https://www.dosm.gov.my/uploads/content-downloads/file_20220920110308.pdf#page=345","http://data.europa.eu/esco/occupation/a092cb70-f3e3-4224-98a3-b97c0114de77","M226312","226312","Environmental Health Officer Grade U9","https://emasco.mohr.gov.my/masco/2263-12","2020","grade_reversion","high","345","https://www.dosm.gov.my/uploads/content-downloads/file_20220920110308.pdf#page=345","Current eMASCO D11 profile inherited for a MASCO 2020 identity; not 2020-specific task evidence; test only.","close_match","medium","M226312","False","Original current-role title, not the remapped 2020 title; retained for comparison only."
"M226320","Occupational Safety and Health Adviser","226320","2263","2263.3","health and safety officer","http://data.europa.eu/esco/occupation/789517fb-95ee-43d1-9530-c2860be1a439","close_match","medium","Workplace health and safety advice.","test_only_project_mapping_not_human_validated","False","2263-20","2263","","","","","no_unique_exact_esco_title_match","new_mapping","project_close_match","curated_title_and_duty_decision","ReRouteHer project-derived; NOT an official MASCO-ESCO crosswalk","non_exact_title","0.707692","Inherited current-role retrieval score; not a probability or a new MASCO 2020 validation score.","True","True","Not established","ESCO skills inherited from one primary occupation. Essential/optional refers to ESCO, not a verified Malaysian requirement.","","https://www.dosm.gov.my/uploads/content-downloads/file_20220920110308.pdf#page=345","http://data.europa.eu/esco/occupation/789517fb-95ee-43d1-9530-c2860be1a439","M226301","226301","Occupational Safety and Health Adviser","https://emasco.mohr.gov.my/masco/2263-01","2020","exact_normalized_title","high","345","https://www.dosm.gov.my/uploads/content-downloads/file_20220920110308.pdf#page=345","Current eMASCO D11 profile inherited for a MASCO 2020 identity; not 2020-specific task evidence; test only.","close_match","medium","M226301","True","Original current-role title, not the remapped 2020 title; retained for comparison only."
"M226324","Authorised Gas Tester","226324","2263","3257.5","occupational health and safety inspector","http://data.europa.eu/esco/occupation/673f3266-ab1a-447d-9b28-fc5838dc07e3","inherited_test_proxy","low","Inherited current-role ESCO assignment, not independently revalidated for this MASCO 2020 identity. Authorised Gas Tester is the named 2020 occupation; confined-space entry supervision is described in the current combined scope and retained as a limitation. Original rationale: Atmospheric hazard checks and confined-space safety; authorised gas-testing/entry-supervisor competence is not fully represented.","test_only_project_mapping_not_human_validated","False","2263-24","3257","","","","","no_unique_exact_esco_title_match","new_mapping","project_partial_proxy","curated_title_and_duty_decision","ReRouteHer project-derived; NOT an official MASCO-ESCO crosswalk","non_exact_title","0.492754","Inherited current-role retrieval score; not a probability or a new MASCO 2020 validation score.","False","True","Not established","ESCO skills inherited from one primary occupation. Essential/optional refers to ESCO, not a verified Malaysian requirement.","","https://www.dosm.gov.my/uploads/content-downloads/file_20220920110308.pdf#page=345","http://data.europa.eu/esco/occupation/673f3266-ab1a-447d-9b28-fc5838dc07e3","M226311","226311","Authorised Gas Tester and Entry Supervisor","https://emasco.mohr.gov.my/masco/2263-11","2020","reviewed_functional_equivalent","medium","345","https://www.dosm.gov.my/uploads/content-downloads/file_20220920110308.pdf#page=345","Current eMASCO D11 profile inherited for a MASCO 2020 identity; not 2020-specific task evidence; test only.","partial_proxy","low","M226311","False","Original current-role title, not the remapped 2020 title; retained for comparison only."
"M226325","Indoor Air Quality (IAQ) Assessor","226325","2263","3257.5","occupational health and safety inspector","http://data.europa.eu/esco/occupation/673f3266-ab1a-447d-9b28-fc5838dc07e3","inherited_test_proxy","low","Inherited current-role ESCO assignment, not independently revalidated for this MASCO 2020 identity. Current assessor description explicitly covers indoor-air-quality and chemical exposure assessment; both appear as named 2020 occupations. Original rationale: Workplace chemical/exposure and hygiene assessment; not energy assessment. Malaysian competency requirements remain local.","test_only_project_mapping_not_human_validated","False","2263-25","3257","","","","","no_unique_exact_esco_title_match","new_mapping","project_broader_proxy","curated_title_and_duty_decision","ReRouteHer project-derived; NOT an official MASCO-ESCO crosswalk","non_exact_title","0.47619","Inherited current-role retrieval score; not a probability or a new MASCO 2020 validation score.","False","True","Not established","ESCO skills inherited from one primary occupation. Essential/optional refers to ESCO, not a verified Malaysian requirement.","","https://www.dosm.gov.my/uploads/content-downloads/file_20220920110308.pdf#page=345","http://data.europa.eu/esco/occupation/673f3266-ab1a-447d-9b28-fc5838dc07e3","M226302","226302","Competent Person (CP) - Assessor","https://emasco.mohr.gov.my/masco/2263-02","2020","combined_title_split","medium","345","https://www.dosm.gov.my/uploads/content-downloads/file_20220920110308.pdf#page=345","Current eMASCO D11 profile inherited for a MASCO 2020 identity; not 2020-specific task evidence; test only.","broader_proxy","medium","M226302","False","Original current-role title, not the remapped 2020 title; retained for comparison only."
"M226327","Chemical Assessor","226327","2263","3257.5","occupational health and safety inspector","http://data.europa.eu/esco/occupation/673f3266-ab1a-447d-9b28-fc5838dc07e3","inherited_test_proxy","low","Inherited current-role ESCO assignment, not independently revalidated for this MASCO 2020 identity. Current assessor description explicitly covers indoor-air-quality and chemical exposure assessment; both appear as named 2020 occupations. Original rationale: Workplace chemical/exposure and hygiene assessment; not energy assessment. Malaysian competency requirements remain local.","test_only_project_mapping_not_human_validated","False","2263-27","3257","","","","","no_unique_exact_esco_title_match","new_mapping","project_broader_proxy","curated_title_and_duty_decision","ReRouteHer project-derived; NOT an official MASCO-ESCO crosswalk","non_exact_title","0.47619","Inherited current-role retrieval score; not a probability or a new MASCO 2020 validation score.","False","True","Not established","ESCO skills inherited from one primary occupation. Essential/optional refers to ESCO, not a verified Malaysian requirement.","","https://www.dosm.gov.my/uploads/content-downloads/file_20220920110308.pdf#page=345","http://data.europa.eu/esco/occupation/673f3266-ab1a-447d-9b28-fc5838dc07e3","M226302","226302","Competent Person (CP) - Assessor","https://emasco.mohr.gov.my/masco/2263-02","2020","combined_title_split","medium","345","https://www.dosm.gov.my/uploads/content-downloads/file_20220920110308.pdf#page=345","Current eMASCO D11 profile inherited for a MASCO 2020 identity; not 2020-specific task evidence; test only.","broader_proxy","medium","M226302","False","Original current-role title, not the remapped 2020 title; retained for comparison only."
"M226328","Waste Management Competence Person","226328","2263","1321.2.5","waste management officer","http://data.europa.eu/esco/occupation/9a20c93e-a345-4a46-a406-9ffbf11daeef","broader_proxy","medium","Waste management; competency certification is not an ESCO equivalence.","test_only_project_mapping_not_human_validated","False","2263-28","1321","","","","","no_unique_exact_esco_title_match","new_mapping","project_broader_proxy","curated_title_and_duty_decision","ReRouteHer project-derived; NOT an official MASCO-ESCO crosswalk","non_exact_title","0.8","Inherited current-role retrieval score; not a probability or a new MASCO 2020 validation score.","False","True","Not established","ESCO skills inherited from one primary occupation. Essential/optional refers to ESCO, not a verified Malaysian requirement.","","https://www.dosm.gov.my/uploads/content-downloads/file_20220920110308.pdf#page=345","http://data.europa.eu/esco/occupation/9a20c93e-a345-4a46-a406-9ffbf11daeef","M226303","226303","Competent Person (CP) - Waste Management","https://emasco.mohr.gov.my/masco/2263-03","2020","title_variant","high","345","https://www.dosm.gov.my/uploads/content-downloads/file_20220920110308.pdf#page=345","Current eMASCO D11 profile inherited for a MASCO 2020 identity; not 2020-specific task evidence; test only.","broader_proxy","medium","M226303","False","Original current-role title, not the remapped 2020 title; retained for comparison only."
"M226329","Building Auditor","226329","2263","3112.1.2","building inspector","http://data.europa.eu/esco/occupation/f0e479d9-7afd-40b1-b60f-b68c400c15fb","broader_proxy","medium","Building inspection/audit; certification and audit scope need local review.","test_only_project_mapping_not_human_validated","False","2263-29","3112","","","","","no_unique_exact_esco_title_match","new_mapping","project_broader_proxy","curated_title_and_duty_decision","ReRouteHer project-derived; NOT an official MASCO-ESCO crosswalk","non_exact_title","0.764706","Inherited current-role retrieval score; not a probability or a new MASCO 2020 validation score.","False","True","Not established","ESCO skills inherited from one primary occupation. Essential/optional refers to ESCO, not a verified Malaysian requirement.","","https://www.dosm.gov.my/uploads/content-downloads/file_20220920110308.pdf#page=345","http://data.europa.eu/esco/occupation/f0e479d9-7afd-40b1-b60f-b68c400c15fb","M226304","226304","Building Auditor","https://emasco.mohr.gov.my/masco/2263-04","2020","exact_normalized_title","high","345","https://www.dosm.gov.my/uploads/content-downloads/file_20220920110308.pdf#page=345","Current eMASCO D11 profile inherited for a MASCO 2020 identity; not 2020-specific task evidence; test only.","broader_proxy","medium","M226304","False","Original current-role title, not the remapped 2020 title; retained for comparison only."
"M226331","Halal Executive","226331","2263","2263.2","food safety specialist","http://data.europa.eu/esco/occupation/00ab5610-e715-428f-99f6-b1e5e469dbcd","partial_proxy","low","Food-safety and assurance proxy; halal religious, supply-chain and certification requirements are NOT represented by food-safety skills alone.","test_only_project_mapping_not_human_validated","False","2263-31","2263","","","","","no_unique_exact_esco_title_match","new_mapping","project_partial_proxy","curated_title_and_duty_decision","ReRouteHer project-derived; NOT an official MASCO-ESCO crosswalk","non_exact_title","0.307692","Inherited current-role retrieval score; not a probability or a new MASCO 2020 validation score.","True","True","Not established","ESCO skills inherited from one primary occupation. Essential/optional refers to ESCO, not a verified Malaysian requirement.","","https://www.dosm.gov.my/uploads/content-downloads/file_20220920110308.pdf#page=345","http://data.europa.eu/esco/occupation/00ab5610-e715-428f-99f6-b1e5e469dbcd","M226305","226305","Halal Executive","https://emasco.mohr.gov.my/masco/2263-05","2020","exact_normalized_title","high","345","https://www.dosm.gov.my/uploads/content-downloads/file_20220920110308.pdf#page=345","Current eMASCO D11 profile inherited for a MASCO 2020 identity; not 2020-specific task evidence; test only.","partial_proxy","low","M226305","True","Original current-role title, not the remapped 2020 title; retained for comparison only."
"M226337","Food and Drinks Technologist","226337","2263","2145.1.4","food technologist","http://data.europa.eu/esco/occupation/4b709f9e-6112-4d58-81b0-2d6e6a69d61b","partial_proxy","low","Title/duty comparison supports this primary proxy, but occupational breadth, specialisation or seniority may differ. See both source profiles in the evidence table.","test_only_project_mapping_not_human_validated","False","2263-37","2145","","","","","no_unique_exact_esco_title_match","new_mapping","project_partial_proxy","reviewed_existing_or_retrieved_candidate","ReRouteHer project-derived; NOT an official MASCO-ESCO crosswalk","non_exact_title","0.755556","Inherited current-role retrieval score; not a probability or a new MASCO 2020 validation score.","False","True","Not established","ESCO skills inherited from one primary occupation. Essential/optional refers to ESCO, not a verified Malaysian requirement.","","https://www.dosm.gov.my/uploads/content-downloads/file_20220920110308.pdf#page=345","http://data.europa.eu/esco/occupation/4b709f9e-6112-4d58-81b0-2d6e6a69d61b","M226306","226306","Food and Drinks Technologist","https://emasco.mohr.gov.my/masco/2263-06","2020","exact_normalized_title","high","345","https://www.dosm.gov.my/uploads/content-downloads/file_20220920110308.pdf#page=345","Current eMASCO D11 profile inherited for a MASCO 2020 identity; not 2020-specific task evidence; test only.","partial_proxy","low","M226306","False","Original current-role title, not the remapped 2020 title; retained for comparison only."
"M226341","Landfill Engineer","226341","2263","2143.1.4","waste treatment engineer","http://data.europa.eu/esco/occupation/ab4dd4f9-ee6c-41cc-8b72-42ad0b13d1e2","broader_proxy","medium","Waste-treatment engineering; landfill specialization requires enrichment.","test_only_project_mapping_not_human_validated","False","2263-41","2143","","","","","no_unique_exact_esco_title_match","new_mapping","project_broader_proxy","curated_title_and_duty_decision","ReRouteHer project-derived; NOT an official MASCO-ESCO crosswalk","non_exact_title","0.536585","Inherited current-role retrieval score; not a probability or a new MASCO 2020 validation score.","False","True","Not established","ESCO skills inherited from one primary occupation. Essential/optional refers to ESCO, not a verified Malaysian requirement.","","https://www.dosm.gov.my/uploads/content-downloads/file_20220920110308.pdf#page=345","http://data.europa.eu/esco/occupation/ab4dd4f9-ee6c-41cc-8b72-42ad0b13d1e2","M226307","226307","Landfill Engineer","https://emasco.mohr.gov.my/masco/2263-07","2020","exact_normalized_title","high","345","https://www.dosm.gov.my/uploads/content-downloads/file_20220920110308.pdf#page=345","Current eMASCO D11 profile inherited for a MASCO 2020 identity; not 2020-specific task evidence; test only.","broader_proxy","medium","M226307","False","Original current-role title, not the remapped 2020 title; retained for comparison only."
"M226344","Major Hazard Competent Person","226344","2263","2149.10","health and safety engineer","http://data.europa.eu/esco/occupation/a1273779-d2d4-4708-a406-62f7cdd26aab","broader_proxy","medium","Major-hazard engineering and risk control; Malaysian competent-person scope is not transferred.","test_only_project_mapping_not_human_validated","False","2263-44","2149","","","","","no_unique_exact_esco_title_match","new_mapping","project_broader_proxy","curated_title_and_duty_decision","ReRouteHer project-derived; NOT an official MASCO-ESCO crosswalk","non_exact_title","0.27451","Inherited current-role retrieval score; not a probability or a new MASCO 2020 validation score.","False","True","Not established","ESCO skills inherited from one primary occupation. Essential/optional refers to ESCO, not a verified Malaysian requirement.","","https://www.dosm.gov.my/uploads/content-downloads/file_20220920110308.pdf#page=345","http://data.europa.eu/esco/occupation/a1273779-d2d4-4708-a406-62f7cdd26aab","M226308","226308","Competent Person (CP) - Major Hazard","https://emasco.mohr.gov.my/masco/2263-08","2020","title_variant","high","345","https://www.dosm.gov.my/uploads/content-downloads/file_20220920110308.pdf#page=345","Current eMASCO D11 profile inherited for a MASCO 2020 identity; not 2020-specific task evidence; test only.","broader_proxy","medium","M226308","False","Original current-role title, not the remapped 2020 title; retained for comparison only."
"M226401","Medical Rehabilitation Officer Grade U41","226401","2264","2264.2","physiotherapist","http://data.europa.eu/esco/occupation/006cc1f9-2841-41c3-991a-dc3f2f3bd533","partial_proxy","low","Rehabilitation/physiotherapy proxy; broader multidisciplinary rehabilitation is not fully represented.","test_only_project_mapping_not_human_validated","False","2264-01","2264","","","","","no_unique_exact_esco_title_match","new_mapping","project_partial_proxy","curated_title_and_duty_decision","ReRouteHer project-derived; NOT an official MASCO-ESCO crosswalk","non_exact_title","0.62963","Inherited current-role retrieval score; not a probability or a new MASCO 2020 validation score.","True","True","Not established","ESCO skills inherited from one primary occupation. Essential/optional refers to ESCO, not a verified Malaysian requirement.","","https://www.dosm.gov.my/uploads/content-downloads/file_20220920110308.pdf#page=345","http://data.europa.eu/esco/occupation/006cc1f9-2841-41c3-991a-dc3f2f3bd533","M226402","226402","Medical Rehabilitation Officer Grade U9","https://emasco.mohr.gov.my/masco/2264-02","2020","grade_reversion","high","345","https://www.dosm.gov.my/uploads/content-downloads/file_20220920110308.pdf#page=345","Current eMASCO D11 profile inherited for a MASCO 2020 identity; not 2020-specific task evidence; test only.","partial_proxy","low","M226402","True","Original current-role title, not the remapped 2020 title; retained for comparison only."
"M226411","Orthopaedic Physical Therapist","226411","2264","2264.2","physiotherapist","http://data.europa.eu/esco/occupation/006cc1f9-2841-41c3-991a-dc3f2f3bd533","partial_proxy","low","Title/duty comparison supports this primary proxy, but occupational breadth, specialisation or seniority may differ. See both source profiles in the evidence table.","test_only_project_mapping_not_human_validated","False","2264-11","2264","","","","","no_unique_exact_esco_title_match","new_mapping","project_partial_proxy","reviewed_existing_or_retrieved_candidate","ReRouteHer project-derived; NOT an official MASCO-ESCO crosswalk","non_exact_title","0.75","Inherited current-role retrieval score; not a probability or a new MASCO 2020 validation score.","True","True","Not established","ESCO skills inherited from one primary occupation. Essential/optional refers to ESCO, not a verified Malaysian requirement.","","https://www.dosm.gov.my/uploads/content-downloads/file_20220920110308.pdf#page=346","http://data.europa.eu/esco/occupation/006cc1f9-2841-41c3-991a-dc3f2f3bd533","M226401","226401","Orthopaedic Physical Therapist","https://emasco.mohr.gov.my/masco/2264-01","2020","exact_normalized_title","high","346","https://www.dosm.gov.my/uploads/content-downloads/file_20220920110308.pdf#page=346","Current eMASCO D11 profile inherited for a MASCO 2020 identity; not 2020-specific task evidence; test only.","partial_proxy","low","M226401","True","Original current-role title, not the remapped 2020 title; retained for comparison only."
"M226501","Dietetics Officer Grade U41","226501","2265","2265.1","dietitian","http://data.europa.eu/esco/occupation/8a53f8d3-d995-4c7b-a70d-d79f76bdcb3f","close_match","medium","Dietetics.","test_only_project_mapping_not_human_validated","False","2265-01","2265","","","","","no_unique_exact_esco_title_match","new_mapping","project_close_match","curated_title_and_duty_decision","ReRouteHer project-derived; NOT an official MASCO-ESCO crosswalk","non_exact_title","0.538462","Inherited current-role retrieval score; not a probability or a new MASCO 2020 validation score.","True","True","Not established","ESCO skills inherited from one primary occupation. Essential/optional refers to ESCO, not a verified Malaysian requirement.","","https://www.dosm.gov.my/uploads/content-downloads/file_20220920110308.pdf#page=346","http://data.europa.eu/esco/occupation/8a53f8d3-d995-4c7b-a70d-d79f76bdcb3f","M226502","226502","Dietetics Officer Grade U9","https://emasco.mohr.gov.my/masco/2265-02","2020","grade_reversion","high","346","https://www.dosm.gov.my/uploads/content-downloads/file_20220920110308.pdf#page=346","Current eMASCO D11 profile inherited for a MASCO 2020 identity; not 2020-specific task evidence; test only.","close_match","medium","M226502","True","Original current-role title, not the remapped 2020 title; retained for comparison only."
"M226502","Dietician","226502","2265","2265.1","dietitian","http://data.europa.eu/esco/occupation/8a53f8d3-d995-4c7b-a70d-d79f76bdcb3f","close_match","high","Preferred occupation title matches after removing Malaysian grade/competency wrappers.","test_only_project_mapping_not_human_validated","False","2265-02","2265","","","","2265.1","unique_exact_preferred_title_same_isco_group","retained_mapping","project_close_match","unique_cleaned_preferred_label","ReRouteHer project-derived; NOT an official MASCO-ESCO crosswalk","exact_preferred_label","1","Inherited current-role retrieval score; not a probability or a new MASCO 2020 validation score.","True","True","Not established","ESCO skills inherited from one primary occupation. Essential/optional refers to ESCO, not a verified Malaysian requirement.","","https://www.dosm.gov.my/uploads/content-downloads/file_20220920110308.pdf#page=346","http://data.europa.eu/esco/occupation/8a53f8d3-d995-4c7b-a70d-d79f76bdcb3f","M226501","226501","Dietitian","https://emasco.mohr.gov.my/masco/2265-01","2020","title_variant","high","346","https://www.dosm.gov.my/uploads/content-downloads/file_20220920110308.pdf#page=346","Current eMASCO D11 profile inherited for a MASCO 2020 identity; not 2020-specific task evidence; test only.","close_match","high","M226501","True","Original current-role title, not the remapped 2020 title; retained for comparison only."
"M226514","Food Preparation Officer Grade C41","226514","2265","1321.2.1.3","food production manager","http://data.europa.eu/esco/occupation/a7d6a377-3d3b-41cf-9301-f4a0a7ad3d96","partial_proxy","low","Food preparation and service management proxy; public-service/clinical dietary context may differ.","test_only_project_mapping_not_human_validated","False","2265-14","1321","","","","","no_unique_exact_esco_title_match","new_mapping","project_partial_proxy","curated_title_and_duty_decision","ReRouteHer project-derived; NOT an official MASCO-ESCO crosswalk","non_exact_title","0.595745","Inherited current-role retrieval score; not a probability or a new MASCO 2020 validation score.","False","True","Not established","ESCO skills inherited from one primary occupation. Essential/optional refers to ESCO, not a verified Malaysian requirement.","","https://www.dosm.gov.my/uploads/content-downloads/file_20220920110308.pdf#page=346","http://data.europa.eu/esco/occupation/a7d6a377-3d3b-41cf-9301-f4a0a7ad3d96","M226503","226503","Food Preparation Officer Grade C9","https://emasco.mohr.gov.my/masco/2265-03","2020","grade_reversion","high","346","https://www.dosm.gov.my/uploads/content-downloads/file_20220920110308.pdf#page=346","Current eMASCO D11 profile inherited for a MASCO 2020 identity; not 2020-specific task evidence; test only.","partial_proxy","low","M226503","False","Original current-role title, not the remapped 2020 title; retained for comparison only."
"M226601","Audiologists","226601","2266","2266.1","audiologist","http://data.europa.eu/esco/occupation/c4d6d07a-ae90-40ce-bc5a-c952805a9bf3","close_match","high","Preferred occupation title matches after removing Malaysian grade/competency wrappers.","test_only_project_mapping_not_human_validated","False","2266-01","2266","","","","2266.1","unique_exact_preferred_title_same_isco_group","retained_mapping","project_close_match","unique_cleaned_preferred_label","ReRouteHer project-derived; NOT an official MASCO-ESCO crosswalk","exact_preferred_label","1","Inherited current-role retrieval score; not a probability or a new MASCO 2020 validation score.","True","True","Not established","ESCO skills inherited from one primary occupation. Essential/optional refers to ESCO, not a verified Malaysian requirement.","","https://www.dosm.gov.my/uploads/content-downloads/file_20220920110308.pdf#page=346","http://data.europa.eu/esco/occupation/c4d6d07a-ae90-40ce-bc5a-c952805a9bf3","M226601","226601","Audiologist","https://emasco.mohr.gov.my/masco/2266-01","2020","title_variant","high","346","https://www.dosm.gov.my/uploads/content-downloads/file_20220920110308.pdf#page=346","Current eMASCO D11 profile inherited for a MASCO 2020 identity; not 2020-specific task evidence; test only.","close_match","high","M226601","True","Original current-role title, not the remapped 2020 title; retained for comparison only."
"M226602","Speech Therapist","226602","2266","2266.2","speech and language therapist","http://data.europa.eu/esco/occupation/8021f3a2-e3de-43c0-b366-075da74dc5b7","close_match","medium","ESCO alternate title matches the cleaned MASCO title; national qualifications and full task scope are not assumed equivalent.","test_only_project_mapping_not_human_validated","False","2266-02","2266","","","","2266.2","unique_exact_alternate_title_same_isco_group","retained_mapping","project_close_match","reviewed_existing_or_retrieved_candidate","ReRouteHer project-derived; NOT an official MASCO-ESCO crosswalk","exact_alternate_label","1","Inherited current-role retrieval score; not a probability or a new MASCO 2020 validation score.","True","True","Not established","ESCO skills inherited from one primary occupation. Essential/optional refers to ESCO, not a verified Malaysian requirement.","","https://www.dosm.gov.my/uploads/content-downloads/file_20220920110308.pdf#page=346","http://data.europa.eu/esco/occupation/8021f3a2-e3de-43c0-b366-075da74dc5b7","M226602","226602","Speech Therapist","https://emasco.mohr.gov.my/masco/2266-02","2020","exact_normalized_title","high","346","https://www.dosm.gov.my/uploads/content-downloads/file_20220920110308.pdf#page=346","Current eMASCO D11 profile inherited for a MASCO 2020 identity; not 2020-specific task evidence; test only.","close_match","medium","M226602","True","Original current-role title, not the remapped 2020 title; retained for comparison only."
"M226603","Orthoepist","226603","2266","2266.2","speech and language therapist","http://data.europa.eu/esco/occupation/8021f3a2-e3de-43c0-b366-075da74dc5b7","close_match","medium","D11 explicitly describes speech, pronunciation and swallowing therapy; not orthoptics.","test_only_project_mapping_not_human_validated","False","2266-03","2266","","","","","no_unique_exact_esco_title_match","new_mapping","project_close_match","curated_title_and_duty_decision","ReRouteHer project-derived; NOT an official MASCO-ESCO crosswalk","non_exact_title","0.571429","Inherited current-role retrieval score; not a probability or a new MASCO 2020 validation score.","True","True","Not established","ESCO skills inherited from one primary occupation. Essential/optional refers to ESCO, not a verified Malaysian requirement.","","https://www.dosm.gov.my/uploads/content-downloads/file_20220920110308.pdf#page=346","http://data.europa.eu/esco/occupation/8021f3a2-e3de-43c0-b366-075da74dc5b7","M226603","226603","Orthoepist","https://emasco.mohr.gov.my/masco/2266-03","2020","exact_normalized_title","high","346","https://www.dosm.gov.my/uploads/content-downloads/file_20220920110308.pdf#page=346","Current eMASCO D11 profile inherited for a MASCO 2020 identity; not 2020-specific task evidence; test only.","close_match","medium","M226603","True","Original current-role title, not the remapped 2020 title; retained for comparison only."
"M226701","Optometry Officer Grade U41","226701","2267","2267.1","optometrist","http://data.europa.eu/esco/occupation/bffbe18a-cb8b-4f90-bd87-7505cd3b16f5","partial_proxy","low","Title/duty comparison supports this primary proxy, but occupational breadth, specialisation or seniority may differ. See both source profiles in the evidence table.","test_only_project_mapping_not_human_validated","False","2267-01","2267","","","","","no_unique_exact_esco_title_match","new_mapping","project_partial_proxy","reviewed_existing_or_retrieved_candidate","ReRouteHer project-derived; NOT an official MASCO-ESCO crosswalk","non_exact_title","0.705882","Inherited current-role retrieval score; not a probability or a new MASCO 2020 validation score.","True","True","Not established","ESCO skills inherited from one primary occupation. Essential/optional refers to ESCO, not a verified Malaysian requirement.","","https://www.dosm.gov.my/uploads/content-downloads/file_20220920110308.pdf#page=346","http://data.europa.eu/esco/occupation/bffbe18a-cb8b-4f90-bd87-7505cd3b16f5","M226702","226702","Optometry Officer Grade U9","https://emasco.mohr.gov.my/masco/2267-02","2020","grade_reversion","high","346","https://www.dosm.gov.my/uploads/content-downloads/file_20220920110308.pdf#page=346","Current eMASCO D11 profile inherited for a MASCO 2020 identity; not 2020-specific task evidence; test only.","partial_proxy","low","M226702","True","Original current-role title, not the remapped 2020 title; retained for comparison only."
"M226702","Optometrist","226702","2267","2267.1","optometrist","http://data.europa.eu/esco/occupation/bffbe18a-cb8b-4f90-bd87-7505cd3b16f5","close_match","high","Preferred occupation title matches after removing Malaysian grade/competency wrappers.","test_only_project_mapping_not_human_validated","False","2267-02","2267","","","","2267.1","unique_exact_preferred_title_same_isco_group","retained_mapping","project_close_match","unique_cleaned_preferred_label","ReRouteHer project-derived; NOT an official MASCO-ESCO crosswalk","exact_preferred_label","1","Inherited current-role retrieval score; not a probability or a new MASCO 2020 validation score.","True","True","Not established","ESCO skills inherited from one primary occupation. Essential/optional refers to ESCO, not a verified Malaysian requirement.","","https://www.dosm.gov.my/uploads/content-downloads/file_20220920110308.pdf#page=346","http://data.europa.eu/esco/occupation/bffbe18a-cb8b-4f90-bd87-7505cd3b16f5","M226701","226701","Optometrist","https://emasco.mohr.gov.my/masco/2267-01","2020","exact_normalized_title","high","346","https://www.dosm.gov.my/uploads/content-downloads/file_20220920110308.pdf#page=346","Current eMASCO D11 profile inherited for a MASCO 2020 identity; not 2020-specific task evidence; test only.","close_match","high","M226701","True","Original current-role title, not the remapped 2020 title; retained for comparison only."
"M226703","Optician","226703","2267","3254.1","optician","http://data.europa.eu/esco/occupation/6e0e068b-cd5c-4400-8899-54056087fa14","close_match","high","Preferred occupation title matches after removing Malaysian grade/competency wrappers.","test_only_project_mapping_not_human_validated","False","2267-03","3254","","","","3254.1","unique_exact_preferred_title_same_isco_group","retained_mapping","project_close_match","unique_cleaned_preferred_label","ReRouteHer project-derived; NOT an official MASCO-ESCO crosswalk","exact_preferred_label","1","Inherited current-role retrieval score; not a probability or a new MASCO 2020 validation score.","False","True","Not established","ESCO skills inherited from one primary occupation. Essential/optional refers to ESCO, not a verified Malaysian requirement.","","https://www.dosm.gov.my/uploads/content-downloads/file_20220920110308.pdf#page=346","http://data.europa.eu/esco/occupation/6e0e068b-cd5c-4400-8899-54056087fa14","M325401","325401","Optician","https://emasco.mohr.gov.my/masco/3254-01","2020","exact_normalized_title","high","346","https://www.dosm.gov.my/uploads/content-downloads/file_20220920110308.pdf#page=346","Current eMASCO D11 profile inherited for a MASCO 2020 identity; not 2020-specific task evidence; test only.","close_match","high","M325401","True","Original current-role title, not the remapped 2020 title; retained for comparison only."
"M226801","Occupational Therapist","226801","2268","2269.4","occupational therapist","http://data.europa.eu/esco/occupation/33da5532-8c4e-4d1b-b52e-c201ee1bc7ab","close_match","high","Occupational therapy, not a physiotherapy alias.","test_only_project_mapping_not_human_validated","False","2268-01","2269","","","","","no_unique_exact_esco_title_match","new_mapping","project_close_match","curated_title_and_duty_decision","ReRouteHer project-derived; NOT an official MASCO-ESCO crosswalk","exact_preferred_label","1","Inherited current-role retrieval score; not a probability or a new MASCO 2020 validation score.","False","True","Not established","ESCO skills inherited from one primary occupation. Essential/optional refers to ESCO, not a verified Malaysian requirement.","","https://www.dosm.gov.my/uploads/content-downloads/file_20220920110308.pdf#page=346","http://data.europa.eu/esco/occupation/33da5532-8c4e-4d1b-b52e-c201ee1bc7ab","M221217","221217","Occupational Therapist","https://emasco.mohr.gov.my/masco/2212-17","2020","exact_normalized_title","high","346","https://www.dosm.gov.my/uploads/content-downloads/file_20220920110308.pdf#page=346","Current eMASCO D11 profile inherited for a MASCO 2020 identity; not 2020-specific task evidence; test only.","close_match","high","M221217","False","Original current-role title, not the remapped 2020 title; retained for comparison only."
"M226901","X-Ray Technician Grade U41","226901","2269","2269.8","radiographer","http://data.europa.eu/esco/occupation/7639a601-6db0-41ed-9fb0-813d9b8beb05","inherited_test_proxy","medium","Inherited current-role ESCO assignment, not independently revalidated for this MASCO 2020 identity. Radiographer and X-Ray Technician refer to the same radiography service; current U9 is reverted to the printed U41 title. Do not interpret as a qualification or licensing crosswalk. Original rationale: Preferred occupation title matches after removing Malaysian grade/competency wrappers.","test_only_project_mapping_not_human_validated","False","2269-01","2269","","","","","no_unique_exact_esco_title_match","new_mapping","project_close_match","unique_cleaned_preferred_label","ReRouteHer project-derived; NOT an official MASCO-ESCO crosswalk","exact_preferred_label","1","Inherited current-role retrieval score; not a probability or a new MASCO 2020 validation score.","True","True","Not established","ESCO skills inherited from one primary occupation. Essential/optional refers to ESCO, not a verified Malaysian requirement.","","https://www.dosm.gov.my/uploads/content-downloads/file_20220920110308.pdf#page=346","http://data.europa.eu/esco/occupation/7639a601-6db0-41ed-9fb0-813d9b8beb05","M226902","226902","Radiographer Grade U9","https://emasco.mohr.gov.my/masco/2269-02","2020","reviewed_functional_equivalent","medium","346","https://www.dosm.gov.my/uploads/content-downloads/file_20220920110308.pdf#page=346","Current eMASCO D11 profile inherited for a MASCO 2020 identity; not 2020-specific task evidence; test only.","close_match","high","M226902","True","Original current-role title, not the remapped 2020 title; retained for comparison only."
"M226902","Instructor Grade U41","226902","2269","2320.1.4","auxiliary nursing and midwifery vocational teacher","http://data.europa.eu/esco/occupation/8289625a-c1c1-4a49-8ddd-37be4c3cd3fc","partial_proxy","low","Health vocational instruction; paramedic and auxiliary-health scope extends beyond nursing/midwifery.","test_only_project_mapping_not_human_validated","False","2269-02","2320","","","","","no_unique_exact_esco_title_match","new_mapping","project_partial_proxy","curated_title_and_duty_decision","ReRouteHer project-derived; NOT an official MASCO-ESCO crosswalk","non_exact_title","0.384615","Inherited current-role retrieval score; not a probability or a new MASCO 2020 validation score.","False","True","Not established","ESCO skills inherited from one primary occupation. Essential/optional refers to ESCO, not a verified Malaysian requirement.","","https://www.dosm.gov.my/uploads/content-downloads/file_20220920110308.pdf#page=346","http://data.europa.eu/esco/occupation/8289625a-c1c1-4a49-8ddd-37be4c3cd3fc","M226903","226903","Instructor Grade U9","https://emasco.mohr.gov.my/masco/2269-03","2020","grade_reversion","high","346","https://www.dosm.gov.my/uploads/content-downloads/file_20220920110308.pdf#page=346","Current eMASCO D11 profile inherited for a MASCO 2020 identity; not 2020-specific task evidence; test only.","partial_proxy","low","M226903","False","Original current-role title, not the remapped 2020 title; retained for comparison only."
"M231105","Dental Lecturer Grade DUG51P","231105","2311","2310.1.12","dentistry lecturer","http://data.europa.eu/esco/occupation/3d7a1284-824c-47d9-8387-b8e1cd5888b5","close_match","medium","Dentistry lecturer.","test_only_project_mapping_not_human_validated","False","2311-05","2310","","","","","no_unique_exact_esco_title_match","new_mapping","project_close_match","curated_title_and_duty_decision","ReRouteHer project-derived; NOT an official MASCO-ESCO crosswalk","non_exact_title","0.789474","Inherited current-role retrieval score; not a probability or a new MASCO 2020 validation score.","False","True","Not established","ESCO skills inherited from one primary occupation. Essential/optional refers to ESCO, not a verified Malaysian requirement.","","https://www.dosm.gov.my/uploads/content-downloads/file_20220920110308.pdf#page=347","http://data.europa.eu/esco/occupation/3d7a1284-824c-47d9-8387-b8e1cd5888b5","M231104","231104","Dental Lecturer Grade DUG13P","https://emasco.mohr.gov.my/masco/2311-04","2020","grade_reversion","high","347","https://www.dosm.gov.my/uploads/content-downloads/file_20220920110308.pdf#page=347","Current eMASCO D11 profile inherited for a MASCO 2020 identity; not 2020-specific task evidence; test only.","close_match","medium","M231104","False","Original current-role title, not the remapped 2020 title; retained for comparison only."
"M231117","Pharmacy Lecturer Grade DUF45","231117","2311","2310.1.31","pharmacy lecturer","http://data.europa.eu/esco/occupation/55a785db-0636-41b8-950f-0b65abe5e81b","close_match","high","Pharmacy lecturer.","test_only_project_mapping_not_human_validated","False","2311-17","2310","","","","","no_unique_exact_esco_title_match","new_mapping","project_close_match","curated_title_and_duty_decision","ReRouteHer project-derived; NOT an official MASCO-ESCO crosswalk","exact_preferred_label","1","Inherited current-role retrieval score; not a probability or a new MASCO 2020 validation score.","False","True","Not established","ESCO skills inherited from one primary occupation. Essential/optional refers to ESCO, not a verified Malaysian requirement.","","https://www.dosm.gov.my/uploads/content-downloads/file_20220920110308.pdf#page=347","http://data.europa.eu/esco/occupation/55a785db-0636-41b8-950f-0b65abe5e81b","M231107","231107","Pharmacy Lecturer Grade DUF11","https://emasco.mohr.gov.my/masco/2311-07","2020","grade_reversion","high","347","https://www.dosm.gov.my/uploads/content-downloads/file_20220920110308.pdf#page=347","Current eMASCO D11 profile inherited for a MASCO 2020 identity; not 2020-specific task evidence; test only.","close_match","high","M231107","False","Original current-role title, not the remapped 2020 title; retained for comparison only."
"M232102","Teacher, Vocational","232102","2321","2320.1","vocational teacher","http://data.europa.eu/esco/occupation/81f8d141-3f67-4fb0-a349-db0147ef7b3a","close_match","high","Preferred occupation title matches after removing Malaysian grade/competency wrappers.","test_only_project_mapping_not_human_validated","False","2321-02","2320","","","","","no_unique_exact_esco_title_match","new_mapping","project_close_match","unique_cleaned_preferred_label","ReRouteHer project-derived; NOT an official MASCO-ESCO crosswalk","exact_preferred_label","1","Inherited current-role retrieval score; not a probability or a new MASCO 2020 validation score.","False","True","Not established","ESCO skills inherited from one primary occupation. Essential/optional refers to ESCO, not a verified Malaysian requirement.","","https://www.dosm.gov.my/uploads/content-downloads/file_20220920110308.pdf#page=347","http://data.europa.eu/esco/occupation/81f8d141-3f67-4fb0-a349-db0147ef7b3a","M232101","232101","Vocational Teacher","https://emasco.mohr.gov.my/masco/2321-01","2020","title_variant","high","347","https://www.dosm.gov.my/uploads/content-downloads/file_20220920110308.pdf#page=347","Current eMASCO D11 profile inherited for a MASCO 2020 identity; not 2020-specific task evidence; test only.","close_match","high","M232101","False","Original current-role title, not the remapped 2020 title; retained for comparison only."
"M238101","Vocational Training Officer Grade DV41","238101","2381","2320.1","vocational teacher","http://data.europa.eu/esco/occupation/81f8d141-3f67-4fb0-a349-db0147ef7b3a","broader_proxy","medium","Vocational teaching; subject specialty and Malaysian grade are not separate ESCO occupations.","test_only_project_mapping_not_human_validated","False","2381-01","2320","","","","","no_unique_exact_esco_title_match","new_mapping","project_broader_proxy","curated_title_and_duty_decision","ReRouteHer project-derived; NOT an official MASCO-ESCO crosswalk","non_exact_title","0.711111","Inherited current-role retrieval score; not a probability or a new MASCO 2020 validation score.","False","True","Not established","ESCO skills inherited from one primary occupation. Essential/optional refers to ESCO, not a verified Malaysian requirement.","","https://www.dosm.gov.my/uploads/content-downloads/file_20220920110308.pdf#page=348","http://data.europa.eu/esco/occupation/81f8d141-3f67-4fb0-a349-db0147ef7b3a","M238102","238102","Vocational Training Officer Grade DV9","https://emasco.mohr.gov.my/masco/2381-02","2020","grade_reversion","high","348","https://www.dosm.gov.my/uploads/content-downloads/file_20220920110308.pdf#page=348","Current eMASCO D11 profile inherited for a MASCO 2020 identity; not 2020-specific task evidence; test only.","broader_proxy","medium","M238102","False","Original current-role title, not the remapped 2020 title; retained for comparison only."
"M238102","Skills Training Trainer","238102","2381","2320.1","vocational teacher","http://data.europa.eu/esco/occupation/81f8d141-3f67-4fb0-a349-db0147ef7b3a","broader_proxy","medium","Vocational teaching; subject specialty and Malaysian grade are not separate ESCO occupations.","test_only_project_mapping_not_human_validated","False","2381-02","2320","","","","","no_unique_exact_esco_title_match","new_mapping","project_broader_proxy","curated_title_and_duty_decision","ReRouteHer project-derived; NOT an official MASCO-ESCO crosswalk","non_exact_title","0.461538","Inherited current-role retrieval score; not a probability or a new MASCO 2020 validation score.","False","True","Not established","ESCO skills inherited from one primary occupation. Essential/optional refers to ESCO, not a verified Malaysian requirement.","","https://www.dosm.gov.my/uploads/content-downloads/file_20220920110308.pdf#page=348","http://data.europa.eu/esco/occupation/81f8d141-3f67-4fb0-a349-db0147ef7b3a","M238101","238101","Skills Training Trainer","https://emasco.mohr.gov.my/masco/2381-01","2020","exact_normalized_title","high","348","https://www.dosm.gov.my/uploads/content-downloads/file_20220920110308.pdf#page=348","Current eMASCO D11 profile inherited for a MASCO 2020 identity; not 2020-specific task evidence; test only.","broader_proxy","medium","M238101","False","Original current-role title, not the remapped 2020 title; retained for comparison only."
"M238103","Assistant Vocational Training Officer Grade DV29","238103","2381","2320.1","vocational teacher","http://data.europa.eu/esco/occupation/81f8d141-3f67-4fb0-a349-db0147ef7b3a","inherited_test_proxy","low","Inherited current-role ESCO assignment, not independently revalidated for this MASCO 2020 identity. The combined DV5/DV6/DV7/DV8 source maps to printed DV29/DV35/DV37/DV39 entries; JPA Annex B lists these grade-family transitions. Original rationale: Vocational teaching; subject specialty and Malaysian grade are not separate ESCO occupations.","test_only_project_mapping_not_human_validated","False","2381-03","2320","","","","","no_unique_exact_esco_title_match","new_mapping","project_broader_proxy","curated_title_and_duty_decision","ReRouteHer project-derived; NOT an official MASCO-ESCO crosswalk","non_exact_title","0.581818","Inherited current-role retrieval score; not a probability or a new MASCO 2020 validation score.","False","True","Not established","ESCO skills inherited from one primary occupation. Essential/optional refers to ESCO, not a verified Malaysian requirement.","","https://www.dosm.gov.my/uploads/content-downloads/file_20220920110308.pdf#page=348","http://data.europa.eu/esco/occupation/81f8d141-3f67-4fb0-a349-db0147ef7b3a","M238107","238107","Assistant Vocational Training Officer Grade DV5, DV6, DV7, DV8","https://emasco.mohr.gov.my/masco/2381-07","2020","combined_title_split","medium","348","https://www.dosm.gov.my/uploads/content-downloads/file_20220920110308.pdf#page=348","Current eMASCO D11 profile inherited for a MASCO 2020 identity; not 2020-specific task evidence; test only.","broader_proxy","medium","M238107","False","Original current-role title, not the remapped 2020 title; retained for comparison only."
"M238106","Assistant Vocational Training Officer Grade DV35","238106","2381","2320.1","vocational teacher","http://data.europa.eu/esco/occupation/81f8d141-3f67-4fb0-a349-db0147ef7b3a","inherited_test_proxy","low","Inherited current-role ESCO assignment, not independently revalidated for this MASCO 2020 identity. The combined DV5/DV6/DV7/DV8 source maps to printed DV29/DV35/DV37/DV39 entries; JPA Annex B lists these grade-family transitions. Original rationale: Vocational teaching; subject specialty and Malaysian grade are not separate ESCO occupations.","test_only_project_mapping_not_human_validated","False","2381-06","2320","","","","","no_unique_exact_esco_title_match","new_mapping","project_broader_proxy","curated_title_and_duty_decision","ReRouteHer project-derived; NOT an official MASCO-ESCO crosswalk","non_exact_title","0.581818","Inherited current-role retrieval score; not a probability or a new MASCO 2020 validation score.","False","True","Not established","ESCO skills inherited from one primary occupation. Essential/optional refers to ESCO, not a verified Malaysian requirement.","","https://www.dosm.gov.my/uploads/content-downloads/file_20220920110308.pdf#page=348","http://data.europa.eu/esco/occupation/81f8d141-3f67-4fb0-a349-db0147ef7b3a","M238107","238107","Assistant Vocational Training Officer Grade DV5, DV6, DV7, DV8","https://emasco.mohr.gov.my/masco/2381-07","2020","combined_title_split","medium","348","https://www.dosm.gov.my/uploads/content-downloads/file_20220920110308.pdf#page=348","Current eMASCO D11 profile inherited for a MASCO 2020 identity; not 2020-specific task evidence; test only.","broader_proxy","medium","M238107","False","Original current-role title, not the remapped 2020 title; retained for comparison only."
"M238107","Assistant Vocational Training Officer Grade DV37","238107","2381","2320.1","vocational teacher","http://data.europa.eu/esco/occupation/81f8d141-3f67-4fb0-a349-db0147ef7b3a","inherited_test_proxy","low","Inherited current-role ESCO assignment, not independently revalidated for this MASCO 2020 identity. The combined DV5/DV6/DV7/DV8 source maps to printed DV29/DV35/DV37/DV39 entries; JPA Annex B lists these grade-family transitions. Original rationale: Vocational teaching; subject specialty and Malaysian grade are not separate ESCO occupations.","test_only_project_mapping_not_human_validated","False","2381-07","2320","","","","","no_unique_exact_esco_title_match","new_mapping","project_broader_proxy","curated_title_and_duty_decision","ReRouteHer project-derived; NOT an official MASCO-ESCO crosswalk","non_exact_title","0.581818","Inherited current-role retrieval score; not a probability or a new MASCO 2020 validation score.","False","True","Not established","ESCO skills inherited from one primary occupation. Essential/optional refers to ESCO, not a verified Malaysian requirement.","","https://www.dosm.gov.my/uploads/content-downloads/file_20220920110308.pdf#page=348","http://data.europa.eu/esco/occupation/81f8d141-3f67-4fb0-a349-db0147ef7b3a","M238107","238107","Assistant Vocational Training Officer Grade DV5, DV6, DV7, DV8","https://emasco.mohr.gov.my/masco/2381-07","2020","combined_title_split","medium","348","https://www.dosm.gov.my/uploads/content-downloads/file_20220920110308.pdf#page=348","Current eMASCO D11 profile inherited for a MASCO 2020 identity; not 2020-specific task evidence; test only.","broader_proxy","medium","M238107","False","Original current-role title, not the remapped 2020 title; retained for comparison only."
"M238108","Assistant Vocational Training Officer Grade DV39","238108","2381","2320.1","vocational teacher","http://data.europa.eu/esco/occupation/81f8d141-3f67-4fb0-a349-db0147ef7b3a","inherited_test_proxy","low","Inherited current-role ESCO assignment, not independently revalidated for this MASCO 2020 identity. The combined DV5/DV6/DV7/DV8 source maps to printed DV29/DV35/DV37/DV39 entries; JPA Annex B lists these grade-family transitions. Original rationale: Vocational teaching; subject specialty and Malaysian grade are not separate ESCO occupations.","test_only_project_mapping_not_human_validated","False","2381-08","2320","","","","","no_unique_exact_esco_title_match","new_mapping","project_broader_proxy","curated_title_and_duty_decision","ReRouteHer project-derived; NOT an official MASCO-ESCO crosswalk","non_exact_title","0.581818","Inherited current-role retrieval score; not a probability or a new MASCO 2020 validation score.","False","True","Not established","ESCO skills inherited from one primary occupation. Essential/optional refers to ESCO, not a verified Malaysian requirement.","","https://www.dosm.gov.my/uploads/content-downloads/file_20220920110308.pdf#page=348","http://data.europa.eu/esco/occupation/81f8d141-3f67-4fb0-a349-db0147ef7b3a","M238107","238107","Assistant Vocational Training Officer Grade DV5, DV6, DV7, DV8","https://emasco.mohr.gov.my/masco/2381-07","2020","combined_title_split","medium","348","https://www.dosm.gov.my/uploads/content-downloads/file_20220920110308.pdf#page=348","Current eMASCO D11 profile inherited for a MASCO 2020 identity; not 2020-specific task evidence; test only.","broader_proxy","medium","M238107","False","Original current-role title, not the remapped 2020 title; retained for comparison only."
"M238109","Vocational Training Officer Grade DV43","238109","2381","2320.1","vocational teacher","http://data.europa.eu/esco/occupation/81f8d141-3f67-4fb0-a349-db0147ef7b3a","broader_proxy","medium","Vocational teaching; subject specialty and Malaysian grade are not separate ESCO occupations.","test_only_project_mapping_not_human_validated","False","2381-09","2320","","","","","no_unique_exact_esco_title_match","new_mapping","project_broader_proxy","curated_title_and_duty_decision","ReRouteHer project-derived; NOT an official MASCO-ESCO crosswalk","non_exact_title","0.711111","Inherited current-role retrieval score; not a probability or a new MASCO 2020 validation score.","False","True","Not established","ESCO skills inherited from one primary occupation. Essential/optional refers to ESCO, not a verified Malaysian requirement.","","https://www.dosm.gov.my/uploads/content-downloads/file_20220920110308.pdf#page=348","http://data.europa.eu/esco/occupation/81f8d141-3f67-4fb0-a349-db0147ef7b3a","M238103","238103","Vocational Training Officer Grade DV10","https://emasco.mohr.gov.my/masco/2381-03","2020","grade_reversion","high","348","https://www.dosm.gov.my/uploads/content-downloads/file_20220920110308.pdf#page=348","Current eMASCO D11 profile inherited for a MASCO 2020 identity; not 2020-specific task evidence; test only.","broader_proxy","medium","M238103","False","Original current-role title, not the remapped 2020 title; retained for comparison only."
"M238110","Vocational Training Officer Grade DV47","238110","2381","2320.1","vocational teacher","http://data.europa.eu/esco/occupation/81f8d141-3f67-4fb0-a349-db0147ef7b3a","broader_proxy","medium","Vocational teaching; subject specialty and Malaysian grade are not separate ESCO occupations.","test_only_project_mapping_not_human_validated","False","2381-10","2320","","","","","no_unique_exact_esco_title_match","new_mapping","project_broader_proxy","curated_title_and_duty_decision","ReRouteHer project-derived; NOT an official MASCO-ESCO crosswalk","non_exact_title","0.711111","Inherited current-role retrieval score; not a probability or a new MASCO 2020 validation score.","False","True","Not established","ESCO skills inherited from one primary occupation. Essential/optional refers to ESCO, not a verified Malaysian requirement.","","https://www.dosm.gov.my/uploads/content-downloads/file_20220920110308.pdf#page=348","http://data.europa.eu/esco/occupation/81f8d141-3f67-4fb0-a349-db0147ef7b3a","M238104","238104","Vocational Training Officer Grade DV12","https://emasco.mohr.gov.my/masco/2381-04","2020","grade_reversion","high","348","https://www.dosm.gov.my/uploads/content-downloads/file_20220920110308.pdf#page=348","Current eMASCO D11 profile inherited for a MASCO 2020 identity; not 2020-specific task evidence; test only.","broader_proxy","medium","M238104","False","Original current-role title, not the remapped 2020 title; retained for comparison only."
"M238111","Vocational Training Officer Grade DV51","238111","2381","2320.1","vocational teacher","http://data.europa.eu/esco/occupation/81f8d141-3f67-4fb0-a349-db0147ef7b3a","broader_proxy","medium","Vocational teaching; subject specialty and Malaysian grade are not separate ESCO occupations.","test_only_project_mapping_not_human_validated","False","2381-11","2320","","","","","no_unique_exact_esco_title_match","new_mapping","project_broader_proxy","curated_title_and_duty_decision","ReRouteHer project-derived; NOT an official MASCO-ESCO crosswalk","non_exact_title","0.711111","Inherited current-role retrieval score; not a probability or a new MASCO 2020 validation score.","False","True","Not established","ESCO skills inherited from one primary occupation. Essential/optional refers to ESCO, not a verified Malaysian requirement.","","https://www.dosm.gov.my/uploads/content-downloads/file_20220920110308.pdf#page=348","http://data.europa.eu/esco/occupation/81f8d141-3f67-4fb0-a349-db0147ef7b3a","M238105","238105","Vocational Training Officer Grade DV13","https://emasco.mohr.gov.my/masco/2381-05","2020","grade_reversion","high","348","https://www.dosm.gov.my/uploads/content-downloads/file_20220920110308.pdf#page=348","Current eMASCO D11 profile inherited for a MASCO 2020 identity; not 2020-specific task evidence; test only.","broader_proxy","medium","M238105","False","Original current-role title, not the remapped 2020 title; retained for comparison only."
"M238112","Vocational Training Officer Grade DV53","238112","2381","2320.1","vocational teacher","http://data.europa.eu/esco/occupation/81f8d141-3f67-4fb0-a349-db0147ef7b3a","broader_proxy","medium","Vocational teaching; subject specialty and Malaysian grade are not separate ESCO occupations.","test_only_project_mapping_not_human_validated","False","2381-12","2320","","","","","no_unique_exact_esco_title_match","new_mapping","project_broader_proxy","curated_title_and_duty_decision","ReRouteHer project-derived; NOT an official MASCO-ESCO crosswalk","non_exact_title","0.711111","Inherited current-role retrieval score; not a probability or a new MASCO 2020 validation score.","False","True","Not established","ESCO skills inherited from one primary occupation. Essential/optional refers to ESCO, not a verified Malaysian requirement.","","https://www.dosm.gov.my/uploads/content-downloads/file_20220920110308.pdf#page=348","http://data.europa.eu/esco/occupation/81f8d141-3f67-4fb0-a349-db0147ef7b3a","M238106","238106","Vocational Training Officer Grade DV14","https://emasco.mohr.gov.my/masco/2381-06","2020","grade_reversion","high","348","https://www.dosm.gov.my/uploads/content-downloads/file_20220920110308.pdf#page=348","Current eMASCO D11 profile inherited for a MASCO 2020 identity; not 2020-specific task evidence; test only.","broader_proxy","medium","M238106","False","Original current-role title, not the remapped 2020 title; retained for comparison only."
"M239303","Software Trainer","239303","2393","2356.1","ICT trainer","http://data.europa.eu/esco/occupation/9e657046-67ce-4e16-ab2e-ddb918638910","broader_proxy","medium","Software instruction within ICT training.","test_only_project_mapping_not_human_validated","False","2393-03","2356","","","","","no_unique_exact_esco_title_match","new_mapping","project_broader_proxy","curated_title_and_duty_decision","ReRouteHer project-derived; NOT an official MASCO-ESCO crosswalk","non_exact_title","0.733333","Inherited current-role retrieval score; not a probability or a new MASCO 2020 validation score.","False","True","Not established","ESCO skills inherited from one primary occupation. Essential/optional refers to ESCO, not a verified Malaysian requirement.","","https://www.dosm.gov.my/uploads/content-downloads/file_20220920110308.pdf#page=349","http://data.europa.eu/esco/occupation/9e657046-67ce-4e16-ab2e-ddb918638910","M239301","239301","Software Trainer","https://emasco.mohr.gov.my/masco/2393-01","2020","exact_normalized_title","high","349","https://www.dosm.gov.my/uploads/content-downloads/file_20220920110308.pdf#page=349","Current eMASCO D11 profile inherited for a MASCO 2020 identity; not 2020-specific task evidence; test only.","broader_proxy","medium","M239301","False","Original current-role title, not the remapped 2020 title; retained for comparison only."
"M242103","Operation Research Analyst","242103","2421","2120.5","mathematician","http://data.europa.eu/esco/occupation/72628f3a-fd49-499a-9741-870b0a1fcef2","partial_proxy","low","Mathematical modelling and optimisation; operations-research application needs enrichment.","test_only_project_mapping_not_human_validated","False","2421-03","2120","","","","","no_unique_exact_esco_title_match","new_mapping","project_partial_proxy","curated_title_and_duty_decision","ReRouteHer project-derived; NOT an official MASCO-ESCO crosswalk","non_exact_title","0.607143","Inherited current-role retrieval score; not a probability or a new MASCO 2020 validation score.","False","True","Not established","ESCO skills inherited from one primary occupation. Essential/optional refers to ESCO, not a verified Malaysian requirement.","","https://www.dosm.gov.my/uploads/content-downloads/file_20220920110308.pdf#page=351","http://data.europa.eu/esco/occupation/72628f3a-fd49-499a-9741-870b0a1fcef2","M242102","242102","Operation Research Analyst","https://emasco.mohr.gov.my/masco/2421-02","2020","exact_normalized_title","high","351","https://www.dosm.gov.my/uploads/content-downloads/file_20220920110308.pdf#page=351","Current eMASCO D11 profile inherited for a MASCO 2020 identity; not 2020-specific task evidence; test only.","partial_proxy","low","M242102","False","Original current-role title, not the remapped 2020 title; retained for comparison only."
"M242401","Staff Training Officer","242401","2424","2424.2","corporate trainer","http://data.europa.eu/esco/occupation/0ba06640-e0ac-4911-9e43-289a8e41651e","broader_proxy","medium","Corporate staff training; call-centre specialization is not separately represented.","test_only_project_mapping_not_human_validated","False","2424-01","2424","","","","","no_unique_exact_esco_title_match","new_mapping","project_broader_proxy","curated_title_and_duty_decision","ReRouteHer project-derived; NOT an official MASCO-ESCO crosswalk","non_exact_title","0.470588","Inherited current-role retrieval score; not a probability or a new MASCO 2020 validation score.","True","True","Not established","ESCO skills inherited from one primary occupation. Essential/optional refers to ESCO, not a verified Malaysian requirement.","","https://www.dosm.gov.my/uploads/content-downloads/file_20220920110308.pdf#page=351","http://data.europa.eu/esco/occupation/0ba06640-e0ac-4911-9e43-289a8e41651e","M242401","242401","Staff Training Officer","https://emasco.mohr.gov.my/masco/2424-01","2020","exact_normalized_title","high","351","https://www.dosm.gov.my/uploads/content-downloads/file_20220920110308.pdf#page=351","Current eMASCO D11 profile inherited for a MASCO 2020 identity; not 2020-specific task evidence; test only.","broader_proxy","medium","M242401","True","Original current-role title, not the remapped 2020 title; retained for comparison only."
"M242601","Research Officer Grade Q41","242601","2426","1223.2.2","research manager","http://data.europa.eu/esco/occupation/c02ee787-c30b-4f0d-9d7f-6eb36fc44a5d","partial_proxy","low","Research coordination proxy; scientist research duties and management seniority require review.","test_only_project_mapping_not_human_validated","False","2426-01","1223","","","","","no_unique_exact_esco_title_match","new_mapping","project_partial_proxy","curated_title_and_duty_decision","ReRouteHer project-derived; NOT an official MASCO-ESCO crosswalk","non_exact_title","0.6875","Inherited current-role retrieval score; not a probability or a new MASCO 2020 validation score.","False","True","Not established","ESCO skills inherited from one primary occupation. Essential/optional refers to ESCO, not a verified Malaysian requirement.","","https://www.dosm.gov.my/uploads/content-downloads/file_20220920110308.pdf#page=352","http://data.europa.eu/esco/occupation/c02ee787-c30b-4f0d-9d7f-6eb36fc44a5d","M242606","242606","Research Officer Grade Q9","https://emasco.mohr.gov.my/masco/2426-06","2020","grade_reversion","high","352","https://www.dosm.gov.my/uploads/content-downloads/file_20220920110308.pdf#page=352","Current eMASCO D11 profile inherited for a MASCO 2020 identity; not 2020-specific task evidence; test only.","partial_proxy","low","M242606","False","Original current-role title, not the remapped 2020 title; retained for comparison only."
"M242602","Scientific Officer Grade C41","242602","2426","1349.17","medical laboratory manager","http://data.europa.eu/esco/occupation/f4de7e28-ca67-46cd-b760-30e02b3aa83b","partial_proxy","low","Laboratory operations, staff and budgets; medical laboratory context is narrower than general teaching/research laboratories.","test_only_project_mapping_not_human_validated","False","2426-02","1349","","","","","no_unique_exact_esco_title_match","new_mapping","project_partial_proxy","curated_title_and_duty_decision","ReRouteHer project-derived; NOT an official MASCO-ESCO crosswalk","non_exact_title","0.375","Inherited current-role retrieval score; not a probability or a new MASCO 2020 validation score.","False","True","Not established","ESCO skills inherited from one primary occupation. Essential/optional refers to ESCO, not a verified Malaysian requirement.","","https://www.dosm.gov.my/uploads/content-downloads/file_20220920110308.pdf#page=352","http://data.europa.eu/esco/occupation/f4de7e28-ca67-46cd-b760-30e02b3aa83b","M242607","242607","Scientific Officer Grade C9","https://emasco.mohr.gov.my/masco/2426-07","2020","grade_reversion","high","352","https://www.dosm.gov.my/uploads/content-downloads/file_20220920110308.pdf#page=352","Current eMASCO D11 profile inherited for a MASCO 2020 identity; not 2020-specific task evidence; test only.","partial_proxy","low","M242607","False","Original current-role title, not the remapped 2020 title; retained for comparison only."
"M242603","Agro-Based Biotech Food Researcher","242603","2426","2131.5","food biotechnologist","http://data.europa.eu/esco/occupation/68ffc53b-6067-4fe7-bd85-c96f4a6c1e45","close_match","medium","Food biotechnology.","test_only_project_mapping_not_human_validated","False","2426-03","2131","","","","","no_unique_exact_esco_title_match","new_mapping","project_close_match","curated_title_and_duty_decision","ReRouteHer project-derived; NOT an official MASCO-ESCO crosswalk","non_exact_title","0.491228","Inherited current-role retrieval score; not a probability or a new MASCO 2020 validation score.","False","True","Not established","ESCO skills inherited from one primary occupation. Essential/optional refers to ESCO, not a verified Malaysian requirement.","","https://www.dosm.gov.my/uploads/content-downloads/file_20220920110308.pdf#page=352","http://data.europa.eu/esco/occupation/68ffc53b-6067-4fe7-bd85-c96f4a6c1e45","M242601","242601","Agro-Based Biotech Food Researcher","https://emasco.mohr.gov.my/masco/2426-01","2020","exact_normalized_title","high","352","https://www.dosm.gov.my/uploads/content-downloads/file_20220920110308.pdf#page=352","Current eMASCO D11 profile inherited for a MASCO 2020 identity; not 2020-specific task evidence; test only.","close_match","medium","M242601","False","Original current-role title, not the remapped 2020 title; retained for comparison only."
"M242604","Aquaculture Biotech Researcher","242604","2426","2131.4.1","aquaculture biologist","http://data.europa.eu/esco/occupation/68f4fdd9-182c-4c0d-a73d-f767b8a8355e","close_match","medium","Aquaculture biology.","test_only_project_mapping_not_human_validated","False","2426-04","2131","","","","","no_unique_exact_esco_title_match","new_mapping","project_close_match","curated_title_and_duty_decision","ReRouteHer project-derived; NOT an official MASCO-ESCO crosswalk","non_exact_title","0.866667","Inherited current-role retrieval score; not a probability or a new MASCO 2020 validation score.","False","True","Not established","ESCO skills inherited from one primary occupation. Essential/optional refers to ESCO, not a verified Malaysian requirement.","","https://www.dosm.gov.my/uploads/content-downloads/file_20220920110308.pdf#page=352","http://data.europa.eu/esco/occupation/68f4fdd9-182c-4c0d-a73d-f767b8a8355e","M242602","242602","Aquaculture Biotech Researcher","https://emasco.mohr.gov.my/masco/2426-02","2020","exact_normalized_title","high","352","https://www.dosm.gov.my/uploads/content-downloads/file_20220920110308.pdf#page=352","Current eMASCO D11 profile inherited for a MASCO 2020 identity; not 2020-specific task evidence; test only.","close_match","medium","M242602","False","Original current-role title, not the remapped 2020 title; retained for comparison only."
"M242609","Research and Development Executive","242609","2426","1223.2","research and development manager","http://data.europa.eu/esco/occupation/73ceb2f9-18e3-4cfe-9c06-e9fb31ece440","broader_proxy","medium","R&D coordination; executive rank may differ.","test_only_project_mapping_not_human_validated","False","2426-09","1223","","","","","no_unique_exact_esco_title_match","new_mapping","project_broader_proxy","curated_title_and_duty_decision","ReRouteHer project-derived; NOT an official MASCO-ESCO crosswalk","non_exact_title","0.835821","Inherited current-role retrieval score; not a probability or a new MASCO 2020 validation score.","False","True","Not established","ESCO skills inherited from one primary occupation. Essential/optional refers to ESCO, not a verified Malaysian requirement.","","https://www.dosm.gov.my/uploads/content-downloads/file_20220920110308.pdf#page=352","http://data.europa.eu/esco/occupation/73ceb2f9-18e3-4cfe-9c06-e9fb31ece440","M242603","242603","Research and Development Executive","https://emasco.mohr.gov.my/masco/2426-03","2020","exact_normalized_title","high","352","https://www.dosm.gov.my/uploads/content-downloads/file_20220920110308.pdf#page=352","Current eMASCO D11 profile inherited for a MASCO 2020 identity; not 2020-specific task evidence; test only.","broader_proxy","medium","M242603","False","Original current-role title, not the remapped 2020 title; retained for comparison only."
"M242613","Research Officer","242613","2426","1223.2.2","research manager","http://data.europa.eu/esco/occupation/c02ee787-c30b-4f0d-9d7f-6eb36fc44a5d","partial_proxy","low","Research coordination proxy; scientist research duties and management seniority require review.","test_only_project_mapping_not_human_validated","False","2426-13","1223","","","","","no_unique_exact_esco_title_match","new_mapping","project_partial_proxy","curated_title_and_duty_decision","ReRouteHer project-derived; NOT an official MASCO-ESCO crosswalk","non_exact_title","0.6875","Inherited current-role retrieval score; not a probability or a new MASCO 2020 validation score.","False","True","Not established","ESCO skills inherited from one primary occupation. Essential/optional refers to ESCO, not a verified Malaysian requirement.","","https://www.dosm.gov.my/uploads/content-downloads/file_20220920110308.pdf#page=352","http://data.europa.eu/esco/occupation/c02ee787-c30b-4f0d-9d7f-6eb36fc44a5d","M242604","242604","Research Officer","https://emasco.mohr.gov.my/masco/2426-04","2020","exact_normalized_title","high","352","https://www.dosm.gov.my/uploads/content-downloads/file_20220920110308.pdf#page=352","Current eMASCO D11 profile inherited for a MASCO 2020 identity; not 2020-specific task evidence; test only.","partial_proxy","low","M242604","False","Original current-role title, not the remapped 2020 title; retained for comparison only."
"M243114","Trade Product Specialist","243114","2431","2433.6","technical sales representative","http://data.europa.eu/esco/occupation/c956be07-53a3-4b01-b8f8-f0c5a428eaa8","inherited_test_proxy","medium","Inherited current-role ESCO assignment, not independently revalidated for this MASCO 2020 identity. Product Specialist in the sales/marketing group corresponds to Trade Product Specialist; no engineering-product role is substituted. Original rationale: Technical product demonstrations, customer advice and sales support.","test_only_project_mapping_not_human_validated","False","2431-14","2433","","","","","no_unique_exact_esco_title_match","new_mapping","project_broader_proxy","curated_title_and_duty_decision","ReRouteHer project-derived; NOT an official MASCO-ESCO crosswalk","non_exact_title","0.375","Inherited current-role retrieval score; not a probability or a new MASCO 2020 validation score.","False","True","Not established","ESCO skills inherited from one primary occupation. Essential/optional refers to ESCO, not a verified Malaysian requirement.","","https://www.dosm.gov.my/uploads/content-downloads/file_20220920110308.pdf#page=352","http://data.europa.eu/esco/occupation/c956be07-53a3-4b01-b8f8-f0c5a428eaa8","M243104","243104","Product Specialist","https://emasco.mohr.gov.my/masco/2431-04","2020","reviewed_functional_equivalent","medium","352","https://www.dosm.gov.my/uploads/content-downloads/file_20220920110308.pdf#page=352","Current eMASCO D11 profile inherited for a MASCO 2020 identity; not 2020-specific task evidence; test only.","broader_proxy","medium","M243104","False","Original current-role title, not the remapped 2020 title; retained for comparison only."
"M243132","Technical Sales Engineer","243132","2431","2433.4","sales engineer","http://data.europa.eu/esco/occupation/8529edc5-96ad-4cde-b34a-f86ad3753e4d","close_match","medium","Technical sales engineering; corrects the D11 promotion-assistant crosswalk.","test_only_project_mapping_not_human_validated","False","2431-32","2433","2431.16","2431.16","promotion assistant","2431.16","d11_existing_esco_code","corrected_mapping","project_close_match","curated_title_and_duty_decision","ReRouteHer project-derived; NOT an official MASCO-ESCO crosswalk","non_exact_title","0.807692","Inherited current-role retrieval score; not a probability or a new MASCO 2020 validation score.","False","True","Not established","ESCO skills inherited from one primary occupation. Essential/optional refers to ESCO, not a verified Malaysian requirement.","","https://www.dosm.gov.my/uploads/content-downloads/file_20220920110308.pdf#page=353","http://data.europa.eu/esco/occupation/8529edc5-96ad-4cde-b34a-f86ad3753e4d","M243103","243103","Technical Sales Engineer","https://emasco.mohr.gov.my/masco/2431-03","2020","exact_normalized_title","high","353","https://www.dosm.gov.my/uploads/content-downloads/file_20220920110308.pdf#page=353","Current eMASCO D11 profile inherited for a MASCO 2020 identity; not 2020-specific task evidence; test only.","close_match","medium","M243103","False","Original current-role title, not the remapped 2020 title; retained for comparison only."
"M243301","Sales Representative, Medical","243301","2433","2433.2","medical sales representative","http://data.europa.eu/esco/occupation/ab762f91-d737-485f-a85c-67cab92dee01","partial_proxy","low","Title/duty comparison supports this primary proxy, but occupational breadth, specialisation or seniority may differ. See both source profiles in the evidence table.","test_only_project_mapping_not_human_validated","False","2433-01","2433","","","","","no_unique_exact_esco_title_match","new_mapping","project_partial_proxy","reviewed_existing_or_retrieved_candidate","ReRouteHer project-derived; NOT an official MASCO-ESCO crosswalk","non_exact_title","0.714286","Inherited current-role retrieval score; not a probability or a new MASCO 2020 validation score.","True","True","Not established","ESCO skills inherited from one primary occupation. Essential/optional refers to ESCO, not a verified Malaysian requirement.","","https://www.dosm.gov.my/uploads/content-downloads/file_20220920110308.pdf#page=353","http://data.europa.eu/esco/occupation/ab762f91-d737-485f-a85c-67cab92dee01","M243301","243301","Sales Representative (Medical)","https://emasco.mohr.gov.my/masco/2433-01","2020","exact_normalized_title","high","353","https://www.dosm.gov.my/uploads/content-downloads/file_20220920110308.pdf#page=353","Current eMASCO D11 profile inherited for a MASCO 2020 identity; not 2020-specific task evidence; test only.","partial_proxy","low","M243301","True","Original current-role title, not the remapped 2020 title; retained for comparison only."
"M243401","Sales Representative, Information and Communications Technology","243401","2434","2434.4","technical sales representative in electronic and telecommunications equipment","http://data.europa.eu/esco/occupation/6e591f17-65c1-4a24-af2a-ca7862d4625e","partial_proxy","low","Title/duty comparison supports this primary proxy, but occupational breadth, specialisation or seniority may differ. See both source profiles in the evidence table.","test_only_project_mapping_not_human_validated","False","2434-01","2434","","","","","no_unique_exact_esco_title_match","new_mapping","project_partial_proxy","reviewed_existing_or_retrieved_candidate","ReRouteHer project-derived; NOT an official MASCO-ESCO crosswalk","non_exact_title","0.676259","Inherited current-role retrieval score; not a probability or a new MASCO 2020 validation score.","True","True","Not established","ESCO skills inherited from one primary occupation. Essential/optional refers to ESCO, not a verified Malaysian requirement.","","https://www.dosm.gov.my/uploads/content-downloads/file_20220920110308.pdf#page=354","http://data.europa.eu/esco/occupation/6e591f17-65c1-4a24-af2a-ca7862d4625e","M243401","243401","Sales Representative (Information and Communications Technology)","https://emasco.mohr.gov.my/masco/2434-01","2020","exact_normalized_title","high","354","https://www.dosm.gov.my/uploads/content-downloads/file_20220920110308.pdf#page=354","Current eMASCO D11 profile inherited for a MASCO 2020 identity; not 2020-specific task evidence; test only.","partial_proxy","low","M243401","True","Original current-role title, not the remapped 2020 title; retained for comparison only."
"M243410","Digital Banking/Internet Technology Specialist","243410","2434","2514.2","ICT application developer","http://data.europa.eu/esco/occupation/bd272aee-adc9-4a06-a15c-a73b4b4a46a7","broader_proxy","medium","D11 describes mobile/internet-banking application development, not bank branch management.","test_only_project_mapping_not_human_validated","False","2434-10","2514","","","","","no_unique_exact_esco_title_match","new_mapping","project_broader_proxy","curated_title_and_duty_decision","ReRouteHer project-derived; NOT an official MASCO-ESCO crosswalk","non_exact_title","0.181818","Inherited current-role retrieval score; not a probability or a new MASCO 2020 validation score.","False","True","Not established","ESCO skills inherited from one primary occupation. Essential/optional refers to ESCO, not a verified Malaysian requirement.","","https://www.dosm.gov.my/uploads/content-downloads/file_20220920110308.pdf#page=354","http://data.europa.eu/esco/occupation/bd272aee-adc9-4a06-a15c-a73b4b4a46a7","M243402","243402","Digital Banking-Internet Technology Specialist","https://emasco.mohr.gov.my/masco/2434-02","2020","exact_normalized_title","high","354","https://www.dosm.gov.my/uploads/content-downloads/file_20220920110308.pdf#page=354","Current eMASCO D11 profile inherited for a MASCO 2020 identity; not 2020-specific task evidence; test only.","broader_proxy","medium","M243402","False","Original current-role title, not the remapped 2020 title; retained for comparison only."
"M251101","Management Information Systems (MIS) Analyst","251101","2511","2511.13","ICT system analyst","http://data.europa.eu/esco/occupation/a6a0b60f-08da-4faa-bf54-942987efb471","partial_proxy","low","Title/duty comparison supports this primary proxy, but occupational breadth, specialisation or seniority may differ. See both source profiles in the evidence table.","test_only_project_mapping_not_human_validated","False","2511-01","2511","","","","","no_unique_exact_esco_title_match","new_mapping","project_partial_proxy","reviewed_existing_or_retrieved_candidate","ReRouteHer project-derived; NOT an official MASCO-ESCO crosswalk","non_exact_title","0.566667","Inherited current-role retrieval score; not a probability or a new MASCO 2020 validation score.","True","True","Not established","ESCO skills inherited from one primary occupation. Essential/optional refers to ESCO, not a verified Malaysian requirement.","","https://www.dosm.gov.my/uploads/content-downloads/file_20220920110308.pdf#page=354","http://data.europa.eu/esco/occupation/a6a0b60f-08da-4faa-bf54-942987efb471","M251101","251101","Management Information Systems (MIS) Analyst","https://emasco.mohr.gov.my/masco/2511-01","2020","exact_normalized_title","high","354","https://www.dosm.gov.my/uploads/content-downloads/file_20220920110308.pdf#page=354","Current eMASCO D11 profile inherited for a MASCO 2020 identity; not 2020-specific task evidence; test only.","partial_proxy","low","M251101","True","Original current-role title, not the remapped 2020 title; retained for comparison only."
"M251116","Technical Specialist (.Net)","251116","2511","2512.4","software developer","http://data.europa.eu/esco/occupation/f2b15a0e-e65a-438a-affb-29b9d50b77d1","broader_proxy","medium","Software development; .NET/C/C++ language specialization is not separately inherited.","test_only_project_mapping_not_human_validated","False","2511-16","2512","","","","","no_unique_exact_esco_title_match","new_mapping","project_broader_proxy","curated_title_and_duty_decision","ReRouteHer project-derived; NOT an official MASCO-ESCO crosswalk","non_exact_title","0.604651","Inherited current-role retrieval score; not a probability or a new MASCO 2020 validation score.","False","True","Not established","ESCO skills inherited from one primary occupation. Essential/optional refers to ESCO, not a verified Malaysian requirement.","","https://www.dosm.gov.my/uploads/content-downloads/file_20220920110308.pdf#page=354","http://data.europa.eu/esco/occupation/f2b15a0e-e65a-438a-affb-29b9d50b77d1","M251102","251102","Technical Specialist (.Net)","https://emasco.mohr.gov.my/masco/2511-02","2020","exact_normalized_title","high","354","https://www.dosm.gov.my/uploads/content-downloads/file_20220920110308.pdf#page=354","Current eMASCO D11 profile inherited for a MASCO 2020 identity; not 2020-specific task evidence; test only.","broader_proxy","medium","M251102","False","Original current-role title, not the remapped 2020 title; retained for comparison only."
"M251142","Register Transfer Level (RTL) Designer (Information Technology)","251142","2511","2152.1.7.1","integrated circuit design engineer","http://data.europa.eu/esco/occupation/fd1c83b3-60d5-4a5f-86c5-94dc2842c246","close_match","medium","RTL hardware description and digital integrated-circuit design, not application software.","test_only_project_mapping_not_human_validated","False","2511-42","2152","","","","","no_unique_exact_esco_title_match","new_mapping","project_close_match","curated_title_and_duty_decision","ReRouteHer project-derived; NOT an official MASCO-ESCO crosswalk","non_exact_title","0.355556","Inherited current-role retrieval score; not a probability or a new MASCO 2020 validation score.","False","True","Not established","ESCO skills inherited from one primary occupation. Essential/optional refers to ESCO, not a verified Malaysian requirement.","","https://www.dosm.gov.my/uploads/content-downloads/file_20220920110308.pdf#page=355","http://data.europa.eu/esco/occupation/fd1c83b3-60d5-4a5f-86c5-94dc2842c246","M251103","251103","Register Transfer Level (RTL) Designer (Information Technology)","https://emasco.mohr.gov.my/masco/2511-03","2020","exact_normalized_title","high","355","https://www.dosm.gov.my/uploads/content-downloads/file_20220920110308.pdf#page=355","Current eMASCO D11 profile inherited for a MASCO 2020 identity; not 2020-specific task evidence; test only.","close_match","medium","M251103","False","Original current-role title, not the remapped 2020 title; retained for comparison only."
"M251144","Design Engineer (Information Technology)","251144","2511","2511.14","ICT system architect","http://data.europa.eu/esco/occupation/e1c72b5f-4c5c-487c-a6df-e84b64a51dae","partial_proxy","low","IT-system architecture and design; software/network implementation details vary.","test_only_project_mapping_not_human_validated","False","2511-44","2511","","","","","no_unique_exact_esco_title_match","new_mapping","project_partial_proxy","curated_title_and_duty_decision","ReRouteHer project-derived; NOT an official MASCO-ESCO crosswalk","non_exact_title","0.447761","Inherited current-role retrieval score; not a probability or a new MASCO 2020 validation score.","True","True","Not established","ESCO skills inherited from one primary occupation. Essential/optional refers to ESCO, not a verified Malaysian requirement.","","https://www.dosm.gov.my/uploads/content-downloads/file_20220920110308.pdf#page=355","http://data.europa.eu/esco/occupation/e1c72b5f-4c5c-487c-a6df-e84b64a51dae","M251104","251104","Design Engineer (Information Technology)","https://emasco.mohr.gov.my/masco/2511-04","2020","exact_normalized_title","high","355","https://www.dosm.gov.my/uploads/content-downloads/file_20220920110308.pdf#page=355","Current eMASCO D11 profile inherited for a MASCO 2020 identity; not 2020-specific task evidence; test only.","partial_proxy","low","M251104","True","Original current-role title, not the remapped 2020 title; retained for comparison only."
"M251201","Software Developer","251201","2512","2512.4","software developer","http://data.europa.eu/esco/occupation/f2b15a0e-e65a-438a-affb-29b9d50b77d1","close_match","high","Preferred occupation title matches after removing Malaysian grade/competency wrappers.","test_only_project_mapping_not_human_validated","False","2512-01","2512","2512.4","2512.4","software developer","2512.4","d11_existing_esco_code","retained_mapping","project_close_match","unique_cleaned_preferred_label","ReRouteHer project-derived; NOT an official MASCO-ESCO crosswalk","exact_preferred_label","1","Inherited current-role retrieval score; not a probability or a new MASCO 2020 validation score.","True","True","Not established","ESCO skills inherited from one primary occupation. Essential/optional refers to ESCO, not a verified Malaysian requirement.","","https://www.dosm.gov.my/uploads/content-downloads/file_20220920110308.pdf#page=355","http://data.europa.eu/esco/occupation/f2b15a0e-e65a-438a-affb-29b9d50b77d1","M251201","251201","Software Developer","https://emasco.mohr.gov.my/masco/2512-01","2020","exact_normalized_title","high","355","https://www.dosm.gov.my/uploads/content-downloads/file_20220920110308.pdf#page=355","Current eMASCO D11 profile inherited for a MASCO 2020 identity; not 2020-specific task evidence; test only.","close_match","high","M251201","True","Original current-role title, not the remapped 2020 title; retained for comparison only."
"M251219","Information Technology System Architect","251219","2512","2511.14","ICT system architect","http://data.europa.eu/esco/occupation/e1c72b5f-4c5c-487c-a6df-e84b64a51dae","partial_proxy","low","Title/duty comparison supports this primary proxy, but occupational breadth, specialisation or seniority may differ. See both source profiles in the evidence table.","test_only_project_mapping_not_human_validated","False","2512-19","2511","","","","","no_unique_exact_esco_title_match","new_mapping","project_partial_proxy","reviewed_existing_or_retrieved_candidate","ReRouteHer project-derived; NOT an official MASCO-ESCO crosswalk","non_exact_title","0.84058","Inherited current-role retrieval score; not a probability or a new MASCO 2020 validation score.","False","True","Not established","ESCO skills inherited from one primary occupation. Essential/optional refers to ESCO, not a verified Malaysian requirement.","","https://www.dosm.gov.my/uploads/content-downloads/file_20220920110308.pdf#page=355","http://data.europa.eu/esco/occupation/e1c72b5f-4c5c-487c-a6df-e84b64a51dae","M251202","251202","Information Technology Systems Architect","https://emasco.mohr.gov.my/masco/2512-02","2020","title_variant","high","355","https://www.dosm.gov.my/uploads/content-downloads/file_20220920110308.pdf#page=355","Current eMASCO D11 profile inherited for a MASCO 2020 identity; not 2020-specific task evidence; test only.","partial_proxy","low","M251202","False","Original current-role title, not the remapped 2020 title; retained for comparison only."
"M251243","Information System Executive","251243","2512","2522.1","ICT system administrator","http://data.europa.eu/esco/occupation/9e2e6e1e-363b-4e1b-a673-7bc0f7343300","broader_proxy","medium","Information-system and infrastructure administration; grade/specialty varies.","test_only_project_mapping_not_human_validated","False","2512-43","2522","","","","","no_unique_exact_esco_title_match","new_mapping","project_broader_proxy","curated_title_and_duty_decision","ReRouteHer project-derived; NOT an official MASCO-ESCO crosswalk","non_exact_title","0.45283","Inherited current-role retrieval score; not a probability or a new MASCO 2020 validation score.","False","True","Not established","ESCO skills inherited from one primary occupation. Essential/optional refers to ESCO, not a verified Malaysian requirement.","","https://www.dosm.gov.my/uploads/content-downloads/file_20220920110308.pdf#page=356","http://data.europa.eu/esco/occupation/9e2e6e1e-363b-4e1b-a673-7bc0f7343300","M251203","251203","Information Systems Executive","https://emasco.mohr.gov.my/masco/2512-03","2020","title_variant","high","356","https://www.dosm.gov.my/uploads/content-downloads/file_20220920110308.pdf#page=356","Current eMASCO D11 profile inherited for a MASCO 2020 identity; not 2020-specific task evidence; test only.","broader_proxy","medium","M251203","False","Original current-role title, not the remapped 2020 title; retained for comparison only."
"M251301","Website Developer","251301","2513","2513.5","web developer","http://data.europa.eu/esco/occupation/c40a2919-48a9-40ea-b506-1f34f693496d","close_match","medium","Web development.","test_only_project_mapping_not_human_validated","False","2513-01","2513","","","","","no_unique_exact_esco_title_match","new_mapping","project_close_match","curated_title_and_duty_decision","ReRouteHer project-derived; NOT an official MASCO-ESCO crosswalk","non_exact_title","0.866667","Inherited current-role retrieval score; not a probability or a new MASCO 2020 validation score.","True","True","Not established","ESCO skills inherited from one primary occupation. Essential/optional refers to ESCO, not a verified Malaysian requirement.","","https://www.dosm.gov.my/uploads/content-downloads/file_20220920110308.pdf#page=356","http://data.europa.eu/esco/occupation/c40a2919-48a9-40ea-b506-1f34f693496d","M251301","251301","Website Developer","https://emasco.mohr.gov.my/masco/2513-01","2020","exact_normalized_title","high","356","https://www.dosm.gov.my/uploads/content-downloads/file_20220920110308.pdf#page=356","Current eMASCO D11 profile inherited for a MASCO 2020 identity; not 2020-specific task evidence; test only.","close_match","medium","M251301","True","Original current-role title, not the remapped 2020 title; retained for comparison only."
"M251302","Internet/ Intranet Developer","251302","2513","2513.5","web developer","http://data.europa.eu/esco/occupation/c40a2919-48a9-40ea-b506-1f34f693496d","close_match","medium","Web development.","test_only_project_mapping_not_human_validated","False","2513-02","2513","","","","","no_unique_exact_esco_title_match","new_mapping","project_close_match","curated_title_and_duty_decision","ReRouteHer project-derived; NOT an official MASCO-ESCO crosswalk","non_exact_title","0.55","Inherited current-role retrieval score; not a probability or a new MASCO 2020 validation score.","True","True","Not established","ESCO skills inherited from one primary occupation. Essential/optional refers to ESCO, not a verified Malaysian requirement.","","https://www.dosm.gov.my/uploads/content-downloads/file_20220920110308.pdf#page=356","http://data.europa.eu/esco/occupation/c40a2919-48a9-40ea-b506-1f34f693496d","M251302","251302","Internet/Intranet Developer","https://emasco.mohr.gov.my/masco/2513-02","2020","exact_normalized_title","high","356","https://www.dosm.gov.my/uploads/content-downloads/file_20220920110308.pdf#page=356","Current eMASCO D11 profile inherited for a MASCO 2020 identity; not 2020-specific task evidence; test only.","close_match","medium","M251302","True","Original current-role title, not the remapped 2020 title; retained for comparison only."
"M251401","Computer Programmer","251401","2514","2512.4","software developer","http://data.europa.eu/esco/occupation/f2b15a0e-e65a-438a-affb-29b9d50b77d1","broader_proxy","medium","Software development; .NET/C/C++ language specialization is not separately inherited.","test_only_project_mapping_not_human_validated","False","2514-01","2512","","","","","no_unique_exact_esco_title_match","new_mapping","project_broader_proxy","curated_title_and_duty_decision","ReRouteHer project-derived; NOT an official MASCO-ESCO crosswalk","non_exact_title","0.689655","Inherited current-role retrieval score; not a probability or a new MASCO 2020 validation score.","False","True","Not established","ESCO skills inherited from one primary occupation. Essential/optional refers to ESCO, not a verified Malaysian requirement.","","https://www.dosm.gov.my/uploads/content-downloads/file_20220920110308.pdf#page=356","http://data.europa.eu/esco/occupation/f2b15a0e-e65a-438a-affb-29b9d50b77d1","M251401","251401","Computer Programmer","https://emasco.mohr.gov.my/masco/2514-01","2020","exact_normalized_title","high","356","https://www.dosm.gov.my/uploads/content-downloads/file_20220920110308.pdf#page=356","Current eMASCO D11 profile inherited for a MASCO 2020 identity; not 2020-specific task evidence; test only.","broader_proxy","medium","M251401","False","Original current-role title, not the remapped 2020 title; retained for comparison only."
"M251407","Systems Programmer","251407","2514","2511.15","ICT system developer","http://data.europa.eu/esco/occupation/a7c1d23d-aeca-4bee-9a08-5993ed98b135","close_match","medium","ESCO alternate title matches the cleaned MASCO title; national qualifications and full task scope are not assumed equivalent.","test_only_project_mapping_not_human_validated","False","2514-07","2511","","","","","no_unique_exact_esco_title_match","new_mapping","project_close_match","reviewed_existing_or_retrieved_candidate","ReRouteHer project-derived; NOT an official MASCO-ESCO crosswalk","exact_alternate_label","1","Inherited current-role retrieval score; not a probability or a new MASCO 2020 validation score.","False","True","Not established","ESCO skills inherited from one primary occupation. Essential/optional refers to ESCO, not a verified Malaysian requirement.","","https://www.dosm.gov.my/uploads/content-downloads/file_20220920110308.pdf#page=356","http://data.europa.eu/esco/occupation/a7c1d23d-aeca-4bee-9a08-5993ed98b135","M251402","251402","Systems Programmer","https://emasco.mohr.gov.my/masco/2514-02","2020","exact_normalized_title","high","356","https://www.dosm.gov.my/uploads/content-downloads/file_20220920110308.pdf#page=356","Current eMASCO D11 profile inherited for a MASCO 2020 identity; not 2020-specific task evidence; test only.","close_match","medium","M251402","False","Original current-role title, not the remapped 2020 title; retained for comparison only."
"M251419","C/C++ Programmer","251419","2514","2512.4","software developer","http://data.europa.eu/esco/occupation/f2b15a0e-e65a-438a-affb-29b9d50b77d1","broader_proxy","medium","Software development; .NET/C/C++ language specialization is not separately inherited.","test_only_project_mapping_not_human_validated","False","2514-19","2512","","","","","no_unique_exact_esco_title_match","new_mapping","project_broader_proxy","curated_title_and_duty_decision","ReRouteHer project-derived; NOT an official MASCO-ESCO crosswalk","non_exact_title","0.833333","Inherited current-role retrieval score; not a probability or a new MASCO 2020 validation score.","False","True","Not established","ESCO skills inherited from one primary occupation. Essential/optional refers to ESCO, not a verified Malaysian requirement.","","https://www.dosm.gov.my/uploads/content-downloads/file_20220920110308.pdf#page=356","http://data.europa.eu/esco/occupation/f2b15a0e-e65a-438a-affb-29b9d50b77d1","M251403","251403","C/C++ Programmer","https://emasco.mohr.gov.my/masco/2514-03","2020","exact_normalized_title","high","356","https://www.dosm.gov.my/uploads/content-downloads/file_20220920110308.pdf#page=356","Current eMASCO D11 profile inherited for a MASCO 2020 identity; not 2020-specific task evidence; test only.","broader_proxy","medium","M251403","False","Original current-role title, not the remapped 2020 title; retained for comparison only."
"M251433","Computer Infrastructure Specialist","251433","2514","2522.1","ICT system administrator","http://data.europa.eu/esco/occupation/9e2e6e1e-363b-4e1b-a673-7bc0f7343300","broader_proxy","medium","Information-system and infrastructure administration; grade/specialty varies.","test_only_project_mapping_not_human_validated","False","2514-33","2522","","","","","no_unique_exact_esco_title_match","new_mapping","project_broader_proxy","curated_title_and_duty_decision","ReRouteHer project-derived; NOT an official MASCO-ESCO crosswalk","non_exact_title","0.37931","Inherited current-role retrieval score; not a probability or a new MASCO 2020 validation score.","False","True","Not established","ESCO skills inherited from one primary occupation. Essential/optional refers to ESCO, not a verified Malaysian requirement.","","https://www.dosm.gov.my/uploads/content-downloads/file_20220920110308.pdf#page=357","http://data.europa.eu/esco/occupation/9e2e6e1e-363b-4e1b-a673-7bc0f7343300","M251404","251404","Computer Infrastructure Specialist","https://emasco.mohr.gov.my/masco/2514-04","2020","exact_normalized_title","high","357","https://www.dosm.gov.my/uploads/content-downloads/file_20220920110308.pdf#page=357","Current eMASCO D11 profile inherited for a MASCO 2020 identity; not 2020-specific task evidence; test only.","broader_proxy","medium","M251404","False","Original current-role title, not the remapped 2020 title; retained for comparison only."
"M251434","User Interface (UI)/ Gameplay Coders","251434","2514","2512.5","user interface developer","http://data.europa.eu/esco/occupation/866c7813-2c03-47d7-9bdc-192cfbace57c","partial_proxy","low","User-interface programming component selected; gameplay development is not fully represented.","test_only_project_mapping_not_human_validated","False","2514-34","2512","","","","","no_unique_exact_esco_title_match","new_mapping","project_partial_proxy","curated_title_and_duty_decision","ReRouteHer project-derived; NOT an official MASCO-ESCO crosswalk","non_exact_title","0.690909","Inherited current-role retrieval score; not a probability or a new MASCO 2020 validation score.","False","True","Not established","ESCO skills inherited from one primary occupation. Essential/optional refers to ESCO, not a verified Malaysian requirement.","","https://www.dosm.gov.my/uploads/content-downloads/file_20220920110308.pdf#page=357","http://data.europa.eu/esco/occupation/866c7813-2c03-47d7-9bdc-192cfbace57c","M251405","251405","User Interface (UI)/Gameplay Coder","https://emasco.mohr.gov.my/masco/2514-05","2020","title_variant","high","357","https://www.dosm.gov.my/uploads/content-downloads/file_20220920110308.pdf#page=357","Current eMASCO D11 profile inherited for a MASCO 2020 identity; not 2020-specific task evidence; test only.","partial_proxy","low","M251405","False","Original current-role title, not the remapped 2020 title; retained for comparison only."
"M251902","Systems Tester","251902","2519","2519.7.4","ICT system tester","http://data.europa.eu/esco/occupation/52d5edc9-7902-4cd3-8b06-6bd77c98d440","close_match","medium","ESCO alternate title matches the cleaned MASCO title; national qualifications and full task scope are not assumed equivalent.","test_only_project_mapping_not_human_validated","False","2519-02","2519","","","","2519.7.4","unique_exact_alternate_title_same_isco_group","retained_mapping","project_close_match","reviewed_existing_or_retrieved_candidate","ReRouteHer project-derived; NOT an official MASCO-ESCO crosswalk","exact_alternate_label","1","Inherited current-role retrieval score; not a probability or a new MASCO 2020 validation score.","True","True","Not established","ESCO skills inherited from one primary occupation. Essential/optional refers to ESCO, not a verified Malaysian requirement.","","https://www.dosm.gov.my/uploads/content-downloads/file_20220920110308.pdf#page=357","http://data.europa.eu/esco/occupation/52d5edc9-7902-4cd3-8b06-6bd77c98d440","M251901","251901","Systems Tester","https://emasco.mohr.gov.my/masco/2519-01","2020","exact_normalized_title","high","357","https://www.dosm.gov.my/uploads/content-downloads/file_20220920110308.pdf#page=357","Current eMASCO D11 profile inherited for a MASCO 2020 identity; not 2020-specific task evidence; test only.","close_match","medium","M251901","True","Original current-role title, not the remapped 2020 title; retained for comparison only."
"M251916","Information Technology Auditor","251916","2519","2511.18","IT auditor","http://data.europa.eu/esco/occupation/cdd3d773-75a4-4f35-bd1d-1ac720afcf9d","close_match","medium","ESCO alternate title matches the cleaned MASCO title; national qualifications and full task scope are not assumed equivalent.","test_only_project_mapping_not_human_validated","False","2519-16","2511","","","","","no_unique_exact_esco_title_match","new_mapping","project_close_match","reviewed_existing_or_retrieved_candidate","ReRouteHer project-derived; NOT an official MASCO-ESCO crosswalk","exact_alternate_label","1","Inherited current-role retrieval score; not a probability or a new MASCO 2020 validation score.","False","True","Not established","ESCO skills inherited from one primary occupation. Essential/optional refers to ESCO, not a verified Malaysian requirement.","","https://www.dosm.gov.my/uploads/content-downloads/file_20220920110308.pdf#page=357","http://data.europa.eu/esco/occupation/cdd3d773-75a4-4f35-bd1d-1ac720afcf9d","M251902","251902","Information Technology Auditor","https://emasco.mohr.gov.my/masco/2519-02","2020","exact_normalized_title","high","357","https://www.dosm.gov.my/uploads/content-downloads/file_20220920110308.pdf#page=357","Current eMASCO D11 profile inherited for a MASCO 2020 identity; not 2020-specific task evidence; test only.","close_match","medium","M251902","False","Original current-role title, not the remapped 2020 title; retained for comparison only."
"M252101","Database Architect","252101","2521","2521.2","database designer","http://data.europa.eu/esco/occupation/8d9ec84d-cf2d-4179-87bc-335cda54a427","close_match","medium","ESCO alternate title matches the cleaned MASCO title; national qualifications and full task scope are not assumed equivalent.","test_only_project_mapping_not_human_validated","False","2521-01","2521","","","","2521.2","unique_exact_alternate_title_same_isco_group","retained_mapping","project_close_match","reviewed_existing_or_retrieved_candidate","ReRouteHer project-derived; NOT an official MASCO-ESCO crosswalk","exact_alternate_label","1","Inherited current-role retrieval score; not a probability or a new MASCO 2020 validation score.","True","True","Not established","ESCO skills inherited from one primary occupation. Essential/optional refers to ESCO, not a verified Malaysian requirement.","","https://www.dosm.gov.my/uploads/content-downloads/file_20220920110308.pdf#page=357","http://data.europa.eu/esco/occupation/8d9ec84d-cf2d-4179-87bc-335cda54a427","M252101","252101","Database Architect","https://emasco.mohr.gov.my/masco/2521-01","2020","exact_normalized_title","high","357","https://www.dosm.gov.my/uploads/content-downloads/file_20220920110308.pdf#page=357","Current eMASCO D11 profile inherited for a MASCO 2020 identity; not 2020-specific task evidence; test only.","close_match","medium","M252101","True","Original current-role title, not the remapped 2020 title; retained for comparison only."
"M252103","Database Administrator","252103","2521","2521.1","database administrator","http://data.europa.eu/esco/occupation/8c57af09-719c-42b3-be40-6ed4946236cc","close_match","high","Preferred occupation title matches after removing Malaysian grade/competency wrappers.","test_only_project_mapping_not_human_validated","False","2521-03","2521","","","","2521.1","unique_exact_preferred_title_same_isco_group","retained_mapping","project_close_match","unique_cleaned_preferred_label","ReRouteHer project-derived; NOT an official MASCO-ESCO crosswalk","exact_preferred_label","1","Inherited current-role retrieval score; not a probability or a new MASCO 2020 validation score.","True","True","Not established","ESCO skills inherited from one primary occupation. Essential/optional refers to ESCO, not a verified Malaysian requirement.","","https://www.dosm.gov.my/uploads/content-downloads/file_20220920110308.pdf#page=357","http://data.europa.eu/esco/occupation/8c57af09-719c-42b3-be40-6ed4946236cc","M252102","252102","Database Administrator","https://emasco.mohr.gov.my/masco/2521-02","2020","exact_normalized_title","high","357","https://www.dosm.gov.my/uploads/content-downloads/file_20220920110308.pdf#page=357","Current eMASCO D11 profile inherited for a MASCO 2020 identity; not 2020-specific task evidence; test only.","close_match","high","M252102","True","Original current-role title, not the remapped 2020 title; retained for comparison only."
"M252108","Oracle Database Specialist","252108","2521","2521.1","database administrator","http://data.europa.eu/esco/occupation/8c57af09-719c-42b3-be40-6ed4946236cc","inherited_test_proxy","medium","Inherited current-role ESCO assignment, not independently revalidated for this MASCO 2020 identity. Oracle database administration is the database-management function of the 2020 Oracle Database Specialist; preserve this functional-title judgement as medium confidence. Original rationale: Database administration; Oracle specialization requires local enrichment.","test_only_project_mapping_not_human_validated","False","2521-08","2521","","","","","no_unique_exact_esco_title_match","new_mapping","project_broader_proxy","curated_title_and_duty_decision","ReRouteHer project-derived; NOT an official MASCO-ESCO crosswalk","non_exact_title","0.862745","Inherited current-role retrieval score; not a probability or a new MASCO 2020 validation score.","True","True","Not established","ESCO skills inherited from one primary occupation. Essential/optional refers to ESCO, not a verified Malaysian requirement.","","https://www.dosm.gov.my/uploads/content-downloads/file_20220920110308.pdf#page=357","http://data.europa.eu/esco/occupation/8c57af09-719c-42b3-be40-6ed4946236cc","M252105","252105","Oracle Database Administrator","https://emasco.mohr.gov.my/masco/2521-05","2020","reviewed_functional_equivalent","medium","357","https://www.dosm.gov.my/uploads/content-downloads/file_20220920110308.pdf#page=357","Current eMASCO D11 profile inherited for a MASCO 2020 identity; not 2020-specific task evidence; test only.","broader_proxy","medium","M252105","True","Original current-role title, not the remapped 2020 title; retained for comparison only."
"M252201","Information Technology Officer Grade F41","252201","2522","2511.13","ICT system analyst","http://data.europa.eu/esco/occupation/a6a0b60f-08da-4faa-bf54-942987efb471","broader_proxy","medium","ICT feasibility, analysis, design and implementation; not chief-information-officer authority.","test_only_project_mapping_not_human_validated","False","2522-01","2511","","","","","no_unique_exact_esco_title_match","new_mapping","project_broader_proxy","curated_title_and_duty_decision","ReRouteHer project-derived; NOT an official MASCO-ESCO crosswalk","non_exact_title","0.340426","Inherited current-role retrieval score; not a probability or a new MASCO 2020 validation score.","False","True","Not established","ESCO skills inherited from one primary occupation. Essential/optional refers to ESCO, not a verified Malaysian requirement.","","https://www.dosm.gov.my/uploads/content-downloads/file_20220920110308.pdf#page=357","http://data.europa.eu/esco/occupation/a6a0b60f-08da-4faa-bf54-942987efb471","M252211","252211","Information Technology Officer Grade F9","https://emasco.mohr.gov.my/masco/2522-11","2020","grade_reversion","high","357","https://www.dosm.gov.my/uploads/content-downloads/file_20220920110308.pdf#page=357","Current eMASCO D11 profile inherited for a MASCO 2020 identity; not 2020-specific task evidence; test only.","broader_proxy","medium","M252211","False","Original current-role title, not the remapped 2020 title; retained for comparison only."
"M252205","Information System Officer","252205","2522","2522.1","ICT system administrator","http://data.europa.eu/esco/occupation/9e2e6e1e-363b-4e1b-a673-7bc0f7343300","broader_proxy","medium","Information-system and infrastructure administration; grade/specialty varies.","test_only_project_mapping_not_human_validated","False","2522-05","2522","","","","","no_unique_exact_esco_title_match","new_mapping","project_broader_proxy","curated_title_and_duty_decision","ReRouteHer project-derived; NOT an official MASCO-ESCO crosswalk","non_exact_title","0.509804","Inherited current-role retrieval score; not a probability or a new MASCO 2020 validation score.","True","True","Not established","ESCO skills inherited from one primary occupation. Essential/optional refers to ESCO, not a verified Malaysian requirement.","","https://www.dosm.gov.my/uploads/content-downloads/file_20220920110308.pdf#page=357","http://data.europa.eu/esco/occupation/9e2e6e1e-363b-4e1b-a673-7bc0f7343300","M252201","252201","Information Systems Officer","https://emasco.mohr.gov.my/masco/2522-01","2020","title_variant","high","357","https://www.dosm.gov.my/uploads/content-downloads/file_20220920110308.pdf#page=357","Current eMASCO D11 profile inherited for a MASCO 2020 identity; not 2020-specific task evidence; test only.","broader_proxy","medium","M252201","True","Original current-role title, not the remapped 2020 title; retained for comparison only."
"M252208","Information Technology Support Officer","252208","2522","3512.4","ICT technician","http://data.europa.eu/esco/occupation/3e7bf729-4442-4b9f-ad5e-83111963795c","broader_proxy","medium","ICT user support and system troubleshooting; engineer/officer/assistant rank is not inferred.","test_only_project_mapping_not_human_validated","False","2522-08","3512","","","","","no_unique_exact_esco_title_match","new_mapping","project_broader_proxy","curated_title_and_duty_decision","ReRouteHer project-derived; NOT an official MASCO-ESCO crosswalk","non_exact_title","0.558824","Inherited current-role retrieval score; not a probability or a new MASCO 2020 validation score.","False","True","Not established","ESCO skills inherited from one primary occupation. Essential/optional refers to ESCO, not a verified Malaysian requirement.","","https://www.dosm.gov.my/uploads/content-downloads/file_20220920110308.pdf#page=358","http://data.europa.eu/esco/occupation/3e7bf729-4442-4b9f-ad5e-83111963795c","M252202","252202","Information Technology Support Officer","https://emasco.mohr.gov.my/masco/2522-02","2020","exact_normalized_title","high","358","https://www.dosm.gov.my/uploads/content-downloads/file_20220920110308.pdf#page=358","Current eMASCO D11 profile inherited for a MASCO 2020 identity; not 2020-specific task evidence; test only.","broader_proxy","medium","M252202","False","Original current-role title, not the remapped 2020 title; retained for comparison only."
"M252214","Computer Support Engineer","252214","2522","3512.4","ICT technician","http://data.europa.eu/esco/occupation/3e7bf729-4442-4b9f-ad5e-83111963795c","broader_proxy","medium","ICT user support and system troubleshooting; engineer/officer/assistant rank is not inferred.","test_only_project_mapping_not_human_validated","False","2522-14","3512","","","","","no_unique_exact_esco_title_match","new_mapping","project_broader_proxy","curated_title_and_duty_decision","ReRouteHer project-derived; NOT an official MASCO-ESCO crosswalk","non_exact_title","0.594595","Inherited current-role retrieval score; not a probability or a new MASCO 2020 validation score.","False","True","Not established","ESCO skills inherited from one primary occupation. Essential/optional refers to ESCO, not a verified Malaysian requirement.","","https://www.dosm.gov.my/uploads/content-downloads/file_20220920110308.pdf#page=358","http://data.europa.eu/esco/occupation/3e7bf729-4442-4b9f-ad5e-83111963795c","M252203","252203","Computer Support Engineer","https://emasco.mohr.gov.my/masco/2522-03","2020","exact_normalized_title","high","358","https://www.dosm.gov.my/uploads/content-downloads/file_20220920110308.pdf#page=358","Current eMASCO D11 profile inherited for a MASCO 2020 identity; not 2020-specific task evidence; test only.","broader_proxy","medium","M252203","False","Original current-role title, not the remapped 2020 title; retained for comparison only."
"M252215","Information Technology Technical Specialist","252215","2522","3512.4","ICT technician","http://data.europa.eu/esco/occupation/3e7bf729-4442-4b9f-ad5e-83111963795c","broader_proxy","medium","ICT user support and system troubleshooting; engineer/officer/assistant rank is not inferred.","test_only_project_mapping_not_human_validated","False","2522-15","3512","","","","","no_unique_exact_esco_title_match","new_mapping","project_broader_proxy","curated_title_and_duty_decision","ReRouteHer project-derived; NOT an official MASCO-ESCO crosswalk","non_exact_title","0.657534","Inherited current-role retrieval score; not a probability or a new MASCO 2020 validation score.","False","True","Not established","ESCO skills inherited from one primary occupation. Essential/optional refers to ESCO, not a verified Malaysian requirement.","","https://www.dosm.gov.my/uploads/content-downloads/file_20220920110308.pdf#page=358","http://data.europa.eu/esco/occupation/3e7bf729-4442-4b9f-ad5e-83111963795c","M252204","252204","Information Technology Technical Specialist","https://emasco.mohr.gov.my/masco/2522-04","2020","exact_normalized_title","high","358","https://www.dosm.gov.my/uploads/content-downloads/file_20220920110308.pdf#page=358","Current eMASCO D11 profile inherited for a MASCO 2020 identity; not 2020-specific task evidence; test only.","broader_proxy","medium","M252204","False","Original current-role title, not the remapped 2020 title; retained for comparison only."
"M252222","Cloud Computing Solution Architect","252222","2522","2512.6","cloud architect","http://data.europa.eu/esco/occupation/2fb96c6c-8d0b-4ef0-b1ee-3e493305e4eb","partial_proxy","low","Title/duty comparison supports this primary proxy, but occupational breadth, specialisation or seniority may differ. See both source profiles in the evidence table.","test_only_project_mapping_not_human_validated","False","2522-22","2512","","","","","no_unique_exact_esco_title_match","new_mapping","project_partial_proxy","reviewed_existing_or_retrieved_candidate","ReRouteHer project-derived; NOT an official MASCO-ESCO crosswalk","non_exact_title","0.612245","Inherited current-role retrieval score; not a probability or a new MASCO 2020 validation score.","False","True","Not established","ESCO skills inherited from one primary occupation. Essential/optional refers to ESCO, not a verified Malaysian requirement.","","https://www.dosm.gov.my/uploads/content-downloads/file_20220920110308.pdf#page=358","http://data.europa.eu/esco/occupation/2fb96c6c-8d0b-4ef0-b1ee-3e493305e4eb","M252205","252205","Cloud Computing Solution Architect","https://emasco.mohr.gov.my/masco/2522-05","2020","exact_normalized_title","high","358","https://www.dosm.gov.my/uploads/content-downloads/file_20220920110308.pdf#page=358","Current eMASCO D11 profile inherited for a MASCO 2020 identity; not 2020-specific task evidence; test only.","partial_proxy","low","M252205","False","Original current-role title, not the remapped 2020 title; retained for comparison only."
"M252238","Geographic Information Systems (GIS) Officer","252238","2522","2165.3","geographic information systems specialist","http://data.europa.eu/esco/occupation/9af8907f-56a7-4170-83b1-3c6ba0997cfa","partial_proxy","low","Title/duty comparison supports this primary proxy, but occupational breadth, specialisation or seniority may differ. See both source profiles in the evidence table.","test_only_project_mapping_not_human_validated","False","2522-38","2165","","","","","no_unique_exact_esco_title_match","new_mapping","project_partial_proxy","reviewed_existing_or_retrieved_candidate","ReRouteHer project-derived; NOT an official MASCO-ESCO crosswalk","non_exact_title","0.875","Inherited current-role retrieval score; not a probability or a new MASCO 2020 validation score.","False","True","Not established","ESCO skills inherited from one primary occupation. Essential/optional refers to ESCO, not a verified Malaysian requirement.","","https://www.dosm.gov.my/uploads/content-downloads/file_20220920110308.pdf#page=358","http://data.europa.eu/esco/occupation/9af8907f-56a7-4170-83b1-3c6ba0997cfa","M252209","252209","Geographic Information Systems (GIS) Officer","https://emasco.mohr.gov.my/masco/2522-09","2020","exact_normalized_title","high","358","https://www.dosm.gov.my/uploads/content-downloads/file_20220920110308.pdf#page=358","Current eMASCO D11 profile inherited for a MASCO 2020 identity; not 2020-specific task evidence; test only.","partial_proxy","low","M252209","False","Original current-role title, not the remapped 2020 title; retained for comparison only."
"M252311","Network Specialist","252311","2523","2522.1.1","ICT network administrator","http://data.europa.eu/esco/occupation/81480b40-a318-47f3-9b2c-56b69ed67d95","close_match","medium","ESCO alternate title matches the cleaned MASCO title; national qualifications and full task scope are not assumed equivalent.","test_only_project_mapping_not_human_validated","False","2523-11","2522","","","","","no_unique_exact_esco_title_match","new_mapping","project_close_match","reviewed_existing_or_retrieved_candidate","ReRouteHer project-derived; NOT an official MASCO-ESCO crosswalk","exact_alternate_label","1","Inherited current-role retrieval score; not a probability or a new MASCO 2020 validation score.","False","True","Not established","ESCO skills inherited from one primary occupation. Essential/optional refers to ESCO, not a verified Malaysian requirement.","","https://www.dosm.gov.my/uploads/content-downloads/file_20220920110308.pdf#page=358","http://data.europa.eu/esco/occupation/81480b40-a318-47f3-9b2c-56b69ed67d95","M252301","252301","Network Specialist","https://emasco.mohr.gov.my/masco/2523-01","2020","exact_normalized_title","high","358","https://www.dosm.gov.my/uploads/content-downloads/file_20220920110308.pdf#page=358","Current eMASCO D11 profile inherited for a MASCO 2020 identity; not 2020-specific task evidence; test only.","close_match","medium","M252301","False","Original current-role title, not the remapped 2020 title; retained for comparison only."
"M252401","Data Scientist","252401","2524","2511.4","data scientist","http://data.europa.eu/esco/occupation/258e46f9-0075-4a2e-adae-1ff0477e0f30","close_match","high","Preferred occupation title matches after removing Malaysian grade/competency wrappers.","test_only_project_mapping_not_human_validated","False","2524-01","2511","2511.4","2511.4","data scientist","2511.4","d11_existing_esco_code","retained_mapping","project_close_match","unique_cleaned_preferred_label","ReRouteHer project-derived; NOT an official MASCO-ESCO crosswalk","exact_preferred_label","1","Inherited current-role retrieval score; not a probability or a new MASCO 2020 validation score.","False","True","Not established","ESCO skills inherited from one primary occupation. Essential/optional refers to ESCO, not a verified Malaysian requirement.","","https://www.dosm.gov.my/uploads/content-downloads/file_20220920110308.pdf#page=358","http://data.europa.eu/esco/occupation/258e46f9-0075-4a2e-adae-1ff0477e0f30","M252401","252401","Data Scientist","https://emasco.mohr.gov.my/masco/2524-01","2020","exact_normalized_title","high","358","https://www.dosm.gov.my/uploads/content-downloads/file_20220920110308.pdf#page=358","Current eMASCO D11 profile inherited for a MASCO 2020 identity; not 2020-specific task evidence; test only.","close_match","high","M252401","False","Original current-role title, not the remapped 2020 title; retained for comparison only."
"M252403","Data Analyst","252403","2524","2511.3","data analyst","http://data.europa.eu/esco/occupation/d3edb8f8-3a06-47a0-8fb9-9b212c006aa2","close_match","high","Preferred occupation title matches after removing Malaysian grade/competency wrappers.","test_only_project_mapping_not_human_validated","False","2524-03","2511","","","","","no_unique_exact_esco_title_match","new_mapping","project_close_match","unique_cleaned_preferred_label","ReRouteHer project-derived; NOT an official MASCO-ESCO crosswalk","exact_preferred_label","1","Inherited current-role retrieval score; not a probability or a new MASCO 2020 validation score.","False","True","Not established","ESCO skills inherited from one primary occupation. Essential/optional refers to ESCO, not a verified Malaysian requirement.","","https://www.dosm.gov.my/uploads/content-downloads/file_20220920110308.pdf#page=358","http://data.europa.eu/esco/occupation/d3edb8f8-3a06-47a0-8fb9-9b212c006aa2","M252402","252402","Data Analyst","https://emasco.mohr.gov.my/masco/2524-02","2020","exact_normalized_title","high","358","https://www.dosm.gov.my/uploads/content-downloads/file_20220920110308.pdf#page=358","Current eMASCO D11 profile inherited for a MASCO 2020 identity; not 2020-specific task evidence; test only.","close_match","high","M252402","False","Original current-role title, not the remapped 2020 title; retained for comparison only."
"M252406","Data Architect","252406","2524","2521.2","database designer","http://data.europa.eu/esco/occupation/8d9ec84d-cf2d-4179-87bc-335cda54a427","close_match","medium","Data architecture/database design is an ESCO alternate label; corrects the older ICT-system-analyst assignment.","test_only_project_mapping_not_human_validated","False","2524-06","2521","2511.13","2511.13;2511.3;2511.12;2511.19","ICT system analyst;data analyst;ICT research consultant;user experience analyst","2511.13","d11_existing_esco_code","corrected_mapping","project_close_match","curated_title_and_duty_decision","ReRouteHer project-derived; NOT an official MASCO-ESCO crosswalk","exact_alternate_label","1","Inherited current-role retrieval score; not a probability or a new MASCO 2020 validation score.","False","True","Not established","ESCO skills inherited from one primary occupation. Essential/optional refers to ESCO, not a verified Malaysian requirement.","","https://www.dosm.gov.my/uploads/content-downloads/file_20220920110308.pdf#page=359","http://data.europa.eu/esco/occupation/8d9ec84d-cf2d-4179-87bc-335cda54a427","M252403","252403","Data Architect","https://emasco.mohr.gov.my/masco/2524-03","2020","exact_normalized_title","high","359","https://www.dosm.gov.my/uploads/content-downloads/file_20220920110308.pdf#page=359","Current eMASCO D11 profile inherited for a MASCO 2020 identity; not 2020-specific task evidence; test only.","close_match","medium","M252403","False","Original current-role title, not the remapped 2020 title; retained for comparison only."
"M252411","Machine Learning Engineer","252411","2524","2511.11","artificial intelligence engineer","http://data.europa.eu/esco/occupation/35553663-deab-4d9a-bf22-15c1625d28e8","inherited_test_proxy","low","Inherited current-role ESCO assignment, not independently revalidated for this MASCO 2020 identity. Current title explicitly combines Machine Learning Engineer and Artificial Intelligence Engineer, each printed separately in 2020. Original rationale: AI/machine-learning engineering overlap.","test_only_project_mapping_not_human_validated","False","2524-11","2511","","","","","no_unique_exact_esco_title_match","new_mapping","project_broader_proxy","curated_title_and_duty_decision","ReRouteHer project-derived; NOT an official MASCO-ESCO crosswalk","non_exact_title","0.761905","Inherited current-role retrieval score; not a probability or a new MASCO 2020 validation score.","False","True","Not established","ESCO skills inherited from one primary occupation. Essential/optional refers to ESCO, not a verified Malaysian requirement.","","https://www.dosm.gov.my/uploads/content-downloads/file_20220920110308.pdf#page=359","http://data.europa.eu/esco/occupation/35553663-deab-4d9a-bf22-15c1625d28e8","M251903","251903","Machine Learning/Artificial Intelligence (AI) Engineer","https://emasco.mohr.gov.my/masco/2519-03","2020","combined_title_split","medium","359","https://www.dosm.gov.my/uploads/content-downloads/file_20220920110308.pdf#page=359","Current eMASCO D11 profile inherited for a MASCO 2020 identity; not 2020-specific task evidence; test only.","broader_proxy","medium","M251903","False","Original current-role title, not the remapped 2020 title; retained for comparison only."
"M252413","Artificial Intelligence Engineer (AI)","252413","2524","2511.11","artificial intelligence engineer","http://data.europa.eu/esco/occupation/35553663-deab-4d9a-bf22-15c1625d28e8","inherited_test_proxy","low","Inherited current-role ESCO assignment, not independently revalidated for this MASCO 2020 identity. Current title explicitly combines Machine Learning Engineer and Artificial Intelligence Engineer, each printed separately in 2020. Original rationale: AI/machine-learning engineering overlap.","test_only_project_mapping_not_human_validated","False","2524-13","2511","","","","","no_unique_exact_esco_title_match","new_mapping","project_broader_proxy","curated_title_and_duty_decision","ReRouteHer project-derived; NOT an official MASCO-ESCO crosswalk","non_exact_title","0.761905","Inherited current-role retrieval score; not a probability or a new MASCO 2020 validation score.","False","True","Not established","ESCO skills inherited from one primary occupation. Essential/optional refers to ESCO, not a verified Malaysian requirement.","","https://www.dosm.gov.my/uploads/content-downloads/file_20220920110308.pdf#page=359","http://data.europa.eu/esco/occupation/35553663-deab-4d9a-bf22-15c1625d28e8","M251903","251903","Machine Learning/Artificial Intelligence (AI) Engineer","https://emasco.mohr.gov.my/masco/2519-03","2020","combined_title_split","medium","359","https://www.dosm.gov.my/uploads/content-downloads/file_20220920110308.pdf#page=359","Current eMASCO D11 profile inherited for a MASCO 2020 identity; not 2020-specific task evidence; test only.","broader_proxy","medium","M251903","False","Original current-role title, not the remapped 2020 title; retained for comparison only."
"M253102","Cybersecurity Executive","253102","2531","2529.8","cybersecurity risk manager","http://data.europa.eu/esco/occupation/7754d570-9519-48c2-b1c9-8e165f8bca0f","partial_proxy","low","Cybersecurity risk, governance and vulnerability analysis; incident-response duties and seniority may differ.","test_only_project_mapping_not_human_validated","False","2531-02","2529","","","","","no_unique_exact_esco_title_match","new_mapping","project_partial_proxy","curated_title_and_duty_decision","ReRouteHer project-derived; NOT an official MASCO-ESCO crosswalk","non_exact_title","0.723404","Inherited current-role retrieval score; not a probability or a new MASCO 2020 validation score.","False","True","Not established","ESCO skills inherited from one primary occupation. Essential/optional refers to ESCO, not a verified Malaysian requirement.","","https://www.dosm.gov.my/uploads/content-downloads/file_20220920110308.pdf#page=359","http://data.europa.eu/esco/occupation/7754d570-9519-48c2-b1c9-8e165f8bca0f","M253101","253101","Cybersecurity Executive","https://emasco.mohr.gov.my/masco/2531-01","2020","exact_normalized_title","high","359","https://www.dosm.gov.my/uploads/content-downloads/file_20220920110308.pdf#page=359","Current eMASCO D11 profile inherited for a MASCO 2020 identity; not 2020-specific task evidence; test only.","partial_proxy","low","M253101","False","Original current-role title, not the remapped 2020 title; retained for comparison only."
"M253103","Digital Forensic Specialist","253103","2531","2529.2","digital forensics expert","http://data.europa.eu/esco/occupation/0c448a27-10ec-43ba-b880-d9938bade424","partial_proxy","low","Title/duty comparison supports this primary proxy, but occupational breadth, specialisation or seniority may differ. See both source profiles in the evidence table.","test_only_project_mapping_not_human_validated","False","2531-03","2529","","","","","no_unique_exact_esco_title_match","new_mapping","project_partial_proxy","reviewed_existing_or_retrieved_candidate","ReRouteHer project-derived; NOT an official MASCO-ESCO crosswalk","non_exact_title","0.981818","Inherited current-role retrieval score; not a probability or a new MASCO 2020 validation score.","False","True","Not established","ESCO skills inherited from one primary occupation. Essential/optional refers to ESCO, not a verified Malaysian requirement.","","https://www.dosm.gov.my/uploads/content-downloads/file_20220920110308.pdf#page=359","http://data.europa.eu/esco/occupation/0c448a27-10ec-43ba-b880-d9938bade424","M253102","253102","Digital Forensic Specialist","https://emasco.mohr.gov.my/masco/2531-02","2020","exact_normalized_title","high","359","https://www.dosm.gov.my/uploads/content-downloads/file_20220920110308.pdf#page=359","Current eMASCO D11 profile inherited for a MASCO 2020 identity; not 2020-specific task evidence; test only.","partial_proxy","low","M253102","False","Original current-role title, not the remapped 2020 title; retained for comparison only."
"M253120","Information Security Officer","253120","2531","2529.6","ICT security administrator","http://data.europa.eu/esco/occupation/0464b062-cea6-4164-b10d-956c61956ae7","broader_proxy","medium","Security infrastructure, controls and administration; no chief-level authority is inferred.","test_only_project_mapping_not_human_validated","False","2531-20","2529","","","","","no_unique_exact_esco_title_match","new_mapping","project_broader_proxy","curated_title_and_duty_decision","ReRouteHer project-derived; NOT an official MASCO-ESCO crosswalk","non_exact_title","0.741935","Inherited current-role retrieval score; not a probability or a new MASCO 2020 validation score.","False","True","Not established","ESCO skills inherited from one primary occupation. Essential/optional refers to ESCO, not a verified Malaysian requirement.","","https://www.dosm.gov.my/uploads/content-downloads/file_20220920110308.pdf#page=359","http://data.europa.eu/esco/occupation/0464b062-cea6-4164-b10d-956c61956ae7","M253103","253103","Information Security Officer","https://emasco.mohr.gov.my/masco/2531-03","2020","exact_normalized_title","high","359","https://www.dosm.gov.my/uploads/content-downloads/file_20220920110308.pdf#page=359","Current eMASCO D11 profile inherited for a MASCO 2020 identity; not 2020-specific task evidence; test only.","broader_proxy","medium","M253103","False","Original current-role title, not the remapped 2020 title; retained for comparison only."
"M253130","Cybersecurity Analyst","253130","2531","2529.8","cybersecurity risk manager","http://data.europa.eu/esco/occupation/7754d570-9519-48c2-b1c9-8e165f8bca0f","partial_proxy","low","Cybersecurity risk, governance and vulnerability analysis; incident-response duties and seniority may differ.","test_only_project_mapping_not_human_validated","False","2531-30","2529","","","","","no_unique_exact_esco_title_match","new_mapping","project_partial_proxy","curated_title_and_duty_decision","ReRouteHer project-derived; NOT an official MASCO-ESCO crosswalk","non_exact_title","0.857143","Inherited current-role retrieval score; not a probability or a new MASCO 2020 validation score.","False","True","Not established","ESCO skills inherited from one primary occupation. Essential/optional refers to ESCO, not a verified Malaysian requirement.","","https://www.dosm.gov.my/uploads/content-downloads/file_20220920110308.pdf#page=359","http://data.europa.eu/esco/occupation/7754d570-9519-48c2-b1c9-8e165f8bca0f","M253104","253104","Cybersecurity Analyst","https://emasco.mohr.gov.my/masco/2531-04","2020","exact_normalized_title","high","359","https://www.dosm.gov.my/uploads/content-downloads/file_20220920110308.pdf#page=359","Current eMASCO D11 profile inherited for a MASCO 2020 identity; not 2020-specific task evidence; test only.","partial_proxy","low","M253104","False","Original current-role title, not the remapped 2020 title; retained for comparison only."
"M253131","Test Analyst (Information Technology)","253131","2531","2519.6","ICT test analyst","http://data.europa.eu/esco/occupation/0ab5c12c-c1c1-4772-8345-aa287d0e391d","partial_proxy","low","Title/duty comparison supports this primary proxy, but occupational breadth, specialisation or seniority may differ. See both source profiles in the evidence table.","test_only_project_mapping_not_human_validated","False","2531-31","2519","","","","","no_unique_exact_esco_title_match","new_mapping","project_partial_proxy","reviewed_existing_or_retrieved_candidate","ReRouteHer project-derived; NOT an official MASCO-ESCO crosswalk","non_exact_title","0.48","Inherited current-role retrieval score; not a probability or a new MASCO 2020 validation score.","False","True","Not established","ESCO skills inherited from one primary occupation. Essential/optional refers to ESCO, not a verified Malaysian requirement.","","https://www.dosm.gov.my/uploads/content-downloads/file_20220920110308.pdf#page=359","http://data.europa.eu/esco/occupation/0ab5c12c-c1c1-4772-8345-aa287d0e391d","M253105","253105","Test Analyst (Information Technology)","https://emasco.mohr.gov.my/masco/2531-05","2020","exact_normalized_title","high","359","https://www.dosm.gov.my/uploads/content-downloads/file_20220920110308.pdf#page=359","Current eMASCO D11 profile inherited for a MASCO 2020 identity; not 2020-specific task evidence; test only.","partial_proxy","low","M253105","False","Original current-role title, not the remapped 2020 title; retained for comparison only."
"M253136","Security Infrastructure Engineer","253136","2531","2529.6","ICT security administrator","http://data.europa.eu/esco/occupation/0464b062-cea6-4164-b10d-956c61956ae7","broader_proxy","medium","Security infrastructure, controls and administration; no chief-level authority is inferred.","test_only_project_mapping_not_human_validated","False","2531-36","2529","","","","","no_unique_exact_esco_title_match","new_mapping","project_broader_proxy","curated_title_and_duty_decision","ReRouteHer project-derived; NOT an official MASCO-ESCO crosswalk","non_exact_title","0.561404","Inherited current-role retrieval score; not a probability or a new MASCO 2020 validation score.","False","True","Not established","ESCO skills inherited from one primary occupation. Essential/optional refers to ESCO, not a verified Malaysian requirement.","","https://www.dosm.gov.my/uploads/content-downloads/file_20220920110308.pdf#page=359","http://data.europa.eu/esco/occupation/0464b062-cea6-4164-b10d-956c61956ae7","M253106","253106","Security Infrastructure Engineer","https://emasco.mohr.gov.my/masco/2531-06","2020","exact_normalized_title","high","359","https://www.dosm.gov.my/uploads/content-downloads/file_20220920110308.pdf#page=359","Current eMASCO D11 profile inherited for a MASCO 2020 identity; not 2020-specific task evidence; test only.","broader_proxy","medium","M253106","False","Original current-role title, not the remapped 2020 title; retained for comparison only."
"M253139","Internet Safety Evaluater","253139","2531","2513.4","web content manager","http://data.europa.eu/esco/occupation/a74f6c51-37e5-423e-aa5b-044e98663027","partial_proxy","low","Online-content review/moderation component; content management is only a proxy and does not establish safety-evaluator equivalence.","test_only_project_mapping_not_human_validated","False","2531-39","2513","","","","","no_unique_exact_esco_title_match","new_mapping","project_partial_proxy","curated_title_and_duty_decision","ReRouteHer project-derived; NOT an official MASCO-ESCO crosswalk","non_exact_title","0.55","Inherited current-role retrieval score; not a probability or a new MASCO 2020 validation score.","False","True","Not established","ESCO skills inherited from one primary occupation. Essential/optional refers to ESCO, not a verified Malaysian requirement.","","https://www.dosm.gov.my/uploads/content-downloads/file_20220920110308.pdf#page=359","http://data.europa.eu/esco/occupation/a74f6c51-37e5-423e-aa5b-044e98663027","M253107","253107","Internet Safety Evaluator","https://emasco.mohr.gov.my/masco/2531-07","2020","title_variant","high","359","https://www.dosm.gov.my/uploads/content-downloads/file_20220920110308.pdf#page=359","Current eMASCO D11 profile inherited for a MASCO 2020 identity; not 2020-specific task evidence; test only.","partial_proxy","low","M253107","False","Original current-role title, not the remapped 2020 title; retained for comparison only."
"M254110","Compositor/Composite artist","254110","2541","2166.13","special effects artist","http://data.europa.eu/esco/occupation/b1c0714d-77f1-4732-8fd8-9f0739fb9974","broader_proxy","medium","Digital compositing and visual-effects work.","test_only_project_mapping_not_human_validated","False","2541-10","2166","","","","","no_unique_exact_esco_title_match","new_mapping","project_broader_proxy","curated_title_and_duty_decision","ReRouteHer project-derived; NOT an official MASCO-ESCO crosswalk","non_exact_title","0.5","Inherited current-role retrieval score; not a probability or a new MASCO 2020 validation score.","False","True","Not established","ESCO skills inherited from one primary occupation. Essential/optional refers to ESCO, not a verified Malaysian requirement.","","https://www.dosm.gov.my/uploads/content-downloads/file_20220920110308.pdf#page=360","http://data.europa.eu/esco/occupation/b1c0714d-77f1-4732-8fd8-9f0739fb9974","M254101","254101","Compositor/Composite Artist","https://emasco.mohr.gov.my/masco/2541-01","2020","exact_normalized_title","high","360","https://www.dosm.gov.my/uploads/content-downloads/file_20220920110308.pdf#page=360","Current eMASCO D11 profile inherited for a MASCO 2020 identity; not 2020-specific task evidence; test only.","broader_proxy","medium","M254101","False","Original current-role title, not the remapped 2020 title; retained for comparison only."
"M254112","Scriptwriter / Screenwriter","254112","2541","2641.4.2","script writer","http://data.europa.eu/esco/occupation/ebe936e2-64e7-4777-94d6-42caa5a12409","partial_proxy","low","Title/duty comparison supports this primary proxy, but occupational breadth, specialisation or seniority may differ. See both source profiles in the evidence table.","test_only_project_mapping_not_human_validated","False","2541-12","2641","","","","","no_unique_exact_esco_title_match","new_mapping","project_partial_proxy","reviewed_existing_or_retrieved_candidate","ReRouteHer project-derived; NOT an official MASCO-ESCO crosswalk","non_exact_title","0.631579","Inherited current-role retrieval score; not a probability or a new MASCO 2020 validation score.","False","True","Not established","ESCO skills inherited from one primary occupation. Essential/optional refers to ESCO, not a verified Malaysian requirement.","","https://www.dosm.gov.my/uploads/content-downloads/file_20220920110308.pdf#page=360","http://data.europa.eu/esco/occupation/ebe936e2-64e7-4777-94d6-42caa5a12409","M254102","254102","Scriptwriter / Screenwriter","https://emasco.mohr.gov.my/masco/2541-02","2020","exact_normalized_title","high","360","https://www.dosm.gov.my/uploads/content-downloads/file_20220920110308.pdf#page=360","Current eMASCO D11 profile inherited for a MASCO 2020 identity; not 2020-specific task evidence; test only.","partial_proxy","low","M254102","False","Original current-role title, not the remapped 2020 title; retained for comparison only."
"M254116","Digital Artist","254116","2541","2166.5","digital artist","http://data.europa.eu/esco/occupation/d5c4ab26-c293-4f4d-ad89-fe776f49a67f","close_match","high","Preferred occupation title matches after removing Malaysian grade/competency wrappers.","test_only_project_mapping_not_human_validated","False","2541-16","2166","","","","","no_unique_exact_esco_title_match","new_mapping","project_close_match","unique_cleaned_preferred_label","ReRouteHer project-derived; NOT an official MASCO-ESCO crosswalk","exact_preferred_label","1","Inherited current-role retrieval score; not a probability or a new MASCO 2020 validation score.","False","True","Not established","ESCO skills inherited from one primary occupation. Essential/optional refers to ESCO, not a verified Malaysian requirement.","","https://www.dosm.gov.my/uploads/content-downloads/file_20220920110308.pdf#page=360","http://data.europa.eu/esco/occupation/d5c4ab26-c293-4f4d-ad89-fe776f49a67f","M254103","254103","Digital Artist","https://emasco.mohr.gov.my/masco/2541-03","2020","exact_normalized_title","high","360","https://www.dosm.gov.my/uploads/content-downloads/file_20220920110308.pdf#page=360","Current eMASCO D11 profile inherited for a MASCO 2020 identity; not 2020-specific task evidence; test only.","close_match","high","M254103","False","Original current-role title, not the remapped 2020 title; retained for comparison only."
"M254120","Multimedia Artist","254120","2541","2166.7","digital media designer","http://data.europa.eu/esco/occupation/d5a43cd3-230e-46d0-ba05-d67d61e5cfbb","inherited_test_proxy","low","Inherited current-role ESCO assignment, not independently revalidated for this MASCO 2020 identity. The current composite title explicitly includes Multimedia Artist and Multimedia Designer; retain those 2020 identities, without inventing a generic 2020 animator code. Original rationale: Digital visual/media design; visualization and multidisciplinary design specialties need enrichment.","test_only_project_mapping_not_human_validated","False","2541-20","2166","","","","","no_unique_exact_esco_title_match","new_mapping","project_broader_proxy","curated_title_and_duty_decision","ReRouteHer project-derived; NOT an official MASCO-ESCO crosswalk","non_exact_title","0.612903","Inherited current-role retrieval score; not a probability or a new MASCO 2020 validation score.","False","True","Not established","ESCO skills inherited from one primary occupation. Essential/optional refers to ESCO, not a verified Malaysian requirement.","","https://www.dosm.gov.my/uploads/content-downloads/file_20220920110308.pdf#page=360","http://data.europa.eu/esco/occupation/d5a43cd3-230e-46d0-ba05-d67d61e5cfbb","M254104","254104","Multimedia Designer/Artist/Animator","https://emasco.mohr.gov.my/masco/2541-04","2020","combined_title_split","medium","360","https://www.dosm.gov.my/uploads/content-downloads/file_20220920110308.pdf#page=360","Current eMASCO D11 profile inherited for a MASCO 2020 identity; not 2020-specific task evidence; test only.","broader_proxy","medium","M254104","False","Original current-role title, not the remapped 2020 title; retained for comparison only."
"M254126","Visualization Specialist","254126","2541","2166.7","digital media designer","http://data.europa.eu/esco/occupation/d5a43cd3-230e-46d0-ba05-d67d61e5cfbb","broader_proxy","medium","Digital visual/media design; visualization and multidisciplinary design specialties need enrichment.","test_only_project_mapping_not_human_validated","False","2541-26","2166","","","","","no_unique_exact_esco_title_match","new_mapping","project_broader_proxy","curated_title_and_duty_decision","ReRouteHer project-derived; NOT an official MASCO-ESCO crosswalk","non_exact_title","0.382979","Inherited current-role retrieval score; not a probability or a new MASCO 2020 validation score.","False","True","Not established","ESCO skills inherited from one primary occupation. Essential/optional refers to ESCO, not a verified Malaysian requirement.","","https://www.dosm.gov.my/uploads/content-downloads/file_20220920110308.pdf#page=360","http://data.europa.eu/esco/occupation/d5a43cd3-230e-46d0-ba05-d67d61e5cfbb","M254105","254105","Visualization Specialist","https://emasco.mohr.gov.my/masco/2541-05","2020","exact_normalized_title","high","360","https://www.dosm.gov.my/uploads/content-downloads/file_20220920110308.pdf#page=360","Current eMASCO D11 profile inherited for a MASCO 2020 identity; not 2020-specific task evidence; test only.","broader_proxy","medium","M254105","False","Original current-role title, not the remapped 2020 title; retained for comparison only."
"M254127","Computer Specialist","254127","2541","3512.4","ICT technician","http://data.europa.eu/esco/occupation/3e7bf729-4442-4b9f-ad5e-83111963795c","broader_proxy","medium","D11 profile is system maintenance and ICT user support, not theoretical computer science.","test_only_project_mapping_not_human_validated","False","2541-27","3512","","","","","no_unique_exact_esco_title_match","new_mapping","project_broader_proxy","curated_title_and_duty_decision","ReRouteHer project-derived; NOT an official MASCO-ESCO crosswalk","non_exact_title","0.722222","Inherited current-role retrieval score; not a probability or a new MASCO 2020 validation score.","False","True","Not established","ESCO skills inherited from one primary occupation. Essential/optional refers to ESCO, not a verified Malaysian requirement.","","https://www.dosm.gov.my/uploads/content-downloads/file_20220920110308.pdf#page=360","http://data.europa.eu/esco/occupation/3e7bf729-4442-4b9f-ad5e-83111963795c","M254106","254106","Computer Specialist","https://emasco.mohr.gov.my/masco/2541-06","2020","exact_normalized_title","high","360","https://www.dosm.gov.my/uploads/content-downloads/file_20220920110308.pdf#page=360","Current eMASCO D11 profile inherited for a MASCO 2020 identity; not 2020-specific task evidence; test only.","broader_proxy","medium","M254106","False","Original current-role title, not the remapped 2020 title; retained for comparison only."
"M254128","Story Content Writer","254128","2541","2641.4","writer","http://data.europa.eu/esco/occupation/b06a1dde-e5a1-4219-9491-2bedd0282e4b","close_match","medium","Story/content writing.","test_only_project_mapping_not_human_validated","False","2541-28","2641","","","","","no_unique_exact_esco_title_match","new_mapping","project_close_match","curated_title_and_duty_decision","ReRouteHer project-derived; NOT an official MASCO-ESCO crosswalk","non_exact_title","0.580645","Inherited current-role retrieval score; not a probability or a new MASCO 2020 validation score.","False","True","Not established","ESCO skills inherited from one primary occupation. Essential/optional refers to ESCO, not a verified Malaysian requirement.","","https://www.dosm.gov.my/uploads/content-downloads/file_20220920110308.pdf#page=360","http://data.europa.eu/esco/occupation/b06a1dde-e5a1-4219-9491-2bedd0282e4b","M254107","254107","Story Content Writer","https://emasco.mohr.gov.my/masco/2541-07","2020","exact_normalized_title","high","360","https://www.dosm.gov.my/uploads/content-downloads/file_20220920110308.pdf#page=360","Current eMASCO D11 profile inherited for a MASCO 2020 identity; not 2020-specific task evidence; test only.","close_match","medium","M254107","False","Original current-role title, not the remapped 2020 title; retained for comparison only."
"M254201","Game Designer (Digital)","254201","2542","2166.6","digital games designer","http://data.europa.eu/esco/occupation/d68ff35f-e34d-4e32-88ab-d6c06a6c25b9","partial_proxy","low","Title/duty comparison supports this primary proxy, but occupational breadth, specialisation or seniority may differ. See both source profiles in the evidence table.","test_only_project_mapping_not_human_validated","False","2542-01","2166","","","","","no_unique_exact_esco_title_match","new_mapping","project_partial_proxy","reviewed_existing_or_retrieved_candidate","ReRouteHer project-derived; NOT an official MASCO-ESCO crosswalk","non_exact_title","0.634146","Inherited current-role retrieval score; not a probability or a new MASCO 2020 validation score.","False","True","Not established","ESCO skills inherited from one primary occupation. Essential/optional refers to ESCO, not a verified Malaysian requirement.","","https://www.dosm.gov.my/uploads/content-downloads/file_20220920110308.pdf#page=360","http://data.europa.eu/esco/occupation/d68ff35f-e34d-4e32-88ab-d6c06a6c25b9","M254201","254201","Game Designer (Digital)","https://emasco.mohr.gov.my/masco/2542-01","2020","exact_normalized_title","high","360","https://www.dosm.gov.my/uploads/content-downloads/file_20220920110308.pdf#page=360","Current eMASCO D11 profile inherited for a MASCO 2020 identity; not 2020-specific task evidence; test only.","partial_proxy","low","M254201","False","Original current-role title, not the remapped 2020 title; retained for comparison only."
"M254203","QA Tester/Game Tester (Digital)","254203","2542","2519.7.1","digital games tester","http://data.europa.eu/esco/occupation/33e4f026-a823-4ffc-99e4-60d3fe597a1e","partial_proxy","low","Title/duty comparison supports this primary proxy, but occupational breadth, specialisation or seniority may differ. See both source profiles in the evidence table.","test_only_project_mapping_not_human_validated","False","2542-03","2519","","","","","no_unique_exact_esco_title_match","new_mapping","project_partial_proxy","reviewed_existing_or_retrieved_candidate","ReRouteHer project-derived; NOT an official MASCO-ESCO crosswalk","non_exact_title","0.6","Inherited current-role retrieval score; not a probability or a new MASCO 2020 validation score.","False","True","Not established","ESCO skills inherited from one primary occupation. Essential/optional refers to ESCO, not a verified Malaysian requirement.","","https://www.dosm.gov.my/uploads/content-downloads/file_20220920110308.pdf#page=360","http://data.europa.eu/esco/occupation/33e4f026-a823-4ffc-99e4-60d3fe597a1e","M254202","254202","QA Tester/Game Tester (Digital)","https://emasco.mohr.gov.my/masco/2542-02","2020","exact_normalized_title","high","360","https://www.dosm.gov.my/uploads/content-downloads/file_20220920110308.pdf#page=360","Current eMASCO D11 profile inherited for a MASCO 2020 identity; not 2020-specific task evidence; test only.","partial_proxy","low","M254202","False","Original current-role title, not the remapped 2020 title; retained for comparison only."
"M254204","Game Producer (Digital)","254204","2542","1223.2.1.3","games development manager","http://data.europa.eu/esco/occupation/62001bb7-4611-4b61-903e-d98589c0821a","close_match","medium","Games production and development management.","test_only_project_mapping_not_human_validated","False","2542-04","1223","","","","","no_unique_exact_esco_title_match","new_mapping","project_close_match","curated_title_and_duty_decision","ReRouteHer project-derived; NOT an official MASCO-ESCO crosswalk","non_exact_title","0.477612","Inherited current-role retrieval score; not a probability or a new MASCO 2020 validation score.","False","True","Not established","ESCO skills inherited from one primary occupation. Essential/optional refers to ESCO, not a verified Malaysian requirement.","","https://www.dosm.gov.my/uploads/content-downloads/file_20220920110308.pdf#page=360","http://data.europa.eu/esco/occupation/62001bb7-4611-4b61-903e-d98589c0821a","M254203","254203","Game Producer (Digital)","https://emasco.mohr.gov.my/masco/2542-03","2020","exact_normalized_title","high","360","https://www.dosm.gov.my/uploads/content-downloads/file_20220920110308.pdf#page=360","Current eMASCO D11 profile inherited for a MASCO 2020 identity; not 2020-specific task evidence; test only.","close_match","medium","M254203","False","Original current-role title, not the remapped 2020 title; retained for comparison only."
"M254206","3D Artist","254206","2542","2166.1","3D modeller","http://data.europa.eu/esco/occupation/bab5fa79-7f96-4e21-87b6-1eba560b8d9a","inherited_test_proxy","low","Inherited current-role ESCO assignment, not independently revalidated for this MASCO 2020 identity. The described multi-stage 3D asset creation role is a 3D Artist; retain any more exact source row as primary if both map to this same 2020 code. Original rationale: 3D modelling component; generalist animation, lighting and effects scope is wider.","test_only_project_mapping_not_human_validated","False","2542-06","2166","","","","","no_unique_exact_esco_title_match","new_mapping","project_partial_proxy","curated_title_and_duty_decision","ReRouteHer project-derived; NOT an official MASCO-ESCO crosswalk","non_exact_title","0.692308","Inherited current-role retrieval score; not a probability or a new MASCO 2020 validation score.","False","True","Not established","ESCO skills inherited from one primary occupation. Essential/optional refers to ESCO, not a verified Malaysian requirement.","","https://www.dosm.gov.my/uploads/content-downloads/file_20220920110308.pdf#page=360","http://data.europa.eu/esco/occupation/bab5fa79-7f96-4e21-87b6-1eba560b8d9a","M254108","254108","3D Generalist","https://emasco.mohr.gov.my/masco/2541-08","2020","reviewed_functional_equivalent","medium","360","https://www.dosm.gov.my/uploads/content-downloads/file_20220920110308.pdf#page=360","Current eMASCO D11 profile inherited for a MASCO 2020 identity; not 2020-specific task evidence; test only.","partial_proxy","low","M254108","False","Original current-role title, not the remapped 2020 title; retained for comparison only."
"M254209","Concept Artist","254209","2542","2166.5","digital artist","http://data.europa.eu/esco/occupation/d5c4ab26-c293-4f4d-ad89-fe776f49a67f","broader_proxy","medium","Digital concept-art production; game/film pre-production specialization is not separately represented. Avoid fine-art conceptual-artist alias.","test_only_project_mapping_not_human_validated","False","2542-09","2166","","","","","no_unique_exact_esco_title_match","new_mapping","project_broader_proxy","curated_title_and_duty_decision","ReRouteHer project-derived; NOT an official MASCO-ESCO crosswalk","non_exact_title","0.689655","Inherited current-role retrieval score; not a probability or a new MASCO 2020 validation score.","False","True","Not established","ESCO skills inherited from one primary occupation. Essential/optional refers to ESCO, not a verified Malaysian requirement.","","https://www.dosm.gov.my/uploads/content-downloads/file_20220920110308.pdf#page=360","http://data.europa.eu/esco/occupation/d5c4ab26-c293-4f4d-ad89-fe776f49a67f","M254204","254204","Concept Artist","https://emasco.mohr.gov.my/masco/2542-04","2020","exact_normalized_title","high","360","https://www.dosm.gov.my/uploads/content-downloads/file_20220920110308.pdf#page=360","Current eMASCO D11 profile inherited for a MASCO 2020 identity; not 2020-specific task evidence; test only.","broader_proxy","medium","M254204","False","Original current-role title, not the remapped 2020 title; retained for comparison only."
"M254210","Technical Artist","254210","2542","2166.5","digital artist","http://data.europa.eu/esco/occupation/d5c4ab26-c293-4f4d-ad89-fe776f49a67f","partial_proxy","low","Digital-art production proxy; technical pipeline, shaders and programming need enrichment.","test_only_project_mapping_not_human_validated","False","2542-10","2166","","","","","no_unique_exact_esco_title_match","new_mapping","project_partial_proxy","curated_title_and_duty_decision","ReRouteHer project-derived; NOT an official MASCO-ESCO crosswalk","non_exact_title","0.666667","Inherited current-role retrieval score; not a probability or a new MASCO 2020 validation score.","False","True","Not established","ESCO skills inherited from one primary occupation. Essential/optional refers to ESCO, not a verified Malaysian requirement.","","https://www.dosm.gov.my/uploads/content-downloads/file_20220920110308.pdf#page=360","http://data.europa.eu/esco/occupation/d5c4ab26-c293-4f4d-ad89-fe776f49a67f","M254205","254205","Technical Artist","https://emasco.mohr.gov.my/masco/2542-05","2020","exact_normalized_title","high","360","https://www.dosm.gov.my/uploads/content-downloads/file_20220920110308.pdf#page=360","Current eMASCO D11 profile inherited for a MASCO 2020 identity; not 2020-specific task evidence; test only.","partial_proxy","low","M254205","False","Original current-role title, not the remapped 2020 title; retained for comparison only."
"M254211","Art director","254211","2542","2431.7","creative director","http://data.europa.eu/esco/occupation/d2db926b-8b14-4686-9c98-fb0dc3a38cbb","inherited_test_proxy","medium","Inherited current-role ESCO assignment, not independently revalidated for this MASCO 2020 identity. Current description and tasks specifically lead visual/artistic direction and a creative design team; Art director is the supported 2020 role, not every performing-arts director. Original rationale: Creative direction; composite performing-media roles need further specialization.","test_only_project_mapping_not_human_validated","False","2542-11","2431","","","","","no_unique_exact_esco_title_match","new_mapping","project_broader_proxy","curated_title_and_duty_decision","ReRouteHer project-derived; NOT an official MASCO-ESCO crosswalk","non_exact_title","0.507463","Inherited current-role retrieval score; not a probability or a new MASCO 2020 validation score.","False","True","Not established","ESCO skills inherited from one primary occupation. Essential/optional refers to ESCO, not a verified Malaysian requirement.","","https://www.dosm.gov.my/uploads/content-downloads/file_20220920110308.pdf#page=360","http://data.europa.eu/esco/occupation/d2db926b-8b14-4686-9c98-fb0dc3a38cbb","M254206","254206","Creative, Performing and Media Production Directors","https://emasco.mohr.gov.my/masco/2542-06","2020","reviewed_functional_equivalent","medium","360","https://www.dosm.gov.my/uploads/content-downloads/file_20220920110308.pdf#page=360","Current eMASCO D11 profile inherited for a MASCO 2020 identity; not 2020-specific task evidence; test only.","broader_proxy","medium","M254206","False","Original current-role title, not the remapped 2020 title; retained for comparison only."
"M254215","Graphics Programmer","254215","2542","2513.1","digital games developer","http://data.europa.eu/esco/occupation/9ebaf3f0-0be0-47b7-b2b1-b3b04130fa81","partial_proxy","low","Games graphics programming; a software occupation is used, not graphic design.","test_only_project_mapping_not_human_validated","False","2542-15","2513","","","","","no_unique_exact_esco_title_match","new_mapping","project_partial_proxy","curated_title_and_duty_decision","ReRouteHer project-derived; NOT an official MASCO-ESCO crosswalk","non_exact_title","0.8","Inherited current-role retrieval score; not a probability or a new MASCO 2020 validation score.","False","True","Not established","ESCO skills inherited from one primary occupation. Essential/optional refers to ESCO, not a verified Malaysian requirement.","","https://www.dosm.gov.my/uploads/content-downloads/file_20220920110308.pdf#page=360","http://data.europa.eu/esco/occupation/9ebaf3f0-0be0-47b7-b2b1-b3b04130fa81","M254207","254207","Graphics Programmer","https://emasco.mohr.gov.my/masco/2542-07","2020","exact_normalized_title","high","360","https://www.dosm.gov.my/uploads/content-downloads/file_20220920110308.pdf#page=360","Current eMASCO D11 profile inherited for a MASCO 2020 identity; not 2020-specific task evidence; test only.","partial_proxy","low","M254207","False","Original current-role title, not the remapped 2020 title; retained for comparison only."
"M254217","Graphics Creator","254217","2542","2166.9","graphic designer","http://data.europa.eu/esco/occupation/69bcbb0a-8d80-4ecd-b0a4-9adea2a40de2","partial_proxy","low","Title/duty comparison supports this primary proxy, but occupational breadth, specialisation or seniority may differ. See both source profiles in the evidence table.","test_only_project_mapping_not_human_validated","False","2542-17","2166","","","","","no_unique_exact_esco_title_match","new_mapping","project_partial_proxy","reviewed_existing_or_retrieved_candidate","ReRouteHer project-derived; NOT an official MASCO-ESCO crosswalk","non_exact_title","0.606061","Inherited current-role retrieval score; not a probability or a new MASCO 2020 validation score.","False","True","Not established","ESCO skills inherited from one primary occupation. Essential/optional refers to ESCO, not a verified Malaysian requirement.","","https://www.dosm.gov.my/uploads/content-downloads/file_20220920110308.pdf#page=360","http://data.europa.eu/esco/occupation/69bcbb0a-8d80-4ecd-b0a4-9adea2a40de2","M254208","254208","Graphics Creator","https://emasco.mohr.gov.my/masco/2542-08","2020","exact_normalized_title","high","360","https://www.dosm.gov.my/uploads/content-downloads/file_20220920110308.pdf#page=360","Current eMASCO D11 profile inherited for a MASCO 2020 identity; not 2020-specific task evidence; test only.","partial_proxy","low","M254208","False","Original current-role title, not the remapped 2020 title; retained for comparison only."
"M254301","Web Designer","254301","2543","2166.15","web designer","http://data.europa.eu/esco/occupation/30ed83ba-cc89-4d9f-a59d-5c783c1da56e","close_match","high","Preferred occupation title matches after removing Malaysian grade/competency wrappers.","test_only_project_mapping_not_human_validated","False","2543-01","2166","","","","","no_unique_exact_esco_title_match","new_mapping","project_close_match","unique_cleaned_preferred_label","ReRouteHer project-derived; NOT an official MASCO-ESCO crosswalk","exact_preferred_label","1","Inherited current-role retrieval score; not a probability or a new MASCO 2020 validation score.","False","True","Not established","ESCO skills inherited from one primary occupation. Essential/optional refers to ESCO, not a verified Malaysian requirement.","","https://www.dosm.gov.my/uploads/content-downloads/file_20220920110308.pdf#page=360","http://data.europa.eu/esco/occupation/30ed83ba-cc89-4d9f-a59d-5c783c1da56e","M254301","254301","Web Designer","https://emasco.mohr.gov.my/masco/2543-01","2020","exact_normalized_title","high","360","https://www.dosm.gov.my/uploads/content-downloads/file_20220920110308.pdf#page=360","Current eMASCO D11 profile inherited for a MASCO 2020 identity; not 2020-specific task evidence; test only.","close_match","high","M254301","False","Original current-role title, not the remapped 2020 title; retained for comparison only."
"M254302","Graphic Designer","254302","2543","2166.9","graphic designer","http://data.europa.eu/esco/occupation/69bcbb0a-8d80-4ecd-b0a4-9adea2a40de2","close_match","medium","ESCO alternate title matches the cleaned MASCO title; national qualifications and full task scope are not assumed equivalent.","test_only_project_mapping_not_human_validated","False","2543-02","2166","2166.9","2166.9","graphic designer","2166.9","d11_existing_esco_code","retained_mapping","project_close_match","reviewed_existing_or_retrieved_candidate","ReRouteHer project-derived; NOT an official MASCO-ESCO crosswalk","exact_alternate_label","1","Inherited current-role retrieval score; not a probability or a new MASCO 2020 validation score.","False","True","Not established","ESCO skills inherited from one primary occupation. Essential/optional refers to ESCO, not a verified Malaysian requirement.","","https://www.dosm.gov.my/uploads/content-downloads/file_20220920110308.pdf#page=360","http://data.europa.eu/esco/occupation/69bcbb0a-8d80-4ecd-b0a4-9adea2a40de2","M254302","254302","Graphics Designer","https://emasco.mohr.gov.my/masco/2543-02","2020","title_variant","high","360","https://www.dosm.gov.my/uploads/content-downloads/file_20220920110308.pdf#page=360","Current eMASCO D11 profile inherited for a MASCO 2020 identity; not 2020-specific task evidence; test only.","close_match","medium","M254302","False","Original current-role title, not the remapped 2020 title; retained for comparison only."
"M254305","Multimedia Designer","254305","2543","2166.7","digital media designer","http://data.europa.eu/esco/occupation/d5a43cd3-230e-46d0-ba05-d67d61e5cfbb","inherited_test_proxy","low","Inherited current-role ESCO assignment, not independently revalidated for this MASCO 2020 identity. The current composite title explicitly includes Multimedia Artist and Multimedia Designer; retain those 2020 identities, without inventing a generic 2020 animator code. Original rationale: Digital visual/media design; visualization and multidisciplinary design specialties need enrichment.","test_only_project_mapping_not_human_validated","False","2543-05","2166","","","","","no_unique_exact_esco_title_match","new_mapping","project_broader_proxy","curated_title_and_duty_decision","ReRouteHer project-derived; NOT an official MASCO-ESCO crosswalk","non_exact_title","0.612903","Inherited current-role retrieval score; not a probability or a new MASCO 2020 validation score.","False","True","Not established","ESCO skills inherited from one primary occupation. Essential/optional refers to ESCO, not a verified Malaysian requirement.","","https://www.dosm.gov.my/uploads/content-downloads/file_20220920110308.pdf#page=361","http://data.europa.eu/esco/occupation/d5a43cd3-230e-46d0-ba05-d67d61e5cfbb","M254104","254104","Multimedia Designer/Artist/Animator","https://emasco.mohr.gov.my/masco/2541-04","2020","combined_title_split","medium","361","https://www.dosm.gov.my/uploads/content-downloads/file_20220920110308.pdf#page=361","Current eMASCO D11 profile inherited for a MASCO 2020 identity; not 2020-specific task evidence; test only.","broader_proxy","medium","M254104","False","Original current-role title, not the remapped 2020 title; retained for comparison only."
"M254314","UX Designer (User Experience)","254314","2543","2513.3","user interface designer","http://data.europa.eu/esco/occupation/96e20037-0a25-4bf6-a25e-808d1605d890","partial_proxy","low","Interface design component of UX; user research and broader service experience are not fully covered.","test_only_project_mapping_not_human_validated","False","2543-14","2513","","","","","no_unique_exact_esco_title_match","new_mapping","project_partial_proxy","curated_title_and_duty_decision","ReRouteHer project-derived; NOT an official MASCO-ESCO crosswalk","non_exact_title","0.526316","Inherited current-role retrieval score; not a probability or a new MASCO 2020 validation score.","False","True","Not established","ESCO skills inherited from one primary occupation. Essential/optional refers to ESCO, not a verified Malaysian requirement.","","https://www.dosm.gov.my/uploads/content-downloads/file_20220920110308.pdf#page=361","http://data.europa.eu/esco/occupation/96e20037-0a25-4bf6-a25e-808d1605d890","M254303","254303","UX Designer (User Experience)","https://emasco.mohr.gov.my/masco/2543-03","2020","exact_normalized_title","high","361","https://www.dosm.gov.my/uploads/content-downloads/file_20220920110308.pdf#page=361","Current eMASCO D11 profile inherited for a MASCO 2020 identity; not 2020-specific task evidence; test only.","partial_proxy","low","M254303","False","Original current-role title, not the remapped 2020 title; retained for comparison only."
"M254316","Digital Designer","254316","2543","2166.7","digital media designer","http://data.europa.eu/esco/occupation/d5a43cd3-230e-46d0-ba05-d67d61e5cfbb","broader_proxy","medium","Digital visual/media design; visualization and multidisciplinary design specialties need enrichment.","test_only_project_mapping_not_human_validated","False","2543-16","2166","","","","","no_unique_exact_esco_title_match","new_mapping","project_broader_proxy","curated_title_and_duty_decision","ReRouteHer project-derived; NOT an official MASCO-ESCO crosswalk","non_exact_title","0.842105","Inherited current-role retrieval score; not a probability or a new MASCO 2020 validation score.","False","True","Not established","ESCO skills inherited from one primary occupation. Essential/optional refers to ESCO, not a verified Malaysian requirement.","","https://www.dosm.gov.my/uploads/content-downloads/file_20220920110308.pdf#page=361","http://data.europa.eu/esco/occupation/d5a43cd3-230e-46d0-ba05-d67d61e5cfbb","M254304","254304","Digital Designer","https://emasco.mohr.gov.my/masco/2543-04","2020","exact_normalized_title","high","361","https://www.dosm.gov.my/uploads/content-downloads/file_20220920110308.pdf#page=361","Current eMASCO D11 profile inherited for a MASCO 2020 identity; not 2020-specific task evidence; test only.","broader_proxy","medium","M254304","False","Original current-role title, not the remapped 2020 title; retained for comparison only."
"M254317","Creative Team Leader","254317","2543","2431.7","creative director","http://data.europa.eu/esco/occupation/d2db926b-8b14-4686-9c98-fb0dc3a38cbb","broader_proxy","medium","Creative direction; composite performing-media roles need further specialization.","test_only_project_mapping_not_human_validated","False","2543-17","2431","","","","","no_unique_exact_esco_title_match","new_mapping","project_broader_proxy","curated_title_and_duty_decision","ReRouteHer project-derived; NOT an official MASCO-ESCO crosswalk","non_exact_title","0.722222","Inherited current-role retrieval score; not a probability or a new MASCO 2020 validation score.","False","True","Not established","ESCO skills inherited from one primary occupation. Essential/optional refers to ESCO, not a verified Malaysian requirement.","","https://www.dosm.gov.my/uploads/content-downloads/file_20220920110308.pdf#page=361","http://data.europa.eu/esco/occupation/d2db926b-8b14-4686-9c98-fb0dc3a38cbb","M254305","254305","Creative Team Leader","https://emasco.mohr.gov.my/masco/2543-05","2020","exact_normalized_title","high","361","https://www.dosm.gov.my/uploads/content-downloads/file_20220920110308.pdf#page=361","Current eMASCO D11 profile inherited for a MASCO 2020 identity; not 2020-specific task evidence; test only.","broader_proxy","medium","M254305","False","Original current-role title, not the remapped 2020 title; retained for comparison only."
"M254318","Character Rigger","254318","2543","2166.3.1","3D animator","http://data.europa.eu/esco/occupation/52df9d56-efd4-48d0-ad93-59231943fc4c","partial_proxy","low","Character deformation/rigging in 3D animation; not physical rigging or desktop publishing.","test_only_project_mapping_not_human_validated","False","2543-18","2166","2166.4","2166.4","desktop publisher","2166.4","d11_existing_esco_code","corrected_mapping","project_partial_proxy","curated_title_and_duty_decision","ReRouteHer project-derived; NOT an official MASCO-ESCO crosswalk","non_exact_title","0.392157","Inherited current-role retrieval score; not a probability or a new MASCO 2020 validation score.","False","True","Not established","ESCO skills inherited from one primary occupation. Essential/optional refers to ESCO, not a verified Malaysian requirement.","","https://www.dosm.gov.my/uploads/content-downloads/file_20220920110308.pdf#page=361","http://data.europa.eu/esco/occupation/52df9d56-efd4-48d0-ad93-59231943fc4c","M254306","254306","Character Rigger","https://emasco.mohr.gov.my/masco/2543-06","2020","exact_normalized_title","high","361","https://www.dosm.gov.my/uploads/content-downloads/file_20220920110308.pdf#page=361","Current eMASCO D11 profile inherited for a MASCO 2020 identity; not 2020-specific task evidence; test only.","partial_proxy","low","M254306","False","Original current-role title, not the remapped 2020 title; retained for comparison only."
"M261907","Coroner","261907","2619","2619.2","coroner","http://data.europa.eu/esco/occupation/c6c48286-2037-47e3-a132-b745dce858e2","close_match","high","Preferred occupation title matches after removing Malaysian grade/competency wrappers.","test_only_project_mapping_not_human_validated","False","2619-07","2619","","","","2619.2","unique_exact_preferred_title_same_isco_group","retained_mapping","project_close_match","unique_cleaned_preferred_label","ReRouteHer project-derived; NOT an official MASCO-ESCO crosswalk","exact_preferred_label","1","Inherited current-role retrieval score; not a probability or a new MASCO 2020 validation score.","True","True","Not established","ESCO skills inherited from one primary occupation. Essential/optional refers to ESCO, not a verified Malaysian requirement.","","https://www.dosm.gov.my/uploads/content-downloads/file_20220920110308.pdf#page=362","http://data.europa.eu/esco/occupation/c6c48286-2037-47e3-a132-b745dce858e2","M261906","261906","Coroner","https://emasco.mohr.gov.my/masco/2619-06","2020","exact_normalized_title","high","362","https://www.dosm.gov.my/uploads/content-downloads/file_20220920110308.pdf#page=362","Current eMASCO D11 profile inherited for a MASCO 2020 identity; not 2020-specific task evidence; test only.","close_match","high","M261906","True","Original current-role title, not the remapped 2020 title; retained for comparison only."
"M282203","Archaeologist","282203","2822","2632.2","archaeologist","http://data.europa.eu/esco/occupation/203ea2ee-bbee-4aaf-83d7-2f2225f916e3","close_match","high","Preferred occupation title matches after removing Malaysian grade/competency wrappers.","test_only_project_mapping_not_human_validated","False","2822-03","2632","","","","","no_unique_exact_esco_title_match","new_mapping","project_close_match","unique_cleaned_preferred_label","ReRouteHer project-derived; NOT an official MASCO-ESCO crosswalk","exact_preferred_label","1","Inherited current-role retrieval score; not a probability or a new MASCO 2020 validation score.","False","True","Not established","ESCO skills inherited from one primary occupation. Essential/optional refers to ESCO, not a verified Malaysian requirement.","","https://www.dosm.gov.my/uploads/content-downloads/file_20220920110308.pdf#page=363","http://data.europa.eu/esco/occupation/203ea2ee-bbee-4aaf-83d7-2f2225f916e3","M282203","282203","Archaeologist","https://emasco.mohr.gov.my/masco/2822-03","2020","exact_normalized_title","high","363","https://www.dosm.gov.my/uploads/content-downloads/file_20220920110308.pdf#page=363","Current eMASCO D11 profile inherited for a MASCO 2020 identity; not 2020-specific task evidence; test only.","close_match","high","M282203","False","Original current-role title, not the remapped 2020 title; retained for comparison only."
"M282204","Geographer","282204","2822","2632.5","geographer","http://data.europa.eu/esco/occupation/bac64fa2-dcd6-47bb-8e5c-04e04a86a199","close_match","high","Preferred occupation title matches after removing Malaysian grade/competency wrappers.","test_only_project_mapping_not_human_validated","False","2822-04","2632","","","","","no_unique_exact_esco_title_match","new_mapping","project_close_match","unique_cleaned_preferred_label","ReRouteHer project-derived; NOT an official MASCO-ESCO crosswalk","exact_preferred_label","1","Inherited current-role retrieval score; not a probability or a new MASCO 2020 validation score.","False","True","Not established","ESCO skills inherited from one primary occupation. Essential/optional refers to ESCO, not a verified Malaysian requirement.","","https://www.dosm.gov.my/uploads/content-downloads/file_20220920110308.pdf#page=363","http://data.europa.eu/esco/occupation/bac64fa2-dcd6-47bb-8e5c-04e04a86a199","M282204","282204","Geographer","https://emasco.mohr.gov.my/masco/2822-04","2020","exact_normalized_title","high","363","https://www.dosm.gov.my/uploads/content-downloads/file_20220920110308.pdf#page=363","Current eMASCO D11 profile inherited for a MASCO 2020 identity; not 2020-specific task evidence; test only.","close_match","high","M282204","False","Original current-role title, not the remapped 2020 title; retained for comparison only."
"M282206","Criminologist","282206","2822","2632.4","criminologist","http://data.europa.eu/esco/occupation/0611f232-b30e-46c7-9c26-2d59b1448e79","close_match","high","Preferred occupation title matches after removing Malaysian grade/competency wrappers.","test_only_project_mapping_not_human_validated","False","2822-06","2632","","","","","no_unique_exact_esco_title_match","new_mapping","project_close_match","unique_cleaned_preferred_label","ReRouteHer project-derived; NOT an official MASCO-ESCO crosswalk","exact_preferred_label","1","Inherited current-role retrieval score; not a probability or a new MASCO 2020 validation score.","False","True","Not established","ESCO skills inherited from one primary occupation. Essential/optional refers to ESCO, not a verified Malaysian requirement.","","https://www.dosm.gov.my/uploads/content-downloads/file_20220920110308.pdf#page=363","http://data.europa.eu/esco/occupation/0611f232-b30e-46c7-9c26-2d59b1448e79","M282206","282206","Criminologist","https://emasco.mohr.gov.my/masco/2822-06","2020","exact_normalized_title","high","363","https://www.dosm.gov.my/uploads/content-downloads/file_20220920110308.pdf#page=363","Current eMASCO D11 profile inherited for a MASCO 2020 identity; not 2020-specific task evidence; test only.","close_match","high","M282206","False","Original current-role title, not the remapped 2020 title; retained for comparison only."
"M282404","Clinical Psychologist","282404","2824","2634.2.1","clinical psychologist","http://data.europa.eu/esco/occupation/c3c8c56c-b3ab-4425-a38a-abcace020d22","close_match","high","Preferred occupation title matches after removing Malaysian grade/competency wrappers.","test_only_project_mapping_not_human_validated","False","2824-04","2634","","","","","no_unique_exact_esco_title_match","new_mapping","project_close_match","unique_cleaned_preferred_label","ReRouteHer project-derived; NOT an official MASCO-ESCO crosswalk","exact_preferred_label","1","Inherited current-role retrieval score; not a probability or a new MASCO 2020 validation score.","False","True","Not established","ESCO skills inherited from one primary occupation. Essential/optional refers to ESCO, not a verified Malaysian requirement.","","https://www.dosm.gov.my/uploads/content-downloads/file_20220920110308.pdf#page=363","http://data.europa.eu/esco/occupation/c3c8c56c-b3ab-4425-a38a-abcace020d22","M282401","282401","Clinical Psychologist","https://emasco.mohr.gov.my/masco/2824-01","2020","exact_normalized_title","high","363","https://www.dosm.gov.my/uploads/content-downloads/file_20220920110308.pdf#page=363","Current eMASCO D11 profile inherited for a MASCO 2020 identity; not 2020-specific task evidence; test only.","close_match","high","M282401","False","Original current-role title, not the remapped 2020 title; retained for comparison only."
"M282407","Psychotherapist","282407","2824","2634.2.4","psychotherapist","http://data.europa.eu/esco/occupation/af69484e-b43f-4685-b22d-f3418df45c4d","inherited_test_proxy","medium","Inherited current-role ESCO assignment, not independently revalidated for this MASCO 2020 identity. Current description explicitly identifies psychotherapy/mental-health treatment and says the role may be known as a psychotherapist; do not map it to massage or acupressure. Original rationale: D11 describes stress counselling and psychotherapy, not massage.","test_only_project_mapping_not_human_validated","False","2824-07","2634","","","","","no_unique_exact_esco_title_match","new_mapping","project_broader_proxy","curated_title_and_duty_decision","ReRouteHer project-derived; NOT an official MASCO-ESCO crosswalk","non_exact_title","0.764706","Inherited current-role retrieval score; not a probability or a new MASCO 2020 validation score.","False","True","Not established","ESCO skills inherited from one primary occupation. Essential/optional refers to ESCO, not a verified Malaysian requirement.","","https://www.dosm.gov.my/uploads/content-downloads/file_20220920110308.pdf#page=363","http://data.europa.eu/esco/occupation/af69484e-b43f-4685-b22d-f3418df45c4d","M325503","325503","Stress Therapist","https://emasco.mohr.gov.my/masco/3255-03","2020","reviewed_functional_equivalent","medium","363","https://www.dosm.gov.my/uploads/content-downloads/file_20220920110308.pdf#page=363","Current eMASCO D11 profile inherited for a MASCO 2020 identity; not 2020-specific task evidence; test only.","broader_proxy","medium","M325503","False","Original current-role title, not the remapped 2020 title; retained for comparison only."
"M291603","Industrial Relations Officer Grade S41","291603","2916","2423.4","labour relations officer","http://data.europa.eu/esco/occupation/20b9f370-6b56-4679-8c06-c23b866a5bd0","close_match","medium","ESCO alternate title matches the cleaned MASCO title; national qualifications and full task scope are not assumed equivalent.","test_only_project_mapping_not_human_validated","False","2916-03","2423","","","","","no_unique_exact_esco_title_match","new_mapping","project_close_match","reviewed_existing_or_retrieved_candidate","ReRouteHer project-derived; NOT an official MASCO-ESCO crosswalk","exact_alternate_label","1","Inherited current-role retrieval score; not a probability or a new MASCO 2020 validation score.","False","True","Not established","ESCO skills inherited from one primary occupation. Essential/optional refers to ESCO, not a verified Malaysian requirement.","","https://www.dosm.gov.my/uploads/content-downloads/file_20220920110308.pdf#page=367","http://data.europa.eu/esco/occupation/20b9f370-6b56-4679-8c06-c23b866a5bd0","M291602","291602","Industrial Relations Officer Grade S9","https://emasco.mohr.gov.my/masco/2916-02","2020","grade_reversion","high","367","https://www.dosm.gov.my/uploads/content-downloads/file_20220920110308.pdf#page=367","Current eMASCO D11 profile inherited for a MASCO 2020 identity; not 2020-specific task evidence; test only.","close_match","medium","M291602","False","Original current-role title, not the remapped 2020 title; retained for comparison only."
"M291608","Maritime Superintendent Officer Grade T13","291608","2916","5419.3","coastguard watch officer","http://data.europa.eu/esco/occupation/bd1cd902-1fb1-40b1-abce-bb9ef60805b4","partial_proxy","low","Coastguard maritime safety, monitoring and search/rescue; Malaysian superintendent command and enforcement authority need enrichment.","test_only_project_mapping_not_human_validated","False","2916-08","5419","","","","","no_unique_exact_esco_title_match","new_mapping","project_partial_proxy","curated_title_and_duty_decision","ReRouteHer project-derived; NOT an official MASCO-ESCO crosswalk","non_exact_title","0.645161","Inherited current-role retrieval score; not a probability or a new MASCO 2020 validation score.","False","True","Not established","ESCO skills inherited from one primary occupation. Essential/optional refers to ESCO, not a verified Malaysian requirement.","","https://www.dosm.gov.my/uploads/content-downloads/file_20220920110308.pdf#page=367","http://data.europa.eu/esco/occupation/bd1cd902-1fb1-40b1-abce-bb9ef60805b4","M291606","291606","Maritime Superintendent Officer Grade T8","https://emasco.mohr.gov.my/masco/2916-06","2020","grade_reversion","high","367","https://www.dosm.gov.my/uploads/content-downloads/file_20220920110308.pdf#page=367","Current eMASCO D11 profile inherited for a MASCO 2020 identity; not 2020-specific task evidence; test only.","partial_proxy","low","M291606","False","Original current-role title, not the remapped 2020 title; retained for comparison only."
"M311101","Laboratory Assistant Grade C19","311101","3111","3141.2","scientific laboratory technician","http://data.europa.eu/esco/occupation/4fef1907-cf82-413b-841a-02ef57e299a6","close_match","medium","ESCO alternate title matches the cleaned MASCO title; national qualifications and full task scope are not assumed equivalent.","test_only_project_mapping_not_human_validated","False","3111-01","3141","","","","","no_unique_exact_esco_title_match","new_mapping","project_close_match","reviewed_existing_or_retrieved_candidate","ReRouteHer project-derived; NOT an official MASCO-ESCO crosswalk","exact_alternate_label","1","Inherited current-role retrieval score; not a probability or a new MASCO 2020 validation score.","False","True","Not established","ESCO skills inherited from one primary occupation. Essential/optional refers to ESCO, not a verified Malaysian requirement.","","https://www.dosm.gov.my/uploads/content-downloads/file_20220920110308.pdf#page=367","http://data.europa.eu/esco/occupation/4fef1907-cf82-413b-841a-02ef57e299a6","M311113","311113","Laboratory Assistant Grade C1","https://emasco.mohr.gov.my/masco/3111-13","2020","grade_reversion","high","367","https://www.dosm.gov.my/uploads/content-downloads/file_20220920110308.pdf#page=367","Current eMASCO D11 profile inherited for a MASCO 2020 identity; not 2020-specific task evidence; test only.","close_match","medium","M311113","False","Original current-role title, not the remapped 2020 title; retained for comparison only."
"M311102","Research Assistant Grade Q19","311102","3111","2310.1.41","university research assistant","http://data.europa.eu/esco/occupation/5ac65daa-0896-4193-9f0e-8b00746b78a1","partial_proxy","low","Title/duty comparison supports this primary proxy, but occupational breadth, specialisation or seniority may differ. See both source profiles in the evidence table.","test_only_project_mapping_not_human_validated","False","3111-02","2310","","","","","no_unique_exact_esco_title_match","new_mapping","project_partial_proxy","reviewed_existing_or_retrieved_candidate","ReRouteHer project-derived; NOT an official MASCO-ESCO crosswalk","non_exact_title","0.765957","Inherited current-role retrieval score; not a probability or a new MASCO 2020 validation score.","False","True","Not established","ESCO skills inherited from one primary occupation. Essential/optional refers to ESCO, not a verified Malaysian requirement.","","https://www.dosm.gov.my/uploads/content-downloads/file_20220920110308.pdf#page=367","http://data.europa.eu/esco/occupation/5ac65daa-0896-4193-9f0e-8b00746b78a1","M311114","311114","Research Assistant Grade Q1, Q2, Q3, Q4","https://emasco.mohr.gov.my/masco/3111-14","2020","grade_reversion","high","367","https://www.dosm.gov.my/uploads/content-downloads/file_20220920110308.pdf#page=367","Current eMASCO D11 profile inherited for a MASCO 2020 identity; not 2020-specific task evidence; test only.","partial_proxy","low","M311114","False","Original current-role title, not the remapped 2020 title; retained for comparison only."
"M311105","Geophysics Technician","311105","3111","3111.4","geology technician","http://data.europa.eu/esco/occupation/fb3f5f35-e6f7-4168-aef2-e4dfb7f2a3ee","partial_proxy","low","Title/duty comparison supports this primary proxy, but occupational breadth, specialisation or seniority may differ. See both source profiles in the evidence table.","test_only_project_mapping_not_human_validated","False","3111-05","3111","","","","","no_unique_exact_esco_title_match","new_mapping","project_partial_proxy","reviewed_existing_or_retrieved_candidate","ReRouteHer project-derived; NOT an official MASCO-ESCO crosswalk","non_exact_title","0.930233","Inherited current-role retrieval score; not a probability or a new MASCO 2020 validation score.","True","True","Not established","ESCO skills inherited from one primary occupation. Essential/optional refers to ESCO, not a verified Malaysian requirement.","","https://www.dosm.gov.my/uploads/content-downloads/file_20220920110308.pdf#page=367","http://data.europa.eu/esco/occupation/fb3f5f35-e6f7-4168-aef2-e4dfb7f2a3ee","M311101","311101","Geophysics Technician","https://emasco.mohr.gov.my/masco/3111-01","2020","exact_normalized_title","high","367","https://www.dosm.gov.my/uploads/content-downloads/file_20220920110308.pdf#page=367","Current eMASCO D11 profile inherited for a MASCO 2020 identity; not 2020-specific task evidence; test only.","partial_proxy","low","M311101","True","Original current-role title, not the remapped 2020 title; retained for comparison only."
"M311106","Chemistry Technician","311106","3111","3111.1","chemistry technician","http://data.europa.eu/esco/occupation/87775d69-ae88-449e-ad71-6f9875711816","close_match","high","Preferred occupation title matches after removing Malaysian grade/competency wrappers.","test_only_project_mapping_not_human_validated","False","3111-06","3111","","","","3111.1","unique_exact_preferred_title_same_isco_group","retained_mapping","project_close_match","unique_cleaned_preferred_label","ReRouteHer project-derived; NOT an official MASCO-ESCO crosswalk","exact_preferred_label","1","Inherited current-role retrieval score; not a probability or a new MASCO 2020 validation score.","True","True","Not established","ESCO skills inherited from one primary occupation. Essential/optional refers to ESCO, not a verified Malaysian requirement.","","https://www.dosm.gov.my/uploads/content-downloads/file_20220920110308.pdf#page=367","http://data.europa.eu/esco/occupation/87775d69-ae88-449e-ad71-6f9875711816","M311102","311102","Chemistry Technician","https://emasco.mohr.gov.my/masco/3111-02","2020","exact_normalized_title","high","367","https://www.dosm.gov.my/uploads/content-downloads/file_20220920110308.pdf#page=367","Current eMASCO D11 profile inherited for a MASCO 2020 identity; not 2020-specific task evidence; test only.","close_match","high","M311102","True","Original current-role title, not the remapped 2020 title; retained for comparison only."
"M311107","Physics Science Laboratory Technician","311107","3111","3111.11","physics technician","http://data.europa.eu/esco/occupation/a9bcc9e0-5be7-47a0-818b-acad10fe90d9","partial_proxy","low","Title/duty comparison supports this primary proxy, but occupational breadth, specialisation or seniority may differ. See both source profiles in the evidence table.","test_only_project_mapping_not_human_validated","False","3111-07","3111","","","","","no_unique_exact_esco_title_match","new_mapping","project_partial_proxy","reviewed_existing_or_retrieved_candidate","ReRouteHer project-derived; NOT an official MASCO-ESCO crosswalk","non_exact_title","0.878788","Inherited current-role retrieval score; not a probability or a new MASCO 2020 validation score.","True","True","Not established","ESCO skills inherited from one primary occupation. Essential/optional refers to ESCO, not a verified Malaysian requirement.","","https://www.dosm.gov.my/uploads/content-downloads/file_20220920110308.pdf#page=367","http://data.europa.eu/esco/occupation/a9bcc9e0-5be7-47a0-818b-acad10fe90d9","M311103","311103","Physics Science Laboratory Technician","https://emasco.mohr.gov.my/masco/3111-03","2020","exact_normalized_title","high","367","https://www.dosm.gov.my/uploads/content-downloads/file_20220920110308.pdf#page=367","Current eMASCO D11 profile inherited for a MASCO 2020 identity; not 2020-specific task evidence; test only.","partial_proxy","low","M311103","True","Original current-role title, not the remapped 2020 title; retained for comparison only."
"M311108","Physical Science Technician","311108","3111","3111.11","physics technician","http://data.europa.eu/esco/occupation/a9bcc9e0-5be7-47a0-818b-acad10fe90d9","partial_proxy","low","Title/duty comparison supports this primary proxy, but occupational breadth, specialisation or seniority may differ. See both source profiles in the evidence table.","test_only_project_mapping_not_human_validated","False","3111-08","3111","","","","","no_unique_exact_esco_title_match","new_mapping","project_partial_proxy","reviewed_existing_or_retrieved_candidate","ReRouteHer project-derived; NOT an official MASCO-ESCO crosswalk","non_exact_title","0.8","Inherited current-role retrieval score; not a probability or a new MASCO 2020 validation score.","True","True","Not established","ESCO skills inherited from one primary occupation. Essential/optional refers to ESCO, not a verified Malaysian requirement.","","https://www.dosm.gov.my/uploads/content-downloads/file_20220920110308.pdf#page=367","http://data.europa.eu/esco/occupation/a9bcc9e0-5be7-47a0-818b-acad10fe90d9","M311104","311104","Physical Science Technician","https://emasco.mohr.gov.my/masco/3111-04","2020","exact_normalized_title","high","367","https://www.dosm.gov.my/uploads/content-downloads/file_20220920110308.pdf#page=367","Current eMASCO D11 profile inherited for a MASCO 2020 identity; not 2020-specific task evidence; test only.","partial_proxy","low","M311104","True","Original current-role title, not the remapped 2020 title; retained for comparison only."
"M311110","Chemistry Laboratory Assistant","311110","3111","3111.1","chemistry technician","http://data.europa.eu/esco/occupation/87775d69-ae88-449e-ad71-6f9875711816","close_match","medium","ESCO alternate title matches the cleaned MASCO title; national qualifications and full task scope are not assumed equivalent.","test_only_project_mapping_not_human_validated","False","3111-10","3111","","","","3111.1","unique_exact_alternate_title_same_isco_group","retained_mapping","project_close_match","reviewed_existing_or_retrieved_candidate","ReRouteHer project-derived; NOT an official MASCO-ESCO crosswalk","exact_alternate_label","1","Inherited current-role retrieval score; not a probability or a new MASCO 2020 validation score.","True","True","Not established","ESCO skills inherited from one primary occupation. Essential/optional refers to ESCO, not a verified Malaysian requirement.","","https://www.dosm.gov.my/uploads/content-downloads/file_20220920110308.pdf#page=367","http://data.europa.eu/esco/occupation/87775d69-ae88-449e-ad71-6f9875711816","M311105","311105","Chemistry Laboratory Assistant","https://emasco.mohr.gov.my/masco/3111-05","2020","exact_normalized_title","high","367","https://www.dosm.gov.my/uploads/content-downloads/file_20220920110308.pdf#page=367","Current eMASCO D11 profile inherited for a MASCO 2020 identity; not 2020-specific task evidence; test only.","close_match","medium","M311105","True","Original current-role title, not the remapped 2020 title; retained for comparison only."
"M311112","Soil Technician","311112","3111","3111.14","soil surveying technician","http://data.europa.eu/esco/occupation/84cb6e91-ce11-409e-9306-23c9698631af","close_match","medium","ESCO alternate title matches the cleaned MASCO title; national qualifications and full task scope are not assumed equivalent.","test_only_project_mapping_not_human_validated","False","3111-12","3111","","","","3111.14","unique_exact_alternate_title_same_isco_group","retained_mapping","project_close_match","reviewed_existing_or_retrieved_candidate","ReRouteHer project-derived; NOT an official MASCO-ESCO crosswalk","exact_alternate_label","1","Inherited current-role retrieval score; not a probability or a new MASCO 2020 validation score.","True","True","Not established","ESCO skills inherited from one primary occupation. Essential/optional refers to ESCO, not a verified Malaysian requirement.","","https://www.dosm.gov.my/uploads/content-downloads/file_20220920110308.pdf#page=367","http://data.europa.eu/esco/occupation/84cb6e91-ce11-409e-9306-23c9698631af","M311106","311106","Soil Technician","https://emasco.mohr.gov.my/masco/3111-06","2020","exact_normalized_title","high","367","https://www.dosm.gov.my/uploads/content-downloads/file_20220920110308.pdf#page=367","Current eMASCO D11 profile inherited for a MASCO 2020 identity; not 2020-specific task evidence; test only.","close_match","medium","M311106","True","Original current-role title, not the remapped 2020 title; retained for comparison only."
"M311114","Meteorological Technician","311114","3111","3111.8","meteorology technician","http://data.europa.eu/esco/occupation/0d7ae791-653e-4297-9f61-8bad87f61d57","close_match","medium","ESCO alternate title matches the cleaned MASCO title; national qualifications and full task scope are not assumed equivalent.","test_only_project_mapping_not_human_validated","False","3111-14","3111","","","","3111.8","unique_exact_alternate_title_same_isco_group","retained_mapping","project_close_match","reviewed_existing_or_retrieved_candidate","ReRouteHer project-derived; NOT an official MASCO-ESCO crosswalk","exact_alternate_label","1","Inherited current-role retrieval score; not a probability or a new MASCO 2020 validation score.","True","True","Not established","ESCO skills inherited from one primary occupation. Essential/optional refers to ESCO, not a verified Malaysian requirement.","","https://www.dosm.gov.my/uploads/content-downloads/file_20220920110308.pdf#page=367","http://data.europa.eu/esco/occupation/0d7ae791-653e-4297-9f61-8bad87f61d57","M311107","311107","Meteorological Technician","https://emasco.mohr.gov.my/masco/3111-07","2020","exact_normalized_title","high","367","https://www.dosm.gov.my/uploads/content-downloads/file_20220920110308.pdf#page=367","Current eMASCO D11 profile inherited for a MASCO 2020 identity; not 2020-specific task evidence; test only.","close_match","medium","M311107","True","Original current-role title, not the remapped 2020 title; retained for comparison only."
"M311116","Geological Technician","311116","3111","3111.4","geology technician","http://data.europa.eu/esco/occupation/fb3f5f35-e6f7-4168-aef2-e4dfb7f2a3ee","close_match","medium","Geological technical work.","test_only_project_mapping_not_human_validated","False","3111-16","3111","","","","","ambiguous_exact_title_same_isco_group","new_mapping","project_close_match","curated_title_and_duty_decision","ReRouteHer project-derived; NOT an official MASCO-ESCO crosswalk","exact_alternate_label","1","Inherited current-role retrieval score; not a probability or a new MASCO 2020 validation score.","True","True","Not established","ESCO skills inherited from one primary occupation. Essential/optional refers to ESCO, not a verified Malaysian requirement.","","https://www.dosm.gov.my/uploads/content-downloads/file_20220920110308.pdf#page=367","http://data.europa.eu/esco/occupation/fb3f5f35-e6f7-4168-aef2-e4dfb7f2a3ee","M311108","311108","Geological Technician","https://emasco.mohr.gov.my/masco/3111-08","2020","exact_normalized_title","high","367","https://www.dosm.gov.my/uploads/content-downloads/file_20220920110308.pdf#page=367","Current eMASCO D11 profile inherited for a MASCO 2020 identity; not 2020-specific task evidence; test only.","close_match","medium","M311108","True","Original current-role title, not the remapped 2020 title; retained for comparison only."
"M311120","Oceanography Technician","311120","3111","3111.5","hydrographic surveying technician","http://data.europa.eu/esco/occupation/668943cc-c454-4a1b-a296-2fcb524a6222","partial_proxy","low","Marine/hydrographic measurement; biological and chemical oceanography are not fully covered.","test_only_project_mapping_not_human_validated","False","3111-20","3111","","","","","no_unique_exact_esco_title_match","new_mapping","project_partial_proxy","curated_title_and_duty_decision","ReRouteHer project-derived; NOT an official MASCO-ESCO crosswalk","non_exact_title","0.666667","Inherited current-role retrieval score; not a probability or a new MASCO 2020 validation score.","True","True","Not established","ESCO skills inherited from one primary occupation. Essential/optional refers to ESCO, not a verified Malaysian requirement.","","https://www.dosm.gov.my/uploads/content-downloads/file_20220920110308.pdf#page=368","http://data.europa.eu/esco/occupation/668943cc-c454-4a1b-a296-2fcb524a6222","M311109","311109","Oceanography Technician","https://emasco.mohr.gov.my/masco/3111-09","2020","exact_normalized_title","high","368","https://www.dosm.gov.my/uploads/content-downloads/file_20220920110308.pdf#page=368","Current eMASCO D11 profile inherited for a MASCO 2020 identity; not 2020-specific task evidence; test only.","partial_proxy","low","M311109","True","Original current-role title, not the remapped 2020 title; retained for comparison only."
"M311125","Climate Service Technician","311125","3111","3111.8","meteorology technician","http://data.europa.eu/esco/occupation/0d7ae791-653e-4297-9f61-8bad87f61d57","inherited_test_proxy","low","Inherited current-role ESCO assignment, not independently revalidated for this MASCO 2020 identity. Climate Science Technician and Climate Service Technician share climate-data collection, equipment support and reporting duties. Original rationale: Title/duty comparison supports this primary proxy, but occupational breadth, specialisation or seniority may differ. See both source profiles in the evidence table.","test_only_project_mapping_not_human_validated","False","3111-25","3111","","","","","no_unique_exact_esco_title_match","new_mapping","project_partial_proxy","reviewed_existing_or_retrieved_candidate","ReRouteHer project-derived; NOT an official MASCO-ESCO crosswalk","non_exact_title","0.734694","Inherited current-role retrieval score; not a probability or a new MASCO 2020 validation score.","True","True","Not established","ESCO skills inherited from one primary occupation. Essential/optional refers to ESCO, not a verified Malaysian requirement.","","https://www.dosm.gov.my/uploads/content-downloads/file_20220920110308.pdf#page=368","http://data.europa.eu/esco/occupation/0d7ae791-653e-4297-9f61-8bad87f61d57","M311111","311111","Climate Science Technician","https://emasco.mohr.gov.my/masco/3111-11","2020","reviewed_functional_equivalent","medium","368","https://www.dosm.gov.my/uploads/content-downloads/file_20220920110308.pdf#page=368","Current eMASCO D11 profile inherited for a MASCO 2020 identity; not 2020-specific task evidence; test only.","partial_proxy","low","M311111","True","Original current-role title, not the remapped 2020 title; retained for comparison only."
"M311132","Laboratory Technician","311132","3111","3141.2","scientific laboratory technician","http://data.europa.eu/esco/occupation/4fef1907-cf82-413b-841a-02ef57e299a6","broader_proxy","medium","General scientific laboratory work, not an arbitrary bacteriology specialty.","test_only_project_mapping_not_human_validated","False","3111-32","3141","","","","","no_unique_exact_esco_title_match","new_mapping","project_broader_proxy","curated_title_and_duty_decision","ReRouteHer project-derived; NOT an official MASCO-ESCO crosswalk","non_exact_title","0.792453","Inherited current-role retrieval score; not a probability or a new MASCO 2020 validation score.","False","True","Not established","ESCO skills inherited from one primary occupation. Essential/optional refers to ESCO, not a verified Malaysian requirement.","","https://www.dosm.gov.my/uploads/content-downloads/file_20220920110308.pdf#page=368","http://data.europa.eu/esco/occupation/4fef1907-cf82-413b-841a-02ef57e299a6","M311112","311112","Laboratory Technician","https://emasco.mohr.gov.my/masco/3111-12","2020","exact_normalized_title","high","368","https://www.dosm.gov.my/uploads/content-downloads/file_20220920110308.pdf#page=368","Current eMASCO D11 profile inherited for a MASCO 2020 identity; not 2020-specific task evidence; test only.","broader_proxy","medium","M311112","False","Original current-role title, not the remapped 2020 title; retained for comparison only."
"M311133","Assistant Meteorological Officer Grade C29","311133","3111","3111.8","meteorology technician","http://data.europa.eu/esco/occupation/0d7ae791-653e-4297-9f61-8bad87f61d57","partial_proxy","low","Title/duty comparison supports this primary proxy, but occupational breadth, specialisation or seniority may differ. See both source profiles in the evidence table.","test_only_project_mapping_not_human_validated","False","3111-33","3111","","","","","no_unique_exact_esco_title_match","new_mapping","project_partial_proxy","reviewed_existing_or_retrieved_candidate","ReRouteHer project-derived; NOT an official MASCO-ESCO crosswalk","non_exact_title","0.631579","Inherited current-role retrieval score; not a probability or a new MASCO 2020 validation score.","True","True","Not established","ESCO skills inherited from one primary occupation. Essential/optional refers to ESCO, not a verified Malaysian requirement.","","https://www.dosm.gov.my/uploads/content-downloads/file_20220920110308.pdf#page=368","http://data.europa.eu/esco/occupation/0d7ae791-653e-4297-9f61-8bad87f61d57","M311115","311115","Assistant Meteorological Officer Grade C5","https://emasco.mohr.gov.my/masco/3111-15","2020","grade_reversion","high","368","https://www.dosm.gov.my/uploads/content-downloads/file_20220920110308.pdf#page=368","Current eMASCO D11 profile inherited for a MASCO 2020 identity; not 2020-specific task evidence; test only.","partial_proxy","low","M311115","True","Original current-role title, not the remapped 2020 title; retained for comparison only."
"M311136","Assistant Scientific Officer Grade C29","311136","3111","3141.2","scientific laboratory technician","http://data.europa.eu/esco/occupation/4fef1907-cf82-413b-841a-02ef57e299a6","broader_proxy","medium","General scientific laboratory work, not an arbitrary bacteriology specialty.","test_only_project_mapping_not_human_validated","False","3111-36","3141","","","","","no_unique_exact_esco_title_match","new_mapping","project_broader_proxy","curated_title_and_duty_decision","ReRouteHer project-derived; NOT an official MASCO-ESCO crosswalk","non_exact_title","0.473684","Inherited current-role retrieval score; not a probability or a new MASCO 2020 validation score.","False","True","Not established","ESCO skills inherited from one primary occupation. Essential/optional refers to ESCO, not a verified Malaysian requirement.","","https://www.dosm.gov.my/uploads/content-downloads/file_20220920110308.pdf#page=368","http://data.europa.eu/esco/occupation/4fef1907-cf82-413b-841a-02ef57e299a6","M311116","311116","Assistant Science Officer Grade C5","https://emasco.mohr.gov.my/masco/3111-16","2020","grade_reversion","high","368","https://www.dosm.gov.my/uploads/content-downloads/file_20220920110308.pdf#page=368","Current eMASCO D11 profile inherited for a MASCO 2020 identity; not 2020-specific task evidence; test only.","broader_proxy","medium","M311116","False","Original current-role title, not the remapped 2020 title; retained for comparison only."
"M311137","Assistant Research Officer Grade Q29","311137","3111","2310.1.41","university research assistant","http://data.europa.eu/esco/occupation/5ac65daa-0896-4193-9f0e-8b00746b78a1","partial_proxy","low","Title/duty comparison supports this primary proxy, but occupational breadth, specialisation or seniority may differ. See both source profiles in the evidence table.","test_only_project_mapping_not_human_validated","False","3111-37","2310","","","","","no_unique_exact_esco_title_match","new_mapping","project_partial_proxy","reviewed_existing_or_retrieved_candidate","ReRouteHer project-derived; NOT an official MASCO-ESCO crosswalk","non_exact_title","0.666667","Inherited current-role retrieval score; not a probability or a new MASCO 2020 validation score.","False","True","Not established","ESCO skills inherited from one primary occupation. Essential/optional refers to ESCO, not a verified Malaysian requirement.","","https://www.dosm.gov.my/uploads/content-downloads/file_20220920110308.pdf#page=368","http://data.europa.eu/esco/occupation/5ac65daa-0896-4193-9f0e-8b00746b78a1","M311117","311117","Assistant Research Officer Grade Q5","https://emasco.mohr.gov.my/masco/3111-17","2020","grade_reversion","high","368","https://www.dosm.gov.my/uploads/content-downloads/file_20220920110308.pdf#page=368","Current eMASCO D11 profile inherited for a MASCO 2020 identity; not 2020-specific task evidence; test only.","partial_proxy","low","M311117","False","Original current-role title, not the remapped 2020 title; retained for comparison only."
"M311202","Civil Engineering Technician","311202","3112","3112.1","civil engineering technician","http://data.europa.eu/esco/occupation/0f5cc4eb-925d-4b99-be6d-b0964a253a9a","close_match","high","Preferred occupation title matches after removing Malaysian grade/competency wrappers.","test_only_project_mapping_not_human_validated","False","3112-02","3112","","","","3112.1","unique_exact_preferred_title_same_isco_group","retained_mapping","project_close_match","unique_cleaned_preferred_label","ReRouteHer project-derived; NOT an official MASCO-ESCO crosswalk","exact_preferred_label","1","Inherited current-role retrieval score; not a probability or a new MASCO 2020 validation score.","True","True","Not established","ESCO skills inherited from one primary occupation. Essential/optional refers to ESCO, not a verified Malaysian requirement.","","https://www.dosm.gov.my/uploads/content-downloads/file_20220920110308.pdf#page=368","http://data.europa.eu/esco/occupation/0f5cc4eb-925d-4b99-be6d-b0964a253a9a","M311201","311201","Civil Engineering Technician","https://emasco.mohr.gov.my/masco/3112-01","2020","exact_normalized_title","high","368","https://www.dosm.gov.my/uploads/content-downloads/file_20220920110308.pdf#page=368","Current eMASCO D11 profile inherited for a MASCO 2020 identity; not 2020-specific task evidence; test only.","close_match","high","M311201","True","Original current-role title, not the remapped 2020 title; retained for comparison only."
"M311204","Civil Engineering Estimator","311204","3112","2149.14","quantity surveyor","http://data.europa.eu/esco/occupation/0cca32c2-9308-4927-adb2-14771ab787f0","partial_proxy","low","Construction quantities/cost estimates; chartered/professional scope may exceed technician.","test_only_project_mapping_not_human_validated","False","3112-04","2149","","","","","no_unique_exact_esco_title_match","new_mapping","project_partial_proxy","curated_title_and_duty_decision","ReRouteHer project-derived; NOT an official MASCO-ESCO crosswalk","non_exact_title","0.666667","Inherited current-role retrieval score; not a probability or a new MASCO 2020 validation score.","False","True","Not established","ESCO skills inherited from one primary occupation. Essential/optional refers to ESCO, not a verified Malaysian requirement.","","https://www.dosm.gov.my/uploads/content-downloads/file_20220920110308.pdf#page=368","http://data.europa.eu/esco/occupation/0cca32c2-9308-4927-adb2-14771ab787f0","M311202","311202","Civil Engineering Estimator","https://emasco.mohr.gov.my/masco/3112-02","2020","exact_normalized_title","high","368","https://www.dosm.gov.my/uploads/content-downloads/file_20220920110308.pdf#page=368","Current eMASCO D11 profile inherited for a MASCO 2020 identity; not 2020-specific task evidence; test only.","partial_proxy","low","M311202","False","Original current-role title, not the remapped 2020 title; retained for comparison only."
"M311208","Engineering Designer","311208","3112","3118.3.4","civil drafter","http://data.europa.eu/esco/occupation/30aef4c6-49ca-4464-bf82-78ed88b3eb9b","broader_proxy","medium","Civil design drafting; engineering design responsibility may differ.","test_only_project_mapping_not_human_validated","False","3112-08","3118","","","","","no_unique_exact_esco_title_match","new_mapping","project_broader_proxy","curated_title_and_duty_decision","ReRouteHer project-derived; NOT an official MASCO-ESCO crosswalk","non_exact_title","0.666667","Inherited current-role retrieval score; not a probability or a new MASCO 2020 validation score.","False","True","Not established","ESCO skills inherited from one primary occupation. Essential/optional refers to ESCO, not a verified Malaysian requirement.","","https://www.dosm.gov.my/uploads/content-downloads/file_20220920110308.pdf#page=368","http://data.europa.eu/esco/occupation/30aef4c6-49ca-4464-bf82-78ed88b3eb9b","M311203","311203","Engineering Designer","https://emasco.mohr.gov.my/masco/3112-03","2020","exact_normalized_title","high","368","https://www.dosm.gov.my/uploads/content-downloads/file_20220920110308.pdf#page=368","Current eMASCO D11 profile inherited for a MASCO 2020 identity; not 2020-specific task evidence; test only.","broader_proxy","medium","M311203","False","Original current-role title, not the remapped 2020 title; retained for comparison only."
"M311209","Civil Engineering Supervisor","311209","3112","3123.1","construction general supervisor","http://data.europa.eu/esco/occupation/0dd7e6cd-2e5a-4fae-9ce0-6a3622d4019f","close_match","medium","Construction-site supervision.","test_only_project_mapping_not_human_validated","False","3112-09","3123","","","","","no_unique_exact_esco_title_match","new_mapping","project_close_match","curated_title_and_duty_decision","ReRouteHer project-derived; NOT an official MASCO-ESCO crosswalk","non_exact_title","0.610169","Inherited current-role retrieval score; not a probability or a new MASCO 2020 validation score.","False","True","Not established","ESCO skills inherited from one primary occupation. Essential/optional refers to ESCO, not a verified Malaysian requirement.","","https://www.dosm.gov.my/uploads/content-downloads/file_20220920110308.pdf#page=368","http://data.europa.eu/esco/occupation/0dd7e6cd-2e5a-4fae-9ce0-6a3622d4019f","M311204","311204","Civil Engineering Supervisor","https://emasco.mohr.gov.my/masco/3112-04","2020","exact_normalized_title","high","368","https://www.dosm.gov.my/uploads/content-downloads/file_20220920110308.pdf#page=368","Current eMASCO D11 profile inherited for a MASCO 2020 identity; not 2020-specific task evidence; test only.","close_match","medium","M311204","False","Original current-role title, not the remapped 2020 title; retained for comparison only."
"M311210","Tunnel Boring Machine Technician","311210","3112","8113.8","tunnel boring machine operator","http://data.europa.eu/esco/occupation/7a0afb5e-f118-449a-82bd-d8b9230fd49f","partial_proxy","low","Title/duty comparison supports this primary proxy, but occupational breadth, specialisation or seniority may differ. See both source profiles in the evidence table.","test_only_project_mapping_not_human_validated","False","3112-10","8113","","","","","no_unique_exact_esco_title_match","new_mapping","project_partial_proxy","reviewed_existing_or_retrieved_candidate","ReRouteHer project-derived; NOT an official MASCO-ESCO crosswalk","non_exact_title","0.741935","Inherited current-role retrieval score; not a probability or a new MASCO 2020 validation score.","False","True","Not established","ESCO skills inherited from one primary occupation. Essential/optional refers to ESCO, not a verified Malaysian requirement.","","https://www.dosm.gov.my/uploads/content-downloads/file_20220920110308.pdf#page=368","http://data.europa.eu/esco/occupation/7a0afb5e-f118-449a-82bd-d8b9230fd49f","M311205","311205","Tunnel Boring Machine Technician","https://emasco.mohr.gov.my/masco/3112-05","2020","exact_normalized_title","high","368","https://www.dosm.gov.my/uploads/content-downloads/file_20220920110308.pdf#page=368","Current eMASCO D11 profile inherited for a MASCO 2020 identity; not 2020-specific task evidence; test only.","partial_proxy","low","M311205","False","Original current-role title, not the remapped 2020 title; retained for comparison only."
"M311211","Building Inspector","311211","3112","3112.1.2","building inspector","http://data.europa.eu/esco/occupation/f0e479d9-7afd-40b1-b60f-b68c400c15fb","close_match","high","Preferred occupation title matches after removing Malaysian grade/competency wrappers.","test_only_project_mapping_not_human_validated","False","3112-11","3112","","","","3112.1.2","unique_exact_preferred_title_same_isco_group","retained_mapping","project_close_match","unique_cleaned_preferred_label","ReRouteHer project-derived; NOT an official MASCO-ESCO crosswalk","exact_preferred_label","1","Inherited current-role retrieval score; not a probability or a new MASCO 2020 validation score.","True","True","Not established","ESCO skills inherited from one primary occupation. Essential/optional refers to ESCO, not a verified Malaysian requirement.","","https://www.dosm.gov.my/uploads/content-downloads/file_20220920110308.pdf#page=368","http://data.europa.eu/esco/occupation/f0e479d9-7afd-40b1-b60f-b68c400c15fb","M311206","311206","Building Inspector","https://emasco.mohr.gov.my/masco/3112-06","2020","exact_normalized_title","high","368","https://www.dosm.gov.my/uploads/content-downloads/file_20220920110308.pdf#page=368","Current eMASCO D11 profile inherited for a MASCO 2020 identity; not 2020-specific task evidence; test only.","close_match","high","M311206","True","Original current-role title, not the remapped 2020 title; retained for comparison only."
"M311212","Geotechnical Technician","311212","3112","3117.2","geotechnician","http://data.europa.eu/esco/occupation/e9665bdf-2989-4dc5-9aa9-7b791e489779","close_match","medium","Geotechnical support.","test_only_project_mapping_not_human_validated","False","3112-12","3117","","","","","no_unique_exact_esco_title_match","new_mapping","project_close_match","curated_title_and_duty_decision","ReRouteHer project-derived; NOT an official MASCO-ESCO crosswalk","non_exact_title","0.756757","Inherited current-role retrieval score; not a probability or a new MASCO 2020 validation score.","False","True","Not established","ESCO skills inherited from one primary occupation. Essential/optional refers to ESCO, not a verified Malaysian requirement.","","https://www.dosm.gov.my/uploads/content-downloads/file_20220920110308.pdf#page=368","http://data.europa.eu/esco/occupation/e9665bdf-2989-4dc5-9aa9-7b791e489779","M311207","311207","Geotechnical Technician","https://emasco.mohr.gov.my/masco/3112-07","2020","exact_normalized_title","high","368","https://www.dosm.gov.my/uploads/content-downloads/file_20220920110308.pdf#page=368","Current eMASCO D11 profile inherited for a MASCO 2020 identity; not 2020-specific task evidence; test only.","close_match","medium","M311207","False","Original current-role title, not the remapped 2020 title; retained for comparison only."
"M311213","Fire Inspector","311213","3112","3112.1.6","fire inspector","http://data.europa.eu/esco/occupation/c302791c-6864-4ec5-9a6c-2fca38764f0e","close_match","high","Preferred occupation title matches after removing Malaysian grade/competency wrappers.","test_only_project_mapping_not_human_validated","False","3112-13","3112","","","","3112.1.6","unique_exact_preferred_title_same_isco_group","retained_mapping","project_close_match","unique_cleaned_preferred_label","ReRouteHer project-derived; NOT an official MASCO-ESCO crosswalk","exact_preferred_label","1","Inherited current-role retrieval score; not a probability or a new MASCO 2020 validation score.","True","True","Not established","ESCO skills inherited from one primary occupation. Essential/optional refers to ESCO, not a verified Malaysian requirement.","","https://www.dosm.gov.my/uploads/content-downloads/file_20220920110308.pdf#page=368","http://data.europa.eu/esco/occupation/c302791c-6864-4ec5-9a6c-2fca38764f0e","M311208","311208","Fire Inspector","https://emasco.mohr.gov.my/masco/3112-08","2020","exact_normalized_title","high","368","https://www.dosm.gov.my/uploads/content-downloads/file_20220920110308.pdf#page=368","Current eMASCO D11 profile inherited for a MASCO 2020 identity; not 2020-specific task evidence; test only.","close_match","high","M311208","True","Original current-role title, not the remapped 2020 title; retained for comparison only."
"M311214","Surveying Technician","311214","3112","3112.10","surveying technician","http://data.europa.eu/esco/occupation/624986f9-21ef-4cdf-8cf6-8407a337ec2f","close_match","high","Preferred occupation title matches after removing Malaysian grade/competency wrappers.","test_only_project_mapping_not_human_validated","False","3112-14","3112","","","","3112.10","unique_exact_preferred_title_same_isco_group","retained_mapping","project_close_match","unique_cleaned_preferred_label","ReRouteHer project-derived; NOT an official MASCO-ESCO crosswalk","exact_preferred_label","1","Inherited current-role retrieval score; not a probability or a new MASCO 2020 validation score.","True","True","Not established","ESCO skills inherited from one primary occupation. Essential/optional refers to ESCO, not a verified Malaysian requirement.","","https://www.dosm.gov.my/uploads/content-downloads/file_20220920110308.pdf#page=368","http://data.europa.eu/esco/occupation/624986f9-21ef-4cdf-8cf6-8407a337ec2f","M311209","311209","Surveying Technician","https://emasco.mohr.gov.my/masco/3112-09","2020","exact_normalized_title","high","368","https://www.dosm.gov.my/uploads/content-downloads/file_20220920110308.pdf#page=368","Current eMASCO D11 profile inherited for a MASCO 2020 identity; not 2020-specific task evidence; test only.","close_match","high","M311209","True","Original current-role title, not the remapped 2020 title; retained for comparison only."
"M311217","Process Instrument Technician","311217","3112","3114.1.4","instrumentation engineering technician","http://data.europa.eu/esco/occupation/2bb8adee-2b84-4d7b-84f9-0620bc09ada8","close_match","medium","Process instrumentation; not musical-instrument work.","test_only_project_mapping_not_human_validated","False","3112-17","3114","","","","","no_unique_exact_esco_title_match","new_mapping","project_close_match","curated_title_and_duty_decision","ReRouteHer project-derived; NOT an official MASCO-ESCO crosswalk","non_exact_title","0.763636","Inherited current-role retrieval score; not a probability or a new MASCO 2020 validation score.","False","True","Not established","ESCO skills inherited from one primary occupation. Essential/optional refers to ESCO, not a verified Malaysian requirement.","","https://www.dosm.gov.my/uploads/content-downloads/file_20220920110308.pdf#page=368","http://data.europa.eu/esco/occupation/2bb8adee-2b84-4d7b-84f9-0620bc09ada8","M311211","311211","Process Instrument Technician","https://emasco.mohr.gov.my/masco/3112-11","2020","exact_normalized_title","high","368","https://www.dosm.gov.my/uploads/content-downloads/file_20220920110308.pdf#page=368","Current eMASCO D11 profile inherited for a MASCO 2020 identity; not 2020-specific task evidence; test only.","close_match","medium","M311211","False","Original current-role title, not the remapped 2020 title; retained for comparison only."
"M311219","Assistant Engineer Grade JA29","311219","3112","3112.8","engineering assistant","http://data.europa.eu/esco/occupation/9581c837-fee7-4068-9618-1116fd93d723","partial_proxy","low","Title/duty comparison supports this primary proxy, but occupational breadth, specialisation or seniority may differ. See both source profiles in the evidence table.","test_only_project_mapping_not_human_validated","False","3112-19","3112","","","","","no_unique_exact_esco_title_match","new_mapping","project_partial_proxy","reviewed_existing_or_retrieved_candidate","ReRouteHer project-derived; NOT an official MASCO-ESCO crosswalk","non_exact_title","0.5625","Inherited current-role retrieval score; not a probability or a new MASCO 2020 validation score.","True","True","Not established","ESCO skills inherited from one primary occupation. Essential/optional refers to ESCO, not a verified Malaysian requirement.","","https://www.dosm.gov.my/uploads/content-downloads/file_20220920110308.pdf#page=368","http://data.europa.eu/esco/occupation/9581c837-fee7-4068-9618-1116fd93d723","M311219","311219","Assistant Engineer Grade JA5","https://emasco.mohr.gov.my/masco/3112-19","2020","grade_reversion","high","368","https://www.dosm.gov.my/uploads/content-downloads/file_20220920110308.pdf#page=368","Current eMASCO D11 profile inherited for a MASCO 2020 identity; not 2020-specific task evidence; test only.","partial_proxy","low","M311219","True","Original current-role title, not the remapped 2020 title; retained for comparison only."
"M311225","Assistant Civil Engineer","311225","3112","3112.8","engineering assistant","http://data.europa.eu/esco/occupation/9581c837-fee7-4068-9618-1116fd93d723","partial_proxy","low","Title/duty comparison supports this primary proxy, but occupational breadth, specialisation or seniority may differ. See both source profiles in the evidence table.","test_only_project_mapping_not_human_validated","False","3112-25","3112","","","","","no_unique_exact_esco_title_match","new_mapping","project_partial_proxy","reviewed_existing_or_retrieved_candidate","ReRouteHer project-derived; NOT an official MASCO-ESCO crosswalk","non_exact_title","0.473684","Inherited current-role retrieval score; not a probability or a new MASCO 2020 validation score.","True","True","Not established","ESCO skills inherited from one primary occupation. Essential/optional refers to ESCO, not a verified Malaysian requirement.","","https://www.dosm.gov.my/uploads/content-downloads/file_20220920110308.pdf#page=368","http://data.europa.eu/esco/occupation/9581c837-fee7-4068-9618-1116fd93d723","M311212","311212","Assistant Civil Engineer","https://emasco.mohr.gov.my/masco/3112-12","2020","exact_normalized_title","high","368","https://www.dosm.gov.my/uploads/content-downloads/file_20220920110308.pdf#page=368","Current eMASCO D11 profile inherited for a MASCO 2020 identity; not 2020-specific task evidence; test only.","partial_proxy","low","M311212","True","Original current-role title, not the remapped 2020 title; retained for comparison only."
"M311226","Operation Technician","311226","3112","3115.1.16","production engineering technician","http://data.europa.eu/esco/occupation/11833a96-fc27-4b03-a53d-892ac891a2bb","partial_proxy","low","Title/duty comparison supports this primary proxy, but occupational breadth, specialisation or seniority may differ. See both source profiles in the evidence table.","test_only_project_mapping_not_human_validated","False","3112-26","3115","","","","","no_unique_exact_esco_title_match","new_mapping","project_partial_proxy","reviewed_existing_or_retrieved_candidate","ReRouteHer project-derived; NOT an official MASCO-ESCO crosswalk","non_exact_title","0.73913","Inherited current-role retrieval score; not a probability or a new MASCO 2020 validation score.","False","True","Not established","ESCO skills inherited from one primary occupation. Essential/optional refers to ESCO, not a verified Malaysian requirement.","","https://www.dosm.gov.my/uploads/content-downloads/file_20220920110308.pdf#page=368","http://data.europa.eu/esco/occupation/11833a96-fc27-4b03-a53d-892ac891a2bb","M311213","311213","Operation Technician","https://emasco.mohr.gov.my/masco/3112-13","2020","exact_normalized_title","high","368","https://www.dosm.gov.my/uploads/content-downloads/file_20220920110308.pdf#page=368","Current eMASCO D11 profile inherited for a MASCO 2020 identity; not 2020-specific task evidence; test only.","partial_proxy","low","M311213","False","Original current-role title, not the remapped 2020 title; retained for comparison only."
"M311227","Green Building Facilities Maintenance Technician","311227","3112","5153.1","building caretaker","http://data.europa.eu/esco/occupation/1822bfc2-e735-449f-ba00-ca71eb5c062b","partial_proxy","low","Building maintenance/caretaking proxy; green-building systems and technical energy expertise need enrichment.","test_only_project_mapping_not_human_validated","False","3112-27","5153","","","","","no_unique_exact_esco_title_match","new_mapping","project_partial_proxy","curated_title_and_duty_decision","ReRouteHer project-derived; NOT an official MASCO-ESCO crosswalk","non_exact_title","0.567164","Inherited current-role retrieval score; not a probability or a new MASCO 2020 validation score.","False","True","Not established","ESCO skills inherited from one primary occupation. Essential/optional refers to ESCO, not a verified Malaysian requirement.","","https://www.dosm.gov.my/uploads/content-downloads/file_20220920110308.pdf#page=368","http://data.europa.eu/esco/occupation/1822bfc2-e735-449f-ba00-ca71eb5c062b","M311214","311214","Green Building Facilities Maintenance Technician","https://emasco.mohr.gov.my/masco/3112-14","2020","exact_normalized_title","high","368","https://www.dosm.gov.my/uploads/content-downloads/file_20220920110308.pdf#page=368","Current eMASCO D11 profile inherited for a MASCO 2020 identity; not 2020-specific task evidence; test only.","partial_proxy","low","M311214","False","Original current-role title, not the remapped 2020 title; retained for comparison only."
"M311230","Assistant Engineer Maintenance","311230","3112","3115.1.6","industrial maintenance supervisor","http://data.europa.eu/esco/occupation/a9b20949-897b-481f-8642-d1f69263baff","partial_proxy","low","Industrial maintenance coordination; assistant-engineer versus supervisor scope differs.","test_only_project_mapping_not_human_validated","False","3112-30","3115","","","","","no_unique_exact_esco_title_match","new_mapping","project_partial_proxy","curated_title_and_duty_decision","ReRouteHer project-derived; NOT an official MASCO-ESCO crosswalk","non_exact_title","0.542373","Inherited current-role retrieval score; not a probability or a new MASCO 2020 validation score.","False","True","Not established","ESCO skills inherited from one primary occupation. Essential/optional refers to ESCO, not a verified Malaysian requirement.","","https://www.dosm.gov.my/uploads/content-downloads/file_20220920110308.pdf#page=368","http://data.europa.eu/esco/occupation/a9b20949-897b-481f-8642-d1f69263baff","M311216","311216","Assistant Engineer Maintenance","https://emasco.mohr.gov.my/masco/3112-16","2020","exact_normalized_title","high","368","https://www.dosm.gov.my/uploads/content-downloads/file_20220920110308.pdf#page=368","Current eMASCO D11 profile inherited for a MASCO 2020 identity; not 2020-specific task evidence; test only.","partial_proxy","low","M311216","False","Original current-role title, not the remapped 2020 title; retained for comparison only."
"M311232","Assistant Quantity Surveyor Grade JA29","311232","3112","2149.14","quantity surveyor","http://data.europa.eu/esco/occupation/0cca32c2-9308-4927-adb2-14771ab787f0","broader_proxy","medium","Quantity-surveying function; assistant grade is not separately represented.","test_only_project_mapping_not_human_validated","False","3112-32","2149","","","","","no_unique_exact_esco_title_match","new_mapping","project_broader_proxy","curated_title_and_duty_decision","ReRouteHer project-derived; NOT an official MASCO-ESCO crosswalk","exact_alternate_label","1","Inherited current-role retrieval score; not a probability or a new MASCO 2020 validation score.","False","True","Not established","ESCO skills inherited from one primary occupation. Essential/optional refers to ESCO, not a verified Malaysian requirement.","","https://www.dosm.gov.my/uploads/content-downloads/file_20220920110308.pdf#page=368","http://data.europa.eu/esco/occupation/0cca32c2-9308-4927-adb2-14771ab787f0","M311220","311220","Assistant Quantity Surveyor Grade JA5","https://emasco.mohr.gov.my/masco/3112-20","2020","grade_reversion","high","368","https://www.dosm.gov.my/uploads/content-downloads/file_20220920110308.pdf#page=368","Current eMASCO D11 profile inherited for a MASCO 2020 identity; not 2020-specific task evidence; test only.","broader_proxy","medium","M311220","False","Original current-role title, not the remapped 2020 title; retained for comparison only."
"M311233","Quantity Surveyor Assistant","311233","3112","2149.14","quantity surveyor","http://data.europa.eu/esco/occupation/0cca32c2-9308-4927-adb2-14771ab787f0","broader_proxy","medium","Quantity-surveying function; assistant grade is not separately represented.","test_only_project_mapping_not_human_validated","False","3112-33","2149","","","","","no_unique_exact_esco_title_match","new_mapping","project_broader_proxy","curated_title_and_duty_decision","ReRouteHer project-derived; NOT an official MASCO-ESCO crosswalk","non_exact_title","0.792453","Inherited current-role retrieval score; not a probability or a new MASCO 2020 validation score.","False","True","Not established","ESCO skills inherited from one primary occupation. Essential/optional refers to ESCO, not a verified Malaysian requirement.","","https://www.dosm.gov.my/uploads/content-downloads/file_20220920110308.pdf#page=368","http://data.europa.eu/esco/occupation/0cca32c2-9308-4927-adb2-14771ab787f0","M311217","311217","Quantity Surveyor Assistant","https://emasco.mohr.gov.my/masco/3112-17","2020","exact_normalized_title","high","368","https://www.dosm.gov.my/uploads/content-downloads/file_20220920110308.pdf#page=368","Current eMASCO D11 profile inherited for a MASCO 2020 identity; not 2020-specific task evidence; test only.","broader_proxy","medium","M311217","False","Original current-role title, not the remapped 2020 title; retained for comparison only."
"M311237","Assistant Building Surveyor Grade J29","311237","3112","3315.8","real estate surveyor","http://data.europa.eu/esco/occupation/bbefa1b2-521e-4d87-a7ad-9bbd0b32e271","broader_proxy","medium","Building/property surveying function; assistant grade is not separate.","test_only_project_mapping_not_human_validated","False","3112-37","3315","","","","","no_unique_exact_esco_title_match","new_mapping","project_broader_proxy","curated_title_and_duty_decision","ReRouteHer project-derived; NOT an official MASCO-ESCO crosswalk","non_exact_title","0.595745","Inherited current-role retrieval score; not a probability or a new MASCO 2020 validation score.","False","True","Not established","ESCO skills inherited from one primary occupation. Essential/optional refers to ESCO, not a verified Malaysian requirement.","","https://www.dosm.gov.my/uploads/content-downloads/file_20220920110308.pdf#page=369","http://data.europa.eu/esco/occupation/bbefa1b2-521e-4d87-a7ad-9bbd0b32e271","M311222","311222","Assistant Building Surveyor Grade J5","https://emasco.mohr.gov.my/masco/3112-22","2020","grade_reversion","high","369","https://www.dosm.gov.my/uploads/content-downloads/file_20220920110308.pdf#page=369","Current eMASCO D11 profile inherited for a MASCO 2020 identity; not 2020-specific task evidence; test only.","broader_proxy","medium","M311222","False","Original current-role title, not the remapped 2020 title; retained for comparison only."
"M311301","Electrical Engineering Technician","311301","3113","3113.1","electrical engineering technician","http://data.europa.eu/esco/occupation/9aa2a36f-296e-45fe-9798-b7839e0ed389","close_match","high","Preferred occupation title matches after removing Malaysian grade/competency wrappers.","test_only_project_mapping_not_human_validated","False","3113-01","3113","","","","3113.1","unique_exact_preferred_title_same_isco_group","retained_mapping","project_close_match","unique_cleaned_preferred_label","ReRouteHer project-derived; NOT an official MASCO-ESCO crosswalk","exact_preferred_label","1","Inherited current-role retrieval score; not a probability or a new MASCO 2020 validation score.","True","True","Not established","ESCO skills inherited from one primary occupation. Essential/optional refers to ESCO, not a verified Malaysian requirement.","","https://www.dosm.gov.my/uploads/content-downloads/file_20220920110308.pdf#page=369","http://data.europa.eu/esco/occupation/9aa2a36f-296e-45fe-9798-b7839e0ed389","M311301","311301","Electrical Engineering Technician","https://emasco.mohr.gov.my/masco/3113-01","2020","exact_normalized_title","high","369","https://www.dosm.gov.my/uploads/content-downloads/file_20220920110308.pdf#page=369","Current eMASCO D11 profile inherited for a MASCO 2020 identity; not 2020-specific task evidence; test only.","close_match","high","M311301","True","Original current-role title, not the remapped 2020 title; retained for comparison only."
"M311307","Electrical and Instrument Supervisor","311307","3113","3123.1.11","electrical supervisor","http://data.europa.eu/esco/occupation/8862c29b-3810-4fbc-85c7-c9ee87535f73","partial_proxy","low","Title/duty comparison supports this primary proxy, but occupational breadth, specialisation or seniority may differ. See both source profiles in the evidence table.","test_only_project_mapping_not_human_validated","False","3113-07","3123","","","","","no_unique_exact_esco_title_match","new_mapping","project_partial_proxy","reviewed_existing_or_retrieved_candidate","ReRouteHer project-derived; NOT an official MASCO-ESCO crosswalk","non_exact_title","0.771429","Inherited current-role retrieval score; not a probability or a new MASCO 2020 validation score.","False","True","Not established","ESCO skills inherited from one primary occupation. Essential/optional refers to ESCO, not a verified Malaysian requirement.","","https://www.dosm.gov.my/uploads/content-downloads/file_20220920110308.pdf#page=369","http://data.europa.eu/esco/occupation/8862c29b-3810-4fbc-85c7-c9ee87535f73","M311303","311303","Electrical and Instrument Supervisor","https://emasco.mohr.gov.my/masco/3113-03","2020","exact_normalized_title","high","369","https://www.dosm.gov.my/uploads/content-downloads/file_20220920110308.pdf#page=369","Current eMASCO D11 profile inherited for a MASCO 2020 identity; not 2020-specific task evidence; test only.","partial_proxy","low","M311303","False","Original current-role title, not the remapped 2020 title; retained for comparison only."
"M311310","Electrical Engineering Estimator","311310","3113","2421.1.1","manufacturing cost estimator","http://data.europa.eu/esco/occupation/219d1c30-3849-4de3-b0d6-07da187b6521","broader_proxy","medium","Manufacturing/engineering cost estimation; electrical/electronic/mechanical/chemical specialty varies.","test_only_project_mapping_not_human_validated","False","3113-10","2421","","","","","no_unique_exact_esco_title_match","new_mapping","project_broader_proxy","curated_title_and_duty_decision","ReRouteHer project-derived; NOT an official MASCO-ESCO crosswalk","non_exact_title","0.533333","Inherited current-role retrieval score; not a probability or a new MASCO 2020 validation score.","False","True","Not established","ESCO skills inherited from one primary occupation. Essential/optional refers to ESCO, not a verified Malaysian requirement.","","https://www.dosm.gov.my/uploads/content-downloads/file_20220920110308.pdf#page=369","http://data.europa.eu/esco/occupation/219d1c30-3849-4de3-b0d6-07da187b6521","M311304","311304","Electrical Engineering Estimator","https://emasco.mohr.gov.my/masco/3113-04","2020","exact_normalized_title","high","369","https://www.dosm.gov.my/uploads/content-downloads/file_20220920110308.pdf#page=369","Current eMASCO D11 profile inherited for a MASCO 2020 identity; not 2020-specific task evidence; test only.","broader_proxy","medium","M311304","False","Original current-role title, not the remapped 2020 title; retained for comparison only."
"M311314","Electrical High Voltage Technician","311314","3113","3113.1","electrical engineering technician","http://data.europa.eu/esco/occupation/9aa2a36f-296e-45fe-9798-b7839e0ed389","partial_proxy","low","Title/duty comparison supports this primary proxy, but occupational breadth, specialisation or seniority may differ. See both source profiles in the evidence table.","test_only_project_mapping_not_human_validated","False","3113-14","3113","","","","","no_unique_exact_esco_title_match","new_mapping","project_partial_proxy","reviewed_existing_or_retrieved_candidate","ReRouteHer project-derived; NOT an official MASCO-ESCO crosswalk","non_exact_title","0.763636","Inherited current-role retrieval score; not a probability or a new MASCO 2020 validation score.","True","True","Not established","ESCO skills inherited from one primary occupation. Essential/optional refers to ESCO, not a verified Malaysian requirement.","","https://www.dosm.gov.my/uploads/content-downloads/file_20220920110308.pdf#page=369","http://data.europa.eu/esco/occupation/9aa2a36f-296e-45fe-9798-b7839e0ed389","M311306","311306","Electrical High Voltage Technician","https://emasco.mohr.gov.my/masco/3113-06","2020","exact_normalized_title","high","369","https://www.dosm.gov.my/uploads/content-downloads/file_20220920110308.pdf#page=369","Current eMASCO D11 profile inherited for a MASCO 2020 identity; not 2020-specific task evidence; test only.","partial_proxy","low","M311306","True","Original current-role title, not the remapped 2020 title; retained for comparison only."
"M311315","Debug Technician","311315","3113","3114.1.3","computer hardware test technician","http://data.europa.eu/esco/occupation/becbe3ca-e000-40c0-9f67-5c4035b930ea","partial_proxy","low","Title/duty comparison supports this primary proxy, but occupational breadth, specialisation or seniority may differ. See both source profiles in the evidence table.","test_only_project_mapping_not_human_validated","False","3113-15","3114","","","","","no_unique_exact_esco_title_match","new_mapping","project_partial_proxy","reviewed_existing_or_retrieved_candidate","ReRouteHer project-derived; NOT an official MASCO-ESCO crosswalk","non_exact_title","0.538462","Inherited current-role retrieval score; not a probability or a new MASCO 2020 validation score.","False","True","Not established","ESCO skills inherited from one primary occupation. Essential/optional refers to ESCO, not a verified Malaysian requirement.","","https://www.dosm.gov.my/uploads/content-downloads/file_20220920110308.pdf#page=369","http://data.europa.eu/esco/occupation/becbe3ca-e000-40c0-9f67-5c4035b930ea","M311307","311307","Debug Technician","https://emasco.mohr.gov.my/masco/3113-07","2020","exact_normalized_title","high","369","https://www.dosm.gov.my/uploads/content-downloads/file_20220920110308.pdf#page=369","Current eMASCO D11 profile inherited for a MASCO 2020 identity; not 2020-specific task evidence; test only.","partial_proxy","low","M311307","False","Original current-role title, not the remapped 2020 title; retained for comparison only."
"M311316","Assistant Electrical Engineer","311316","3113","3113.1","electrical engineering technician","http://data.europa.eu/esco/occupation/9aa2a36f-296e-45fe-9798-b7839e0ed389","close_match","medium","Electrical engineering technical support.","test_only_project_mapping_not_human_validated","False","3113-16","3113","","","","","no_unique_exact_esco_title_match","new_mapping","project_close_match","curated_title_and_duty_decision","ReRouteHer project-derived; NOT an official MASCO-ESCO crosswalk","non_exact_title","0.707692","Inherited current-role retrieval score; not a probability or a new MASCO 2020 validation score.","True","True","Not established","ESCO skills inherited from one primary occupation. Essential/optional refers to ESCO, not a verified Malaysian requirement.","","https://www.dosm.gov.my/uploads/content-downloads/file_20220920110308.pdf#page=369","http://data.europa.eu/esco/occupation/9aa2a36f-296e-45fe-9798-b7839e0ed389","M311308","311308","Assistant Electrical Engineer","https://emasco.mohr.gov.my/masco/3113-08","2020","exact_normalized_title","high","369","https://www.dosm.gov.my/uploads/content-downloads/file_20220920110308.pdf#page=369","Current eMASCO D11 profile inherited for a MASCO 2020 identity; not 2020-specific task evidence; test only.","close_match","medium","M311308","True","Original current-role title, not the remapped 2020 title; retained for comparison only."
"M311401","Electronics Engineering Technician","311401","3114","3114.1","electronics engineering technician","http://data.europa.eu/esco/occupation/27811419-407f-4868-a388-2f7df7aafd91","close_match","high","Preferred occupation title matches after removing Malaysian grade/competency wrappers.","test_only_project_mapping_not_human_validated","False","3114-01","3114","","","","3114.1","unique_exact_preferred_title_same_isco_group","retained_mapping","project_close_match","unique_cleaned_preferred_label","ReRouteHer project-derived; NOT an official MASCO-ESCO crosswalk","exact_preferred_label","1","Inherited current-role retrieval score; not a probability or a new MASCO 2020 validation score.","True","True","Not established","ESCO skills inherited from one primary occupation. Essential/optional refers to ESCO, not a verified Malaysian requirement.","","https://www.dosm.gov.my/uploads/content-downloads/file_20220920110308.pdf#page=369","http://data.europa.eu/esco/occupation/27811419-407f-4868-a388-2f7df7aafd91","M311401","311401","Electronics Engineering Technician","https://emasco.mohr.gov.my/masco/3114-01","2020","exact_normalized_title","high","369","https://www.dosm.gov.my/uploads/content-downloads/file_20220920110308.pdf#page=369","Current eMASCO D11 profile inherited for a MASCO 2020 identity; not 2020-specific task evidence; test only.","close_match","high","M311401","True","Original current-role title, not the remapped 2020 title; retained for comparison only."
"M311402","Electronics Engineering Estimator","311402","3114","2421.1.1","manufacturing cost estimator","http://data.europa.eu/esco/occupation/219d1c30-3849-4de3-b0d6-07da187b6521","broader_proxy","medium","Manufacturing/engineering cost estimation; electrical/electronic/mechanical/chemical specialty varies.","test_only_project_mapping_not_human_validated","False","3114-02","2421","","","","","no_unique_exact_esco_title_match","new_mapping","project_broader_proxy","curated_title_and_duty_decision","ReRouteHer project-derived; NOT an official MASCO-ESCO crosswalk","non_exact_title","0.551724","Inherited current-role retrieval score; not a probability or a new MASCO 2020 validation score.","False","True","Not established","ESCO skills inherited from one primary occupation. Essential/optional refers to ESCO, not a verified Malaysian requirement.","","https://www.dosm.gov.my/uploads/content-downloads/file_20220920110308.pdf#page=369","http://data.europa.eu/esco/occupation/219d1c30-3849-4de3-b0d6-07da187b6521","M311402","311402","Electronics Engineering Estimator","https://emasco.mohr.gov.my/masco/3114-02","2020","exact_normalized_title","high","369","https://www.dosm.gov.my/uploads/content-downloads/file_20220920110308.pdf#page=369","Current eMASCO D11 profile inherited for a MASCO 2020 identity; not 2020-specific task evidence; test only.","broader_proxy","medium","M311402","False","Original current-role title, not the remapped 2020 title; retained for comparison only."
"M311404","Electronics Design Technician","311404","3114","3114.1","electronics engineering technician","http://data.europa.eu/esco/occupation/27811419-407f-4868-a388-2f7df7aafd91","partial_proxy","low","Title/duty comparison supports this primary proxy, but occupational breadth, specialisation or seniority may differ. See both source profiles in the evidence table.","test_only_project_mapping_not_human_validated","False","3114-04","3114","","","","","no_unique_exact_esco_title_match","new_mapping","project_partial_proxy","reviewed_existing_or_retrieved_candidate","ReRouteHer project-derived; NOT an official MASCO-ESCO crosswalk","non_exact_title","0.833333","Inherited current-role retrieval score; not a probability or a new MASCO 2020 validation score.","True","True","Not established","ESCO skills inherited from one primary occupation. Essential/optional refers to ESCO, not a verified Malaysian requirement.","","https://www.dosm.gov.my/uploads/content-downloads/file_20220920110308.pdf#page=369","http://data.europa.eu/esco/occupation/27811419-407f-4868-a388-2f7df7aafd91","M311403","311403","Electronics Design Technician","https://emasco.mohr.gov.my/masco/3114-03","2020","exact_normalized_title","high","369","https://www.dosm.gov.my/uploads/content-downloads/file_20220920110308.pdf#page=369","Current eMASCO D11 profile inherited for a MASCO 2020 identity; not 2020-specific task evidence; test only.","partial_proxy","low","M311403","True","Original current-role title, not the remapped 2020 title; retained for comparison only."
"M311504","Mechanical Engineering Technician","311504","3115","3115.1","mechanical engineering technician","http://data.europa.eu/esco/occupation/b31e404e-9af6-457d-a58a-208f612eeba3","close_match","high","Preferred occupation title matches after removing Malaysian grade/competency wrappers.","test_only_project_mapping_not_human_validated","False","3115-04","3115","","","","3115.1","unique_exact_preferred_title_same_isco_group","retained_mapping","project_close_match","unique_cleaned_preferred_label","ReRouteHer project-derived; NOT an official MASCO-ESCO crosswalk","exact_preferred_label","1","Inherited current-role retrieval score; not a probability or a new MASCO 2020 validation score.","True","True","Not established","ESCO skills inherited from one primary occupation. Essential/optional refers to ESCO, not a verified Malaysian requirement.","","https://www.dosm.gov.my/uploads/content-downloads/file_20220920110308.pdf#page=369","http://data.europa.eu/esco/occupation/b31e404e-9af6-457d-a58a-208f612eeba3","M311501","311501","Mechanical Engineering Technician","https://emasco.mohr.gov.my/masco/3115-01","2020","exact_normalized_title","high","369","https://www.dosm.gov.my/uploads/content-downloads/file_20220920110308.pdf#page=369","Current eMASCO D11 profile inherited for a MASCO 2020 identity; not 2020-specific task evidence; test only.","close_match","high","M311501","True","Original current-role title, not the remapped 2020 title; retained for comparison only."
"M311514","Mechanical Engineering Assistant","311514","3115","3112.8","engineering assistant","http://data.europa.eu/esco/occupation/9581c837-fee7-4068-9618-1116fd93d723","partial_proxy","low","Title/duty comparison supports this primary proxy, but occupational breadth, specialisation or seniority may differ. See both source profiles in the evidence table.","test_only_project_mapping_not_human_validated","False","3115-14","3112","","","","","no_unique_exact_esco_title_match","new_mapping","project_partial_proxy","reviewed_existing_or_retrieved_candidate","ReRouteHer project-derived; NOT an official MASCO-ESCO crosswalk","non_exact_title","0.792453","Inherited current-role retrieval score; not a probability or a new MASCO 2020 validation score.","False","True","Not established","ESCO skills inherited from one primary occupation. Essential/optional refers to ESCO, not a verified Malaysian requirement.","","https://www.dosm.gov.my/uploads/content-downloads/file_20220920110308.pdf#page=369","http://data.europa.eu/esco/occupation/9581c837-fee7-4068-9618-1116fd93d723","M311502","311502","Mechanical Engineering Assistant","https://emasco.mohr.gov.my/masco/3115-02","2020","exact_normalized_title","high","369","https://www.dosm.gov.my/uploads/content-downloads/file_20220920110308.pdf#page=369","Current eMASCO D11 profile inherited for a MASCO 2020 identity; not 2020-specific task evidence; test only.","partial_proxy","low","M311502","False","Original current-role title, not the remapped 2020 title; retained for comparison only."
"M311515","Mechanical Engineering Estimator","311515","3115","2421.1.1","manufacturing cost estimator","http://data.europa.eu/esco/occupation/219d1c30-3849-4de3-b0d6-07da187b6521","broader_proxy","medium","Manufacturing/engineering cost estimation; electrical/electronic/mechanical/chemical specialty varies.","test_only_project_mapping_not_human_validated","False","3115-15","2421","","","","","no_unique_exact_esco_title_match","new_mapping","project_broader_proxy","curated_title_and_duty_decision","ReRouteHer project-derived; NOT an official MASCO-ESCO crosswalk","non_exact_title","0.6","Inherited current-role retrieval score; not a probability or a new MASCO 2020 validation score.","False","True","Not established","ESCO skills inherited from one primary occupation. Essential/optional refers to ESCO, not a verified Malaysian requirement.","","https://www.dosm.gov.my/uploads/content-downloads/file_20220920110308.pdf#page=369","http://data.europa.eu/esco/occupation/219d1c30-3849-4de3-b0d6-07da187b6521","M311503","311503","Mechanical Engineering Estimator","https://emasco.mohr.gov.my/masco/3115-03","2020","exact_normalized_title","high","369","https://www.dosm.gov.my/uploads/content-downloads/file_20220920110308.pdf#page=369","Current eMASCO D11 profile inherited for a MASCO 2020 identity; not 2020-specific task evidence; test only.","broader_proxy","medium","M311503","False","Original current-role title, not the remapped 2020 title; retained for comparison only."
"M311516","Dockmaster, Dry Dock","311516","3115","4323.11","port coordinator","http://data.europa.eu/esco/occupation/fa404a79-4091-47f9-a635-c2e3c576ece8","inherited_test_proxy","low","Inherited current-role ESCO assignment, not independently revalidated for this MASCO 2020 identity. The current dockmaster manages docking and dry-docking. MASCO 2020 distinguishes dry-dock and graving-dock dockmasters. Original rationale: Title/duty comparison supports this primary proxy, but occupational breadth, specialisation or seniority may differ. See both source profiles in the evidence table.","test_only_project_mapping_not_human_validated","False","3115-16","4323","","","","","no_unique_exact_esco_title_match","new_mapping","project_partial_proxy","reviewed_existing_or_retrieved_candidate","ReRouteHer project-derived; NOT an official MASCO-ESCO crosswalk","non_exact_title","0.604651","Inherited current-role retrieval score; not a probability or a new MASCO 2020 validation score.","False","True","Not established","ESCO skills inherited from one primary occupation. Essential/optional refers to ESCO, not a verified Malaysian requirement.","","https://www.dosm.gov.my/uploads/content-downloads/file_20220920110308.pdf#page=369","http://data.europa.eu/esco/occupation/fa404a79-4091-47f9-a635-c2e3c576ece8","M311504","311504","Port Master/Dockmaster","https://emasco.mohr.gov.my/masco/3115-04","2020","combined_title_split","medium","369","https://www.dosm.gov.my/uploads/content-downloads/file_20220920110308.pdf#page=369","Current eMASCO D11 profile inherited for a MASCO 2020 identity; not 2020-specific task evidence; test only.","partial_proxy","low","M311504","False","Original current-role title, not the remapped 2020 title; retained for comparison only."
"M311517","Dockmaster, Graving Dock","311517","3115","4323.11","port coordinator","http://data.europa.eu/esco/occupation/fa404a79-4091-47f9-a635-c2e3c576ece8","inherited_test_proxy","low","Inherited current-role ESCO assignment, not independently revalidated for this MASCO 2020 identity. The current dockmaster manages docking and dry-docking. MASCO 2020 distinguishes dry-dock and graving-dock dockmasters. Original rationale: Title/duty comparison supports this primary proxy, but occupational breadth, specialisation or seniority may differ. See both source profiles in the evidence table.","test_only_project_mapping_not_human_validated","False","3115-17","4323","","","","","no_unique_exact_esco_title_match","new_mapping","project_partial_proxy","reviewed_existing_or_retrieved_candidate","ReRouteHer project-derived; NOT an official MASCO-ESCO crosswalk","non_exact_title","0.604651","Inherited current-role retrieval score; not a probability or a new MASCO 2020 validation score.","False","True","Not established","ESCO skills inherited from one primary occupation. Essential/optional refers to ESCO, not a verified Malaysian requirement.","","https://www.dosm.gov.my/uploads/content-downloads/file_20220920110308.pdf#page=369","http://data.europa.eu/esco/occupation/fa404a79-4091-47f9-a635-c2e3c576ece8","M311504","311504","Port Master/Dockmaster","https://emasco.mohr.gov.my/masco/3115-04","2020","combined_title_split","medium","369","https://www.dosm.gov.my/uploads/content-downloads/file_20220920110308.pdf#page=369","Current eMASCO D11 profile inherited for a MASCO 2020 identity; not 2020-specific task evidence; test only.","partial_proxy","low","M311504","False","Original current-role title, not the remapped 2020 title; retained for comparison only."
"M311521","Hydraulic Hose Technician","311521","3115","7233.4","fluid power technician","http://data.europa.eu/esco/occupation/0b6e1a0d-63fe-42d4-8dff-2ff187a9fea9","partial_proxy","low","Title/duty comparison supports this primary proxy, but occupational breadth, specialisation or seniority may differ. See both source profiles in the evidence table.","test_only_project_mapping_not_human_validated","False","3115-21","7233","","","","","no_unique_exact_esco_title_match","new_mapping","project_partial_proxy","reviewed_existing_or_retrieved_candidate","ReRouteHer project-derived; NOT an official MASCO-ESCO crosswalk","non_exact_title","0.7","Inherited current-role retrieval score; not a probability or a new MASCO 2020 validation score.","False","True","Not established","ESCO skills inherited from one primary occupation. Essential/optional refers to ESCO, not a verified Malaysian requirement.","","https://www.dosm.gov.my/uploads/content-downloads/file_20220920110308.pdf#page=369","http://data.europa.eu/esco/occupation/0b6e1a0d-63fe-42d4-8dff-2ff187a9fea9","M311505","311505","Hydraulic Hose Technician","https://emasco.mohr.gov.my/masco/3115-05","2020","exact_normalized_title","high","369","https://www.dosm.gov.my/uploads/content-downloads/file_20220920110308.pdf#page=369","Current eMASCO D11 profile inherited for a MASCO 2020 identity; not 2020-specific task evidence; test only.","partial_proxy","low","M311505","False","Original current-role title, not the remapped 2020 title; retained for comparison only."
"M311524","Mechatronics Technician","311524","3115","3115.1.11","mechatronics engineering technician","http://data.europa.eu/esco/occupation/edf2e989-d7c5-496e-b365-81fc5cb9eb39","close_match","medium","ESCO alternate title matches the cleaned MASCO title; national qualifications and full task scope are not assumed equivalent.","test_only_project_mapping_not_human_validated","False","3115-24","3115","","","","3115.1.11","unique_exact_alternate_title_same_isco_group","retained_mapping","project_close_match","reviewed_existing_or_retrieved_candidate","ReRouteHer project-derived; NOT an official MASCO-ESCO crosswalk","exact_alternate_label","1","Inherited current-role retrieval score; not a probability or a new MASCO 2020 validation score.","True","True","Not established","ESCO skills inherited from one primary occupation. Essential/optional refers to ESCO, not a verified Malaysian requirement.","","https://www.dosm.gov.my/uploads/content-downloads/file_20220920110308.pdf#page=369","http://data.europa.eu/esco/occupation/edf2e989-d7c5-496e-b365-81fc5cb9eb39","M311506","311506","Mechatronics Technician","https://emasco.mohr.gov.my/masco/3115-06","2020","exact_normalized_title","high","369","https://www.dosm.gov.my/uploads/content-downloads/file_20220920110308.pdf#page=369","Current eMASCO D11 profile inherited for a MASCO 2020 identity; not 2020-specific task evidence; test only.","close_match","medium","M311506;M311511","True","Original current-role title, not the remapped 2020 title; retained for comparison only."
"M311527","CNC Technician (Computer Numerical Control)","311527","3115","7223.4","computer numerical control machine operator","http://data.europa.eu/esco/occupation/5c082067-ea18-4ccb-8c43-e70b18ad8120","partial_proxy","low","CNC operation/programming component; technician maintenance duties are wider.","test_only_project_mapping_not_human_validated","False","3115-27","7223","","","","","no_unique_exact_esco_title_match","new_mapping","project_partial_proxy","curated_title_and_duty_decision","ReRouteHer project-derived; NOT an official MASCO-ESCO crosswalk","non_exact_title","0.619048","Inherited current-role retrieval score; not a probability or a new MASCO 2020 validation score.","False","True","Not established","ESCO skills inherited from one primary occupation. Essential/optional refers to ESCO, not a verified Malaysian requirement.","","https://www.dosm.gov.my/uploads/content-downloads/file_20220920110308.pdf#page=369","http://data.europa.eu/esco/occupation/5c082067-ea18-4ccb-8c43-e70b18ad8120","M311507","311507","CNC Technician (Computer Numerical Control)","https://emasco.mohr.gov.my/masco/3115-07","2020","exact_normalized_title","high","369","https://www.dosm.gov.my/uploads/content-downloads/file_20220920110308.pdf#page=369","Current eMASCO D11 profile inherited for a MASCO 2020 identity; not 2020-specific task evidence; test only.","partial_proxy","low","M311507","False","Original current-role title, not the remapped 2020 title; retained for comparison only."
"M311528","Welding Technician","311528","3115","7212.4","welding coordinator","http://data.europa.eu/esco/occupation/cdef4961-fcc2-4e00-bfe8-4480b33aa6f3","close_match","medium","ESCO alternate title matches the cleaned MASCO title; national qualifications and full task scope are not assumed equivalent.","test_only_project_mapping_not_human_validated","False","3115-28","7212","","","","","no_unique_exact_esco_title_match","new_mapping","project_close_match","reviewed_existing_or_retrieved_candidate","ReRouteHer project-derived; NOT an official MASCO-ESCO crosswalk","exact_alternate_label","1","Inherited current-role retrieval score; not a probability or a new MASCO 2020 validation score.","False","True","Not established","ESCO skills inherited from one primary occupation. Essential/optional refers to ESCO, not a verified Malaysian requirement.","","https://www.dosm.gov.my/uploads/content-downloads/file_20220920110308.pdf#page=370","http://data.europa.eu/esco/occupation/cdef4961-fcc2-4e00-bfe8-4480b33aa6f3","M311508","311508","Welding Technician","https://emasco.mohr.gov.my/masco/3115-08","2020","exact_normalized_title","high","370","https://www.dosm.gov.my/uploads/content-downloads/file_20220920110308.pdf#page=370","Current eMASCO D11 profile inherited for a MASCO 2020 identity; not 2020-specific task evidence; test only.","close_match","medium","M311508","False","Original current-role title, not the remapped 2020 title; retained for comparison only."
"M311529","Steelmaking Technician","311529","3115","3117.3","metallurgical technician","http://data.europa.eu/esco/occupation/06351e17-67c4-44bc-adf7-64b73f92c3b5","partial_proxy","low","Title/duty comparison supports this primary proxy, but occupational breadth, specialisation or seniority may differ. See both source profiles in the evidence table.","test_only_project_mapping_not_human_validated","False","3115-29","3117","","","","","no_unique_exact_esco_title_match","new_mapping","project_partial_proxy","reviewed_existing_or_retrieved_candidate","ReRouteHer project-derived; NOT an official MASCO-ESCO crosswalk","non_exact_title","0.769231","Inherited current-role retrieval score; not a probability or a new MASCO 2020 validation score.","False","True","Not established","ESCO skills inherited from one primary occupation. Essential/optional refers to ESCO, not a verified Malaysian requirement.","","https://www.dosm.gov.my/uploads/content-downloads/file_20220920110308.pdf#page=370","http://data.europa.eu/esco/occupation/06351e17-67c4-44bc-adf7-64b73f92c3b5","M311509","311509","Steelmaking Technician","https://emasco.mohr.gov.my/masco/3115-09","2020","exact_normalized_title","high","370","https://www.dosm.gov.my/uploads/content-downloads/file_20220920110308.pdf#page=370","Current eMASCO D11 profile inherited for a MASCO 2020 identity; not 2020-specific task evidence; test only.","partial_proxy","low","M311509","False","Original current-role title, not the remapped 2020 title; retained for comparison only."
"M311531","Hygiene Technician 1","311531","3115","3257.5","occupational health and safety inspector","http://data.europa.eu/esco/occupation/673f3266-ab1a-447d-9b28-fc5838dc07e3","inherited_test_proxy","low","Inherited current-role ESCO assignment, not independently revalidated for this MASCO 2020 identity. The current generic competent-person hygiene technician has two named 2020 hygiene-technician entries. Existing D11 task-scope warning remains; these are test-only inherited profiles. Original rationale: Workplace exposure and hygiene inspection; D11 mixes routine cleaning with competent-person hygiene assessment, so validate the duty scope.","test_only_project_mapping_not_human_validated","False","3115-31","3257","","","","","no_unique_exact_esco_title_match","new_mapping","project_partial_proxy","curated_title_and_duty_decision","ReRouteHer project-derived; NOT an official MASCO-ESCO crosswalk","non_exact_title","0.347826","Inherited current-role retrieval score; not a probability or a new MASCO 2020 validation score.","False","True","Not established","ESCO skills inherited from one primary occupation. Essential/optional refers to ESCO, not a verified Malaysian requirement.","D11 competent-person hygiene profile combines exposure assessment and routine cleaning; competent-person duty scope requires checking.","https://www.dosm.gov.my/uploads/content-downloads/file_20220920110308.pdf#page=370","http://data.europa.eu/esco/occupation/673f3266-ab1a-447d-9b28-fc5838dc07e3","M311510","311510","Competent Person (CP) - Hygiene Technician","https://emasco.mohr.gov.my/masco/3115-10","2020","combined_title_split","medium","370","https://www.dosm.gov.my/uploads/content-downloads/file_20220920110308.pdf#page=370","Current eMASCO D11 profile inherited for a MASCO 2020 identity; not 2020-specific task evidence; test only.","partial_proxy","low","M311510","False","Original current-role title, not the remapped 2020 title; retained for comparison only."
"M311538","CAD/CAM Technician (Computer-Aided Design and Manufacturing)","311538","3115","3118.3.5","computer-aided design operator","http://data.europa.eu/esco/occupation/62979364-6fac-41f2-87ca-202bca19a6ab","broader_proxy","medium","Computer-aided design/drafting; CAM manufacturing or specific software skills need enrichment.","test_only_project_mapping_not_human_validated","False","3115-38","3118","","","","","no_unique_exact_esco_title_match","new_mapping","project_broader_proxy","curated_title_and_duty_decision","ReRouteHer project-derived; NOT an official MASCO-ESCO crosswalk","non_exact_title","0.82","Inherited current-role retrieval score; not a probability or a new MASCO 2020 validation score.","False","True","Not established","ESCO skills inherited from one primary occupation. Essential/optional refers to ESCO, not a verified Malaysian requirement.","","https://www.dosm.gov.my/uploads/content-downloads/file_20220920110308.pdf#page=370","http://data.europa.eu/esco/occupation/62979364-6fac-41f2-87ca-202bca19a6ab","M311512","311512","CAD/CAM (Computer-Aided Design and Manufacturing) Technician","https://emasco.mohr.gov.my/masco/3115-12","2020","title_variant","high","370","https://www.dosm.gov.my/uploads/content-downloads/file_20220920110308.pdf#page=370","Current eMASCO D11 profile inherited for a MASCO 2020 identity; not 2020-specific task evidence; test only.","broader_proxy","medium","M311512","False","Original current-role title, not the remapped 2020 title; retained for comparison only."
"M311544","AutoCad Drafter","311544","3115","3118.3.5","computer-aided design operator","http://data.europa.eu/esco/occupation/62979364-6fac-41f2-87ca-202bca19a6ab","inherited_test_proxy","medium","Inherited current-role ESCO assignment, not independently revalidated for this MASCO 2020 identity. Current AutoCAD Designer prepares technical CAD drawings; AutoCad Drafter is the 2020 occupational counterpart. Original rationale: Computer-aided design/drafting; CAM manufacturing or specific software skills need enrichment.","test_only_project_mapping_not_human_validated","False","3115-44","3118","","","","","no_unique_exact_esco_title_match","new_mapping","project_broader_proxy","curated_title_and_duty_decision","ReRouteHer project-derived; NOT an official MASCO-ESCO crosswalk","non_exact_title","0.827586","Inherited current-role retrieval score; not a probability or a new MASCO 2020 validation score.","False","True","Not established","ESCO skills inherited from one primary occupation. Essential/optional refers to ESCO, not a verified Malaysian requirement.","","https://www.dosm.gov.my/uploads/content-downloads/file_20220920110308.pdf#page=370","http://data.europa.eu/esco/occupation/62979364-6fac-41f2-87ca-202bca19a6ab","M311518","311518","AutoCAD Designer","https://emasco.mohr.gov.my/masco/3115-18","2020","reviewed_functional_equivalent","medium","370","https://www.dosm.gov.my/uploads/content-downloads/file_20220920110308.pdf#page=370","Current eMASCO D11 profile inherited for a MASCO 2020 identity; not 2020-specific task evidence; test only.","broader_proxy","medium","M311518","False","Original current-role title, not the remapped 2020 title; retained for comparison only."
"M311548","Equipment Technician","311548","3115","7233.7","industrial machinery mechanic","http://data.europa.eu/esco/occupation/269c47e7-9017-4aa6-bce8-49e89a696a64","broader_proxy","medium","Industrial equipment repair and maintenance; equipment type is not separately represented.","test_only_project_mapping_not_human_validated","False","3115-48","7233","","","","","no_unique_exact_esco_title_match","new_mapping","project_broader_proxy","curated_title_and_duty_decision","ReRouteHer project-derived; NOT an official MASCO-ESCO crosswalk","non_exact_title","0.432432","Inherited current-role retrieval score; not a probability or a new MASCO 2020 validation score.","False","True","Not established","ESCO skills inherited from one primary occupation. Essential/optional refers to ESCO, not a verified Malaysian requirement.","","https://www.dosm.gov.my/uploads/content-downloads/file_20220920110308.pdf#page=370","http://data.europa.eu/esco/occupation/269c47e7-9017-4aa6-bce8-49e89a696a64","M311515","311515","Equipment Technician","https://emasco.mohr.gov.my/masco/3115-15","2020","exact_normalized_title","high","370","https://www.dosm.gov.my/uploads/content-downloads/file_20220920110308.pdf#page=370","Current eMASCO D11 profile inherited for a MASCO 2020 identity; not 2020-specific task evidence; test only.","broader_proxy","medium","M311515","False","Original current-role title, not the remapped 2020 title; retained for comparison only."
"M311549","Assistant Equipment Engineer","311549","3115","2144.1.6","equipment engineer","http://data.europa.eu/esco/occupation/1c36dd08-f6a7-43f2-a889-beebedb71c25","partial_proxy","low","Title/duty comparison supports this primary proxy, but occupational breadth, specialisation or seniority may differ. See both source profiles in the evidence table.","test_only_project_mapping_not_human_validated","False","3115-49","2144","","","","","no_unique_exact_esco_title_match","new_mapping","project_partial_proxy","reviewed_existing_or_retrieved_candidate","ReRouteHer project-derived; NOT an official MASCO-ESCO crosswalk","non_exact_title","0.782609","Inherited current-role retrieval score; not a probability or a new MASCO 2020 validation score.","False","True","Not established","ESCO skills inherited from one primary occupation. Essential/optional refers to ESCO, not a verified Malaysian requirement.","","https://www.dosm.gov.my/uploads/content-downloads/file_20220920110308.pdf#page=370","http://data.europa.eu/esco/occupation/1c36dd08-f6a7-43f2-a889-beebedb71c25","M311516","311516","Assistant Equipment Engineer","https://emasco.mohr.gov.my/masco/3115-16","2020","exact_normalized_title","high","370","https://www.dosm.gov.my/uploads/content-downloads/file_20220920110308.pdf#page=370","Current eMASCO D11 profile inherited for a MASCO 2020 identity; not 2020-specific task evidence; test only.","partial_proxy","low","M311516","False","Original current-role title, not the remapped 2020 title; retained for comparison only."
"M311550","Assistant Welding Engineer","311550","3115","2144.1.23","welding engineer","http://data.europa.eu/esco/occupation/16cb1f72-3d8c-4404-84ec-9c31fbd7c86c","partial_proxy","low","Title/duty comparison supports this primary proxy, but occupational breadth, specialisation or seniority may differ. See both source profiles in the evidence table.","test_only_project_mapping_not_human_validated","False","3115-50","2144","","","","","no_unique_exact_esco_title_match","new_mapping","project_partial_proxy","reviewed_existing_or_retrieved_candidate","ReRouteHer project-derived; NOT an official MASCO-ESCO crosswalk","non_exact_title","0.867925","Inherited current-role retrieval score; not a probability or a new MASCO 2020 validation score.","False","True","Not established","ESCO skills inherited from one primary occupation. Essential/optional refers to ESCO, not a verified Malaysian requirement.","","https://www.dosm.gov.my/uploads/content-downloads/file_20220920110308.pdf#page=370","http://data.europa.eu/esco/occupation/16cb1f72-3d8c-4404-84ec-9c31fbd7c86c","M311517","311517","Assistant Welding Engineer","https://emasco.mohr.gov.my/masco/3115-17","2020","exact_normalized_title","high","370","https://www.dosm.gov.my/uploads/content-downloads/file_20220920110308.pdf#page=370","Current eMASCO D11 profile inherited for a MASCO 2020 identity; not 2020-specific task evidence; test only.","partial_proxy","low","M311517","False","Original current-role title, not the remapped 2020 title; retained for comparison only."
"M311552","Hygiene Technician 2","311552","3115","3257.5","occupational health and safety inspector","http://data.europa.eu/esco/occupation/673f3266-ab1a-447d-9b28-fc5838dc07e3","inherited_test_proxy","low","Inherited current-role ESCO assignment, not independently revalidated for this MASCO 2020 identity. The current generic competent-person hygiene technician has two named 2020 hygiene-technician entries. Existing D11 task-scope warning remains; these are test-only inherited profiles. Original rationale: Workplace exposure and hygiene inspection; D11 mixes routine cleaning with competent-person hygiene assessment, so validate the duty scope.","test_only_project_mapping_not_human_validated","False","3115-52","3257","","","","","no_unique_exact_esco_title_match","new_mapping","project_partial_proxy","curated_title_and_duty_decision","ReRouteHer project-derived; NOT an official MASCO-ESCO crosswalk","non_exact_title","0.347826","Inherited current-role retrieval score; not a probability or a new MASCO 2020 validation score.","False","True","Not established","ESCO skills inherited from one primary occupation. Essential/optional refers to ESCO, not a verified Malaysian requirement.","D11 competent-person hygiene profile combines exposure assessment and routine cleaning; competent-person duty scope requires checking.","https://www.dosm.gov.my/uploads/content-downloads/file_20220920110308.pdf#page=370","http://data.europa.eu/esco/occupation/673f3266-ab1a-447d-9b28-fc5838dc07e3","M311510","311510","Competent Person (CP) - Hygiene Technician","https://emasco.mohr.gov.my/masco/3115-10","2020","combined_title_split","medium","370","https://www.dosm.gov.my/uploads/content-downloads/file_20220920110308.pdf#page=370","Current eMASCO D11 profile inherited for a MASCO 2020 identity; not 2020-specific task evidence; test only.","partial_proxy","low","M311510","False","Original current-role title, not the remapped 2020 title; retained for comparison only."
"M311601","Chemical Engineering Technician","311601","3116","3116.1","chemical engineering technician","http://data.europa.eu/esco/occupation/35bc3847-58ad-46f5-8921-e58acc2762a6","close_match","high","Preferred occupation title matches after removing Malaysian grade/competency wrappers.","test_only_project_mapping_not_human_validated","False","3116-01","3116","","","","3116.1","unique_exact_preferred_title_same_isco_group","retained_mapping","project_close_match","unique_cleaned_preferred_label","ReRouteHer project-derived; NOT an official MASCO-ESCO crosswalk","exact_preferred_label","1","Inherited current-role retrieval score; not a probability or a new MASCO 2020 validation score.","True","True","Not established","ESCO skills inherited from one primary occupation. Essential/optional refers to ESCO, not a verified Malaysian requirement.","","https://www.dosm.gov.my/uploads/content-downloads/file_20220920110308.pdf#page=370","http://data.europa.eu/esco/occupation/35bc3847-58ad-46f5-8921-e58acc2762a6","M311601","311601","Chemical Engineering Technician","https://emasco.mohr.gov.my/masco/3116-01","2020","exact_normalized_title","high","370","https://www.dosm.gov.my/uploads/content-downloads/file_20220920110308.pdf#page=370","Current eMASCO D11 profile inherited for a MASCO 2020 identity; not 2020-specific task evidence; test only.","close_match","high","M311601","True","Original current-role title, not the remapped 2020 title; retained for comparison only."
"M311604","Oil Technologist","311604","3116","3134.3","oil refinery control room operator","http://data.europa.eu/esco/occupation/217e7ae2-605d-4225-afd2-6319c2408116","partial_proxy","low","Petroleum-processing monitoring, sampling and operation; technologist/technical-supervision scope differs from control-room operation.","test_only_project_mapping_not_human_validated","False","3116-04","3134","","","","","no_unique_exact_esco_title_match","new_mapping","project_partial_proxy","curated_title_and_duty_decision","ReRouteHer project-derived; NOT an official MASCO-ESCO crosswalk","non_exact_title","0.461538","Inherited current-role retrieval score; not a probability or a new MASCO 2020 validation score.","False","True","Not established","ESCO skills inherited from one primary occupation. Essential/optional refers to ESCO, not a verified Malaysian requirement.","","https://www.dosm.gov.my/uploads/content-downloads/file_20220920110308.pdf#page=370","http://data.europa.eu/esco/occupation/217e7ae2-605d-4225-afd2-6319c2408116","M311602","311602","Oil Technologist","https://emasco.mohr.gov.my/masco/3116-02","2020","exact_normalized_title","high","370","https://www.dosm.gov.my/uploads/content-downloads/file_20220920110308.pdf#page=370","Current eMASCO D11 profile inherited for a MASCO 2020 identity; not 2020-specific task evidence; test only.","partial_proxy","low","M311602","False","Original current-role title, not the remapped 2020 title; retained for comparison only."
"M311605","Chemical Petroleum Technician","311605","3116","3116.1","chemical engineering technician","http://data.europa.eu/esco/occupation/35bc3847-58ad-46f5-8921-e58acc2762a6","partial_proxy","low","Title/duty comparison supports this primary proxy, but occupational breadth, specialisation or seniority may differ. See both source profiles in the evidence table.","test_only_project_mapping_not_human_validated","False","3116-05","3116","","","","","no_unique_exact_esco_title_match","new_mapping","project_partial_proxy","reviewed_existing_or_retrieved_candidate","ReRouteHer project-derived; NOT an official MASCO-ESCO crosswalk","non_exact_title","0.77193","Inherited current-role retrieval score; not a probability or a new MASCO 2020 validation score.","True","True","Not established","ESCO skills inherited from one primary occupation. Essential/optional refers to ESCO, not a verified Malaysian requirement.","","https://www.dosm.gov.my/uploads/content-downloads/file_20220920110308.pdf#page=370","http://data.europa.eu/esco/occupation/35bc3847-58ad-46f5-8921-e58acc2762a6","M311603","311603","Chemical Petroleum Technician","https://emasco.mohr.gov.my/masco/3116-03","2020","exact_normalized_title","high","370","https://www.dosm.gov.my/uploads/content-downloads/file_20220920110308.pdf#page=370","Current eMASCO D11 profile inherited for a MASCO 2020 identity; not 2020-specific task evidence; test only.","partial_proxy","low","M311603","True","Original current-role title, not the remapped 2020 title; retained for comparison only."
"M311609","Chemical Engineering Estimator","311609","3116","2421.1.1","manufacturing cost estimator","http://data.europa.eu/esco/occupation/219d1c30-3849-4de3-b0d6-07da187b6521","broader_proxy","medium","Manufacturing/engineering cost estimation; electrical/electronic/mechanical/chemical specialty varies.","test_only_project_mapping_not_human_validated","False","3116-09","2421","","","","","no_unique_exact_esco_title_match","new_mapping","project_broader_proxy","curated_title_and_duty_decision","ReRouteHer project-derived; NOT an official MASCO-ESCO crosswalk","non_exact_title","0.517241","Inherited current-role retrieval score; not a probability or a new MASCO 2020 validation score.","False","True","Not established","ESCO skills inherited from one primary occupation. Essential/optional refers to ESCO, not a verified Malaysian requirement.","","https://www.dosm.gov.my/uploads/content-downloads/file_20220920110308.pdf#page=370","http://data.europa.eu/esco/occupation/219d1c30-3849-4de3-b0d6-07da187b6521","M311604","311604","Chemical Engineering Estimator","https://emasco.mohr.gov.my/masco/3116-04","2020","exact_normalized_title","high","370","https://www.dosm.gov.my/uploads/content-downloads/file_20220920110308.pdf#page=370","Current eMASCO D11 profile inherited for a MASCO 2020 identity; not 2020-specific task evidence; test only.","broader_proxy","medium","M311604","False","Original current-role title, not the remapped 2020 title; retained for comparison only."
"M311701","Metallurgical Technician","311701","3117","3117.3","metallurgical technician","http://data.europa.eu/esco/occupation/06351e17-67c4-44bc-adf7-64b73f92c3b5","close_match","high","Preferred occupation title matches after removing Malaysian grade/competency wrappers.","test_only_project_mapping_not_human_validated","False","3117-01","3117","","","","3117.3","unique_exact_preferred_title_same_isco_group","retained_mapping","project_close_match","unique_cleaned_preferred_label","ReRouteHer project-derived; NOT an official MASCO-ESCO crosswalk","exact_preferred_label","1","Inherited current-role retrieval score; not a probability or a new MASCO 2020 validation score.","True","True","Not established","ESCO skills inherited from one primary occupation. Essential/optional refers to ESCO, not a verified Malaysian requirement.","","https://www.dosm.gov.my/uploads/content-downloads/file_20220920110308.pdf#page=370","http://data.europa.eu/esco/occupation/06351e17-67c4-44bc-adf7-64b73f92c3b5","M311701","311701","Metallurgical Technician","https://emasco.mohr.gov.my/masco/3117-01","2020","exact_normalized_title","high","370","https://www.dosm.gov.my/uploads/content-downloads/file_20220920110308.pdf#page=370","Current eMASCO D11 profile inherited for a MASCO 2020 identity; not 2020-specific task evidence; test only.","close_match","high","M311701","True","Original current-role title, not the remapped 2020 title; retained for comparison only."
"M311704","Metallurgical Laboratory Assistant","311704","3117","3117.3","metallurgical technician","http://data.europa.eu/esco/occupation/06351e17-67c4-44bc-adf7-64b73f92c3b5","partial_proxy","low","Title/duty comparison supports this primary proxy, but occupational breadth, specialisation or seniority may differ. See both source profiles in the evidence table.","test_only_project_mapping_not_human_validated","False","3117-04","3117","","","","","no_unique_exact_esco_title_match","new_mapping","project_partial_proxy","reviewed_existing_or_retrieved_candidate","ReRouteHer project-derived; NOT an official MASCO-ESCO crosswalk","non_exact_title","0.636364","Inherited current-role retrieval score; not a probability or a new MASCO 2020 validation score.","True","True","Not established","ESCO skills inherited from one primary occupation. Essential/optional refers to ESCO, not a verified Malaysian requirement.","","https://www.dosm.gov.my/uploads/content-downloads/file_20220920110308.pdf#page=370","http://data.europa.eu/esco/occupation/06351e17-67c4-44bc-adf7-64b73f92c3b5","M311702","311702","Metallurgical Laboratory Assistant","https://emasco.mohr.gov.my/masco/3117-02","2020","exact_normalized_title","high","370","https://www.dosm.gov.my/uploads/content-downloads/file_20220920110308.pdf#page=370","Current eMASCO D11 profile inherited for a MASCO 2020 identity; not 2020-specific task evidence; test only.","partial_proxy","low","M311702","True","Original current-role title, not the remapped 2020 title; retained for comparison only."
"M311711","Mining Assistant","311711","3117","9311.1","mining assistant","http://data.europa.eu/esco/occupation/efd5d3cb-3716-43b7-b21b-98e17f00e9eb","close_match","high","Preferred occupation title matches after removing Malaysian grade/competency wrappers.","test_only_project_mapping_not_human_validated","False","3117-11","9311","","","","","no_unique_exact_esco_title_match","new_mapping","project_close_match","unique_cleaned_preferred_label","ReRouteHer project-derived; NOT an official MASCO-ESCO crosswalk","exact_preferred_label","1","Inherited current-role retrieval score; not a probability or a new MASCO 2020 validation score.","False","True","Not established","ESCO skills inherited from one primary occupation. Essential/optional refers to ESCO, not a verified Malaysian requirement.","","https://www.dosm.gov.my/uploads/content-downloads/file_20220920110308.pdf#page=370","http://data.europa.eu/esco/occupation/efd5d3cb-3716-43b7-b21b-98e17f00e9eb","M311703","311703","Mining Assistant","https://emasco.mohr.gov.my/masco/3117-03","2020","exact_normalized_title","high","370","https://www.dosm.gov.my/uploads/content-downloads/file_20220920110308.pdf#page=370","Current eMASCO D11 profile inherited for a MASCO 2020 identity; not 2020-specific task evidence; test only.","close_match","high","M311703","False","Original current-role title, not the remapped 2020 title; retained for comparison only."
"M311723","Associate Field Professional","311723","3117","3112.8","engineering assistant","http://data.europa.eu/esco/occupation/9581c837-fee7-4068-9618-1116fd93d723","broader_proxy","medium","Field engineering technical assistance; industry is not specified reliably by D11.","test_only_project_mapping_not_human_validated","False","3117-23","3112","","","","","no_unique_exact_esco_title_match","new_mapping","project_broader_proxy","curated_title_and_duty_decision","ReRouteHer project-derived; NOT an official MASCO-ESCO crosswalk","non_exact_title","0.421053","Inherited current-role retrieval score; not a probability or a new MASCO 2020 validation score.","False","True","Not established","ESCO skills inherited from one primary occupation. Essential/optional refers to ESCO, not a verified Malaysian requirement.","","https://www.dosm.gov.my/uploads/content-downloads/file_20220920110308.pdf#page=371","http://data.europa.eu/esco/occupation/9581c837-fee7-4068-9618-1116fd93d723","M311704","311704","Associate Field Professional","https://emasco.mohr.gov.my/masco/3117-04","2020","exact_normalized_title","high","371","https://www.dosm.gov.my/uploads/content-downloads/file_20220920110308.pdf#page=371","Current eMASCO D11 profile inherited for a MASCO 2020 identity; not 2020-specific task evidence; test only.","broader_proxy","medium","M311704","False","Original current-role title, not the remapped 2020 title; retained for comparison only."
"M311801","Draughtsperson (Architecture) Grade JA19","311801","3118","3118.3.2","architectural drafter","http://data.europa.eu/esco/occupation/364cb5ca-3002-425f-b815-aefa513df78a","partial_proxy","low","Title/duty comparison supports this primary proxy, but occupational breadth, specialisation or seniority may differ. See both source profiles in the evidence table.","test_only_project_mapping_not_human_validated","False","3118-01","3118","","","","","no_unique_exact_esco_title_match","new_mapping","project_partial_proxy","reviewed_existing_or_retrieved_candidate","ReRouteHer project-derived; NOT an official MASCO-ESCO crosswalk","non_exact_title","0.518519","Inherited current-role retrieval score; not a probability or a new MASCO 2020 validation score.","True","True","Not established","ESCO skills inherited from one primary occupation. Essential/optional refers to ESCO, not a verified Malaysian requirement.","","https://www.dosm.gov.my/uploads/content-downloads/file_20220920110308.pdf#page=371","http://data.europa.eu/esco/occupation/364cb5ca-3002-425f-b815-aefa513df78a","M311804","311804","Draughtsperson (Architecture) Grade JA1","https://emasco.mohr.gov.my/masco/3118-04","2020","grade_reversion","high","371","https://www.dosm.gov.my/uploads/content-downloads/file_20220920110308.pdf#page=371","Current eMASCO D11 profile inherited for a MASCO 2020 identity; not 2020-specific task evidence; test only.","partial_proxy","low","M311804","True","Original current-role title, not the remapped 2020 title; retained for comparison only."
"M311803","Draughtsperson","311803","3118","3118.3","drafter","http://data.europa.eu/esco/occupation/a4869ae9-2dfe-48cc-bd97-f803880f3407","close_match","medium","ESCO alternate title matches the cleaned MASCO title; national qualifications and full task scope are not assumed equivalent.","test_only_project_mapping_not_human_validated","False","3118-03","3118","","","","3118.3","unique_exact_alternate_title_same_isco_group","retained_mapping","project_close_match","reviewed_existing_or_retrieved_candidate","ReRouteHer project-derived; NOT an official MASCO-ESCO crosswalk","exact_alternate_label","1","Inherited current-role retrieval score; not a probability or a new MASCO 2020 validation score.","True","True","Not established","ESCO skills inherited from one primary occupation. Essential/optional refers to ESCO, not a verified Malaysian requirement.","","https://www.dosm.gov.my/uploads/content-downloads/file_20220920110308.pdf#page=371","http://data.europa.eu/esco/occupation/a4869ae9-2dfe-48cc-bd97-f803880f3407","M311801","311801","Draughtsperson","https://emasco.mohr.gov.my/masco/3118-01","2020","exact_normalized_title","high","371","https://www.dosm.gov.my/uploads/content-downloads/file_20220920110308.pdf#page=371","Current eMASCO D11 profile inherited for a MASCO 2020 identity; not 2020-specific task evidence; test only.","close_match","medium","M311801","True","Original current-role title, not the remapped 2020 title; retained for comparison only."
"M311824","Geospatial Technician","311824","3118","2165.3","geographic information systems specialist","http://data.europa.eu/esco/occupation/9af8907f-56a7-4170-83b1-3c6ba0997cfa","partial_proxy","low","Title/duty comparison supports this primary proxy, but occupational breadth, specialisation or seniority may differ. See both source profiles in the evidence table.","test_only_project_mapping_not_human_validated","False","3118-24","2165","","","","","no_unique_exact_esco_title_match","new_mapping","project_partial_proxy","reviewed_existing_or_retrieved_candidate","ReRouteHer project-derived; NOT an official MASCO-ESCO crosswalk","non_exact_title","0.829268","Inherited current-role retrieval score; not a probability or a new MASCO 2020 validation score.","False","True","Not established","ESCO skills inherited from one primary occupation. Essential/optional refers to ESCO, not a verified Malaysian requirement.","","https://www.dosm.gov.my/uploads/content-downloads/file_20220920110308.pdf#page=371","http://data.europa.eu/esco/occupation/9af8907f-56a7-4170-83b1-3c6ba0997cfa","M311802","311802","Geospatial Technician","https://emasco.mohr.gov.my/masco/3118-02","2020","exact_normalized_title","high","371","https://www.dosm.gov.my/uploads/content-downloads/file_20220920110308.pdf#page=371","Current eMASCO D11 profile inherited for a MASCO 2020 identity; not 2020-specific task evidence; test only.","partial_proxy","low","M311802","False","Original current-role title, not the remapped 2020 title; retained for comparison only."
"M311826","Assistant Architectural Officer Grade JA29","311826","3118","2161.1","architect","http://data.europa.eu/esco/occupation/8c3f536e-ba66-4321-ba40-363dc39f129b","partial_proxy","low","Title/duty comparison supports this primary proxy, but occupational breadth, specialisation or seniority may differ. See both source profiles in the evidence table.","test_only_project_mapping_not_human_validated","False","3118-26","2161","","","","","no_unique_exact_esco_title_match","new_mapping","project_partial_proxy","reviewed_existing_or_retrieved_candidate","ReRouteHer project-derived; NOT an official MASCO-ESCO crosswalk","non_exact_title","0.641509","Inherited current-role retrieval score; not a probability or a new MASCO 2020 validation score.","False","True","Not established","ESCO skills inherited from one primary occupation. Essential/optional refers to ESCO, not a verified Malaysian requirement.","","https://www.dosm.gov.my/uploads/content-downloads/file_20220920110308.pdf#page=371","http://data.europa.eu/esco/occupation/8c3f536e-ba66-4321-ba40-363dc39f129b","M311805","311805","Assistant Architectural Officer Grade JA5","https://emasco.mohr.gov.my/masco/3118-05","2020","grade_reversion","high","371","https://www.dosm.gov.my/uploads/content-downloads/file_20220920110308.pdf#page=371","Current eMASCO D11 profile inherited for a MASCO 2020 identity; not 2020-specific task evidence; test only.","partial_proxy","low","M311805","False","Original current-role title, not the remapped 2020 title; retained for comparison only."
"M311827","Draughtsperson (Civil Engineering) Grade JA19","311827","3118","3118.3.4","civil drafter","http://data.europa.eu/esco/occupation/30aef4c6-49ca-4464-bf82-78ed88b3eb9b","broader_proxy","medium","Civil design drafting; engineering design responsibility may differ.","test_only_project_mapping_not_human_validated","False","3118-27","3118","","","","","no_unique_exact_esco_title_match","new_mapping","project_broader_proxy","curated_title_and_duty_decision","ReRouteHer project-derived; NOT an official MASCO-ESCO crosswalk","non_exact_title","0.596491","Inherited current-role retrieval score; not a probability or a new MASCO 2020 validation score.","True","True","Not established","ESCO skills inherited from one primary occupation. Essential/optional refers to ESCO, not a verified Malaysian requirement.","","https://www.dosm.gov.my/uploads/content-downloads/file_20220920110308.pdf#page=371","http://data.europa.eu/esco/occupation/30aef4c6-49ca-4464-bf82-78ed88b3eb9b","M311806","311806","Draughtsperson (Civil Engineering) Grade JA1","https://emasco.mohr.gov.my/masco/3118-06","2020","grade_reversion","high","371","https://www.dosm.gov.my/uploads/content-downloads/file_20220920110308.pdf#page=371","Current eMASCO D11 profile inherited for a MASCO 2020 identity; not 2020-specific task evidence; test only.","broader_proxy","medium","M311806","True","Original current-role title, not the remapped 2020 title; retained for comparison only."
"M311828","Assistant Landscape Architect Grade JA29","311828","3118","2162.1","landscape architect","http://data.europa.eu/esco/occupation/52207284-2681-40d3-a317-ec81ca1b3e41","partial_proxy","low","Title/duty comparison supports this primary proxy, but occupational breadth, specialisation or seniority may differ. See both source profiles in the evidence table.","test_only_project_mapping_not_human_validated","False","3118-28","2162","","","","","no_unique_exact_esco_title_match","new_mapping","project_partial_proxy","reviewed_existing_or_retrieved_candidate","ReRouteHer project-derived; NOT an official MASCO-ESCO crosswalk","non_exact_title","0.791667","Inherited current-role retrieval score; not a probability or a new MASCO 2020 validation score.","False","True","Not established","ESCO skills inherited from one primary occupation. Essential/optional refers to ESCO, not a verified Malaysian requirement.","","https://www.dosm.gov.my/uploads/content-downloads/file_20220920110308.pdf#page=371","http://data.europa.eu/esco/occupation/52207284-2681-40d3-a317-ec81ca1b3e41","M311807","311807","Assistant Landscape Architect Grade JA5","https://emasco.mohr.gov.my/masco/3118-07","2020","grade_reversion","high","371","https://www.dosm.gov.my/uploads/content-downloads/file_20220920110308.pdf#page=371","Current eMASCO D11 profile inherited for a MASCO 2020 identity; not 2020-specific task evidence; test only.","partial_proxy","low","M311807","False","Original current-role title, not the remapped 2020 title; retained for comparison only."
"M311829","Assistant Land Officer (Peninsular) NT29","311829","3118","2164.1","land planner","http://data.europa.eu/esco/occupation/44508e7b-f56b-4bfb-9cd6-879838aecd94","partial_proxy","low","Title/duty comparison supports this primary proxy, but occupational breadth, specialisation or seniority may differ. See both source profiles in the evidence table.","test_only_project_mapping_not_human_validated","False","3118-29","2164","","","","","no_unique_exact_esco_title_match","new_mapping","project_partial_proxy","reviewed_existing_or_retrieved_candidate","ReRouteHer project-derived; NOT an official MASCO-ESCO crosswalk","non_exact_title","0.5","Inherited current-role retrieval score; not a probability or a new MASCO 2020 validation score.","False","True","Not established","ESCO skills inherited from one primary occupation. Essential/optional refers to ESCO, not a verified Malaysian requirement.","","https://www.dosm.gov.my/uploads/content-downloads/file_20220920110308.pdf#page=371","http://data.europa.eu/esco/occupation/44508e7b-f56b-4bfb-9cd6-879838aecd94","M311808","311808","Assistant Land Officer Grade NT5","https://emasco.mohr.gov.my/masco/3118-08","2020","grade_reversion","high","371","https://www.dosm.gov.my/uploads/content-downloads/file_20220920110308.pdf#page=371","Current eMASCO D11 profile inherited for a MASCO 2020 identity; not 2020-specific task evidence; test only.","partial_proxy","low","M311808","False","Original current-role title, not the remapped 2020 title; retained for comparison only."
"M311830","Assistant Land Admini Officer (Sabah and Sarawak) Grade NT29","311830","3118","4312.6","property assistant","http://data.europa.eu/esco/occupation/c5c1c40f-d2b7-437f-b3e8-b9da48f6d728","partial_proxy","low","Title/duty comparison supports this primary proxy, but occupational breadth, specialisation or seniority may differ. See both source profiles in the evidence table.","test_only_project_mapping_not_human_validated","False","3118-30","4312","","","","","no_unique_exact_esco_title_match","new_mapping","project_partial_proxy","reviewed_existing_or_retrieved_candidate","ReRouteHer project-derived; NOT an official MASCO-ESCO crosswalk","non_exact_title","0.405063","Inherited current-role retrieval score; not a probability or a new MASCO 2020 validation score.","False","True","Not established","ESCO skills inherited from one primary occupation. Essential/optional refers to ESCO, not a verified Malaysian requirement.","","https://www.dosm.gov.my/uploads/content-downloads/file_20220920110308.pdf#page=371","http://data.europa.eu/esco/occupation/c5c1c40f-d2b7-437f-b3e8-b9da48f6d728","M311809","311809","Land Administration Assistant/Assistant Land Administrator Grade NT5","https://emasco.mohr.gov.my/masco/3118-09","2020","grade_reversion","high","371","https://www.dosm.gov.my/uploads/content-downloads/file_20220920110308.pdf#page=371","Current eMASCO D11 profile inherited for a MASCO 2020 identity; not 2020-specific task evidence; test only.","partial_proxy","low","M311809","False","Original current-role title, not the remapped 2020 title; retained for comparison only."
"M311831","Assistant Surveyor Grade JA29","311831","3118","3112.10","surveying technician","http://data.europa.eu/esco/occupation/624986f9-21ef-4cdf-8cf6-8407a337ec2f","close_match","medium","Surveying technical assistance.","test_only_project_mapping_not_human_validated","False","3118-31","3112","","","","","no_unique_exact_esco_title_match","new_mapping","project_close_match","curated_title_and_duty_decision","ReRouteHer project-derived; NOT an official MASCO-ESCO crosswalk","non_exact_title","0.615385","Inherited current-role retrieval score; not a probability or a new MASCO 2020 validation score.","False","True","Not established","ESCO skills inherited from one primary occupation. Essential/optional refers to ESCO, not a verified Malaysian requirement.","","https://www.dosm.gov.my/uploads/content-downloads/file_20220920110308.pdf#page=371","http://data.europa.eu/esco/occupation/624986f9-21ef-4cdf-8cf6-8407a337ec2f","M311810","311810","Assistant Surveyor Grade JA5","https://emasco.mohr.gov.my/masco/3118-10","2020","grade_reversion","high","371","https://www.dosm.gov.my/uploads/content-downloads/file_20220920110308.pdf#page=371","Current eMASCO D11 profile inherited for a MASCO 2020 identity; not 2020-specific task evidence; test only.","close_match","medium","M311810","False","Original current-role title, not the remapped 2020 title; retained for comparison only."
"M311903","Maintenance Technician","311903","3119","7233.7","industrial machinery mechanic","http://data.europa.eu/esco/occupation/269c47e7-9017-4aa6-bce8-49e89a696a64","inherited_test_proxy","medium","Inherited current-role ESCO assignment, not independently revalidated for this MASCO 2020 identity. The current role performs machinery/equipment servicing, diagnosis, repair and preventive maintenance: Maintenance Technician. Original rationale: Industrial equipment repair and maintenance; equipment type is not separately represented.","test_only_project_mapping_not_human_validated","False","3119-03","7233","","","","","no_unique_exact_esco_title_match","new_mapping","project_broader_proxy","curated_title_and_duty_decision","ReRouteHer project-derived; NOT an official MASCO-ESCO crosswalk","non_exact_title","0.545455","Inherited current-role retrieval score; not a probability or a new MASCO 2020 validation score.","False","True","Not established","ESCO skills inherited from one primary occupation. Essential/optional refers to ESCO, not a verified Malaysian requirement.","","https://www.dosm.gov.my/uploads/content-downloads/file_20220920110308.pdf#page=371","http://data.europa.eu/esco/occupation/269c47e7-9017-4aa6-bce8-49e89a696a64","M311520","311520","Repair and Maintenance (R&M) Technician","https://emasco.mohr.gov.my/masco/3115-20","2020","reviewed_functional_equivalent","medium","371","https://www.dosm.gov.my/uploads/content-downloads/file_20220920110308.pdf#page=371","Current eMASCO D11 profile inherited for a MASCO 2020 identity; not 2020-specific task evidence; test only.","broader_proxy","medium","M311520","False","Original current-role title, not the remapped 2020 title; retained for comparison only."
"M311910","Engineering Technician, Production","311910","3119","3115.1.16","production engineering technician","http://data.europa.eu/esco/occupation/11833a96-fc27-4b03-a53d-892ac891a2bb","inherited_test_proxy","low","Inherited current-role ESCO assignment, not independently revalidated for this MASCO 2020 identity. The 2020 index prints equivalent Production Engineering Technician titles at 3119-10 and 3119-15. Use the lower code as the project canonical entry; retain 311915 as an alternative, not a second duplicate role. Original rationale: Title/duty comparison supports this primary proxy, but occupational breadth, specialisation or seniority may differ. See both source profiles in the evidence table.","test_only_project_mapping_not_human_validated","False","3119-10","3115","","","","","no_unique_exact_esco_title_match","new_mapping","project_partial_proxy","reviewed_existing_or_retrieved_candidate","ReRouteHer project-derived; NOT an official MASCO-ESCO crosswalk","non_exact_title","0.666667","Inherited current-role retrieval score; not a probability or a new MASCO 2020 validation score.","False","True","Not established","ESCO skills inherited from one primary occupation. Essential/optional refers to ESCO, not a verified Malaysian requirement.","","https://www.dosm.gov.my/uploads/content-downloads/file_20220920110308.pdf#page=371","http://data.europa.eu/esco/occupation/11833a96-fc27-4b03-a53d-892ac891a2bb","M311901","311901","Engineering Technician (Production)","https://emasco.mohr.gov.my/masco/3119-01","2020","duplicate_2020_title_canonical_choice","medium","371","https://www.dosm.gov.my/uploads/content-downloads/file_20220920110308.pdf#page=371","Current eMASCO D11 profile inherited for a MASCO 2020 identity; not 2020-specific task evidence; test only.","partial_proxy","low","M311901","False","Original current-role title, not the remapped 2020 title; retained for comparison only."
"M311928","Quality Assurance Engineering Technician","311928","3119","3119.16","quality engineering technician","http://data.europa.eu/esco/occupation/998a0bf4-b1be-42ab-aee5-0096c9be3319","partial_proxy","low","Title/duty comparison supports this primary proxy, but occupational breadth, specialisation or seniority may differ. See both source profiles in the evidence table.","test_only_project_mapping_not_human_validated","False","3119-28","3119","","","","","no_unique_exact_esco_title_match","new_mapping","project_partial_proxy","reviewed_existing_or_retrieved_candidate","ReRouteHer project-derived; NOT an official MASCO-ESCO crosswalk","non_exact_title","0.857143","Inherited current-role retrieval score; not a probability or a new MASCO 2020 validation score.","True","True","Not established","ESCO skills inherited from one primary occupation. Essential/optional refers to ESCO, not a verified Malaysian requirement.","","https://www.dosm.gov.my/uploads/content-downloads/file_20220920110308.pdf#page=372","http://data.europa.eu/esco/occupation/998a0bf4-b1be-42ab-aee5-0096c9be3319","M311902","311902","Quality Assurance Engineering Technician","https://emasco.mohr.gov.my/masco/3119-02","2020","exact_normalized_title","high","372","https://www.dosm.gov.my/uploads/content-downloads/file_20220920110308.pdf#page=372","Current eMASCO D11 profile inherited for a MASCO 2020 identity; not 2020-specific task evidence; test only.","partial_proxy","low","M311902","True","Original current-role title, not the remapped 2020 title; retained for comparison only."
"M311929","Assistant Factory and Machinery Inspector Grade JA29","311929","3119","3257.5","occupational health and safety inspector","http://data.europa.eu/esco/occupation/673f3266-ab1a-447d-9b28-fc5838dc07e3","partial_proxy","low","Machinery/workplace inspection proxy; equipment-specific inspection and Malaysian authority need enrichment.","test_only_project_mapping_not_human_validated","False","3119-29","3257","","","","","no_unique_exact_esco_title_match","new_mapping","project_partial_proxy","curated_title_and_duty_decision","ReRouteHer project-derived; NOT an official MASCO-ESCO crosswalk","non_exact_title","0.588235","Inherited current-role retrieval score; not a probability or a new MASCO 2020 validation score.","False","True","Not established","ESCO skills inherited from one primary occupation. Essential/optional refers to ESCO, not a verified Malaysian requirement.","","https://www.dosm.gov.my/uploads/content-downloads/file_20220920110308.pdf#page=372","http://data.europa.eu/esco/occupation/673f3266-ab1a-447d-9b28-fc5838dc07e3","M311914","311914","Assistant Factory and Machinery Inspector Grade JA5","https://emasco.mohr.gov.my/masco/3119-14","2020","grade_reversion","high","372","https://www.dosm.gov.my/uploads/content-downloads/file_20220920110308.pdf#page=372","Current eMASCO D11 profile inherited for a MASCO 2020 identity; not 2020-specific task evidence; test only.","partial_proxy","low","M311914","False","Original current-role title, not the remapped 2020 title; retained for comparison only."
"M311943","Food Processing Technician","311943","3119","3119.5","food technician","http://data.europa.eu/esco/occupation/afee6a28-f654-4ac7-a665-f758616bc689","partial_proxy","low","Title/duty comparison supports this primary proxy, but occupational breadth, specialisation or seniority may differ. See both source profiles in the evidence table.","test_only_project_mapping_not_human_validated","False","3119-43","3119","","","","","no_unique_exact_esco_title_match","new_mapping","project_partial_proxy","reviewed_existing_or_retrieved_candidate","ReRouteHer project-derived; NOT an official MASCO-ESCO crosswalk","non_exact_title","0.731707","Inherited current-role retrieval score; not a probability or a new MASCO 2020 validation score.","True","True","Not established","ESCO skills inherited from one primary occupation. Essential/optional refers to ESCO, not a verified Malaysian requirement.","","https://www.dosm.gov.my/uploads/content-downloads/file_20220920110308.pdf#page=372","http://data.europa.eu/esco/occupation/afee6a28-f654-4ac7-a665-f758616bc689","M311904","311904","Food Processing Technician","https://emasco.mohr.gov.my/masco/3119-04","2020","exact_normalized_title","high","372","https://www.dosm.gov.my/uploads/content-downloads/file_20220920110308.pdf#page=372","Current eMASCO D11 profile inherited for a MASCO 2020 identity; not 2020-specific task evidence; test only.","partial_proxy","low","M311904","True","Original current-role title, not the remapped 2020 title; retained for comparison only."
"M311944","Crankshaft Grinding Technician","311944","3119","7223.4.2","grinding machine operator","http://data.europa.eu/esco/occupation/1d8545df-e3d8-4ece-9449-0f2940e97e7c","partial_proxy","low","Title/duty comparison supports this primary proxy, but occupational breadth, specialisation or seniority may differ. See both source profiles in the evidence table.","test_only_project_mapping_not_human_validated","False","3119-44","7223","","","","","no_unique_exact_esco_title_match","new_mapping","project_partial_proxy","reviewed_existing_or_retrieved_candidate","ReRouteHer project-derived; NOT an official MASCO-ESCO crosswalk","non_exact_title","0.721311","Inherited current-role retrieval score; not a probability or a new MASCO 2020 validation score.","False","True","Not established","ESCO skills inherited from one primary occupation. Essential/optional refers to ESCO, not a verified Malaysian requirement.","","https://www.dosm.gov.my/uploads/content-downloads/file_20220920110308.pdf#page=372","http://data.europa.eu/esco/occupation/1d8545df-e3d8-4ece-9449-0f2940e97e7c","M311905","311905","Crankshaft Grinding Technician","https://emasco.mohr.gov.my/masco/3119-05","2020","exact_normalized_title","high","372","https://www.dosm.gov.my/uploads/content-downloads/file_20220920110308.pdf#page=372","Current eMASCO D11 profile inherited for a MASCO 2020 identity; not 2020-specific task evidence; test only.","partial_proxy","low","M311905","False","Original current-role title, not the remapped 2020 title; retained for comparison only."
"M311945","Agro-Based Biotech Research Technician","311945","3119","3141.1","biotechnical technician","http://data.europa.eu/esco/occupation/0da75680-fbf9-44d8-802a-ac12eb425a34","broader_proxy","medium","Biotechnology laboratory/research support; agricultural/aquatic specialization needs enrichment.","test_only_project_mapping_not_human_validated","False","3119-45","3141","","","","","no_unique_exact_esco_title_match","new_mapping","project_broader_proxy","curated_title_and_duty_decision","ReRouteHer project-derived; NOT an official MASCO-ESCO crosswalk","non_exact_title","0.622951","Inherited current-role retrieval score; not a probability or a new MASCO 2020 validation score.","False","True","Not established","ESCO skills inherited from one primary occupation. Essential/optional refers to ESCO, not a verified Malaysian requirement.","","https://www.dosm.gov.my/uploads/content-downloads/file_20220920110308.pdf#page=372","http://data.europa.eu/esco/occupation/0da75680-fbf9-44d8-802a-ac12eb425a34","M311906","311906","Agro-Based Biotech Research Technician","https://emasco.mohr.gov.my/masco/3119-06","2020","exact_normalized_title","high","372","https://www.dosm.gov.my/uploads/content-downloads/file_20220920110308.pdf#page=372","Current eMASCO D11 profile inherited for a MASCO 2020 identity; not 2020-specific task evidence; test only.","broader_proxy","medium","M311906","False","Original current-role title, not the remapped 2020 title; retained for comparison only."
"M311948","Test Technician","311948","3119","3119.16","quality engineering technician","http://data.europa.eu/esco/occupation/998a0bf4-b1be-42ab-aee5-0096c9be3319","broader_proxy","medium","General product testing and quality-engineering support; not an arbitrary hardware-only specialization.","test_only_project_mapping_not_human_validated","False","3119-48","3119","","","","","no_unique_exact_esco_title_match","new_mapping","project_broader_proxy","curated_title_and_duty_decision","ReRouteHer project-derived; NOT an official MASCO-ESCO crosswalk","non_exact_title","0.727273","Inherited current-role retrieval score; not a probability or a new MASCO 2020 validation score.","True","True","Not established","ESCO skills inherited from one primary occupation. Essential/optional refers to ESCO, not a verified Malaysian requirement.","","https://www.dosm.gov.my/uploads/content-downloads/file_20220920110308.pdf#page=372","http://data.europa.eu/esco/occupation/998a0bf4-b1be-42ab-aee5-0096c9be3319","M311909","311909","Test Technician","https://emasco.mohr.gov.my/masco/3119-09","2020","exact_normalized_title","high","372","https://www.dosm.gov.my/uploads/content-downloads/file_20220920110308.pdf#page=372","Current eMASCO D11 profile inherited for a MASCO 2020 identity; not 2020-specific task evidence; test only.","broader_proxy","medium","M311909","True","Original current-role title, not the remapped 2020 title; retained for comparison only."
"M312201","Manufacturing Supervisor","312201","3122","3122.4","production supervisor","http://data.europa.eu/esco/occupation/40517ed4-2769-4283-a15b-4b0d939bd2d3","close_match","medium","ESCO alternate title matches the cleaned MASCO title; national qualifications and full task scope are not assumed equivalent.","test_only_project_mapping_not_human_validated","False","3122-01","3122","","","","3122.4","unique_exact_alternate_title_same_isco_group","retained_mapping","project_close_match","reviewed_existing_or_retrieved_candidate","ReRouteHer project-derived; NOT an official MASCO-ESCO crosswalk","exact_alternate_label","1","Inherited current-role retrieval score; not a probability or a new MASCO 2020 validation score.","True","True","Not established","ESCO skills inherited from one primary occupation. Essential/optional refers to ESCO, not a verified Malaysian requirement.","","https://www.dosm.gov.my/uploads/content-downloads/file_20220920110308.pdf#page=372","http://data.europa.eu/esco/occupation/40517ed4-2769-4283-a15b-4b0d939bd2d3","M312201","312201","Manufacturing Supervisor","https://emasco.mohr.gov.my/masco/3122-01","2020","exact_normalized_title","high","372","https://www.dosm.gov.my/uploads/content-downloads/file_20220920110308.pdf#page=372","Current eMASCO D11 profile inherited for a MASCO 2020 identity; not 2020-specific task evidence; test only.","close_match","medium","M312201","True","Original current-role title, not the remapped 2020 title; retained for comparison only."
"M312203","Finishing Supervisor","312203","3122","3122.4","production supervisor","http://data.europa.eu/esco/occupation/40517ed4-2769-4283-a15b-4b0d939bd2d3","broader_proxy","medium","Manufacturing process supervision; finishing/cutting material specialty is unspecified.","test_only_project_mapping_not_human_validated","False","3122-03","3122","","","","","no_unique_exact_esco_title_match","new_mapping","project_broader_proxy","curated_title_and_duty_decision","ReRouteHer project-derived; NOT an official MASCO-ESCO crosswalk","non_exact_title","0.681818","Inherited current-role retrieval score; not a probability or a new MASCO 2020 validation score.","True","True","Not established","ESCO skills inherited from one primary occupation. Essential/optional refers to ESCO, not a verified Malaysian requirement.","","https://www.dosm.gov.my/uploads/content-downloads/file_20220920110308.pdf#page=372","http://data.europa.eu/esco/occupation/40517ed4-2769-4283-a15b-4b0d939bd2d3","M312202","312202","Finishing Supervisor","https://emasco.mohr.gov.my/masco/3122-02","2020","exact_normalized_title","high","372","https://www.dosm.gov.my/uploads/content-downloads/file_20220920110308.pdf#page=372","Current eMASCO D11 profile inherited for a MASCO 2020 identity; not 2020-specific task evidence; test only.","broader_proxy","medium","M312202","True","Original current-role title, not the remapped 2020 title; retained for comparison only."
"M312205","Compounding Supervisor","312205","3122","3122.4.2","chemical processing supervisor","http://data.europa.eu/esco/occupation/f5aa06b0-745e-4eb1-b050-3e15d11e5eb5","close_match","medium","Chemical compounding supervision.","test_only_project_mapping_not_human_validated","False","3122-05","3122","","","","","no_unique_exact_esco_title_match","new_mapping","project_close_match","curated_title_and_duty_decision","ReRouteHer project-derived; NOT an official MASCO-ESCO crosswalk","non_exact_title","0.615385","Inherited current-role retrieval score; not a probability or a new MASCO 2020 validation score.","True","True","Not established","ESCO skills inherited from one primary occupation. Essential/optional refers to ESCO, not a verified Malaysian requirement.","","https://www.dosm.gov.my/uploads/content-downloads/file_20220920110308.pdf#page=372","http://data.europa.eu/esco/occupation/f5aa06b0-745e-4eb1-b050-3e15d11e5eb5","M312203","312203","Compounding Supervisor","https://emasco.mohr.gov.my/masco/3122-03","2020","exact_normalized_title","high","372","https://www.dosm.gov.my/uploads/content-downloads/file_20220920110308.pdf#page=372","Current eMASCO D11 profile inherited for a MASCO 2020 identity; not 2020-specific task evidence; test only.","close_match","medium","M312203","True","Original current-role title, not the remapped 2020 title; retained for comparison only."
"M312207","Cutting Supervisor","312207","3122","3122.4","production supervisor","http://data.europa.eu/esco/occupation/40517ed4-2769-4283-a15b-4b0d939bd2d3","broader_proxy","medium","Manufacturing process supervision; finishing/cutting material specialty is unspecified.","test_only_project_mapping_not_human_validated","False","3122-07","3122","","","","","no_unique_exact_esco_title_match","new_mapping","project_broader_proxy","curated_title_and_duty_decision","ReRouteHer project-derived; NOT an official MASCO-ESCO crosswalk","non_exact_title","0.769231","Inherited current-role retrieval score; not a probability or a new MASCO 2020 validation score.","True","True","Not established","ESCO skills inherited from one primary occupation. Essential/optional refers to ESCO, not a verified Malaysian requirement.","","https://www.dosm.gov.my/uploads/content-downloads/file_20220920110308.pdf#page=372","http://data.europa.eu/esco/occupation/40517ed4-2769-4283-a15b-4b0d939bd2d3","M312204","312204","Cutting Supervisor","https://emasco.mohr.gov.my/masco/3122-04","2020","exact_normalized_title","high","372","https://www.dosm.gov.my/uploads/content-downloads/file_20220920110308.pdf#page=372","Current eMASCO D11 profile inherited for a MASCO 2020 identity; not 2020-specific task evidence; test only.","broader_proxy","medium","M312204","True","Original current-role title, not the remapped 2020 title; retained for comparison only."
"M312209","Plywood Inspection Supervisor","312209","3122","3122.4.16","wood production supervisor","http://data.europa.eu/esco/occupation/bdfd018a-aae1-407e-a88c-471e50b0695d","broader_proxy","medium","Wood production and inspection supervision.","test_only_project_mapping_not_human_validated","False","3122-09","3122","","","","","no_unique_exact_esco_title_match","new_mapping","project_broader_proxy","curated_title_and_duty_decision","ReRouteHer project-derived; NOT an official MASCO-ESCO crosswalk","non_exact_title","0.8","Inherited current-role retrieval score; not a probability or a new MASCO 2020 validation score.","True","True","Not established","ESCO skills inherited from one primary occupation. Essential/optional refers to ESCO, not a verified Malaysian requirement.","","https://www.dosm.gov.my/uploads/content-downloads/file_20220920110308.pdf#page=372","http://data.europa.eu/esco/occupation/bdfd018a-aae1-407e-a88c-471e50b0695d","M312205","312205","Plywood Inspection Supervisor","https://emasco.mohr.gov.my/masco/3122-05","2020","exact_normalized_title","high","372","https://www.dosm.gov.my/uploads/content-downloads/file_20220920110308.pdf#page=372","Current eMASCO D11 profile inherited for a MASCO 2020 identity; not 2020-specific task evidence; test only.","broader_proxy","medium","M312205","True","Original current-role title, not the remapped 2020 title; retained for comparison only."
"M312210","Sawyer Supervisor","312210","3122","3122.4.16","wood production supervisor","http://data.europa.eu/esco/occupation/bdfd018a-aae1-407e-a88c-471e50b0695d","broader_proxy","medium","Wood production and inspection supervision.","test_only_project_mapping_not_human_validated","False","3122-10","3122","","","","","no_unique_exact_esco_title_match","new_mapping","project_broader_proxy","curated_title_and_duty_decision","ReRouteHer project-derived; NOT an official MASCO-ESCO crosswalk","non_exact_title","0.8","Inherited current-role retrieval score; not a probability or a new MASCO 2020 validation score.","True","True","Not established","ESCO skills inherited from one primary occupation. Essential/optional refers to ESCO, not a verified Malaysian requirement.","","https://www.dosm.gov.my/uploads/content-downloads/file_20220920110308.pdf#page=372","http://data.europa.eu/esco/occupation/bdfd018a-aae1-407e-a88c-471e50b0695d","M312206","312206","Sawyer Supervisor","https://emasco.mohr.gov.my/masco/3122-06","2020","exact_normalized_title","high","372","https://www.dosm.gov.my/uploads/content-downloads/file_20220920110308.pdf#page=372","Current eMASCO D11 profile inherited for a MASCO 2020 identity; not 2020-specific task evidence; test only.","broader_proxy","medium","M312206","True","Original current-role title, not the remapped 2020 title; retained for comparison only."
"M312215","Quality Control Supervisor","312215","3122","1219.7","quality services manager","http://data.europa.eu/esco/occupation/109e0a5d-203d-4af6-8f70-692111335ec3","inherited_test_proxy","medium","Inherited current-role ESCO assignment, not independently revalidated for this MASCO 2020 identity. Current manufacturing QA supervision explicitly includes inspection, testing and quality-control personnel. Use the 2020 Quality Control Supervisor and preserve the QA/QC wording judgement. Original rationale: ESCO alternate title matches the cleaned MASCO title; national qualifications and full task scope are not assumed equivalent.","test_only_project_mapping_not_human_validated","False","3122-15","1219","","","","","no_unique_exact_esco_title_match","new_mapping","project_close_match","reviewed_existing_or_retrieved_candidate","ReRouteHer project-derived; NOT an official MASCO-ESCO crosswalk","exact_alternate_label","1","Inherited current-role retrieval score; not a probability or a new MASCO 2020 validation score.","False","True","Not established","ESCO skills inherited from one primary occupation. Essential/optional refers to ESCO, not a verified Malaysian requirement.","","https://www.dosm.gov.my/uploads/content-downloads/file_20220920110308.pdf#page=372","http://data.europa.eu/esco/occupation/109e0a5d-203d-4af6-8f70-692111335ec3","M312218","312218","Quality Assurance Supervisor","https://emasco.mohr.gov.my/masco/3122-18","2020","reviewed_functional_equivalent","medium","372","https://www.dosm.gov.my/uploads/content-downloads/file_20220920110308.pdf#page=372","Current eMASCO D11 profile inherited for a MASCO 2020 identity; not 2020-specific task evidence; test only.","close_match","medium","M312218","False","Original current-role title, not the remapped 2020 title; retained for comparison only."
"M312218","Production Supervisor, Halal Food Manufacturing","312218","3122","3122.4","production supervisor","http://data.europa.eu/esco/occupation/40517ed4-2769-4283-a15b-4b0d939bd2d3","partial_proxy","low","Production supervision; food processing and halal controls require separate skills.","test_only_project_mapping_not_human_validated","False","3122-18","3122","","","","","no_unique_exact_esco_title_match","new_mapping","project_partial_proxy","curated_title_and_duty_decision","ReRouteHer project-derived; NOT an official MASCO-ESCO crosswalk","non_exact_title","0.685714","Inherited current-role retrieval score; not a probability or a new MASCO 2020 validation score.","True","True","Not established","ESCO skills inherited from one primary occupation. Essential/optional refers to ESCO, not a verified Malaysian requirement.","","https://www.dosm.gov.my/uploads/content-downloads/file_20220920110308.pdf#page=372","http://data.europa.eu/esco/occupation/40517ed4-2769-4283-a15b-4b0d939bd2d3","M312207","312207","Halal Food Manufacturing Production Supervisor","https://emasco.mohr.gov.my/masco/3122-07","2020","title_variant","high","372","https://www.dosm.gov.my/uploads/content-downloads/file_20220920110308.pdf#page=372","Current eMASCO D11 profile inherited for a MASCO 2020 identity; not 2020-specific task evidence; test only.","partial_proxy","low","M312207","True","Original current-role title, not the remapped 2020 title; retained for comparison only."
"M312220","Quality Assurance Supervisor, Halal Meat Processing","312220","3122","2263.2","food safety specialist","http://data.europa.eu/esco/occupation/00ab5610-e715-428f-99f6-b1e5e469dbcd","partial_proxy","low","Food safety/quality proxy for halal meat assurance; religious certification and supervisory scope are not covered.","test_only_project_mapping_not_human_validated","False","3122-20","2263","","","","","no_unique_exact_esco_title_match","new_mapping","project_partial_proxy","curated_title_and_duty_decision","ReRouteHer project-derived; NOT an official MASCO-ESCO crosswalk","non_exact_title","0.452381","Inherited current-role retrieval score; not a probability or a new MASCO 2020 validation score.","False","True","Not established","ESCO skills inherited from one primary occupation. Essential/optional refers to ESCO, not a verified Malaysian requirement.","","https://www.dosm.gov.my/uploads/content-downloads/file_20220920110308.pdf#page=373","http://data.europa.eu/esco/occupation/00ab5610-e715-428f-99f6-b1e5e469dbcd","M312208","312208","Halal Meat Processing Quality Assurance Supervisor","https://emasco.mohr.gov.my/masco/3122-08","2020","title_variant","high","373","https://www.dosm.gov.my/uploads/content-downloads/file_20220920110308.pdf#page=373","Current eMASCO D11 profile inherited for a MASCO 2020 identity; not 2020-specific task evidence; test only.","partial_proxy","low","M312208","False","Original current-role title, not the remapped 2020 title; retained for comparison only."
"M312226","Maintenance Supervisor","312226","3122","3115.1.6","industrial maintenance supervisor","http://data.europa.eu/esco/occupation/a9b20949-897b-481f-8642-d1f69263baff","partial_proxy","low","Title/duty comparison supports this primary proxy, but occupational breadth, specialisation or seniority may differ. See both source profiles in the evidence table.","test_only_project_mapping_not_human_validated","False","3122-26","3115","","","","","no_unique_exact_esco_title_match","new_mapping","project_partial_proxy","reviewed_existing_or_retrieved_candidate","ReRouteHer project-derived; NOT an official MASCO-ESCO crosswalk","non_exact_title","0.897959","Inherited current-role retrieval score; not a probability or a new MASCO 2020 validation score.","False","True","Not established","ESCO skills inherited from one primary occupation. Essential/optional refers to ESCO, not a verified Malaysian requirement.","","https://www.dosm.gov.my/uploads/content-downloads/file_20220920110308.pdf#page=373","http://data.europa.eu/esco/occupation/a9b20949-897b-481f-8642-d1f69263baff","M312212","312212","Maintenance Supervisor","https://emasco.mohr.gov.my/masco/3122-12","2020","exact_normalized_title","high","373","https://www.dosm.gov.my/uploads/content-downloads/file_20220920110308.pdf#page=373","Current eMASCO D11 profile inherited for a MASCO 2020 identity; not 2020-specific task evidence; test only.","partial_proxy","low","M312212","False","Original current-role title, not the remapped 2020 title; retained for comparison only."
"M312228","Supervisor, Halal Slaughterhouse","312228","3122","7511.6.1","halal slaughterer","http://data.europa.eu/esco/occupation/f1783e61-38b7-468e-b495-9c3c92f5ab0d","partial_proxy","low","Halal slaughter technical practice; supervisory responsibilities are not fully represented.","test_only_project_mapping_not_human_validated","False","3122-28","7511","","","","","no_unique_exact_esco_title_match","new_mapping","project_partial_proxy","curated_title_and_duty_decision","ReRouteHer project-derived; NOT an official MASCO-ESCO crosswalk","non_exact_title","0.769231","Inherited current-role retrieval score; not a probability or a new MASCO 2020 validation score.","False","True","Not established","ESCO skills inherited from one primary occupation. Essential/optional refers to ESCO, not a verified Malaysian requirement.","","https://www.dosm.gov.my/uploads/content-downloads/file_20220920110308.pdf#page=373","http://data.europa.eu/esco/occupation/f1783e61-38b7-468e-b495-9c3c92f5ab0d","M312213","312213","Halal Slaughterhouse Supervisor","https://emasco.mohr.gov.my/masco/3122-13","2020","title_variant","high","373","https://www.dosm.gov.my/uploads/content-downloads/file_20220920110308.pdf#page=373","Current eMASCO D11 profile inherited for a MASCO 2020 identity; not 2020-specific task evidence; test only.","partial_proxy","low","M312213","False","Original current-role title, not the remapped 2020 title; retained for comparison only."
"M312229","Warehouse Supervisor, Halal Logistics Operation","312229","3122","1324.3.4","warehouse manager","http://data.europa.eu/esco/occupation/2f5de1ab-eddf-4715-8193-e994912c22ea","partial_proxy","low","Warehousing leadership; halal segregation and assurance need local enrichment.","test_only_project_mapping_not_human_validated","False","3122-29","1324","","","","","no_unique_exact_esco_title_match","new_mapping","project_partial_proxy","curated_title_and_duty_decision","ReRouteHer project-derived; NOT an official MASCO-ESCO crosswalk","non_exact_title","0.606061","Inherited current-role retrieval score; not a probability or a new MASCO 2020 validation score.","False","True","Not established","ESCO skills inherited from one primary occupation. Essential/optional refers to ESCO, not a verified Malaysian requirement.","","https://www.dosm.gov.my/uploads/content-downloads/file_20220920110308.pdf#page=373","http://data.europa.eu/esco/occupation/2f5de1ab-eddf-4715-8193-e994912c22ea","M312214","312214","Halal Logistics Operation Warehouse Supervisor","https://emasco.mohr.gov.my/masco/3122-14","2020","title_variant","high","373","https://www.dosm.gov.my/uploads/content-downloads/file_20220920110308.pdf#page=373","Current eMASCO D11 profile inherited for a MASCO 2020 identity; not 2020-specific task evidence; test only.","partial_proxy","low","M312214","False","Original current-role title, not the remapped 2020 title; retained for comparison only."
"M312234","Industrial Robot Controller","312234","3122","3139.2","industrial robot controller","http://data.europa.eu/esco/occupation/5001506f-dd7d-4801-92ac-6f7e93b45133","close_match","high","Preferred occupation title matches after removing Malaysian grade/competency wrappers.","test_only_project_mapping_not_human_validated","False","3122-34","3139","","","","","no_unique_exact_esco_title_match","new_mapping","project_close_match","unique_cleaned_preferred_label","ReRouteHer project-derived; NOT an official MASCO-ESCO crosswalk","exact_preferred_label","1","Inherited current-role retrieval score; not a probability or a new MASCO 2020 validation score.","False","True","Not established","ESCO skills inherited from one primary occupation. Essential/optional refers to ESCO, not a verified Malaysian requirement.","","https://www.dosm.gov.my/uploads/content-downloads/file_20220920110308.pdf#page=373","http://data.europa.eu/esco/occupation/5001506f-dd7d-4801-92ac-6f7e93b45133","M312217","312217","Industrial Robot Controller","https://emasco.mohr.gov.my/masco/3122-17","2020","exact_normalized_title","high","373","https://www.dosm.gov.my/uploads/content-downloads/file_20220920110308.pdf#page=373","Current eMASCO D11 profile inherited for a MASCO 2020 identity; not 2020-specific task evidence; test only.","close_match","high","M312217","False","Original current-role title, not the remapped 2020 title; retained for comparison only."
"M312301","Operation Supervisor","312301","3123","3123.1","construction general supervisor","http://data.europa.eu/esco/occupation/0dd7e6cd-2e5a-4fae-9ce0-6a3622d4019f","broader_proxy","medium","D11 construction-group operational supervision.","test_only_project_mapping_not_human_validated","False","3123-01","3123","","","","","no_unique_exact_esco_title_match","new_mapping","project_broader_proxy","curated_title_and_duty_decision","ReRouteHer project-derived; NOT an official MASCO-ESCO crosswalk","non_exact_title","0.790698","Inherited current-role retrieval score; not a probability or a new MASCO 2020 validation score.","True","True","Not established","ESCO skills inherited from one primary occupation. Essential/optional refers to ESCO, not a verified Malaysian requirement.","","https://www.dosm.gov.my/uploads/content-downloads/file_20220920110308.pdf#page=373","http://data.europa.eu/esco/occupation/0dd7e6cd-2e5a-4fae-9ce0-6a3622d4019f","M312301","312301","Operation Supervisor","https://emasco.mohr.gov.my/masco/3123-01","2020","exact_normalized_title","high","373","https://www.dosm.gov.my/uploads/content-downloads/file_20220920110308.pdf#page=373","Current eMASCO D11 profile inherited for a MASCO 2020 identity; not 2020-specific task evidence; test only.","broader_proxy","medium","M312301","True","Original current-role title, not the remapped 2020 title; retained for comparison only."
"M312303","Construction Supervisor","312303","3123","3123.1","construction general supervisor","http://data.europa.eu/esco/occupation/0dd7e6cd-2e5a-4fae-9ce0-6a3622d4019f","close_match","medium","ESCO alternate title matches the cleaned MASCO title; national qualifications and full task scope are not assumed equivalent.","test_only_project_mapping_not_human_validated","False","3123-03","3123","","","","3123.1","unique_exact_alternate_title_same_isco_group","retained_mapping","project_close_match","reviewed_existing_or_retrieved_candidate","ReRouteHer project-derived; NOT an official MASCO-ESCO crosswalk","exact_alternate_label","1","Inherited current-role retrieval score; not a probability or a new MASCO 2020 validation score.","True","True","Not established","ESCO skills inherited from one primary occupation. Essential/optional refers to ESCO, not a verified Malaysian requirement.","","https://www.dosm.gov.my/uploads/content-downloads/file_20220920110308.pdf#page=373","http://data.europa.eu/esco/occupation/0dd7e6cd-2e5a-4fae-9ce0-6a3622d4019f","M312302","312302","Construction Supervisor","https://emasco.mohr.gov.my/masco/3123-02","2020","exact_normalized_title","high","373","https://www.dosm.gov.my/uploads/content-downloads/file_20220920110308.pdf#page=373","Current eMASCO D11 profile inherited for a MASCO 2020 identity; not 2020-specific task evidence; test only.","close_match","medium","M312302","True","Original current-role title, not the remapped 2020 title; retained for comparison only."
"M313104","Power Generating Plant Operator","313104","3131","3131.3","power production plant operator","http://data.europa.eu/esco/occupation/72381086-cb6e-455e-a40b-ccb26550aab6","partial_proxy","low","Title/duty comparison supports this primary proxy, but occupational breadth, specialisation or seniority may differ. See both source profiles in the evidence table.","test_only_project_mapping_not_human_validated","False","3131-04","3131","","","","","no_unique_exact_esco_title_match","new_mapping","project_partial_proxy","reviewed_existing_or_retrieved_candidate","ReRouteHer project-derived; NOT an official MASCO-ESCO crosswalk","non_exact_title","0.806452","Inherited current-role retrieval score; not a probability or a new MASCO 2020 validation score.","True","True","Not established","ESCO skills inherited from one primary occupation. Essential/optional refers to ESCO, not a verified Malaysian requirement.","","https://www.dosm.gov.my/uploads/content-downloads/file_20220920110308.pdf#page=373","http://data.europa.eu/esco/occupation/72381086-cb6e-455e-a40b-ccb26550aab6","M313101","313101","Power Generating Plant Operator","https://emasco.mohr.gov.my/masco/3131-01","2020","exact_normalized_title","high","373","https://www.dosm.gov.my/uploads/content-downloads/file_20220920110308.pdf#page=373","Current eMASCO D11 profile inherited for a MASCO 2020 identity; not 2020-specific task evidence; test only.","partial_proxy","low","M313101","True","Original current-role title, not the remapped 2020 title; retained for comparison only."
"M313106","Powerhouse Fabricator","313106","3131","7213.1","boilermaker","http://data.europa.eu/esco/occupation/5ed024ab-3b6a-4e06-a7fe-8a29f8469a64","partial_proxy","low","Metal fabrication/assembly component; power-plant operation is additional, not textile weaving.","test_only_project_mapping_not_human_validated","False","3131-06","7213","","","","","no_unique_exact_esco_title_match","new_mapping","project_partial_proxy","curated_title_and_duty_decision","ReRouteHer project-derived; NOT an official MASCO-ESCO crosswalk","non_exact_title","0.736842","Inherited current-role retrieval score; not a probability or a new MASCO 2020 validation score.","False","True","Not established","ESCO skills inherited from one primary occupation. Essential/optional refers to ESCO, not a verified Malaysian requirement.","","https://www.dosm.gov.my/uploads/content-downloads/file_20220920110308.pdf#page=373","http://data.europa.eu/esco/occupation/5ed024ab-3b6a-4e06-a7fe-8a29f8469a64","M313102","313102","Powerhouse Fabricator","https://emasco.mohr.gov.my/masco/3131-02","2020","exact_normalized_title","high","373","https://www.dosm.gov.my/uploads/content-downloads/file_20220920110308.pdf#page=373","Current eMASCO D11 profile inherited for a MASCO 2020 identity; not 2020-specific task evidence; test only.","partial_proxy","low","M313102","False","Original current-role title, not the remapped 2020 title; retained for comparison only."
"M313110","Solar Power Plant Operator","313110","3131","3131.3.8","solar power plant operator","http://data.europa.eu/esco/occupation/6d823dbb-4008-4fb7-b98d-f9d934478647","close_match","high","Preferred occupation title matches after removing Malaysian grade/competency wrappers.","test_only_project_mapping_not_human_validated","False","3131-10","3131","","","","3131.3.8","unique_exact_preferred_title_same_isco_group","retained_mapping","project_close_match","unique_cleaned_preferred_label","ReRouteHer project-derived; NOT an official MASCO-ESCO crosswalk","exact_preferred_label","1","Inherited current-role retrieval score; not a probability or a new MASCO 2020 validation score.","True","True","Not established","ESCO skills inherited from one primary occupation. Essential/optional refers to ESCO, not a verified Malaysian requirement.","","https://www.dosm.gov.my/uploads/content-downloads/file_20220920110308.pdf#page=373","http://data.europa.eu/esco/occupation/6d823dbb-4008-4fb7-b98d-f9d934478647","M313103","313103","Solar Power Plant Operator","https://emasco.mohr.gov.my/masco/3131-03","2020","exact_normalized_title","high","373","https://www.dosm.gov.my/uploads/content-downloads/file_20220920110308.pdf#page=373","Current eMASCO D11 profile inherited for a MASCO 2020 identity; not 2020-specific task evidence; test only.","close_match","high","M313103","True","Original current-role title, not the remapped 2020 title; retained for comparison only."
"M313111","Distribution Control Operator","313111","3131","3131.3.1","electrical power distributor","http://data.europa.eu/esco/occupation/74332fd0-4a50-464e-9116-98fa9b8127ac","close_match","medium","ESCO alternate title matches the cleaned MASCO title; national qualifications and full task scope are not assumed equivalent.","test_only_project_mapping_not_human_validated","False","3131-11","3131","","","","3131.3.1","unique_exact_alternate_title_same_isco_group","retained_mapping","project_close_match","reviewed_existing_or_retrieved_candidate","ReRouteHer project-derived; NOT an official MASCO-ESCO crosswalk","exact_alternate_label","1","Inherited current-role retrieval score; not a probability or a new MASCO 2020 validation score.","True","True","Not established","ESCO skills inherited from one primary occupation. Essential/optional refers to ESCO, not a verified Malaysian requirement.","","https://www.dosm.gov.my/uploads/content-downloads/file_20220920110308.pdf#page=373","http://data.europa.eu/esco/occupation/74332fd0-4a50-464e-9116-98fa9b8127ac","M313104","313104","Distribution Control Operator","https://emasco.mohr.gov.my/masco/3131-04","2020","exact_normalized_title","high","373","https://www.dosm.gov.my/uploads/content-downloads/file_20220920110308.pdf#page=373","Current eMASCO D11 profile inherited for a MASCO 2020 identity; not 2020-specific task evidence; test only.","close_match","medium","M313104","True","Original current-role title, not the remapped 2020 title; retained for comparison only."
"M313113","Power System Operator","313113","3131","3131.3","power production plant operator","http://data.europa.eu/esco/occupation/72381086-cb6e-455e-a40b-ccb26550aab6","partial_proxy","low","Title/duty comparison supports this primary proxy, but occupational breadth, specialisation or seniority may differ. See both source profiles in the evidence table.","test_only_project_mapping_not_human_validated","False","3131-13","3131","","","","","no_unique_exact_esco_title_match","new_mapping","project_partial_proxy","reviewed_existing_or_retrieved_candidate","ReRouteHer project-derived; NOT an official MASCO-ESCO crosswalk","non_exact_title","0.772727","Inherited current-role retrieval score; not a probability or a new MASCO 2020 validation score.","True","True","Not established","ESCO skills inherited from one primary occupation. Essential/optional refers to ESCO, not a verified Malaysian requirement.","","https://www.dosm.gov.my/uploads/content-downloads/file_20220920110308.pdf#page=373","http://data.europa.eu/esco/occupation/72381086-cb6e-455e-a40b-ccb26550aab6","M313105","313105","Power Systems Operator","https://emasco.mohr.gov.my/masco/3131-05","2020","title_variant","high","373","https://www.dosm.gov.my/uploads/content-downloads/file_20220920110308.pdf#page=373","Current eMASCO D11 profile inherited for a MASCO 2020 identity; not 2020-specific task evidence; test only.","partial_proxy","low","M313105","True","Original current-role title, not the remapped 2020 title; retained for comparison only."
"M313116","Solar Cell Technician","313116","3131","7411.1.4","solar energy technician","http://data.europa.eu/esco/occupation/75b63949-1b93-4bf2-a777-ccf978dc3e8a","partial_proxy","low","Title/duty comparison supports this primary proxy, but occupational breadth, specialisation or seniority may differ. See both source profiles in the evidence table.","test_only_project_mapping_not_human_validated","False","3131-16","7411","","","","","no_unique_exact_esco_title_match","new_mapping","project_partial_proxy","reviewed_existing_or_retrieved_candidate","ReRouteHer project-derived; NOT an official MASCO-ESCO crosswalk","non_exact_title","0.864865","Inherited current-role retrieval score; not a probability or a new MASCO 2020 validation score.","False","True","Not established","ESCO skills inherited from one primary occupation. Essential/optional refers to ESCO, not a verified Malaysian requirement.","","https://www.dosm.gov.my/uploads/content-downloads/file_20220920110308.pdf#page=373","http://data.europa.eu/esco/occupation/75b63949-1b93-4bf2-a777-ccf978dc3e8a","M313107","313107","Solar Cell Technician","https://emasco.mohr.gov.my/masco/3131-07","2020","exact_normalized_title","high","373","https://www.dosm.gov.my/uploads/content-downloads/file_20220920110308.pdf#page=373","Current eMASCO D11 profile inherited for a MASCO 2020 identity; not 2020-specific task evidence; test only.","partial_proxy","low","M313107","False","Original current-role title, not the remapped 2020 title; retained for comparison only."
"M313201","Stationary Engine Operator","313201","3132","3131.3","power production plant operator","http://data.europa.eu/esco/occupation/72381086-cb6e-455e-a40b-ccb26550aab6","partial_proxy","low","Stationary engine/power generation operation proxy; engine type and Malaysian competency certification require review.","test_only_project_mapping_not_human_validated","False","3132-01","3131","","","","","no_unique_exact_esco_title_match","new_mapping","project_partial_proxy","curated_title_and_duty_decision","ReRouteHer project-derived; NOT an official MASCO-ESCO crosswalk","non_exact_title","0.666667","Inherited current-role retrieval score; not a probability or a new MASCO 2020 validation score.","False","True","Not established","ESCO skills inherited from one primary occupation. Essential/optional refers to ESCO, not a verified Malaysian requirement.","","https://www.dosm.gov.my/uploads/content-downloads/file_20220920110308.pdf#page=374","http://data.europa.eu/esco/occupation/72381086-cb6e-455e-a40b-ccb26550aab6","M313201","313201","Stationary Engine Operator","https://emasco.mohr.gov.my/masco/3132-01","2020","exact_normalized_title","high","374","https://www.dosm.gov.my/uploads/content-downloads/file_20220920110308.pdf#page=374","Current eMASCO D11 profile inherited for a MASCO 2020 identity; not 2020-specific task evidence; test only.","partial_proxy","low","M313201","False","Original current-role title, not the remapped 2020 title; retained for comparison only."
"M313302","Chemical Plant Supervisor","313302","3133","3133.1","chemical processing plant controller","http://data.europa.eu/esco/occupation/a241eff8-309b-43ae-8890-ac4cfbd3067c","inherited_test_proxy","low","Inherited current-role ESCO assignment, not independently revalidated for this MASCO 2020 identity. Chemical processing plant controller/supervisor has the same plant-supervision function as Chemical Plant Supervisor. Original rationale: Title/duty comparison supports this primary proxy, but occupational breadth, specialisation or seniority may differ. See both source profiles in the evidence table.","test_only_project_mapping_not_human_validated","False","3133-02","3133","","","","","no_unique_exact_esco_title_match","new_mapping","project_partial_proxy","reviewed_existing_or_retrieved_candidate","ReRouteHer project-derived; NOT an official MASCO-ESCO crosswalk","non_exact_title","0.86747","Inherited current-role retrieval score; not a probability or a new MASCO 2020 validation score.","True","True","Not established","ESCO skills inherited from one primary occupation. Essential/optional refers to ESCO, not a verified Malaysian requirement.","","https://www.dosm.gov.my/uploads/content-downloads/file_20220920110308.pdf#page=374","http://data.europa.eu/esco/occupation/a241eff8-309b-43ae-8890-ac4cfbd3067c","M313301","313301","Chemical Processing Plant Controller / Supervisor","https://emasco.mohr.gov.my/masco/3133-01","2020","reviewed_functional_equivalent","medium","374","https://www.dosm.gov.my/uploads/content-downloads/file_20220920110308.pdf#page=374","Current eMASCO D11 profile inherited for a MASCO 2020 identity; not 2020-specific task evidence; test only.","partial_proxy","low","M313301","True","Original current-role title, not the remapped 2020 title; retained for comparison only."
"M313406","Gas Plant Operator","313406","3134","3134.2","gas processing plant operator","http://data.europa.eu/esco/occupation/d26a941d-443a-4301-a648-3cb3a4427775","partial_proxy","low","Title/duty comparison supports this primary proxy, but occupational breadth, specialisation or seniority may differ. See both source profiles in the evidence table.","test_only_project_mapping_not_human_validated","False","3134-06","3134","","","","","no_unique_exact_esco_title_match","new_mapping","project_partial_proxy","reviewed_existing_or_retrieved_candidate","ReRouteHer project-derived; NOT an official MASCO-ESCO crosswalk","non_exact_title","0.765957","Inherited current-role retrieval score; not a probability or a new MASCO 2020 validation score.","True","True","Not established","ESCO skills inherited from one primary occupation. Essential/optional refers to ESCO, not a verified Malaysian requirement.","","https://www.dosm.gov.my/uploads/content-downloads/file_20220920110308.pdf#page=374","http://data.europa.eu/esco/occupation/d26a941d-443a-4301-a648-3cb3a4427775","M313401","313401","Gas Plant Operator","https://emasco.mohr.gov.my/masco/3134-01","2020","exact_normalized_title","high","374","https://www.dosm.gov.my/uploads/content-downloads/file_20220920110308.pdf#page=374","Current eMASCO D11 profile inherited for a MASCO 2020 identity; not 2020-specific task evidence; test only.","partial_proxy","low","M313401","True","Original current-role title, not the remapped 2020 title; retained for comparison only."
"M313412","Pumping-Station Petroleum and Natural Gas Operator","313412","3134","3134.4","petroleum pump system operator","http://data.europa.eu/esco/occupation/026a5233-cad9-4b1d-8852-22c2685ab34e","partial_proxy","low","Title/duty comparison supports this primary proxy, but occupational breadth, specialisation or seniority may differ. See both source profiles in the evidence table.","test_only_project_mapping_not_human_validated","False","3134-12","3134","","","","","no_unique_exact_esco_title_match","new_mapping","project_partial_proxy","reviewed_existing_or_retrieved_candidate","ReRouteHer project-derived; NOT an official MASCO-ESCO crosswalk","non_exact_title","0.536585","Inherited current-role retrieval score; not a probability or a new MASCO 2020 validation score.","True","True","Not established","ESCO skills inherited from one primary occupation. Essential/optional refers to ESCO, not a verified Malaysian requirement.","","https://www.dosm.gov.my/uploads/content-downloads/file_20220920110308.pdf#page=374","http://data.europa.eu/esco/occupation/026a5233-cad9-4b1d-8852-22c2685ab34e","M313402","313402","Pumping-Station Petroleum and Natural Gas Operator","https://emasco.mohr.gov.my/masco/3134-02","2020","exact_normalized_title","high","374","https://www.dosm.gov.my/uploads/content-downloads/file_20220920110308.pdf#page=374","Current eMASCO D11 profile inherited for a MASCO 2020 identity; not 2020-specific task evidence; test only.","partial_proxy","low","M313402","True","Original current-role title, not the remapped 2020 title; retained for comparison only."
"M313417","Refinery Process Technician","313417","3134","3134.3","oil refinery control room operator","http://data.europa.eu/esco/occupation/217e7ae2-605d-4225-afd2-6319c2408116","close_match","medium","ESCO alternate title matches the cleaned MASCO title; national qualifications and full task scope are not assumed equivalent.","test_only_project_mapping_not_human_validated","False","3134-17","3134","","","","3134.3","unique_exact_alternate_title_same_isco_group","retained_mapping","project_close_match","reviewed_existing_or_retrieved_candidate","ReRouteHer project-derived; NOT an official MASCO-ESCO crosswalk","exact_alternate_label","1","Inherited current-role retrieval score; not a probability or a new MASCO 2020 validation score.","True","True","Not established","ESCO skills inherited from one primary occupation. Essential/optional refers to ESCO, not a verified Malaysian requirement.","","https://www.dosm.gov.my/uploads/content-downloads/file_20220920110308.pdf#page=375","http://data.europa.eu/esco/occupation/217e7ae2-605d-4225-afd2-6319c2408116","M313403","313403","Refinery Process Technician","https://emasco.mohr.gov.my/masco/3134-03","2020","exact_normalized_title","high","375","https://www.dosm.gov.my/uploads/content-downloads/file_20220920110308.pdf#page=375","Current eMASCO D11 profile inherited for a MASCO 2020 identity; not 2020-specific task evidence; test only.","close_match","medium","M313403","True","Original current-role title, not the remapped 2020 title; retained for comparison only."
"M313503","Metal Processing Control Operator","313503","3135","3135.1","metal furnace operator","http://data.europa.eu/esco/occupation/528e63a7-91be-4477-be2f-69ce82deb726","broader_proxy","medium","Metal-process furnace control; exact process may vary.","test_only_project_mapping_not_human_validated","False","3135-03","3135","","","","","no_unique_exact_esco_title_match","new_mapping","project_broader_proxy","curated_title_and_duty_decision","ReRouteHer project-derived; NOT an official MASCO-ESCO crosswalk","non_exact_title","0.654545","Inherited current-role retrieval score; not a probability or a new MASCO 2020 validation score.","True","True","Not established","ESCO skills inherited from one primary occupation. Essential/optional refers to ESCO, not a verified Malaysian requirement.","","https://www.dosm.gov.my/uploads/content-downloads/file_20220920110308.pdf#page=375","http://data.europa.eu/esco/occupation/528e63a7-91be-4477-be2f-69ce82deb726","M313501","313501","Metal Processing Control Operator","https://emasco.mohr.gov.my/masco/3135-01","2020","exact_normalized_title","high","375","https://www.dosm.gov.my/uploads/content-downloads/file_20220920110308.pdf#page=375","Current eMASCO D11 profile inherited for a MASCO 2020 identity; not 2020-specific task evidence; test only.","broader_proxy","medium","M313501","True","Original current-role title, not the remapped 2020 title; retained for comparison only."
"M314101","Biological Technician","314101","3141","3141.2.3","biology technician","http://data.europa.eu/esco/occupation/31cc4199-703c-4f8a-9b46-a2070a6d35df","partial_proxy","low","Title/duty comparison supports this primary proxy, but occupational breadth, specialisation or seniority may differ. See both source profiles in the evidence table.","test_only_project_mapping_not_human_validated","False","3141-01","3141","","","","","no_unique_exact_esco_title_match","new_mapping","project_partial_proxy","reviewed_existing_or_retrieved_candidate","ReRouteHer project-derived; NOT an official MASCO-ESCO crosswalk","non_exact_title","0.871795","Inherited current-role retrieval score; not a probability or a new MASCO 2020 validation score.","True","True","Not established","ESCO skills inherited from one primary occupation. Essential/optional refers to ESCO, not a verified Malaysian requirement.","","https://www.dosm.gov.my/uploads/content-downloads/file_20220920110308.pdf#page=375","http://data.europa.eu/esco/occupation/31cc4199-703c-4f8a-9b46-a2070a6d35df","M314101","314101","Biological Technician","https://emasco.mohr.gov.my/masco/3141-01","2020","exact_normalized_title","high","375","https://www.dosm.gov.my/uploads/content-downloads/file_20220920110308.pdf#page=375","Current eMASCO D11 profile inherited for a MASCO 2020 identity; not 2020-specific task evidence; test only.","partial_proxy","low","M314101","True","Original current-role title, not the remapped 2020 title; retained for comparison only."
"M314102","Entomological Technician","314102","3141","3141.2.5","zoology technician","http://data.europa.eu/esco/occupation/ff4c28e2-66b1-4ae7-9053-fba8ec3428be","broader_proxy","medium","Zoological laboratory support with entomology specialization.","test_only_project_mapping_not_human_validated","False","3141-02","3141","","","","","no_unique_exact_esco_title_match","new_mapping","project_broader_proxy","curated_title_and_duty_decision","ReRouteHer project-derived; NOT an official MASCO-ESCO crosswalk","non_exact_title","0.888889","Inherited current-role retrieval score; not a probability or a new MASCO 2020 validation score.","True","True","Not established","ESCO skills inherited from one primary occupation. Essential/optional refers to ESCO, not a verified Malaysian requirement.","","https://www.dosm.gov.my/uploads/content-downloads/file_20220920110308.pdf#page=375","http://data.europa.eu/esco/occupation/ff4c28e2-66b1-4ae7-9053-fba8ec3428be","M314102","314102","Entomological Technician","https://emasco.mohr.gov.my/masco/3141-02","2020","exact_normalized_title","high","375","https://www.dosm.gov.my/uploads/content-downloads/file_20220920110308.pdf#page=375","Current eMASCO D11 profile inherited for a MASCO 2020 identity; not 2020-specific task evidence; test only.","broader_proxy","medium","M314102","True","Original current-role title, not the remapped 2020 title; retained for comparison only."
"M314104","Botanical Technician","314104","3141","3141.2.4","botanical technician","http://data.europa.eu/esco/occupation/2c5ae1b4-c3ca-4882-b7ce-e346ae5b5b00","close_match","high","Preferred occupation title matches after removing Malaysian grade/competency wrappers.","test_only_project_mapping_not_human_validated","False","3141-04","3141","","","","3141.2.4","unique_exact_preferred_title_same_isco_group","retained_mapping","project_close_match","unique_cleaned_preferred_label","ReRouteHer project-derived; NOT an official MASCO-ESCO crosswalk","exact_preferred_label","1","Inherited current-role retrieval score; not a probability or a new MASCO 2020 validation score.","True","True","Not established","ESCO skills inherited from one primary occupation. Essential/optional refers to ESCO, not a verified Malaysian requirement.","","https://www.dosm.gov.my/uploads/content-downloads/file_20220920110308.pdf#page=375","http://data.europa.eu/esco/occupation/2c5ae1b4-c3ca-4882-b7ce-e346ae5b5b00","M314103","314103","Botanical Technician","https://emasco.mohr.gov.my/masco/3141-03","2020","exact_normalized_title","high","375","https://www.dosm.gov.my/uploads/content-downloads/file_20220920110308.pdf#page=375","Current eMASCO D11 profile inherited for a MASCO 2020 identity; not 2020-specific task evidence; test only.","close_match","high","M314103","True","Original current-role title, not the remapped 2020 title; retained for comparison only."
"M314107","Artificial Breeding Technician","314107","3141","3240.2.1","animal artificial insemination technician","http://data.europa.eu/esco/occupation/15cc27b1-7358-48ed-9fb8-69ffe9f1fc98","partial_proxy","low","Title/duty comparison supports this primary proxy, but occupational breadth, specialisation or seniority may differ. See both source profiles in the evidence table.","test_only_project_mapping_not_human_validated","False","3141-07","3240","","","","","no_unique_exact_esco_title_match","new_mapping","project_partial_proxy","reviewed_existing_or_retrieved_candidate","ReRouteHer project-derived; NOT an official MASCO-ESCO crosswalk","non_exact_title","0.68","Inherited current-role retrieval score; not a probability or a new MASCO 2020 validation score.","False","True","Not established","ESCO skills inherited from one primary occupation. Essential/optional refers to ESCO, not a verified Malaysian requirement.","","https://www.dosm.gov.my/uploads/content-downloads/file_20220920110308.pdf#page=375","http://data.europa.eu/esco/occupation/15cc27b1-7358-48ed-9fb8-69ffe9f1fc98","M314104","314104","Artificial Breeding Technician","https://emasco.mohr.gov.my/masco/3141-04","2020","exact_normalized_title","high","375","https://www.dosm.gov.my/uploads/content-downloads/file_20220920110308.pdf#page=375","Current eMASCO D11 profile inherited for a MASCO 2020 identity; not 2020-specific task evidence; test only.","partial_proxy","low","M314104","False","Original current-role title, not the remapped 2020 title; retained for comparison only."
"M314109","Zoological Technician","314109","3141","3141.2.5","zoology technician","http://data.europa.eu/esco/occupation/ff4c28e2-66b1-4ae7-9053-fba8ec3428be","close_match","medium","ESCO alternate title matches the cleaned MASCO title; national qualifications and full task scope are not assumed equivalent.","test_only_project_mapping_not_human_validated","False","3141-09","3141","","","","3141.2.5","unique_exact_alternate_title_same_isco_group","retained_mapping","project_close_match","reviewed_existing_or_retrieved_candidate","ReRouteHer project-derived; NOT an official MASCO-ESCO crosswalk","exact_alternate_label","1","Inherited current-role retrieval score; not a probability or a new MASCO 2020 validation score.","True","True","Not established","ESCO skills inherited from one primary occupation. Essential/optional refers to ESCO, not a verified Malaysian requirement.","","https://www.dosm.gov.my/uploads/content-downloads/file_20220920110308.pdf#page=375","http://data.europa.eu/esco/occupation/ff4c28e2-66b1-4ae7-9053-fba8ec3428be","M314105","314105","Zoological Technician","https://emasco.mohr.gov.my/masco/3141-05","2020","exact_normalized_title","high","375","https://www.dosm.gov.my/uploads/content-downloads/file_20220920110308.pdf#page=375","Current eMASCO D11 profile inherited for a MASCO 2020 identity; not 2020-specific task evidence; test only.","close_match","medium","M314105","True","Original current-role title, not the remapped 2020 title; retained for comparison only."
"M314203","Soil Science Technician","314203","3142","3111.14","soil surveying technician","http://data.europa.eu/esco/occupation/84cb6e91-ce11-409e-9306-23c9698631af","partial_proxy","low","Title/duty comparison supports this primary proxy, but occupational breadth, specialisation or seniority may differ. See both source profiles in the evidence table.","test_only_project_mapping_not_human_validated","False","3142-03","3111","","","","","no_unique_exact_esco_title_match","new_mapping","project_partial_proxy","reviewed_existing_or_retrieved_candidate","ReRouteHer project-derived; NOT an official MASCO-ESCO crosswalk","non_exact_title","0.791667","Inherited current-role retrieval score; not a probability or a new MASCO 2020 validation score.","False","True","Not established","ESCO skills inherited from one primary occupation. Essential/optional refers to ESCO, not a verified Malaysian requirement.","","https://www.dosm.gov.my/uploads/content-downloads/file_20220920110308.pdf#page=375","http://data.europa.eu/esco/occupation/84cb6e91-ce11-409e-9306-23c9698631af","M314201","314201","Soil Science Technician","https://emasco.mohr.gov.my/masco/3142-01","2020","exact_normalized_title","high","375","https://www.dosm.gov.my/uploads/content-downloads/file_20220920110308.pdf#page=375","Current eMASCO D11 profile inherited for a MASCO 2020 identity; not 2020-specific task evidence; test only.","partial_proxy","low","M314201","False","Original current-role title, not the remapped 2020 title; retained for comparison only."
"M314205","Horticulture Technician","314205","3142","3142.1","agricultural technician","http://data.europa.eu/esco/occupation/1f8314c2-01bd-4af4-babc-04d7034591b8","partial_proxy","low","Title/duty comparison supports this primary proxy, but occupational breadth, specialisation or seniority may differ. See both source profiles in the evidence table.","test_only_project_mapping_not_human_validated","False","3142-05","3142","","","","","no_unique_exact_esco_title_match","new_mapping","project_partial_proxy","reviewed_existing_or_retrieved_candidate","ReRouteHer project-derived; NOT an official MASCO-ESCO crosswalk","non_exact_title","0.93617","Inherited current-role retrieval score; not a probability or a new MASCO 2020 validation score.","True","True","Not established","ESCO skills inherited from one primary occupation. Essential/optional refers to ESCO, not a verified Malaysian requirement.","","https://www.dosm.gov.my/uploads/content-downloads/file_20220920110308.pdf#page=375","http://data.europa.eu/esco/occupation/1f8314c2-01bd-4af4-babc-04d7034591b8","M314202","314202","Horticulture Technician","https://emasco.mohr.gov.my/masco/3142-02","2020","exact_normalized_title","high","375","https://www.dosm.gov.my/uploads/content-downloads/file_20220920110308.pdf#page=375","Current eMASCO D11 profile inherited for a MASCO 2020 identity; not 2020-specific task evidence; test only.","partial_proxy","low","M314202","True","Original current-role title, not the remapped 2020 title; retained for comparison only."
"M314209","Irrigator","314209","3142","7126.6","irrigation technician","http://data.europa.eu/esco/occupation/534d18fe-eae4-4a02-af4d-f78e92faa5d5","inherited_test_proxy","medium","Inherited current-role ESCO assignment, not independently revalidated for this MASCO 2020 identity. Current role operates, adjusts and maintains agricultural irrigation systems; the corresponding 2020 agricultural technician title is Irrigator. Original rationale: Preferred occupation title matches after removing Malaysian grade/competency wrappers.","test_only_project_mapping_not_human_validated","False","3142-09","7126","","","","","no_unique_exact_esco_title_match","new_mapping","project_close_match","unique_cleaned_preferred_label","ReRouteHer project-derived; NOT an official MASCO-ESCO crosswalk","exact_preferred_label","1","Inherited current-role retrieval score; not a probability or a new MASCO 2020 validation score.","False","True","Not established","ESCO skills inherited from one primary occupation. Essential/optional refers to ESCO, not a verified Malaysian requirement.","","https://www.dosm.gov.my/uploads/content-downloads/file_20220920110308.pdf#page=375","http://data.europa.eu/esco/occupation/534d18fe-eae4-4a02-af4d-f78e92faa5d5","M314203","314203","Irrigation Technician","https://emasco.mohr.gov.my/masco/3142-03","2020","reviewed_functional_equivalent","medium","375","https://www.dosm.gov.my/uploads/content-downloads/file_20220920110308.pdf#page=375","Current eMASCO D11 profile inherited for a MASCO 2020 identity; not 2020-specific task evidence; test only.","close_match","high","M314203","False","Original current-role title, not the remapped 2020 title; retained for comparison only."
"M314216","Assistant Agricultural Officer Grade G29","314216","3142","3142.1","agricultural technician","http://data.europa.eu/esco/occupation/1f8314c2-01bd-4af4-babc-04d7034591b8","close_match","medium","Agricultural technical assistance.","test_only_project_mapping_not_human_validated","False","3142-16","3142","","","","","no_unique_exact_esco_title_match","new_mapping","project_close_match","curated_title_and_duty_decision","ReRouteHer project-derived; NOT an official MASCO-ESCO crosswalk","non_exact_title","0.75","Inherited current-role retrieval score; not a probability or a new MASCO 2020 validation score.","True","True","Not established","ESCO skills inherited from one primary occupation. Essential/optional refers to ESCO, not a verified Malaysian requirement.","","https://www.dosm.gov.my/uploads/content-downloads/file_20220920110308.pdf#page=376","http://data.europa.eu/esco/occupation/1f8314c2-01bd-4af4-babc-04d7034591b8","M314206","314206","Assistant Agricultural Officer Grade G5","https://emasco.mohr.gov.my/masco/3142-06","2020","grade_reversion","high","376","https://www.dosm.gov.my/uploads/content-downloads/file_20220920110308.pdf#page=376","Current eMASCO D11 profile inherited for a MASCO 2020 identity; not 2020-specific task evidence; test only.","close_match","medium","M314206","True","Original current-role title, not the remapped 2020 title; retained for comparison only."
"M314217","Assistant Land Planning Officer Grade G29","314217","3142","2164.1","land planner","http://data.europa.eu/esco/occupation/44508e7b-f56b-4bfb-9cd6-879838aecd94","partial_proxy","low","Title/duty comparison supports this primary proxy, but occupational breadth, specialisation or seniority may differ. See both source profiles in the evidence table.","test_only_project_mapping_not_human_validated","False","3142-17","2164","","","","","no_unique_exact_esco_title_match","new_mapping","project_partial_proxy","reviewed_existing_or_retrieved_candidate","ReRouteHer project-derived; NOT an official MASCO-ESCO crosswalk","non_exact_title","0.612245","Inherited current-role retrieval score; not a probability or a new MASCO 2020 validation score.","False","True","Not established","ESCO skills inherited from one primary occupation. Essential/optional refers to ESCO, not a verified Malaysian requirement.","","https://www.dosm.gov.my/uploads/content-downloads/file_20220920110308.pdf#page=376","http://data.europa.eu/esco/occupation/44508e7b-f56b-4bfb-9cd6-879838aecd94","M314207","314207","Assistant Land Planning Officer Grade G5","https://emasco.mohr.gov.my/masco/3142-07","2020","grade_reversion","high","376","https://www.dosm.gov.my/uploads/content-downloads/file_20220920110308.pdf#page=376","Current eMASCO D11 profile inherited for a MASCO 2020 identity; not 2020-specific task evidence; test only.","partial_proxy","low","M314207","False","Original current-role title, not the remapped 2020 title; retained for comparison only."
"M314218","Supervisor, Halal Livestock Production","314218","3142","2132.6","livestock advisor","http://data.europa.eu/esco/occupation/e1fdca51-a0e1-4bea-822f-82a090ece780","partial_proxy","low","Livestock husbandry guidance; supervision and halal assurance are not fully represented.","test_only_project_mapping_not_human_validated","False","3142-18","2132","","","","","no_unique_exact_esco_title_match","new_mapping","project_partial_proxy","curated_title_and_duty_decision","ReRouteHer project-derived; NOT an official MASCO-ESCO crosswalk","non_exact_title","0.592593","Inherited current-role retrieval score; not a probability or a new MASCO 2020 validation score.","False","True","Not established","ESCO skills inherited from one primary occupation. Essential/optional refers to ESCO, not a verified Malaysian requirement.","","https://www.dosm.gov.my/uploads/content-downloads/file_20220920110308.pdf#page=376","http://data.europa.eu/esco/occupation/e1fdca51-a0e1-4bea-822f-82a090ece780","M314205","314205","Halal Livestock Production Supervisor","https://emasco.mohr.gov.my/masco/3142-05","2020","title_variant","high","376","https://www.dosm.gov.my/uploads/content-downloads/file_20220920110308.pdf#page=376","Current eMASCO D11 profile inherited for a MASCO 2020 identity; not 2020-specific task evidence; test only.","partial_proxy","low","M314205","False","Original current-role title, not the remapped 2020 title; retained for comparison only."
"M314221","Land Scheme Supervisor Grade G19","314221","3142","6111.1","agronomic crop production team leader","http://data.europa.eu/esco/occupation/f5e80af5-eebe-4133-878a-5dc5ef34fe93","partial_proxy","low","Estate/crop field supervision; oil-palm/rubber and scheme-administration duties need enrichment.","test_only_project_mapping_not_human_validated","False","3142-21","6111","","","","","no_unique_exact_esco_title_match","new_mapping","project_partial_proxy","curated_title_and_duty_decision","ReRouteHer project-derived; NOT an official MASCO-ESCO crosswalk","non_exact_title","0.263158","Inherited current-role retrieval score; not a probability or a new MASCO 2020 validation score.","False","True","Not established","ESCO skills inherited from one primary occupation. Essential/optional refers to ESCO, not a verified Malaysian requirement.","","https://www.dosm.gov.my/uploads/content-downloads/file_20220920110308.pdf#page=376","http://data.europa.eu/esco/occupation/f5e80af5-eebe-4133-878a-5dc5ef34fe93","M314208","314208","Land Scheme Supervisor Grade G1","https://emasco.mohr.gov.my/masco/3142-08","2020","grade_reversion","high","376","https://www.dosm.gov.my/uploads/content-downloads/file_20220920110308.pdf#page=376","Current eMASCO D11 profile inherited for a MASCO 2020 identity; not 2020-specific task evidence; test only.","partial_proxy","low","M314208","False","Original current-role title, not the remapped 2020 title; retained for comparison only."
"M314302","Forestry Technician","314302","3143","3143.1","forestry technician","http://data.europa.eu/esco/occupation/fbf3aefb-70ff-440b-8724-bac3ed5e2c93","close_match","high","Preferred occupation title matches after removing Malaysian grade/competency wrappers.","test_only_project_mapping_not_human_validated","False","3143-02","3143","","","","3143.1","unique_exact_preferred_title_same_isco_group","retained_mapping","project_close_match","unique_cleaned_preferred_label","ReRouteHer project-derived; NOT an official MASCO-ESCO crosswalk","exact_preferred_label","1","Inherited current-role retrieval score; not a probability or a new MASCO 2020 validation score.","True","True","Not established","ESCO skills inherited from one primary occupation. Essential/optional refers to ESCO, not a verified Malaysian requirement.","","https://www.dosm.gov.my/uploads/content-downloads/file_20220920110308.pdf#page=376","http://data.europa.eu/esco/occupation/fbf3aefb-70ff-440b-8724-bac3ed5e2c93","M314301","314301","Forestry Technician","https://emasco.mohr.gov.my/masco/3143-01","2020","exact_normalized_title","high","376","https://www.dosm.gov.my/uploads/content-downloads/file_20220920110308.pdf#page=376","Current eMASCO D11 profile inherited for a MASCO 2020 identity; not 2020-specific task evidence; test only.","close_match","high","M314301","True","Original current-role title, not the remapped 2020 title; retained for comparison only."
"M314304","Assistant Conservator of Forests Grade G29","314304","3143","3143.1","forestry technician","http://data.europa.eu/esco/occupation/fbf3aefb-70ff-440b-8724-bac3ed5e2c93","broader_proxy","medium","Forestry conservation technical support.","test_only_project_mapping_not_human_validated","False","3143-04","3143","","","","","no_unique_exact_esco_title_match","new_mapping","project_broader_proxy","curated_title_and_duty_decision","ReRouteHer project-derived; NOT an official MASCO-ESCO crosswalk","non_exact_title","0.28","Inherited current-role retrieval score; not a probability or a new MASCO 2020 validation score.","True","True","Not established","ESCO skills inherited from one primary occupation. Essential/optional refers to ESCO, not a verified Malaysian requirement.","","https://www.dosm.gov.my/uploads/content-downloads/file_20220920110308.pdf#page=376","http://data.europa.eu/esco/occupation/fbf3aefb-70ff-440b-8724-bac3ed5e2c93","M314303","314303","Assistant Conservator of Forests Grade G5","https://emasco.mohr.gov.my/masco/3143-03","2020","grade_reversion","high","376","https://www.dosm.gov.my/uploads/content-downloads/file_20220920110308.pdf#page=376","Current eMASCO D11 profile inherited for a MASCO 2020 identity; not 2020-specific task evidence; test only.","broader_proxy","medium","M314303","True","Original current-role title, not the remapped 2020 title; retained for comparison only."
"M314305","Assistant Wildlife Officer Grade G29","314305","3143","2133.9","nature conservation officer","http://data.europa.eu/esco/occupation/80d880ec-3bae-45a2-a2d3-41345ee0b319","partial_proxy","low","Wildlife conservation operations; assistant grade and enforcement mandate differ.","test_only_project_mapping_not_human_validated","False","3143-05","2133","","","","","no_unique_exact_esco_title_match","new_mapping","project_partial_proxy","curated_title_and_duty_decision","ReRouteHer project-derived; NOT an official MASCO-ESCO crosswalk","non_exact_title","0.478261","Inherited current-role retrieval score; not a probability or a new MASCO 2020 validation score.","False","True","Not established","ESCO skills inherited from one primary occupation. Essential/optional refers to ESCO, not a verified Malaysian requirement.","","https://www.dosm.gov.my/uploads/content-downloads/file_20220920110308.pdf#page=376","http://data.europa.eu/esco/occupation/80d880ec-3bae-45a2-a2d3-41345ee0b319","M314304","314304","Assistant Wildlife Officer Grade G5","https://emasco.mohr.gov.my/masco/3143-04","2020","grade_reversion","high","376","https://www.dosm.gov.my/uploads/content-downloads/file_20220920110308.pdf#page=376","Current eMASCO D11 profile inherited for a MASCO 2020 identity; not 2020-specific task evidence; test only.","partial_proxy","low","M314304","False","Original current-role title, not the remapped 2020 title; retained for comparison only."
"M314306","Wildlife Assistant Grade G19","314306","3143","2133.9","nature conservation officer","http://data.europa.eu/esco/occupation/80d880ec-3bae-45a2-a2d3-41345ee0b319","partial_proxy","low","Wildlife conservation operations; assistant grade and enforcement mandate differ.","test_only_project_mapping_not_human_validated","False","3143-06","2133","","","","","no_unique_exact_esco_title_match","new_mapping","project_partial_proxy","curated_title_and_duty_decision","ReRouteHer project-derived; NOT an official MASCO-ESCO crosswalk","non_exact_title","0.55","Inherited current-role retrieval score; not a probability or a new MASCO 2020 validation score.","False","True","Not established","ESCO skills inherited from one primary occupation. Essential/optional refers to ESCO, not a verified Malaysian requirement.","","https://www.dosm.gov.my/uploads/content-downloads/file_20220920110308.pdf#page=376","http://data.europa.eu/esco/occupation/80d880ec-3bae-45a2-a2d3-41345ee0b319","M314305","314305","Wildlife Assistant Grade G1","https://emasco.mohr.gov.my/masco/3143-05","2020","grade_reversion","high","376","https://www.dosm.gov.my/uploads/content-downloads/file_20220920110308.pdf#page=376","Current eMASCO D11 profile inherited for a MASCO 2020 identity; not 2020-specific task evidence; test only.","partial_proxy","low","M314305","False","Original current-role title, not the remapped 2020 title; retained for comparison only."
"M314401","Hatchery Technician","314401","3144","6221.4","aquaculture hatchery technician","http://data.europa.eu/esco/occupation/e93d5c8d-1219-4c11-91d7-9d0ab8d9c08e","partial_proxy","low","Title/duty comparison supports this primary proxy, but occupational breadth, specialisation or seniority may differ. See both source profiles in the evidence table.","test_only_project_mapping_not_human_validated","False","3144-01","6221","","","","","no_unique_exact_esco_title_match","new_mapping","project_partial_proxy","reviewed_existing_or_retrieved_candidate","ReRouteHer project-derived; NOT an official MASCO-ESCO crosswalk","non_exact_title","0.883721","Inherited current-role retrieval score; not a probability or a new MASCO 2020 validation score.","False","True","Not established","ESCO skills inherited from one primary occupation. Essential/optional refers to ESCO, not a verified Malaysian requirement.","","https://www.dosm.gov.my/uploads/content-downloads/file_20220920110308.pdf#page=376","http://data.europa.eu/esco/occupation/e93d5c8d-1219-4c11-91d7-9d0ab8d9c08e","M314401","314401","Hatchery Technician","https://emasco.mohr.gov.my/masco/3144-01","2020","exact_normalized_title","high","376","https://www.dosm.gov.my/uploads/content-downloads/file_20220920110308.pdf#page=376","Current eMASCO D11 profile inherited for a MASCO 2020 identity; not 2020-specific task evidence; test only.","partial_proxy","low","M314401","False","Original current-role title, not the remapped 2020 title; retained for comparison only."
"M314402","Hatchery Supervisor","314402","3144","6221.3","aquaculture hatchery manager","http://data.europa.eu/esco/occupation/02bd7cac-8263-4425-b03d-19001ffe8787","partial_proxy","low","Title/duty comparison supports this primary proxy, but occupational breadth, specialisation or seniority may differ. See both source profiles in the evidence table.","test_only_project_mapping_not_human_validated","False","3144-02","6221","","","","","no_unique_exact_esco_title_match","new_mapping","project_partial_proxy","reviewed_existing_or_retrieved_candidate","ReRouteHer project-derived; NOT an official MASCO-ESCO crosswalk","non_exact_title","0.791667","Inherited current-role retrieval score; not a probability or a new MASCO 2020 validation score.","False","True","Not established","ESCO skills inherited from one primary occupation. Essential/optional refers to ESCO, not a verified Malaysian requirement.","","https://www.dosm.gov.my/uploads/content-downloads/file_20220920110308.pdf#page=376","http://data.europa.eu/esco/occupation/02bd7cac-8263-4425-b03d-19001ffe8787","M314402","314402","Hatchery Supervisor","https://emasco.mohr.gov.my/masco/3144-02","2020","exact_normalized_title","high","376","https://www.dosm.gov.my/uploads/content-downloads/file_20220920110308.pdf#page=376","Current eMASCO D11 profile inherited for a MASCO 2020 identity; not 2020-specific task evidence; test only.","partial_proxy","low","M314402","False","Original current-role title, not the remapped 2020 title; retained for comparison only."
"M314403","Fishery Technician","314403","3144","6221.11","water-based aquaculture technician","http://data.europa.eu/esco/occupation/0d6bb2cc-06b0-481c-b553-2a973be03254","broader_proxy","medium","Aquaculture stock/water/environment technical support, not ship engine mechanics.","test_only_project_mapping_not_human_validated","False","3144-03","6221","","","","","no_unique_exact_esco_title_match","new_mapping","project_broader_proxy","curated_title_and_duty_decision","ReRouteHer project-derived; NOT an official MASCO-ESCO crosswalk","non_exact_title","0.68","Inherited current-role retrieval score; not a probability or a new MASCO 2020 validation score.","False","True","Not established","ESCO skills inherited from one primary occupation. Essential/optional refers to ESCO, not a verified Malaysian requirement.","","https://www.dosm.gov.my/uploads/content-downloads/file_20220920110308.pdf#page=376","http://data.europa.eu/esco/occupation/0d6bb2cc-06b0-481c-b553-2a973be03254","M314403","314403","Fishery Technician","https://emasco.mohr.gov.my/masco/3144-03","2020","exact_normalized_title","high","376","https://www.dosm.gov.my/uploads/content-downloads/file_20220920110308.pdf#page=376","Current eMASCO D11 profile inherited for a MASCO 2020 identity; not 2020-specific task evidence; test only.","broader_proxy","medium","M314403","False","Original current-role title, not the remapped 2020 title; retained for comparison only."
"M314404","Hatchery Assistant","314404","3144","6221.5","aquaculture hatchery worker","http://data.europa.eu/esco/occupation/a8c7004a-e59c-4a4d-9092-2cb4533ffe58","close_match","medium","Hatchery operational assistance.","test_only_project_mapping_not_human_validated","False","3144-04","6221","","","","","no_unique_exact_esco_title_match","new_mapping","project_close_match","curated_title_and_duty_decision","ReRouteHer project-derived; NOT an official MASCO-ESCO crosswalk","non_exact_title","0.418605","Inherited current-role retrieval score; not a probability or a new MASCO 2020 validation score.","False","True","Not established","ESCO skills inherited from one primary occupation. Essential/optional refers to ESCO, not a verified Malaysian requirement.","","https://www.dosm.gov.my/uploads/content-downloads/file_20220920110308.pdf#page=376","http://data.europa.eu/esco/occupation/a8c7004a-e59c-4a4d-9092-2cb4533ffe58","M314404","314404","Hatchery Assistant","https://emasco.mohr.gov.my/masco/3144-04","2020","exact_normalized_title","high","376","https://www.dosm.gov.my/uploads/content-downloads/file_20220920110308.pdf#page=376","Current eMASCO D11 profile inherited for a MASCO 2020 identity; not 2020-specific task evidence; test only.","close_match","medium","M314404","False","Original current-role title, not the remapped 2020 title; retained for comparison only."
"M314405","Aquaculture Technician","314405","3144","6221.11","water-based aquaculture technician","http://data.europa.eu/esco/occupation/0d6bb2cc-06b0-481c-b553-2a973be03254","broader_proxy","medium","Aquaculture stock/water/environment technical support, not ship engine mechanics.","test_only_project_mapping_not_human_validated","False","3144-05","6221","","","","","no_unique_exact_esco_title_match","new_mapping","project_broader_proxy","curated_title_and_duty_decision","ReRouteHer project-derived; NOT an official MASCO-ESCO crosswalk","non_exact_title","0.785714","Inherited current-role retrieval score; not a probability or a new MASCO 2020 validation score.","False","True","Not established","ESCO skills inherited from one primary occupation. Essential/optional refers to ESCO, not a verified Malaysian requirement.","","https://www.dosm.gov.my/uploads/content-downloads/file_20220920110308.pdf#page=376","http://data.europa.eu/esco/occupation/0d6bb2cc-06b0-481c-b553-2a973be03254","M314405","314405","Aquaculture Technician","https://emasco.mohr.gov.my/masco/3144-05","2020","exact_normalized_title","high","376","https://www.dosm.gov.my/uploads/content-downloads/file_20220920110308.pdf#page=376","Current eMASCO D11 profile inherited for a MASCO 2020 identity; not 2020-specific task evidence; test only.","broader_proxy","medium","M314405","False","Original current-role title, not the remapped 2020 title; retained for comparison only."
"M314407","Assistant Fisheries Officer Grade G29","314407","3144","2132.4","fisheries adviser","http://data.europa.eu/esco/occupation/3b018148-8e92-4177-9267-5f090386f6a3","partial_proxy","low","Fisheries advice and management support; assistant grade and statutory duties differ.","test_only_project_mapping_not_human_validated","False","3144-07","2132","","","","","no_unique_exact_esco_title_match","new_mapping","project_partial_proxy","curated_title_and_duty_decision","ReRouteHer project-derived; NOT an official MASCO-ESCO crosswalk","non_exact_title","0.666667","Inherited current-role retrieval score; not a probability or a new MASCO 2020 validation score.","False","True","Not established","ESCO skills inherited from one primary occupation. Essential/optional refers to ESCO, not a verified Malaysian requirement.","","https://www.dosm.gov.my/uploads/content-downloads/file_20220920110308.pdf#page=376","http://data.europa.eu/esco/occupation/3b018148-8e92-4177-9267-5f090386f6a3","M314407","314407","Assistant Fisheries Officer Grade G5","https://emasco.mohr.gov.my/masco/3144-07","2020","grade_reversion","high","376","https://www.dosm.gov.my/uploads/content-downloads/file_20220920110308.pdf#page=376","Current eMASCO D11 profile inherited for a MASCO 2020 identity; not 2020-specific task evidence; test only.","partial_proxy","low","M314407","False","Original current-role title, not the remapped 2020 title; retained for comparison only."
"M315101","Air Traffic Safety Technician","315101","3151","3155.1","air traffic safety technician","http://data.europa.eu/esco/occupation/0022f466-426c-41a4-ac96-a235c945cf97","close_match","high","Preferred occupation title matches after removing Malaysian grade/competency wrappers.","test_only_project_mapping_not_human_validated","False","3151-01","3155","","","","","no_unique_exact_esco_title_match","new_mapping","project_close_match","unique_cleaned_preferred_label","ReRouteHer project-derived; NOT an official MASCO-ESCO crosswalk","exact_preferred_label","1","Inherited current-role retrieval score; not a probability or a new MASCO 2020 validation score.","False","True","Not established","ESCO skills inherited from one primary occupation. Essential/optional refers to ESCO, not a verified Malaysian requirement.","","https://www.dosm.gov.my/uploads/content-downloads/file_20220920110308.pdf#page=376","http://data.europa.eu/esco/occupation/0022f466-426c-41a4-ac96-a235c945cf97","M315101","315101","Air Traffic Safety Technician","https://emasco.mohr.gov.my/masco/3151-01","2020","exact_normalized_title","high","376","https://www.dosm.gov.my/uploads/content-downloads/file_20220920110308.pdf#page=376","Current eMASCO D11 profile inherited for a MASCO 2020 identity; not 2020-specific task evidence; test only.","close_match","high","M315101","False","Original current-role title, not the remapped 2020 title; retained for comparison only."
"M315103","Aviation Maintenance Technician","315103","3151","7232.5","aircraft maintenance technician","http://data.europa.eu/esco/occupation/91373a70-79b6-47a2-aa50-07dfe20dd258","close_match","medium","ESCO alternate title matches the cleaned MASCO title; national qualifications and full task scope are not assumed equivalent.","test_only_project_mapping_not_human_validated","False","3151-03","7232","","","","","no_unique_exact_esco_title_match","new_mapping","project_close_match","reviewed_existing_or_retrieved_candidate","ReRouteHer project-derived; NOT an official MASCO-ESCO crosswalk","exact_alternate_label","1","Inherited current-role retrieval score; not a probability or a new MASCO 2020 validation score.","False","True","Not established","ESCO skills inherited from one primary occupation. Essential/optional refers to ESCO, not a verified Malaysian requirement.","","https://www.dosm.gov.my/uploads/content-downloads/file_20220920110308.pdf#page=376","http://data.europa.eu/esco/occupation/91373a70-79b6-47a2-aa50-07dfe20dd258","M315102","315102","Aviation Maintenance Technician","https://emasco.mohr.gov.my/masco/3151-02","2020","exact_normalized_title","high","376","https://www.dosm.gov.my/uploads/content-downloads/file_20220920110308.pdf#page=376","Current eMASCO D11 profile inherited for a MASCO 2020 identity; not 2020-specific task evidence; test only.","close_match","medium","M315102","False","Original current-role title, not the remapped 2020 title; retained for comparison only."
"M315107","Aircraft Restorer","315107","3151","7232.5","aircraft maintenance technician","http://data.europa.eu/esco/occupation/91373a70-79b6-47a2-aa50-07dfe20dd258","broader_proxy","medium","Aircraft restoration and maintenance; restoration specialty needs enrichment.","test_only_project_mapping_not_human_validated","False","3151-07","7232","","","","","no_unique_exact_esco_title_match","new_mapping","project_broader_proxy","curated_title_and_duty_decision","ReRouteHer project-derived; NOT an official MASCO-ESCO crosswalk","non_exact_title","0.705882","Inherited current-role retrieval score; not a probability or a new MASCO 2020 validation score.","False","True","Not established","ESCO skills inherited from one primary occupation. Essential/optional refers to ESCO, not a verified Malaysian requirement.","","https://www.dosm.gov.my/uploads/content-downloads/file_20220920110308.pdf#page=376","http://data.europa.eu/esco/occupation/91373a70-79b6-47a2-aa50-07dfe20dd258","M315103","315103","Aircraft Restorer","https://emasco.mohr.gov.my/masco/3151-03","2020","exact_normalized_title","high","376","https://www.dosm.gov.my/uploads/content-downloads/file_20220920110308.pdf#page=376","Current eMASCO D11 profile inherited for a MASCO 2020 identity; not 2020-specific task evidence; test only.","broader_proxy","medium","M315103","False","Original current-role title, not the remapped 2020 title; retained for comparison only."
"M315108","Airframe and Power Plant Technician","315108","3151","7232.5","aircraft maintenance technician","http://data.europa.eu/esco/occupation/91373a70-79b6-47a2-aa50-07dfe20dd258","partial_proxy","low","Title/duty comparison supports this primary proxy, but occupational breadth, specialisation or seniority may differ. See both source profiles in the evidence table.","test_only_project_mapping_not_human_validated","False","3151-08","7232","","","","","no_unique_exact_esco_title_match","new_mapping","project_partial_proxy","reviewed_existing_or_retrieved_candidate","ReRouteHer project-derived; NOT an official MASCO-ESCO crosswalk","non_exact_title","0.654545","Inherited current-role retrieval score; not a probability or a new MASCO 2020 validation score.","False","True","Not established","ESCO skills inherited from one primary occupation. Essential/optional refers to ESCO, not a verified Malaysian requirement.","","https://www.dosm.gov.my/uploads/content-downloads/file_20220920110308.pdf#page=376","http://data.europa.eu/esco/occupation/91373a70-79b6-47a2-aa50-07dfe20dd258","M315104","315104","Airframe and Power Plant Technician","https://emasco.mohr.gov.my/masco/3151-04","2020","exact_normalized_title","high","376","https://www.dosm.gov.my/uploads/content-downloads/file_20220920110308.pdf#page=376","Current eMASCO D11 profile inherited for a MASCO 2020 identity; not 2020-specific task evidence; test only.","partial_proxy","low","M315104","False","Original current-role title, not the remapped 2020 title; retained for comparison only."
"M315114","Rocket Engine Component Technician","315114","3151","3115.1.1","aerospace engineering technician","http://data.europa.eu/esco/occupation/05a55bb3-68d6-4ff0-83fd-46a68a45a598","partial_proxy","low","Title/duty comparison supports this primary proxy, but occupational breadth, specialisation or seniority may differ. See both source profiles in the evidence table.","test_only_project_mapping_not_human_validated","False","3151-14","3115","","","","","no_unique_exact_esco_title_match","new_mapping","project_partial_proxy","reviewed_existing_or_retrieved_candidate","ReRouteHer project-derived; NOT an official MASCO-ESCO crosswalk","non_exact_title","0.69697","Inherited current-role retrieval score; not a probability or a new MASCO 2020 validation score.","False","True","Not established","ESCO skills inherited from one primary occupation. Essential/optional refers to ESCO, not a verified Malaysian requirement.","","https://www.dosm.gov.my/uploads/content-downloads/file_20220920110308.pdf#page=376","http://data.europa.eu/esco/occupation/05a55bb3-68d6-4ff0-83fd-46a68a45a598","M315105","315105","Rocket Engine Component Technician","https://emasco.mohr.gov.my/masco/3151-05","2020","exact_normalized_title","high","376","https://www.dosm.gov.my/uploads/content-downloads/file_20220920110308.pdf#page=376","Current eMASCO D11 profile inherited for a MASCO 2020 identity; not 2020-specific task evidence; test only.","partial_proxy","low","M315105","False","Original current-role title, not the remapped 2020 title; retained for comparison only."
"M315115","Aircraft Examiner Grade A29","315115","3151","3154.2","aviation inspector","http://data.europa.eu/esco/occupation/b0473a10-e3de-480c-a841-171f2356a074","partial_proxy","low","Title/duty comparison supports this primary proxy, but occupational breadth, specialisation or seniority may differ. See both source profiles in the evidence table.","test_only_project_mapping_not_human_validated","False","3151-15","3154","","","","","no_unique_exact_esco_title_match","new_mapping","project_partial_proxy","reviewed_existing_or_retrieved_candidate","ReRouteHer project-derived; NOT an official MASCO-ESCO crosswalk","non_exact_title","0.651163","Inherited current-role retrieval score; not a probability or a new MASCO 2020 validation score.","False","True","Not established","ESCO skills inherited from one primary occupation. Essential/optional refers to ESCO, not a verified Malaysian requirement.","","https://www.dosm.gov.my/uploads/content-downloads/file_20220920110308.pdf#page=376","http://data.europa.eu/esco/occupation/b0473a10-e3de-480c-a841-171f2356a074","M315107","315107","Aircraft Examiner Grade A5, A6","https://emasco.mohr.gov.my/masco/3151-07","2020","grade_reversion","high","376","https://www.dosm.gov.my/uploads/content-downloads/file_20220920110308.pdf#page=376","Current eMASCO D11 profile inherited for a MASCO 2020 identity; not 2020-specific task evidence; test only.","partial_proxy","low","M315107","False","Original current-role title, not the remapped 2020 title; retained for comparison only."
"M315116","Assistant Air Traffic Control Officer Grade A29","315116","3151","3154.1","air traffic controller","http://data.europa.eu/esco/occupation/3c2da05f-eb24-41f7-8307-46c96660fee0","broader_proxy","medium","Air-traffic control support; assistant authorization differs.","test_only_project_mapping_not_human_validated","False","3151-16","3154","","","","","no_unique_exact_esco_title_match","new_mapping","project_broader_proxy","curated_title_and_duty_decision","ReRouteHer project-derived; NOT an official MASCO-ESCO crosswalk","non_exact_title","0.84375","Inherited current-role retrieval score; not a probability or a new MASCO 2020 validation score.","False","True","Not established","ESCO skills inherited from one primary occupation. Essential/optional refers to ESCO, not a verified Malaysian requirement.","","https://www.dosm.gov.my/uploads/content-downloads/file_20220920110308.pdf#page=376","http://data.europa.eu/esco/occupation/3c2da05f-eb24-41f7-8307-46c96660fee0","M315108","315108","Assistant Air Traffic Control Officer Grade A5","https://emasco.mohr.gov.my/masco/3151-08","2020","grade_reversion","high","376","https://www.dosm.gov.my/uploads/content-downloads/file_20220920110308.pdf#page=376","Current eMASCO D11 profile inherited for a MASCO 2020 identity; not 2020-specific task evidence; test only.","broader_proxy","medium","M315108","False","Original current-role title, not the remapped 2020 title; retained for comparison only."
"M315201","Marine Assistant Grade A19","315201","3152","3343.1","administrative assistant","http://data.europa.eu/esco/occupation/044d78cc-f62f-4532-83a5-8e04f2889652","partial_proxy","low","D11 duties are ship-registration records, revenue and administration, not marine-engine repair.","test_only_project_mapping_not_human_validated","False","3152-01","3343","","","","","no_unique_exact_esco_title_match","new_mapping","project_partial_proxy","curated_title_and_duty_decision","ReRouteHer project-derived; NOT an official MASCO-ESCO crosswalk","non_exact_title","0.705882","Inherited current-role retrieval score; not a probability or a new MASCO 2020 validation score.","False","True","Not established","ESCO skills inherited from one primary occupation. Essential/optional refers to ESCO, not a verified Malaysian requirement.","","https://www.dosm.gov.my/uploads/content-downloads/file_20220920110308.pdf#page=376","http://data.europa.eu/esco/occupation/044d78cc-f62f-4532-83a5-8e04f2889652","M315203","315203","Marine Assistant Grade A1","https://emasco.mohr.gov.my/masco/3152-03","2020","grade_reversion","high","376","https://www.dosm.gov.my/uploads/content-downloads/file_20220920110308.pdf#page=376","Current eMASCO D11 profile inherited for a MASCO 2020 identity; not 2020-specific task evidence; test only.","partial_proxy","low","M315203","False","Original current-role title, not the remapped 2020 title; retained for comparison only."
"M315202","Berthing Master","315202","3152","4323.11","port coordinator","http://data.europa.eu/esco/occupation/fa404a79-4091-47f9-a635-c2e3c576ece8","partial_proxy","low","Port berthing coordination; navigational authority and vessel piloting are not fully represented.","test_only_project_mapping_not_human_validated","False","3152-02","4323","","","","","no_unique_exact_esco_title_match","new_mapping","project_partial_proxy","curated_title_and_duty_decision","ReRouteHer project-derived; NOT an official MASCO-ESCO crosswalk","non_exact_title","0.526316","Inherited current-role retrieval score; not a probability or a new MASCO 2020 validation score.","False","True","Not established","ESCO skills inherited from one primary occupation. Essential/optional refers to ESCO, not a verified Malaysian requirement.","","https://www.dosm.gov.my/uploads/content-downloads/file_20220920110308.pdf#page=376","http://data.europa.eu/esco/occupation/fa404a79-4091-47f9-a635-c2e3c576ece8","M315201","315201","Berthing Master","https://emasco.mohr.gov.my/masco/3152-01","2020","exact_normalized_title","high","376","https://www.dosm.gov.my/uploads/content-downloads/file_20220920110308.pdf#page=376","Current eMASCO D11 profile inherited for a MASCO 2020 identity; not 2020-specific task evidence; test only.","partial_proxy","low","M315201","False","Original current-role title, not the remapped 2020 title; retained for comparison only."
"M315206","Ship Technician","315206","3152","3115.1.7","marine engineering technician","http://data.europa.eu/esco/occupation/04849c5c-9236-4a75-aabb-11c6d03e459c","partial_proxy","low","Title/duty comparison supports this primary proxy, but occupational breadth, specialisation or seniority may differ. See both source profiles in the evidence table.","test_only_project_mapping_not_human_validated","False","3152-06","3115","","","","","no_unique_exact_esco_title_match","new_mapping","project_partial_proxy","reviewed_existing_or_retrieved_candidate","ReRouteHer project-derived; NOT an official MASCO-ESCO crosswalk","non_exact_title","0.714286","Inherited current-role retrieval score; not a probability or a new MASCO 2020 validation score.","False","True","Not established","ESCO skills inherited from one primary occupation. Essential/optional refers to ESCO, not a verified Malaysian requirement.","","https://www.dosm.gov.my/uploads/content-downloads/file_20220920110308.pdf#page=376","http://data.europa.eu/esco/occupation/04849c5c-9236-4a75-aabb-11c6d03e459c","M315202","315202","Ship Technician","https://emasco.mohr.gov.my/masco/3152-02","2020","exact_normalized_title","high","376","https://www.dosm.gov.my/uploads/content-downloads/file_20220920110308.pdf#page=376","Current eMASCO D11 profile inherited for a MASCO 2020 identity; not 2020-specific task evidence; test only.","partial_proxy","low","M315202","False","Original current-role title, not the remapped 2020 title; retained for comparison only."
"M315208","Assistant Marine Officer Grade A29","315208","3152","3115.1.9","marine surveyor","http://data.europa.eu/esco/occupation/384ed128-e86e-4dd8-96ff-b6e6657cb027","partial_proxy","low","Vessel safety inspection/survey is one component; registration, port administration and enforcement are not fully represented.","test_only_project_mapping_not_human_validated","False","3152-08","3115","","","","","no_unique_exact_esco_title_match","new_mapping","project_partial_proxy","curated_title_and_duty_decision","ReRouteHer project-derived; NOT an official MASCO-ESCO crosswalk","non_exact_title","0.461538","Inherited current-role retrieval score; not a probability or a new MASCO 2020 validation score.","False","True","Not established","ESCO skills inherited from one primary occupation. Essential/optional refers to ESCO, not a verified Malaysian requirement.","","https://www.dosm.gov.my/uploads/content-downloads/file_20220920110308.pdf#page=376","http://data.europa.eu/esco/occupation/384ed128-e86e-4dd8-96ff-b6e6657cb027","M315204","315204","Assistant Marine Officer Grade A5","https://emasco.mohr.gov.my/masco/3152-04","2020","grade_reversion","high","376","https://www.dosm.gov.my/uploads/content-downloads/file_20220920110308.pdf#page=376","Current eMASCO D11 profile inherited for a MASCO 2020 identity; not 2020-specific task evidence; test only.","partial_proxy","low","M315204","False","Original current-role title, not the remapped 2020 title; retained for comparison only."
"M315301","Train Technician","315301","3153","3115.1.18","rolling stock engineering technician","http://data.europa.eu/esco/occupation/0f2c04f1-9001-4a77-884f-1ea16949f6f6","broader_proxy","medium","Rolling-stock technical installation, maintenance and testing; local supervisory scope varies.","test_only_project_mapping_not_human_validated","False","3153-01","3115","","","","","no_unique_exact_esco_title_match","new_mapping","project_broader_proxy","curated_title_and_duty_decision","ReRouteHer project-derived; NOT an official MASCO-ESCO crosswalk","non_exact_title","0.538462","Inherited current-role retrieval score; not a probability or a new MASCO 2020 validation score.","False","True","Not established","ESCO skills inherited from one primary occupation. Essential/optional refers to ESCO, not a verified Malaysian requirement.","","https://www.dosm.gov.my/uploads/content-downloads/file_20220920110308.pdf#page=377","http://data.europa.eu/esco/occupation/0f2c04f1-9001-4a77-884f-1ea16949f6f6","M315301","315301","Train Technician","https://emasco.mohr.gov.my/masco/3153-01","2020","exact_normalized_title","high","377","https://www.dosm.gov.my/uploads/content-downloads/file_20220920110308.pdf#page=377","Current eMASCO D11 profile inherited for a MASCO 2020 identity; not 2020-specific task evidence; test only.","broader_proxy","medium","M315301","False","Original current-role title, not the remapped 2020 title; retained for comparison only."
"M315306","Track Network Technician","315306","3153","3112.1.10","rail maintenance technician","http://data.europa.eu/esco/occupation/755c5c5f-2ee3-4487-94db-30ec2ba2e883","broader_proxy","medium","Rail infrastructure maintenance, not computer-network work.","test_only_project_mapping_not_human_validated","False","3153-06","3112","","","","","no_unique_exact_esco_title_match","new_mapping","project_broader_proxy","curated_title_and_duty_decision","ReRouteHer project-derived; NOT an official MASCO-ESCO crosswalk","non_exact_title","0.588235","Inherited current-role retrieval score; not a probability or a new MASCO 2020 validation score.","False","True","Not established","ESCO skills inherited from one primary occupation. Essential/optional refers to ESCO, not a verified Malaysian requirement.","","https://www.dosm.gov.my/uploads/content-downloads/file_20220920110308.pdf#page=377","http://data.europa.eu/esco/occupation/755c5c5f-2ee3-4487-94db-30ec2ba2e883","M315302","315302","Track Network Technician","https://emasco.mohr.gov.my/masco/3153-02","2020","exact_normalized_title","high","377","https://www.dosm.gov.my/uploads/content-downloads/file_20220920110308.pdf#page=377","Current eMASCO D11 profile inherited for a MASCO 2020 identity; not 2020-specific task evidence; test only.","broader_proxy","medium","M315302","False","Original current-role title, not the remapped 2020 title; retained for comparison only."
"M315307","Signalling and Communication Technician","315307","3153","7421.6","railway electronic technician","http://data.europa.eu/esco/occupation/75c5bab4-2546-4ba3-996d-42a9a1bab55d","broader_proxy","medium","Rail signalling/electronic systems maintenance.","test_only_project_mapping_not_human_validated","False","3153-07","7421","","","","","no_unique_exact_esco_title_match","new_mapping","project_broader_proxy","curated_title_and_duty_decision","ReRouteHer project-derived; NOT an official MASCO-ESCO crosswalk","non_exact_title","0.641026","Inherited current-role retrieval score; not a probability or a new MASCO 2020 validation score.","False","True","Not established","ESCO skills inherited from one primary occupation. Essential/optional refers to ESCO, not a verified Malaysian requirement.","","https://www.dosm.gov.my/uploads/content-downloads/file_20220920110308.pdf#page=377","http://data.europa.eu/esco/occupation/75c5bab4-2546-4ba3-996d-42a9a1bab55d","M315303","315303","Signalling and Communication Technician","https://emasco.mohr.gov.my/masco/3153-03","2020","exact_normalized_title","high","377","https://www.dosm.gov.my/uploads/content-downloads/file_20220920110308.pdf#page=377","Current eMASCO D11 profile inherited for a MASCO 2020 identity; not 2020-specific task evidence; test only.","broader_proxy","medium","M315303","False","Original current-role title, not the remapped 2020 title; retained for comparison only."
"M315406","Motor Vehicle Technician","315406","3154","7231.10","vehicle technician","http://data.europa.eu/esco/occupation/4ad4024e-d1d3-4dea-b6d1-2c7948111dce","partial_proxy","low","Title/duty comparison supports this primary proxy, but occupational breadth, specialisation or seniority may differ. See both source profiles in the evidence table.","test_only_project_mapping_not_human_validated","False","3154-06","7231","","","","","no_unique_exact_esco_title_match","new_mapping","project_partial_proxy","reviewed_existing_or_retrieved_candidate","ReRouteHer project-derived; NOT an official MASCO-ESCO crosswalk","non_exact_title","0.869565","Inherited current-role retrieval score; not a probability or a new MASCO 2020 validation score.","False","True","Not established","ESCO skills inherited from one primary occupation. Essential/optional refers to ESCO, not a verified Malaysian requirement.","","https://www.dosm.gov.my/uploads/content-downloads/file_20220920110308.pdf#page=377","http://data.europa.eu/esco/occupation/4ad4024e-d1d3-4dea-b6d1-2c7948111dce","M315401","315401","Motor Vehicle Technician","https://emasco.mohr.gov.my/masco/3154-01","2020","exact_normalized_title","high","377","https://www.dosm.gov.my/uploads/content-downloads/file_20220920110308.pdf#page=377","Current eMASCO D11 profile inherited for a MASCO 2020 identity; not 2020-specific task evidence; test only.","partial_proxy","low","M315401","False","Original current-role title, not the remapped 2020 title; retained for comparison only."
"M315902","Logistics Supervisor","315902","3159","1324.3","logistics and distribution manager","http://data.europa.eu/esco/occupation/823db06f-25e1-4658-b063-d6ef956b41f5","inherited_test_proxy","medium","Inherited current-role ESCO assignment, not independently revalidated for this MASCO 2020 identity. Retain the logistics-supervision occupation explicitly named in the current combined title; do not infer road-only or halal specialisations. Original rationale: Logistics coordination and supervision.","test_only_project_mapping_not_human_validated","False","3159-02","1324","","","","","no_unique_exact_esco_title_match","new_mapping","project_broader_proxy","curated_title_and_duty_decision","ReRouteHer project-derived; NOT an official MASCO-ESCO crosswalk","non_exact_title","0.551724","Inherited current-role retrieval score; not a probability or a new MASCO 2020 validation score.","False","True","Not established","ESCO skills inherited from one primary occupation. Essential/optional refers to ESCO, not a verified Malaysian requirement.","","https://www.dosm.gov.my/uploads/content-downloads/file_20220920110308.pdf#page=377","http://data.europa.eu/esco/occupation/823db06f-25e1-4658-b063-d6ef956b41f5","M315901","315901","Transport/Logistics Supervisor","https://emasco.mohr.gov.my/masco/3159-01","2020","reviewed_functional_equivalent","medium","377","https://www.dosm.gov.my/uploads/content-downloads/file_20220920110308.pdf#page=377","Current eMASCO D11 profile inherited for a MASCO 2020 identity; not 2020-specific task evidence; test only.","broader_proxy","medium","M315901","False","Original current-role title, not the remapped 2020 title; retained for comparison only."
"M315904","Green Technology Infrastructure Assistant Facilitator","315904","3159","2133.15","environmental technician","http://data.europa.eu/esco/occupation/e8461d2e-3d75-477c-93a2-ea8d342bb55b","partial_proxy","low","Environmental/green infrastructure technical support; facilitator role is not an exact technical occupation.","test_only_project_mapping_not_human_validated","False","3159-04","2133","","","","","no_unique_exact_esco_title_match","new_mapping","project_partial_proxy","curated_title_and_duty_decision","ReRouteHer project-derived; NOT an official MASCO-ESCO crosswalk","non_exact_title","0.372093","Inherited current-role retrieval score; not a probability or a new MASCO 2020 validation score.","False","True","Not established","ESCO skills inherited from one primary occupation. Essential/optional refers to ESCO, not a verified Malaysian requirement.","","https://www.dosm.gov.my/uploads/content-downloads/file_20220920110308.pdf#page=377","http://data.europa.eu/esco/occupation/e8461d2e-3d75-477c-93a2-ea8d342bb55b","M315902","315902","Green Technology Infrastructure Assistant Facilitator","https://emasco.mohr.gov.my/masco/3159-02","2020","exact_normalized_title","high","377","https://www.dosm.gov.my/uploads/content-downloads/file_20220920110308.pdf#page=377","Current eMASCO D11 profile inherited for a MASCO 2020 identity; not 2020-specific task evidence; test only.","partial_proxy","low","M315902","False","Original current-role title, not the remapped 2020 title; retained for comparison only."
"M316101","Nuclear Technician","316101","3161","3111.10","nuclear technician","http://data.europa.eu/esco/occupation/774ad663-2124-4ac2-a287-5fb2e478906e","close_match","high","Preferred occupation title matches after removing Malaysian grade/competency wrappers.","test_only_project_mapping_not_human_validated","False","3161-01","3111","","","","","no_unique_exact_esco_title_match","new_mapping","project_close_match","unique_cleaned_preferred_label","ReRouteHer project-derived; NOT an official MASCO-ESCO crosswalk","exact_preferred_label","1","Inherited current-role retrieval score; not a probability or a new MASCO 2020 validation score.","False","True","Not established","ESCO skills inherited from one primary occupation. Essential/optional refers to ESCO, not a verified Malaysian requirement.","","https://www.dosm.gov.my/uploads/content-downloads/file_20220920110308.pdf#page=377","http://data.europa.eu/esco/occupation/774ad663-2124-4ac2-a287-5fb2e478906e","M316101","316101","Nuclear Technician","https://emasco.mohr.gov.my/masco/3161-01","2020","exact_normalized_title","high","377","https://www.dosm.gov.my/uploads/content-downloads/file_20220920110308.pdf#page=377","Current eMASCO D11 profile inherited for a MASCO 2020 identity; not 2020-specific task evidence; test only.","close_match","high","M316101","False","Original current-role title, not the remapped 2020 title; retained for comparison only."
"M321101","Radiographer Grade U29","321101","3211","2269.8","radiographer","http://data.europa.eu/esco/occupation/7639a601-6db0-41ed-9fb0-813d9b8beb05","close_match","high","Preferred occupation title matches after removing Malaysian grade/competency wrappers.","test_only_project_mapping_not_human_validated","False","3211-01","2269","","","","","no_unique_exact_esco_title_match","new_mapping","project_close_match","unique_cleaned_preferred_label","ReRouteHer project-derived; NOT an official MASCO-ESCO crosswalk","exact_preferred_label","1","Inherited current-role retrieval score; not a probability or a new MASCO 2020 validation score.","False","True","Not established","ESCO skills inherited from one primary occupation. Essential/optional refers to ESCO, not a verified Malaysian requirement.","","https://www.dosm.gov.my/uploads/content-downloads/file_20220920110308.pdf#page=377","http://data.europa.eu/esco/occupation/7639a601-6db0-41ed-9fb0-813d9b8beb05","M321102","321102","Radiographer Grade U5","https://emasco.mohr.gov.my/masco/3211-02","2020","grade_reversion","high","377","https://www.dosm.gov.my/uploads/content-downloads/file_20220920110308.pdf#page=377","Current eMASCO D11 profile inherited for a MASCO 2020 identity; not 2020-specific task evidence; test only.","close_match","high","M321102","False","Original current-role title, not the remapped 2020 title; retained for comparison only."
"M321102","Radiographer","321102","3211","2269.8","radiographer","http://data.europa.eu/esco/occupation/7639a601-6db0-41ed-9fb0-813d9b8beb05","close_match","high","Preferred occupation title matches after removing Malaysian grade/competency wrappers.","test_only_project_mapping_not_human_validated","False","3211-02","2269","","","","","no_unique_exact_esco_title_match","new_mapping","project_close_match","unique_cleaned_preferred_label","ReRouteHer project-derived; NOT an official MASCO-ESCO crosswalk","exact_preferred_label","1","Inherited current-role retrieval score; not a probability or a new MASCO 2020 validation score.","False","True","Not established","ESCO skills inherited from one primary occupation. Essential/optional refers to ESCO, not a verified Malaysian requirement.","","https://www.dosm.gov.my/uploads/content-downloads/file_20220920110308.pdf#page=377","http://data.europa.eu/esco/occupation/7639a601-6db0-41ed-9fb0-813d9b8beb05","M321101","321101","Radiographer","https://emasco.mohr.gov.my/masco/3211-01","2020","exact_normalized_title","high","377","https://www.dosm.gov.my/uploads/content-downloads/file_20220920110308.pdf#page=377","Current eMASCO D11 profile inherited for a MASCO 2020 identity; not 2020-specific task evidence; test only.","close_match","high","M321101","False","Original current-role title, not the remapped 2020 title; retained for comparison only."
"M321204","Ecology Technician","321204","3212","2133.15","environmental technician","http://data.europa.eu/esco/occupation/e8461d2e-3d75-477c-93a2-ea8d342bb55b","broader_proxy","medium","Ecological/environmental technical monitoring.","test_only_project_mapping_not_human_validated","False","3212-04","2133","","","","","no_unique_exact_esco_title_match","new_mapping","project_broader_proxy","curated_title_and_duty_decision","ReRouteHer project-derived; NOT an official MASCO-ESCO crosswalk","non_exact_title","0.666667","Inherited current-role retrieval score; not a probability or a new MASCO 2020 validation score.","False","True","Not established","ESCO skills inherited from one primary occupation. Essential/optional refers to ESCO, not a verified Malaysian requirement.","","https://www.dosm.gov.my/uploads/content-downloads/file_20220920110308.pdf#page=377","http://data.europa.eu/esco/occupation/e8461d2e-3d75-477c-93a2-ea8d342bb55b","M321201","321201","Ecology Technician","https://emasco.mohr.gov.my/masco/3212-01","2020","exact_normalized_title","high","377","https://www.dosm.gov.my/uploads/content-downloads/file_20220920110308.pdf#page=377","Current eMASCO D11 profile inherited for a MASCO 2020 identity; not 2020-specific task evidence; test only.","broader_proxy","medium","M321201","False","Original current-role title, not the remapped 2020 title; retained for comparison only."
"M321207","Histology Technician","321207","3212","2269.12","anatomical pathology technician","http://data.europa.eu/esco/occupation/4a5b3686-eea4-4ba0-b446-33f7b6a95aed","broader_proxy","medium","Histological/anatomical pathology laboratory practice.","test_only_project_mapping_not_human_validated","False","3212-07","2269","","","","","no_unique_exact_esco_title_match","new_mapping","project_broader_proxy","curated_title_and_duty_decision","ReRouteHer project-derived; NOT an official MASCO-ESCO crosswalk","non_exact_title","0.85","Inherited current-role retrieval score; not a probability or a new MASCO 2020 validation score.","False","True","Not established","ESCO skills inherited from one primary occupation. Essential/optional refers to ESCO, not a verified Malaysian requirement.","","https://www.dosm.gov.my/uploads/content-downloads/file_20220920110308.pdf#page=377","http://data.europa.eu/esco/occupation/4a5b3686-eea4-4ba0-b446-33f7b6a95aed","M321202","321202","Histology Technician","https://emasco.mohr.gov.my/masco/3212-02","2020","exact_normalized_title","high","377","https://www.dosm.gov.my/uploads/content-downloads/file_20220920110308.pdf#page=377","Current eMASCO D11 profile inherited for a MASCO 2020 identity; not 2020-specific task evidence; test only.","broader_proxy","medium","M321202","False","Original current-role title, not the remapped 2020 title; retained for comparison only."
"M321208","Cytology Technician","321208","3212","2269.13.1","cytotechnologist","http://data.europa.eu/esco/occupation/d117ef65-b253-4f04-bc85-353ef853443a","close_match","medium","Cytological laboratory analysis.","test_only_project_mapping_not_human_validated","False","3212-08","2269","","","","","no_unique_exact_esco_title_match","new_mapping","project_close_match","curated_title_and_duty_decision","ReRouteHer project-derived; NOT an official MASCO-ESCO crosswalk","non_exact_title","0.611111","Inherited current-role retrieval score; not a probability or a new MASCO 2020 validation score.","False","True","Not established","ESCO skills inherited from one primary occupation. Essential/optional refers to ESCO, not a verified Malaysian requirement.","","https://www.dosm.gov.my/uploads/content-downloads/file_20220920110308.pdf#page=377","http://data.europa.eu/esco/occupation/d117ef65-b253-4f04-bc85-353ef853443a","M321203","321203","Cytology Technician","https://emasco.mohr.gov.my/masco/3212-03","2020","exact_normalized_title","high","377","https://www.dosm.gov.my/uploads/content-downloads/file_20220920110308.pdf#page=377","Current eMASCO D11 profile inherited for a MASCO 2020 identity; not 2020-specific task evidence; test only.","close_match","medium","M321203","False","Original current-role title, not the remapped 2020 title; retained for comparison only."
"M321209","Physiology Technician","321209","3212","2269.13","biomedical scientist","http://data.europa.eu/esco/occupation/2e8820ba-5b2d-4572-92a1-942dbd02a6d6","partial_proxy","low","Clinical specimen analysis described by D11; physiology specialization and technician qualifications require local review.","test_only_project_mapping_not_human_validated","False","3212-09","2269","","","","","no_unique_exact_esco_title_match","new_mapping","project_partial_proxy","curated_title_and_duty_decision","ReRouteHer project-derived; NOT an official MASCO-ESCO crosswalk","non_exact_title","0.415094","Inherited current-role retrieval score; not a probability or a new MASCO 2020 validation score.","False","True","Not established","ESCO skills inherited from one primary occupation. Essential/optional refers to ESCO, not a verified Malaysian requirement.","","https://www.dosm.gov.my/uploads/content-downloads/file_20220920110308.pdf#page=377","http://data.europa.eu/esco/occupation/2e8820ba-5b2d-4572-92a1-942dbd02a6d6","M321204","321204","Physiology Technician","https://emasco.mohr.gov.my/masco/3212-04","2020","exact_normalized_title","high","377","https://www.dosm.gov.my/uploads/content-downloads/file_20220920110308.pdf#page=377","Current eMASCO D11 profile inherited for a MASCO 2020 identity; not 2020-specific task evidence; test only.","partial_proxy","low","M321204","False","Original current-role title, not the remapped 2020 title; retained for comparison only."
"M321212","Parasitological Assistant","321212","3212","3212.2","medical laboratory assistant","http://data.europa.eu/esco/occupation/0044c991-c26f-4261-a213-4bd1c0564a4c","partial_proxy","low","Title/duty comparison supports this primary proxy, but occupational breadth, specialisation or seniority may differ. See both source profiles in the evidence table.","test_only_project_mapping_not_human_validated","False","3212-12","3212","","","","","no_unique_exact_esco_title_match","new_mapping","project_partial_proxy","reviewed_existing_or_retrieved_candidate","ReRouteHer project-derived; NOT an official MASCO-ESCO crosswalk","non_exact_title","0.608696","Inherited current-role retrieval score; not a probability or a new MASCO 2020 validation score.","True","True","Not established","ESCO skills inherited from one primary occupation. Essential/optional refers to ESCO, not a verified Malaysian requirement.","","https://www.dosm.gov.my/uploads/content-downloads/file_20220920110308.pdf#page=377","http://data.europa.eu/esco/occupation/0044c991-c26f-4261-a213-4bd1c0564a4c","M321205","321205","Parasitological Assistant","https://emasco.mohr.gov.my/masco/3212-05","2020","exact_normalized_title","high","377","https://www.dosm.gov.my/uploads/content-downloads/file_20220920110308.pdf#page=377","Current eMASCO D11 profile inherited for a MASCO 2020 identity; not 2020-specific task evidence; test only.","partial_proxy","low","M321205","True","Original current-role title, not the remapped 2020 title; retained for comparison only."
"M321213","Medical Laboratory Technician","321213","3212","2269.13","biomedical scientist","http://data.europa.eu/esco/occupation/2e8820ba-5b2d-4572-92a1-942dbd02a6d6","partial_proxy","low","Biomedical specimen analysis; local technician qualification and supervised scope differ from scientist designation.","test_only_project_mapping_not_human_validated","False","3212-13","2269","","","","","no_unique_exact_esco_title_match","new_mapping","project_partial_proxy","curated_title_and_duty_decision","ReRouteHer project-derived; NOT an official MASCO-ESCO crosswalk","non_exact_title","0.77193","Inherited current-role retrieval score; not a probability or a new MASCO 2020 validation score.","False","True","Not established","ESCO skills inherited from one primary occupation. Essential/optional refers to ESCO, not a verified Malaysian requirement.","","https://www.dosm.gov.my/uploads/content-downloads/file_20220920110308.pdf#page=377","http://data.europa.eu/esco/occupation/2e8820ba-5b2d-4572-92a1-942dbd02a6d6","M321206","321206","Medical Laboratory Technician","https://emasco.mohr.gov.my/masco/3212-06","2020","exact_normalized_title","high","377","https://www.dosm.gov.my/uploads/content-downloads/file_20220920110308.pdf#page=377","Current eMASCO D11 profile inherited for a MASCO 2020 identity; not 2020-specific task evidence; test only.","partial_proxy","low","M321206","False","Original current-role title, not the remapped 2020 title; retained for comparison only."
"M321214","Surgical Technician","321214","3212","3259.1","anaesthetic technician","http://data.europa.eu/esco/occupation/16e65196-3449-4c88-b379-0aa98f43db2b","partial_proxy","low","Operating-room technical support; anaesthesia is a narrower proxy than all surgical technology.","test_only_project_mapping_not_human_validated","False","3212-14","3259","","","","","no_unique_exact_esco_title_match","new_mapping","project_partial_proxy","curated_title_and_duty_decision","ReRouteHer project-derived; NOT an official MASCO-ESCO crosswalk","exact_alternate_label","1","Inherited current-role retrieval score; not a probability or a new MASCO 2020 validation score.","False","True","Not established","ESCO skills inherited from one primary occupation. Essential/optional refers to ESCO, not a verified Malaysian requirement.","","https://www.dosm.gov.my/uploads/content-downloads/file_20220920110308.pdf#page=377","http://data.europa.eu/esco/occupation/16e65196-3449-4c88-b379-0aa98f43db2b","M321207","321207","Surgical Technician","https://emasco.mohr.gov.my/masco/3212-07","2020","exact_normalized_title","high","377","https://www.dosm.gov.my/uploads/content-downloads/file_20220920110308.pdf#page=377","Current eMASCO D11 profile inherited for a MASCO 2020 identity; not 2020-specific task evidence; test only.","partial_proxy","low","M321207","False","Original current-role title, not the remapped 2020 title; retained for comparison only."
"M321301","Pharmaceutical Assistant","321301","3213","3213.1","pharmacy assistant","http://data.europa.eu/esco/occupation/c1a86d6d-7785-43e1-994b-958eba58fff7","partial_proxy","low","Title/duty comparison supports this primary proxy, but occupational breadth, specialisation or seniority may differ. See both source profiles in the evidence table.","test_only_project_mapping_not_human_validated","False","3213-01","3213","","","","","no_unique_exact_esco_title_match","new_mapping","project_partial_proxy","reviewed_existing_or_retrieved_candidate","ReRouteHer project-derived; NOT an official MASCO-ESCO crosswalk","non_exact_title","0.809524","Inherited current-role retrieval score; not a probability or a new MASCO 2020 validation score.","True","True","Not established","ESCO skills inherited from one primary occupation. Essential/optional refers to ESCO, not a verified Malaysian requirement.","","https://www.dosm.gov.my/uploads/content-downloads/file_20220920110308.pdf#page=377","http://data.europa.eu/esco/occupation/c1a86d6d-7785-43e1-994b-958eba58fff7","M321301","321301","Pharmaceutical Assistant","https://emasco.mohr.gov.my/masco/3213-01","2020","exact_normalized_title","high","377","https://www.dosm.gov.my/uploads/content-downloads/file_20220920110308.pdf#page=377","Current eMASCO D11 profile inherited for a MASCO 2020 identity; not 2020-specific task evidence; test only.","partial_proxy","low","M321301","True","Original current-role title, not the remapped 2020 title; retained for comparison only."
"M321304","Pharmacy Aide","321304","3213","3213.1","pharmacy assistant","http://data.europa.eu/esco/occupation/c1a86d6d-7785-43e1-994b-958eba58fff7","partial_proxy","low","Title/duty comparison supports this primary proxy, but occupational breadth, specialisation or seniority may differ. See both source profiles in the evidence table.","test_only_project_mapping_not_human_validated","False","3213-04","3213","","","","","no_unique_exact_esco_title_match","new_mapping","project_partial_proxy","reviewed_existing_or_retrieved_candidate","ReRouteHer project-derived; NOT an official MASCO-ESCO crosswalk","non_exact_title","0.709677","Inherited current-role retrieval score; not a probability or a new MASCO 2020 validation score.","True","True","Not established","ESCO skills inherited from one primary occupation. Essential/optional refers to ESCO, not a verified Malaysian requirement.","","https://www.dosm.gov.my/uploads/content-downloads/file_20220920110308.pdf#page=378","http://data.europa.eu/esco/occupation/c1a86d6d-7785-43e1-994b-958eba58fff7","M321302","321302","Pharmacy Aide","https://emasco.mohr.gov.my/masco/3213-02","2020","exact_normalized_title","high","378","https://www.dosm.gov.my/uploads/content-downloads/file_20220920110308.pdf#page=378","Current eMASCO D11 profile inherited for a MASCO 2020 identity; not 2020-specific task evidence; test only.","partial_proxy","low","M321302","True","Original current-role title, not the remapped 2020 title; retained for comparison only."
"M321305","Assistant Pharmacy Officer Grade U29","321305","3213","3213.1","pharmacy assistant","http://data.europa.eu/esco/occupation/c1a86d6d-7785-43e1-994b-958eba58fff7","partial_proxy","low","Title/duty comparison supports this primary proxy, but occupational breadth, specialisation or seniority may differ. See both source profiles in the evidence table.","test_only_project_mapping_not_human_validated","False","3213-05","3213","","","","","no_unique_exact_esco_title_match","new_mapping","project_partial_proxy","reviewed_existing_or_retrieved_candidate","ReRouteHer project-derived; NOT an official MASCO-ESCO crosswalk","non_exact_title","0.765957","Inherited current-role retrieval score; not a probability or a new MASCO 2020 validation score.","True","True","Not established","ESCO skills inherited from one primary occupation. Essential/optional refers to ESCO, not a verified Malaysian requirement.","","https://www.dosm.gov.my/uploads/content-downloads/file_20220920110308.pdf#page=378","http://data.europa.eu/esco/occupation/c1a86d6d-7785-43e1-994b-958eba58fff7","M321303","321303","Assistant Pharmacy Officer Grade U5","https://emasco.mohr.gov.my/masco/3213-03","2020","grade_reversion","high","378","https://www.dosm.gov.my/uploads/content-downloads/file_20220920110308.pdf#page=378","Current eMASCO D11 profile inherited for a MASCO 2020 identity; not 2020-specific task evidence; test only.","partial_proxy","low","M321303","True","Original current-role title, not the remapped 2020 title; retained for comparison only."
"M321401","Dental technician","321401","3214","2261.4","dental technician","http://data.europa.eu/esco/occupation/76bded28-876a-40b2-9efb-3123c8f14cf6","close_match","high","Preferred occupation title matches after removing Malaysian grade/competency wrappers.","test_only_project_mapping_not_human_validated","False","3214-01","2261","","","","","no_unique_exact_esco_title_match","new_mapping","project_close_match","unique_cleaned_preferred_label","ReRouteHer project-derived; NOT an official MASCO-ESCO crosswalk","exact_preferred_label","1","Inherited current-role retrieval score; not a probability or a new MASCO 2020 validation score.","False","True","Not established","ESCO skills inherited from one primary occupation. Essential/optional refers to ESCO, not a verified Malaysian requirement.","","https://www.dosm.gov.my/uploads/content-downloads/file_20220920110308.pdf#page=378","http://data.europa.eu/esco/occupation/76bded28-876a-40b2-9efb-3123c8f14cf6","M321401","321401","Dental Technician","https://emasco.mohr.gov.my/masco/3214-01","2020","exact_normalized_title","high","378","https://www.dosm.gov.my/uploads/content-downloads/file_20220920110308.pdf#page=378","Current eMASCO D11 profile inherited for a MASCO 2020 identity; not 2020-specific task evidence; test only.","close_match","high","M321401","False","Original current-role title, not the remapped 2020 title; retained for comparison only."
"M321404","Orthotist","321404","3214","3214.3","prosthetist-orthotist","http://data.europa.eu/esco/occupation/929b5c9d-2fbf-44f2-980d-2ac6c0dc212f","close_match","medium","ESCO alternate title matches the cleaned MASCO title; national qualifications and full task scope are not assumed equivalent.","test_only_project_mapping_not_human_validated","False","3214-04","3214","","","","3214.3","unique_exact_alternate_title_same_isco_group","retained_mapping","project_close_match","reviewed_existing_or_retrieved_candidate","ReRouteHer project-derived; NOT an official MASCO-ESCO crosswalk","exact_alternate_label","1","Inherited current-role retrieval score; not a probability or a new MASCO 2020 validation score.","True","True","Not established","ESCO skills inherited from one primary occupation. Essential/optional refers to ESCO, not a verified Malaysian requirement.","","https://www.dosm.gov.my/uploads/content-downloads/file_20220920110308.pdf#page=378","http://data.europa.eu/esco/occupation/929b5c9d-2fbf-44f2-980d-2ac6c0dc212f","M321402","321402","Orthotist","https://emasco.mohr.gov.my/masco/3214-02","2020","exact_normalized_title","high","378","https://www.dosm.gov.my/uploads/content-downloads/file_20220920110308.pdf#page=378","Current eMASCO D11 profile inherited for a MASCO 2020 identity; not 2020-specific task evidence; test only.","close_match","medium","M321402","True","Original current-role title, not the remapped 2020 title; retained for comparison only."
"M321502","Prosthetic Technician","321502","3215","2269.15","prosthetic-orthotics technician","http://data.europa.eu/esco/occupation/500b7b14-507c-4c49-816d-c1d0b05b85e4","close_match","medium","Prosthetic and orthotic fabrication technology.","test_only_project_mapping_not_human_validated","False","3215-02","2269","","","","","no_unique_exact_esco_title_match","new_mapping","project_close_match","curated_title_and_duty_decision","ReRouteHer project-derived; NOT an official MASCO-ESCO crosswalk","non_exact_title","0.85","Inherited current-role retrieval score; not a probability or a new MASCO 2020 validation score.","False","True","Not established","ESCO skills inherited from one primary occupation. Essential/optional refers to ESCO, not a verified Malaysian requirement.","","https://www.dosm.gov.my/uploads/content-downloads/file_20220920110308.pdf#page=378","http://data.europa.eu/esco/occupation/500b7b14-507c-4c49-816d-c1d0b05b85e4","M321501","321501","Prosthetic Technician","https://emasco.mohr.gov.my/masco/3215-01","2020","exact_normalized_title","high","378","https://www.dosm.gov.my/uploads/content-downloads/file_20220920110308.pdf#page=378","Current eMASCO D11 profile inherited for a MASCO 2020 identity; not 2020-specific task evidence; test only.","close_match","medium","M321501","False","Original current-role title, not the remapped 2020 title; retained for comparison only."
"M321503","Medical Technician Grade U19","321503","3215","3114.1.5","medical device engineering technician","http://data.europa.eu/esco/occupation/30641348-f9f2-4fe5-ab8c-fe6ff9931a54","partial_proxy","low","Treatment-accessory fabrication and medical equipment QC; radiotherapy mould-room specialty is absent.","test_only_project_mapping_not_human_validated","False","3215-03","3114","","","","","no_unique_exact_esco_title_match","new_mapping","project_partial_proxy","curated_title_and_duty_decision","ReRouteHer project-derived; NOT an official MASCO-ESCO crosswalk","non_exact_title","0.837209","Inherited current-role retrieval score; not a probability or a new MASCO 2020 validation score.","False","True","Not established","ESCO skills inherited from one primary occupation. Essential/optional refers to ESCO, not a verified Malaysian requirement.","","https://www.dosm.gov.my/uploads/content-downloads/file_20220920110308.pdf#page=378","http://data.europa.eu/esco/occupation/30641348-f9f2-4fe5-ab8c-fe6ff9931a54","M321502","321502","Medical Technician Grade U1","https://emasco.mohr.gov.my/masco/3215-02","2020","grade_reversion","high","378","https://www.dosm.gov.my/uploads/content-downloads/file_20220920110308.pdf#page=378","Current eMASCO D11 profile inherited for a MASCO 2020 identity; not 2020-specific task evidence; test only.","partial_proxy","low","M321502","False","Original current-role title, not the remapped 2020 title; retained for comparison only."
"M322101","Nurse Grade U29","322101","3221","2221.2","nurse responsible for general care","http://data.europa.eu/esco/occupation/8d3e8aaa-791b-4c75-a465-f3f827028f50","broader_proxy","medium","Nursing-care occupation; Malaysian registration/grade and practical-nurse scope must be checked locally.","test_only_project_mapping_not_human_validated","False","3221-01","2221","","","","","no_unique_exact_esco_title_match","new_mapping","project_broader_proxy","curated_title_and_duty_decision","ReRouteHer project-derived; NOT an official MASCO-ESCO crosswalk","non_exact_title","0.666667","Inherited current-role retrieval score; not a probability or a new MASCO 2020 validation score.","False","True","Not established","ESCO skills inherited from one primary occupation. Essential/optional refers to ESCO, not a verified Malaysian requirement.","","https://www.dosm.gov.my/uploads/content-downloads/file_20220920110308.pdf#page=378","http://data.europa.eu/esco/occupation/8d3e8aaa-791b-4c75-a465-f3f827028f50","M322102","322102","Nurse Grade U5","https://emasco.mohr.gov.my/masco/3221-02","2020","grade_reversion","high","378","https://www.dosm.gov.my/uploads/content-downloads/file_20220920110308.pdf#page=378","Current eMASCO D11 profile inherited for a MASCO 2020 identity; not 2020-specific task evidence; test only.","broader_proxy","medium","M322102","False","Original current-role title, not the remapped 2020 title; retained for comparison only."
"M322104","Practical Nurse","322104","3221","2221.2","nurse responsible for general care","http://data.europa.eu/esco/occupation/8d3e8aaa-791b-4c75-a465-f3f827028f50","broader_proxy","medium","Nursing-care occupation; Malaysian registration/grade and practical-nurse scope must be checked locally.","test_only_project_mapping_not_human_validated","False","3221-04","2221","","","","","no_unique_exact_esco_title_match","new_mapping","project_broader_proxy","curated_title_and_duty_decision","ReRouteHer project-derived; NOT an official MASCO-ESCO crosswalk","non_exact_title","0.896552","Inherited current-role retrieval score; not a probability or a new MASCO 2020 validation score.","False","True","Not established","ESCO skills inherited from one primary occupation. Essential/optional refers to ESCO, not a verified Malaysian requirement.","","https://www.dosm.gov.my/uploads/content-downloads/file_20220920110308.pdf#page=378","http://data.europa.eu/esco/occupation/8d3e8aaa-791b-4c75-a465-f3f827028f50","M322101","322101","Practical Nurse","https://emasco.mohr.gov.my/masco/3221-01","2020","exact_normalized_title","high","378","https://www.dosm.gov.my/uploads/content-downloads/file_20220920110308.pdf#page=378","Current eMASCO D11 profile inherited for a MASCO 2020 identity; not 2020-specific task evidence; test only.","broader_proxy","medium","M322101","False","Original current-role title, not the remapped 2020 title; retained for comparison only."
"M324103","Veterinary Biotech Research Technician","324103","3241","3141.1","biotechnical technician","http://data.europa.eu/esco/occupation/0da75680-fbf9-44d8-802a-ac12eb425a34","broader_proxy","medium","Biotechnology research/production technical support; veterinary products and animal context need enrichment.","test_only_project_mapping_not_human_validated","False","3241-03","3141","","","","","no_unique_exact_esco_title_match","new_mapping","project_broader_proxy","curated_title_and_duty_decision","ReRouteHer project-derived; NOT an official MASCO-ESCO crosswalk","non_exact_title","0.622951","Inherited current-role retrieval score; not a probability or a new MASCO 2020 validation score.","False","True","Not established","ESCO skills inherited from one primary occupation. Essential/optional refers to ESCO, not a verified Malaysian requirement.","","https://www.dosm.gov.my/uploads/content-downloads/file_20220920110308.pdf#page=378","http://data.europa.eu/esco/occupation/0da75680-fbf9-44d8-802a-ac12eb425a34","M324101","324101","Veterinary Biotech Research Technician","https://emasco.mohr.gov.my/masco/3241-01","2020","exact_normalized_title","high","378","https://www.dosm.gov.my/uploads/content-downloads/file_20220920110308.pdf#page=378","Current eMASCO D11 profile inherited for a MASCO 2020 identity; not 2020-specific task evidence; test only.","broader_proxy","medium","M324101","False","Original current-role title, not the remapped 2020 title; retained for comparison only."
"M324107","Veterinary Artificial Inseminator","324107","3241","3240.2.1","animal artificial insemination technician","http://data.europa.eu/esco/occupation/15cc27b1-7358-48ed-9fb8-69ffe9f1fc98","partial_proxy","low","Title/duty comparison supports this primary proxy, but occupational breadth, specialisation or seniority may differ. See both source profiles in the evidence table.","test_only_project_mapping_not_human_validated","False","3241-07","3240","","","","","no_unique_exact_esco_title_match","new_mapping","project_partial_proxy","reviewed_existing_or_retrieved_candidate","ReRouteHer project-derived; NOT an official MASCO-ESCO crosswalk","non_exact_title","0.8","Inherited current-role retrieval score; not a probability or a new MASCO 2020 validation score.","False","True","Not established","ESCO skills inherited from one primary occupation. Essential/optional refers to ESCO, not a verified Malaysian requirement.","","https://www.dosm.gov.my/uploads/content-downloads/file_20220920110308.pdf#page=378","http://data.europa.eu/esco/occupation/15cc27b1-7358-48ed-9fb8-69ffe9f1fc98","M324102","324102","Veterinary Artificial Inseminator","https://emasco.mohr.gov.my/masco/3241-02","2020","exact_normalized_title","high","378","https://www.dosm.gov.my/uploads/content-downloads/file_20220920110308.pdf#page=378","Current eMASCO D11 profile inherited for a MASCO 2020 identity; not 2020-specific task evidence; test only.","partial_proxy","low","M324102","False","Original current-role title, not the remapped 2020 title; retained for comparison only."
"M324108","Veterinary Biotech Production Technician","324108","3241","3141.1","biotechnical technician","http://data.europa.eu/esco/occupation/0da75680-fbf9-44d8-802a-ac12eb425a34","broader_proxy","medium","Biotechnology research/production technical support; veterinary products and animal context need enrichment.","test_only_project_mapping_not_human_validated","False","3241-08","3141","","","","","no_unique_exact_esco_title_match","new_mapping","project_broader_proxy","curated_title_and_duty_decision","ReRouteHer project-derived; NOT an official MASCO-ESCO crosswalk","non_exact_title","0.603175","Inherited current-role retrieval score; not a probability or a new MASCO 2020 validation score.","False","True","Not established","ESCO skills inherited from one primary occupation. Essential/optional refers to ESCO, not a verified Malaysian requirement.","","https://www.dosm.gov.my/uploads/content-downloads/file_20220920110308.pdf#page=378","http://data.europa.eu/esco/occupation/0da75680-fbf9-44d8-802a-ac12eb425a34","M324103","324103","Veterinary Biotech Production Technician","https://emasco.mohr.gov.my/masco/3241-03","2020","exact_normalized_title","high","378","https://www.dosm.gov.my/uploads/content-downloads/file_20220920110308.pdf#page=378","Current eMASCO D11 profile inherited for a MASCO 2020 identity; not 2020-specific task evidence; test only.","broader_proxy","medium","M324103","False","Original current-role title, not the remapped 2020 title; retained for comparison only."
"M324109","Veterinary Nurse","324109","3241","3240.2.4","veterinary nurse","http://data.europa.eu/esco/occupation/24f1eb3a-e99c-4c38-9bda-ba2ba6bf9fa4","close_match","high","Preferred occupation title matches after removing Malaysian grade/competency wrappers.","test_only_project_mapping_not_human_validated","False","3241-09","3240","","","","","no_unique_exact_esco_title_match","new_mapping","project_close_match","unique_cleaned_preferred_label","ReRouteHer project-derived; NOT an official MASCO-ESCO crosswalk","exact_preferred_label","1","Inherited current-role retrieval score; not a probability or a new MASCO 2020 validation score.","False","True","Not established","ESCO skills inherited from one primary occupation. Essential/optional refers to ESCO, not a verified Malaysian requirement.","","https://www.dosm.gov.my/uploads/content-downloads/file_20220920110308.pdf#page=378","http://data.europa.eu/esco/occupation/24f1eb3a-e99c-4c38-9bda-ba2ba6bf9fa4","M324104","324104","Veterinary Nurse","https://emasco.mohr.gov.my/masco/3241-04","2020","exact_normalized_title","high","378","https://www.dosm.gov.my/uploads/content-downloads/file_20220920110308.pdf#page=378","Current eMASCO D11 profile inherited for a MASCO 2020 identity; not 2020-specific task evidence; test only.","close_match","high","M324104","False","Original current-role title, not the remapped 2020 title; retained for comparison only."
"M324110","Assistant Veterinary Officer Grade G29","324110","3241","3240.2","veterinary technician","http://data.europa.eu/esco/occupation/99ebf2c2-1811-4c77-b2e6-7008cba29ea0","broader_proxy","medium","Veterinary technical assistance; government grade differs.","test_only_project_mapping_not_human_validated","False","3241-10","3240","","","","","no_unique_exact_esco_title_match","new_mapping","project_broader_proxy","curated_title_and_duty_decision","ReRouteHer project-derived; NOT an official MASCO-ESCO crosswalk","non_exact_title","0.541667","Inherited current-role retrieval score; not a probability or a new MASCO 2020 validation score.","False","True","Not established","ESCO skills inherited from one primary occupation. Essential/optional refers to ESCO, not a verified Malaysian requirement.","","https://www.dosm.gov.my/uploads/content-downloads/file_20220920110308.pdf#page=378","http://data.europa.eu/esco/occupation/99ebf2c2-1811-4c77-b2e6-7008cba29ea0","M324107","324107","Assistant Veterinary Officer Grade G5","https://emasco.mohr.gov.my/masco/3241-07","2020","grade_reversion","high","378","https://www.dosm.gov.my/uploads/content-downloads/file_20220920110308.pdf#page=378","Current eMASCO D11 profile inherited for a MASCO 2020 identity; not 2020-specific task evidence; test only.","broader_proxy","medium","M324107","False","Original current-role title, not the remapped 2020 title; retained for comparison only."
"M325101","Dental Surgery Assistant Grade U19","325101","3251","3251.1","dental chairside assistant","http://data.europa.eu/esco/occupation/bdc74965-1d1a-4f8e-a490-9cf71f494e02","partial_proxy","low","Title/duty comparison supports this primary proxy, but occupational breadth, specialisation or seniority may differ. See both source profiles in the evidence table.","test_only_project_mapping_not_human_validated","False","3251-01","3251","","","","","no_unique_exact_esco_title_match","new_mapping","project_partial_proxy","reviewed_existing_or_retrieved_candidate","ReRouteHer project-derived; NOT an official MASCO-ESCO crosswalk","non_exact_title","0.8","Inherited current-role retrieval score; not a probability or a new MASCO 2020 validation score.","True","True","Not established","ESCO skills inherited from one primary occupation. Essential/optional refers to ESCO, not a verified Malaysian requirement.","","https://www.dosm.gov.my/uploads/content-downloads/file_20220920110308.pdf#page=378","http://data.europa.eu/esco/occupation/bdc74965-1d1a-4f8e-a490-9cf71f494e02","M325103","325103","Dental Surgery Assistant Grade U1","https://emasco.mohr.gov.my/masco/3251-03","2020","grade_reversion","high","378","https://www.dosm.gov.my/uploads/content-downloads/file_20220920110308.pdf#page=378","Current eMASCO D11 profile inherited for a MASCO 2020 identity; not 2020-specific task evidence; test only.","partial_proxy","low","M325103","True","Original current-role title, not the remapped 2020 title; retained for comparison only."
"M325105","Dental Assistant","325105","3251","3251.1","dental chairside assistant","http://data.europa.eu/esco/occupation/bdc74965-1d1a-4f8e-a490-9cf71f494e02","inherited_test_proxy","low","Inherited current-role ESCO assignment, not independently revalidated for this MASCO 2020 identity. Dental aide/assistant is the same supporting occupation as Dental Assistant; keep the distinct graded dental-surgery assistant separate. Original rationale: Title/duty comparison supports this primary proxy, but occupational breadth, specialisation or seniority may differ. See both source profiles in the evidence table.","test_only_project_mapping_not_human_validated","False","3251-05","3251","","","","","no_unique_exact_esco_title_match","new_mapping","project_partial_proxy","reviewed_existing_or_retrieved_candidate","ReRouteHer project-derived; NOT an official MASCO-ESCO crosswalk","non_exact_title","0.893617","Inherited current-role retrieval score; not a probability or a new MASCO 2020 validation score.","True","True","Not established","ESCO skills inherited from one primary occupation. Essential/optional refers to ESCO, not a verified Malaysian requirement.","","https://www.dosm.gov.my/uploads/content-downloads/file_20220920110308.pdf#page=378","http://data.europa.eu/esco/occupation/bdc74965-1d1a-4f8e-a490-9cf71f494e02","M325101","325101","Dental Aide/Assistant","https://emasco.mohr.gov.my/masco/3251-01","2020","reviewed_functional_equivalent","medium","378","https://www.dosm.gov.my/uploads/content-downloads/file_20220920110308.pdf#page=378","Current eMASCO D11 profile inherited for a MASCO 2020 identity; not 2020-specific task evidence; test only.","partial_proxy","low","M325101","True","Original current-role title, not the remapped 2020 title; retained for comparison only."
"M325106","Dental Hygienist","325106","3251","2261.3","dental hygienist","http://data.europa.eu/esco/occupation/d18deca3-3063-4970-9ddc-e3c70404a28c","close_match","high","Preferred occupation title matches after removing Malaysian grade/competency wrappers.","test_only_project_mapping_not_human_validated","False","3251-06","2261","","","","","no_unique_exact_esco_title_match","new_mapping","project_close_match","unique_cleaned_preferred_label","ReRouteHer project-derived; NOT an official MASCO-ESCO crosswalk","exact_preferred_label","1","Inherited current-role retrieval score; not a probability or a new MASCO 2020 validation score.","False","True","Not established","ESCO skills inherited from one primary occupation. Essential/optional refers to ESCO, not a verified Malaysian requirement.","","https://www.dosm.gov.my/uploads/content-downloads/file_20220920110308.pdf#page=378","http://data.europa.eu/esco/occupation/d18deca3-3063-4970-9ddc-e3c70404a28c","M325102","325102","Dental Hygienist","https://emasco.mohr.gov.my/masco/3251-02","2020","exact_normalized_title","high","378","https://www.dosm.gov.my/uploads/content-downloads/file_20220920110308.pdf#page=378","Current eMASCO D11 profile inherited for a MASCO 2020 identity; not 2020-specific task evidence; test only.","close_match","high","M325102","False","Original current-role title, not the remapped 2020 title; retained for comparison only."
"M325107","Dental Therapist Grade U29","325107","3251","2261.3","dental hygienist","http://data.europa.eu/esco/occupation/d18deca3-3063-4970-9ddc-e3c70404a28c","partial_proxy","low","Preventive oral-health care proxy; Malaysian dental therapists diagnose/treat children beyond a hygienist scope. Do not infer licence equivalence.","test_only_project_mapping_not_human_validated","False","3251-07","2261","","","","","no_unique_exact_esco_title_match","new_mapping","project_partial_proxy","curated_title_and_duty_decision","ReRouteHer project-derived; NOT an official MASCO-ESCO crosswalk","exact_alternate_label","1","Inherited current-role retrieval score; not a probability or a new MASCO 2020 validation score.","False","True","Not established","ESCO skills inherited from one primary occupation. Essential/optional refers to ESCO, not a verified Malaysian requirement.","","https://www.dosm.gov.my/uploads/content-downloads/file_20220920110308.pdf#page=379","http://data.europa.eu/esco/occupation/d18deca3-3063-4970-9ddc-e3c70404a28c","M325104","325104","Dental Therapist Grade U5","https://emasco.mohr.gov.my/masco/3251-04","2020","grade_reversion","high","379","https://www.dosm.gov.my/uploads/content-downloads/file_20220920110308.pdf#page=379","Current eMASCO D11 profile inherited for a MASCO 2020 identity; not 2020-specific task evidence; test only.","partial_proxy","low","M325104","False","Original current-role title, not the remapped 2020 title; retained for comparison only."
"M325302","Community Health Promoter","325302","3253","3253.1","community health worker","http://data.europa.eu/esco/occupation/c7ad889f-10fc-4346-b740-bd479ad82b47","partial_proxy","low","Title/duty comparison supports this primary proxy, but occupational breadth, specialisation or seniority may differ. See both source profiles in the evidence table.","test_only_project_mapping_not_human_validated","False","3253-02","3253","","","","","no_unique_exact_esco_title_match","new_mapping","project_partial_proxy","reviewed_existing_or_retrieved_candidate","ReRouteHer project-derived; NOT an official MASCO-ESCO crosswalk","non_exact_title","0.833333","Inherited current-role retrieval score; not a probability or a new MASCO 2020 validation score.","True","True","Not established","ESCO skills inherited from one primary occupation. Essential/optional refers to ESCO, not a verified Malaysian requirement.","","https://www.dosm.gov.my/uploads/content-downloads/file_20220920110308.pdf#page=379","http://data.europa.eu/esco/occupation/c7ad889f-10fc-4346-b740-bd479ad82b47","M325301","325301","Community Health Promoter","https://emasco.mohr.gov.my/masco/3253-01","2020","exact_normalized_title","high","379","https://www.dosm.gov.my/uploads/content-downloads/file_20220920110308.pdf#page=379","Current eMASCO D11 profile inherited for a MASCO 2020 identity; not 2020-specific task evidence; test only.","partial_proxy","low","M325301","True","Original current-role title, not the remapped 2020 title; retained for comparison only."
"M325304","Village Health Worker","325304","3253","3253.1","community health worker","http://data.europa.eu/esco/occupation/c7ad889f-10fc-4346-b740-bd479ad82b47","partial_proxy","low","Title/duty comparison supports this primary proxy, but occupational breadth, specialisation or seniority may differ. See both source profiles in the evidence table.","test_only_project_mapping_not_human_validated","False","3253-04","3253","","","","","no_unique_exact_esco_title_match","new_mapping","project_partial_proxy","reviewed_existing_or_retrieved_candidate","ReRouteHer project-derived; NOT an official MASCO-ESCO crosswalk","non_exact_title","0.681818","Inherited current-role retrieval score; not a probability or a new MASCO 2020 validation score.","True","True","Not established","ESCO skills inherited from one primary occupation. Essential/optional refers to ESCO, not a verified Malaysian requirement.","","https://www.dosm.gov.my/uploads/content-downloads/file_20220920110308.pdf#page=379","http://data.europa.eu/esco/occupation/c7ad889f-10fc-4346-b740-bd479ad82b47","M325302","325302","Village Health Worker","https://emasco.mohr.gov.my/masco/3253-02","2020","exact_normalized_title","high","379","https://www.dosm.gov.my/uploads/content-downloads/file_20220920110308.pdf#page=379","Current eMASCO D11 profile inherited for a MASCO 2020 identity; not 2020-specific task evidence; test only.","partial_proxy","low","M325302","True","Original current-role title, not the remapped 2020 title; retained for comparison only."
"M325305","Community Nurse Grade U19","325305","3253","3253.1","community health worker","http://data.europa.eu/esco/occupation/c7ad889f-10fc-4346-b740-bd479ad82b47","partial_proxy","low","Community health support; licensed nursing scope is not fully represented.","test_only_project_mapping_not_human_validated","False","3253-05","3253","","","","","no_unique_exact_esco_title_match","new_mapping","project_partial_proxy","curated_title_and_duty_decision","ReRouteHer project-derived; NOT an official MASCO-ESCO crosswalk","non_exact_title","0.8","Inherited current-role retrieval score; not a probability or a new MASCO 2020 validation score.","True","True","Not established","ESCO skills inherited from one primary occupation. Essential/optional refers to ESCO, not a verified Malaysian requirement.","","https://www.dosm.gov.my/uploads/content-downloads/file_20220920110308.pdf#page=379","http://data.europa.eu/esco/occupation/c7ad889f-10fc-4346-b740-bd479ad82b47","M325303","325303","Community Nurse Grade U1","https://emasco.mohr.gov.my/masco/3253-03","2020","grade_reversion","high","379","https://www.dosm.gov.my/uploads/content-downloads/file_20220920110308.pdf#page=379","Current eMASCO D11 profile inherited for a MASCO 2020 identity; not 2020-specific task evidence; test only.","partial_proxy","low","M325303","True","Original current-role title, not the remapped 2020 title; retained for comparison only."
"M325505","Massage Therapist","325505","3255","3255.1","massage therapist","http://data.europa.eu/esco/occupation/9487f835-b5a9-4742-8ecf-35520911e28c","close_match","high","Preferred occupation title matches after removing Malaysian grade/competency wrappers.","test_only_project_mapping_not_human_validated","False","3255-05","3255","","","","3255.1","unique_exact_preferred_title_same_isco_group","retained_mapping","project_close_match","unique_cleaned_preferred_label","ReRouteHer project-derived; NOT an official MASCO-ESCO crosswalk","exact_preferred_label","1","Inherited current-role retrieval score; not a probability or a new MASCO 2020 validation score.","True","True","Not established","ESCO skills inherited from one primary occupation. Essential/optional refers to ESCO, not a verified Malaysian requirement.","","https://www.dosm.gov.my/uploads/content-downloads/file_20220920110308.pdf#page=379","http://data.europa.eu/esco/occupation/9487f835-b5a9-4742-8ecf-35520911e28c","M325501","325501","Massage Therapist","https://emasco.mohr.gov.my/masco/3255-01","2020","exact_normalized_title","high","379","https://www.dosm.gov.my/uploads/content-downloads/file_20220920110308.pdf#page=379","Current eMASCO D11 profile inherited for a MASCO 2020 identity; not 2020-specific task evidence; test only.","close_match","high","M325501","True","Original current-role title, not the remapped 2020 title; retained for comparison only."
"M325506","Physiotherapy Technician","325506","3255","3255.2","physiotherapy assistant","http://data.europa.eu/esco/occupation/f88124d7-ee7e-4d21-9036-0658b496c119","close_match","medium","Physiotherapy technical assistance.","test_only_project_mapping_not_human_validated","False","3255-06","3255","","","","","no_unique_exact_esco_title_match","new_mapping","project_close_match","curated_title_and_duty_decision","ReRouteHer project-derived; NOT an official MASCO-ESCO crosswalk","non_exact_title","0.723404","Inherited current-role retrieval score; not a probability or a new MASCO 2020 validation score.","True","True","Not established","ESCO skills inherited from one primary occupation. Essential/optional refers to ESCO, not a verified Malaysian requirement.","","https://www.dosm.gov.my/uploads/content-downloads/file_20220920110308.pdf#page=379","http://data.europa.eu/esco/occupation/f88124d7-ee7e-4d21-9036-0658b496c119","M325502","325502","Physiotherapy Technician","https://emasco.mohr.gov.my/masco/3255-02","2020","exact_normalized_title","high","379","https://www.dosm.gov.my/uploads/content-downloads/file_20220920110308.pdf#page=379","Current eMASCO D11 profile inherited for a MASCO 2020 identity; not 2020-specific task evidence; test only.","close_match","medium","M325502","True","Original current-role title, not the remapped 2020 title; retained for comparison only."
"M325601","Medical Laboratory Assistant","325601","3256","3212.2","medical laboratory assistant","http://data.europa.eu/esco/occupation/0044c991-c26f-4261-a213-4bd1c0564a4c","close_match","high","Preferred occupation title matches after removing Malaysian grade/competency wrappers.","test_only_project_mapping_not_human_validated","False","3256-01","3212","","","","","no_unique_exact_esco_title_match","new_mapping","project_close_match","unique_cleaned_preferred_label","ReRouteHer project-derived; NOT an official MASCO-ESCO crosswalk","exact_preferred_label","1","Inherited current-role retrieval score; not a probability or a new MASCO 2020 validation score.","False","True","Not established","ESCO skills inherited from one primary occupation. Essential/optional refers to ESCO, not a verified Malaysian requirement.","","https://www.dosm.gov.my/uploads/content-downloads/file_20220920110308.pdf#page=379","http://data.europa.eu/esco/occupation/0044c991-c26f-4261-a213-4bd1c0564a4c","M325601","325601","Medical Laboratory Assistant","https://emasco.mohr.gov.my/masco/3256-01","2020","exact_normalized_title","high","379","https://www.dosm.gov.my/uploads/content-downloads/file_20220920110308.pdf#page=379","Current eMASCO D11 profile inherited for a MASCO 2020 identity; not 2020-specific task evidence; test only.","close_match","high","M325601","False","Original current-role title, not the remapped 2020 title; retained for comparison only."
"M325602","Hospital Assistant","325602","3256","5321.1","healthcare assistant","http://data.europa.eu/esco/occupation/d38c2107-98f2-47b7-8bb4-f69750d51082","partial_proxy","low","Title/duty comparison supports this primary proxy, but occupational breadth, specialisation or seniority may differ. See both source profiles in the evidence table.","test_only_project_mapping_not_human_validated","False","3256-02","5321","","","","","no_unique_exact_esco_title_match","new_mapping","project_partial_proxy","reviewed_existing_or_retrieved_candidate","ReRouteHer project-derived; NOT an official MASCO-ESCO crosswalk","non_exact_title","0.7","Inherited current-role retrieval score; not a probability or a new MASCO 2020 validation score.","False","True","Not established","ESCO skills inherited from one primary occupation. Essential/optional refers to ESCO, not a verified Malaysian requirement.","","https://www.dosm.gov.my/uploads/content-downloads/file_20220920110308.pdf#page=379","http://data.europa.eu/esco/occupation/d38c2107-98f2-47b7-8bb4-f69750d51082","M325602","325602","Hospital Assistant","https://emasco.mohr.gov.my/masco/3256-02","2020","exact_normalized_title","high","379","https://www.dosm.gov.my/uploads/content-downloads/file_20220920110308.pdf#page=379","Current eMASCO D11 profile inherited for a MASCO 2020 identity; not 2020-specific task evidence; test only.","partial_proxy","low","M325602","False","Original current-role title, not the remapped 2020 title; retained for comparison only."
"M325606","Radiographist Equipment, Medical, General","325606","3256","3114.1.5","medical device engineering technician","http://data.europa.eu/esco/occupation/30641348-f9f2-4fe5-ab8c-fe6ff9931a54","inherited_test_proxy","low","Inherited current-role ESCO assignment, not independently revalidated for this MASCO 2020 identity. Current core function is operation of general medical radiographic/diagnostic equipment; use the 2020 general-medical radiographist-equipment occupation, retaining the current wider modality scope as a caveat. Original rationale: Diagnostic equipment technical work; clinical imaging authorization is not inferred.","test_only_project_mapping_not_human_validated","False","3256-06","3114","","","","","no_unique_exact_esco_title_match","new_mapping","project_partial_proxy","curated_title_and_duty_decision","ReRouteHer project-derived; NOT an official MASCO-ESCO crosswalk","non_exact_title","0.716418","Inherited current-role retrieval score; not a probability or a new MASCO 2020 validation score.","False","True","Not established","ESCO skills inherited from one primary occupation. Essential/optional refers to ESCO, not a verified Malaysian requirement.","","https://www.dosm.gov.my/uploads/content-downloads/file_20220920110308.pdf#page=379","http://data.europa.eu/esco/occupation/30641348-f9f2-4fe5-ab8c-fe6ff9931a54","M325603","325603","Diagnostic Imaging Equipment Technician","https://emasco.mohr.gov.my/masco/3256-03","2020","reviewed_functional_equivalent","medium","379","https://www.dosm.gov.my/uploads/content-downloads/file_20220920110308.pdf#page=379","Current eMASCO D11 profile inherited for a MASCO 2020 identity; not 2020-specific task evidence; test only.","partial_proxy","low","M325603","False","Original current-role title, not the remapped 2020 title; retained for comparison only."
"M325611","Sonographer","325611","3256","2269.8.1","diagnostic radiographer","http://data.europa.eu/esco/occupation/7d092380-1c2e-48fe-81de-0d191b4e96d6","broader_proxy","medium","Diagnostic imaging umbrella; ultrasound specialty requires enrichment.","test_only_project_mapping_not_human_validated","False","3256-11","2269","","","","","no_unique_exact_esco_title_match","new_mapping","project_broader_proxy","curated_title_and_duty_decision","ReRouteHer project-derived; NOT an official MASCO-ESCO crosswalk","non_exact_title","0.536585","Inherited current-role retrieval score; not a probability or a new MASCO 2020 validation score.","False","True","Not established","ESCO skills inherited from one primary occupation. Essential/optional refers to ESCO, not a verified Malaysian requirement.","","https://www.dosm.gov.my/uploads/content-downloads/file_20220920110308.pdf#page=379","http://data.europa.eu/esco/occupation/7d092380-1c2e-48fe-81de-0d191b4e96d6","M325604","325604","Sonographer","https://emasco.mohr.gov.my/masco/3256-04","2020","exact_normalized_title","high","379","https://www.dosm.gov.my/uploads/content-downloads/file_20220920110308.pdf#page=379","Current eMASCO D11 profile inherited for a MASCO 2020 identity; not 2020-specific task evidence; test only.","broader_proxy","medium","M325604","False","Original current-role title, not the remapped 2020 title; retained for comparison only."
"M325613","Clinical Instructor","325613","3256","2310.1.28","nursing lecturer","http://data.europa.eu/esco/occupation/1bbaf82c-67ae-4beb-9a55-7298acf5b2af","partial_proxy","low","Clinical health instruction; nursing teaching is narrower than all allied-health clinical instruction.","test_only_project_mapping_not_human_validated","False","3256-13","2310","","","","","no_unique_exact_esco_title_match","new_mapping","project_partial_proxy","curated_title_and_duty_decision","ReRouteHer project-derived; NOT an official MASCO-ESCO crosswalk","non_exact_title","0.702703","Inherited current-role retrieval score; not a probability or a new MASCO 2020 validation score.","False","True","Not established","ESCO skills inherited from one primary occupation. Essential/optional refers to ESCO, not a verified Malaysian requirement.","","https://www.dosm.gov.my/uploads/content-downloads/file_20220920110308.pdf#page=379","http://data.europa.eu/esco/occupation/1bbaf82c-67ae-4beb-9a55-7298acf5b2af","M325605","325605","Clinical Instructor","https://emasco.mohr.gov.my/masco/3256-05","2020","exact_normalized_title","high","379","https://www.dosm.gov.my/uploads/content-downloads/file_20220920110308.pdf#page=379","Current eMASCO D11 profile inherited for a MASCO 2020 identity; not 2020-specific task evidence; test only.","partial_proxy","low","M325605","False","Original current-role title, not the remapped 2020 title; retained for comparison only."
"M325614","Ophthalmic Assistant","325614","3256","3256.1","doctors' surgery assistant","http://data.europa.eu/esco/occupation/0c041d1e-1841-4acb-b0a1-2c387a61bf65","close_match","medium","ESCO alternate title matches the cleaned MASCO title; national qualifications and full task scope are not assumed equivalent.","test_only_project_mapping_not_human_validated","False","3256-14","3256","","","","3256.1","unique_exact_alternate_title_same_isco_group","retained_mapping","project_close_match","reviewed_existing_or_retrieved_candidate","ReRouteHer project-derived; NOT an official MASCO-ESCO crosswalk","exact_alternate_label","1","Inherited current-role retrieval score; not a probability or a new MASCO 2020 validation score.","True","True","Not established","ESCO skills inherited from one primary occupation. Essential/optional refers to ESCO, not a verified Malaysian requirement.","","https://www.dosm.gov.my/uploads/content-downloads/file_20220920110308.pdf#page=379","http://data.europa.eu/esco/occupation/0c041d1e-1841-4acb-b0a1-2c387a61bf65","M325606","325606","Ophthalmic Assistant","https://emasco.mohr.gov.my/masco/3256-06","2020","exact_normalized_title","high","379","https://www.dosm.gov.my/uploads/content-downloads/file_20220920110308.pdf#page=379","Current eMASCO D11 profile inherited for a MASCO 2020 identity; not 2020-specific task evidence; test only.","close_match","medium","M325606","True","Original current-role title, not the remapped 2020 title; retained for comparison only."
"M325615","Assistant Medical Officer Grade U29","325615","3256","3258.2","paramedic in emergency responses","http://data.europa.eu/esco/occupation/0b5dfc02-b825-4445-811d-d39ed442657e","partial_proxy","low","Clinical paramedic-level assessment/treatment proxy; Malaysian assistant medical officer scope is distinct.","test_only_project_mapping_not_human_validated","False","3256-15","3258","","","","","no_unique_exact_esco_title_match","new_mapping","project_partial_proxy","curated_title_and_duty_decision","ReRouteHer project-derived; NOT an official MASCO-ESCO crosswalk","non_exact_title","0.468085","Inherited current-role retrieval score; not a probability or a new MASCO 2020 validation score.","False","True","Not established","ESCO skills inherited from one primary occupation. Essential/optional refers to ESCO, not a verified Malaysian requirement.","","https://www.dosm.gov.my/uploads/content-downloads/file_20220920110308.pdf#page=379","http://data.europa.eu/esco/occupation/0b5dfc02-b825-4445-811d-d39ed442657e","M325607","325607","Assistant Medical Officer Grade U5","https://emasco.mohr.gov.my/masco/3256-07","2020","grade_reversion","high","379","https://www.dosm.gov.my/uploads/content-downloads/file_20220920110308.pdf#page=379","Current eMASCO D11 profile inherited for a MASCO 2020 identity; not 2020-specific task evidence; test only.","partial_proxy","low","M325607","False","Original current-role title, not the remapped 2020 title; retained for comparison only."
"M325703","Public Health Unit Inspector","325703","3257","3257.1","environmental health inspector","http://data.europa.eu/esco/occupation/a092cb70-f3e3-4224-98a3-b97c0114de77","partial_proxy","low","Title/duty comparison supports this primary proxy, but occupational breadth, specialisation or seniority may differ. See both source profiles in the evidence table.","test_only_project_mapping_not_human_validated","False","3257-03","3257","","","","","no_unique_exact_esco_title_match","new_mapping","project_partial_proxy","reviewed_existing_or_retrieved_candidate","ReRouteHer project-derived; NOT an official MASCO-ESCO crosswalk","non_exact_title","0.901961","Inherited current-role retrieval score; not a probability or a new MASCO 2020 validation score.","True","True","Not established","ESCO skills inherited from one primary occupation. Essential/optional refers to ESCO, not a verified Malaysian requirement.","","https://www.dosm.gov.my/uploads/content-downloads/file_20220920110308.pdf#page=379","http://data.europa.eu/esco/occupation/a092cb70-f3e3-4224-98a3-b97c0114de77","M325701","325701","Public Health Unit Inspector","https://emasco.mohr.gov.my/masco/3257-01","2020","exact_normalized_title","high","379","https://www.dosm.gov.my/uploads/content-downloads/file_20220920110308.pdf#page=379","Current eMASCO D11 profile inherited for a MASCO 2020 identity; not 2020-specific task evidence; test only.","partial_proxy","low","M325701","True","Original current-role title, not the remapped 2020 title; retained for comparison only."
"M325705","Occupational Safety and Health Inspector","325705","3257","3257.5","occupational health and safety inspector","http://data.europa.eu/esco/occupation/673f3266-ab1a-447d-9b28-fc5838dc07e3","partial_proxy","low","Title/duty comparison supports this primary proxy, but occupational breadth, specialisation or seniority may differ. See both source profiles in the evidence table.","test_only_project_mapping_not_human_validated","False","3257-05","3257","","","","","no_unique_exact_esco_title_match","new_mapping","project_partial_proxy","reviewed_existing_or_retrieved_candidate","ReRouteHer project-derived; NOT an official MASCO-ESCO crosswalk","non_exact_title","0.725","Inherited current-role retrieval score; not a probability or a new MASCO 2020 validation score.","True","True","Not established","ESCO skills inherited from one primary occupation. Essential/optional refers to ESCO, not a verified Malaysian requirement.","","https://www.dosm.gov.my/uploads/content-downloads/file_20220920110308.pdf#page=379","http://data.europa.eu/esco/occupation/673f3266-ab1a-447d-9b28-fc5838dc07e3","M325702","325702","Occupational Safety and Health Inspector","https://emasco.mohr.gov.my/masco/3257-02","2020","exact_normalized_title","high","379","https://www.dosm.gov.my/uploads/content-downloads/file_20220920110308.pdf#page=379","Current eMASCO D11 profile inherited for a MASCO 2020 identity; not 2020-specific task evidence; test only.","partial_proxy","low","M325702","True","Original current-role title, not the remapped 2020 title; retained for comparison only."
"M325712","Product Quality Inspector","325712","3257","7543.10","product quality inspector","http://data.europa.eu/esco/occupation/61d9270c-491d-438d-8d41-77ba2e0ef023","close_match","high","Preferred occupation title matches after removing Malaysian grade/competency wrappers.","test_only_project_mapping_not_human_validated","False","3257-12","7543","","","","","no_unique_exact_esco_title_match","new_mapping","project_close_match","unique_cleaned_preferred_label","ReRouteHer project-derived; NOT an official MASCO-ESCO crosswalk","exact_preferred_label","1","Inherited current-role retrieval score; not a probability or a new MASCO 2020 validation score.","False","True","Not established","ESCO skills inherited from one primary occupation. Essential/optional refers to ESCO, not a verified Malaysian requirement.","","https://www.dosm.gov.my/uploads/content-downloads/file_20220920110308.pdf#page=380","http://data.europa.eu/esco/occupation/61d9270c-491d-438d-8d41-77ba2e0ef023","M325703","325703","Product Quality Inspector","https://emasco.mohr.gov.my/masco/3257-03","2020","exact_normalized_title","high","380","https://www.dosm.gov.my/uploads/content-downloads/file_20220920110308.pdf#page=380","Current eMASCO D11 profile inherited for a MASCO 2020 identity; not 2020-specific task evidence; test only.","close_match","high","M325703","False","Original current-role title, not the remapped 2020 title; retained for comparison only."
"M325735","Water Inspector","325735","3257","2133.13","water quality analyst","http://data.europa.eu/esco/occupation/28742973-c452-4996-b070-440e437306dc","partial_proxy","low","Water quality sampling/analysis; inspection authority needs local enrichment.","test_only_project_mapping_not_human_validated","False","3257-35","2133","","","","","no_unique_exact_esco_title_match","new_mapping","project_partial_proxy","curated_title_and_duty_decision","ReRouteHer project-derived; NOT an official MASCO-ESCO crosswalk","non_exact_title","0.789474","Inherited current-role retrieval score; not a probability or a new MASCO 2020 validation score.","False","True","Not established","ESCO skills inherited from one primary occupation. Essential/optional refers to ESCO, not a verified Malaysian requirement.","","https://www.dosm.gov.my/uploads/content-downloads/file_20220920110308.pdf#page=380","http://data.europa.eu/esco/occupation/28742973-c452-4996-b070-440e437306dc","M325704","325704","Water Inspector","https://emasco.mohr.gov.my/masco/3257-04","2020","exact_normalized_title","high","380","https://www.dosm.gov.my/uploads/content-downloads/file_20220920110308.pdf#page=380","Current eMASCO D11 profile inherited for a MASCO 2020 identity; not 2020-specific task evidence; test only.","partial_proxy","low","M325704","False","Original current-role title, not the remapped 2020 title; retained for comparison only."
"M325736","Mine Safety Inspector","325736","3257","3117.4","mine safety officer","http://data.europa.eu/esco/occupation/f83f19ca-b816-484a-b8be-92b7785121ea","close_match","medium","ESCO alternate title matches the cleaned MASCO title; national qualifications and full task scope are not assumed equivalent.","test_only_project_mapping_not_human_validated","False","3257-36","3117","","","","","no_unique_exact_esco_title_match","new_mapping","project_close_match","reviewed_existing_or_retrieved_candidate","ReRouteHer project-derived; NOT an official MASCO-ESCO crosswalk","exact_alternate_label","1","Inherited current-role retrieval score; not a probability or a new MASCO 2020 validation score.","False","True","Not established","ESCO skills inherited from one primary occupation. Essential/optional refers to ESCO, not a verified Malaysian requirement.","","https://www.dosm.gov.my/uploads/content-downloads/file_20220920110308.pdf#page=380","http://data.europa.eu/esco/occupation/f83f19ca-b816-484a-b8be-92b7785121ea","M325705","325705","Mine Safety Inspector","https://emasco.mohr.gov.my/masco/3257-05","2020","exact_normalized_title","high","380","https://www.dosm.gov.my/uploads/content-downloads/file_20220920110308.pdf#page=380","Current eMASCO D11 profile inherited for a MASCO 2020 identity; not 2020-specific task evidence; test only.","close_match","medium","M325705","False","Original current-role title, not the remapped 2020 title; retained for comparison only."
"M325737","Mine Examiner","325737","3257","3117.4","mine safety officer","http://data.europa.eu/esco/occupation/f83f19ca-b816-484a-b8be-92b7785121ea","partial_proxy","low","Title/duty comparison supports this primary proxy, but occupational breadth, specialisation or seniority may differ. See both source profiles in the evidence table.","test_only_project_mapping_not_human_validated","False","3257-37","3117","","","","","no_unique_exact_esco_title_match","new_mapping","project_partial_proxy","reviewed_existing_or_retrieved_candidate","ReRouteHer project-derived; NOT an official MASCO-ESCO crosswalk","non_exact_title","0.666667","Inherited current-role retrieval score; not a probability or a new MASCO 2020 validation score.","False","True","Not established","ESCO skills inherited from one primary occupation. Essential/optional refers to ESCO, not a verified Malaysian requirement.","","https://www.dosm.gov.my/uploads/content-downloads/file_20220920110308.pdf#page=380","http://data.europa.eu/esco/occupation/f83f19ca-b816-484a-b8be-92b7785121ea","M325706","325706","Mine Examiner","https://emasco.mohr.gov.my/masco/3257-06","2020","exact_normalized_title","high","380","https://www.dosm.gov.my/uploads/content-downloads/file_20220920110308.pdf#page=380","Current eMASCO D11 profile inherited for a MASCO 2020 identity; not 2020-specific task evidence; test only.","partial_proxy","low","M325706","False","Original current-role title, not the remapped 2020 title; retained for comparison only."
"M325747","Assistant Food Technology Officer Grade C29","325747","3257","3119.5","food technician","http://data.europa.eu/esco/occupation/afee6a28-f654-4ac7-a665-f758616bc689","close_match","medium","Food technology technical assistance.","test_only_project_mapping_not_human_validated","False","3257-47","3119","","","","","no_unique_exact_esco_title_match","new_mapping","project_close_match","curated_title_and_duty_decision","ReRouteHer project-derived; NOT an official MASCO-ESCO crosswalk","non_exact_title","0.654545","Inherited current-role retrieval score; not a probability or a new MASCO 2020 validation score.","False","True","Not established","ESCO skills inherited from one primary occupation. Essential/optional refers to ESCO, not a verified Malaysian requirement.","","https://www.dosm.gov.my/uploads/content-downloads/file_20220920110308.pdf#page=380","http://data.europa.eu/esco/occupation/afee6a28-f654-4ac7-a665-f758616bc689","M325707","325707","Assistant Food Technology Officer Grade C5","https://emasco.mohr.gov.my/masco/3257-07","2020","grade_reversion","high","380","https://www.dosm.gov.my/uploads/content-downloads/file_20220920110308.pdf#page=380","Current eMASCO D11 profile inherited for a MASCO 2020 identity; not 2020-specific task evidence; test only.","close_match","medium","M325707","False","Original current-role title, not the remapped 2020 title; retained for comparison only."
"M325748","Assistant Environmental Health Officer Grade U29","325748","3257","3257.1","environmental health inspector","http://data.europa.eu/esco/occupation/a092cb70-f3e3-4224-98a3-b97c0114de77","partial_proxy","low","Title/duty comparison supports this primary proxy, but occupational breadth, specialisation or seniority may differ. See both source profiles in the evidence table.","test_only_project_mapping_not_human_validated","False","3257-48","3257","","","","","no_unique_exact_esco_title_match","new_mapping","project_partial_proxy","reviewed_existing_or_retrieved_candidate","ReRouteHer project-derived; NOT an official MASCO-ESCO crosswalk","non_exact_title","0.676471","Inherited current-role retrieval score; not a probability or a new MASCO 2020 validation score.","True","True","Not established","ESCO skills inherited from one primary occupation. Essential/optional refers to ESCO, not a verified Malaysian requirement.","","https://www.dosm.gov.my/uploads/content-downloads/file_20220920110308.pdf#page=380","http://data.europa.eu/esco/occupation/a092cb70-f3e3-4224-98a3-b97c0114de77","M325708","325708","Assistant Environmental Health Officer Grade U5","https://emasco.mohr.gov.my/masco/3257-08","2020","grade_reversion","high","380","https://www.dosm.gov.my/uploads/content-downloads/file_20220920110308.pdf#page=380","Current eMASCO D11 profile inherited for a MASCO 2020 identity; not 2020-specific task evidence; test only.","partial_proxy","low","M325708","True","Original current-role title, not the remapped 2020 title; retained for comparison only."
"M325749","Assistant Environmental Control Officer Grade C29","325749","3257","2133.15","environmental technician","http://data.europa.eu/esco/occupation/e8461d2e-3d75-477c-93a2-ea8d342bb55b","partial_proxy","low","Environmental monitoring support; statutory inspection/prosecution duties are not fully represented.","test_only_project_mapping_not_human_validated","False","3257-49","2133","","","","","no_unique_exact_esco_title_match","new_mapping","project_partial_proxy","curated_title_and_duty_decision","ReRouteHer project-derived; NOT an official MASCO-ESCO crosswalk","non_exact_title","0.578947","Inherited current-role retrieval score; not a probability or a new MASCO 2020 validation score.","False","True","Not established","ESCO skills inherited from one primary occupation. Essential/optional refers to ESCO, not a verified Malaysian requirement.","","https://www.dosm.gov.my/uploads/content-downloads/file_20220920110308.pdf#page=380","http://data.europa.eu/esco/occupation/e8461d2e-3d75-477c-93a2-ea8d342bb55b","M325709","325709","Assistant Environmental Control Officer Grade C5","https://emasco.mohr.gov.my/masco/3257-09","2020","grade_reversion","high","380","https://www.dosm.gov.my/uploads/content-downloads/file_20220920110308.pdf#page=380","Current eMASCO D11 profile inherited for a MASCO 2020 identity; not 2020-specific task evidence; test only.","partial_proxy","low","M325709","False","Original current-role title, not the remapped 2020 title; retained for comparison only."
"M325802","Ambulance Officer","325802","3258","3258.2","paramedic in emergency responses","http://data.europa.eu/esco/occupation/0b5dfc02-b825-4445-811d-d39ed442657e","broader_proxy","medium","Ambulance clinical/emergency care; local officer role may differ.","test_only_project_mapping_not_human_validated","False","3258-02","3258","","","","","no_unique_exact_esco_title_match","new_mapping","project_broader_proxy","curated_title_and_duty_decision","ReRouteHer project-derived; NOT an official MASCO-ESCO crosswalk","non_exact_title","0.666667","Inherited current-role retrieval score; not a probability or a new MASCO 2020 validation score.","True","True","Not established","ESCO skills inherited from one primary occupation. Essential/optional refers to ESCO, not a verified Malaysian requirement.","","https://www.dosm.gov.my/uploads/content-downloads/file_20220920110308.pdf#page=380","http://data.europa.eu/esco/occupation/0b5dfc02-b825-4445-811d-d39ed442657e","M325801","325801","Ambulance Officer","https://emasco.mohr.gov.my/masco/3258-01","2020","exact_normalized_title","high","380","https://www.dosm.gov.my/uploads/content-downloads/file_20220920110308.pdf#page=380","Current eMASCO D11 profile inherited for a MASCO 2020 identity; not 2020-specific task evidence; test only.","broader_proxy","medium","M325801","True","Original current-role title, not the remapped 2020 title; retained for comparison only."
"M325805","Emergency Paramedic","325805","3258","3258.2","paramedic in emergency responses","http://data.europa.eu/esco/occupation/0b5dfc02-b825-4445-811d-d39ed442657e","partial_proxy","low","Title/duty comparison supports this primary proxy, but occupational breadth, specialisation or seniority may differ. See both source profiles in the evidence table.","test_only_project_mapping_not_human_validated","False","3258-05","3258","","","","","no_unique_exact_esco_title_match","new_mapping","project_partial_proxy","reviewed_existing_or_retrieved_candidate","ReRouteHer project-derived; NOT an official MASCO-ESCO crosswalk","non_exact_title","0.808511","Inherited current-role retrieval score; not a probability or a new MASCO 2020 validation score.","True","True","Not established","ESCO skills inherited from one primary occupation. Essential/optional refers to ESCO, not a verified Malaysian requirement.","","https://www.dosm.gov.my/uploads/content-downloads/file_20220920110308.pdf#page=380","http://data.europa.eu/esco/occupation/0b5dfc02-b825-4445-811d-d39ed442657e","M325802","325802","Emergency Paramedic","https://emasco.mohr.gov.my/masco/3258-02","2020","exact_normalized_title","high","380","https://www.dosm.gov.my/uploads/content-downloads/file_20220920110308.pdf#page=380","Current eMASCO D11 profile inherited for a MASCO 2020 identity; not 2020-specific task evidence; test only.","partial_proxy","low","M325802","True","Original current-role title, not the remapped 2020 title; retained for comparison only."
"M331401","Assistant Statistics Officer Grade E29","331401","3314","3314.2","statistical assistant","http://data.europa.eu/esco/occupation/d2e63d7e-2605-4af1-bb7d-b1ed9ad08825","partial_proxy","low","Title/duty comparison supports this primary proxy, but occupational breadth, specialisation or seniority may differ. See both source profiles in the evidence table.","test_only_project_mapping_not_human_validated","False","3314-01","3314","","","","","no_unique_exact_esco_title_match","new_mapping","project_partial_proxy","reviewed_existing_or_retrieved_candidate","ReRouteHer project-derived; NOT an official MASCO-ESCO crosswalk","non_exact_title","0.638298","Inherited current-role retrieval score; not a probability or a new MASCO 2020 validation score.","True","True","Not established","ESCO skills inherited from one primary occupation. Essential/optional refers to ESCO, not a verified Malaysian requirement.","","https://www.dosm.gov.my/uploads/content-downloads/file_20220920110308.pdf#page=381","http://data.europa.eu/esco/occupation/d2e63d7e-2605-4af1-bb7d-b1ed9ad08825","M331401","331401","Assistant Statistics Officer Grade E5","https://emasco.mohr.gov.my/masco/3314-01","2020","grade_reversion","high","381","https://www.dosm.gov.my/uploads/content-downloads/file_20220920110308.pdf#page=381","Current eMASCO D11 profile inherited for a MASCO 2020 identity; not 2020-specific task evidence; test only.","partial_proxy","low","M331401","True","Original current-role title, not the remapped 2020 title; retained for comparison only."
"M351101","Computer Technician Grade FT19","351101","3511","7422.2","computer hardware repair technician","http://data.europa.eu/esco/occupation/b7aa4b4e-dbb6-4f58-b36c-35b9a7267972","close_match","medium","ESCO alternate title matches the cleaned MASCO title; national qualifications and full task scope are not assumed equivalent.","test_only_project_mapping_not_human_validated","False","3511-01","7422","","","","","no_unique_exact_esco_title_match","new_mapping","project_close_match","reviewed_existing_or_retrieved_candidate","ReRouteHer project-derived; NOT an official MASCO-ESCO crosswalk","exact_alternate_label","1","Inherited current-role retrieval score; not a probability or a new MASCO 2020 validation score.","False","True","Not established","ESCO skills inherited from one primary occupation. Essential/optional refers to ESCO, not a verified Malaysian requirement.","","https://www.dosm.gov.my/uploads/content-downloads/file_20220920110308.pdf#page=384","http://data.europa.eu/esco/occupation/b7aa4b4e-dbb6-4f58-b36c-35b9a7267972","M351107","351107","Computer Technician Grade FT1","https://emasco.mohr.gov.my/masco/3511-07","2020","grade_reversion","high","384","https://www.dosm.gov.my/uploads/content-downloads/file_20220920110308.pdf#page=384","Current eMASCO D11 profile inherited for a MASCO 2020 identity; not 2020-specific task evidence; test only.","close_match","medium","M351107","False","Original current-role title, not the remapped 2020 title; retained for comparison only."
"M351105","Computer Technician","351105","3511","7422.2","computer hardware repair technician","http://data.europa.eu/esco/occupation/b7aa4b4e-dbb6-4f58-b36c-35b9a7267972","close_match","medium","ESCO alternate title matches the cleaned MASCO title; national qualifications and full task scope are not assumed equivalent.","test_only_project_mapping_not_human_validated","False","3511-05","7422","","","","","no_unique_exact_esco_title_match","new_mapping","project_close_match","reviewed_existing_or_retrieved_candidate","ReRouteHer project-derived; NOT an official MASCO-ESCO crosswalk","exact_alternate_label","1","Inherited current-role retrieval score; not a probability or a new MASCO 2020 validation score.","False","True","Not established","ESCO skills inherited from one primary occupation. Essential/optional refers to ESCO, not a verified Malaysian requirement.","","https://www.dosm.gov.my/uploads/content-downloads/file_20220920110308.pdf#page=384","http://data.europa.eu/esco/occupation/b7aa4b4e-dbb6-4f58-b36c-35b9a7267972","M351101","351101","Computer Technician","https://emasco.mohr.gov.my/masco/3511-01","2020","exact_normalized_title","high","384","https://www.dosm.gov.my/uploads/content-downloads/file_20220920110308.pdf#page=384","Current eMASCO D11 profile inherited for a MASCO 2020 identity; not 2020-specific task evidence; test only.","close_match","medium","M351101","False","Original current-role title, not the remapped 2020 title; retained for comparison only."
"M351109","Electronic Data Processing Technician","351109","3511","3511.1","data centre operator","http://data.europa.eu/esco/occupation/9729c0f3-c9bc-482e-ac59-a82ec3b67ba3","broader_proxy","medium","Computer/data-processing operations, not CNC machine operation.","test_only_project_mapping_not_human_validated","False","3511-09","3511","","","","","no_unique_exact_esco_title_match","new_mapping","project_broader_proxy","curated_title_and_duty_decision","ReRouteHer project-derived; NOT an official MASCO-ESCO crosswalk","non_exact_title","0.385965","Inherited current-role retrieval score; not a probability or a new MASCO 2020 validation score.","True","True","Not established","ESCO skills inherited from one primary occupation. Essential/optional refers to ESCO, not a verified Malaysian requirement.","","https://www.dosm.gov.my/uploads/content-downloads/file_20220920110308.pdf#page=384","http://data.europa.eu/esco/occupation/9729c0f3-c9bc-482e-ac59-a82ec3b67ba3","M351102","351102","Electronic Data Processing Technician","https://emasco.mohr.gov.my/masco/3511-02","2020","exact_normalized_title","high","384","https://www.dosm.gov.my/uploads/content-downloads/file_20220920110308.pdf#page=384","Current eMASCO D11 profile inherited for a MASCO 2020 identity; not 2020-specific task evidence; test only.","broader_proxy","medium","M351102","True","Original current-role title, not the remapped 2020 title; retained for comparison only."
"M351113","Semi-Conductor Technician","351113","3511","3114.1.6","microelectronics engineering technician","http://data.europa.eu/esco/occupation/0ea36a48-a27d-4515-b61f-3cab395cf60f","broader_proxy","medium","Semiconductor/microelectronics technical work.","test_only_project_mapping_not_human_validated","False","3511-13","3114","","","","","no_unique_exact_esco_title_match","new_mapping","project_broader_proxy","curated_title_and_duty_decision","ReRouteHer project-derived; NOT an official MASCO-ESCO crosswalk","non_exact_title","0.653846","Inherited current-role retrieval score; not a probability or a new MASCO 2020 validation score.","False","True","Not established","ESCO skills inherited from one primary occupation. Essential/optional refers to ESCO, not a verified Malaysian requirement.","","https://www.dosm.gov.my/uploads/content-downloads/file_20220920110308.pdf#page=385","http://data.europa.eu/esco/occupation/0ea36a48-a27d-4515-b61f-3cab395cf60f","M311404","311404","Semi-Conductor Technician","https://emasco.mohr.gov.my/masco/3114-04","2020","exact_normalized_title","high","385","https://www.dosm.gov.my/uploads/content-downloads/file_20220920110308.pdf#page=385","Current eMASCO D11 profile inherited for a MASCO 2020 identity; not 2020-specific task evidence; test only.","broader_proxy","medium","M311404","True","Original current-role title, not the remapped 2020 title; retained for comparison only."
"M351115","Information Technology Assistant","351115","3511","3512.4","ICT technician","http://data.europa.eu/esco/occupation/3e7bf729-4442-4b9f-ad5e-83111963795c","broader_proxy","medium","ICT user support and system troubleshooting; engineer/officer/assistant rank is not inferred.","test_only_project_mapping_not_human_validated","False","3511-15","3512","","","","","no_unique_exact_esco_title_match","new_mapping","project_broader_proxy","curated_title_and_duty_decision","ReRouteHer project-derived; NOT an official MASCO-ESCO crosswalk","non_exact_title","0.645161","Inherited current-role retrieval score; not a probability or a new MASCO 2020 validation score.","False","True","Not established","ESCO skills inherited from one primary occupation. Essential/optional refers to ESCO, not a verified Malaysian requirement.","","https://www.dosm.gov.my/uploads/content-downloads/file_20220920110308.pdf#page=385","http://data.europa.eu/esco/occupation/3e7bf729-4442-4b9f-ad5e-83111963795c","M351103","351103","Information Technology Assistant","https://emasco.mohr.gov.my/masco/3511-03","2020","exact_normalized_title","high","385","https://www.dosm.gov.my/uploads/content-downloads/file_20220920110308.pdf#page=385","Current eMASCO D11 profile inherited for a MASCO 2020 identity; not 2020-specific task evidence; test only.","broader_proxy","medium","M351103","False","Original current-role title, not the remapped 2020 title; retained for comparison only."
"M351116","Computer Console Operator","351116","3511","3511.1","data centre operator","http://data.europa.eu/esco/occupation/9729c0f3-c9bc-482e-ac59-a82ec3b67ba3","broader_proxy","medium","Computer/data-processing operations, not CNC machine operation.","test_only_project_mapping_not_human_validated","False","3511-16","3511","","","","","no_unique_exact_esco_title_match","new_mapping","project_broader_proxy","curated_title_and_duty_decision","ReRouteHer project-derived; NOT an official MASCO-ESCO crosswalk","non_exact_title","0.622222","Inherited current-role retrieval score; not a probability or a new MASCO 2020 validation score.","True","True","Not established","ESCO skills inherited from one primary occupation. Essential/optional refers to ESCO, not a verified Malaysian requirement.","","https://www.dosm.gov.my/uploads/content-downloads/file_20220920110308.pdf#page=385","http://data.europa.eu/esco/occupation/9729c0f3-c9bc-482e-ac59-a82ec3b67ba3","M351104","351104","Computer Console Operator","https://emasco.mohr.gov.my/masco/3511-04","2020","exact_normalized_title","high","385","https://www.dosm.gov.my/uploads/content-downloads/file_20220920110308.pdf#page=385","Current eMASCO D11 profile inherited for a MASCO 2020 identity; not 2020-specific task evidence; test only.","broader_proxy","medium","M351104","True","Original current-role title, not the remapped 2020 title; retained for comparison only."
"M351123","Engineering Assistant, Telecommunications","351123","3511","3522.1","telecommunications engineering technician","http://data.europa.eu/esco/occupation/d84bf1d7-ef99-40c4-a407-3791d6531b44","broader_proxy","medium","Telecommunications technical support; grade/seniority varies.","test_only_project_mapping_not_human_validated","False","3511-23","3522","","","","","no_unique_exact_esco_title_match","new_mapping","project_broader_proxy","curated_title_and_duty_decision","ReRouteHer project-derived; NOT an official MASCO-ESCO crosswalk","non_exact_title","0.507042","Inherited current-role retrieval score; not a probability or a new MASCO 2020 validation score.","False","True","Not established","ESCO skills inherited from one primary occupation. Essential/optional refers to ESCO, not a verified Malaysian requirement.","","https://www.dosm.gov.my/uploads/content-downloads/file_20220920110308.pdf#page=385","http://data.europa.eu/esco/occupation/d84bf1d7-ef99-40c4-a407-3791d6531b44","M351105","351105","Engineering Assistant (Telecommunications)","https://emasco.mohr.gov.my/masco/3511-05","2020","exact_normalized_title","high","385","https://www.dosm.gov.my/uploads/content-downloads/file_20220920110308.pdf#page=385","Current eMASCO D11 profile inherited for a MASCO 2020 identity; not 2020-specific task evidence; test only.","broader_proxy","medium","M351105","False","Original current-role title, not the remapped 2020 title; retained for comparison only."
"M351124","Supervisor, Management Information Systems","351124","3511","2522.1","ICT system administrator","http://data.europa.eu/esco/occupation/9e2e6e1e-363b-4e1b-a673-7bc0f7343300","broader_proxy","medium","Information-system and infrastructure administration; grade/specialty varies.","test_only_project_mapping_not_human_validated","False","3511-24","2522","","","","","no_unique_exact_esco_title_match","new_mapping","project_broader_proxy","curated_title_and_duty_decision","ReRouteHer project-derived; NOT an official MASCO-ESCO crosswalk","non_exact_title","0.430769","Inherited current-role retrieval score; not a probability or a new MASCO 2020 validation score.","False","True","Not established","ESCO skills inherited from one primary occupation. Essential/optional refers to ESCO, not a verified Malaysian requirement.","","https://www.dosm.gov.my/uploads/content-downloads/file_20220920110308.pdf#page=385","http://data.europa.eu/esco/occupation/9e2e6e1e-363b-4e1b-a673-7bc0f7343300","M351106","351106","Management Information Systems Supervisor","https://emasco.mohr.gov.my/masco/3511-06","2020","title_variant","high","385","https://www.dosm.gov.my/uploads/content-downloads/file_20220920110308.pdf#page=385","Current eMASCO D11 profile inherited for a MASCO 2020 identity; not 2020-specific task evidence; test only.","broader_proxy","medium","M351106","False","Original current-role title, not the remapped 2020 title; retained for comparison only."
"M351125","Assistant Information Technology Officer Grade FA29","351125","3511","3512.4","ICT technician","http://data.europa.eu/esco/occupation/3e7bf729-4442-4b9f-ad5e-83111963795c","broader_proxy","medium","ICT user support and system troubleshooting; engineer/officer/assistant rank is not inferred.","test_only_project_mapping_not_human_validated","False","3511-25","3512","","","","","no_unique_exact_esco_title_match","new_mapping","project_broader_proxy","curated_title_and_duty_decision","ReRouteHer project-derived; NOT an official MASCO-ESCO crosswalk","non_exact_title","0.542857","Inherited current-role retrieval score; not a probability or a new MASCO 2020 validation score.","False","True","Not established","ESCO skills inherited from one primary occupation. Essential/optional refers to ESCO, not a verified Malaysian requirement.","","https://www.dosm.gov.my/uploads/content-downloads/file_20220920110308.pdf#page=385","http://data.europa.eu/esco/occupation/3e7bf729-4442-4b9f-ad5e-83111963795c","M351108","351108","Assistant Information Technology Officer Grade FA5","https://emasco.mohr.gov.my/masco/3511-08","2020","grade_reversion","high","385","https://www.dosm.gov.my/uploads/content-downloads/file_20220920110308.pdf#page=385","Current eMASCO D11 profile inherited for a MASCO 2020 identity; not 2020-specific task evidence; test only.","broader_proxy","medium","M351108","False","Original current-role title, not the remapped 2020 title; retained for comparison only."
"M351201","Computer Help Desk Technician","351201","3512","3512.1","ICT help desk agent","http://data.europa.eu/esco/occupation/aaeec9a7-dc57-4485-890c-86b3eef735f9","close_match","medium","ICT help-desk/user support.","test_only_project_mapping_not_human_validated","False","3512-01","3512","","","","","no_unique_exact_esco_title_match","new_mapping","project_close_match","curated_title_and_duty_decision","ReRouteHer project-derived; NOT an official MASCO-ESCO crosswalk","non_exact_title","0.583333","Inherited current-role retrieval score; not a probability or a new MASCO 2020 validation score.","True","True","Not established","ESCO skills inherited from one primary occupation. Essential/optional refers to ESCO, not a verified Malaysian requirement.","","https://www.dosm.gov.my/uploads/content-downloads/file_20220920110308.pdf#page=385","http://data.europa.eu/esco/occupation/aaeec9a7-dc57-4485-890c-86b3eef735f9","M351201","351201","Computer Help Desk Technician","https://emasco.mohr.gov.my/masco/3512-01","2020","exact_normalized_title","high","385","https://www.dosm.gov.my/uploads/content-downloads/file_20220920110308.pdf#page=385","Current eMASCO D11 profile inherited for a MASCO 2020 identity; not 2020-specific task evidence; test only.","close_match","medium","M351201","True","Original current-role title, not the remapped 2020 title; retained for comparison only."
"M351203","Information Technology Technician","351203","3512","3512.4","ICT technician","http://data.europa.eu/esco/occupation/3e7bf729-4442-4b9f-ad5e-83111963795c","partial_proxy","low","Title/duty comparison supports this primary proxy, but occupational breadth, specialisation or seniority may differ. See both source profiles in the evidence table.","test_only_project_mapping_not_human_validated","False","3512-03","3512","","","","","no_unique_exact_esco_title_match","new_mapping","project_partial_proxy","reviewed_existing_or_retrieved_candidate","ReRouteHer project-derived; NOT an official MASCO-ESCO crosswalk","non_exact_title","0.793651","Inherited current-role retrieval score; not a probability or a new MASCO 2020 validation score.","True","True","Not established","ESCO skills inherited from one primary occupation. Essential/optional refers to ESCO, not a verified Malaysian requirement.","","https://www.dosm.gov.my/uploads/content-downloads/file_20220920110308.pdf#page=385","http://data.europa.eu/esco/occupation/3e7bf729-4442-4b9f-ad5e-83111963795c","M351202","351202","Information Technology Technician","https://emasco.mohr.gov.my/masco/3512-02","2020","exact_normalized_title","high","385","https://www.dosm.gov.my/uploads/content-downloads/file_20220920110308.pdf#page=385","Current eMASCO D11 profile inherited for a MASCO 2020 identity; not 2020-specific task evidence; test only.","partial_proxy","low","M351202","True","Original current-role title, not the remapped 2020 title; retained for comparison only."
"M351206","Computer Assistant","351206","3512","3512.4","ICT technician","http://data.europa.eu/esco/occupation/3e7bf729-4442-4b9f-ad5e-83111963795c","broader_proxy","medium","ICT user support and system troubleshooting; engineer/officer/assistant rank is not inferred.","test_only_project_mapping_not_human_validated","False","3512-06","3512","","","","","no_unique_exact_esco_title_match","new_mapping","project_broader_proxy","curated_title_and_duty_decision","ReRouteHer project-derived; NOT an official MASCO-ESCO crosswalk","non_exact_title","0.733333","Inherited current-role retrieval score; not a probability or a new MASCO 2020 validation score.","True","True","Not established","ESCO skills inherited from one primary occupation. Essential/optional refers to ESCO, not a verified Malaysian requirement.","","https://www.dosm.gov.my/uploads/content-downloads/file_20220920110308.pdf#page=385","http://data.europa.eu/esco/occupation/3e7bf729-4442-4b9f-ad5e-83111963795c","M351203","351203","Computer Assistant","https://emasco.mohr.gov.my/masco/3512-03","2020","exact_normalized_title","high","385","https://www.dosm.gov.my/uploads/content-downloads/file_20220920110308.pdf#page=385","Current eMASCO D11 profile inherited for a MASCO 2020 identity; not 2020-specific task evidence; test only.","broader_proxy","medium","M351203","True","Original current-role title, not the remapped 2020 title; retained for comparison only."
"M351207","Communications Assistant (ICT)","351207","3512","3513.2","ICT network technician","http://data.europa.eu/esco/occupation/64c7d461-152c-477f-a8e2-c2c537e9d617","broader_proxy","medium","ICT network/communications technical support, not corporate communication management.","test_only_project_mapping_not_human_validated","False","3512-07","3513","","","","","no_unique_exact_esco_title_match","new_mapping","project_broader_proxy","curated_title_and_duty_decision","ReRouteHer project-derived; NOT an official MASCO-ESCO crosswalk","non_exact_title","0.40678","Inherited current-role retrieval score; not a probability or a new MASCO 2020 validation score.","False","True","Not established","ESCO skills inherited from one primary occupation. Essential/optional refers to ESCO, not a verified Malaysian requirement.","","https://www.dosm.gov.my/uploads/content-downloads/file_20220920110308.pdf#page=385","http://data.europa.eu/esco/occupation/64c7d461-152c-477f-a8e2-c2c537e9d617","M351204","351204","Communications Assistant (ICT)","https://emasco.mohr.gov.my/masco/3512-04","2020","exact_normalized_title","high","385","https://www.dosm.gov.my/uploads/content-downloads/file_20220920110308.pdf#page=385","Current eMASCO D11 profile inherited for a MASCO 2020 identity; not 2020-specific task evidence; test only.","broader_proxy","medium","M351204","False","Original current-role title, not the remapped 2020 title; retained for comparison only."
"M351208","Database Assistant","351208","3512","2521.1","database administrator","http://data.europa.eu/esco/occupation/8c57af09-719c-42b3-be40-6ed4946236cc","partial_proxy","low","Database administration support; assistant authority differs from full DBA.","test_only_project_mapping_not_human_validated","False","3512-08","2521","","","","","no_unique_exact_esco_title_match","new_mapping","project_partial_proxy","curated_title_and_duty_decision","ReRouteHer project-derived; NOT an official MASCO-ESCO crosswalk","non_exact_title","0.75","Inherited current-role retrieval score; not a probability or a new MASCO 2020 validation score.","False","True","Not established","ESCO skills inherited from one primary occupation. Essential/optional refers to ESCO, not a verified Malaysian requirement.","","https://www.dosm.gov.my/uploads/content-downloads/file_20220920110308.pdf#page=385","http://data.europa.eu/esco/occupation/8c57af09-719c-42b3-be40-6ed4946236cc","M351205","351205","Database Assistant","https://emasco.mohr.gov.my/masco/3512-05","2020","exact_normalized_title","high","385","https://www.dosm.gov.my/uploads/content-downloads/file_20220920110308.pdf#page=385","Current eMASCO D11 profile inherited for a MASCO 2020 identity; not 2020-specific task evidence; test only.","partial_proxy","low","M351205","False","Original current-role title, not the remapped 2020 title; retained for comparison only."
"M351209","Computer Programming Assistant","351209","3512","2514.2","ICT application developer","http://data.europa.eu/esco/occupation/bd272aee-adc9-4a06-a15c-a73b4b4a46a7","partial_proxy","low","Application programming support; assistant grade and independence differ.","test_only_project_mapping_not_human_validated","False","3512-09","2514","","","","","no_unique_exact_esco_title_match","new_mapping","project_partial_proxy","curated_title_and_duty_decision","ReRouteHer project-derived; NOT an official MASCO-ESCO crosswalk","non_exact_title","0.489796","Inherited current-role retrieval score; not a probability or a new MASCO 2020 validation score.","False","True","Not established","ESCO skills inherited from one primary occupation. Essential/optional refers to ESCO, not a verified Malaysian requirement.","","https://www.dosm.gov.my/uploads/content-downloads/file_20220920110308.pdf#page=385","http://data.europa.eu/esco/occupation/bd272aee-adc9-4a06-a15c-a73b4b4a46a7","M351206","351206","Computer Programming Assistant","https://emasco.mohr.gov.my/masco/3512-06","2020","exact_normalized_title","high","385","https://www.dosm.gov.my/uploads/content-downloads/file_20220920110308.pdf#page=385","Current eMASCO D11 profile inherited for a MASCO 2020 identity; not 2020-specific task evidence; test only.","partial_proxy","low","M351206","False","Original current-role title, not the remapped 2020 title; retained for comparison only."
"M351212","Call Centre Trainer","351212","3512","2424.2","corporate trainer","http://data.europa.eu/esco/occupation/0ba06640-e0ac-4911-9e43-289a8e41651e","broader_proxy","medium","Corporate staff training; call-centre specialization is not separately represented.","test_only_project_mapping_not_human_validated","False","3512-12","2424","","","","","no_unique_exact_esco_title_match","new_mapping","project_broader_proxy","curated_title_and_duty_decision","ReRouteHer project-derived; NOT an official MASCO-ESCO crosswalk","non_exact_title","0.666667","Inherited current-role retrieval score; not a probability or a new MASCO 2020 validation score.","False","True","Not established","ESCO skills inherited from one primary occupation. Essential/optional refers to ESCO, not a verified Malaysian requirement.","","https://www.dosm.gov.my/uploads/content-downloads/file_20220920110308.pdf#page=385","http://data.europa.eu/esco/occupation/0ba06640-e0ac-4911-9e43-289a8e41651e","M351207","351207","Call Centre Trainer","https://emasco.mohr.gov.my/masco/3512-07","2020","exact_normalized_title","high","385","https://www.dosm.gov.my/uploads/content-downloads/file_20220920110308.pdf#page=385","Current eMASCO D11 profile inherited for a MASCO 2020 identity; not 2020-specific task evidence; test only.","broader_proxy","medium","M351207","False","Original current-role title, not the remapped 2020 title; retained for comparison only."
"M351213","Data Centre Supervisor","351213","3512","3511.1","data centre operator","http://data.europa.eu/esco/occupation/9729c0f3-c9bc-482e-ac59-a82ec3b67ba3","broader_proxy","medium","Data-centre operations; supervisory responsibility needs enrichment.","test_only_project_mapping_not_human_validated","False","3512-13","3511","","","","","no_unique_exact_esco_title_match","new_mapping","project_broader_proxy","curated_title_and_duty_decision","ReRouteHer project-derived; NOT an official MASCO-ESCO crosswalk","non_exact_title","0.809524","Inherited current-role retrieval score; not a probability or a new MASCO 2020 validation score.","False","True","Not established","ESCO skills inherited from one primary occupation. Essential/optional refers to ESCO, not a verified Malaysian requirement.","","https://www.dosm.gov.my/uploads/content-downloads/file_20220920110308.pdf#page=385","http://data.europa.eu/esco/occupation/9729c0f3-c9bc-482e-ac59-a82ec3b67ba3","M351208","351208","Data Centre Supervisor","https://emasco.mohr.gov.my/masco/3512-08","2020","exact_normalized_title","high","385","https://www.dosm.gov.my/uploads/content-downloads/file_20220920110308.pdf#page=385","Current eMASCO D11 profile inherited for a MASCO 2020 identity; not 2020-specific task evidence; test only.","broader_proxy","medium","M351208","False","Original current-role title, not the remapped 2020 title; retained for comparison only."
"M351215","Technical Support Technician","351215","3512","3512.4","ICT technician","http://data.europa.eu/esco/occupation/3e7bf729-4442-4b9f-ad5e-83111963795c","partial_proxy","low","Title/duty comparison supports this primary proxy, but occupational breadth, specialisation or seniority may differ. See both source profiles in the evidence table.","test_only_project_mapping_not_human_validated","False","3512-15","3512","","","","","no_unique_exact_esco_title_match","new_mapping","project_partial_proxy","reviewed_existing_or_retrieved_candidate","ReRouteHer project-derived; NOT an official MASCO-ESCO crosswalk","non_exact_title","0.666667","Inherited current-role retrieval score; not a probability or a new MASCO 2020 validation score.","True","True","Not established","ESCO skills inherited from one primary occupation. Essential/optional refers to ESCO, not a verified Malaysian requirement.","","https://www.dosm.gov.my/uploads/content-downloads/file_20220920110308.pdf#page=385","http://data.europa.eu/esco/occupation/3e7bf729-4442-4b9f-ad5e-83111963795c","M351209","351209","Technical Support Technician","https://emasco.mohr.gov.my/masco/3512-09","2020","exact_normalized_title","high","385","https://www.dosm.gov.my/uploads/content-downloads/file_20220920110308.pdf#page=385","Current eMASCO D11 profile inherited for a MASCO 2020 identity; not 2020-specific task evidence; test only.","partial_proxy","low","M351209","True","Original current-role title, not the remapped 2020 title; retained for comparison only."
"M351301","Computer Network Technician","351301","3513","3513.2","ICT network technician","http://data.europa.eu/esco/occupation/64c7d461-152c-477f-a8e2-c2c537e9d617","partial_proxy","low","Title/duty comparison supports this primary proxy, but occupational breadth, specialisation or seniority may differ. See both source profiles in the evidence table.","test_only_project_mapping_not_human_validated","False","3513-01","3513","","","","","no_unique_exact_esco_title_match","new_mapping","project_partial_proxy","reviewed_existing_or_retrieved_candidate","ReRouteHer project-derived; NOT an official MASCO-ESCO crosswalk","non_exact_title","0.857143","Inherited current-role retrieval score; not a probability or a new MASCO 2020 validation score.","True","True","Not established","ESCO skills inherited from one primary occupation. Essential/optional refers to ESCO, not a verified Malaysian requirement.","","https://www.dosm.gov.my/uploads/content-downloads/file_20220920110308.pdf#page=385","http://data.europa.eu/esco/occupation/64c7d461-152c-477f-a8e2-c2c537e9d617","M351301","351301","Computer Network Technician","https://emasco.mohr.gov.my/masco/3513-01","2020","exact_normalized_title","high","385","https://www.dosm.gov.my/uploads/content-downloads/file_20220920110308.pdf#page=385","Current eMASCO D11 profile inherited for a MASCO 2020 identity; not 2020-specific task evidence; test only.","partial_proxy","low","M351301","True","Original current-role title, not the remapped 2020 title; retained for comparison only."
"M351303","Network Security Technician (ICT)","351303","3513","3512.3","ICT security technician","http://data.europa.eu/esco/occupation/a44a1dc5-be08-4840-8bd5-770c4ac1ca6d","partial_proxy","low","Title/duty comparison supports this primary proxy, but occupational breadth, specialisation or seniority may differ. See both source profiles in the evidence table.","test_only_project_mapping_not_human_validated","False","3513-03","3512","","","","","no_unique_exact_esco_title_match","new_mapping","project_partial_proxy","reviewed_existing_or_retrieved_candidate","ReRouteHer project-derived; NOT an official MASCO-ESCO crosswalk","non_exact_title","0.792453","Inherited current-role retrieval score; not a probability or a new MASCO 2020 validation score.","False","True","Not established","ESCO skills inherited from one primary occupation. Essential/optional refers to ESCO, not a verified Malaysian requirement.","","https://www.dosm.gov.my/uploads/content-downloads/file_20220920110308.pdf#page=385","http://data.europa.eu/esco/occupation/a44a1dc5-be08-4840-8bd5-770c4ac1ca6d","M351302","351302","Network Security Technician (ICT)","https://emasco.mohr.gov.my/masco/3513-02","2020","exact_normalized_title","high","385","https://www.dosm.gov.my/uploads/content-downloads/file_20220920110308.pdf#page=385","Current eMASCO D11 profile inherited for a MASCO 2020 identity; not 2020-specific task evidence; test only.","partial_proxy","low","M351302","False","Original current-role title, not the remapped 2020 title; retained for comparison only."
"M351402","Web Technician","351402","3514","3514.1","webmaster","http://data.europa.eu/esco/occupation/dc8ef7da-d2c0-4474-96a0-6d0385eeec1e","close_match","medium","ESCO alternate title matches the cleaned MASCO title; national qualifications and full task scope are not assumed equivalent.","test_only_project_mapping_not_human_validated","False","3514-02","3514","","","","3514.1","unique_exact_alternate_title_same_isco_group","retained_mapping","project_close_match","reviewed_existing_or_retrieved_candidate","ReRouteHer project-derived; NOT an official MASCO-ESCO crosswalk","exact_alternate_label","1","Inherited current-role retrieval score; not a probability or a new MASCO 2020 validation score.","True","True","Not established","ESCO skills inherited from one primary occupation. Essential/optional refers to ESCO, not a verified Malaysian requirement.","","https://www.dosm.gov.my/uploads/content-downloads/file_20220920110308.pdf#page=385","http://data.europa.eu/esco/occupation/dc8ef7da-d2c0-4474-96a0-6d0385eeec1e","M351401","351401","Web Technician","https://emasco.mohr.gov.my/masco/3514-01","2020","exact_normalized_title","high","385","https://www.dosm.gov.my/uploads/content-downloads/file_20220920110308.pdf#page=385","Current eMASCO D11 profile inherited for a MASCO 2020 identity; not 2020-specific task evidence; test only.","close_match","medium","M351401","True","Original current-role title, not the remapped 2020 title; retained for comparison only."
"M352101","Audio-Visual Technician Grade N19","352101","3521","3521.1","audio-visual technician","http://data.europa.eu/esco/occupation/7642cbcc-9839-47fb-b2cf-d4bb831d6c93","close_match","high","Preferred occupation title matches after removing Malaysian grade/competency wrappers.","test_only_project_mapping_not_human_validated","False","3521-01","3521","","","","","no_unique_exact_esco_title_match","new_mapping","project_close_match","unique_cleaned_preferred_label","ReRouteHer project-derived; NOT an official MASCO-ESCO crosswalk","exact_preferred_label","1","Inherited current-role retrieval score; not a probability or a new MASCO 2020 validation score.","True","True","Not established","ESCO skills inherited from one primary occupation. Essential/optional refers to ESCO, not a verified Malaysian requirement.","","https://www.dosm.gov.my/uploads/content-downloads/file_20220920110308.pdf#page=385","http://data.europa.eu/esco/occupation/7642cbcc-9839-47fb-b2cf-d4bb831d6c93","M352111","352111","Audio-Visual Technician Grade N1, N2, N3, N4","https://emasco.mohr.gov.my/masco/3521-11","2020","grade_reversion","high","385","https://www.dosm.gov.my/uploads/content-downloads/file_20220920110308.pdf#page=385","Current eMASCO D11 profile inherited for a MASCO 2020 identity; not 2020-specific task evidence; test only.","close_match","high","M352111","True","Original current-role title, not the remapped 2020 title; retained for comparison only."
"M352102","Cinematographer","352102","3521","2654.1.3","director of photography","http://data.europa.eu/esco/occupation/6ba25e0f-7fb8-4879-a1f9-d4f8945966be","close_match","medium","ESCO alternate title matches the cleaned MASCO title; national qualifications and full task scope are not assumed equivalent.","test_only_project_mapping_not_human_validated","False","3521-02","2654","","","","","no_unique_exact_esco_title_match","new_mapping","project_close_match","reviewed_existing_or_retrieved_candidate","ReRouteHer project-derived; NOT an official MASCO-ESCO crosswalk","exact_alternate_label","1","Inherited current-role retrieval score; not a probability or a new MASCO 2020 validation score.","False","True","Not established","ESCO skills inherited from one primary occupation. Essential/optional refers to ESCO, not a verified Malaysian requirement.","","https://www.dosm.gov.my/uploads/content-downloads/file_20220920110308.pdf#page=385","http://data.europa.eu/esco/occupation/6ba25e0f-7fb8-4879-a1f9-d4f8945966be","M352101","352101","Cinematographer","https://emasco.mohr.gov.my/masco/3521-01","2020","exact_normalized_title","high","385","https://www.dosm.gov.my/uploads/content-downloads/file_20220920110308.pdf#page=385","Current eMASCO D11 profile inherited for a MASCO 2020 identity; not 2020-specific task evidence; test only.","close_match","medium","M352101","False","Original current-role title, not the remapped 2020 title; retained for comparison only."
"M352105","Motion Picture Assistant","352105","3521","3435.2","assistant video and motion picture director","http://data.europa.eu/esco/occupation/71898b81-fc2f-4a97-826d-f45e49a8160a","partial_proxy","low","Title/duty comparison supports this primary proxy, but occupational breadth, specialisation or seniority may differ. See both source profiles in the evidence table.","test_only_project_mapping_not_human_validated","False","3521-05","3435","","","","","no_unique_exact_esco_title_match","new_mapping","project_partial_proxy","reviewed_existing_or_retrieved_candidate","ReRouteHer project-derived; NOT an official MASCO-ESCO crosswalk","non_exact_title","0.596491","Inherited current-role retrieval score; not a probability or a new MASCO 2020 validation score.","False","True","Not established","ESCO skills inherited from one primary occupation. Essential/optional refers to ESCO, not a verified Malaysian requirement.","","https://www.dosm.gov.my/uploads/content-downloads/file_20220920110308.pdf#page=386","http://data.europa.eu/esco/occupation/71898b81-fc2f-4a97-826d-f45e49a8160a","M352102","352102","Motion Picture Assistant","https://emasco.mohr.gov.my/masco/3521-02","2020","exact_normalized_title","high","386","https://www.dosm.gov.my/uploads/content-downloads/file_20220920110308.pdf#page=386","Current eMASCO D11 profile inherited for a MASCO 2020 identity; not 2020-specific task evidence; test only.","partial_proxy","low","M352102","False","Original current-role title, not the remapped 2020 title; retained for comparison only."
"M352108","Sound Mixer","352108","3521","3521.1.10","sound operator","http://data.europa.eu/esco/occupation/0da2ee5c-b480-498f-97a8-a292a0f4c54c","close_match","medium","ESCO alternate title matches the cleaned MASCO title; national qualifications and full task scope are not assumed equivalent.","test_only_project_mapping_not_human_validated","False","3521-08","3521","","","","","ambiguous_exact_title_same_isco_group","new_mapping","project_close_match","reviewed_existing_or_retrieved_candidate","ReRouteHer project-derived; NOT an official MASCO-ESCO crosswalk","exact_alternate_label","1","Inherited current-role retrieval score; not a probability or a new MASCO 2020 validation score.","True","True","Not established","ESCO skills inherited from one primary occupation. Essential/optional refers to ESCO, not a verified Malaysian requirement.","","https://www.dosm.gov.my/uploads/content-downloads/file_20220920110308.pdf#page=386","http://data.europa.eu/esco/occupation/0da2ee5c-b480-498f-97a8-a292a0f4c54c","M352103","352103","Sound Mixer","https://emasco.mohr.gov.my/masco/3521-03","2020","exact_normalized_title","high","386","https://www.dosm.gov.my/uploads/content-downloads/file_20220920110308.pdf#page=386","Current eMASCO D11 profile inherited for a MASCO 2020 identity; not 2020-specific task evidence; test only.","close_match","medium","M352103","True","Original current-role title, not the remapped 2020 title; retained for comparison only."
"M352111","Ships Radio Officer","352111","3521","3152.1","deck officer","http://data.europa.eu/esco/occupation/e3df1f82-3df9-41e5-8487-635e184653d1","partial_proxy","low","Shipboard communications/navigation component; dedicated radio-officer specialty is not represented.","test_only_project_mapping_not_human_validated","False","3521-11","3152","","","","","no_unique_exact_esco_title_match","new_mapping","project_partial_proxy","curated_title_and_duty_decision","ReRouteHer project-derived; NOT an official MASCO-ESCO crosswalk","non_exact_title","0.777778","Inherited current-role retrieval score; not a probability or a new MASCO 2020 validation score.","False","True","Not established","ESCO skills inherited from one primary occupation. Essential/optional refers to ESCO, not a verified Malaysian requirement.","","https://www.dosm.gov.my/uploads/content-downloads/file_20220920110308.pdf#page=386","http://data.europa.eu/esco/occupation/e3df1f82-3df9-41e5-8487-635e184653d1","M352104","352104","Ships Radio Officer","https://emasco.mohr.gov.my/masco/3521-04","2020","exact_normalized_title","high","386","https://www.dosm.gov.my/uploads/content-downloads/file_20220920110308.pdf#page=386","Current eMASCO D11 profile inherited for a MASCO 2020 identity; not 2020-specific task evidence; test only.","partial_proxy","low","M352104","False","Original current-role title, not the remapped 2020 title; retained for comparison only."
"M352112","Broadcast Technician","352112","3521","3521.2","broadcast technician","http://data.europa.eu/esco/occupation/fe4a72af-6206-4d86-90c1-b5fb4b5ba2b2","close_match","high","Preferred occupation title matches after removing Malaysian grade/competency wrappers.","test_only_project_mapping_not_human_validated","False","3521-12","3521","","","","3521.2","unique_exact_preferred_title_same_isco_group","retained_mapping","project_close_match","unique_cleaned_preferred_label","ReRouteHer project-derived; NOT an official MASCO-ESCO crosswalk","exact_preferred_label","1","Inherited current-role retrieval score; not a probability or a new MASCO 2020 validation score.","True","True","Not established","ESCO skills inherited from one primary occupation. Essential/optional refers to ESCO, not a verified Malaysian requirement.","","https://www.dosm.gov.my/uploads/content-downloads/file_20220920110308.pdf#page=386","http://data.europa.eu/esco/occupation/fe4a72af-6206-4d86-90c1-b5fb4b5ba2b2","M352105","352105","Broadcast Technician","https://emasco.mohr.gov.my/masco/3521-05","2020","exact_normalized_title","high","386","https://www.dosm.gov.my/uploads/content-downloads/file_20220920110308.pdf#page=386","Current eMASCO D11 profile inherited for a MASCO 2020 identity; not 2020-specific task evidence; test only.","close_match","high","M352105","True","Original current-role title, not the remapped 2020 title; retained for comparison only."
"M352116","Land-Base Radio Equipment Technician","352116","3521","7422.4","radio technician","http://data.europa.eu/esco/occupation/35efc04c-429a-407e-a00a-f07fd03c2743","partial_proxy","low","Title/duty comparison supports this primary proxy, but occupational breadth, specialisation or seniority may differ. See both source profiles in the evidence table.","test_only_project_mapping_not_human_validated","False","3521-16","7422","","","","","no_unique_exact_esco_title_match","new_mapping","project_partial_proxy","reviewed_existing_or_retrieved_candidate","ReRouteHer project-derived; NOT an official MASCO-ESCO crosswalk","non_exact_title","0.615385","Inherited current-role retrieval score; not a probability or a new MASCO 2020 validation score.","False","True","Not established","ESCO skills inherited from one primary occupation. Essential/optional refers to ESCO, not a verified Malaysian requirement.","","https://www.dosm.gov.my/uploads/content-downloads/file_20220920110308.pdf#page=386","http://data.europa.eu/esco/occupation/35efc04c-429a-407e-a00a-f07fd03c2743","M352106","352106","Land-Base Radio Equipment Technician","https://emasco.mohr.gov.my/masco/3521-06","2020","exact_normalized_title","high","386","https://www.dosm.gov.my/uploads/content-downloads/file_20220920110308.pdf#page=386","Current eMASCO D11 profile inherited for a MASCO 2020 identity; not 2020-specific task evidence; test only.","partial_proxy","low","M352106","False","Original current-role title, not the remapped 2020 title; retained for comparison only."
"M352117","Flight Radio Equipment Technician","352117","3521","7421.2","avionics technician","http://data.europa.eu/esco/occupation/d9ab0f3d-078d-42a7-a502-3e739e0aeff6","partial_proxy","low","Title/duty comparison supports this primary proxy, but occupational breadth, specialisation or seniority may differ. See both source profiles in the evidence table.","test_only_project_mapping_not_human_validated","False","3521-17","7421","","","","","no_unique_exact_esco_title_match","new_mapping","project_partial_proxy","reviewed_existing_or_retrieved_candidate","ReRouteHer project-derived; NOT an official MASCO-ESCO crosswalk","non_exact_title","0.634921","Inherited current-role retrieval score; not a probability or a new MASCO 2020 validation score.","False","True","Not established","ESCO skills inherited from one primary occupation. Essential/optional refers to ESCO, not a verified Malaysian requirement.","","https://www.dosm.gov.my/uploads/content-downloads/file_20220920110308.pdf#page=386","http://data.europa.eu/esco/occupation/d9ab0f3d-078d-42a7-a502-3e739e0aeff6","M352107","352107","Flight Radio Equipment Technician","https://emasco.mohr.gov.my/masco/3521-07","2020","exact_normalized_title","high","386","https://www.dosm.gov.my/uploads/content-downloads/file_20220920110308.pdf#page=386","Current eMASCO D11 profile inherited for a MASCO 2020 identity; not 2020-specific task evidence; test only.","partial_proxy","low","M352107","False","Original current-role title, not the remapped 2020 title; retained for comparison only."
"M352123","Videographer","352123","3521","3521.1.2","camera operator","http://data.europa.eu/esco/occupation/6fed206a-ac4d-492b-a81a-5a3a0f2b67bc","close_match","medium","ESCO alternate title matches the cleaned MASCO title; national qualifications and full task scope are not assumed equivalent.","test_only_project_mapping_not_human_validated","False","3521-23","3521","","","","3521.1.2","unique_exact_alternate_title_same_isco_group","retained_mapping","project_close_match","reviewed_existing_or_retrieved_candidate","ReRouteHer project-derived; NOT an official MASCO-ESCO crosswalk","exact_alternate_label","1","Inherited current-role retrieval score; not a probability or a new MASCO 2020 validation score.","True","True","Not established","ESCO skills inherited from one primary occupation. Essential/optional refers to ESCO, not a verified Malaysian requirement.","","https://www.dosm.gov.my/uploads/content-downloads/file_20220920110308.pdf#page=386","http://data.europa.eu/esco/occupation/6fed206a-ac4d-492b-a81a-5a3a0f2b67bc","M352108","352108","Videographer","https://emasco.mohr.gov.my/masco/3521-08","2020","exact_normalized_title","high","386","https://www.dosm.gov.my/uploads/content-downloads/file_20220920110308.pdf#page=386","Current eMASCO D11 profile inherited for a MASCO 2020 identity; not 2020-specific task evidence; test only.","close_match","medium","M352108","True","Original current-role title, not the remapped 2020 title; retained for comparison only."
"M352124","Assistant Telecommunications Engineer","352124","3521","3522.1","telecommunications engineering technician","http://data.europa.eu/esco/occupation/d84bf1d7-ef99-40c4-a407-3791d6531b44","broader_proxy","medium","Telecommunications technical support; grade/seniority varies.","test_only_project_mapping_not_human_validated","False","3521-24","3522","","","","","no_unique_exact_esco_title_match","new_mapping","project_broader_proxy","curated_title_and_duty_decision","ReRouteHer project-derived; NOT an official MASCO-ESCO crosswalk","non_exact_title","0.692308","Inherited current-role retrieval score; not a probability or a new MASCO 2020 validation score.","False","True","Not established","ESCO skills inherited from one primary occupation. Essential/optional refers to ESCO, not a verified Malaysian requirement.","","https://www.dosm.gov.my/uploads/content-downloads/file_20220920110308.pdf#page=386","http://data.europa.eu/esco/occupation/d84bf1d7-ef99-40c4-a407-3791d6531b44","M352109","352109","Assistant Telecommunications Engineer","https://emasco.mohr.gov.my/masco/3521-09","2020","exact_normalized_title","high","386","https://www.dosm.gov.my/uploads/content-downloads/file_20220920110308.pdf#page=386","Current eMASCO D11 profile inherited for a MASCO 2020 identity; not 2020-specific task evidence; test only.","broader_proxy","medium","M352109","False","Original current-role title, not the remapped 2020 title; retained for comparison only."
"M352204","Telecommunications Technician","352204","3522","7422.7","telecommunications technician","http://data.europa.eu/esco/occupation/056bef79-c125-47ab-b6b9-8eed05c9458c","close_match","high","Preferred occupation title matches after removing Malaysian grade/competency wrappers.","test_only_project_mapping_not_human_validated","False","3522-04","7422","","","","","no_unique_exact_esco_title_match","new_mapping","project_close_match","unique_cleaned_preferred_label","ReRouteHer project-derived; NOT an official MASCO-ESCO crosswalk","exact_preferred_label","1","Inherited current-role retrieval score; not a probability or a new MASCO 2020 validation score.","False","True","Not established","ESCO skills inherited from one primary occupation. Essential/optional refers to ESCO, not a verified Malaysian requirement.","","https://www.dosm.gov.my/uploads/content-downloads/file_20220920110308.pdf#page=386","http://data.europa.eu/esco/occupation/056bef79-c125-47ab-b6b9-8eed05c9458c","M352201","352201","Telecommunications Technician","https://emasco.mohr.gov.my/masco/3522-01","2020","exact_normalized_title","high","386","https://www.dosm.gov.my/uploads/content-downloads/file_20220920110308.pdf#page=386","Current eMASCO D11 profile inherited for a MASCO 2020 identity; not 2020-specific task evidence; test only.","close_match","high","M352201","False","Original current-role title, not the remapped 2020 title; retained for comparison only."
"M363201","Designer Grade B19","363201","3632","2166.9","graphic designer","http://data.europa.eu/esco/occupation/69bcbb0a-8d80-4ecd-b0a4-9adea2a40de2","broader_proxy","medium","Graphic design; grade does not imply art-direction authority.","test_only_project_mapping_not_human_validated","False","3632-01","2166","","","","","no_unique_exact_esco_title_match","new_mapping","project_broader_proxy","curated_title_and_duty_decision","ReRouteHer project-derived; NOT an official MASCO-ESCO crosswalk","non_exact_title","0.666667","Inherited current-role retrieval score; not a probability or a new MASCO 2020 validation score.","False","True","Not established","ESCO skills inherited from one primary occupation. Essential/optional refers to ESCO, not a verified Malaysian requirement.","","https://www.dosm.gov.my/uploads/content-downloads/file_20220920110308.pdf#page=388","http://data.europa.eu/esco/occupation/69bcbb0a-8d80-4ecd-b0a4-9adea2a40de2","M363209","363209","Designer Grade B1","https://emasco.mohr.gov.my/masco/3632-09","2020","grade_reversion","high","388","https://www.dosm.gov.my/uploads/content-downloads/file_20220920110308.pdf#page=388","Current eMASCO D11 profile inherited for a MASCO 2020 identity; not 2020-specific task evidence; test only.","broader_proxy","medium","M363209","False","Original current-role title, not the remapped 2020 title; retained for comparison only."
"M363202","Interior Designer","363202","3632","3432.1","interior designer","http://data.europa.eu/esco/occupation/73e776fb-4d99-4031-bad4-7716f121155d","close_match","high","Preferred occupation title matches after removing Malaysian grade/competency wrappers.","test_only_project_mapping_not_human_validated","False","3632-02","3432","","","","","no_unique_exact_esco_title_match","new_mapping","project_close_match","unique_cleaned_preferred_label","ReRouteHer project-derived; NOT an official MASCO-ESCO crosswalk","exact_preferred_label","1","Inherited current-role retrieval score; not a probability or a new MASCO 2020 validation score.","False","True","Not established","ESCO skills inherited from one primary occupation. Essential/optional refers to ESCO, not a verified Malaysian requirement.","","https://www.dosm.gov.my/uploads/content-downloads/file_20220920110308.pdf#page=388","http://data.europa.eu/esco/occupation/73e776fb-4d99-4031-bad4-7716f121155d","M363201","363201","Interior Designer","https://emasco.mohr.gov.my/masco/3632-01","2020","exact_normalized_title","high","388","https://www.dosm.gov.my/uploads/content-downloads/file_20220920110308.pdf#page=388","Current eMASCO D11 profile inherited for a MASCO 2020 identity; not 2020-specific task evidence; test only.","close_match","high","M363201","False","Original current-role title, not the remapped 2020 title; retained for comparison only."
"M363204","Poster Designer","363204","3632","2166.9","graphic designer","http://data.europa.eu/esco/occupation/69bcbb0a-8d80-4ecd-b0a4-9adea2a40de2","broader_proxy","medium","Graphic/poster design; government grade is not art-director seniority.","test_only_project_mapping_not_human_validated","False","3632-04","2166","","","","","no_unique_exact_esco_title_match","new_mapping","project_broader_proxy","curated_title_and_duty_decision","ReRouteHer project-derived; NOT an official MASCO-ESCO crosswalk","non_exact_title","0.705882","Inherited current-role retrieval score; not a probability or a new MASCO 2020 validation score.","False","True","Not established","ESCO skills inherited from one primary occupation. Essential/optional refers to ESCO, not a verified Malaysian requirement.","","https://www.dosm.gov.my/uploads/content-downloads/file_20220920110308.pdf#page=388","http://data.europa.eu/esco/occupation/69bcbb0a-8d80-4ecd-b0a4-9adea2a40de2","M216602","216602","Poster Designer","https://emasco.mohr.gov.my/masco/2166-02","2020","exact_normalized_title","high","388","https://www.dosm.gov.my/uploads/content-downloads/file_20220920110308.pdf#page=388","Current eMASCO D11 profile inherited for a MASCO 2020 identity; not 2020-specific task evidence; test only.","broader_proxy","medium","M216602","True","Original current-role title, not the remapped 2020 title; retained for comparison only."
"M363221","Carve Technician","363221","3632","7317.6","woodcarver","http://data.europa.eu/esco/occupation/b9d03330-c71c-4827-8797-3e96249d54db","partial_proxy","low","Wood carving proxy; stone/synthetic carving is outside this occupation.","test_only_project_mapping_not_human_validated","False","3632-21","7317","","","","","no_unique_exact_esco_title_match","new_mapping","project_partial_proxy","curated_title_and_duty_decision","ReRouteHer project-derived; NOT an official MASCO-ESCO crosswalk","non_exact_title","0.521739","Inherited current-role retrieval score; not a probability or a new MASCO 2020 validation score.","False","True","Not established","ESCO skills inherited from one primary occupation. Essential/optional refers to ESCO, not a verified Malaysian requirement.","","https://www.dosm.gov.my/uploads/content-downloads/file_20220920110308.pdf#page=388","http://data.europa.eu/esco/occupation/b9d03330-c71c-4827-8797-3e96249d54db","M363206","363206","Carve Technician","https://emasco.mohr.gov.my/masco/3632-06","2020","exact_normalized_title","high","388","https://www.dosm.gov.my/uploads/content-downloads/file_20220920110308.pdf#page=388","Current eMASCO D11 profile inherited for a MASCO 2020 identity; not 2020-specific task evidence; test only.","partial_proxy","low","M363206","False","Original current-role title, not the remapped 2020 title; retained for comparison only."
"M363304","Gallery Technician","363304","3633","2621.3","conservator","http://data.europa.eu/esco/occupation/7556c748-15b4-4e44-97d9-00d885d4cd7d","inherited_test_proxy","low","Inherited current-role ESCO assignment, not independently revalidated for this MASCO 2020 identity. Current combined title explicitly names both Gallery Technician and Museum Technician. Original rationale: Collection handling/preservation support; conservator qualification and full restoration scope exceed technician.","test_only_project_mapping_not_human_validated","False","3633-04","2621","","","","","no_unique_exact_esco_title_match","new_mapping","project_partial_proxy","curated_title_and_duty_decision","ReRouteHer project-derived; NOT an official MASCO-ESCO crosswalk","non_exact_title","0.222222","Inherited current-role retrieval score; not a probability or a new MASCO 2020 validation score.","False","True","Not established","ESCO skills inherited from one primary occupation. Essential/optional refers to ESCO, not a verified Malaysian requirement.","","https://www.dosm.gov.my/uploads/content-downloads/file_20220920110308.pdf#page=389","http://data.europa.eu/esco/occupation/7556c748-15b4-4e44-97d9-00d885d4cd7d","M363301","363301","Gallery/Museum Technician","https://emasco.mohr.gov.my/masco/3633-01","2020","combined_title_split","medium","389","https://www.dosm.gov.my/uploads/content-downloads/file_20220920110308.pdf#page=389","Current eMASCO D11 profile inherited for a MASCO 2020 identity; not 2020-specific task evidence; test only.","partial_proxy","low","M363301","False","Original current-role title, not the remapped 2020 title; retained for comparison only."
"M363305","Library Technician","363305","3633","4411.1","library assistant","http://data.europa.eu/esco/occupation/37b15470-3b2d-4ae0-816c-c7c06ed15c99","close_match","medium","ESCO alternate title matches the cleaned MASCO title; national qualifications and full task scope are not assumed equivalent.","test_only_project_mapping_not_human_validated","False","3633-05","4411","","","","","no_unique_exact_esco_title_match","new_mapping","project_close_match","reviewed_existing_or_retrieved_candidate","ReRouteHer project-derived; NOT an official MASCO-ESCO crosswalk","exact_alternate_label","1","Inherited current-role retrieval score; not a probability or a new MASCO 2020 validation score.","False","True","Not established","ESCO skills inherited from one primary occupation. Essential/optional refers to ESCO, not a verified Malaysian requirement.","","https://www.dosm.gov.my/uploads/content-downloads/file_20220920110308.pdf#page=389","http://data.europa.eu/esco/occupation/37b15470-3b2d-4ae0-816c-c7c06ed15c99","M363302","363302","Library Technician","https://emasco.mohr.gov.my/masco/3633-02","2020","exact_normalized_title","high","389","https://www.dosm.gov.my/uploads/content-downloads/file_20220920110308.pdf#page=389","Current eMASCO D11 profile inherited for a MASCO 2020 identity; not 2020-specific task evidence; test only.","close_match","medium","M363302","False","Original current-role title, not the remapped 2020 title; retained for comparison only."
"M363306","Museum Technician","363306","3633","2621.3","conservator","http://data.europa.eu/esco/occupation/7556c748-15b4-4e44-97d9-00d885d4cd7d","inherited_test_proxy","low","Inherited current-role ESCO assignment, not independently revalidated for this MASCO 2020 identity. Current combined title explicitly names both Gallery Technician and Museum Technician. Original rationale: Collection handling/preservation support; conservator qualification and full restoration scope exceed technician.","test_only_project_mapping_not_human_validated","False","3633-06","2621","","","","","no_unique_exact_esco_title_match","new_mapping","project_partial_proxy","curated_title_and_duty_decision","ReRouteHer project-derived; NOT an official MASCO-ESCO crosswalk","non_exact_title","0.222222","Inherited current-role retrieval score; not a probability or a new MASCO 2020 validation score.","False","True","Not established","ESCO skills inherited from one primary occupation. Essential/optional refers to ESCO, not a verified Malaysian requirement.","","https://www.dosm.gov.my/uploads/content-downloads/file_20220920110308.pdf#page=389","http://data.europa.eu/esco/occupation/7556c748-15b4-4e44-97d9-00d885d4cd7d","M363301","363301","Gallery/Museum Technician","https://emasco.mohr.gov.my/masco/3633-01","2020","combined_title_split","medium","389","https://www.dosm.gov.my/uploads/content-downloads/file_20220920110308.pdf#page=389","Current eMASCO D11 profile inherited for a MASCO 2020 identity; not 2020-specific task evidence; test only.","partial_proxy","low","M363301","False","Original current-role title, not the remapped 2020 title; retained for comparison only."
"M363414","Stage Technician","363414","3634","3435.25.5","stage technician","http://data.europa.eu/esco/occupation/acb6b99a-6c13-482a-81b1-8b5614e0153e","inherited_test_proxy","low","Inherited current-role ESCO assignment, not independently revalidated for this MASCO 2020 identity. Stage Technician is explicitly within the current stage/broadcast production role; broad cross-media tasks are inherited source context, not 2020-specific task evidence. Original rationale: Title/duty comparison supports this primary proxy, but occupational breadth, specialisation or seniority may differ. See both source profiles in the evidence table.","test_only_project_mapping_not_human_validated","False","3634-14","3435","","","","","no_unique_exact_esco_title_match","new_mapping","project_partial_proxy","reviewed_existing_or_retrieved_candidate","ReRouteHer project-derived; NOT an official MASCO-ESCO crosswalk","non_exact_title","0.603774","Inherited current-role retrieval score; not a probability or a new MASCO 2020 validation score.","False","True","Not established","ESCO skills inherited from one primary occupation. Essential/optional refers to ESCO, not a verified Malaysian requirement.","","https://www.dosm.gov.my/uploads/content-downloads/file_20220920110308.pdf#page=389","http://data.europa.eu/esco/occupation/acb6b99a-6c13-482a-81b1-8b5614e0153e","M363401","363401","Stage/Broadcast Production Technician","https://emasco.mohr.gov.my/masco/3634-01","2020","reviewed_functional_equivalent","medium","389","https://www.dosm.gov.my/uploads/content-downloads/file_20220920110308.pdf#page=389","Current eMASCO D11 profile inherited for a MASCO 2020 identity; not 2020-specific task evidence; test only.","partial_proxy","low","M363401","False","Original current-role title, not the remapped 2020 title; retained for comparison only."
"M411126","Economic Affairs Assistant Grade E19","411126","4111","3343.1","administrative assistant","http://data.europa.eu/esco/occupation/044d78cc-f62f-4532-83a5-8e04f2889652","partial_proxy","low","Public programme administration support; inspections and economic-development advisory duties require enrichment.","test_only_project_mapping_not_human_validated","False","4111-26","3343","","","","","no_unique_exact_esco_title_match","new_mapping","project_partial_proxy","curated_title_and_duty_decision","ReRouteHer project-derived; NOT an official MASCO-ESCO crosswalk","non_exact_title","0.72","Inherited current-role retrieval score; not a probability or a new MASCO 2020 validation score.","False","True","Not established","ESCO skills inherited from one primary occupation. Essential/optional refers to ESCO, not a verified Malaysian requirement.","","https://www.dosm.gov.my/uploads/content-downloads/file_20220920110308.pdf#page=391","http://data.europa.eu/esco/occupation/044d78cc-f62f-4532-83a5-8e04f2889652","M411106","411106","Economic Affairs Assistant Grade E1","https://emasco.mohr.gov.my/masco/4111-06","2020","grade_reversion","high","391","https://www.dosm.gov.my/uploads/content-downloads/file_20220920110308.pdf#page=391","Current eMASCO D11 profile inherited for a MASCO 2020 identity; not 2020-specific task evidence; test only.","partial_proxy","low","M411106","False","Original current-role title, not the remapped 2020 title; retained for comparison only."
"M413209","Data Entry Clerk","413209","4132","4132.1","data entry clerk","http://data.europa.eu/esco/occupation/6353b3e8-e8f2-4ecb-b230-186927139892","close_match","high","Preferred occupation title matches after removing Malaysian grade/competency wrappers.","test_only_project_mapping_not_human_validated","False","4132-09","4132","","","","4132.1","unique_exact_preferred_title_same_isco_group","retained_mapping","project_close_match","unique_cleaned_preferred_label","ReRouteHer project-derived; NOT an official MASCO-ESCO crosswalk","exact_preferred_label","1","Inherited current-role retrieval score; not a probability or a new MASCO 2020 validation score.","True","True","Not established","ESCO skills inherited from one primary occupation. Essential/optional refers to ESCO, not a verified Malaysian requirement.","","https://www.dosm.gov.my/uploads/content-downloads/file_20220920110308.pdf#page=392","http://data.europa.eu/esco/occupation/6353b3e8-e8f2-4ecb-b230-186927139892","M413202","413202","Data Entry Clerk","https://emasco.mohr.gov.my/masco/4132-02","2020","exact_normalized_title","high","392","https://www.dosm.gov.my/uploads/content-downloads/file_20220920110308.pdf#page=392","Current eMASCO D11 profile inherited for a MASCO 2020 identity; not 2020-specific task evidence; test only.","close_match","high","M413202","True","Original current-role title, not the remapped 2020 title; retained for comparison only."
"M422602","Survey Interviewer","422602","4226","4227.2","survey enumerator","http://data.europa.eu/esco/occupation/a1cf1406-3632-494c-bff3-0bd5d5327d8f","inherited_test_proxy","low","Inherited current-role ESCO assignment, not independently revalidated for this MASCO 2020 identity. Survey enumeration/interviewing corresponds to Survey Interviewer. Original rationale: Title/duty comparison supports this primary proxy, but occupational breadth, specialisation or seniority may differ. See both source profiles in the evidence table.","test_only_project_mapping_not_human_validated","False","4226-02","4227","","","","","no_unique_exact_esco_title_match","new_mapping","project_partial_proxy","reviewed_existing_or_retrieved_candidate","ReRouteHer project-derived; NOT an official MASCO-ESCO crosswalk","non_exact_title","0.680851","Inherited current-role retrieval score; not a probability or a new MASCO 2020 validation score.","False","True","Not established","ESCO skills inherited from one primary occupation. Essential/optional refers to ESCO, not a verified Malaysian requirement.","","https://www.dosm.gov.my/uploads/content-downloads/file_20220920110308.pdf#page=393","http://data.europa.eu/esco/occupation/a1cf1406-3632-494c-bff3-0bd5d5327d8f","M422601","422601","Enumerator/Survey Interviewer","https://emasco.mohr.gov.my/masco/4226-01","2020","reviewed_functional_equivalent","medium","393","https://www.dosm.gov.my/uploads/content-downloads/file_20220920110308.pdf#page=393","Current eMASCO D11 profile inherited for a MASCO 2020 identity; not 2020-specific task evidence; test only.","partial_proxy","low","M422601","False","Original current-role title, not the remapped 2020 title; retained for comparison only."
"M431112","Auction Clerk","431112","4311","3339.2","auctioneer","http://data.europa.eu/esco/occupation/f1ecc3c4-8212-4386-871a-6fda1b5b4d91","partial_proxy","low","Auction administration overlap; clerk is not authorized auctioneer.","test_only_project_mapping_not_human_validated","False","4311-12","3339","","","","","no_unique_exact_esco_title_match","new_mapping","project_partial_proxy","curated_title_and_duty_decision","ReRouteHer project-derived; NOT an official MASCO-ESCO crosswalk","non_exact_title","0.782609","Inherited current-role retrieval score; not a probability or a new MASCO 2020 validation score.","False","True","Not established","ESCO skills inherited from one primary occupation. Essential/optional refers to ESCO, not a verified Malaysian requirement.","","https://www.dosm.gov.my/uploads/content-downloads/file_20220920110308.pdf#page=394","http://data.europa.eu/esco/occupation/f1ecc3c4-8212-4386-871a-6fda1b5b4d91","M431101","431101","Auction Clerk","https://emasco.mohr.gov.my/masco/4311-01","2020","exact_normalized_title","high","394","https://www.dosm.gov.my/uploads/content-downloads/file_20220920110308.pdf#page=394","Current eMASCO D11 profile inherited for a MASCO 2020 identity; not 2020-specific task evidence; test only.","partial_proxy","low","M431101","False","Original current-role title, not the remapped 2020 title; retained for comparison only."
"M431114","Audit Clerk","431114","4311","4312.1","auditing clerk","http://data.europa.eu/esco/occupation/1f665529-96e9-46c1-99f4-9ffbf9ffa036","close_match","medium","ESCO alternate title matches the cleaned MASCO title; national qualifications and full task scope are not assumed equivalent.","test_only_project_mapping_not_human_validated","False","4311-14","4312","","","","","no_unique_exact_esco_title_match","new_mapping","project_close_match","reviewed_existing_or_retrieved_candidate","ReRouteHer project-derived; NOT an official MASCO-ESCO crosswalk","exact_alternate_label","1","Inherited current-role retrieval score; not a probability or a new MASCO 2020 validation score.","False","True","Not established","ESCO skills inherited from one primary occupation. Essential/optional refers to ESCO, not a verified Malaysian requirement.","","https://www.dosm.gov.my/uploads/content-downloads/file_20220920110308.pdf#page=394","http://data.europa.eu/esco/occupation/1f665529-96e9-46c1-99f4-9ffbf9ffa036","M431102","431102","Audit Clerk","https://emasco.mohr.gov.my/masco/4311-02","2020","exact_normalized_title","high","394","https://www.dosm.gov.my/uploads/content-downloads/file_20220920110308.pdf#page=394","Current eMASCO D11 profile inherited for a MASCO 2020 identity; not 2020-specific task evidence; test only.","close_match","medium","M431102","False","Original current-role title, not the remapped 2020 title; retained for comparison only."
"M431115","Credit Control Clerk","431115","4311","4214.1","debt collector","http://data.europa.eu/esco/occupation/50a66df6-c141-4b4a-937a-d3bc55737ae3","partial_proxy","low","Credit/debt follow-up component; broader account control differs from debt collection.","test_only_project_mapping_not_human_validated","False","4311-15","4214","","","","","no_unique_exact_esco_title_match","new_mapping","project_partial_proxy","curated_title_and_duty_decision","ReRouteHer project-derived; NOT an official MASCO-ESCO crosswalk","non_exact_title","0.8","Inherited current-role retrieval score; not a probability or a new MASCO 2020 validation score.","False","True","Not established","ESCO skills inherited from one primary occupation. Essential/optional refers to ESCO, not a verified Malaysian requirement.","","https://www.dosm.gov.my/uploads/content-downloads/file_20220920110308.pdf#page=394","http://data.europa.eu/esco/occupation/50a66df6-c141-4b4a-937a-d3bc55737ae3","M431103","431103","Credit Control Clerk","https://emasco.mohr.gov.my/masco/4311-03","2020","exact_normalized_title","high","394","https://www.dosm.gov.my/uploads/content-downloads/file_20220920110308.pdf#page=394","Current eMASCO D11 profile inherited for a MASCO 2020 identity; not 2020-specific task evidence; test only.","partial_proxy","low","M431103","False","Original current-role title, not the remapped 2020 title; retained for comparison only."
"M431118","Billing Clerk","431118","4311","4311.1","billing clerk","http://data.europa.eu/esco/occupation/bafbc672-0ad9-41af-9de8-db0c91a24f9b","close_match","high","Preferred occupation title matches after removing Malaysian grade/competency wrappers.","test_only_project_mapping_not_human_validated","False","4311-18","4311","","","","4311.1","unique_exact_preferred_title_same_isco_group","retained_mapping","project_close_match","unique_cleaned_preferred_label","ReRouteHer project-derived; NOT an official MASCO-ESCO crosswalk","exact_preferred_label","1","Inherited current-role retrieval score; not a probability or a new MASCO 2020 validation score.","True","True","Not established","ESCO skills inherited from one primary occupation. Essential/optional refers to ESCO, not a verified Malaysian requirement.","","https://www.dosm.gov.my/uploads/content-downloads/file_20220920110308.pdf#page=394","http://data.europa.eu/esco/occupation/bafbc672-0ad9-41af-9de8-db0c91a24f9b","M431104","431104","Billing Clerk","https://emasco.mohr.gov.my/masco/4311-04","2020","exact_normalized_title","high","394","https://www.dosm.gov.my/uploads/content-downloads/file_20220920110308.pdf#page=394","Current eMASCO D11 profile inherited for a MASCO 2020 identity; not 2020-specific task evidence; test only.","close_match","high","M431104","True","Original current-role title, not the remapped 2020 title; retained for comparison only."
"M431119","Property Clerk","431119","4311","4312.6","property assistant","http://data.europa.eu/esco/occupation/c5c1c40f-d2b7-437f-b3e8-b9da48f6d728","close_match","medium","ESCO alternate title matches the cleaned MASCO title; national qualifications and full task scope are not assumed equivalent.","test_only_project_mapping_not_human_validated","False","4311-19","4312","","","","","no_unique_exact_esco_title_match","new_mapping","project_close_match","reviewed_existing_or_retrieved_candidate","ReRouteHer project-derived; NOT an official MASCO-ESCO crosswalk","exact_alternate_label","1","Inherited current-role retrieval score; not a probability or a new MASCO 2020 validation score.","False","True","Not established","ESCO skills inherited from one primary occupation. Essential/optional refers to ESCO, not a verified Malaysian requirement.","","https://www.dosm.gov.my/uploads/content-downloads/file_20220920110308.pdf#page=394","http://data.europa.eu/esco/occupation/c5c1c40f-d2b7-437f-b3e8-b9da48f6d728","M431105","431105","Property Clerk","https://emasco.mohr.gov.my/masco/4311-05","2020","exact_normalized_title","high","394","https://www.dosm.gov.my/uploads/content-downloads/file_20220920110308.pdf#page=394","Current eMASCO D11 profile inherited for a MASCO 2020 identity; not 2020-specific task evidence; test only.","close_match","medium","M431105","False","Original current-role title, not the remapped 2020 title; retained for comparison only."
"M431120","Cost Clerk","431120","4311","3313.1","accounting assistant","http://data.europa.eu/esco/occupation/bfe142b9-a049-4d41-89c4-fd2f34ac56b6","broader_proxy","medium","Accounts, transaction corrections and finance support; specialty/grade is not separately represented.","test_only_project_mapping_not_human_validated","False","4311-20","3313","","","","","no_unique_exact_esco_title_match","new_mapping","project_broader_proxy","curated_title_and_duty_decision","ReRouteHer project-derived; NOT an official MASCO-ESCO crosswalk","non_exact_title","0.266667","Inherited current-role retrieval score; not a probability or a new MASCO 2020 validation score.","False","True","Not established","ESCO skills inherited from one primary occupation. Essential/optional refers to ESCO, not a verified Malaysian requirement.","","https://www.dosm.gov.my/uploads/content-downloads/file_20220920110308.pdf#page=394","http://data.europa.eu/esco/occupation/bfe142b9-a049-4d41-89c4-fd2f34ac56b6","M431106","431106","Cost Clerk","https://emasco.mohr.gov.my/masco/4311-06","2020","exact_normalized_title","high","394","https://www.dosm.gov.my/uploads/content-downloads/file_20220920110308.pdf#page=394","Current eMASCO D11 profile inherited for a MASCO 2020 identity; not 2020-specific task evidence; test only.","broader_proxy","medium","M431106","False","Original current-role title, not the remapped 2020 title; retained for comparison only."
"M431123","Office Cash Clerk","431123","4311","5230.1","cashier","http://data.europa.eu/esco/occupation/2b871272-bd61-4206-bd1a-0b96d7023098","close_match","medium","Cash handling/cashier function.","test_only_project_mapping_not_human_validated","False","4311-23","5230","","","","","no_unique_exact_esco_title_match","new_mapping","project_close_match","curated_title_and_duty_decision","ReRouteHer project-derived; NOT an official MASCO-ESCO crosswalk","non_exact_title","0.551724","Inherited current-role retrieval score; not a probability or a new MASCO 2020 validation score.","False","True","Not established","ESCO skills inherited from one primary occupation. Essential/optional refers to ESCO, not a verified Malaysian requirement.","","https://www.dosm.gov.my/uploads/content-downloads/file_20220920110308.pdf#page=394","http://data.europa.eu/esco/occupation/2b871272-bd61-4206-bd1a-0b96d7023098","M431107","431107","Office Cash Clerk","https://emasco.mohr.gov.my/masco/4311-07","2020","exact_normalized_title","high","394","https://www.dosm.gov.my/uploads/content-downloads/file_20220920110308.pdf#page=394","Current eMASCO D11 profile inherited for a MASCO 2020 identity; not 2020-specific task evidence; test only.","close_match","medium","M431107","False","Original current-role title, not the remapped 2020 title; retained for comparison only."
"M431126","AuditAssistant Grade W19","431126","4311","4312.1","auditing clerk","http://data.europa.eu/esco/occupation/1f665529-96e9-46c1-99f4-9ffbf9ffa036","close_match","medium","Audit support and records; corrects the prior sales-support-assistant mapping.","test_only_project_mapping_not_human_validated","False","4311-26","4312","4311.2","4311.2","sales support assistant","4311.2","d11_existing_esco_code","corrected_mapping","project_close_match","curated_title_and_duty_decision","ReRouteHer project-derived; NOT an official MASCO-ESCO crosswalk","non_exact_title","0.580645","Inherited current-role retrieval score; not a probability or a new MASCO 2020 validation score.","False","True","Not established","ESCO skills inherited from one primary occupation. Essential/optional refers to ESCO, not a verified Malaysian requirement.","","https://www.dosm.gov.my/uploads/content-downloads/file_20220920110308.pdf#page=394","http://data.europa.eu/esco/occupation/1f665529-96e9-46c1-99f4-9ffbf9ffa036","M431110","431110","Audit Assistant Grade W1","https://emasco.mohr.gov.my/masco/4311-10","2020","grade_reversion","high","394","https://www.dosm.gov.my/uploads/content-downloads/file_20220920110308.pdf#page=394","Current eMASCO D11 profile inherited for a MASCO 2020 identity; not 2020-specific task evidence; test only.","close_match","medium","M431110","False","Original current-role title, not the remapped 2020 title; retained for comparison only."
"M431132","Energy Audit Assistant Technician","431132","4311","3112.5","energy analyst","http://data.europa.eu/esco/occupation/cbde1a3a-406d-4d17-b30b-03981925035d","broader_proxy","medium","Energy-use analysis and auditing; electrical specialty, competency certification or assistant grade need local enrichment.","test_only_project_mapping_not_human_validated","False","4311-32","3112","","","","","no_unique_exact_esco_title_match","new_mapping","project_broader_proxy","curated_title_and_duty_decision","ReRouteHer project-derived; NOT an official MASCO-ESCO crosswalk","non_exact_title","0.515152","Inherited current-role retrieval score; not a probability or a new MASCO 2020 validation score.","False","True","Not established","ESCO skills inherited from one primary occupation. Essential/optional refers to ESCO, not a verified Malaysian requirement.","","https://www.dosm.gov.my/uploads/content-downloads/file_20220920110308.pdf#page=394","http://data.europa.eu/esco/occupation/cbde1a3a-406d-4d17-b30b-03981925035d","M431108","431108","Energy Audit Assistant Technician","https://emasco.mohr.gov.my/masco/4311-08","2020","exact_normalized_title","high","394","https://www.dosm.gov.my/uploads/content-downloads/file_20220920110308.pdf#page=394","Current eMASCO D11 profile inherited for a MASCO 2020 identity; not 2020-specific task evidence; test only.","broader_proxy","medium","M431108","False","Original current-role title, not the remapped 2020 title; retained for comparison only."
"M431201","Administrative Assistant (Finance) Grade W19","431201","4312","3313.1","accounting assistant","http://data.europa.eu/esco/occupation/bfe142b9-a049-4d41-89c4-fd2f34ac56b6","broader_proxy","medium","Accounts, transaction corrections and finance support; specialty/grade is not separately represented.","test_only_project_mapping_not_human_validated","False","4312-01","3313","","","","","no_unique_exact_esco_title_match","new_mapping","project_broader_proxy","curated_title_and_duty_decision","ReRouteHer project-derived; NOT an official MASCO-ESCO crosswalk","non_exact_title","0.576923","Inherited current-role retrieval score; not a probability or a new MASCO 2020 validation score.","False","True","Not established","ESCO skills inherited from one primary occupation. Essential/optional refers to ESCO, not a verified Malaysian requirement.","","https://www.dosm.gov.my/uploads/content-downloads/file_20220920110308.pdf#page=394","http://data.europa.eu/esco/occupation/bfe142b9-a049-4d41-89c4-fd2f34ac56b6","M431218","431218","Administrative Assistant (Finance) Grade W1","https://emasco.mohr.gov.my/masco/4312-18","2020","grade_reversion","high","394","https://www.dosm.gov.my/uploads/content-downloads/file_20220920110308.pdf#page=394","Current eMASCO D11 profile inherited for a MASCO 2020 identity; not 2020-specific task evidence; test only.","broader_proxy","medium","M431218","False","Original current-role title, not the remapped 2020 title; retained for comparison only."
"M431203","Statistical Clerk","431203","4312","3314.2","statistical assistant","http://data.europa.eu/esco/occupation/d2e63d7e-2605-4af1-bb7d-b1ed9ad08825","close_match","medium","Statistical support work, not generic data entry.","test_only_project_mapping_not_human_validated","False","4312-03","3314","","","","","no_unique_exact_esco_title_match","new_mapping","project_close_match","curated_title_and_duty_decision","ReRouteHer project-derived; NOT an official MASCO-ESCO crosswalk","non_exact_title","0.777778","Inherited current-role retrieval score; not a probability or a new MASCO 2020 validation score.","False","True","Not established","ESCO skills inherited from one primary occupation. Essential/optional refers to ESCO, not a verified Malaysian requirement.","","https://www.dosm.gov.my/uploads/content-downloads/file_20220920110308.pdf#page=394","http://data.europa.eu/esco/occupation/d2e63d7e-2605-4af1-bb7d-b1ed9ad08825","M431201","431201","Statistical Clerk","https://emasco.mohr.gov.my/masco/4312-01","2020","exact_normalized_title","high","394","https://www.dosm.gov.my/uploads/content-downloads/file_20220920110308.pdf#page=394","Current eMASCO D11 profile inherited for a MASCO 2020 identity; not 2020-specific task evidence; test only.","close_match","medium","M431201","False","Original current-role title, not the remapped 2020 title; retained for comparison only."
"M431215","Finance Clerk","431215","4312","3313.1","accounting assistant","http://data.europa.eu/esco/occupation/bfe142b9-a049-4d41-89c4-fd2f34ac56b6","broader_proxy","medium","Accounts, transaction corrections and finance support; specialty/grade is not separately represented.","test_only_project_mapping_not_human_validated","False","4312-15","3313","","","","","no_unique_exact_esco_title_match","new_mapping","project_broader_proxy","curated_title_and_duty_decision","ReRouteHer project-derived; NOT an official MASCO-ESCO crosswalk","non_exact_title","0.533333","Inherited current-role retrieval score; not a probability or a new MASCO 2020 validation score.","False","True","Not established","ESCO skills inherited from one primary occupation. Essential/optional refers to ESCO, not a verified Malaysian requirement.","","https://www.dosm.gov.my/uploads/content-downloads/file_20220920110308.pdf#page=394","http://data.europa.eu/esco/occupation/bfe142b9-a049-4d41-89c4-fd2f34ac56b6","M431204","431204","Finance Clerk","https://emasco.mohr.gov.my/masco/4312-04","2020","exact_normalized_title","high","394","https://www.dosm.gov.my/uploads/content-downloads/file_20220920110308.pdf#page=394","Current eMASCO D11 profile inherited for a MASCO 2020 identity; not 2020-specific task evidence; test only.","broader_proxy","medium","M431204","False","Original current-role title, not the remapped 2020 title; retained for comparison only."
"M431217","Brokerage Clerk","431217","4312","4312.2.1","financial markets back office administrator","http://data.europa.eu/esco/occupation/35fbb8cd-c044-49a1-850c-010481c99b4a","close_match","medium","ESCO alternate title matches the cleaned MASCO title; national qualifications and full task scope are not assumed equivalent.","test_only_project_mapping_not_human_validated","False","4312-17","4312","","","","4312.2.1","unique_exact_alternate_title_same_isco_group","retained_mapping","project_close_match","reviewed_existing_or_retrieved_candidate","ReRouteHer project-derived; NOT an official MASCO-ESCO crosswalk","exact_alternate_label","1","Inherited current-role retrieval score; not a probability or a new MASCO 2020 validation score.","True","True","Not established","ESCO skills inherited from one primary occupation. Essential/optional refers to ESCO, not a verified Malaysian requirement.","","https://www.dosm.gov.my/uploads/content-downloads/file_20220920110308.pdf#page=394","http://data.europa.eu/esco/occupation/35fbb8cd-c044-49a1-850c-010481c99b4a","M431205","431205","Brokerage Clerk","https://emasco.mohr.gov.my/masco/4312-05","2020","exact_normalized_title","high","394","https://www.dosm.gov.my/uploads/content-downloads/file_20220920110308.pdf#page=394","Current eMASCO D11 profile inherited for a MASCO 2020 identity; not 2020-specific task evidence; test only.","close_match","medium","M431205","True","Original current-role title, not the remapped 2020 title; retained for comparison only."
"M431218","Insurance clerk","431218","4312","4312.4","insurance clerk","http://data.europa.eu/esco/occupation/9a39a143-d93c-4093-ba3b-47fb67ade318","close_match","high","Preferred occupation title matches after removing Malaysian grade/competency wrappers.","test_only_project_mapping_not_human_validated","False","4312-18","4312","","","","4312.4","unique_exact_preferred_title_same_isco_group","retained_mapping","project_close_match","unique_cleaned_preferred_label","ReRouteHer project-derived; NOT an official MASCO-ESCO crosswalk","exact_preferred_label","1","Inherited current-role retrieval score; not a probability or a new MASCO 2020 validation score.","True","True","Not established","ESCO skills inherited from one primary occupation. Essential/optional refers to ESCO, not a verified Malaysian requirement.","","https://www.dosm.gov.my/uploads/content-downloads/file_20220920110308.pdf#page=394","http://data.europa.eu/esco/occupation/9a39a143-d93c-4093-ba3b-47fb67ade318","M431206","431206","Insurance Clerk","https://emasco.mohr.gov.my/masco/4312-06","2020","exact_normalized_title","high","394","https://www.dosm.gov.my/uploads/content-downloads/file_20220920110308.pdf#page=394","Current eMASCO D11 profile inherited for a MASCO 2020 identity; not 2020-specific task evidence; test only.","close_match","high","M431206","True","Original current-role title, not the remapped 2020 title; retained for comparison only."
"M431219","Tax Clerk","431219","4312","4312.7","tax clerk","http://data.europa.eu/esco/occupation/84fabf82-4abf-4f41-99aa-55718a2e500b","close_match","high","Preferred occupation title matches after removing Malaysian grade/competency wrappers.","test_only_project_mapping_not_human_validated","False","4312-19","4312","","","","4312.7","unique_exact_preferred_title_same_isco_group","retained_mapping","project_close_match","unique_cleaned_preferred_label","ReRouteHer project-derived; NOT an official MASCO-ESCO crosswalk","exact_preferred_label","1","Inherited current-role retrieval score; not a probability or a new MASCO 2020 validation score.","True","True","Not established","ESCO skills inherited from one primary occupation. Essential/optional refers to ESCO, not a verified Malaysian requirement.","","https://www.dosm.gov.my/uploads/content-downloads/file_20220920110308.pdf#page=394","http://data.europa.eu/esco/occupation/84fabf82-4abf-4f41-99aa-55718a2e500b","M431207","431207","Tax Clerk","https://emasco.mohr.gov.my/masco/4312-07","2020","exact_normalized_title","high","394","https://www.dosm.gov.my/uploads/content-downloads/file_20220920110308.pdf#page=394","Current eMASCO D11 profile inherited for a MASCO 2020 identity; not 2020-specific task evidence; test only.","close_match","high","M431207","True","Original current-role title, not the remapped 2020 title; retained for comparison only."
"M431220","Investment Clerk","431220","4312","4312.5","investment clerk","http://data.europa.eu/esco/occupation/fd0801c9-809a-4cfd-98ed-6c5860c163f2","close_match","high","Preferred occupation title matches after removing Malaysian grade/competency wrappers.","test_only_project_mapping_not_human_validated","False","4312-20","4312","","","","4312.5","unique_exact_preferred_title_same_isco_group","retained_mapping","project_close_match","unique_cleaned_preferred_label","ReRouteHer project-derived; NOT an official MASCO-ESCO crosswalk","exact_preferred_label","1","Inherited current-role retrieval score; not a probability or a new MASCO 2020 validation score.","True","True","Not established","ESCO skills inherited from one primary occupation. Essential/optional refers to ESCO, not a verified Malaysian requirement.","","https://www.dosm.gov.my/uploads/content-downloads/file_20220920110308.pdf#page=394","http://data.europa.eu/esco/occupation/fd0801c9-809a-4cfd-98ed-6c5860c163f2","M431208","431208","Investment Clerk","https://emasco.mohr.gov.my/masco/4312-08","2020","exact_normalized_title","high","394","https://www.dosm.gov.my/uploads/content-downloads/file_20220920110308.pdf#page=394","Current eMASCO D11 profile inherited for a MASCO 2020 identity; not 2020-specific task evidence; test only.","close_match","high","M431208","True","Original current-role title, not the remapped 2020 title; retained for comparison only."
"M431221","Adjustment Clerk","431221","4312","3313.1","accounting assistant","http://data.europa.eu/esco/occupation/bfe142b9-a049-4d41-89c4-fd2f34ac56b6","broader_proxy","medium","Accounts, transaction corrections and finance support; specialty/grade is not separately represented.","test_only_project_mapping_not_human_validated","False","4312-21","3313","","","","","no_unique_exact_esco_title_match","new_mapping","project_broader_proxy","curated_title_and_duty_decision","ReRouteHer project-derived; NOT an official MASCO-ESCO crosswalk","non_exact_title","0.388889","Inherited current-role retrieval score; not a probability or a new MASCO 2020 validation score.","False","True","Not established","ESCO skills inherited from one primary occupation. Essential/optional refers to ESCO, not a verified Malaysian requirement.","","https://www.dosm.gov.my/uploads/content-downloads/file_20220920110308.pdf#page=394","http://data.europa.eu/esco/occupation/bfe142b9-a049-4d41-89c4-fd2f34ac56b6","M431209","431209","Adjustment Clerk","https://emasco.mohr.gov.my/masco/4312-09","2020","exact_normalized_title","high","394","https://www.dosm.gov.my/uploads/content-downloads/file_20220920110308.pdf#page=394","Current eMASCO D11 profile inherited for a MASCO 2020 identity; not 2020-specific task evidence; test only.","broader_proxy","medium","M431209","False","Original current-role title, not the remapped 2020 title; retained for comparison only."
"M431222","Stockbroker Clerk","431222","4312","4312.2.1","financial markets back office administrator","http://data.europa.eu/esco/occupation/35fbb8cd-c044-49a1-850c-010481c99b4a","broader_proxy","medium","Securities/brokerage back-office administration.","test_only_project_mapping_not_human_validated","False","4312-22","4312","","","","","no_unique_exact_esco_title_match","new_mapping","project_broader_proxy","curated_title_and_duty_decision","ReRouteHer project-derived; NOT an official MASCO-ESCO crosswalk","non_exact_title","0.827586","Inherited current-role retrieval score; not a probability or a new MASCO 2020 validation score.","True","True","Not established","ESCO skills inherited from one primary occupation. Essential/optional refers to ESCO, not a verified Malaysian requirement.","","https://www.dosm.gov.my/uploads/content-downloads/file_20220920110308.pdf#page=394","http://data.europa.eu/esco/occupation/35fbb8cd-c044-49a1-850c-010481c99b4a","M431210","431210","Stockbroker Clerk","https://emasco.mohr.gov.my/masco/4312-10","2020","exact_normalized_title","high","394","https://www.dosm.gov.my/uploads/content-downloads/file_20220920110308.pdf#page=394","Current eMASCO D11 profile inherited for a MASCO 2020 identity; not 2020-specific task evidence; test only.","broader_proxy","medium","M431210","True","Original current-role title, not the remapped 2020 title; retained for comparison only."
"M431224","Rating Clerk","431224","4312","4311.1","billing clerk","http://data.europa.eu/esco/occupation/bafbc672-0ad9-41af-9de8-db0c91a24f9b","partial_proxy","low","Rate calculation and billing component; insurance/transport tariff specialization is not fully represented.","test_only_project_mapping_not_human_validated","False","4312-24","4311","","","","","no_unique_exact_esco_title_match","new_mapping","project_partial_proxy","curated_title_and_duty_decision","ReRouteHer project-derived; NOT an official MASCO-ESCO crosswalk","non_exact_title","0.8","Inherited current-role retrieval score; not a probability or a new MASCO 2020 validation score.","False","True","Not established","ESCO skills inherited from one primary occupation. Essential/optional refers to ESCO, not a verified Malaysian requirement.","","https://www.dosm.gov.my/uploads/content-downloads/file_20220920110308.pdf#page=394","http://data.europa.eu/esco/occupation/bafbc672-0ad9-41af-9de8-db0c91a24f9b","M431211","431211","Rating Clerk","https://emasco.mohr.gov.my/masco/4312-11","2020","exact_normalized_title","high","394","https://www.dosm.gov.my/uploads/content-downloads/file_20220920110308.pdf#page=394","Current eMASCO D11 profile inherited for a MASCO 2020 identity; not 2020-specific task evidence; test only.","partial_proxy","low","M431211","False","Original current-role title, not the remapped 2020 title; retained for comparison only."
"M431225","Assistant Broker","431225","4312","4312.2.1","financial markets back office administrator","http://data.europa.eu/esco/occupation/35fbb8cd-c044-49a1-850c-010481c99b4a","broader_proxy","medium","Securities/brokerage back-office administration.","test_only_project_mapping_not_human_validated","False","4312-25","4312","","","","","no_unique_exact_esco_title_match","new_mapping","project_broader_proxy","curated_title_and_duty_decision","ReRouteHer project-derived; NOT an official MASCO-ESCO crosswalk","non_exact_title","0.5625","Inherited current-role retrieval score; not a probability or a new MASCO 2020 validation score.","True","True","Not established","ESCO skills inherited from one primary occupation. Essential/optional refers to ESCO, not a verified Malaysian requirement.","","https://www.dosm.gov.my/uploads/content-downloads/file_20220920110308.pdf#page=394","http://data.europa.eu/esco/occupation/35fbb8cd-c044-49a1-850c-010481c99b4a","M431212","431212","Assistant Broker","https://emasco.mohr.gov.my/masco/4312-12","2020","exact_normalized_title","high","394","https://www.dosm.gov.my/uploads/content-downloads/file_20220920110308.pdf#page=394","Current eMASCO D11 profile inherited for a MASCO 2020 identity; not 2020-specific task evidence; test only.","broader_proxy","medium","M431212","True","Original current-role title, not the remapped 2020 title; retained for comparison only."
"M431227","Collateral Clerk","431227","4312","3312.5","loan officer","http://data.europa.eu/esco/occupation/8e185c49-704e-49c0-8584-a7e0b618f628","partial_proxy","low","Loan documentation and collateral administration overlap; full loan-officer assessment authority is not implied.","test_only_project_mapping_not_human_validated","False","4312-27","3312","","","","","no_unique_exact_esco_title_match","new_mapping","project_partial_proxy","curated_title_and_duty_decision","ReRouteHer project-derived; NOT an official MASCO-ESCO crosswalk","non_exact_title","0.606061","Inherited current-role retrieval score; not a probability or a new MASCO 2020 validation score.","False","True","Not established","ESCO skills inherited from one primary occupation. Essential/optional refers to ESCO, not a verified Malaysian requirement.","","https://www.dosm.gov.my/uploads/content-downloads/file_20220920110308.pdf#page=394","http://data.europa.eu/esco/occupation/8e185c49-704e-49c0-8584-a7e0b618f628","M431213","431213","Collateral Clerk","https://emasco.mohr.gov.my/masco/4312-13","2020","exact_normalized_title","high","394","https://www.dosm.gov.my/uploads/content-downloads/file_20220920110308.pdf#page=394","Current eMASCO D11 profile inherited for a MASCO 2020 identity; not 2020-specific task evidence; test only.","partial_proxy","low","M431213","False","Original current-role title, not the remapped 2020 title; retained for comparison only."
"M431228","Mortgage Clerk","431228","4312","3312.6","mortgage loan underwriter","http://data.europa.eu/esco/occupation/ab5a5073-453c-4a93-aff7-345a19f8b954","partial_proxy","low","Mortgage application/document review; underwriting decision authority exceeds clerical support.","test_only_project_mapping_not_human_validated","False","4312-28","3312","","","","","no_unique_exact_esco_title_match","new_mapping","project_partial_proxy","curated_title_and_duty_decision","ReRouteHer project-derived; NOT an official MASCO-ESCO crosswalk","non_exact_title","0.615385","Inherited current-role retrieval score; not a probability or a new MASCO 2020 validation score.","False","True","Not established","ESCO skills inherited from one primary occupation. Essential/optional refers to ESCO, not a verified Malaysian requirement.","","https://www.dosm.gov.my/uploads/content-downloads/file_20220920110308.pdf#page=394","http://data.europa.eu/esco/occupation/ab5a5073-453c-4a93-aff7-345a19f8b954","M431214","431214","Mortgage Clerk","https://emasco.mohr.gov.my/masco/4312-14","2020","exact_normalized_title","high","394","https://www.dosm.gov.my/uploads/content-downloads/file_20220920110308.pdf#page=394","Current eMASCO D11 profile inherited for a MASCO 2020 identity; not 2020-specific task evidence; test only.","partial_proxy","low","M431214","False","Original current-role title, not the remapped 2020 title; retained for comparison only."
"M431231","Statistical Assistant Grade E19","431231","4312","3314.2","statistical assistant","http://data.europa.eu/esco/occupation/d2e63d7e-2605-4af1-bb7d-b1ed9ad08825","close_match","high","Preferred occupation title matches after removing Malaysian grade/competency wrappers.","test_only_project_mapping_not_human_validated","False","4312-31","3314","","","","","no_unique_exact_esco_title_match","new_mapping","project_close_match","unique_cleaned_preferred_label","ReRouteHer project-derived; NOT an official MASCO-ESCO crosswalk","exact_preferred_label","1","Inherited current-role retrieval score; not a probability or a new MASCO 2020 validation score.","False","True","Not established","ESCO skills inherited from one primary occupation. Essential/optional refers to ESCO, not a verified Malaysian requirement.","","https://www.dosm.gov.my/uploads/content-downloads/file_20220920110308.pdf#page=394","http://data.europa.eu/esco/occupation/d2e63d7e-2605-4af1-bb7d-b1ed9ad08825","M431219","431219","Statistical Assistant Grade E1","https://emasco.mohr.gov.my/masco/4312-19","2020","grade_reversion","high","394","https://www.dosm.gov.my/uploads/content-downloads/file_20220920110308.pdf#page=394","Current eMASCO D11 profile inherited for a MASCO 2020 identity; not 2020-specific task evidence; test only.","close_match","high","M431219","False","Original current-role title, not the remapped 2020 title; retained for comparison only."
"M431233","Actuarial Assistant","431233","4312","3314.1","actuarial assistant","http://data.europa.eu/esco/occupation/160c1469-bbb6-48d3-b2a7-db8b30d724b5","close_match","high","Preferred occupation title matches after removing Malaysian grade/competency wrappers.","test_only_project_mapping_not_human_validated","False","4312-33","3314","","","","","no_unique_exact_esco_title_match","new_mapping","project_close_match","unique_cleaned_preferred_label","ReRouteHer project-derived; NOT an official MASCO-ESCO crosswalk","exact_preferred_label","1","Inherited current-role retrieval score; not a probability or a new MASCO 2020 validation score.","False","True","Not established","ESCO skills inherited from one primary occupation. Essential/optional refers to ESCO, not a verified Malaysian requirement.","","https://www.dosm.gov.my/uploads/content-downloads/file_20220920110308.pdf#page=395","http://data.europa.eu/esco/occupation/160c1469-bbb6-48d3-b2a7-db8b30d724b5","M431215","431215","Actuarial Assistant","https://emasco.mohr.gov.my/masco/4312-15","2020","exact_normalized_title","high","395","https://www.dosm.gov.my/uploads/content-downloads/file_20220920110308.pdf#page=395","Current eMASCO D11 profile inherited for a MASCO 2020 identity; not 2020-specific task evidence; test only.","close_match","high","M431215","False","Original current-role title, not the remapped 2020 title; retained for comparison only."
"M522313","E-commerce Sales Clerk","522313","5223","5223.4","sales assistant","http://data.europa.eu/esco/occupation/9ba74e8a-c40c-4228-9998-eb3c7a5c11df","inherited_test_proxy","low","Inherited current-role ESCO assignment, not independently revalidated for this MASCO 2020 identity. Current description is online retail assistance: listings, orders, customer enquiries and sales support. E-commerce Sales Clerk is the 2020 retail counterpart, not a software role. Original rationale: Sales support proxy; e-commerce platform/order processing needs enrichment.","test_only_project_mapping_not_human_validated","False","5223-13","5223","","","","","no_unique_exact_esco_title_match","new_mapping","project_partial_proxy","curated_title_and_duty_decision","ReRouteHer project-derived; NOT an official MASCO-ESCO crosswalk","non_exact_title","0.756757","Inherited current-role retrieval score; not a probability or a new MASCO 2020 validation score.","True","True","Not established","ESCO skills inherited from one primary occupation. Essential/optional refers to ESCO, not a verified Malaysian requirement.","","https://www.dosm.gov.my/uploads/content-downloads/file_20220920110308.pdf#page=402","http://data.europa.eu/esco/occupation/9ba74e8a-c40c-4228-9998-eb3c7a5c11df","M431216","431216","E-Commerce Assistant","https://emasco.mohr.gov.my/masco/4312-16","2020","reviewed_functional_equivalent","medium","402","https://www.dosm.gov.my/uploads/content-downloads/file_20220920110308.pdf#page=402","Current eMASCO D11 profile inherited for a MASCO 2020 identity; not 2020-specific task evidence; test only.","partial_proxy","low","M431216","False","Original current-role title, not the remapped 2020 title; retained for comparison only."
"M531208","Vocational Training Assistant DV19","531208","5312","2320.1","vocational teacher","http://data.europa.eu/esco/occupation/81f8d141-3f67-4fb0-a349-db0147ef7b3a","partial_proxy","low","D11 explicitly describes vocational curriculum development and teaching; assistant grade differs from a full teacher, but early-years teaching is inappropriate.","test_only_project_mapping_not_human_validated","False","5312-08","2320","","","","","no_unique_exact_esco_title_match","new_mapping","project_partial_proxy","curated_title_and_duty_decision","ReRouteHer project-derived; NOT an official MASCO-ESCO crosswalk","non_exact_title","0.896552","Inherited current-role retrieval score; not a probability or a new MASCO 2020 validation score.","False","True","Not established","ESCO skills inherited from one primary occupation. Essential/optional refers to ESCO, not a verified Malaysian requirement.","","https://www.dosm.gov.my/uploads/content-downloads/file_20220920110308.pdf#page=403","http://data.europa.eu/esco/occupation/81f8d141-3f67-4fb0-a349-db0147ef7b3a","M531204","531204","Vocational Training Assistant Grade DV1","https://emasco.mohr.gov.my/masco/5312-04","2020","grade_reversion","high","403","https://www.dosm.gov.my/uploads/content-downloads/file_20220920110308.pdf#page=403","Current eMASCO D11 profile inherited for a MASCO 2020 identity; not 2020-specific task evidence; test only.","partial_proxy","low","M531204","False","Original current-role title, not the remapped 2020 title; retained for comparison only."
"M531210","Vocational Training Assistant DV21","531210","5312","2320.1","vocational teacher","http://data.europa.eu/esco/occupation/81f8d141-3f67-4fb0-a349-db0147ef7b3a","partial_proxy","low","D11 explicitly describes vocational curriculum development and teaching; assistant grade differs from a full teacher, but early-years teaching is inappropriate.","test_only_project_mapping_not_human_validated","False","5312-10","2320","","","","","no_unique_exact_esco_title_match","new_mapping","project_partial_proxy","curated_title_and_duty_decision","ReRouteHer project-derived; NOT an official MASCO-ESCO crosswalk","non_exact_title","0.896552","Inherited current-role retrieval score; not a probability or a new MASCO 2020 validation score.","False","True","Not established","ESCO skills inherited from one primary occupation. Essential/optional refers to ESCO, not a verified Malaysian requirement.","","https://www.dosm.gov.my/uploads/content-downloads/file_20220920110308.pdf#page=403","http://data.europa.eu/esco/occupation/81f8d141-3f67-4fb0-a349-db0147ef7b3a","M531205","531205","Vocational Training Assistant Grade DV2","https://emasco.mohr.gov.my/masco/5312-05","2020","grade_reversion","high","403","https://www.dosm.gov.my/uploads/content-downloads/file_20220920110308.pdf#page=403","Current eMASCO D11 profile inherited for a MASCO 2020 identity; not 2020-specific task evidence; test only.","partial_proxy","low","M531205","False","Original current-role title, not the remapped 2020 title; retained for comparison only."
"M532102","Public Health Assistant Grade U19","532102","5321","3253.1","community health worker","http://data.europa.eu/esco/occupation/c7ad889f-10fc-4346-b740-bd479ad82b47","broader_proxy","medium","Public/community health support.","test_only_project_mapping_not_human_validated","False","5321-02","3253","","","","","no_unique_exact_esco_title_match","new_mapping","project_broader_proxy","curated_title_and_duty_decision","ReRouteHer project-derived; NOT an official MASCO-ESCO crosswalk","non_exact_title","0.77551","Inherited current-role retrieval score; not a probability or a new MASCO 2020 validation score.","False","True","Not established","ESCO skills inherited from one primary occupation. Essential/optional refers to ESCO, not a verified Malaysian requirement.","","https://www.dosm.gov.my/uploads/content-downloads/file_20220920110308.pdf#page=403","http://data.europa.eu/esco/occupation/c7ad889f-10fc-4346-b740-bd479ad82b47","M532106","532106","Public Health Assistant Grade U1","https://emasco.mohr.gov.my/masco/5321-06","2020","grade_reversion","high","403","https://www.dosm.gov.my/uploads/content-downloads/file_20220920110308.pdf#page=403","Current eMASCO D11 profile inherited for a MASCO 2020 identity; not 2020-specific task evidence; test only.","broader_proxy","medium","M532106","False","Original current-role title, not the remapped 2020 title; retained for comparison only."
"M818202","Boilerman","818202","8182","8182.1","boiler operator","http://data.europa.eu/esco/occupation/2cad9c6f-0289-4b26-b247-e65c0089f8f4","inherited_test_proxy","medium","Inherited current-role ESCO assignment, not independently revalidated for this MASCO 2020 identity. Same boiler operation and maintenance occupation. Current competent-person/supervisory details are retained as source context, not as 2020 certification evidence. Original rationale: ESCO alternate title matches the cleaned MASCO title; national qualifications and full task scope are not assumed equivalent.","test_only_project_mapping_not_human_validated","False","8182-02","8182","","","","","no_unique_exact_esco_title_match","new_mapping","project_close_match","reviewed_existing_or_retrieved_candidate","ReRouteHer project-derived; NOT an official MASCO-ESCO crosswalk","exact_alternate_label","1","Inherited current-role retrieval score; not a probability or a new MASCO 2020 validation score.","True","True","Not established","ESCO skills inherited from one primary occupation. Essential/optional refers to ESCO, not a verified Malaysian requirement.","","https://www.dosm.gov.my/uploads/content-downloads/file_20220920110308.pdf#page=431","http://data.europa.eu/esco/occupation/2cad9c6f-0289-4b26-b247-e65c0089f8f4","M218204","218204","Competent Person (CP) - Boilerman","https://emasco.mohr.gov.my/masco/2182-04","2020","reviewed_functional_equivalent","medium","431","https://www.dosm.gov.my/uploads/content-downloads/file_20220920110308.pdf#page=431","Current eMASCO D11 profile inherited for a MASCO 2020 identity; not 2020-specific task evidence; test only.","close_match","medium","M218204","False","Original current-role title, not the remapped 2020 title; retained for comparison only."
"M818209","Engine Driver","818209","8182","3131.3","power production plant operator","http://data.europa.eu/esco/occupation/72381086-cb6e-455e-a40b-ccb26550aab6","inherited_test_proxy","low","Inherited current-role ESCO assignment, not independently revalidated for this MASCO 2020 identity. Same stationary-engine operation within the boiler/engine-plant operator group; retain current internal-combustion/competent-person qualifiers in provenance. Original rationale: Stationary engine/power generation operation proxy; engine type and Malaysian competency certification require review.","test_only_project_mapping_not_human_validated","False","8182-09","3131","","","","","no_unique_exact_esco_title_match","new_mapping","project_partial_proxy","curated_title_and_duty_decision","ReRouteHer project-derived; NOT an official MASCO-ESCO crosswalk","non_exact_title","0.461538","Inherited current-role retrieval score; not a probability or a new MASCO 2020 validation score.","False","True","Not established","ESCO skills inherited from one primary occupation. Essential/optional refers to ESCO, not a verified Malaysian requirement.","","https://www.dosm.gov.my/uploads/content-downloads/file_20220920110308.pdf#page=432","http://data.europa.eu/esco/occupation/72381086-cb6e-455e-a40b-ccb26550aab6","M818202","818202","Competent Person (CP) - Internal Combustion Engine Driver","https://emasco.mohr.gov.my/masco/8182-02","2020","reviewed_functional_equivalent","medium","432","https://www.dosm.gov.my/uploads/content-downloads/file_20220920110308.pdf#page=432","Current eMASCO D11 profile inherited for a MASCO 2020 identity; not 2020-specific task evidence; test only.","partial_proxy","low","M818202","False","Original current-role title, not the remapped 2020 title; retained for comparison only."
"M821101","Assembler","821101","8211","8211.2","industrial machinery assembler","http://data.europa.eu/esco/occupation/be0e6189-46a5-4b90-8622-2d1988efba1a","partial_proxy","low","Industrial mechanical assembly selected from broad assembler scope; electronic/aerospace subtypes differ.","test_only_project_mapping_not_human_validated","False","8211-01","8211","","","","","no_unique_exact_esco_title_match","new_mapping","project_partial_proxy","curated_title_and_duty_decision","ReRouteHer project-derived; NOT an official MASCO-ESCO crosswalk","non_exact_title","0.818182","Inherited current-role retrieval score; not a probability or a new MASCO 2020 validation score.","True","True","Not established","ESCO skills inherited from one primary occupation. Essential/optional refers to ESCO, not a verified Malaysian requirement.","","https://www.dosm.gov.my/uploads/content-downloads/file_20220920110308.pdf#page=432","http://data.europa.eu/esco/occupation/be0e6189-46a5-4b90-8622-2d1988efba1a","M821101","821101","Assembler","https://emasco.mohr.gov.my/masco/8211-01","2020","exact_normalized_title","high","432","https://www.dosm.gov.my/uploads/content-downloads/file_20220920110308.pdf#page=432","Current eMASCO D11 profile inherited for a MASCO 2020 identity; not 2020-specific task evidence; test only.","partial_proxy","low","M821101","True","Original current-role title, not the remapped 2020 title; retained for comparison only."
