"role_id","masco_code","role_title","unit_group_code","unit_group_title","source_current_role_ids","source_current_title","remap_method","remap_confidence","esco_code","masco2020_source_url"
"M112104","112104","Chief Technical Officer","1121","Managing Directors And Chief Executives","M112104","Chief Technical Officer","exact_normalized_title","high","1330.3","https://www.dosm.gov.my/uploads/content-downloads/file_20220920110308.pdf#page=317"
"M121104","121104","Budget Manager","1211","Finance Managers","M121101","Budgeting/Financial Accounting Manager","reviewed_functional_equivalent","medium","1211.1.1","https://www.dosm.gov.my/uploads/content-downloads/file_20220920110308.pdf#page=318"
"M121106","121106","Audit and Risk Management Manager","1211","Finance Managers","M121102","Audit and Risk Management Manager","exact_normalized_title","high","2412.3","https://www.dosm.gov.my/uploads/content-downloads/file_20220920110308.pdf#page=318"
"M121107","121107","Credit Manager","1211","Finance Managers","M121103","Credit Manager","exact_normalized_title","high","3312.3","https://www.dosm.gov.my/uploads/content-downloads/file_20220920110308.pdf#page=318"
"M121108","121108","Insurance Manager","1211","Finance Managers","M121104","Insurance Manager","exact_normalized_title","high","1346.4","https://www.dosm.gov.my/uploads/content-downloads/file_20220920110308.pdf#page=318"
"M121109","121109","Fund Manager","1211","Finance Managers","M121105","Fund/Portfolio Manager","reviewed_functional_equivalent","medium","2412.7","https://www.dosm.gov.my/uploads/content-downloads/file_20220920110308.pdf#page=318"
"M121114","121114","Tax Manager","1211","Finance Managers","M121107","Tax Manager","exact_normalized_title","high","2411.1.12","https://www.dosm.gov.my/uploads/content-downloads/file_20220920110308.pdf#page=318"
"M121115","121115","Claim Manager","1211","Finance Managers","M121108","Claims Manager","title_variant","high","1346.5","https://www.dosm.gov.my/uploads/content-downloads/file_20220920110308.pdf#page=318"
"M121123","121123","Actuarial Valuation Manager","1211","Finance Managers","M121109","Actuarial Valuation Manager","exact_normalized_title","high","2120.1","https://www.dosm.gov.my/uploads/content-downloads/file_20220920110308.pdf#page=318"
"M121205","121205","Occupational Safety and Health Manager","1212","Human Resource Managers","M121202","Occupational Safety and Health Manager","exact_normalized_title","high","1213.7","https://www.dosm.gov.my/uploads/content-downloads/file_20220920110308.pdf#page=318"
"M121411","121411","Supply Chain Manager","1214","Business Services Managers","M121404","Supply Chain and Logistics Management Manager","combined_title_split","medium","1324.8","https://www.dosm.gov.my/uploads/content-downloads/file_20220920110308.pdf#page=319"
"M121416","121416","Technology Manager","1214","Business Services Managers","M121408","Technology Manager","exact_normalized_title","high","1330.5","https://www.dosm.gov.my/uploads/content-downloads/file_20220920110308.pdf#page=319"
"M122301","122301","Research and Development Manager","1223","Research And Development Managers","M122301","Research and Development Manager","exact_normalized_title","high","1223.2","https://www.dosm.gov.my/uploads/content-downloads/file_20220920110308.pdf#page=320"
"M131102","131102","Forestry Manager","1311","Agricul Tural, Forestry And Livestock Production Managers","M131101","Forestry Manager","exact_normalized_title","high","1311.1","https://www.dosm.gov.my/uploads/content-downloads/file_20220920110308.pdf#page=320"
"M131106","131106","Agricultural Manager","1311","Agricul Tural, Forestry And Livestock Production Managers","M131102","Agricultural Manager","exact_normalized_title","high","6130.1","https://www.dosm.gov.my/uploads/content-downloads/file_20220920110308.pdf#page=320"
"M131111","131111","Veterinary Manager","1311","Agricul Tural, Forestry And Livestock Production Managers","M131103","Veterinary Manager","exact_normalized_title","high","1120.1","https://www.dosm.gov.my/uploads/content-downloads/file_20220920110308.pdf#page=320"
"M131114","131114","Field Manager, Grass","1311","Agricul Tural, Forestry And Livestock Production Managers","M131104","Field Manager (Grass)","exact_normalized_title","high","6113.3","https://www.dosm.gov.my/uploads/content-downloads/file_20220920110308.pdf#page=320"
"M131202","131202","Production and Operation Manager, Fishery","1312","Aquacul Ture And Fisheries Production Managers","M131201","Aquaculture and Fisheries Production/Operation Manager","combined_title_split","medium","1312.3","https://www.dosm.gov.my/uploads/content-downloads/file_20220920110308.pdf#page=320"
"M131203","131203","Aquaculture Production Manager","1312","Aquacul Ture And Fisheries Production Managers","M131201","Aquaculture and Fisheries Production/Operation Manager","combined_title_split","medium","1312.3","https://www.dosm.gov.my/uploads/content-downloads/file_20220920110308.pdf#page=320"
"M132101","132101","Manufacturing Manager","1321","Manufacturing Managers","M132101","Manufacturing Manager","exact_normalized_title","high","1321.2","https://www.dosm.gov.my/uploads/content-downloads/file_20220920110308.pdf#page=320"
"M132102","132102","Production and Operation Manager, Manufacturing","1321","Manufacturing Managers","M132104","Production Manager (Manufacturing)","reviewed_functional_equivalent","medium","1321.2.1","https://www.dosm.gov.my/uploads/content-downloads/file_20220920110308.pdf#page=320"
"M132104","132104","Electrical Manager","1321","Manufacturing Managers","M132102","Electrical Manager","exact_normalized_title","high","3123.1.11","https://www.dosm.gov.my/uploads/content-downloads/file_20220920110308.pdf#page=321"
"M132105","132105","Energy Manager","1321","Manufacturing Managers","M132103","Energy Manager","exact_normalized_title","high","1349.12","https://www.dosm.gov.my/uploads/content-downloads/file_20220920110308.pdf#page=321"
"M132108","132108","Ship Hull Manager","1321","Manufacturing Managers","M132105","Ship Hull Manager","exact_normalized_title","high","1321.2.1","https://www.dosm.gov.my/uploads/content-downloads/file_20220920110308.pdf#page=321"
"M132109","132109","Mechanical Manager","1321","Manufacturing Managers","M132106","Mechanical Manager","exact_normalized_title","high","1321.2","https://www.dosm.gov.my/uploads/content-downloads/file_20220920110308.pdf#page=321"
"M132110","132110","Welding Manager","1321","Manufacturing Managers","M132107","Welding Manager","exact_normalized_title","high","7212.4","https://www.dosm.gov.my/uploads/content-downloads/file_20220920110308.pdf#page=321"
"M132111","132111","Oil Mill Manager","1321","Manufacturing Managers","M132108","Oil Mill Manager","exact_normalized_title","high","1321.2.1.3","https://www.dosm.gov.my/uploads/content-downloads/file_20220920110308.pdf#page=321"
"M132112","132112","Manager, Halal Food Manufacturing","1321","Manufacturing Managers","M132109","Manager (Halal Food Manufacturing)","exact_normalized_title","high","1321.2.1.3","https://www.dosm.gov.my/uploads/content-downloads/file_20220920110308.pdf#page=321"
"M132126","132126","Power Generation Plant Manager","1321","Manufacturing Managers","M132111","Power Generation Plant Manager","exact_normalized_title","high","1219.5.3","https://www.dosm.gov.my/uploads/content-downloads/file_20220920110308.pdf#page=321"
"M132201","132201","Production and Operation Manager, Mine","1322","Mining Managers","M132201","Production and Operation Manager (Mine)","exact_normalized_title","high","1322.1.1","https://www.dosm.gov.my/uploads/content-downloads/file_20220920110308.pdf#page=321"
"M132203","132203","Production and Operation Manager, Oil and Gas Extraction","1322","Mining Managers","M132202","Production and Operation Manager (Oil and Gas Extraction)","exact_normalized_title","high","1322.1.2","https://www.dosm.gov.my/uploads/content-downloads/file_20220920110308.pdf#page=321"
"M132207","132207","Offshore Installation Manager","1322","Mining Managers","M132203","Offshore Installation Manager","exact_normalized_title","high","1322.1.2","https://www.dosm.gov.my/uploads/content-downloads/file_20220920110308.pdf#page=321"
"M132210","132210","Manager, Metallurgy","1322","Mining Managers","M132205","Metallurgy Manager","title_variant","high","1321.2.1.7","https://www.dosm.gov.my/uploads/content-downloads/file_20220920110308.pdf#page=321"
"M132301","132301","Construction Manager","1323","Construction Managers","M132301","Construction Manager","exact_normalized_title","high","1323.1","https://www.dosm.gov.my/uploads/content-downloads/file_20220920110308.pdf#page=321"
"M132310","132310","Building and Architecture Manager","1323","Construction Managers","M132302","Building and Architecture Manager","exact_normalized_title","high","1323.1","https://www.dosm.gov.my/uploads/content-downloads/file_20220920110308.pdf#page=321"
"M132311","132311","Land Surveyor Manager","1323","Construction Managers","M132303","Land Surveyor Manager","exact_normalized_title","high","2165.4","https://www.dosm.gov.my/uploads/content-downloads/file_20220920110308.pdf#page=321"
"M132401","132401","Railway Station Master","1324","Supply , Distribution And Related Managers","M132401","Railway Station Master","exact_normalized_title","high","1324.7","https://www.dosm.gov.my/uploads/content-downloads/file_20220920110308.pdf#page=322"
"M132402","132402","Transport Manager","1324","Supply , Distribution And Related Managers","M132402","Transport Manager","exact_normalized_title","high","1324.3.1.5","https://www.dosm.gov.my/uploads/content-downloads/file_20220920110308.pdf#page=322"
"M132405","132405","Logistics Manager","1324","Supply , Distribution And Related Managers","M121404","Supply Chain and Logistics Management Manager","combined_title_split","medium","1324.8","https://www.dosm.gov.my/uploads/content-downloads/file_20220920110308.pdf#page=322"
"M132414","132414","Shipping Manager","1324","Supply , Distribution And Related Managers","M132404","Port/Shipping Operations Manager","reviewed_functional_equivalent","medium","4323.11","https://www.dosm.gov.my/uploads/content-downloads/file_20220920110308.pdf#page=322"
"M132416","132416","Manager, Halal Logistics Operation","1324","Supply , Distribution And Related Managers","M132405","Halal Logistics Operation Manager","title_variant","high","1324.3","https://www.dosm.gov.my/uploads/content-downloads/file_20220920110308.pdf#page=322"
"M151101","151101","Chief Information Officer","1511","Information And Communications Technology Managers","M151101","Chief Information Officer/Chief Data Officer/Chief Information Security Officer","combined_title_split","medium","1330.2","https://www.dosm.gov.my/uploads/content-downloads/file_20220920110308.pdf#page=323"
"M151102","151102","Chief data officer","1511","Information And Communications Technology Managers","M151101","Chief Information Officer/Chief Data Officer/Chief Information Security Officer","combined_title_split","medium","1330.2","https://www.dosm.gov.my/uploads/content-downloads/file_20220920110308.pdf#page=323"
"M151103","151103","Chief Information Security Officer","1511","Information And Communications Technology Managers","M151101","Chief Information Officer/Chief Data Officer/Chief Information Security Officer","combined_title_split","medium","1330.2","https://www.dosm.gov.my/uploads/content-downloads/file_20220920110308.pdf#page=323"
"M151106","151106","Information Systems Manager","1511","Information And Communications Technology Managers","M151102","Information Systems Manager","exact_normalized_title","high","1330.5","https://www.dosm.gov.my/uploads/content-downloads/file_20220920110308.pdf#page=323"
"M151108","151108","Village Community Center Manager","1511","Information And Communications Technology Managers","M151103","Village Community Center Manager (Information Technology)","reviewed_functional_equivalent","medium","1330.5","https://www.dosm.gov.my/uploads/content-downloads/file_20220920110308.pdf#page=323"
"M151112","151112","Application Development Manager","1511","Information And Communications Technology Managers","M151113","Software and Applications Manager","combined_title_split","medium","1330.5.1","https://www.dosm.gov.my/uploads/content-downloads/file_20220920110308.pdf#page=323"
"M151113","151113","Data Operations Manager","1511","Information And Communications Technology Managers","M151118","Data Manager","reviewed_functional_equivalent","medium","1330.1","https://www.dosm.gov.my/uploads/content-downloads/file_20220920110308.pdf#page=323"
"M151116","151116","Internet Service Provider","1511","Information And Communications Technology Managers","M151104","Internet Service Provider","exact_normalized_title","high","1330.9","https://www.dosm.gov.my/uploads/content-downloads/file_20220920110308.pdf#page=323"
"M151117","151117","Network Manager","1511","Information And Communications Technology Managers","M151105","Network/Communications/Infrastructure Manager","combined_title_split","medium","1330.5","https://www.dosm.gov.my/uploads/content-downloads/file_20220920110308.pdf#page=323"
"M151119","151119","Audio Visual Manager","1511","Information And Communications Technology Managers","M151106","Audio Visual Manager","exact_normalized_title","high","2654.1.7","https://www.dosm.gov.my/uploads/content-downloads/file_20220920110308.pdf#page=323"
"M151122","151122","Information Technology Project Manager","1511","Information And Communications Technology Managers","M151107","Information Technology Project Manager","exact_normalized_title","high","1330.7","https://www.dosm.gov.my/uploads/content-downloads/file_20220920110308.pdf#page=323"
"M151123","151123","Information Technology Infrastructure Manager","1511","Information And Communications Technology Managers","M151105","Network/Communications/Infrastructure Manager","combined_title_split","medium","1330.5","https://www.dosm.gov.my/uploads/content-downloads/file_20220920110308.pdf#page=323"
"M151124","151124","Information Technology Programme Manager","1511","Information And Communications Technology Managers","M151108","Information Technology Programme Manager","exact_normalized_title","high","1330.7","https://www.dosm.gov.my/uploads/content-downloads/file_20220920110308.pdf#page=323"
"M151127","151127","Bioinformatics Manager","1511","Information And Communications Technology Managers","M151109","Bioinformatics Manager","exact_normalized_title","high","2131.3","https://www.dosm.gov.my/uploads/content-downloads/file_20220920110308.pdf#page=323"
"M151128","151128","Creative Multimedia Manager","1511","Information And Communications Technology Managers","M151110","Creative Multimedia Manager","exact_normalized_title","high","2431.7","https://www.dosm.gov.my/uploads/content-downloads/file_20220920110308.pdf#page=323"
"M151130","151130","Network Operations Manager","1511","Information And Communications Technology Managers","M151111","Network Operations Manager","exact_normalized_title","high","1330.5","https://www.dosm.gov.my/uploads/content-downloads/file_20220920110308.pdf#page=323"
"M151132","151132","Information Technology Business Development Manager","1511","Information And Communications Technology Managers","M151112","Information Technology Business Development Manager","exact_normalized_title","high","2434.2","https://www.dosm.gov.my/uploads/content-downloads/file_20220920110308.pdf#page=323"
"M151135","151135","Software Development Manager","1511","Information And Communications Technology Managers","M151113","Software and Applications Manager","combined_title_split","medium","1330.5.1","https://www.dosm.gov.my/uploads/content-downloads/file_20220920110308.pdf#page=324"
"M161202","161202","Director, Nursing","1612","Health Services Managers","M161203","Chief Nurse","reviewed_functional_equivalent","medium","2221.2","https://www.dosm.gov.my/uploads/content-downloads/file_20220920110308.pdf#page=324"
"M161210","161210","Phytonutrients Manager","1612","Health Services Managers","M161201","Phytonutrients Manager","exact_normalized_title","high","1223.2","https://www.dosm.gov.my/uploads/content-downloads/file_20220920110308.pdf#page=324"
"M161211","161211","Health Educator","1612","Health Services Managers","M161202","Health Educator","exact_normalized_title","high","3253.1","https://www.dosm.gov.my/uploads/content-downloads/file_20220920110308.pdf#page=324"
"M211101","211101","Physicist","2111","Physicists And Astronomers","M211101","Physicist","exact_normalized_title","high","2111.3","https://www.dosm.gov.my/uploads/content-downloads/file_20220920110308.pdf#page=326"
"M211129","211129","Astronaut","2111","Physicists And Astronomers","M211102","Astronaut","exact_normalized_title","high","3153.3","https://www.dosm.gov.my/uploads/content-downloads/file_20220920110308.pdf#page=327"
"M211201","211201","Meteorological Officer Grade C41","2112","Meteorologists And Seismologists","M211204","Meteorological Officer Grade C9","grade_reversion","high","2112.1","https://www.dosm.gov.my/uploads/content-downloads/file_20220920110308.pdf#page=327"
"M211202","211202","Meteorologist","2112","Meteorologists And Seismologists","M211201","Meteorologist","exact_normalized_title","high","2112.1","https://www.dosm.gov.my/uploads/content-downloads/file_20220920110308.pdf#page=327"
"M211210","211210","Meteorologist, Environmental","2112","Meteorologists And Seismologists","M211202","Meteorologist (Environmental)","exact_normalized_title","high","2112.1","https://www.dosm.gov.my/uploads/content-downloads/file_20220920110308.pdf#page=327"
"M211211","211211","Meteorologist, Numerical Weather Prediction Modeling","2112","Meteorologists And Seismologists","M211203","Meteorologist (Numerical Weather Prediction Modelling)","title_variant","high","2112.1","https://www.dosm.gov.my/uploads/content-downloads/file_20220920110308.pdf#page=327"
"M211302","211302","Chemist","2113","Chemists","M211301","Chemist","exact_normalized_title","high","2113.1","https://www.dosm.gov.my/uploads/content-downloads/file_20220920110308.pdf#page=327"
"M211402","211402","Geologist","2114","Geologists And Geophysicists","M211401","Geologist","exact_normalized_title","high","2114.1","https://www.dosm.gov.my/uploads/content-downloads/file_20220920110308.pdf#page=328"
"M211424","211424","Hydrologist","2114","Geologists And Geophysicists","M211402","Hydrologist","exact_normalized_title","high","2114.1.5","https://www.dosm.gov.my/uploads/content-downloads/file_20220920110308.pdf#page=328"
"M211432","211432","Geoscientist","2114","Geologists And Geophysicists","M211403","Geoscientist","exact_normalized_title","high","2114.1","https://www.dosm.gov.my/uploads/content-downloads/file_20220920110308.pdf#page=328"
"M212101","212101","Statistician Grade E41","2121","Mathematicians, Actuaries And Statisticians","M212105","Statistician Grade E9","grade_reversion","high","2120.6","https://www.dosm.gov.my/uploads/content-downloads/file_20220920110308.pdf#page=328"
"M212102","212102","Mathematician","2121","Mathematicians, Actuaries And Statisticians","M212101","Mathematician","exact_normalized_title","high","2120.5","https://www.dosm.gov.my/uploads/content-downloads/file_20220920110308.pdf#page=329"
"M212106","212106","Statistician, Applied Statistics","2121","Mathematicians, Actuaries And Statisticians","M212102","Statistician","reviewed_functional_equivalent","medium","2120.6","https://www.dosm.gov.my/uploads/content-downloads/file_20220920110308.pdf#page=329"
"M212112","212112","Pricing Actuarie","2121","Mathematicians, Actuaries And Statisticians","M212103","Actuary","combined_title_split","medium","2120.1","https://www.dosm.gov.my/uploads/content-downloads/file_20220920110308.pdf#page=329"
"M212113","212113","Valuation Actuarie","2121","Mathematicians, Actuaries And Statisticians","M212103","Actuary","combined_title_split","medium","2120.1","https://www.dosm.gov.my/uploads/content-downloads/file_20220920110308.pdf#page=329"
"M212115","212115","Metrologist","2121","Mathematicians, Actuaries And Statisticians","M212104","Metrologist","exact_normalized_title","high","2112.2","https://www.dosm.gov.my/uploads/content-downloads/file_20220920110308.pdf#page=329"
"M213101","213101","Wildlife Officer Grade G41","2131","Biologists, Botanists, Zoologists And Related Professionals","M213107","Wildlife Officer Grade G9","grade_reversion","high","2133.9","https://www.dosm.gov.my/uploads/content-downloads/file_20220920110308.pdf#page=329"
"M213103","213103","Microbiologist","2131","Biologists, Botanists, Zoologists And Related Professionals","M213101","Microbiologist","exact_normalized_title","high","2131.4.10","https://www.dosm.gov.my/uploads/content-downloads/file_20220920110308.pdf#page=329"
"M213104","213104","Serologist","2131","Biologists, Botanists, Zoologists And Related Professionals","M213102","Serologist","exact_normalized_title","high","2131.6","https://www.dosm.gov.my/uploads/content-downloads/file_20220920110308.pdf#page=329"
"M213108","213108","Biologist","2131","Biologists, Botanists, Zoologists And Related Professionals","M213103","Biologist","exact_normalized_title","high","2131.4","https://www.dosm.gov.my/uploads/content-downloads/file_20220920110308.pdf#page=329"
"M213117","213117","Cystologist","2131","Biologists, Botanists, Zoologists And Related Professionals","M213104","Cytologist","title_variant","high","2269.13.1","https://www.dosm.gov.my/uploads/content-downloads/file_20220920110308.pdf#page=329"
"M213120","213120","Botanist","2131","Biologists, Botanists, Zoologists And Related Professionals","M213105","Botanist","exact_normalized_title","high","2131.4.6","https://www.dosm.gov.my/uploads/content-downloads/file_20220920110308.pdf#page=329"
"M213151","213151","Ecologist","2131","Biologists, Botanists, Zoologists And Related Professionals","M213106","Ecologist","exact_normalized_title","high","2133.5","https://www.dosm.gov.my/uploads/content-downloads/file_20220920110308.pdf#page=330"
"M213169","213169","Arborist","2131","Biologists, Botanists, Zoologists And Related Professionals","M213304","Horticulturist/Arborist","combined_title_split","medium","6112.1","https://www.dosm.gov.my/uploads/content-downloads/file_20220920110308.pdf#page=330"
"M213202","213202","Conservator of Forests Grade G41","2132","Farming, Forestry Plantation And Fisheries Advisers","M213206","Conservator of Forests Grade G9","grade_reversion","high","2132.5","https://www.dosm.gov.my/uploads/content-downloads/file_20220920110308.pdf#page=330"
"M213203","213203","Agricultural Officer Grade G41","2132","Farming, Forestry Plantation And Fisheries Advisers","M213207","Agricultural Officer Grade G9","grade_reversion","high","2132.2","https://www.dosm.gov.my/uploads/content-downloads/file_20220920110308.pdf#page=330"
"M213204","213204","Land Planning Officer Grade G41","2132","Farming, Forestry Plantation And Fisheries Advisers","M213208","Land Planning Officer Grade G9","grade_reversion","high","2164.1","https://www.dosm.gov.my/uploads/content-downloads/file_20220920110308.pdf#page=330"
"M213205","213205","Agricultural Officer","2132","Farming, Forestry Plantation And Fisheries Advisers","M213201","Agricultural Officer","exact_normalized_title","high","2132.2","https://www.dosm.gov.my/uploads/content-downloads/file_20220920110308.pdf#page=330"
"M213209","213209","Farm Demonstrator","2132","Farming, Forestry Plantation And Fisheries Advisers","M213202","Farm Demonstrator","exact_normalized_title","high","2132.2","https://www.dosm.gov.my/uploads/content-downloads/file_20220920110308.pdf#page=330"
"M213210","213210","Forestry Officer","2132","Farming, Forestry Plantation And Fisheries Advisers","M213203","Forestry Officer","exact_normalized_title","high","2132.5","https://www.dosm.gov.my/uploads/content-downloads/file_20220920110308.pdf#page=330"
"M213214","213214","Aquaculture Executive","2132","Farming, Forestry Plantation And Fisheries Advisers","M213204","Aquaculture Executive","exact_normalized_title","high","1312.3","https://www.dosm.gov.my/uploads/content-downloads/file_20220920110308.pdf#page=330"
"M213301","213301","Environmental Control Officer Grade C41","2133","Environmental Protection Professionals","M213310","Environmental Control Officer Grade C9","grade_reversion","high","3257.1","https://www.dosm.gov.my/uploads/content-downloads/file_20220920110308.pdf#page=330"
"M213302","213302","Agronomist","2133","Environmental Protection Professionals","M213301","Agronomist","exact_normalized_title","high","2132.2","https://www.dosm.gov.my/uploads/content-downloads/file_20220920110308.pdf#page=330"
"M213304","213304","Agricultural Scientist","2133","Environmental Protection Professionals","M213302","Agricultural Scientist","exact_normalized_title","high","2132.1","https://www.dosm.gov.my/uploads/content-downloads/file_20220920110308.pdf#page=330"
"M213305","213305","Floriculturist","2133","Environmental Protection Professionals","M213303","Floriculturist","exact_normalized_title","high","6113.2","https://www.dosm.gov.my/uploads/content-downloads/file_20220920110308.pdf#page=330"
"M213306","213306","Horticulturist","2133","Environmental Protection Professionals","M213304","Horticulturist/Arborist","combined_title_split","medium","6112.1","https://www.dosm.gov.my/uploads/content-downloads/file_20220920110308.pdf#page=330"
"M213315","213315","Wood Analyst","2133","Environmental Protection Professionals","M213305","Wood Analyst","exact_normalized_title","high","2149.11.2","https://www.dosm.gov.my/uploads/content-downloads/file_20220920110308.pdf#page=331"
"M213316","213316","Animal Scientist","2133","Environmental Protection Professionals","M213306","Animal Scientist","exact_normalized_title","high","2250.9","https://www.dosm.gov.my/uploads/content-downloads/file_20220920110308.pdf#page=331"
"M213317","213317","Environmental Research Scientist","2133","Environmental Protection Professionals","M213307","Environmental Research Scientist","exact_normalized_title","high","2133.7","https://www.dosm.gov.my/uploads/content-downloads/file_20220920110308.pdf#page=331"
"M213318","213318","Conservation Officer","2133","Environmental Protection Professionals","M213308","Conservation Officer","exact_normalized_title","high","2133.9","https://www.dosm.gov.my/uploads/content-downloads/file_20220920110308.pdf#page=331"
"M213322","213322","Environmental Consultant","2133","Environmental Protection Professionals","M213309","Environmental Consultant","exact_normalized_title","high","2133.6","https://www.dosm.gov.my/uploads/content-downloads/file_20220920110308.pdf#page=331"
"M213402","213402","Biochemist","2134","Pharmacologists, Pathologists And Related Professionals","M213401","Biochemist","exact_normalized_title","high","2131.4.2","https://www.dosm.gov.my/uploads/content-downloads/file_20220920110308.pdf#page=331"
"M213409","213409","Endocrinologists","2134","Pharmacologists, Pathologists And Related Professionals","M213402","Endocrinologist","title_variant","high","2212.1","https://www.dosm.gov.my/uploads/content-downloads/file_20220920110308.pdf#page=331"
"M213410","213410","Physiologists","2134","Pharmacologists, Pathologists And Related Professionals","M213403","Physiologist","title_variant","high","2131.4.11","https://www.dosm.gov.my/uploads/content-downloads/file_20220920110308.pdf#page=331"
"M213416","213416","Pharmacologists","2134","Pharmacologists, Pathologists And Related Professionals","M213404","Pharmacologist","title_variant","high","2131.7","https://www.dosm.gov.my/uploads/content-downloads/file_20220920110308.pdf#page=331"
"M213422","213422","Pathologist","2134","Pharmacologists, Pathologists And Related Professionals","M213405","Pathologist","exact_normalized_title","high","2212.1","https://www.dosm.gov.my/uploads/content-downloads/file_20220920110308.pdf#page=331"
"M213433","213433","Bio-Fermentation Specialist","2134","Pharmacologists, Pathologists And Related Professionals","M213406","Bio-Fermentation Specialist","exact_normalized_title","high","2131.5","https://www.dosm.gov.my/uploads/content-downloads/file_20220920110308.pdf#page=331"
"M213435","213435","Bee Cultivation Specialist","2134","Pharmacologists, Pathologists And Related Professionals","M213407","Bee Cultivation Specialist","exact_normalized_title","high","6123.1","https://www.dosm.gov.my/uploads/content-downloads/file_20220920110308.pdf#page=331"
"M213436","213436","Embryologist","2134","Pharmacologists, Pathologists And Related Professionals","M213408","Embryologist","exact_normalized_title","high","2131.4.8","https://www.dosm.gov.my/uploads/content-downloads/file_20220920110308.pdf#page=331"
"M214101","214101","Automation Engineer","2141","Industrial And Production Engineers","M214101","Automation Engineer","exact_normalized_title","high","2141.4.2.1","https://www.dosm.gov.my/uploads/content-downloads/file_20220920110308.pdf#page=331"
"M214102","214102","Robotics Engineer","2141","Industrial And Production Engineers","M214102","Robotics Engineer","exact_normalized_title","high","2149.15","https://www.dosm.gov.my/uploads/content-downloads/file_20220920110308.pdf#page=331"
"M214103","214103","Industrial Engineer","2141","Industrial And Production Engineers","M214103","Industrial Engineer","exact_normalized_title","high","2141.4","https://www.dosm.gov.my/uploads/content-downloads/file_20220920110308.pdf#page=331"
"M214106","214106","Communication Analyst","2141","Industrial And Production Engineers","M214104","Communication Analyst","exact_normalized_title","high","1222.1","https://www.dosm.gov.my/uploads/content-downloads/file_20220920110308.pdf#page=331"
"M214110","214110","Systems Engineer (Except Computers)","2141","Industrial And Production Engineers","M214105","Systems Engineer (except Computers)","exact_normalized_title","high","2141.4","https://www.dosm.gov.my/uploads/content-downloads/file_20220920110308.pdf#page=331"
"M214111","214111","Systems Design Engineer (Except Computers)","2141","Industrial And Production Engineers","M214106","Systems Design Engineer (except Computers)","exact_normalized_title","high","2149.2.4","https://www.dosm.gov.my/uploads/content-downloads/file_20220920110308.pdf#page=332"
"M214115","214115","Cost Evaluation Engineer","2141","Industrial And Production Engineers","M214107","Cost Evaluation Engineer","exact_normalized_title","high","2411.1.5","https://www.dosm.gov.my/uploads/content-downloads/file_20220920110308.pdf#page=332"
"M214120","214120","Ceramics Technologist","2141","Industrial And Production Engineers","M214109","Ceramics Technologist","exact_normalized_title","high","2149.11","https://www.dosm.gov.my/uploads/content-downloads/file_20220920110308.pdf#page=332"
"M214142","214142","Photonic Engineer","2141","Industrial And Production Engineers","M214110","Photonic Engineer","exact_normalized_title","high","2149.12.1","https://www.dosm.gov.my/uploads/content-downloads/file_20220920110308.pdf#page=332"
"M214144","214144","SCADA Engineer","2141","Industrial And Production Engineers","M214111","Scada Engineer","exact_normalized_title","high","2141.4.2.1","https://www.dosm.gov.my/uploads/content-downloads/file_20220920110308.pdf#page=332"
"M214155","214155","Energy Engineer","2141","Industrial And Production Engineers","M214112","Energy Engineer","exact_normalized_title","high","2149.9","https://www.dosm.gov.my/uploads/content-downloads/file_20220920110308.pdf#page=332"
"M214156","214156","Renewable Energy Engineer","2141","Industrial And Production Engineers","M214113","Renewable Energy Engineer","exact_normalized_title","high","2149.9.7","https://www.dosm.gov.my/uploads/content-downloads/file_20220920110308.pdf#page=332"
"M214157","214157","Environment Engineer","2141","Industrial And Production Engineers","M214114","Environment Engineer","exact_normalized_title","high","2143.1","https://www.dosm.gov.my/uploads/content-downloads/file_20220920110308.pdf#page=332"
"M214159","214159","Energy Auditor","2141","Industrial And Production Engineers","M214115","Energy Auditor","exact_normalized_title","high","3112.5","https://www.dosm.gov.my/uploads/content-downloads/file_20220920110308.pdf#page=332"
"M214169","214169","Materials Engineer","2141","Industrial And Production Engineers","M214116","Materials Engineer","exact_normalized_title","high","2149.11","https://www.dosm.gov.my/uploads/content-downloads/file_20220920110308.pdf#page=332"
"M214202","214202","Engineer Grade J41","2142","Civil Engineers","M214206","Engineer Grade J9","grade_reversion","high","2142.1","https://www.dosm.gov.my/uploads/content-downloads/file_20220920110308.pdf#page=333"
"M214206","214206","Civil Engineering Technologist","2142","Civil Engineers","M214201","Civil Engineering Technologist","exact_normalized_title","high","2142.1","https://www.dosm.gov.my/uploads/content-downloads/file_20220920110308.pdf#page=333"
"M214207","214207","Civil Engineer","2142","Civil Engineers","M214202","Civil Engineer","exact_normalized_title","high","2142.1","https://www.dosm.gov.my/uploads/content-downloads/file_20220920110308.pdf#page=333"
"M214238","214238","Foundation Engineer","2142","Civil Engineers","M214203","Foundation Engineer","exact_normalized_title","high","2142.1.4","https://www.dosm.gov.my/uploads/content-downloads/file_20220920110308.pdf#page=333"
"M214245","214245","Quantity Surveyor Grade J41","2142","Civil Engineers","M214207","Quantity Surveyor Grade J9/J10","grade_reversion","high","2149.14","https://www.dosm.gov.my/uploads/content-downloads/file_20220920110308.pdf#page=333"
"M214246","214246","Building Surveyor Grade J41","2142","Civil Engineers","M214208","Building Surveyor Grade J9/J10","grade_reversion","high","3315.8","https://www.dosm.gov.my/uploads/content-downloads/file_20220920110308.pdf#page=333"
"M214248","214248","Quantity Surveyor","2142","Civil Engineers","M214204","Quantity Surveyor","exact_normalized_title","high","2149.14","https://www.dosm.gov.my/uploads/content-downloads/file_20220920110308.pdf#page=333"
"M214301","214301","Environmental Engineer","2143","Environmental Engineers","M214301","Environmental Engineer","exact_normalized_title","high","2143.1","https://www.dosm.gov.my/uploads/content-downloads/file_20220920110308.pdf#page=334"
"M214305","214305","Environmental Analyst","2143","Environmental Engineers","M214302","Environmental Analyst","exact_normalized_title","high","2133.7","https://www.dosm.gov.my/uploads/content-downloads/file_20220920110308.pdf#page=334"
"M214402","214402","Mechanical Engineer","2144","Mechanical Engineers","M214401","Mechanical Engineer","exact_normalized_title","high","2144.1","https://www.dosm.gov.my/uploads/content-downloads/file_20220920110308.pdf#page=334"
"M214404","214404","Lift Engineer","2144","Mechanical Engineers","M214402","Lift Engineer","exact_normalized_title","high","7412.7","https://www.dosm.gov.my/uploads/content-downloads/file_20220920110308.pdf#page=334"
"M214413","214413","Internal Combustion Engine Engineer","2144","Mechanical Engineers","M214403","Competent Person (CP) - Internal Combustion Engine Engineer","reviewed_functional_equivalent","medium","2144.1","https://www.dosm.gov.my/uploads/content-downloads/file_20220920110308.pdf#page=334"
"M214436","214436","Welding Engineer","2144","Mechanical Engineers","M214404","Welding Engineer","exact_normalized_title","high","2144.1.23","https://www.dosm.gov.my/uploads/content-downloads/file_20220920110308.pdf#page=334"
"M214443","214443","Engineering Technologist","2144","Mechanical Engineers","M214405","Engineering Technologist","exact_normalized_title","high","2144.1","https://www.dosm.gov.my/uploads/content-downloads/file_20220920110308.pdf#page=334"
"M214458","214458","Robotic Technologist","2144","Mechanical Engineers","M214406","Robotic Technologist","exact_normalized_title","high","3119.2.1","https://www.dosm.gov.my/uploads/content-downloads/file_20220920110308.pdf#page=335"
"M214459","214459","Aerospace Engineer","2144","Mechanical Engineers","M214407","Aerospace Engineer","exact_normalized_title","high","2144.1.1","https://www.dosm.gov.my/uploads/content-downloads/file_20220920110308.pdf#page=335"
"M214503","214503","Chemical Engineer","2145","Chemical Engineers","M214501","Chemical Engineer","exact_normalized_title","high","2145.1","https://www.dosm.gov.my/uploads/content-downloads/file_20220920110308.pdf#page=335"
"M214601","214601","Mining Engineer","2146","Mining Engineers, Metallurgists And Related Professionals","M214601","Mining Engineer","exact_normalized_title","high","2146.8","https://www.dosm.gov.my/uploads/content-downloads/file_20220920110308.pdf#page=335"
"M214606","214606","Petroleum Mining Engineer","2146","Mining Engineers, Metallurgists And Related Professionals","M214602","Petroleum Mining Engineer","exact_normalized_title","high","2146.10","https://www.dosm.gov.my/uploads/content-downloads/file_20220920110308.pdf#page=335"
"M214609","214609","Metallurgist","2146","Mining Engineers, Metallurgists And Related Professionals","M214603","Metallurgist","exact_normalized_title","high","2146.5","https://www.dosm.gov.my/uploads/content-downloads/file_20220920110308.pdf#page=335"
"M214616","214616","Assayer","2146","Mining Engineers, Metallurgists And Related Professionals","M214604","Assayer","exact_normalized_title","high","2146.1","https://www.dosm.gov.my/uploads/content-downloads/file_20220920110308.pdf#page=335"
"M214624","214624","Marine Section Leader","2146","Mining Engineers, Metallurgists And Related Professionals","M214605","Marine Section Leader","exact_normalized_title","high","4323.19","https://www.dosm.gov.my/uploads/content-downloads/file_20220920110308.pdf#page=336"
"M214641","214641","Hydraulics Engineer","2146","Mining Engineers, Metallurgists And Related Professionals","M214606","Hydraulics Engineer","exact_normalized_title","high","2144.1.7","https://www.dosm.gov.my/uploads/content-downloads/file_20220920110308.pdf#page=336"
"M214642","214642","Water Management Engineer","2146","Mining Engineers, Metallurgists And Related Professionals","M214607","Water Management Engineer","exact_normalized_title","high","2142.1.11","https://www.dosm.gov.my/uploads/content-downloads/file_20220920110308.pdf#page=336"
"M214645","214645","Pipeline Mechanical Engineer","2146","Mining Engineers, Metallurgists And Related Professionals","M214608","Pipeline Mechanical Engineer","exact_normalized_title","high","2142.1.7","https://www.dosm.gov.my/uploads/content-downloads/file_20220920110308.pdf#page=336"
"M214648","214648","Pipe Stress Engineer","2146","Mining Engineers, Metallurgists And Related Professionals","M214609","Pipe Stress Engineer","exact_normalized_title","high","2142.1.7","https://www.dosm.gov.my/uploads/content-downloads/file_20220920110308.pdf#page=336"
"M214649","214649","Blasting Expert","2146","Mining Engineers, Metallurgists And Related Professionals","M214610","Blasting Expert (Mine)","reviewed_functional_equivalent","medium","2146.3","https://www.dosm.gov.my/uploads/content-downloads/file_20220920110308.pdf#page=336"
"M214901","214901","Explosive Ordnance Engineer","2149","Engineering Professionals (Excluding Electrotechnology) Not Elsewhere Classified","M214901","Explosive Ordnance Engineer","exact_normalized_title","high","2146.3","https://www.dosm.gov.my/uploads/content-downloads/file_20220920110308.pdf#page=336"
"M214902","214902","Marine Salvage Engineer","2149","Engineering Professionals (Excluding Electrotechnology) Not Elsewhere Classified","M214902","Marine Salvage Engineer","exact_normalized_title","high","2144.1.10","https://www.dosm.gov.my/uploads/content-downloads/file_20220920110308.pdf#page=336"
"M214907","214907","Industrial Health and Safety Engineer","2149","Engineering Professionals (Excluding Electrotechnology) Not Elsewhere Classified","M214904","Industrial Health and Safety Engineer","exact_normalized_title","high","2149.10","https://www.dosm.gov.my/uploads/content-downloads/file_20220920110308.pdf#page=336"
"M214913","214913","Field Service Engineer","2149","Engineering Professionals (Excluding Electrotechnology) Not Elsewhere Classified","M214905","Field Service Engineer","exact_normalized_title","high","2144.1.6","https://www.dosm.gov.my/uploads/content-downloads/file_20220920110308.pdf#page=336"
"M214918","214918","Research Engineer","2149","Engineering Professionals (Excluding Electrotechnology) Not Elsewhere Classified","M214906","Research Engineer","exact_normalized_title","high","2149.2.8","https://www.dosm.gov.my/uploads/content-downloads/file_20220920110308.pdf#page=336"
"M214919","214919","Biomedical Engineer","2149","Engineering Professionals (Excluding Electrotechnology) Not Elsewhere Classified","M214907","Biomedical Engineer","exact_normalized_title","high","2149.5.1","https://www.dosm.gov.my/uploads/content-downloads/file_20220920110308.pdf#page=336"
"M214920","214920","Optical Engineer","2149","Engineering Professionals (Excluding Electrotechnology) Not Elsewhere Classified","M214908","Optical Engineer","exact_normalized_title","high","2149.12","https://www.dosm.gov.my/uploads/content-downloads/file_20220920110308.pdf#page=336"
"M214921","214921","Quality Assurance/Quality Control Inspection Engineer (QA/QC)","2149","Engineering Professionals (Excluding Electrotechnology) Not Elsewhere Classified","M214909","Quality Assurance/Quality Control Inspection Engineer (QA/QC)","exact_normalized_title","high","2149.2.7","https://www.dosm.gov.my/uploads/content-downloads/file_20220920110308.pdf#page=336"
"M214922","214922","Factories and Machinery Inspector Grade J41","2149","Engineering Professionals (Excluding Electrotechnology) Not Elsewhere Classified","M214913","Factories and Machinery Inspector Grade J9","grade_reversion","high","3257.5","https://www.dosm.gov.my/uploads/content-downloads/file_20220920110308.pdf#page=337"
"M214923","214923","Commissioning Engineer","2149","Engineering Professionals (Excluding Electrotechnology) Not Elsewhere Classified","M214910","Commissioning Engineer","exact_normalized_title","high","2149.6","https://www.dosm.gov.my/uploads/content-downloads/file_20220920110308.pdf#page=337"
"M215102","215102","Electrical Engineer","2151","Electrical Engineers","M215101","Electrical Engineer","exact_normalized_title","high","2151.1","https://www.dosm.gov.my/uploads/content-downloads/file_20220920110308.pdf#page=337"
"M215135","215135","Electrical Energy Auditor","2151","Electrical Engineers","M215102","Electrical Energy Auditor","exact_normalized_title","high","3112.5","https://www.dosm.gov.my/uploads/content-downloads/file_20220920110308.pdf#page=337"
"M215136","215136","Electrical Superintendent","2151","Electrical Engineers","M215103","Electrical Superintendent","exact_normalized_title","high","3123.1.11","https://www.dosm.gov.my/uploads/content-downloads/file_20220920110308.pdf#page=337"
"M215202","215202","Electronics Engineer","2152","Electronic Engineers","M215201","Electronics Engineer","exact_normalized_title","high","2152.1","https://www.dosm.gov.my/uploads/content-downloads/file_20220920110308.pdf#page=337"
"M215236","215236","Integrated Circuit Package Assembly Process Engineer (IC)","2152","Electronic Engineers","M215202","Integrated Circuit (IC) Package Assembly Process Engineer","title_variant","high","2152.1.7","https://www.dosm.gov.my/uploads/content-downloads/file_20220920110308.pdf#page=338"
"M215301","215301","Telecommunications Engineer","2153","Telecommunications Engineers","M215301","Telecommunications Engineer","exact_normalized_title","high","2153.1","https://www.dosm.gov.my/uploads/content-downloads/file_20220920110308.pdf#page=338"
"M215323","215323","Network and System Engineer","2153","Telecommunications Engineers","M215302","Network and Systems Engineer","title_variant","high","2523.3","https://www.dosm.gov.my/uploads/content-downloads/file_20220920110308.pdf#page=338"
"M215330","215330","Acoustic Engineer","2153","Telecommunications Engineers","M215303","Acoustic Engineer","exact_normalized_title","high","2149.1","https://www.dosm.gov.my/uploads/content-downloads/file_20220920110308.pdf#page=338"
"M216101","216101","Architect Grade J41","2161","Building Architects","M216102","Architect Grade J9/J10","grade_reversion","high","2161.1","https://www.dosm.gov.my/uploads/content-downloads/file_20220920110308.pdf#page=338"
"M216102","216102","Architect","2161","Building Architects","M216101","Architect","exact_normalized_title","high","2161.1","https://www.dosm.gov.my/uploads/content-downloads/file_20220920110308.pdf#page=339"
"M216201","216201","Landscape Architect Grade J41","2162","Landscape Architects","M216202","Landscape Architect Grade J9","grade_reversion","high","2162.1","https://www.dosm.gov.my/uploads/content-downloads/file_20220920110308.pdf#page=339"
"M216202","216202","Landscape Architect","2162","Landscape Architects","M216201","Landscape Architect","exact_normalized_title","high","2162.1","https://www.dosm.gov.my/uploads/content-downloads/file_20220920110308.pdf#page=339"
"M216301","216301","Commercial Products Designer","2163","Product And Garment Designers","M216301","Commercial Products Designer","exact_normalized_title","high","2163.1","https://www.dosm.gov.my/uploads/content-downloads/file_20220920110308.pdf#page=339"
"M216326","216326","Green Technology Design Professional","2163","Product And Garment Designers","M216302","Green Technology Design Professional","exact_normalized_title","high","2143.1","https://www.dosm.gov.my/uploads/content-downloads/file_20220920110308.pdf#page=339"
"M216401","216401","Urban and Rural Planning Officer Grade J41","2164","Town And Traffic Planners","M216404","Urban and Rural Planning Officer Grade J9","grade_reversion","high","2164.4","https://www.dosm.gov.my/uploads/content-downloads/file_20220920110308.pdf#page=339"
"M216402","216402","Town Planner","2164","Town And Traffic Planners","M216401","Town Planner","exact_normalized_title","high","2164.4","https://www.dosm.gov.my/uploads/content-downloads/file_20220920110308.pdf#page=339"
"M216404","216404","Traffic Engineer","2164","Town And Traffic Planners","M216402","Traffic Engineer","exact_normalized_title","high","2164.3","https://www.dosm.gov.my/uploads/content-downloads/file_20220920110308.pdf#page=339"
"M216407","216407","Urban and Regional Planners","2164","Town And Traffic Planners","M216403","Urban and Regional Planner","title_variant","high","2164.4","https://www.dosm.gov.my/uploads/content-downloads/file_20220920110308.pdf#page=339"
"M216501","216501","Geospatialist Grade J41","2165","Cartographers And Surveyors","M216503","Geospatialist Grade J9","grade_reversion","high","2165.3","https://www.dosm.gov.my/uploads/content-downloads/file_20220920110308.pdf#page=339"
"M216502","216502","Surveyor Grade J41","2165","Cartographers And Surveyors","M216504","Surveyor Grade J9","grade_reversion","high","2165.4","https://www.dosm.gov.my/uploads/content-downloads/file_20220920110308.pdf#page=339"
"M216503","216503","Cartographer","2165","Cartographers And Surveyors","M216501","Cartographer","exact_normalized_title","high","2165.2","https://www.dosm.gov.my/uploads/content-downloads/file_20220920110308.pdf#page=339"
"M216507","216507","Surveyor","2165","Cartographers And Surveyors","M216502","Surveyor","exact_normalized_title","high","2165.4","https://www.dosm.gov.my/uploads/content-downloads/file_20220920110308.pdf#page=339"
"M216601","216601","Designer Grade B41","2166","Graphic And Mul Timedia Designers","M216603","Designer Grade B9","grade_reversion","high","2166.9","https://www.dosm.gov.my/uploads/content-downloads/file_20220920110308.pdf#page=340"
"M217102","217102","Marine Engineer","2171","Ship Engineers","M217101","Marine Engineer","exact_normalized_title","high","2144.1.10","https://www.dosm.gov.my/uploads/content-downloads/file_20220920110308.pdf#page=340"
"M217105","217105","Naval Architect","2171","Ship Engineers","M217102","Naval Architect","exact_normalized_title","high","2144.1.14","https://www.dosm.gov.my/uploads/content-downloads/file_20220920110308.pdf#page=340"
"M217201","217201","Marine Officer Grade AL41","2172","Ship Deck Officers And Pilots","M217206","Marine Officer Grade AL9","grade_reversion","high","3115.1.9","https://www.dosm.gov.my/uploads/content-downloads/file_20220920110308.pdf#page=340"
"M217203","217203","Hovercraft Pilot","2172","Ship Deck Officers And Pilots","M217201","Hovercraft Pilot","exact_normalized_title","high","3152.3","https://www.dosm.gov.my/uploads/content-downloads/file_20220920110308.pdf#page=340"
"M217205","217205","Port Captain","2172","Ship Deck Officers And Pilots","M217202","Port Captain","exact_normalized_title","high","4323.11","https://www.dosm.gov.my/uploads/content-downloads/file_20220920110308.pdf#page=340"
"M217207","217207","Ship Navigator","2172","Ship Deck Officers And Pilots","M217203","Ship Navigator","exact_normalized_title","high","3152.1","https://www.dosm.gov.my/uploads/content-downloads/file_20220920110308.pdf#page=340"
"M217210","217210","Marine Superintendent (Deck)","2172","Ship Deck Officers And Pilots","M217204","Marine Superintendent (Deck)","exact_normalized_title","high","3152.1","https://www.dosm.gov.my/uploads/content-downloads/file_20220920110308.pdf#page=340"
"M217211","217211","Shipping Executive","2172","Ship Deck Officers And Pilots","M217205","Shipping Executive","exact_normalized_title","high","3331.2.2","https://www.dosm.gov.my/uploads/content-downloads/file_20220920110308.pdf#page=340"
"M217301","217301","Pilot/ Pilot Examiner Grade AT41","2173","Aircraft Pilots And Related Professionals","M217308","Pilot/Pilot Inspector Grade AT9","grade_reversion","high","3154.2","https://www.dosm.gov.my/uploads/content-downloads/file_20220920110308.pdf#page=340"
"M217302","217302","Aircraft Examiner Grade AT41","2173","Aircraft Pilots And Related Professionals","M217309","Aircraft Examiner Grade AT9","grade_reversion","high","3154.2","https://www.dosm.gov.my/uploads/content-downloads/file_20220920110308.pdf#page=340"
"M217303","217303","Pilot","2173","Aircraft Pilots And Related Professionals","M217301","Pilot","exact_normalized_title","high","3153.2","https://www.dosm.gov.my/uploads/content-downloads/file_20220920110308.pdf#page=340"
"M217305","217305","Flight Instructor","2173","Aircraft Pilots And Related Professionals","M217302","Flight Instructor","exact_normalized_title","high","3153.2.3","https://www.dosm.gov.my/uploads/content-downloads/file_20220920110308.pdf#page=340"
"M217310","217310","Aircraft Design Engineer","2173","Aircraft Pilots And Related Professionals","M217303","Aircraft Design Engineer","exact_normalized_title","high","2144.1.1","https://www.dosm.gov.my/uploads/content-downloads/file_20220920110308.pdf#page=340"
"M217311","217311","Aeronautical Engineer","2173","Aircraft Pilots And Related Professionals","M217304","Aeronautical Engineer","exact_normalized_title","high","2144.1.1","https://www.dosm.gov.my/uploads/content-downloads/file_20220920110308.pdf#page=340"
"M217312","217312","Pilot/Pilot Examiner Grade AT43","2173","Aircraft Pilots And Related Professionals","M217310","Pilot/Pilot Examiner Grade AT10","grade_reversion","high","3154.2","https://www.dosm.gov.my/uploads/content-downloads/file_20220920110308.pdf#page=340"
"M217313","217313","Pilot/Pilot Examiner Grade AT47","2173","Aircraft Pilots And Related Professionals","M217311","Pilot/Pilot Examiner Grade AT12","grade_reversion","high","3154.2","https://www.dosm.gov.my/uploads/content-downloads/file_20220920110308.pdf#page=340"
"M217314","217314","Pilot/Pilot Examiner Grade AT51","2173","Aircraft Pilots And Related Professionals","M217312","Pilot/Pilot Examiner Grade AT13","grade_reversion","high","3154.2","https://www.dosm.gov.my/uploads/content-downloads/file_20220920110308.pdf#page=340"
"M217315","217315","Pilot/Pilot Examiner Grade AT53","2173","Aircraft Pilots And Related Professionals","M217313","Pilot/Pilot Examiner Grade AT14 (Flight Operation Director)","grade_reversion","high","3154.2","https://www.dosm.gov.my/uploads/content-downloads/file_20220920110308.pdf#page=340"
"M217322","217322","Marine Aviation Officer","2173","Aircraft Pilots And Related Professionals","M217306","Marine Aviation Officer","exact_normalized_title","high","3154.3","https://www.dosm.gov.my/uploads/content-downloads/file_20220920110308.pdf#page=341"
"M217401","217401","Air Traffic Control Officer Grade A41","2174","Air Traffic Controllers","M217404","Air Traffic Control Officer Grade A9","grade_reversion","high","3154.1","https://www.dosm.gov.my/uploads/content-downloads/file_20220920110308.pdf#page=341"
"M217402","217402","Air Traffic Controller","2174","Air Traffic Controllers","M217401","Air Traffic Controller","exact_normalized_title","high","3154.1","https://www.dosm.gov.my/uploads/content-downloads/file_20220920110308.pdf#page=341"
"M217403","217403","Operation Centre Controller","2174","Air Traffic Controllers","M217402","Operation Centre Controller","exact_normalized_title","high","3154.3","https://www.dosm.gov.my/uploads/content-downloads/file_20220920110308.pdf#page=341"
"M217501","217501","Railway and Locomotive Operation Officer","2175","Train/ Locomotive Controllers","M217501","Railway and Locomotive Operation Officer","exact_normalized_title","high","1324.3.1.3","https://www.dosm.gov.my/uploads/content-downloads/file_20220920110308.pdf#page=341"
"M218101","218101","Mining Excecutive","2181","Mining Professionals","M218101","Mining Executive","title_variant","high","1322.1","https://www.dosm.gov.my/uploads/content-downloads/file_20220920110308.pdf#page=341"
"M218201","218201","Manufacturing Executive","2182","Manufacturing Professionals","M218201","Manufacturing Executive","exact_normalized_title","high","1321.2","https://www.dosm.gov.my/uploads/content-downloads/file_20220920110308.pdf#page=341"
"M218202","218202","Quality Assurance Executive","2182","Manufacturing Professionals","M218202","Quality Assurance Executive","exact_normalized_title","high","1219.7","https://www.dosm.gov.my/uploads/content-downloads/file_20220920110308.pdf#page=341"
"M218207","218207","Store Executive","2182","Manufacturing Professionals","M218203","Store Executive","exact_normalized_title","high","1324.3.4","https://www.dosm.gov.my/uploads/content-downloads/file_20220920110308.pdf#page=341"
"M218229","218229","Technical Service Adviser","2182","Manufacturing Professionals","M218205","Technical Service Adviser","exact_normalized_title","high","1349.21","https://www.dosm.gov.my/uploads/content-downloads/file_20220920110308.pdf#page=341"
"M218231","218231","Material Specialist","2182","Manufacturing Professionals","M218206","Material Specialist","exact_normalized_title","high","2149.11","https://www.dosm.gov.my/uploads/content-downloads/file_20220920110308.pdf#page=341"
"M218301","218301","Construction Executive","2183","Construction Professionals","M218301","Construction Executive","exact_normalized_title","high","1323.1","https://www.dosm.gov.my/uploads/content-downloads/file_20220920110308.pdf#page=342"
"M221101","221101","Medical Officer Grade UD41","2211","Generalist Medical Practitioners","M221111","Medical Officer Grade UD9, UD10","combined_title_split","medium","2211.1","https://www.dosm.gov.my/uploads/content-downloads/file_20220920110308.pdf#page=342"
"M221102","221102","Medical Doctor","2211","Generalist Medical Practitioners","M221101","Medical Doctor","exact_normalized_title","high","2211.1","https://www.dosm.gov.my/uploads/content-downloads/file_20220920110308.pdf#page=342"
"M221107","221107","Medical Doctor, Gynaecology","2211","Generalist Medical Practitioners","M221102","Medical Doctor (Gynaecology)","exact_normalized_title","high","2212.1","https://www.dosm.gov.my/uploads/content-downloads/file_20220920110308.pdf#page=342"
"M221108","221108","Medical Doctor, Cardiology","2211","Generalist Medical Practitioners","M221103","Medical Doctor (Cardiology)","exact_normalized_title","high","2212.1","https://www.dosm.gov.my/uploads/content-downloads/file_20220920110308.pdf#page=342"
"M221110","221110","Medical Doctor, Obstetrics","2211","Generalist Medical Practitioners","M221104","Medical Doctor (Obstetrics)","exact_normalized_title","high","2212.1","https://www.dosm.gov.my/uploads/content-downloads/file_20220920110308.pdf#page=342"
"M221111","221111","Medical Doctor, Ophthalmology","2211","Generalist Medical Practitioners","M221105","Medical Doctor (Ophthalmology)","exact_normalized_title","high","2212.1","https://www.dosm.gov.my/uploads/content-downloads/file_20220920110308.pdf#page=342"
"M221112","221112","Medical Doctor, Psychiatry","2211","Generalist Medical Practitioners","M221106","Medical Doctor (Psychiatry)","exact_normalized_title","high","2212.1","https://www.dosm.gov.my/uploads/content-downloads/file_20220920110308.pdf#page=342"
"M221113","221113","Medical Doctor, Radiology","2211","Generalist Medical Practitioners","M221107","Medical Doctor (Radiology)","exact_normalized_title","high","2212.1","https://www.dosm.gov.my/uploads/content-downloads/file_20220920110308.pdf#page=342"
"M221118","221118","Doctor, Skin","2211","Generalist Medical Practitioners","M221108","Medical Doctor (Skin)","title_variant","high","2212.1","https://www.dosm.gov.my/uploads/content-downloads/file_20220920110308.pdf#page=342"
"M221120","221120","Medical Officer Grade UD43","2211","Generalist Medical Practitioners","M221111","Medical Officer Grade UD9, UD10","combined_title_split","medium","2211.1","https://www.dosm.gov.my/uploads/content-downloads/file_20220920110308.pdf#page=342"
"M221201","221201","Ear, Nose and Throat Specialist","2212","Specialist Medical Practitioners","M221201","Ear, Nose and Throat Specialist","exact_normalized_title","high","2212.1","https://www.dosm.gov.my/uploads/content-downloads/file_20220920110308.pdf#page=342"
"M221204","221204","Anaesthetist","2212","Specialist Medical Practitioners","M221202","Anaesthetist","exact_normalized_title","high","2212.1","https://www.dosm.gov.my/uploads/content-downloads/file_20220920110308.pdf#page=342"
"M221206","221206","Medical Oncologist","2212","Specialist Medical Practitioners","M221203","Medical Oncologist","exact_normalized_title","high","2212.1","https://www.dosm.gov.my/uploads/content-downloads/file_20220920110308.pdf#page=342"
"M221208","221208","Psychiatrist","2212","Specialist Medical Practitioners","M221204","Psychiatrist","exact_normalized_title","high","2212.1","https://www.dosm.gov.my/uploads/content-downloads/file_20220920110308.pdf#page=342"
"M221209","221209","Ophthalmologist","2212","Specialist Medical Practitioners","M221205","Ophthalmologist","exact_normalized_title","high","2212.1","https://www.dosm.gov.my/uploads/content-downloads/file_20220920110308.pdf#page=342"
"M221210","221210","Cardiologist","2212","Specialist Medical Practitioners","M221206","Cardiologist","exact_normalized_title","high","2212.1","https://www.dosm.gov.my/uploads/content-downloads/file_20220920110308.pdf#page=342"
"M221211","221211","Neurologist","2212","Specialist Medical Practitioners","M221207","Neurologist","exact_normalized_title","high","2212.1","https://www.dosm.gov.my/uploads/content-downloads/file_20220920110308.pdf#page=342"
"M221213","221213","Obstetrician and Gynaecologist","2212","Specialist Medical Practitioners","M221208","Obstetrician and Gynaecologist","exact_normalized_title","high","2212.1","https://www.dosm.gov.my/uploads/content-downloads/file_20220920110308.pdf#page=342"
"M221217","221217","Surgeon","2212","Specialist Medical Practitioners","M221209","Surgeon","exact_normalized_title","high","2212.1","https://www.dosm.gov.my/uploads/content-downloads/file_20220920110308.pdf#page=342"
"M221233","221233","Dermatologist","2212","Specialist Medical Practitioners","M221210","Dermatologist","exact_normalized_title","high","2212.1","https://www.dosm.gov.my/uploads/content-downloads/file_20220920110308.pdf#page=343"
"M221234","221234","Orthopaedist","2212","Specialist Medical Practitioners","M221211","Orthopaedist","exact_normalized_title","high","2212.1","https://www.dosm.gov.my/uploads/content-downloads/file_20220920110308.pdf#page=343"
"M221236","221236","Paediatrician","2212","Specialist Medical Practitioners","M221212","Paediatrician","exact_normalized_title","high","2212.1","https://www.dosm.gov.my/uploads/content-downloads/file_20220920110308.pdf#page=343"
"M221244","221244","Physician","2212","Specialist Medical Practitioners","M221213","Physician","exact_normalized_title","high","2212.1","https://www.dosm.gov.my/uploads/content-downloads/file_20220920110308.pdf#page=343"
"M221257","221257","Radiologist","2212","Specialist Medical Practitioners","M221214","Radiologist","exact_normalized_title","high","2212.1","https://www.dosm.gov.my/uploads/content-downloads/file_20220920110308.pdf#page=343"
"M221262","221262","Urologist","2212","Specialist Medical Practitioners","M221215","Urologist","exact_normalized_title","high","2212.1","https://www.dosm.gov.my/uploads/content-downloads/file_20220920110308.pdf#page=343"
"M221263","221263","Venereologist","2212","Specialist Medical Practitioners","M221216","Venereologist","exact_normalized_title","high","2212.1","https://www.dosm.gov.my/uploads/content-downloads/file_20220920110308.pdf#page=343"
"M221266","221266","Application Specialist (Hematology)","2212","Specialist Medical Practitioners","M243302","Application Specialist (Haematology)","title_variant","high","3114.1.5","https://www.dosm.gov.my/uploads/content-downloads/file_20220920110308.pdf#page=343"
"M222101","222101","Nurse Grade U41","2221","Nursing Professionals","M222104","Nurse Grade U9","grade_reversion","high","2221.2","https://www.dosm.gov.my/uploads/content-downloads/file_20220920110308.pdf#page=343"
"M222102","222102","Professional Nurse","2221","Nursing Professionals","M222101","Professional Nurse","exact_normalized_title","high","2221.2","https://www.dosm.gov.my/uploads/content-downloads/file_20220920110308.pdf#page=343"
"M222109","222109","Specialist Nurse","2221","Nursing Professionals","M222102","Specialist Nurse","exact_normalized_title","high","2221.3","https://www.dosm.gov.my/uploads/content-downloads/file_20220920110308.pdf#page=343"
"M222110","222110","Nurse Instructor","2221","Nursing Professionals","M222103","Nurse Instructor","exact_normalized_title","high","2310.1.28","https://www.dosm.gov.my/uploads/content-downloads/file_20220920110308.pdf#page=343"
"M222201","222201","Professional Midwife","2222","Midwifery Professionals","M222201","Professional Midwife","exact_normalized_title","high","2222.1","https://www.dosm.gov.my/uploads/content-downloads/file_20220920110308.pdf#page=344"
"M224101","224101","Paramedic","2241","Paramedical Practitioners","M224101","Paramedic","exact_normalized_title","high","3258.2","https://www.dosm.gov.my/uploads/content-downloads/file_20220920110308.pdf#page=344"
"M225101","225101","Veterinary Officer Grade GV41","2251","Veterinarians","M225102","Veterinary Officer Grade GV9","grade_reversion","high","2250.7","https://www.dosm.gov.my/uploads/content-downloads/file_20220920110308.pdf#page=344"
"M225102","225102","Veterinarian","2251","Veterinarians","M225101","Veterinarian","exact_normalized_title","high","2250.6","https://www.dosm.gov.my/uploads/content-downloads/file_20220920110308.pdf#page=344"
"M226101","226101","Dental Officer Grade UG41","2261","Dentists","M226102","Dental Officer Grade UG9","grade_reversion","high","2261.1","https://www.dosm.gov.my/uploads/content-downloads/file_20220920110308.pdf#page=344"
"M226102","226102","Dentist","2261","Dentists","M226101","Dentist","exact_normalized_title","high","2261.1","https://www.dosm.gov.my/uploads/content-downloads/file_20220920110308.pdf#page=344"
"M226201","226201","Pharmacist Grade UF41","2262","Pharmacists","M226202","Pharmacist Grade UF9","grade_reversion","high","2262.1","https://www.dosm.gov.my/uploads/content-downloads/file_20220920110308.pdf#page=344"
"M226202","226202","Pharmacist","2262","Pharmacists","M226201","Pharmacist","exact_normalized_title","high","2262.1","https://www.dosm.gov.my/uploads/content-downloads/file_20220920110308.pdf#page=345"
"M226207","226207","Pharmacist Grade UF44","2262","Pharmacists","M226203","Pharmacist Grade UF10","grade_reversion","high","2262.1","https://www.dosm.gov.my/uploads/content-downloads/file_20220920110308.pdf#page=345"
"M226301","226301","Environmental Health Officer Grade U41","2263","Environmental And Occupational Health And Hygiene Professionals","M226312","Environmental Health Officer Grade U9","grade_reversion","high","3257.1","https://www.dosm.gov.my/uploads/content-downloads/file_20220920110308.pdf#page=345"
"M226320","226320","Occupational Safety and Health Adviser","2263","Environmental And Occupational Health And Hygiene Professionals","M226301","Occupational Safety and Health Adviser","exact_normalized_title","high","2263.3","https://www.dosm.gov.my/uploads/content-downloads/file_20220920110308.pdf#page=345"
"M226324","226324","Authorised Gas Tester","2263","Environmental And Occupational Health And Hygiene Professionals","M226311","Authorised Gas Tester and Entry Supervisor","reviewed_functional_equivalent","medium","3257.5","https://www.dosm.gov.my/uploads/content-downloads/file_20220920110308.pdf#page=345"
"M226325","226325","Indoor Air Quality (IAQ) Assessor","2263","Environmental And Occupational Health And Hygiene Professionals","M226302","Competent Person (CP) - Assessor","combined_title_split","medium","3257.5","https://www.dosm.gov.my/uploads/content-downloads/file_20220920110308.pdf#page=345"
"M226327","226327","Chemical Assessor","2263","Environmental And Occupational Health And Hygiene Professionals","M226302","Competent Person (CP) - Assessor","combined_title_split","medium","3257.5","https://www.dosm.gov.my/uploads/content-downloads/file_20220920110308.pdf#page=345"
"M226328","226328","Waste Management Competence Person","2263","Environmental And Occupational Health And Hygiene Professionals","M226303","Competent Person (CP) - Waste Management","title_variant","high","1321.2.5","https://www.dosm.gov.my/uploads/content-downloads/file_20220920110308.pdf#page=345"
"M226329","226329","Building Auditor","2263","Environmental And Occupational Health And Hygiene Professionals","M226304","Building Auditor","exact_normalized_title","high","3112.1.2","https://www.dosm.gov.my/uploads/content-downloads/file_20220920110308.pdf#page=345"
"M226331","226331","Halal Executive","2263","Environmental And Occupational Health And Hygiene Professionals","M226305","Halal Executive","exact_normalized_title","high","2263.2","https://www.dosm.gov.my/uploads/content-downloads/file_20220920110308.pdf#page=345"
"M226337","226337","Food and Drinks Technologist","2263","Environmental And Occupational Health And Hygiene Professionals","M226306","Food and Drinks Technologist","exact_normalized_title","high","2145.1.4","https://www.dosm.gov.my/uploads/content-downloads/file_20220920110308.pdf#page=345"
"M226341","226341","Landfill Engineer","2263","Environmental And Occupational Health And Hygiene Professionals","M226307","Landfill Engineer","exact_normalized_title","high","2143.1.4","https://www.dosm.gov.my/uploads/content-downloads/file_20220920110308.pdf#page=345"
"M226344","226344","Major Hazard Competent Person","2263","Environmental And Occupational Health And Hygiene Professionals","M226308","Competent Person (CP) - Major Hazard","title_variant","high","2149.10","https://www.dosm.gov.my/uploads/content-downloads/file_20220920110308.pdf#page=345"
"M226401","226401","Medical Rehabilitation Officer Grade U41","2264","Physiotherapists","M226402","Medical Rehabilitation Officer Grade U9","grade_reversion","high","2264.2","https://www.dosm.gov.my/uploads/content-downloads/file_20220920110308.pdf#page=345"
"M226411","226411","Orthopaedic Physical Therapist","2264","Physiotherapists","M226401","Orthopaedic Physical Therapist","exact_normalized_title","high","2264.2","https://www.dosm.gov.my/uploads/content-downloads/file_20220920110308.pdf#page=346"
"M226501","226501","Dietetics Officer Grade U41","2265","Dieticians And Nutritionists","M226502","Dietetics Officer Grade U9","grade_reversion","high","2265.1","https://www.dosm.gov.my/uploads/content-downloads/file_20220920110308.pdf#page=346"
"M226502","226502","Dietician","2265","Dieticians And Nutritionists","M226501","Dietitian","title_variant","high","2265.1","https://www.dosm.gov.my/uploads/content-downloads/file_20220920110308.pdf#page=346"
"M226514","226514","Food Preparation Officer Grade C41","2265","Dieticians And Nutritionists","M226503","Food Preparation Officer Grade C9","grade_reversion","high","1321.2.1.3","https://www.dosm.gov.my/uploads/content-downloads/file_20220920110308.pdf#page=346"
"M226601","226601","Audiologists","2266","Audiologists And Speech Therapists","M226601","Audiologist","title_variant","high","2266.1","https://www.dosm.gov.my/uploads/content-downloads/file_20220920110308.pdf#page=346"
"M226602","226602","Speech Therapist","2266","Audiologists And Speech Therapists","M226602","Speech Therapist","exact_normalized_title","high","2266.2","https://www.dosm.gov.my/uploads/content-downloads/file_20220920110308.pdf#page=346"
"M226603","226603","Orthoepist","2266","Audiologists And Speech Therapists","M226603","Orthoepist","exact_normalized_title","high","2266.2","https://www.dosm.gov.my/uploads/content-downloads/file_20220920110308.pdf#page=346"
"M226701","226701","Optometry Officer Grade U41","2267","Optometrists And Ophthalmic Opticians","M226702","Optometry Officer Grade U9","grade_reversion","high","2267.1","https://www.dosm.gov.my/uploads/content-downloads/file_20220920110308.pdf#page=346"
"M226702","226702","Optometrist","2267","Optometrists And Ophthalmic Opticians","M226701","Optometrist","exact_normalized_title","high","2267.1","https://www.dosm.gov.my/uploads/content-downloads/file_20220920110308.pdf#page=346"
"M226703","226703","Optician","2267","Optometrists And Ophthalmic Opticians","M325401","Optician","exact_normalized_title","high","3254.1","https://www.dosm.gov.my/uploads/content-downloads/file_20220920110308.pdf#page=346"
"M226801","226801","Occupational Therapist","2268","Occupational Therapists","M221217","Occupational Therapist","exact_normalized_title","high","2269.4","https://www.dosm.gov.my/uploads/content-downloads/file_20220920110308.pdf#page=346"
"M226901","226901","X-Ray Technician Grade U41","2269","Health Professionals Not Elsewhere Classified","M226902","Radiographer Grade U9","reviewed_functional_equivalent","medium","2269.8","https://www.dosm.gov.my/uploads/content-downloads/file_20220920110308.pdf#page=346"
"M226902","226902","Instructor Grade U41","2269","Health Professionals Not Elsewhere Classified","M226903","Instructor Grade U9","grade_reversion","high","2320.1.4","https://www.dosm.gov.my/uploads/content-downloads/file_20220920110308.pdf#page=346"
"M231105","231105","Dental Lecturer Grade DUG51P","2311","University And Higher Education Teaching Professionals","M231104","Dental Lecturer Grade DUG13P","grade_reversion","high","2310.1.12","https://www.dosm.gov.my/uploads/content-downloads/file_20220920110308.pdf#page=347"
"M231117","231117","Pharmacy Lecturer Grade DUF45","2311","University And Higher Education Teaching Professionals","M231107","Pharmacy Lecturer Grade DUF11","grade_reversion","high","2310.1.31","https://www.dosm.gov.my/uploads/content-downloads/file_20220920110308.pdf#page=347"
"M232102","232102","Teacher, Vocational","2321","Vocational Education Teachers","M232101","Vocational Teacher","title_variant","high","2320.1","https://www.dosm.gov.my/uploads/content-downloads/file_20220920110308.pdf#page=347"
"M238101","238101","Vocational Training Officer Grade DV41","2381","Vocational Training Officers","M238102","Vocational Training Officer Grade DV9","grade_reversion","high","2320.1","https://www.dosm.gov.my/uploads/content-downloads/file_20220920110308.pdf#page=348"
"M238102","238102","Skills Training Trainer","2381","Vocational Training Officers","M238101","Skills Training Trainer","exact_normalized_title","high","2320.1","https://www.dosm.gov.my/uploads/content-downloads/file_20220920110308.pdf#page=348"
"M238103","238103","Assistant Vocational Training Officer Grade DV29","2381","Vocational Training Officers","M238107","Assistant Vocational Training Officer Grade DV5, DV6, DV7, DV8","combined_title_split","medium","2320.1","https://www.dosm.gov.my/uploads/content-downloads/file_20220920110308.pdf#page=348"
"M238106","238106","Assistant Vocational Training Officer Grade DV35","2381","Vocational Training Officers","M238107","Assistant Vocational Training Officer Grade DV5, DV6, DV7, DV8","combined_title_split","medium","2320.1","https://www.dosm.gov.my/uploads/content-downloads/file_20220920110308.pdf#page=348"
"M238107","238107","Assistant Vocational Training Officer Grade DV37","2381","Vocational Training Officers","M238107","Assistant Vocational Training Officer Grade DV5, DV6, DV7, DV8","combined_title_split","medium","2320.1","https://www.dosm.gov.my/uploads/content-downloads/file_20220920110308.pdf#page=348"
"M238108","238108","Assistant Vocational Training Officer Grade DV39","2381","Vocational Training Officers","M238107","Assistant Vocational Training Officer Grade DV5, DV6, DV7, DV8","combined_title_split","medium","2320.1","https://www.dosm.gov.my/uploads/content-downloads/file_20220920110308.pdf#page=348"
"M238109","238109","Vocational Training Officer Grade DV43","2381","Vocational Training Officers","M238103","Vocational Training Officer Grade DV10","grade_reversion","high","2320.1","https://www.dosm.gov.my/uploads/content-downloads/file_20220920110308.pdf#page=348"
"M238110","238110","Vocational Training Officer Grade DV47","2381","Vocational Training Officers","M238104","Vocational Training Officer Grade DV12","grade_reversion","high","2320.1","https://www.dosm.gov.my/uploads/content-downloads/file_20220920110308.pdf#page=348"
"M238111","238111","Vocational Training Officer Grade DV51","2381","Vocational Training Officers","M238105","Vocational Training Officer Grade DV13","grade_reversion","high","2320.1","https://www.dosm.gov.my/uploads/content-downloads/file_20220920110308.pdf#page=348"
"M238112","238112","Vocational Training Officer Grade DV53","2381","Vocational Training Officers","M238106","Vocational Training Officer Grade DV14","grade_reversion","high","2320.1","https://www.dosm.gov.my/uploads/content-downloads/file_20220920110308.pdf#page=348"
"M239303","239303","Software Trainer","2393","Information Technology Trainers","M239301","Software Trainer","exact_normalized_title","high","2356.1","https://www.dosm.gov.my/uploads/content-downloads/file_20220920110308.pdf#page=349"
"M242103","242103","Operation Research Analyst","2421","Management And Organisation Analysts","M242102","Operation Research Analyst","exact_normalized_title","high","2120.5","https://www.dosm.gov.my/uploads/content-downloads/file_20220920110308.pdf#page=351"
"M242401","242401","Staff Training Officer","2424","Training And Staff Development Professionals","M242401","Staff Training Officer","exact_normalized_title","high","2424.2","https://www.dosm.gov.my/uploads/content-downloads/file_20220920110308.pdf#page=351"
"M242601","242601","Research Officer Grade Q41","2426","Research And Development Professionals","M242606","Research Officer Grade Q9","grade_reversion","high","1223.2.2","https://www.dosm.gov.my/uploads/content-downloads/file_20220920110308.pdf#page=352"
"M242602","242602","Scientific Officer Grade C41","2426","Research And Development Professionals","M242607","Scientific Officer Grade C9","grade_reversion","high","1349.17","https://www.dosm.gov.my/uploads/content-downloads/file_20220920110308.pdf#page=352"
"M242603","242603","Agro-Based Biotech Food Researcher","2426","Research And Development Professionals","M242601","Agro-Based Biotech Food Researcher","exact_normalized_title","high","2131.5","https://www.dosm.gov.my/uploads/content-downloads/file_20220920110308.pdf#page=352"
"M242604","242604","Aquaculture Biotech Researcher","2426","Research And Development Professionals","M242602","Aquaculture Biotech Researcher","exact_normalized_title","high","2131.4.1","https://www.dosm.gov.my/uploads/content-downloads/file_20220920110308.pdf#page=352"
"M242609","242609","Research and Development Executive","2426","Research And Development Professionals","M242603","Research and Development Executive","exact_normalized_title","high","1223.2","https://www.dosm.gov.my/uploads/content-downloads/file_20220920110308.pdf#page=352"
"M242613","242613","Research Officer","2426","Research And Development Professionals","M242604","Research Officer","exact_normalized_title","high","1223.2.2","https://www.dosm.gov.my/uploads/content-downloads/file_20220920110308.pdf#page=352"
"M243114","243114","Trade Product Specialist","2431","Advertising And Marketing Professionals","M243104","Product Specialist","reviewed_functional_equivalent","medium","2433.6","https://www.dosm.gov.my/uploads/content-downloads/file_20220920110308.pdf#page=352"
"M243132","243132","Technical Sales Engineer","2431","Advertising And Marketing Professionals","M243103","Technical Sales Engineer","exact_normalized_title","high","2433.4","https://www.dosm.gov.my/uploads/content-downloads/file_20220920110308.pdf#page=353"
"M243301","243301","Sales Representative, Medical","2433","Technical And Medical Sales Professionals (Excluding Ict)","M243301","Sales Representative (Medical)","exact_normalized_title","high","2433.2","https://www.dosm.gov.my/uploads/content-downloads/file_20220920110308.pdf#page=353"
"M243401","243401","Sales Representative, Information and Communications Technology","2434","Information And Communications Technology (Ict) Sales Professionals","M243401","Sales Representative (Information and Communications Technology)","exact_normalized_title","high","2434.4","https://www.dosm.gov.my/uploads/content-downloads/file_20220920110308.pdf#page=354"
"M243410","243410","Digital Banking/Internet Technology Specialist","2434","Information And Communications Technology (Ict) Sales Professionals","M243402","Digital Banking-Internet Technology Specialist","exact_normalized_title","high","2514.2","https://www.dosm.gov.my/uploads/content-downloads/file_20220920110308.pdf#page=354"
"M251101","251101","Management Information Systems (MIS) Analyst","2511","Computer Systems Analysts","M251101","Management Information Systems (MIS) Analyst","exact_normalized_title","high","2511.13","https://www.dosm.gov.my/uploads/content-downloads/file_20220920110308.pdf#page=354"
"M251116","251116","Technical Specialist (.Net)","2511","Computer Systems Analysts","M251102","Technical Specialist (.Net)","exact_normalized_title","high","2512.4","https://www.dosm.gov.my/uploads/content-downloads/file_20220920110308.pdf#page=354"
"M251142","251142","Register Transfer Level (RTL) Designer (Information Technology)","2511","Computer Systems Analysts","M251103","Register Transfer Level (RTL) Designer (Information Technology)","exact_normalized_title","high","2152.1.7.1","https://www.dosm.gov.my/uploads/content-downloads/file_20220920110308.pdf#page=355"
"M251144","251144","Design Engineer (Information Technology)","2511","Computer Systems Analysts","M251104","Design Engineer (Information Technology)","exact_normalized_title","high","2511.14","https://www.dosm.gov.my/uploads/content-downloads/file_20220920110308.pdf#page=355"
"M251201","251201","Software Developer","2512","Software Developers","M251201","Software Developer","exact_normalized_title","high","2512.4","https://www.dosm.gov.my/uploads/content-downloads/file_20220920110308.pdf#page=355"
"M251219","251219","Information Technology System Architect","2512","Software Developers","M251202","Information Technology Systems Architect","title_variant","high","2511.14","https://www.dosm.gov.my/uploads/content-downloads/file_20220920110308.pdf#page=355"
"M251243","251243","Information System Executive","2512","Software Developers","M251203","Information Systems Executive","title_variant","high","2522.1","https://www.dosm.gov.my/uploads/content-downloads/file_20220920110308.pdf#page=356"
"M251301","251301","Website Developer","2513","Web And Mul Timedia Developers","M251301","Website Developer","exact_normalized_title","high","2513.5","https://www.dosm.gov.my/uploads/content-downloads/file_20220920110308.pdf#page=356"
"M251302","251302","Internet/ Intranet Developer","2513","Web And Mul Timedia Developers","M251302","Internet/Intranet Developer","exact_normalized_title","high","2513.5","https://www.dosm.gov.my/uploads/content-downloads/file_20220920110308.pdf#page=356"
"M251401","251401","Computer Programmer","2514","Application Programmers","M251401","Computer Programmer","exact_normalized_title","high","2512.4","https://www.dosm.gov.my/uploads/content-downloads/file_20220920110308.pdf#page=356"
"M251407","251407","Systems Programmer","2514","Application Programmers","M251402","Systems Programmer","exact_normalized_title","high","2511.15","https://www.dosm.gov.my/uploads/content-downloads/file_20220920110308.pdf#page=356"
"M251419","251419","C/C++ Programmer","2514","Application Programmers","M251403","C/C++ Programmer","exact_normalized_title","high","2512.4","https://www.dosm.gov.my/uploads/content-downloads/file_20220920110308.pdf#page=356"
"M251433","251433","Computer Infrastructure Specialist","2514","Application Programmers","M251404","Computer Infrastructure Specialist","exact_normalized_title","high","2522.1","https://www.dosm.gov.my/uploads/content-downloads/file_20220920110308.pdf#page=357"
"M251434","251434","User Interface (UI)/ Gameplay Coders","2514","Application Programmers","M251405","User Interface (UI)/Gameplay Coder","title_variant","high","2512.5","https://www.dosm.gov.my/uploads/content-downloads/file_20220920110308.pdf#page=357"
"M251902","251902","Systems Tester","2519","Software And Application Developers And Analysts Not Elsewhere Classified","M251901","Systems Tester","exact_normalized_title","high","2519.7.4","https://www.dosm.gov.my/uploads/content-downloads/file_20220920110308.pdf#page=357"
"M251916","251916","Information Technology Auditor","2519","Software And Application Developers And Analysts Not Elsewhere Classified","M251902","Information Technology Auditor","exact_normalized_title","high","2511.18","https://www.dosm.gov.my/uploads/content-downloads/file_20220920110308.pdf#page=357"
"M252101","252101","Database Architect","2521","Database Designers And Administrators","M252101","Database Architect","exact_normalized_title","high","2521.2","https://www.dosm.gov.my/uploads/content-downloads/file_20220920110308.pdf#page=357"
"M252103","252103","Database Administrator","2521","Database Designers And Administrators","M252102","Database Administrator","exact_normalized_title","high","2521.1","https://www.dosm.gov.my/uploads/content-downloads/file_20220920110308.pdf#page=357"
"M252108","252108","Oracle Database Specialist","2521","Database Designers And Administrators","M252105","Oracle Database Administrator","reviewed_functional_equivalent","medium","2521.1","https://www.dosm.gov.my/uploads/content-downloads/file_20220920110308.pdf#page=357"
"M252201","252201","Information Technology Officer Grade F41","2522","Information Technology System Administrators","M252211","Information Technology Officer Grade F9","grade_reversion","high","2511.13","https://www.dosm.gov.my/uploads/content-downloads/file_20220920110308.pdf#page=357"
"M252205","252205","Information System Officer","2522","Information Technology System Administrators","M252201","Information Systems Officer","title_variant","high","2522.1","https://www.dosm.gov.my/uploads/content-downloads/file_20220920110308.pdf#page=357"
"M252208","252208","Information Technology Support Officer","2522","Information Technology System Administrators","M252202","Information Technology Support Officer","exact_normalized_title","high","3512.4","https://www.dosm.gov.my/uploads/content-downloads/file_20220920110308.pdf#page=358"
"M252214","252214","Computer Support Engineer","2522","Information Technology System Administrators","M252203","Computer Support Engineer","exact_normalized_title","high","3512.4","https://www.dosm.gov.my/uploads/content-downloads/file_20220920110308.pdf#page=358"
"M252215","252215","Information Technology Technical Specialist","2522","Information Technology System Administrators","M252204","Information Technology Technical Specialist","exact_normalized_title","high","3512.4","https://www.dosm.gov.my/uploads/content-downloads/file_20220920110308.pdf#page=358"
"M252222","252222","Cloud Computing Solution Architect","2522","Information Technology System Administrators","M252205","Cloud Computing Solution Architect","exact_normalized_title","high","2512.6","https://www.dosm.gov.my/uploads/content-downloads/file_20220920110308.pdf#page=358"
"M252238","252238","Geographic Information Systems (GIS) Officer","2522","Information Technology System Administrators","M252209","Geographic Information Systems (GIS) Officer","exact_normalized_title","high","2165.3","https://www.dosm.gov.my/uploads/content-downloads/file_20220920110308.pdf#page=358"
"M252311","252311","Network Specialist","2523","Computer Network Professionals","M252301","Network Specialist","exact_normalized_title","high","2522.1.1","https://www.dosm.gov.my/uploads/content-downloads/file_20220920110308.pdf#page=358"
"M252401","252401","Data Scientist","2524","Data Professionals","M252401","Data Scientist","exact_normalized_title","high","2511.4","https://www.dosm.gov.my/uploads/content-downloads/file_20220920110308.pdf#page=358"
"M252403","252403","Data Analyst","2524","Data Professionals","M252402","Data Analyst","exact_normalized_title","high","2511.3","https://www.dosm.gov.my/uploads/content-downloads/file_20220920110308.pdf#page=358"
"M252406","252406","Data Architect","2524","Data Professionals","M252403","Data Architect","exact_normalized_title","high","2521.2","https://www.dosm.gov.my/uploads/content-downloads/file_20220920110308.pdf#page=359"
"M252411","252411","Machine Learning Engineer","2524","Data Professionals","M251903","Machine Learning/Artificial Intelligence (AI) Engineer","combined_title_split","medium","2511.11","https://www.dosm.gov.my/uploads/content-downloads/file_20220920110308.pdf#page=359"
"M252413","252413","Artificial Intelligence Engineer (AI)","2524","Data Professionals","M251903","Machine Learning/Artificial Intelligence (AI) Engineer","combined_title_split","medium","2511.11","https://www.dosm.gov.my/uploads/content-downloads/file_20220920110308.pdf#page=359"
"M253102","253102","Cybersecurity Executive","2531","Cybersecurity Professionals","M253101","Cybersecurity Executive","exact_normalized_title","high","2529.8","https://www.dosm.gov.my/uploads/content-downloads/file_20220920110308.pdf#page=359"
"M253103","253103","Digital Forensic Specialist","2531","Cybersecurity Professionals","M253102","Digital Forensic Specialist","exact_normalized_title","high","2529.2","https://www.dosm.gov.my/uploads/content-downloads/file_20220920110308.pdf#page=359"
"M253120","253120","Information Security Officer","2531","Cybersecurity Professionals","M253103","Information Security Officer","exact_normalized_title","high","2529.6","https://www.dosm.gov.my/uploads/content-downloads/file_20220920110308.pdf#page=359"
"M253130","253130","Cybersecurity Analyst","2531","Cybersecurity Professionals","M253104","Cybersecurity Analyst","exact_normalized_title","high","2529.8","https://www.dosm.gov.my/uploads/content-downloads/file_20220920110308.pdf#page=359"
"M253131","253131","Test Analyst (Information Technology)","2531","Cybersecurity Professionals","M253105","Test Analyst (Information Technology)","exact_normalized_title","high","2519.6","https://www.dosm.gov.my/uploads/content-downloads/file_20220920110308.pdf#page=359"
"M253136","253136","Security Infrastructure Engineer","2531","Cybersecurity Professionals","M253106","Security Infrastructure Engineer","exact_normalized_title","high","2529.6","https://www.dosm.gov.my/uploads/content-downloads/file_20220920110308.pdf#page=359"
"M253139","253139","Internet Safety Evaluater","2531","Cybersecurity Professionals","M253107","Internet Safety Evaluator","title_variant","high","2513.4","https://www.dosm.gov.my/uploads/content-downloads/file_20220920110308.pdf#page=359"
"M254110","254110","Compositor/Composite artist","2541","Animation And Visual Effects Professionals","M254101","Compositor/Composite Artist","exact_normalized_title","high","2166.13","https://www.dosm.gov.my/uploads/content-downloads/file_20220920110308.pdf#page=360"
"M254112","254112","Scriptwriter / Screenwriter","2541","Animation And Visual Effects Professionals","M254102","Scriptwriter / Screenwriter","exact_normalized_title","high","2641.4.2","https://www.dosm.gov.my/uploads/content-downloads/file_20220920110308.pdf#page=360"
"M254116","254116","Digital Artist","2541","Animation And Visual Effects Professionals","M254103","Digital Artist","exact_normalized_title","high","2166.5","https://www.dosm.gov.my/uploads/content-downloads/file_20220920110308.pdf#page=360"
"M254120","254120","Multimedia Artist","2541","Animation And Visual Effects Professionals","M254104","Multimedia Designer/Artist/Animator","combined_title_split","medium","2166.7","https://www.dosm.gov.my/uploads/content-downloads/file_20220920110308.pdf#page=360"
"M254126","254126","Visualization Specialist","2541","Animation And Visual Effects Professionals","M254105","Visualization Specialist","exact_normalized_title","high","2166.7","https://www.dosm.gov.my/uploads/content-downloads/file_20220920110308.pdf#page=360"
"M254127","254127","Computer Specialist","2541","Animation And Visual Effects Professionals","M254106","Computer Specialist","exact_normalized_title","high","3512.4","https://www.dosm.gov.my/uploads/content-downloads/file_20220920110308.pdf#page=360"
"M254128","254128","Story Content Writer","2541","Animation And Visual Effects Professionals","M254107","Story Content Writer","exact_normalized_title","high","2641.4","https://www.dosm.gov.my/uploads/content-downloads/file_20220920110308.pdf#page=360"
"M254201","254201","Game Designer (Digital)","2542","Digital Games And Esports Professionals","M254201","Game Designer (Digital)","exact_normalized_title","high","2166.6","https://www.dosm.gov.my/uploads/content-downloads/file_20220920110308.pdf#page=360"
"M254203","254203","QA Tester/Game Tester (Digital)","2542","Digital Games And Esports Professionals","M254202","QA Tester/Game Tester (Digital)","exact_normalized_title","high","2519.7.1","https://www.dosm.gov.my/uploads/content-downloads/file_20220920110308.pdf#page=360"
"M254204","254204","Game Producer (Digital)","2542","Digital Games And Esports Professionals","M254203","Game Producer (Digital)","exact_normalized_title","high","1223.2.1.3","https://www.dosm.gov.my/uploads/content-downloads/file_20220920110308.pdf#page=360"
"M254206","254206","3D Artist","2542","Digital Games And Esports Professionals","M254108","3D Generalist","reviewed_functional_equivalent","medium","2166.1","https://www.dosm.gov.my/uploads/content-downloads/file_20220920110308.pdf#page=360"
"M254209","254209","Concept Artist","2542","Digital Games And Esports Professionals","M254204","Concept Artist","exact_normalized_title","high","2166.5","https://www.dosm.gov.my/uploads/content-downloads/file_20220920110308.pdf#page=360"
"M254210","254210","Technical Artist","2542","Digital Games And Esports Professionals","M254205","Technical Artist","exact_normalized_title","high","2166.5","https://www.dosm.gov.my/uploads/content-downloads/file_20220920110308.pdf#page=360"
"M254211","254211","Art director","2542","Digital Games And Esports Professionals","M254206","Creative, Performing and Media Production Directors","reviewed_functional_equivalent","medium","2431.7","https://www.dosm.gov.my/uploads/content-downloads/file_20220920110308.pdf#page=360"
"M254215","254215","Graphics Programmer","2542","Digital Games And Esports Professionals","M254207","Graphics Programmer","exact_normalized_title","high","2513.1","https://www.dosm.gov.my/uploads/content-downloads/file_20220920110308.pdf#page=360"
"M254217","254217","Graphics Creator","2542","Digital Games And Esports Professionals","M254208","Graphics Creator","exact_normalized_title","high","2166.9","https://www.dosm.gov.my/uploads/content-downloads/file_20220920110308.pdf#page=360"
"M254301","254301","Web Designer","2543","Creative Content Designers Professionals","M254301","Web Designer","exact_normalized_title","high","2166.15","https://www.dosm.gov.my/uploads/content-downloads/file_20220920110308.pdf#page=360"
"M254302","254302","Graphic Designer","2543","Creative Content Designers Professionals","M254302","Graphics Designer","title_variant","high","2166.9","https://www.dosm.gov.my/uploads/content-downloads/file_20220920110308.pdf#page=360"
"M254305","254305","Multimedia Designer","2543","Creative Content Designers Professionals","M254104","Multimedia Designer/Artist/Animator","combined_title_split","medium","2166.7","https://www.dosm.gov.my/uploads/content-downloads/file_20220920110308.pdf#page=361"
"M254314","254314","UX Designer (User Experience)","2543","Creative Content Designers Professionals","M254303","UX Designer (User Experience)","exact_normalized_title","high","2513.3","https://www.dosm.gov.my/uploads/content-downloads/file_20220920110308.pdf#page=361"
"M254316","254316","Digital Designer","2543","Creative Content Designers Professionals","M254304","Digital Designer","exact_normalized_title","high","2166.7","https://www.dosm.gov.my/uploads/content-downloads/file_20220920110308.pdf#page=361"
"M254317","254317","Creative Team Leader","2543","Creative Content Designers Professionals","M254305","Creative Team Leader","exact_normalized_title","high","2431.7","https://www.dosm.gov.my/uploads/content-downloads/file_20220920110308.pdf#page=361"
"M254318","254318","Character Rigger","2543","Creative Content Designers Professionals","M254306","Character Rigger","exact_normalized_title","high","2166.3.1","https://www.dosm.gov.my/uploads/content-downloads/file_20220920110308.pdf#page=361"
"M261907","261907","Coroner","2619","Legal Professionals Not Elsewhere Classified","M261906","Coroner","exact_normalized_title","high","2619.2","https://www.dosm.gov.my/uploads/content-downloads/file_20220920110308.pdf#page=362"
"M282203","282203","Archaeologist","2822","Sociologists, Anthropologists And Related Professionals","M282203","Archaeologist","exact_normalized_title","high","2632.2","https://www.dosm.gov.my/uploads/content-downloads/file_20220920110308.pdf#page=363"
"M282204","282204","Geographer","2822","Sociologists, Anthropologists And Related Professionals","M282204","Geographer","exact_normalized_title","high","2632.5","https://www.dosm.gov.my/uploads/content-downloads/file_20220920110308.pdf#page=363"
"M282206","282206","Criminologist","2822","Sociologists, Anthropologists And Related Professionals","M282206","Criminologist","exact_normalized_title","high","2632.4","https://www.dosm.gov.my/uploads/content-downloads/file_20220920110308.pdf#page=363"
"M282404","282404","Clinical Psychologist","2824","Psychologists","M282401","Clinical Psychologist","exact_normalized_title","high","2634.2.1","https://www.dosm.gov.my/uploads/content-downloads/file_20220920110308.pdf#page=363"
"M282407","282407","Psychotherapist","2824","Psychologists","M325503","Stress Therapist","reviewed_functional_equivalent","medium","2634.2.4","https://www.dosm.gov.my/uploads/content-downloads/file_20220920110308.pdf#page=363"
"M291603","291603","Industrial Relations Officer Grade S41","2916","Professional Civil Defence Officials","M291602","Industrial Relations Officer Grade S9","grade_reversion","high","2423.4","https://www.dosm.gov.my/uploads/content-downloads/file_20220920110308.pdf#page=367"
"M291608","291608","Maritime Superintendent Officer Grade T13","2916","Professional Civil Defence Officials","M291606","Maritime Superintendent Officer Grade T8","grade_reversion","high","5419.3","https://www.dosm.gov.my/uploads/content-downloads/file_20220920110308.pdf#page=367"
"M311101","311101","Laboratory Assistant Grade C19","3111","Chemical And Physical Science Technicians","M311113","Laboratory Assistant Grade C1","grade_reversion","high","3141.2","https://www.dosm.gov.my/uploads/content-downloads/file_20220920110308.pdf#page=367"
"M311102","311102","Research Assistant Grade Q19","3111","Chemical And Physical Science Technicians","M311114","Research Assistant Grade Q1, Q2, Q3, Q4","grade_reversion","high","2310.1.41","https://www.dosm.gov.my/uploads/content-downloads/file_20220920110308.pdf#page=367"
"M311105","311105","Geophysics Technician","3111","Chemical And Physical Science Technicians","M311101","Geophysics Technician","exact_normalized_title","high","3111.4","https://www.dosm.gov.my/uploads/content-downloads/file_20220920110308.pdf#page=367"
"M311106","311106","Chemistry Technician","3111","Chemical And Physical Science Technicians","M311102","Chemistry Technician","exact_normalized_title","high","3111.1","https://www.dosm.gov.my/uploads/content-downloads/file_20220920110308.pdf#page=367"
"M311107","311107","Physics Science Laboratory Technician","3111","Chemical And Physical Science Technicians","M311103","Physics Science Laboratory Technician","exact_normalized_title","high","3111.11","https://www.dosm.gov.my/uploads/content-downloads/file_20220920110308.pdf#page=367"
"M311108","311108","Physical Science Technician","3111","Chemical And Physical Science Technicians","M311104","Physical Science Technician","exact_normalized_title","high","3111.11","https://www.dosm.gov.my/uploads/content-downloads/file_20220920110308.pdf#page=367"
"M311110","311110","Chemistry Laboratory Assistant","3111","Chemical And Physical Science Technicians","M311105","Chemistry Laboratory Assistant","exact_normalized_title","high","3111.1","https://www.dosm.gov.my/uploads/content-downloads/file_20220920110308.pdf#page=367"
"M311112","311112","Soil Technician","3111","Chemical And Physical Science Technicians","M311106","Soil Technician","exact_normalized_title","high","3111.14","https://www.dosm.gov.my/uploads/content-downloads/file_20220920110308.pdf#page=367"
"M311114","311114","Meteorological Technician","3111","Chemical And Physical Science Technicians","M311107","Meteorological Technician","exact_normalized_title","high","3111.8","https://www.dosm.gov.my/uploads/content-downloads/file_20220920110308.pdf#page=367"
"M311116","311116","Geological Technician","3111","Chemical And Physical Science Technicians","M311108","Geological Technician","exact_normalized_title","high","3111.4","https://www.dosm.gov.my/uploads/content-downloads/file_20220920110308.pdf#page=367"
"M311120","311120","Oceanography Technician","3111","Chemical And Physical Science Technicians","M311109","Oceanography Technician","exact_normalized_title","high","3111.5","https://www.dosm.gov.my/uploads/content-downloads/file_20220920110308.pdf#page=368"
"M311125","311125","Climate Service Technician","3111","Chemical And Physical Science Technicians","M311111","Climate Science Technician","reviewed_functional_equivalent","medium","3111.8","https://www.dosm.gov.my/uploads/content-downloads/file_20220920110308.pdf#page=368"
"M311132","311132","Laboratory Technician","3111","Chemical And Physical Science Technicians","M311112","Laboratory Technician","exact_normalized_title","high","3141.2","https://www.dosm.gov.my/uploads/content-downloads/file_20220920110308.pdf#page=368"
"M311133","311133","Assistant Meteorological Officer Grade C29","3111","Chemical And Physical Science Technicians","M311115","Assistant Meteorological Officer Grade C5","grade_reversion","high","3111.8","https://www.dosm.gov.my/uploads/content-downloads/file_20220920110308.pdf#page=368"
"M311136","311136","Assistant Scientific Officer Grade C29","3111","Chemical And Physical Science Technicians","M311116","Assistant Science Officer Grade C5","grade_reversion","high","3141.2","https://www.dosm.gov.my/uploads/content-downloads/file_20220920110308.pdf#page=368"
"M311137","311137","Assistant Research Officer Grade Q29","3111","Chemical And Physical Science Technicians","M311117","Assistant Research Officer Grade Q5","grade_reversion","high","2310.1.41","https://www.dosm.gov.my/uploads/content-downloads/file_20220920110308.pdf#page=368"
"M311202","311202","Civil Engineering Technician","3112","Civil Engineering Technicians","M311201","Civil Engineering Technician","exact_normalized_title","high","3112.1","https://www.dosm.gov.my/uploads/content-downloads/file_20220920110308.pdf#page=368"
"M311204","311204","Civil Engineering Estimator","3112","Civil Engineering Technicians","M311202","Civil Engineering Estimator","exact_normalized_title","high","2149.14","https://www.dosm.gov.my/uploads/content-downloads/file_20220920110308.pdf#page=368"
"M311208","311208","Engineering Designer","3112","Civil Engineering Technicians","M311203","Engineering Designer","exact_normalized_title","high","3118.3.4","https://www.dosm.gov.my/uploads/content-downloads/file_20220920110308.pdf#page=368"
"M311209","311209","Civil Engineering Supervisor","3112","Civil Engineering Technicians","M311204","Civil Engineering Supervisor","exact_normalized_title","high","3123.1","https://www.dosm.gov.my/uploads/content-downloads/file_20220920110308.pdf#page=368"
"M311210","311210","Tunnel Boring Machine Technician","3112","Civil Engineering Technicians","M311205","Tunnel Boring Machine Technician","exact_normalized_title","high","8113.8","https://www.dosm.gov.my/uploads/content-downloads/file_20220920110308.pdf#page=368"
"M311211","311211","Building Inspector","3112","Civil Engineering Technicians","M311206","Building Inspector","exact_normalized_title","high","3112.1.2","https://www.dosm.gov.my/uploads/content-downloads/file_20220920110308.pdf#page=368"
"M311212","311212","Geotechnical Technician","3112","Civil Engineering Technicians","M311207","Geotechnical Technician","exact_normalized_title","high","3117.2","https://www.dosm.gov.my/uploads/content-downloads/file_20220920110308.pdf#page=368"
"M311213","311213","Fire Inspector","3112","Civil Engineering Technicians","M311208","Fire Inspector","exact_normalized_title","high","3112.1.6","https://www.dosm.gov.my/uploads/content-downloads/file_20220920110308.pdf#page=368"
"M311214","311214","Surveying Technician","3112","Civil Engineering Technicians","M311209","Surveying Technician","exact_normalized_title","high","3112.10","https://www.dosm.gov.my/uploads/content-downloads/file_20220920110308.pdf#page=368"
"M311217","311217","Process Instrument Technician","3112","Civil Engineering Technicians","M311211","Process Instrument Technician","exact_normalized_title","high","3114.1.4","https://www.dosm.gov.my/uploads/content-downloads/file_20220920110308.pdf#page=368"
"M311219","311219","Assistant Engineer Grade JA29","3112","Civil Engineering Technicians","M311219","Assistant Engineer Grade JA5","grade_reversion","high","3112.8","https://www.dosm.gov.my/uploads/content-downloads/file_20220920110308.pdf#page=368"
"M311225","311225","Assistant Civil Engineer","3112","Civil Engineering Technicians","M311212","Assistant Civil Engineer","exact_normalized_title","high","3112.8","https://www.dosm.gov.my/uploads/content-downloads/file_20220920110308.pdf#page=368"
"M311226","311226","Operation Technician","3112","Civil Engineering Technicians","M311213","Operation Technician","exact_normalized_title","high","3115.1.16","https://www.dosm.gov.my/uploads/content-downloads/file_20220920110308.pdf#page=368"
"M311227","311227","Green Building Facilities Maintenance Technician","3112","Civil Engineering Technicians","M311214","Green Building Facilities Maintenance Technician","exact_normalized_title","high","5153.1","https://www.dosm.gov.my/uploads/content-downloads/file_20220920110308.pdf#page=368"
"M311230","311230","Assistant Engineer Maintenance","3112","Civil Engineering Technicians","M311216","Assistant Engineer Maintenance","exact_normalized_title","high","3115.1.6","https://www.dosm.gov.my/uploads/content-downloads/file_20220920110308.pdf#page=368"
"M311232","311232","Assistant Quantity Surveyor Grade JA29","3112","Civil Engineering Technicians","M311220","Assistant Quantity Surveyor Grade JA5","grade_reversion","high","2149.14","https://www.dosm.gov.my/uploads/content-downloads/file_20220920110308.pdf#page=368"
"M311233","311233","Quantity Surveyor Assistant","3112","Civil Engineering Technicians","M311217","Quantity Surveyor Assistant","exact_normalized_title","high","2149.14","https://www.dosm.gov.my/uploads/content-downloads/file_20220920110308.pdf#page=368"
"M311237","311237","Assistant Building Surveyor Grade J29","3112","Civil Engineering Technicians","M311222","Assistant Building Surveyor Grade J5","grade_reversion","high","3315.8","https://www.dosm.gov.my/uploads/content-downloads/file_20220920110308.pdf#page=369"
"M311301","311301","Electrical Engineering Technician","3113","Electrical Engineering Technicians","M311301","Electrical Engineering Technician","exact_normalized_title","high","3113.1","https://www.dosm.gov.my/uploads/content-downloads/file_20220920110308.pdf#page=369"
"M311307","311307","Electrical and Instrument Supervisor","3113","Electrical Engineering Technicians","M311303","Electrical and Instrument Supervisor","exact_normalized_title","high","3123.1.11","https://www.dosm.gov.my/uploads/content-downloads/file_20220920110308.pdf#page=369"
"M311310","311310","Electrical Engineering Estimator","3113","Electrical Engineering Technicians","M311304","Electrical Engineering Estimator","exact_normalized_title","high","2421.1.1","https://www.dosm.gov.my/uploads/content-downloads/file_20220920110308.pdf#page=369"
"M311314","311314","Electrical High Voltage Technician","3113","Electrical Engineering Technicians","M311306","Electrical High Voltage Technician","exact_normalized_title","high","3113.1","https://www.dosm.gov.my/uploads/content-downloads/file_20220920110308.pdf#page=369"
"M311315","311315","Debug Technician","3113","Electrical Engineering Technicians","M311307","Debug Technician","exact_normalized_title","high","3114.1.3","https://www.dosm.gov.my/uploads/content-downloads/file_20220920110308.pdf#page=369"
"M311316","311316","Assistant Electrical Engineer","3113","Electrical Engineering Technicians","M311308","Assistant Electrical Engineer","exact_normalized_title","high","3113.1","https://www.dosm.gov.my/uploads/content-downloads/file_20220920110308.pdf#page=369"
"M311401","311401","Electronics Engineering Technician","3114","Electronics Engineering Technicians","M311401","Electronics Engineering Technician","exact_normalized_title","high","3114.1","https://www.dosm.gov.my/uploads/content-downloads/file_20220920110308.pdf#page=369"
"M311402","311402","Electronics Engineering Estimator","3114","Electronics Engineering Technicians","M311402","Electronics Engineering Estimator","exact_normalized_title","high","2421.1.1","https://www.dosm.gov.my/uploads/content-downloads/file_20220920110308.pdf#page=369"
"M311404","311404","Electronics Design Technician","3114","Electronics Engineering Technicians","M311403","Electronics Design Technician","exact_normalized_title","high","3114.1","https://www.dosm.gov.my/uploads/content-downloads/file_20220920110308.pdf#page=369"
"M311504","311504","Mechanical Engineering Technician","3115","Mechanical Engineering Technicians","M311501","Mechanical Engineering Technician","exact_normalized_title","high","3115.1","https://www.dosm.gov.my/uploads/content-downloads/file_20220920110308.pdf#page=369"
"M311514","311514","Mechanical Engineering Assistant","3115","Mechanical Engineering Technicians","M311502","Mechanical Engineering Assistant","exact_normalized_title","high","3112.8","https://www.dosm.gov.my/uploads/content-downloads/file_20220920110308.pdf#page=369"
"M311515","311515","Mechanical Engineering Estimator","3115","Mechanical Engineering Technicians","M311503","Mechanical Engineering Estimator","exact_normalized_title","high","2421.1.1","https://www.dosm.gov.my/uploads/content-downloads/file_20220920110308.pdf#page=369"
"M311516","311516","Dockmaster, Dry Dock","3115","Mechanical Engineering Technicians","M311504","Port Master/Dockmaster","combined_title_split","medium","4323.11","https://www.dosm.gov.my/uploads/content-downloads/file_20220920110308.pdf#page=369"
"M311517","311517","Dockmaster, Graving Dock","3115","Mechanical Engineering Technicians","M311504","Port Master/Dockmaster","combined_title_split","medium","4323.11","https://www.dosm.gov.my/uploads/content-downloads/file_20220920110308.pdf#page=369"
"M311521","311521","Hydraulic Hose Technician","3115","Mechanical Engineering Technicians","M311505","Hydraulic Hose Technician","exact_normalized_title","high","7233.4","https://www.dosm.gov.my/uploads/content-downloads/file_20220920110308.pdf#page=369"
"M311524","311524","Mechatronics Technician","3115","Mechanical Engineering Technicians","M311506;M311511","Mechatronics Technician","exact_normalized_title","high","3115.1.11","https://www.dosm.gov.my/uploads/content-downloads/file_20220920110308.pdf#page=369"
"M311527","311527","CNC Technician (Computer Numerical Control)","3115","Mechanical Engineering Technicians","M311507","CNC Technician (Computer Numerical Control)","exact_normalized_title","high","7223.4","https://www.dosm.gov.my/uploads/content-downloads/file_20220920110308.pdf#page=369"
"M311528","311528","Welding Technician","3115","Mechanical Engineering Technicians","M311508","Welding Technician","exact_normalized_title","high","7212.4","https://www.dosm.gov.my/uploads/content-downloads/file_20220920110308.pdf#page=370"
"M311529","311529","Steelmaking Technician","3115","Mechanical Engineering Technicians","M311509","Steelmaking Technician","exact_normalized_title","high","3117.3","https://www.dosm.gov.my/uploads/content-downloads/file_20220920110308.pdf#page=370"
"M311531","311531","Hygiene Technician 1","3115","Mechanical Engineering Technicians","M311510","Competent Person (CP) - Hygiene Technician","combined_title_split","medium","3257.5","https://www.dosm.gov.my/uploads/content-downloads/file_20220920110308.pdf#page=370"
"M311538","311538","CAD/CAM Technician (Computer-Aided Design and Manufacturing)","3115","Mechanical Engineering Technicians","M311512","CAD/CAM (Computer-Aided Design and Manufacturing) Technician","title_variant","high","3118.3.5","https://www.dosm.gov.my/uploads/content-downloads/file_20220920110308.pdf#page=370"
"M311544","311544","AutoCad Drafter","3115","Mechanical Engineering Technicians","M311518","AutoCAD Designer","reviewed_functional_equivalent","medium","3118.3.5","https://www.dosm.gov.my/uploads/content-downloads/file_20220920110308.pdf#page=370"
"M311548","311548","Equipment Technician","3115","Mechanical Engineering Technicians","M311515","Equipment Technician","exact_normalized_title","high","7233.7","https://www.dosm.gov.my/uploads/content-downloads/file_20220920110308.pdf#page=370"
"M311549","311549","Assistant Equipment Engineer","3115","Mechanical Engineering Technicians","M311516","Assistant Equipment Engineer","exact_normalized_title","high","2144.1.6","https://www.dosm.gov.my/uploads/content-downloads/file_20220920110308.pdf#page=370"
"M311550","311550","Assistant Welding Engineer","3115","Mechanical Engineering Technicians","M311517","Assistant Welding Engineer","exact_normalized_title","high","2144.1.23","https://www.dosm.gov.my/uploads/content-downloads/file_20220920110308.pdf#page=370"
"M311552","311552","Hygiene Technician 2","3115","Mechanical Engineering Technicians","M311510","Competent Person (CP) - Hygiene Technician","combined_title_split","medium","3257.5","https://www.dosm.gov.my/uploads/content-downloads/file_20220920110308.pdf#page=370"
"M311601","311601","Chemical Engineering Technician","3116","Chemical Engineering Technicians","M311601","Chemical Engineering Technician","exact_normalized_title","high","3116.1","https://www.dosm.gov.my/uploads/content-downloads/file_20220920110308.pdf#page=370"
"M311604","311604","Oil Technologist","3116","Chemical Engineering Technicians","M311602","Oil Technologist","exact_normalized_title","high","3134.3","https://www.dosm.gov.my/uploads/content-downloads/file_20220920110308.pdf#page=370"
"M311605","311605","Chemical Petroleum Technician","3116","Chemical Engineering Technicians","M311603","Chemical Petroleum Technician","exact_normalized_title","high","3116.1","https://www.dosm.gov.my/uploads/content-downloads/file_20220920110308.pdf#page=370"
"M311609","311609","Chemical Engineering Estimator","3116","Chemical Engineering Technicians","M311604","Chemical Engineering Estimator","exact_normalized_title","high","2421.1.1","https://www.dosm.gov.my/uploads/content-downloads/file_20220920110308.pdf#page=370"
"M311701","311701","Metallurgical Technician","3117","Mining And Metallurgical Technicians","M311701","Metallurgical Technician","exact_normalized_title","high","3117.3","https://www.dosm.gov.my/uploads/content-downloads/file_20220920110308.pdf#page=370"
"M311704","311704","Metallurgical Laboratory Assistant","3117","Mining And Metallurgical Technicians","M311702","Metallurgical Laboratory Assistant","exact_normalized_title","high","3117.3","https://www.dosm.gov.my/uploads/content-downloads/file_20220920110308.pdf#page=370"
"M311711","311711","Mining Assistant","3117","Mining And Metallurgical Technicians","M311703","Mining Assistant","exact_normalized_title","high","9311.1","https://www.dosm.gov.my/uploads/content-downloads/file_20220920110308.pdf#page=370"
"M311723","311723","Associate Field Professional","3117","Mining And Metallurgical Technicians","M311704","Associate Field Professional","exact_normalized_title","high","3112.8","https://www.dosm.gov.my/uploads/content-downloads/file_20220920110308.pdf#page=371"
"M311801","311801","Draughtsperson (Architecture) Grade JA19","3118","Draughtspersons And Surveying Technicians","M311804","Draughtsperson (Architecture) Grade JA1","grade_reversion","high","3118.3.2","https://www.dosm.gov.my/uploads/content-downloads/file_20220920110308.pdf#page=371"
"M311803","311803","Draughtsperson","3118","Draughtspersons And Surveying Technicians","M311801","Draughtsperson","exact_normalized_title","high","3118.3","https://www.dosm.gov.my/uploads/content-downloads/file_20220920110308.pdf#page=371"
"M311824","311824","Geospatial Technician","3118","Draughtspersons And Surveying Technicians","M311802","Geospatial Technician","exact_normalized_title","high","2165.3","https://www.dosm.gov.my/uploads/content-downloads/file_20220920110308.pdf#page=371"
"M311826","311826","Assistant Architectural Officer Grade JA29","3118","Draughtspersons And Surveying Technicians","M311805","Assistant Architectural Officer Grade JA5","grade_reversion","high","2161.1","https://www.dosm.gov.my/uploads/content-downloads/file_20220920110308.pdf#page=371"
"M311827","311827","Draughtsperson (Civil Engineering) Grade JA19","3118","Draughtspersons And Surveying Technicians","M311806","Draughtsperson (Civil Engineering) Grade JA1","grade_reversion","high","3118.3.4","https://www.dosm.gov.my/uploads/content-downloads/file_20220920110308.pdf#page=371"
"M311828","311828","Assistant Landscape Architect Grade JA29","3118","Draughtspersons And Surveying Technicians","M311807","Assistant Landscape Architect Grade JA5","grade_reversion","high","2162.1","https://www.dosm.gov.my/uploads/content-downloads/file_20220920110308.pdf#page=371"
"M311829","311829","Assistant Land Officer (Peninsular) NT29","3118","Draughtspersons And Surveying Technicians","M311808","Assistant Land Officer Grade NT5","grade_reversion","high","2164.1","https://www.dosm.gov.my/uploads/content-downloads/file_20220920110308.pdf#page=371"
"M311830","311830","Assistant Land Admini Officer (Sabah and Sarawak) Grade NT29","3118","Draughtspersons And Surveying Technicians","M311809","Land Administration Assistant/Assistant Land Administrator Grade NT5","grade_reversion","high","4312.6","https://www.dosm.gov.my/uploads/content-downloads/file_20220920110308.pdf#page=371"
"M311831","311831","Assistant Surveyor Grade JA29","3118","Draughtspersons And Surveying Technicians","M311810","Assistant Surveyor Grade JA5","grade_reversion","high","3112.10","https://www.dosm.gov.my/uploads/content-downloads/file_20220920110308.pdf#page=371"
"M311903","311903","Maintenance Technician","3119","Industrial And Production Technicians","M311520","Repair and Maintenance (R&M) Technician","reviewed_functional_equivalent","medium","7233.7","https://www.dosm.gov.my/uploads/content-downloads/file_20220920110308.pdf#page=371"
"M311910","311910","Engineering Technician, Production","3119","Industrial And Production Technicians","M311901","Engineering Technician (Production)","duplicate_2020_title_canonical_choice","medium","3115.1.16","https://www.dosm.gov.my/uploads/content-downloads/file_20220920110308.pdf#page=371"
"M311928","311928","Quality Assurance Engineering Technician","3119","Industrial And Production Technicians","M311902","Quality Assurance Engineering Technician","exact_normalized_title","high","3119.16","https://www.dosm.gov.my/uploads/content-downloads/file_20220920110308.pdf#page=372"
"M311929","311929","Assistant Factory and Machinery Inspector Grade JA29","3119","Industrial And Production Technicians","M311914","Assistant Factory and Machinery Inspector Grade JA5","grade_reversion","high","3257.5","https://www.dosm.gov.my/uploads/content-downloads/file_20220920110308.pdf#page=372"
"M311943","311943","Food Processing Technician","3119","Industrial And Production Technicians","M311904","Food Processing Technician","exact_normalized_title","high","3119.5","https://www.dosm.gov.my/uploads/content-downloads/file_20220920110308.pdf#page=372"
"M311944","311944","Crankshaft Grinding Technician","3119","Industrial And Production Technicians","M311905","Crankshaft Grinding Technician","exact_normalized_title","high","7223.4.2","https://www.dosm.gov.my/uploads/content-downloads/file_20220920110308.pdf#page=372"
"M311945","311945","Agro-Based Biotech Research Technician","3119","Industrial And Production Technicians","M311906","Agro-Based Biotech Research Technician","exact_normalized_title","high","3141.1","https://www.dosm.gov.my/uploads/content-downloads/file_20220920110308.pdf#page=372"
"M311948","311948","Test Technician","3119","Industrial And Production Technicians","M311909","Test Technician","exact_normalized_title","high","3119.16","https://www.dosm.gov.my/uploads/content-downloads/file_20220920110308.pdf#page=372"
"M312201","312201","Manufacturing Supervisor","3122","Manufacturing Supervisors","M312201","Manufacturing Supervisor","exact_normalized_title","high","3122.4","https://www.dosm.gov.my/uploads/content-downloads/file_20220920110308.pdf#page=372"
"M312203","312203","Finishing Supervisor","3122","Manufacturing Supervisors","M312202","Finishing Supervisor","exact_normalized_title","high","3122.4","https://www.dosm.gov.my/uploads/content-downloads/file_20220920110308.pdf#page=372"
"M312205","312205","Compounding Supervisor","3122","Manufacturing Supervisors","M312203","Compounding Supervisor","exact_normalized_title","high","3122.4.2","https://www.dosm.gov.my/uploads/content-downloads/file_20220920110308.pdf#page=372"
"M312207","312207","Cutting Supervisor","3122","Manufacturing Supervisors","M312204","Cutting Supervisor","exact_normalized_title","high","3122.4","https://www.dosm.gov.my/uploads/content-downloads/file_20220920110308.pdf#page=372"
"M312209","312209","Plywood Inspection Supervisor","3122","Manufacturing Supervisors","M312205","Plywood Inspection Supervisor","exact_normalized_title","high","3122.4.16","https://www.dosm.gov.my/uploads/content-downloads/file_20220920110308.pdf#page=372"
"M312210","312210","Sawyer Supervisor","3122","Manufacturing Supervisors","M312206","Sawyer Supervisor","exact_normalized_title","high","3122.4.16","https://www.dosm.gov.my/uploads/content-downloads/file_20220920110308.pdf#page=372"
"M312215","312215","Quality Control Supervisor","3122","Manufacturing Supervisors","M312218","Quality Assurance Supervisor","reviewed_functional_equivalent","medium","1219.7","https://www.dosm.gov.my/uploads/content-downloads/file_20220920110308.pdf#page=372"
"M312218","312218","Production Supervisor, Halal Food Manufacturing","3122","Manufacturing Supervisors","M312207","Halal Food Manufacturing Production Supervisor","title_variant","high","3122.4","https://www.dosm.gov.my/uploads/content-downloads/file_20220920110308.pdf#page=372"
"M312220","312220","Quality Assurance Supervisor, Halal Meat Processing","3122","Manufacturing Supervisors","M312208","Halal Meat Processing Quality Assurance Supervisor","title_variant","high","2263.2","https://www.dosm.gov.my/uploads/content-downloads/file_20220920110308.pdf#page=373"
"M312226","312226","Maintenance Supervisor","3122","Manufacturing Supervisors","M312212","Maintenance Supervisor","exact_normalized_title","high","3115.1.6","https://www.dosm.gov.my/uploads/content-downloads/file_20220920110308.pdf#page=373"
"M312228","312228","Supervisor, Halal Slaughterhouse","3122","Manufacturing Supervisors","M312213","Halal Slaughterhouse Supervisor","title_variant","high","7511.6.1","https://www.dosm.gov.my/uploads/content-downloads/file_20220920110308.pdf#page=373"
"M312229","312229","Warehouse Supervisor, Halal Logistics Operation","3122","Manufacturing Supervisors","M312214","Halal Logistics Operation Warehouse Supervisor","title_variant","high","1324.3.4","https://www.dosm.gov.my/uploads/content-downloads/file_20220920110308.pdf#page=373"
"M312234","312234","Industrial Robot Controller","3122","Manufacturing Supervisors","M312217","Industrial Robot Controller","exact_normalized_title","high","3139.2","https://www.dosm.gov.my/uploads/content-downloads/file_20220920110308.pdf#page=373"
"M312301","312301","Operation Supervisor","3123","Construction Supervisors","M312301","Operation Supervisor","exact_normalized_title","high","3123.1","https://www.dosm.gov.my/uploads/content-downloads/file_20220920110308.pdf#page=373"
"M312303","312303","Construction Supervisor","3123","Construction Supervisors","M312302","Construction Supervisor","exact_normalized_title","high","3123.1","https://www.dosm.gov.my/uploads/content-downloads/file_20220920110308.pdf#page=373"
"M313104","313104","Power Generating Plant Operator","3131","Power Production Plant Operators","M313101","Power Generating Plant Operator","exact_normalized_title","high","3131.3","https://www.dosm.gov.my/uploads/content-downloads/file_20220920110308.pdf#page=373"
"M313106","313106","Powerhouse Fabricator","3131","Power Production Plant Operators","M313102","Powerhouse Fabricator","exact_normalized_title","high","7213.1","https://www.dosm.gov.my/uploads/content-downloads/file_20220920110308.pdf#page=373"
"M313110","313110","Solar Power Plant Operator","3131","Power Production Plant Operators","M313103","Solar Power Plant Operator","exact_normalized_title","high","3131.3.8","https://www.dosm.gov.my/uploads/content-downloads/file_20220920110308.pdf#page=373"
"M313111","313111","Distribution Control Operator","3131","Power Production Plant Operators","M313104","Distribution Control Operator","exact_normalized_title","high","3131.3.1","https://www.dosm.gov.my/uploads/content-downloads/file_20220920110308.pdf#page=373"
"M313113","313113","Power System Operator","3131","Power Production Plant Operators","M313105","Power Systems Operator","title_variant","high","3131.3","https://www.dosm.gov.my/uploads/content-downloads/file_20220920110308.pdf#page=373"
"M313116","313116","Solar Cell Technician","3131","Power Production Plant Operators","M313107","Solar Cell Technician","exact_normalized_title","high","7411.1.4","https://www.dosm.gov.my/uploads/content-downloads/file_20220920110308.pdf#page=373"
"M313201","313201","Stationary Engine Operator","3132","Incinerator And Water Treatment Plant Operators","M313201","Stationary Engine Operator","exact_normalized_title","high","3131.3","https://www.dosm.gov.my/uploads/content-downloads/file_20220920110308.pdf#page=374"
"M313302","313302","Chemical Plant Supervisor","3133","Chemical Processing Plant Controllers","M313301","Chemical Processing Plant Controller / Supervisor","reviewed_functional_equivalent","medium","3133.1","https://www.dosm.gov.my/uploads/content-downloads/file_20220920110308.pdf#page=374"
"M313406","313406","Gas Plant Operator","3134","Petroleum And Natural Gas Refining Plant Operators","M313401","Gas Plant Operator","exact_normalized_title","high","3134.2","https://www.dosm.gov.my/uploads/content-downloads/file_20220920110308.pdf#page=374"
"M313412","313412","Pumping-Station Petroleum and Natural Gas Operator","3134","Petroleum And Natural Gas Refining Plant Operators","M313402","Pumping-Station Petroleum and Natural Gas Operator","exact_normalized_title","high","3134.4","https://www.dosm.gov.my/uploads/content-downloads/file_20220920110308.pdf#page=374"
"M313417","313417","Refinery Process Technician","3134","Petroleum And Natural Gas Refining Plant Operators","M313403","Refinery Process Technician","exact_normalized_title","high","3134.3","https://www.dosm.gov.my/uploads/content-downloads/file_20220920110308.pdf#page=375"
"M313503","313503","Metal Processing Control Operator","3135","Metal Production Process Controllers","M313501","Metal Processing Control Operator","exact_normalized_title","high","3135.1","https://www.dosm.gov.my/uploads/content-downloads/file_20220920110308.pdf#page=375"
"M314101","314101","Biological Technician","3141","Life Science Technicians (Excluding Medical)","M314101","Biological Technician","exact_normalized_title","high","3141.2.3","https://www.dosm.gov.my/uploads/content-downloads/file_20220920110308.pdf#page=375"
"M314102","314102","Entomological Technician","3141","Life Science Technicians (Excluding Medical)","M314102","Entomological Technician","exact_normalized_title","high","3141.2.5","https://www.dosm.gov.my/uploads/content-downloads/file_20220920110308.pdf#page=375"
"M314104","314104","Botanical Technician","3141","Life Science Technicians (Excluding Medical)","M314103","Botanical Technician","exact_normalized_title","high","3141.2.4","https://www.dosm.gov.my/uploads/content-downloads/file_20220920110308.pdf#page=375"
"M314107","314107","Artificial Breeding Technician","3141","Life Science Technicians (Excluding Medical)","M314104","Artificial Breeding Technician","exact_normalized_title","high","3240.2.1","https://www.dosm.gov.my/uploads/content-downloads/file_20220920110308.pdf#page=375"
"M314109","314109","Zoological Technician","3141","Life Science Technicians (Excluding Medical)","M314105","Zoological Technician","exact_normalized_title","high","3141.2.5","https://www.dosm.gov.my/uploads/content-downloads/file_20220920110308.pdf#page=375"
"M314203","314203","Soil Science Technician","3142","Agricul Tural And Livestock Technicians","M314201","Soil Science Technician","exact_normalized_title","high","3111.14","https://www.dosm.gov.my/uploads/content-downloads/file_20220920110308.pdf#page=375"
"M314205","314205","Horticulture Technician","3142","Agricul Tural And Livestock Technicians","M314202","Horticulture Technician","exact_normalized_title","high","3142.1","https://www.dosm.gov.my/uploads/content-downloads/file_20220920110308.pdf#page=375"
"M314209","314209","Irrigator","3142","Agricul Tural And Livestock Technicians","M314203","Irrigation Technician","reviewed_functional_equivalent","medium","7126.6","https://www.dosm.gov.my/uploads/content-downloads/file_20220920110308.pdf#page=375"
"M314216","314216","Assistant Agricultural Officer Grade G29","3142","Agricul Tural And Livestock Technicians","M314206","Assistant Agricultural Officer Grade G5","grade_reversion","high","3142.1","https://www.dosm.gov.my/uploads/content-downloads/file_20220920110308.pdf#page=376"
"M314217","314217","Assistant Land Planning Officer Grade G29","3142","Agricul Tural And Livestock Technicians","M314207","Assistant Land Planning Officer Grade G5","grade_reversion","high","2164.1","https://www.dosm.gov.my/uploads/content-downloads/file_20220920110308.pdf#page=376"
"M314218","314218","Supervisor, Halal Livestock Production","3142","Agricul Tural And Livestock Technicians","M314205","Halal Livestock Production Supervisor","title_variant","high","2132.6","https://www.dosm.gov.my/uploads/content-downloads/file_20220920110308.pdf#page=376"
"M314221","314221","Land Scheme Supervisor Grade G19","3142","Agricul Tural And Livestock Technicians","M314208","Land Scheme Supervisor Grade G1","grade_reversion","high","6111.1","https://www.dosm.gov.my/uploads/content-downloads/file_20220920110308.pdf#page=376"
"M314302","314302","Forestry Technician","3143","Forestry Technicians","M314301","Forestry Technician","exact_normalized_title","high","3143.1","https://www.dosm.gov.my/uploads/content-downloads/file_20220920110308.pdf#page=376"
"M314304","314304","Assistant Conservator of Forests Grade G29","3143","Forestry Technicians","M314303","Assistant Conservator of Forests Grade G5","grade_reversion","high","3143.1","https://www.dosm.gov.my/uploads/content-downloads/file_20220920110308.pdf#page=376"
"M314305","314305","Assistant Wildlife Officer Grade G29","3143","Forestry Technicians","M314304","Assistant Wildlife Officer Grade G5","grade_reversion","high","2133.9","https://www.dosm.gov.my/uploads/content-downloads/file_20220920110308.pdf#page=376"
"M314306","314306","Wildlife Assistant Grade G19","3143","Forestry Technicians","M314305","Wildlife Assistant Grade G1","grade_reversion","high","2133.9","https://www.dosm.gov.my/uploads/content-downloads/file_20220920110308.pdf#page=376"
"M314401","314401","Hatchery Technician","3144","Fishery Technicians","M314401","Hatchery Technician","exact_normalized_title","high","6221.4","https://www.dosm.gov.my/uploads/content-downloads/file_20220920110308.pdf#page=376"
"M314402","314402","Hatchery Supervisor","3144","Fishery Technicians","M314402","Hatchery Supervisor","exact_normalized_title","high","6221.3","https://www.dosm.gov.my/uploads/content-downloads/file_20220920110308.pdf#page=376"
"M314403","314403","Fishery Technician","3144","Fishery Technicians","M314403","Fishery Technician","exact_normalized_title","high","6221.11","https://www.dosm.gov.my/uploads/content-downloads/file_20220920110308.pdf#page=376"
"M314404","314404","Hatchery Assistant","3144","Fishery Technicians","M314404","Hatchery Assistant","exact_normalized_title","high","6221.5","https://www.dosm.gov.my/uploads/content-downloads/file_20220920110308.pdf#page=376"
"M314405","314405","Aquaculture Technician","3144","Fishery Technicians","M314405","Aquaculture Technician","exact_normalized_title","high","6221.11","https://www.dosm.gov.my/uploads/content-downloads/file_20220920110308.pdf#page=376"
"M314407","314407","Assistant Fisheries Officer Grade G29","3144","Fishery Technicians","M314407","Assistant Fisheries Officer Grade G5","grade_reversion","high","2132.4","https://www.dosm.gov.my/uploads/content-downloads/file_20220920110308.pdf#page=376"
"M315101","315101","Air Traffic Safety Technician","3151","Aircraft Technicians","M315101","Air Traffic Safety Technician","exact_normalized_title","high","3155.1","https://www.dosm.gov.my/uploads/content-downloads/file_20220920110308.pdf#page=376"
"M315103","315103","Aviation Maintenance Technician","3151","Aircraft Technicians","M315102","Aviation Maintenance Technician","exact_normalized_title","high","7232.5","https://www.dosm.gov.my/uploads/content-downloads/file_20220920110308.pdf#page=376"
"M315107","315107","Aircraft Restorer","3151","Aircraft Technicians","M315103","Aircraft Restorer","exact_normalized_title","high","7232.5","https://www.dosm.gov.my/uploads/content-downloads/file_20220920110308.pdf#page=376"
"M315108","315108","Airframe and Power Plant Technician","3151","Aircraft Technicians","M315104","Airframe and Power Plant Technician","exact_normalized_title","high","7232.5","https://www.dosm.gov.my/uploads/content-downloads/file_20220920110308.pdf#page=376"
"M315114","315114","Rocket Engine Component Technician","3151","Aircraft Technicians","M315105","Rocket Engine Component Technician","exact_normalized_title","high","3115.1.1","https://www.dosm.gov.my/uploads/content-downloads/file_20220920110308.pdf#page=376"
"M315115","315115","Aircraft Examiner Grade A29","3151","Aircraft Technicians","M315107","Aircraft Examiner Grade A5, A6","grade_reversion","high","3154.2","https://www.dosm.gov.my/uploads/content-downloads/file_20220920110308.pdf#page=376"
"M315116","315116","Assistant Air Traffic Control Officer Grade A29","3151","Aircraft Technicians","M315108","Assistant Air Traffic Control Officer Grade A5","grade_reversion","high","3154.1","https://www.dosm.gov.my/uploads/content-downloads/file_20220920110308.pdf#page=376"
"M315201","315201","Marine Assistant Grade A19","3152","Ship/ Marine Technicians","M315203","Marine Assistant Grade A1","grade_reversion","high","3343.1","https://www.dosm.gov.my/uploads/content-downloads/file_20220920110308.pdf#page=376"
"M315202","315202","Berthing Master","3152","Ship/ Marine Technicians","M315201","Berthing Master","exact_normalized_title","high","4323.11","https://www.dosm.gov.my/uploads/content-downloads/file_20220920110308.pdf#page=376"
"M315206","315206","Ship Technician","3152","Ship/ Marine Technicians","M315202","Ship Technician","exact_normalized_title","high","3115.1.7","https://www.dosm.gov.my/uploads/content-downloads/file_20220920110308.pdf#page=376"
"M315208","315208","Assistant Marine Officer Grade A29","3152","Ship/ Marine Technicians","M315204","Assistant Marine Officer Grade A5","grade_reversion","high","3115.1.9","https://www.dosm.gov.my/uploads/content-downloads/file_20220920110308.pdf#page=376"
"M315301","315301","Train Technician","3153","Train/ Locomotive Technicians","M315301","Train Technician","exact_normalized_title","high","3115.1.18","https://www.dosm.gov.my/uploads/content-downloads/file_20220920110308.pdf#page=377"
"M315306","315306","Track Network Technician","3153","Train/ Locomotive Technicians","M315302","Track Network Technician","exact_normalized_title","high","3112.1.10","https://www.dosm.gov.my/uploads/content-downloads/file_20220920110308.pdf#page=377"
"M315307","315307","Signalling and Communication Technician","3153","Train/ Locomotive Technicians","M315303","Signalling and Communication Technician","exact_normalized_title","high","7421.6","https://www.dosm.gov.my/uploads/content-downloads/file_20220920110308.pdf#page=377"
"M315406","315406","Motor Vehicle Technician","3154","Motor Vehicle Technicians","M315401","Motor Vehicle Technician","exact_normalized_title","high","7231.10","https://www.dosm.gov.my/uploads/content-downloads/file_20220920110308.pdf#page=377"
"M315902","315902","Logistics Supervisor","3159","Transport Technicians Not Elsewhere Classified","M315901","Transport/Logistics Supervisor","reviewed_functional_equivalent","medium","1324.3","https://www.dosm.gov.my/uploads/content-downloads/file_20220920110308.pdf#page=377"
"M315904","315904","Green Technology Infrastructure Assistant Facilitator","3159","Transport Technicians Not Elsewhere Classified","M315902","Green Technology Infrastructure Assistant Facilitator","exact_normalized_title","high","2133.15","https://www.dosm.gov.my/uploads/content-downloads/file_20220920110308.pdf#page=377"
"M316101","316101","Nuclear Technician","3161","Nuclear Research And Development Associate Professionals","M316101","Nuclear Technician","exact_normalized_title","high","3111.10","https://www.dosm.gov.my/uploads/content-downloads/file_20220920110308.pdf#page=377"
"M321101","321101","Radiographer Grade U29","3211","Medical Imaging And Therapeutic Equipment Technicians","M321102","Radiographer Grade U5","grade_reversion","high","2269.8","https://www.dosm.gov.my/uploads/content-downloads/file_20220920110308.pdf#page=377"
"M321102","321102","Radiographer","3211","Medical Imaging And Therapeutic Equipment Technicians","M321101","Radiographer","exact_normalized_title","high","2269.8","https://www.dosm.gov.my/uploads/content-downloads/file_20220920110308.pdf#page=377"
"M321204","321204","Ecology Technician","3212","Medical And Pathology Laboratory Technicians","M321201","Ecology Technician","exact_normalized_title","high","2133.15","https://www.dosm.gov.my/uploads/content-downloads/file_20220920110308.pdf#page=377"
"M321207","321207","Histology Technician","3212","Medical And Pathology Laboratory Technicians","M321202","Histology Technician","exact_normalized_title","high","2269.12","https://www.dosm.gov.my/uploads/content-downloads/file_20220920110308.pdf#page=377"
"M321208","321208","Cytology Technician","3212","Medical And Pathology Laboratory Technicians","M321203","Cytology Technician","exact_normalized_title","high","2269.13.1","https://www.dosm.gov.my/uploads/content-downloads/file_20220920110308.pdf#page=377"
"M321209","321209","Physiology Technician","3212","Medical And Pathology Laboratory Technicians","M321204","Physiology Technician","exact_normalized_title","high","2269.13","https://www.dosm.gov.my/uploads/content-downloads/file_20220920110308.pdf#page=377"
"M321212","321212","Parasitological Assistant","3212","Medical And Pathology Laboratory Technicians","M321205","Parasitological Assistant","exact_normalized_title","high","3212.2","https://www.dosm.gov.my/uploads/content-downloads/file_20220920110308.pdf#page=377"
"M321213","321213","Medical Laboratory Technician","3212","Medical And Pathology Laboratory Technicians","M321206","Medical Laboratory Technician","exact_normalized_title","high","2269.13","https://www.dosm.gov.my/uploads/content-downloads/file_20220920110308.pdf#page=377"
"M321214","321214","Surgical Technician","3212","Medical And Pathology Laboratory Technicians","M321207","Surgical Technician","exact_normalized_title","high","3259.1","https://www.dosm.gov.my/uploads/content-downloads/file_20220920110308.pdf#page=377"
"M321301","321301","Pharmaceutical Assistant","3213","Pharmaceutical Technicians And Assistants","M321301","Pharmaceutical Assistant","exact_normalized_title","high","3213.1","https://www.dosm.gov.my/uploads/content-downloads/file_20220920110308.pdf#page=377"
"M321304","321304","Pharmacy Aide","3213","Pharmaceutical Technicians And Assistants","M321302","Pharmacy Aide","exact_normalized_title","high","3213.1","https://www.dosm.gov.my/uploads/content-downloads/file_20220920110308.pdf#page=378"
"M321305","321305","Assistant Pharmacy Officer Grade U29","3213","Pharmaceutical Technicians And Assistants","M321303","Assistant Pharmacy Officer Grade U5","grade_reversion","high","3213.1","https://www.dosm.gov.my/uploads/content-downloads/file_20220920110308.pdf#page=378"
"M321401","321401","Dental technician","3214","Medical And Dental Prosthetic Technicians","M321401","Dental Technician","exact_normalized_title","high","2261.4","https://www.dosm.gov.my/uploads/content-downloads/file_20220920110308.pdf#page=378"
"M321404","321404","Orthotist","3214","Medical And Dental Prosthetic Technicians","M321402","Orthotist","exact_normalized_title","high","3214.3","https://www.dosm.gov.my/uploads/content-downloads/file_20220920110308.pdf#page=378"
"M321502","321502","Prosthetic Technician","3215","Orthotic And Prosthetic Technicians","M321501","Prosthetic Technician","exact_normalized_title","high","2269.15","https://www.dosm.gov.my/uploads/content-downloads/file_20220920110308.pdf#page=378"
"M321503","321503","Medical Technician Grade U19","3215","Orthotic And Prosthetic Technicians","M321502","Medical Technician Grade U1","grade_reversion","high","3114.1.5","https://www.dosm.gov.my/uploads/content-downloads/file_20220920110308.pdf#page=378"
"M322101","322101","Nurse Grade U29","3221","Nursing Associate Professionals (Except Dental)","M322102","Nurse Grade U5","grade_reversion","high","2221.2","https://www.dosm.gov.my/uploads/content-downloads/file_20220920110308.pdf#page=378"
"M322104","322104","Practical Nurse","3221","Nursing Associate Professionals (Except Dental)","M322101","Practical Nurse","exact_normalized_title","high","2221.2","https://www.dosm.gov.my/uploads/content-downloads/file_20220920110308.pdf#page=378"
"M324103","324103","Veterinary Biotech Research Technician","3241","Veterinary Technicians And Assistants","M324101","Veterinary Biotech Research Technician","exact_normalized_title","high","3141.1","https://www.dosm.gov.my/uploads/content-downloads/file_20220920110308.pdf#page=378"
"M324107","324107","Veterinary Artificial Inseminator","3241","Veterinary Technicians And Assistants","M324102","Veterinary Artificial Inseminator","exact_normalized_title","high","3240.2.1","https://www.dosm.gov.my/uploads/content-downloads/file_20220920110308.pdf#page=378"
"M324108","324108","Veterinary Biotech Production Technician","3241","Veterinary Technicians And Assistants","M324103","Veterinary Biotech Production Technician","exact_normalized_title","high","3141.1","https://www.dosm.gov.my/uploads/content-downloads/file_20220920110308.pdf#page=378"
"M324109","324109","Veterinary Nurse","3241","Veterinary Technicians And Assistants","M324104","Veterinary Nurse","exact_normalized_title","high","3240.2.4","https://www.dosm.gov.my/uploads/content-downloads/file_20220920110308.pdf#page=378"
"M324110","324110","Assistant Veterinary Officer Grade G29","3241","Veterinary Technicians And Assistants","M324107","Assistant Veterinary Officer Grade G5","grade_reversion","high","3240.2","https://www.dosm.gov.my/uploads/content-downloads/file_20220920110308.pdf#page=378"
"M325101","325101","Dental Surgery Assistant Grade U19","3251","Dental Assistants And Therapists","M325103","Dental Surgery Assistant Grade U1","grade_reversion","high","3251.1","https://www.dosm.gov.my/uploads/content-downloads/file_20220920110308.pdf#page=378"
"M325105","325105","Dental Assistant","3251","Dental Assistants And Therapists","M325101","Dental Aide/Assistant","reviewed_functional_equivalent","medium","3251.1","https://www.dosm.gov.my/uploads/content-downloads/file_20220920110308.pdf#page=378"
"M325106","325106","Dental Hygienist","3251","Dental Assistants And Therapists","M325102","Dental Hygienist","exact_normalized_title","high","2261.3","https://www.dosm.gov.my/uploads/content-downloads/file_20220920110308.pdf#page=378"
"M325107","325107","Dental Therapist Grade U29","3251","Dental Assistants And Therapists","M325104","Dental Therapist Grade U5","grade_reversion","high","2261.3","https://www.dosm.gov.my/uploads/content-downloads/file_20220920110308.pdf#page=379"
"M325302","325302","Community Health Promoter","3253","Community Health Workers","M325301","Community Health Promoter","exact_normalized_title","high","3253.1","https://www.dosm.gov.my/uploads/content-downloads/file_20220920110308.pdf#page=379"
"M325304","325304","Village Health Worker","3253","Community Health Workers","M325302","Village Health Worker","exact_normalized_title","high","3253.1","https://www.dosm.gov.my/uploads/content-downloads/file_20220920110308.pdf#page=379"
"M325305","325305","Community Nurse Grade U19","3253","Community Health Workers","M325303","Community Nurse Grade U1","grade_reversion","high","3253.1","https://www.dosm.gov.my/uploads/content-downloads/file_20220920110308.pdf#page=379"
"M325505","325505","Massage Therapist","3255","Physiotherapy Technicians And Assistants","M325501","Massage Therapist","exact_normalized_title","high","3255.1","https://www.dosm.gov.my/uploads/content-downloads/file_20220920110308.pdf#page=379"
"M325506","325506","Physiotherapy Technician","3255","Physiotherapy Technicians And Assistants","M325502","Physiotherapy Technician","exact_normalized_title","high","3255.2","https://www.dosm.gov.my/uploads/content-downloads/file_20220920110308.pdf#page=379"
"M325601","325601","Medical Laboratory Assistant","3256","Medical Assistants","M325601","Medical Laboratory Assistant","exact_normalized_title","high","3212.2","https://www.dosm.gov.my/uploads/content-downloads/file_20220920110308.pdf#page=379"
"M325602","325602","Hospital Assistant","3256","Medical Assistants","M325602","Hospital Assistant","exact_normalized_title","high","5321.1","https://www.dosm.gov.my/uploads/content-downloads/file_20220920110308.pdf#page=379"
"M325606","325606","Radiographist Equipment, Medical, General","3256","Medical Assistants","M325603","Diagnostic Imaging Equipment Technician","reviewed_functional_equivalent","medium","3114.1.5","https://www.dosm.gov.my/uploads/content-downloads/file_20220920110308.pdf#page=379"
"M325611","325611","Sonographer","3256","Medical Assistants","M325604","Sonographer","exact_normalized_title","high","2269.8.1","https://www.dosm.gov.my/uploads/content-downloads/file_20220920110308.pdf#page=379"
"M325613","325613","Clinical Instructor","3256","Medical Assistants","M325605","Clinical Instructor","exact_normalized_title","high","2310.1.28","https://www.dosm.gov.my/uploads/content-downloads/file_20220920110308.pdf#page=379"
"M325614","325614","Ophthalmic Assistant","3256","Medical Assistants","M325606","Ophthalmic Assistant","exact_normalized_title","high","3256.1","https://www.dosm.gov.my/uploads/content-downloads/file_20220920110308.pdf#page=379"
"M325615","325615","Assistant Medical Officer Grade U29","3256","Medical Assistants","M325607","Assistant Medical Officer Grade U5","grade_reversion","high","3258.2","https://www.dosm.gov.my/uploads/content-downloads/file_20220920110308.pdf#page=379"
"M325703","325703","Public Health Unit Inspector","3257","Environmental And Occupational Health Inspectors And Associates","M325701","Public Health Unit Inspector","exact_normalized_title","high","3257.1","https://www.dosm.gov.my/uploads/content-downloads/file_20220920110308.pdf#page=379"
"M325705","325705","Occupational Safety and Health Inspector","3257","Environmental And Occupational Health Inspectors And Associates","M325702","Occupational Safety and Health Inspector","exact_normalized_title","high","3257.5","https://www.dosm.gov.my/uploads/content-downloads/file_20220920110308.pdf#page=379"
"M325712","325712","Product Quality Inspector","3257","Environmental And Occupational Health Inspectors And Associates","M325703","Product Quality Inspector","exact_normalized_title","high","7543.10","https://www.dosm.gov.my/uploads/content-downloads/file_20220920110308.pdf#page=380"
"M325735","325735","Water Inspector","3257","Environmental And Occupational Health Inspectors And Associates","M325704","Water Inspector","exact_normalized_title","high","2133.13","https://www.dosm.gov.my/uploads/content-downloads/file_20220920110308.pdf#page=380"
"M325736","325736","Mine Safety Inspector","3257","Environmental And Occupational Health Inspectors And Associates","M325705","Mine Safety Inspector","exact_normalized_title","high","3117.4","https://www.dosm.gov.my/uploads/content-downloads/file_20220920110308.pdf#page=380"
"M325737","325737","Mine Examiner","3257","Environmental And Occupational Health Inspectors And Associates","M325706","Mine Examiner","exact_normalized_title","high","3117.4","https://www.dosm.gov.my/uploads/content-downloads/file_20220920110308.pdf#page=380"
"M325747","325747","Assistant Food Technology Officer Grade C29","3257","Environmental And Occupational Health Inspectors And Associates","M325707","Assistant Food Technology Officer Grade C5","grade_reversion","high","3119.5","https://www.dosm.gov.my/uploads/content-downloads/file_20220920110308.pdf#page=380"
"M325748","325748","Assistant Environmental Health Officer Grade U29","3257","Environmental And Occupational Health Inspectors And Associates","M325708","Assistant Environmental Health Officer Grade U5","grade_reversion","high","3257.1","https://www.dosm.gov.my/uploads/content-downloads/file_20220920110308.pdf#page=380"
"M325749","325749","Assistant Environmental Control Officer Grade C29","3257","Environmental And Occupational Health Inspectors And Associates","M325709","Assistant Environmental Control Officer Grade C5","grade_reversion","high","2133.15","https://www.dosm.gov.my/uploads/content-downloads/file_20220920110308.pdf#page=380"
"M325802","325802","Ambulance Officer","3258","Ambulance Assistants","M325801","Ambulance Officer","exact_normalized_title","high","3258.2","https://www.dosm.gov.my/uploads/content-downloads/file_20220920110308.pdf#page=380"
"M325805","325805","Emergency Paramedic","3258","Ambulance Assistants","M325802","Emergency Paramedic","exact_normalized_title","high","3258.2","https://www.dosm.gov.my/uploads/content-downloads/file_20220920110308.pdf#page=380"
"M331401","331401","Assistant Statistics Officer Grade E29","3314","Statistical, Mathematical And Actuarial Associate Professionals","M331401","Assistant Statistics Officer Grade E5","grade_reversion","high","3314.2","https://www.dosm.gov.my/uploads/content-downloads/file_20220920110308.pdf#page=381"
"M351101","351101","Computer Technician Grade FT19","3511","Information And Communications Technology Operation Technicians","M351107","Computer Technician Grade FT1","grade_reversion","high","7422.2","https://www.dosm.gov.my/uploads/content-downloads/file_20220920110308.pdf#page=384"
"M351105","351105","Computer Technician","3511","Information And Communications Technology Operation Technicians","M351101","Computer Technician","exact_normalized_title","high","7422.2","https://www.dosm.gov.my/uploads/content-downloads/file_20220920110308.pdf#page=384"
"M351109","351109","Electronic Data Processing Technician","3511","Information And Communications Technology Operation Technicians","M351102","Electronic Data Processing Technician","exact_normalized_title","high","3511.1","https://www.dosm.gov.my/uploads/content-downloads/file_20220920110308.pdf#page=384"
"M351113","351113","Semi-Conductor Technician","3511","Information And Communications Technology Operation Technicians","M311404","Semi-Conductor Technician","exact_normalized_title","high","3114.1.6","https://www.dosm.gov.my/uploads/content-downloads/file_20220920110308.pdf#page=385"
"M351115","351115","Information Technology Assistant","3511","Information And Communications Technology Operation Technicians","M351103","Information Technology Assistant","exact_normalized_title","high","3512.4","https://www.dosm.gov.my/uploads/content-downloads/file_20220920110308.pdf#page=385"
"M351116","351116","Computer Console Operator","3511","Information And Communications Technology Operation Technicians","M351104","Computer Console Operator","exact_normalized_title","high","3511.1","https://www.dosm.gov.my/uploads/content-downloads/file_20220920110308.pdf#page=385"
"M351123","351123","Engineering Assistant, Telecommunications","3511","Information And Communications Technology Operation Technicians","M351105","Engineering Assistant (Telecommunications)","exact_normalized_title","high","3522.1","https://www.dosm.gov.my/uploads/content-downloads/file_20220920110308.pdf#page=385"
"M351124","351124","Supervisor, Management Information Systems","3511","Information And Communications Technology Operation Technicians","M351106","Management Information Systems Supervisor","title_variant","high","2522.1","https://www.dosm.gov.my/uploads/content-downloads/file_20220920110308.pdf#page=385"
"M351125","351125","Assistant Information Technology Officer Grade FA29","3511","Information And Communications Technology Operation Technicians","M351108","Assistant Information Technology Officer Grade FA5","grade_reversion","high","3512.4","https://www.dosm.gov.my/uploads/content-downloads/file_20220920110308.pdf#page=385"
"M351201","351201","Computer Help Desk Technician","3512","Information And Communications Technology User Support Technicians","M351201","Computer Help Desk Technician","exact_normalized_title","high","3512.1","https://www.dosm.gov.my/uploads/content-downloads/file_20220920110308.pdf#page=385"
"M351203","351203","Information Technology Technician","3512","Information And Communications Technology User Support Technicians","M351202","Information Technology Technician","exact_normalized_title","high","3512.4","https://www.dosm.gov.my/uploads/content-downloads/file_20220920110308.pdf#page=385"
"M351206","351206","Computer Assistant","3512","Information And Communications Technology User Support Technicians","M351203","Computer Assistant","exact_normalized_title","high","3512.4","https://www.dosm.gov.my/uploads/content-downloads/file_20220920110308.pdf#page=385"
"M351207","351207","Communications Assistant (ICT)","3512","Information And Communications Technology User Support Technicians","M351204","Communications Assistant (ICT)","exact_normalized_title","high","3513.2","https://www.dosm.gov.my/uploads/content-downloads/file_20220920110308.pdf#page=385"
"M351208","351208","Database Assistant","3512","Information And Communications Technology User Support Technicians","M351205","Database Assistant","exact_normalized_title","high","2521.1","https://www.dosm.gov.my/uploads/content-downloads/file_20220920110308.pdf#page=385"
"M351209","351209","Computer Programming Assistant","3512","Information And Communications Technology User Support Technicians","M351206","Computer Programming Assistant","exact_normalized_title","high","2514.2","https://www.dosm.gov.my/uploads/content-downloads/file_20220920110308.pdf#page=385"
"M351212","351212","Call Centre Trainer","3512","Information And Communications Technology User Support Technicians","M351207","Call Centre Trainer","exact_normalized_title","high","2424.2","https://www.dosm.gov.my/uploads/content-downloads/file_20220920110308.pdf#page=385"
"M351213","351213","Data Centre Supervisor","3512","Information And Communications Technology User Support Technicians","M351208","Data Centre Supervisor","exact_normalized_title","high","3511.1","https://www.dosm.gov.my/uploads/content-downloads/file_20220920110308.pdf#page=385"
"M351215","351215","Technical Support Technician","3512","Information And Communications Technology User Support Technicians","M351209","Technical Support Technician","exact_normalized_title","high","3512.4","https://www.dosm.gov.my/uploads/content-downloads/file_20220920110308.pdf#page=385"
"M351301","351301","Computer Network Technician","3513","Computer Network And Systems Technicians","M351301","Computer Network Technician","exact_normalized_title","high","3513.2","https://www.dosm.gov.my/uploads/content-downloads/file_20220920110308.pdf#page=385"
"M351303","351303","Network Security Technician (ICT)","3513","Computer Network And Systems Technicians","M351302","Network Security Technician (ICT)","exact_normalized_title","high","3512.3","https://www.dosm.gov.my/uploads/content-downloads/file_20220920110308.pdf#page=385"
"M351402","351402","Web Technician","3514","Web Technicians","M351401","Web Technician","exact_normalized_title","high","3514.1","https://www.dosm.gov.my/uploads/content-downloads/file_20220920110308.pdf#page=385"
"M352101","352101","Audio-Visual Technician Grade N19","3521","Broadcasting And Audio-Visual Technicians","M352111","Audio-Visual Technician Grade N1, N2, N3, N4","grade_reversion","high","3521.1","https://www.dosm.gov.my/uploads/content-downloads/file_20220920110308.pdf#page=385"
"M352102","352102","Cinematographer","3521","Broadcasting And Audio-Visual Technicians","M352101","Cinematographer","exact_normalized_title","high","2654.1.3","https://www.dosm.gov.my/uploads/content-downloads/file_20220920110308.pdf#page=385"
"M352105","352105","Motion Picture Assistant","3521","Broadcasting And Audio-Visual Technicians","M352102","Motion Picture Assistant","exact_normalized_title","high","3435.2","https://www.dosm.gov.my/uploads/content-downloads/file_20220920110308.pdf#page=386"
"M352108","352108","Sound Mixer","3521","Broadcasting And Audio-Visual Technicians","M352103","Sound Mixer","exact_normalized_title","high","3521.1.10","https://www.dosm.gov.my/uploads/content-downloads/file_20220920110308.pdf#page=386"
"M352111","352111","Ships Radio Officer","3521","Broadcasting And Audio-Visual Technicians","M352104","Ships Radio Officer","exact_normalized_title","high","3152.1","https://www.dosm.gov.my/uploads/content-downloads/file_20220920110308.pdf#page=386"
"M352112","352112","Broadcast Technician","3521","Broadcasting And Audio-Visual Technicians","M352105","Broadcast Technician","exact_normalized_title","high","3521.2","https://www.dosm.gov.my/uploads/content-downloads/file_20220920110308.pdf#page=386"
"M352116","352116","Land-Base Radio Equipment Technician","3521","Broadcasting And Audio-Visual Technicians","M352106","Land-Base Radio Equipment Technician","exact_normalized_title","high","7422.4","https://www.dosm.gov.my/uploads/content-downloads/file_20220920110308.pdf#page=386"
"M352117","352117","Flight Radio Equipment Technician","3521","Broadcasting And Audio-Visual Technicians","M352107","Flight Radio Equipment Technician","exact_normalized_title","high","7421.2","https://www.dosm.gov.my/uploads/content-downloads/file_20220920110308.pdf#page=386"
"M352123","352123","Videographer","3521","Broadcasting And Audio-Visual Technicians","M352108","Videographer","exact_normalized_title","high","3521.1.2","https://www.dosm.gov.my/uploads/content-downloads/file_20220920110308.pdf#page=386"
"M352124","352124","Assistant Telecommunications Engineer","3521","Broadcasting And Audio-Visual Technicians","M352109","Assistant Telecommunications Engineer","exact_normalized_title","high","3522.1","https://www.dosm.gov.my/uploads/content-downloads/file_20220920110308.pdf#page=386"
"M352204","352204","Telecommunications Technician","3522","Telecommunications Engineering Technicians","M352201","Telecommunications Technician","exact_normalized_title","high","7422.7","https://www.dosm.gov.my/uploads/content-downloads/file_20220920110308.pdf#page=386"
"M363201","363201","Designer Grade B19","3632","Interior Designers And Decorators","M363209","Designer Grade B1","grade_reversion","high","2166.9","https://www.dosm.gov.my/uploads/content-downloads/file_20220920110308.pdf#page=388"
"M363202","363202","Interior Designer","3632","Interior Designers And Decorators","M363201","Interior Designer","exact_normalized_title","high","3432.1","https://www.dosm.gov.my/uploads/content-downloads/file_20220920110308.pdf#page=388"
"M363204","363204","Poster Designer","3632","Interior Designers And Decorators","M216602","Poster Designer","exact_normalized_title","high","2166.9","https://www.dosm.gov.my/uploads/content-downloads/file_20220920110308.pdf#page=388"
"M363221","363221","Carve Technician","3632","Interior Designers And Decorators","M363206","Carve Technician","exact_normalized_title","high","7317.6","https://www.dosm.gov.my/uploads/content-downloads/file_20220920110308.pdf#page=388"
"M363304","363304","Gallery Technician","3633","Gallery , Museum And Library Associate Professionals","M363301","Gallery/Museum Technician","combined_title_split","medium","2621.3","https://www.dosm.gov.my/uploads/content-downloads/file_20220920110308.pdf#page=389"
"M363305","363305","Library Technician","3633","Gallery , Museum And Library Associate Professionals","M363302","Library Technician","exact_normalized_title","high","4411.1","https://www.dosm.gov.my/uploads/content-downloads/file_20220920110308.pdf#page=389"
"M363306","363306","Museum Technician","3633","Gallery , Museum And Library Associate Professionals","M363301","Gallery/Museum Technician","combined_title_split","medium","2621.3","https://www.dosm.gov.my/uploads/content-downloads/file_20220920110308.pdf#page=389"
"M363414","363414","Stage Technician","3634","Artistic And Cultural Associate Professionals","M363401","Stage/Broadcast Production Technician","reviewed_functional_equivalent","medium","3435.25.5","https://www.dosm.gov.my/uploads/content-downloads/file_20220920110308.pdf#page=389"
"M411126","411126","Economic Affairs Assistant Grade E19","4111","General Office Clerks","M411106","Economic Affairs Assistant Grade E1","grade_reversion","high","3343.1","https://www.dosm.gov.my/uploads/content-downloads/file_20220920110308.pdf#page=391"
"M413209","413209","Data Entry Clerk","4132","Data Entry Clerks","M413202","Data Entry Clerk","exact_normalized_title","high","4132.1","https://www.dosm.gov.my/uploads/content-downloads/file_20220920110308.pdf#page=392"
"M422602","422602","Survey Interviewer","4226","Survey And Market Research Interviewers","M422601","Enumerator/Survey Interviewer","reviewed_functional_equivalent","medium","4227.2","https://www.dosm.gov.my/uploads/content-downloads/file_20220920110308.pdf#page=393"
"M431112","431112","Auction Clerk","4311","Accounting And Book-Keeping Clerks","M431101","Auction Clerk","exact_normalized_title","high","3339.2","https://www.dosm.gov.my/uploads/content-downloads/file_20220920110308.pdf#page=394"
"M431114","431114","Audit Clerk","4311","Accounting And Book-Keeping Clerks","M431102","Audit Clerk","exact_normalized_title","high","4312.1","https://www.dosm.gov.my/uploads/content-downloads/file_20220920110308.pdf#page=394"
"M431115","431115","Credit Control Clerk","4311","Accounting And Book-Keeping Clerks","M431103","Credit Control Clerk","exact_normalized_title","high","4214.1","https://www.dosm.gov.my/uploads/content-downloads/file_20220920110308.pdf#page=394"
"M431118","431118","Billing Clerk","4311","Accounting And Book-Keeping Clerks","M431104","Billing Clerk","exact_normalized_title","high","4311.1","https://www.dosm.gov.my/uploads/content-downloads/file_20220920110308.pdf#page=394"
"M431119","431119","Property Clerk","4311","Accounting And Book-Keeping Clerks","M431105","Property Clerk","exact_normalized_title","high","4312.6","https://www.dosm.gov.my/uploads/content-downloads/file_20220920110308.pdf#page=394"
"M431120","431120","Cost Clerk","4311","Accounting And Book-Keeping Clerks","M431106","Cost Clerk","exact_normalized_title","high","3313.1","https://www.dosm.gov.my/uploads/content-downloads/file_20220920110308.pdf#page=394"
"M431123","431123","Office Cash Clerk","4311","Accounting And Book-Keeping Clerks","M431107","Office Cash Clerk","exact_normalized_title","high","5230.1","https://www.dosm.gov.my/uploads/content-downloads/file_20220920110308.pdf#page=394"
"M431126","431126","AuditAssistant Grade W19","4311","Accounting And Book-Keeping Clerks","M431110","Audit Assistant Grade W1","grade_reversion","high","4312.1","https://www.dosm.gov.my/uploads/content-downloads/file_20220920110308.pdf#page=394"
"M431132","431132","Energy Audit Assistant Technician","4311","Accounting And Book-Keeping Clerks","M431108","Energy Audit Assistant Technician","exact_normalized_title","high","3112.5","https://www.dosm.gov.my/uploads/content-downloads/file_20220920110308.pdf#page=394"
"M431201","431201","Administrative Assistant (Finance) Grade W19","4312","Statistical, Finance And Insurance Clerks","M431218","Administrative Assistant (Finance) Grade W1","grade_reversion","high","3313.1","https://www.dosm.gov.my/uploads/content-downloads/file_20220920110308.pdf#page=394"
"M431203","431203","Statistical Clerk","4312","Statistical, Finance And Insurance Clerks","M431201","Statistical Clerk","exact_normalized_title","high","3314.2","https://www.dosm.gov.my/uploads/content-downloads/file_20220920110308.pdf#page=394"
"M431215","431215","Finance Clerk","4312","Statistical, Finance And Insurance Clerks","M431204","Finance Clerk","exact_normalized_title","high","3313.1","https://www.dosm.gov.my/uploads/content-downloads/file_20220920110308.pdf#page=394"
"M431217","431217","Brokerage Clerk","4312","Statistical, Finance And Insurance Clerks","M431205","Brokerage Clerk","exact_normalized_title","high","4312.2.1","https://www.dosm.gov.my/uploads/content-downloads/file_20220920110308.pdf#page=394"
"M431218","431218","Insurance clerk","4312","Statistical, Finance And Insurance Clerks","M431206","Insurance Clerk","exact_normalized_title","high","4312.4","https://www.dosm.gov.my/uploads/content-downloads/file_20220920110308.pdf#page=394"
"M431219","431219","Tax Clerk","4312","Statistical, Finance And Insurance Clerks","M431207","Tax Clerk","exact_normalized_title","high","4312.7","https://www.dosm.gov.my/uploads/content-downloads/file_20220920110308.pdf#page=394"
"M431220","431220","Investment Clerk","4312","Statistical, Finance And Insurance Clerks","M431208","Investment Clerk","exact_normalized_title","high","4312.5","https://www.dosm.gov.my/uploads/content-downloads/file_20220920110308.pdf#page=394"
"M431221","431221","Adjustment Clerk","4312","Statistical, Finance And Insurance Clerks","M431209","Adjustment Clerk","exact_normalized_title","high","3313.1","https://www.dosm.gov.my/uploads/content-downloads/file_20220920110308.pdf#page=394"
"M431222","431222","Stockbroker Clerk","4312","Statistical, Finance And Insurance Clerks","M431210","Stockbroker Clerk","exact_normalized_title","high","4312.2.1","https://www.dosm.gov.my/uploads/content-downloads/file_20220920110308.pdf#page=394"
"M431224","431224","Rating Clerk","4312","Statistical, Finance And Insurance Clerks","M431211","Rating Clerk","exact_normalized_title","high","4311.1","https://www.dosm.gov.my/uploads/content-downloads/file_20220920110308.pdf#page=394"
"M431225","431225","Assistant Broker","4312","Statistical, Finance And Insurance Clerks","M431212","Assistant Broker","exact_normalized_title","high","4312.2.1","https://www.dosm.gov.my/uploads/content-downloads/file_20220920110308.pdf#page=394"
"M431227","431227","Collateral Clerk","4312","Statistical, Finance And Insurance Clerks","M431213","Collateral Clerk","exact_normalized_title","high","3312.5","https://www.dosm.gov.my/uploads/content-downloads/file_20220920110308.pdf#page=394"
"M431228","431228","Mortgage Clerk","4312","Statistical, Finance And Insurance Clerks","M431214","Mortgage Clerk","exact_normalized_title","high","3312.6","https://www.dosm.gov.my/uploads/content-downloads/file_20220920110308.pdf#page=394"
"M431231","431231","Statistical Assistant Grade E19","4312","Statistical, Finance And Insurance Clerks","M431219","Statistical Assistant Grade E1","grade_reversion","high","3314.2","https://www.dosm.gov.my/uploads/content-downloads/file_20220920110308.pdf#page=394"
"M431233","431233","Actuarial Assistant","4312","Statistical, Finance And Insurance Clerks","M431215","Actuarial Assistant","exact_normalized_title","high","3314.1","https://www.dosm.gov.my/uploads/content-downloads/file_20220920110308.pdf#page=395"
"M522313","522313","E-commerce Sales Clerk","5223","Shop Sales Assistants","M431216","E-Commerce Assistant","reviewed_functional_equivalent","medium","5223.4","https://www.dosm.gov.my/uploads/content-downloads/file_20220920110308.pdf#page=402"
"M531208","531208","Vocational Training Assistant DV19","5312","Teachers Aides","M531204","Vocational Training Assistant Grade DV1","grade_reversion","high","2320.1","https://www.dosm.gov.my/uploads/content-downloads/file_20220920110308.pdf#page=403"
"M531210","531210","Vocational Training Assistant DV21","5312","Teachers Aides","M531205","Vocational Training Assistant Grade DV2","grade_reversion","high","2320.1","https://www.dosm.gov.my/uploads/content-downloads/file_20220920110308.pdf#page=403"
"M532102","532102","Public Health Assistant Grade U19","5321","Health Care Assistants","M532106","Public Health Assistant Grade U1","grade_reversion","high","3253.1","https://www.dosm.gov.my/uploads/content-downloads/file_20220920110308.pdf#page=403"
"M818202","818202","Boilerman","8182","Steam Engine And Boiler Operators","M218204","Competent Person (CP) - Boilerman","reviewed_functional_equivalent","medium","8182.1","https://www.dosm.gov.my/uploads/content-downloads/file_20220920110308.pdf#page=431"
"M818209","818209","Engine Driver","8182","Steam Engine And Boiler Operators","M818202","Competent Person (CP) - Internal Combustion Engine Driver","reviewed_functional_equivalent","medium","3131.3","https://www.dosm.gov.my/uploads/content-downloads/file_20220920110308.pdf#page=432"
"M821101","821101","Assembler","8211","Mechanical Machinery Assemblers","M821101","Assembler","exact_normalized_title","high","8211.2","https://www.dosm.gov.my/uploads/content-downloads/file_20220920110308.pdf#page=432"
