role_id,masco_code,role_title,source_role_ids,masco_alias_codes,canonicalization_status,locale,role_standard,crosswalk_status,crosswalk_confidence,mapped_masco2020_code,mapped_masco2020_title,global_sources,global_match_count,global_anchor_count,question_count,linked_open_question_count,role_source_url,role_license_status
M112104,112104,Chief Technical Officer,M112104,112104,canonical_role,en-MY,MASCO 2020,retained,high,112104,Chief Technical Officer,ESCO 1.2.1; O*NET 31.0; OSCA 2024 Version 1.0,3,14,12,0,https://www.dosm.gov.my/uploads/content-downloads/file_20220920110308.pdf#page=317,official_source_rights_review_required_for_external_bulk_redistribution
M121104,121104,Budget Manager,M121104,121104,canonical_role,en-MY,MASCO 2020,retained,medium,121104,Budget Manager,ESCO 1.2.1,1,6,12,0,https://www.dosm.gov.my/uploads/content-downloads/file_20220920110308.pdf#page=318,official_source_rights_review_required_for_external_bulk_redistribution
M121106,121106,Audit and Risk Management Manager,M121106,121106,canonical_role,en-MY,MASCO 2020,retained,high,121106,Audit and Risk Management Manager,ESCO 1.2.1,1,6,12,0,https://www.dosm.gov.my/uploads/content-downloads/file_20220920110308.pdf#page=318,official_source_rights_review_required_for_external_bulk_redistribution
M121107,121107,Credit Manager,M121107,121107,canonical_role,en-MY,MASCO 2020,retained,high,121107,Credit Manager,ESCO 1.2.1; OSCA 2024 Version 1.0,2,10,12,0,https://www.dosm.gov.my/uploads/content-downloads/file_20220920110308.pdf#page=318,official_source_rights_review_required_for_external_bulk_redistribution
M121108,121108,Insurance Manager,M121108,121108,canonical_role,en-MY,MASCO 2020,retained,high,121108,Insurance Manager,ESCO 1.2.1,1,6,12,0,https://www.dosm.gov.my/uploads/content-downloads/file_20220920110308.pdf#page=318,official_source_rights_review_required_for_external_bulk_redistribution
M121109,121109,Fund Manager,M121109,121109,canonical_role,en-MY,MASCO 2020,retained,medium,121109,Fund Manager,ESCO 1.2.1; O*NET 31.0,2,13,12,0,https://www.dosm.gov.my/uploads/content-downloads/file_20220920110308.pdf#page=318,official_source_rights_review_required_for_external_bulk_redistribution
M121114,121114,Tax Manager,M121114,121114,canonical_role,en-MY,MASCO 2020,retained,high,121114,Tax Manager,ESCO 1.2.1,1,6,12,0,https://www.dosm.gov.my/uploads/content-downloads/file_20220920110308.pdf#page=318,official_source_rights_review_required_for_external_bulk_redistribution
M121115,121115,Claim Manager,M121115,121115,canonical_role,en-MY,MASCO 2020,retained,high,121115,Claim Manager,ESCO 1.2.1,1,6,12,0,https://www.dosm.gov.my/uploads/content-downloads/file_20220920110308.pdf#page=318,official_source_rights_review_required_for_external_bulk_redistribution
M121123,121123,Actuarial Valuation Manager,M121123,121123,canonical_role,en-MY,MASCO 2020,retained,high,121123,Actuarial Valuation Manager,ESCO 1.2.1,1,6,12,0,https://www.dosm.gov.my/uploads/content-downloads/file_20220920110308.pdf#page=318,official_source_rights_review_required_for_external_bulk_redistribution
M121205,121205,Occupational Safety and Health Manager,M121205,121205,canonical_role,en-MY,MASCO 2020,retained,high,121205,Occupational Safety and Health Manager,ESCO 1.2.1; O*NET 31.0; NOC 2021 Version 1.0; OSCA 2024 Version 1.0,4,14,12,0,https://www.dosm.gov.my/uploads/content-downloads/file_20220920110308.pdf#page=318,official_source_rights_review_required_for_external_bulk_redistribution
M121411,121411,Supply Chain Manager,M121411,121411,canonical_role,en-MY,MASCO 2020,retained,medium,121411,Supply Chain Manager,ESCO 1.2.1; O*NET 31.0; OSCA 2024 Version 1.0,3,14,12,0,https://www.dosm.gov.my/uploads/content-downloads/file_20220920110308.pdf#page=319,official_source_rights_review_required_for_external_bulk_redistribution
M121416,121416,Technology Manager,M121416,121416,canonical_role,en-MY,MASCO 2020,retained,high,121416,Technology Manager,ESCO 1.2.1; O*NET 31.0,2,13,12,0,https://www.dosm.gov.my/uploads/content-downloads/file_20220920110308.pdf#page=319,official_source_rights_review_required_for_external_bulk_redistribution
M122301,122301,Research and Development Manager,M122301,122301,canonical_role,en-MY,MASCO 2020,retained,high,122301,Research and Development Manager,ESCO 1.2.1; O*NET 31.0; OSCA 2024 Version 1.0,3,14,12,0,https://www.dosm.gov.my/uploads/content-downloads/file_20220920110308.pdf#page=320,official_source_rights_review_required_for_external_bulk_redistribution
M131102,131102,Forestry Manager,M131102,131102,canonical_role,en-MY,MASCO 2020,retained,high,131102,Forestry Manager,ESCO 1.2.1,1,6,12,0,https://www.dosm.gov.my/uploads/content-downloads/file_20220920110308.pdf#page=320,official_source_rights_review_required_for_external_bulk_redistribution
M131106,131106,Agricultural Manager,M131106,131106,canonical_role,en-MY,MASCO 2020,retained,high,131106,Agricultural Manager,ESCO 1.2.1; O*NET 31.0,2,13,12,0,https://www.dosm.gov.my/uploads/content-downloads/file_20220920110308.pdf#page=320,official_source_rights_review_required_for_external_bulk_redistribution
M131111,131111,Veterinary Manager,M131111,131111,canonical_role,en-MY,MASCO 2020,retained,high,131111,Veterinary Manager,ESCO 1.2.1; OSCA 2024 Version 1.0,2,10,12,0,https://www.dosm.gov.my/uploads/content-downloads/file_20220920110308.pdf#page=320,official_source_rights_review_required_for_external_bulk_redistribution
M131114,131114,"Field Manager, Grass",M131114,131114,canonical_role,en-MY,MASCO 2020,retained,high,131114,"Field Manager, Grass",ESCO 1.2.1,1,6,12,0,https://www.dosm.gov.my/uploads/content-downloads/file_20220920110308.pdf#page=320,official_source_rights_review_required_for_external_bulk_redistribution
M131202,131202,"Production and Operation Manager, Fishery",M131202,131202,canonical_role,en-MY,MASCO 2020,retained,medium,131202,"Production and Operation Manager, Fishery",ESCO 1.2.1,1,6,12,0,https://www.dosm.gov.my/uploads/content-downloads/file_20220920110308.pdf#page=320,official_source_rights_review_required_for_external_bulk_redistribution
M131203,131203,Aquaculture Production Manager,M131203,131203,canonical_role,en-MY,MASCO 2020,retained,medium,131203,Aquaculture Production Manager,ESCO 1.2.1; O*NET 31.0; NOC 2021 Version 1.0; OSCA 2024 Version 1.0,4,14,12,0,https://www.dosm.gov.my/uploads/content-downloads/file_20220920110308.pdf#page=320,official_source_rights_review_required_for_external_bulk_redistribution
M132101,132101,Manufacturing Manager,M132101,132101,canonical_role,en-MY,MASCO 2020,retained,high,132101,Manufacturing Manager,ESCO 1.2.1; NOC 2021 Version 1.0; OSCA 2024 Version 1.0,3,14,12,0,https://www.dosm.gov.my/uploads/content-downloads/file_20220920110308.pdf#page=320,official_source_rights_review_required_for_external_bulk_redistribution
M132102,132102,"Production and Operation Manager, Manufacturing",M132102,132102,canonical_role,en-MY,MASCO 2020,retained,medium,132102,"Production and Operation Manager, Manufacturing",ESCO 1.2.1; NOC 2021 Version 1.0; OSCA 2024 Version 1.0,3,14,12,0,https://www.dosm.gov.my/uploads/content-downloads/file_20220920110308.pdf#page=320,official_source_rights_review_required_for_external_bulk_redistribution
M132104,132104,Electrical Manager,M132104,132104,canonical_role,en-MY,MASCO 2020,retained,high,132104,Electrical Manager,ESCO 1.2.1,1,6,12,0,https://www.dosm.gov.my/uploads/content-downloads/file_20220920110308.pdf#page=321,official_source_rights_review_required_for_external_bulk_redistribution
M132105,132105,Energy Manager,M132105,132105,canonical_role,en-MY,MASCO 2020,retained,high,132105,Energy Manager,ESCO 1.2.1; O*NET 31.0,2,13,12,0,https://www.dosm.gov.my/uploads/content-downloads/file_20220920110308.pdf#page=321,official_source_rights_review_required_for_external_bulk_redistribution
M132108,132108,Ship Hull Manager,M132108,132108,canonical_role,en-MY,MASCO 2020,retained,high,132108,Ship Hull Manager,ESCO 1.2.1,1,6,12,0,https://www.dosm.gov.my/uploads/content-downloads/file_20220920110308.pdf#page=321,official_source_rights_review_required_for_external_bulk_redistribution
M132109,132109,Mechanical Manager,M132109,132109,canonical_role,en-MY,MASCO 2020,retained,high,132109,Mechanical Manager,ESCO 1.2.1,1,6,12,0,https://www.dosm.gov.my/uploads/content-downloads/file_20220920110308.pdf#page=321,official_source_rights_review_required_for_external_bulk_redistribution
M132110,132110,Welding Manager,M132110,132110,canonical_role,en-MY,MASCO 2020,retained,high,132110,Welding Manager,ESCO 1.2.1,1,6,12,0,https://www.dosm.gov.my/uploads/content-downloads/file_20220920110308.pdf#page=321,official_source_rights_review_required_for_external_bulk_redistribution
M132111,132111,Oil Mill Manager,M132111,132111,canonical_role,en-MY,MASCO 2020,retained,high,132111,Oil Mill Manager,ESCO 1.2.1,1,6,12,0,https://www.dosm.gov.my/uploads/content-downloads/file_20220920110308.pdf#page=321,official_source_rights_review_required_for_external_bulk_redistribution
M132112,132112,"Manager, Halal Food Manufacturing",M132112,132112,canonical_role,en-MY,MASCO 2020,retained,high,132112,"Manager, Halal Food Manufacturing",ESCO 1.2.1; NOC 2021 Version 1.0,2,11,12,0,https://www.dosm.gov.my/uploads/content-downloads/file_20220920110308.pdf#page=321,official_source_rights_review_required_for_external_bulk_redistribution
M132126,132126,Power Generation Plant Manager,M132126,132126,canonical_role,en-MY,MASCO 2020,retained,high,132126,Power Generation Plant Manager,ESCO 1.2.1; O*NET 31.0; OSCA 2024 Version 1.0,3,14,12,0,https://www.dosm.gov.my/uploads/content-downloads/file_20220920110308.pdf#page=321,official_source_rights_review_required_for_external_bulk_redistribution
M132201,132201,"Production and Operation Manager, Mine",M132201,132201,canonical_role,en-MY,MASCO 2020,retained,high,132201,"Production and Operation Manager, Mine",ESCO 1.2.1,1,6,12,0,https://www.dosm.gov.my/uploads/content-downloads/file_20220920110308.pdf#page=321,official_source_rights_review_required_for_external_bulk_redistribution
M132203,132203,"Production and Operation Manager, Oil and Gas Extraction",M132203,132203,canonical_role,en-MY,MASCO 2020,retained,high,132203,"Production and Operation Manager, Oil and Gas Extraction",ESCO 1.2.1,1,6,12,0,https://www.dosm.gov.my/uploads/content-downloads/file_20220920110308.pdf#page=321,official_source_rights_review_required_for_external_bulk_redistribution
M132207,132207,Offshore Installation Manager,M132207,132207,canonical_role,en-MY,MASCO 2020,retained,high,132207,Offshore Installation Manager,ESCO 1.2.1,1,6,12,0,https://www.dosm.gov.my/uploads/content-downloads/file_20220920110308.pdf#page=321,official_source_rights_review_required_for_external_bulk_redistribution
M132210,132210,"Manager, Metallurgy",M132210,132210,canonical_role,en-MY,MASCO 2020,retained,high,132210,"Manager, Metallurgy",ESCO 1.2.1,1,6,12,0,https://www.dosm.gov.my/uploads/content-downloads/file_20220920110308.pdf#page=321,official_source_rights_review_required_for_external_bulk_redistribution
M132301,132301,Construction Manager,M132301,132301,canonical_role,en-MY,MASCO 2020,retained,high,132301,Construction Manager,ESCO 1.2.1; O*NET 31.0; NOC 2021 Version 1.0; OSCA 2024 Version 1.0,4,14,12,0,https://www.dosm.gov.my/uploads/content-downloads/file_20220920110308.pdf#page=321,official_source_rights_review_required_for_external_bulk_redistribution
M132310,132310,Building and Architecture Manager,M132310,132310,canonical_role,en-MY,MASCO 2020,retained,high,132310,Building and Architecture Manager,ESCO 1.2.1; NOC 2021 Version 1.0,2,11,12,0,https://www.dosm.gov.my/uploads/content-downloads/file_20220920110308.pdf#page=321,official_source_rights_review_required_for_external_bulk_redistribution
M132311,132311,Land Surveyor Manager,M132311,132311,canonical_role,en-MY,MASCO 2020,retained,high,132311,Land Surveyor Manager,ESCO 1.2.1; NOC 2021 Version 1.0; OSCA 2024 Version 1.0,3,14,12,0,https://www.dosm.gov.my/uploads/content-downloads/file_20220920110308.pdf#page=321,official_source_rights_review_required_for_external_bulk_redistribution
M132401,132401,Railway Station Master,M132401,132401,canonical_role,en-MY,MASCO 2020,retained,high,132401,Railway Station Master,ESCO 1.2.1; OSCA 2024 Version 1.0,2,10,12,0,https://www.dosm.gov.my/uploads/content-downloads/file_20220920110308.pdf#page=322,official_source_rights_review_required_for_external_bulk_redistribution
M132402,132402,Transport Manager,M132402,132402,canonical_role,en-MY,MASCO 2020,retained,high,132402,Transport Manager,ESCO 1.2.1; OSCA 2024 Version 1.0,2,10,12,0,https://www.dosm.gov.my/uploads/content-downloads/file_20220920110308.pdf#page=322,official_source_rights_review_required_for_external_bulk_redistribution
M132405,132405,Logistics Manager,M132405,132405,canonical_role,en-MY,MASCO 2020,retained,medium,132405,Logistics Manager,ESCO 1.2.1,1,6,12,0,https://www.dosm.gov.my/uploads/content-downloads/file_20220920110308.pdf#page=322,official_source_rights_review_required_for_external_bulk_redistribution
M132414,132414,Shipping Manager,M132414,132414,canonical_role,en-MY,MASCO 2020,retained,medium,132414,Shipping Manager,ESCO 1.2.1,1,6,12,0,https://www.dosm.gov.my/uploads/content-downloads/file_20220920110308.pdf#page=322,official_source_rights_review_required_for_external_bulk_redistribution
M132416,132416,"Manager, Halal Logistics Operation",M132416,132416,canonical_role,en-MY,MASCO 2020,retained,high,132416,"Manager, Halal Logistics Operation",ESCO 1.2.1,1,6,12,0,https://www.dosm.gov.my/uploads/content-downloads/file_20220920110308.pdf#page=322,official_source_rights_review_required_for_external_bulk_redistribution
M151101,151101,Chief Information Officer,M151101,151101,canonical_role,en-MY,MASCO 2020,retained,medium,151101,Chief Information Officer,ESCO 1.2.1; O*NET 31.0; OSCA 2024 Version 1.0,3,14,12,0,https://www.dosm.gov.my/uploads/content-downloads/file_20220920110308.pdf#page=323,official_source_rights_review_required_for_external_bulk_redistribution
M151102,151102,Chief data officer,M151102,151102,canonical_role,en-MY,MASCO 2020,retained,medium,151102,Chief data officer,ESCO 1.2.1; O*NET 31.0; OSCA 2024 Version 1.0,3,14,12,0,https://www.dosm.gov.my/uploads/content-downloads/file_20220920110308.pdf#page=323,official_source_rights_review_required_for_external_bulk_redistribution
M151103,151103,Chief Information Security Officer,M151103,151103,canonical_role,en-MY,MASCO 2020,retained,medium,151103,Chief Information Security Officer,ESCO 1.2.1; OSCA 2024 Version 1.0,2,10,12,8,https://www.dosm.gov.my/uploads/content-downloads/file_20220920110308.pdf#page=323,official_source_rights_review_required_for_external_bulk_redistribution
M151106,151106,Information Systems Manager,M151106,151106,canonical_role,en-MY,MASCO 2020,retained,high,151106,Information Systems Manager,ESCO 1.2.1; O*NET 31.0; NOC 2021 Version 1.0; OSCA 2024 Version 1.0,4,14,12,0,https://www.dosm.gov.my/uploads/content-downloads/file_20220920110308.pdf#page=323,official_source_rights_review_required_for_external_bulk_redistribution
M151108,151108,Village Community Center Manager,M151108,151108,canonical_role,en-MY,MASCO 2020,retained,medium,151108,Village Community Center Manager,ESCO 1.2.1,1,6,12,0,https://www.dosm.gov.my/uploads/content-downloads/file_20220920110308.pdf#page=323,official_source_rights_review_required_for_external_bulk_redistribution
M151112,151112,Application Development Manager,M151112,151112,canonical_role,en-MY,MASCO 2020,retained,medium,151112,Application Development Manager,ESCO 1.2.1; O*NET 31.0; OSCA 2024 Version 1.0,3,14,12,8,https://www.dosm.gov.my/uploads/content-downloads/file_20220920110308.pdf#page=323,official_source_rights_review_required_for_external_bulk_redistribution
M151113,151113,Data Operations Manager,M151113,151113,canonical_role,en-MY,MASCO 2020,retained,medium,151113,Data Operations Manager,ESCO 1.2.1; O*NET 31.0; OSCA 2024 Version 1.0,3,14,12,0,https://www.dosm.gov.my/uploads/content-downloads/file_20220920110308.pdf#page=323,official_source_rights_review_required_for_external_bulk_redistribution
M151116,151116,Internet Service Provider,M151116,151116,canonical_role,en-MY,MASCO 2020,retained,high,151116,Internet Service Provider,ESCO 1.2.1,1,6,12,0,https://www.dosm.gov.my/uploads/content-downloads/file_20220920110308.pdf#page=323,official_source_rights_review_required_for_external_bulk_redistribution
M151117,151117,Network Manager,M151117,151117,canonical_role,en-MY,MASCO 2020,retained,medium,151117,Network Manager,ESCO 1.2.1,1,6,12,0,https://www.dosm.gov.my/uploads/content-downloads/file_20220920110308.pdf#page=323,official_source_rights_review_required_for_external_bulk_redistribution
M151119,151119,Audio Visual Manager,M151119,151119,canonical_role,en-MY,MASCO 2020,retained,high,151119,Audio Visual Manager,ESCO 1.2.1,1,6,12,0,https://www.dosm.gov.my/uploads/content-downloads/file_20220920110308.pdf#page=323,official_source_rights_review_required_for_external_bulk_redistribution
M151122,151122,Information Technology Project Manager,M151122,151122,canonical_role,en-MY,MASCO 2020,retained,high,151122,Information Technology Project Manager,ESCO 1.2.1; O*NET 31.0,2,13,12,8,https://www.dosm.gov.my/uploads/content-downloads/file_20220920110308.pdf#page=323,official_source_rights_review_required_for_external_bulk_redistribution
M151123,151123,Information Technology Infrastructure Manager,M151123,151123,canonical_role,en-MY,MASCO 2020,retained,medium,151123,Information Technology Infrastructure Manager,ESCO 1.2.1; O*NET 31.0,2,13,12,8,https://www.dosm.gov.my/uploads/content-downloads/file_20220920110308.pdf#page=323,official_source_rights_review_required_for_external_bulk_redistribution
M151124,151124,Information Technology Programme Manager,M151124,151124,canonical_role,en-MY,MASCO 2020,retained,high,151124,Information Technology Programme Manager,ESCO 1.2.1; O*NET 31.0,2,13,12,8,https://www.dosm.gov.my/uploads/content-downloads/file_20220920110308.pdf#page=323,official_source_rights_review_required_for_external_bulk_redistribution
M151127,151127,Bioinformatics Manager,M151127,151127,canonical_role,en-MY,MASCO 2020,retained,high,151127,Bioinformatics Manager,ESCO 1.2.1,1,6,12,0,https://www.dosm.gov.my/uploads/content-downloads/file_20220920110308.pdf#page=323,official_source_rights_review_required_for_external_bulk_redistribution
M151128,151128,Creative Multimedia Manager,M151128,151128,canonical_role,en-MY,MASCO 2020,retained,high,151128,Creative Multimedia Manager,ESCO 1.2.1,1,6,12,0,https://www.dosm.gov.my/uploads/content-downloads/file_20220920110308.pdf#page=323,official_source_rights_review_required_for_external_bulk_redistribution
M151130,151130,Network Operations Manager,M151130,151130,canonical_role,en-MY,MASCO 2020,retained,high,151130,Network Operations Manager,ESCO 1.2.1; O*NET 31.0; OSCA 2024 Version 1.0,3,14,12,0,https://www.dosm.gov.my/uploads/content-downloads/file_20220920110308.pdf#page=323,official_source_rights_review_required_for_external_bulk_redistribution
M151132,151132,Information Technology Business Development Manager,M151132,151132,canonical_role,en-MY,MASCO 2020,retained,high,151132,Information Technology Business Development Manager,ESCO 1.2.1; O*NET 31.0; OSCA 2024 Version 1.0,3,14,12,8,https://www.dosm.gov.my/uploads/content-downloads/file_20220920110308.pdf#page=323,official_source_rights_review_required_for_external_bulk_redistribution
M151135,151135,Software Development Manager,M151135,151135,canonical_role,en-MY,MASCO 2020,retained,medium,151135,Software Development Manager,ESCO 1.2.1; O*NET 31.0; OSCA 2024 Version 1.0,3,14,12,8,https://www.dosm.gov.my/uploads/content-downloads/file_20220920110308.pdf#page=324,official_source_rights_review_required_for_external_bulk_redistribution
M161202,161202,"Director, Nursing",M161202,161202,canonical_role,en-MY,MASCO 2020,retained,medium,161202,"Director, Nursing",ESCO 1.2.1; OSCA 2024 Version 1.0,2,10,12,0,https://www.dosm.gov.my/uploads/content-downloads/file_20220920110308.pdf#page=324,official_source_rights_review_required_for_external_bulk_redistribution
M161210,161210,Phytonutrients Manager,M161210,161210,canonical_role,en-MY,MASCO 2020,retained,high,161210,Phytonutrients Manager,ESCO 1.2.1,1,6,12,0,https://www.dosm.gov.my/uploads/content-downloads/file_20220920110308.pdf#page=324,official_source_rights_review_required_for_external_bulk_redistribution
M161211,161211,Health Educator,M161211,161211,canonical_role,en-MY,MASCO 2020,retained,high,161211,Health Educator,ESCO 1.2.1,1,6,12,0,https://www.dosm.gov.my/uploads/content-downloads/file_20220920110308.pdf#page=324,official_source_rights_review_required_for_external_bulk_redistribution
M211101,211101,Physicist,M211101,211101,canonical_role,en-MY,MASCO 2020,retained,high,211101,Physicist,ESCO 1.2.1; O*NET 31.0; OSCA 2024 Version 1.0,3,14,12,0,https://www.dosm.gov.my/uploads/content-downloads/file_20220920110308.pdf#page=326,official_source_rights_review_required_for_external_bulk_redistribution
M211129,211129,Astronaut,M211129,211129,canonical_role,en-MY,MASCO 2020,retained,high,211129,Astronaut,ESCO 1.2.1,1,6,12,0,https://www.dosm.gov.my/uploads/content-downloads/file_20220920110308.pdf#page=327,official_source_rights_review_required_for_external_bulk_redistribution
M211201,211201,Meteorological Officer,M211201,211201,canonical_role,en-MY,MASCO 2020,retained,high,211201,Meteorological Officer,ESCO 1.2.1,1,6,12,0,https://www.dosm.gov.my/uploads/content-downloads/file_20220920110308.pdf#page=327,official_source_rights_review_required_for_external_bulk_redistribution
M211202,211202,Meteorologist,M211202,211202,canonical_role,en-MY,MASCO 2020,retained,high,211202,Meteorologist,ESCO 1.2.1; OSCA 2024 Version 1.0,2,10,12,0,https://www.dosm.gov.my/uploads/content-downloads/file_20220920110308.pdf#page=327,official_source_rights_review_required_for_external_bulk_redistribution
M211210,211210,"Meteorologist, Environmental",M211210,211210,canonical_role,en-MY,MASCO 2020,retained,high,211210,"Meteorologist, Environmental",ESCO 1.2.1,1,6,12,0,https://www.dosm.gov.my/uploads/content-downloads/file_20220920110308.pdf#page=327,official_source_rights_review_required_for_external_bulk_redistribution
M211211,211211,"Meteorologist, Numerical Weather Prediction Modeling",M211211,211211,canonical_role,en-MY,MASCO 2020,retained,high,211211,"Meteorologist, Numerical Weather Prediction Modeling",ESCO 1.2.1,1,6,12,0,https://www.dosm.gov.my/uploads/content-downloads/file_20220920110308.pdf#page=327,official_source_rights_review_required_for_external_bulk_redistribution
M211302,211302,Chemist,M211302,211302,canonical_role,en-MY,MASCO 2020,retained,high,211302,Chemist,ESCO 1.2.1; O*NET 31.0; NOC 2021 Version 1.0; OSCA 2024 Version 1.0,4,14,12,0,https://www.dosm.gov.my/uploads/content-downloads/file_20220920110308.pdf#page=327,official_source_rights_review_required_for_external_bulk_redistribution
M211402,211402,Geologist,M211402,211402,canonical_role,en-MY,MASCO 2020,retained,high,211402,Geologist,ESCO 1.2.1; OSCA 2024 Version 1.0,2,10,12,0,https://www.dosm.gov.my/uploads/content-downloads/file_20220920110308.pdf#page=328,official_source_rights_review_required_for_external_bulk_redistribution
M211424,211424,Hydrologist,M211424,211424,canonical_role,en-MY,MASCO 2020,retained,high,211424,Hydrologist,ESCO 1.2.1; O*NET 31.0; OSCA 2024 Version 1.0,3,14,12,0,https://www.dosm.gov.my/uploads/content-downloads/file_20220920110308.pdf#page=328,official_source_rights_review_required_for_external_bulk_redistribution
M211432,211432,Geoscientist,M211432,211432,canonical_role,en-MY,MASCO 2020,retained,high,211432,Geoscientist,ESCO 1.2.1,1,6,12,0,https://www.dosm.gov.my/uploads/content-downloads/file_20220920110308.pdf#page=328,official_source_rights_review_required_for_external_bulk_redistribution
M212101,212101,Statistician,M212101,212101,canonical_role,en-MY,MASCO 2020,retained,high,212101,Statistician,ESCO 1.2.1; O*NET 31.0; OSCA 2024 Version 1.0,3,14,12,8,https://www.dosm.gov.my/uploads/content-downloads/file_20220920110308.pdf#page=328,official_source_rights_review_required_for_external_bulk_redistribution
M212102,212102,Mathematician,M212102,212102,canonical_role,en-MY,MASCO 2020,retained,high,212102,Mathematician,ESCO 1.2.1; O*NET 31.0; OSCA 2024 Version 1.0,3,14,12,0,https://www.dosm.gov.my/uploads/content-downloads/file_20220920110308.pdf#page=329,official_source_rights_review_required_for_external_bulk_redistribution
M212106,212106,"Statistician, Applied Statistics",M212106,212106,canonical_role,en-MY,MASCO 2020,retained,medium,212106,"Statistician, Applied Statistics",ESCO 1.2.1,1,6,12,8,https://www.dosm.gov.my/uploads/content-downloads/file_20220920110308.pdf#page=329,official_source_rights_review_required_for_external_bulk_redistribution
M212112,212112,Pricing Actuarie,M212112,212112,canonical_role,en-MY,MASCO 2020,retained,medium,212112,Pricing Actuarie,ESCO 1.2.1,1,6,12,0,https://www.dosm.gov.my/uploads/content-downloads/file_20220920110308.pdf#page=329,official_source_rights_review_required_for_external_bulk_redistribution
M212113,212113,Valuation Actuarie,M212113,212113,canonical_role,en-MY,MASCO 2020,retained,medium,212113,Valuation Actuarie,ESCO 1.2.1,1,6,12,0,https://www.dosm.gov.my/uploads/content-downloads/file_20220920110308.pdf#page=329,official_source_rights_review_required_for_external_bulk_redistribution
M212115,212115,Metrologist,M212115,212115,canonical_role,en-MY,MASCO 2020,retained,high,212115,Metrologist,ESCO 1.2.1,1,6,12,0,https://www.dosm.gov.my/uploads/content-downloads/file_20220920110308.pdf#page=329,official_source_rights_review_required_for_external_bulk_redistribution
M213101,213101,Wildlife Officer,M213101,213101,canonical_role,en-MY,MASCO 2020,retained,high,213101,Wildlife Officer,ESCO 1.2.1,1,6,12,0,https://www.dosm.gov.my/uploads/content-downloads/file_20220920110308.pdf#page=329,official_source_rights_review_required_for_external_bulk_redistribution
M213103,213103,Microbiologist,M213103,213103,canonical_role,en-MY,MASCO 2020,retained,high,213103,Microbiologist,ESCO 1.2.1; O*NET 31.0; OSCA 2024 Version 1.0,3,14,12,0,https://www.dosm.gov.my/uploads/content-downloads/file_20220920110308.pdf#page=329,official_source_rights_review_required_for_external_bulk_redistribution
M213104,213104,Serologist,M213104,213104,canonical_role,en-MY,MASCO 2020,retained,high,213104,Serologist,ESCO 1.2.1,1,6,12,0,https://www.dosm.gov.my/uploads/content-downloads/file_20220920110308.pdf#page=329,official_source_rights_review_required_for_external_bulk_redistribution
M213108,213108,Biologist,M213108,213108,canonical_role,en-MY,MASCO 2020,retained,high,213108,Biologist,ESCO 1.2.1; O*NET 31.0,2,13,12,0,https://www.dosm.gov.my/uploads/content-downloads/file_20220920110308.pdf#page=329,official_source_rights_review_required_for_external_bulk_redistribution
M213117,213117,Cystologist,M213117,213117,canonical_role,en-MY,MASCO 2020,retained,high,213117,Cystologist,ESCO 1.2.1,1,6,12,0,https://www.dosm.gov.my/uploads/content-downloads/file_20220920110308.pdf#page=329,official_source_rights_review_required_for_external_bulk_redistribution
M213120,213120,Botanist,M213120,213120,canonical_role,en-MY,MASCO 2020,retained,high,213120,Botanist,ESCO 1.2.1; OSCA 2024 Version 1.0,2,10,12,0,https://www.dosm.gov.my/uploads/content-downloads/file_20220920110308.pdf#page=329,official_source_rights_review_required_for_external_bulk_redistribution
M213151,213151,Ecologist,M213151,213151,canonical_role,en-MY,MASCO 2020,retained,high,213151,Ecologist,ESCO 1.2.1; OSCA 2024 Version 1.0,2,10,12,0,https://www.dosm.gov.my/uploads/content-downloads/file_20220920110308.pdf#page=330,official_source_rights_review_required_for_external_bulk_redistribution
M213169,213169,Arborist,M213169,213169,canonical_role,en-MY,MASCO 2020,retained,medium,213169,Arborist,ESCO 1.2.1; OSCA 2024 Version 1.0,2,10,12,0,https://www.dosm.gov.my/uploads/content-downloads/file_20220920110308.pdf#page=330,official_source_rights_review_required_for_external_bulk_redistribution
M213202,213202,Conservator of Forests,M213202,213202,canonical_role,en-MY,MASCO 2020,retained,high,213202,Conservator of Forests,ESCO 1.2.1,1,6,12,0,https://www.dosm.gov.my/uploads/content-downloads/file_20220920110308.pdf#page=330,official_source_rights_review_required_for_external_bulk_redistribution
M213203,213203,Agricultural Officer,M213203; M213205,213203; 213205,merged_duplicate_roles,en-MY,MASCO 2020,retained,high,213203,Agricultural Officer,ESCO 1.2.1,1,6,12,0,https://www.dosm.gov.my/uploads/content-downloads/file_20220920110308.pdf#page=330,official_source_rights_review_required_for_external_bulk_redistribution
M213204,213204,Land Planning Officer,M213204,213204,canonical_role,en-MY,MASCO 2020,retained,high,213204,Land Planning Officer,ESCO 1.2.1,1,6,12,0,https://www.dosm.gov.my/uploads/content-downloads/file_20220920110308.pdf#page=330,official_source_rights_review_required_for_external_bulk_redistribution
M213209,213209,Farm Demonstrator,M213209,213209,canonical_role,en-MY,MASCO 2020,retained,high,213209,Farm Demonstrator,ESCO 1.2.1,1,6,12,0,https://www.dosm.gov.my/uploads/content-downloads/file_20220920110308.pdf#page=330,official_source_rights_review_required_for_external_bulk_redistribution
M213210,213210,Forestry Officer,M213210,213210,canonical_role,en-MY,MASCO 2020,retained,high,213210,Forestry Officer,ESCO 1.2.1,1,6,12,0,https://www.dosm.gov.my/uploads/content-downloads/file_20220920110308.pdf#page=330,official_source_rights_review_required_for_external_bulk_redistribution
M213214,213214,Aquaculture Executive,M213214,213214,canonical_role,en-MY,MASCO 2020,retained,high,213214,Aquaculture Executive,ESCO 1.2.1,1,6,12,0,https://www.dosm.gov.my/uploads/content-downloads/file_20220920110308.pdf#page=330,official_source_rights_review_required_for_external_bulk_redistribution
M213301,213301,Environmental Control Officer,M213301,213301,canonical_role,en-MY,MASCO 2020,retained,high,213301,Environmental Control Officer,ESCO 1.2.1; OSCA 2024 Version 1.0,2,10,12,0,https://www.dosm.gov.my/uploads/content-downloads/file_20220920110308.pdf#page=330,official_source_rights_review_required_for_external_bulk_redistribution
M213302,213302,Agronomist,M213302,213302,canonical_role,en-MY,MASCO 2020,retained,high,213302,Agronomist,ESCO 1.2.1; OSCA 2024 Version 1.0,2,10,12,0,https://www.dosm.gov.my/uploads/content-downloads/file_20220920110308.pdf#page=330,official_source_rights_review_required_for_external_bulk_redistribution
M213304,213304,Agricultural Scientist,M213304,213304,canonical_role,en-MY,MASCO 2020,retained,high,213304,Agricultural Scientist,ESCO 1.2.1; OSCA 2024 Version 1.0,2,10,12,0,https://www.dosm.gov.my/uploads/content-downloads/file_20220920110308.pdf#page=330,official_source_rights_review_required_for_external_bulk_redistribution
M213305,213305,Floriculturist,M213305,213305,canonical_role,en-MY,MASCO 2020,retained,high,213305,Floriculturist,ESCO 1.2.1,1,6,12,0,https://www.dosm.gov.my/uploads/content-downloads/file_20220920110308.pdf#page=330,official_source_rights_review_required_for_external_bulk_redistribution
M213306,213306,Horticulturist,M213306,213306,canonical_role,en-MY,MASCO 2020,retained,medium,213306,Horticulturist,ESCO 1.2.1,1,6,12,0,https://www.dosm.gov.my/uploads/content-downloads/file_20220920110308.pdf#page=330,official_source_rights_review_required_for_external_bulk_redistribution
M213315,213315,Wood Analyst,M213315,213315,canonical_role,en-MY,MASCO 2020,retained,high,213315,Wood Analyst,ESCO 1.2.1,1,6,12,0,https://www.dosm.gov.my/uploads/content-downloads/file_20220920110308.pdf#page=331,official_source_rights_review_required_for_external_bulk_redistribution
M213316,213316,Animal Scientist,M213316,213316,canonical_role,en-MY,MASCO 2020,retained,high,213316,Animal Scientist,ESCO 1.2.1; O*NET 31.0,2,13,12,0,https://www.dosm.gov.my/uploads/content-downloads/file_20220920110308.pdf#page=331,official_source_rights_review_required_for_external_bulk_redistribution
M213317,213317,Environmental Research Scientist,M213317,213317,canonical_role,en-MY,MASCO 2020,retained,high,213317,Environmental Research Scientist,ESCO 1.2.1; OSCA 2024 Version 1.0,2,10,12,0,https://www.dosm.gov.my/uploads/content-downloads/file_20220920110308.pdf#page=331,official_source_rights_review_required_for_external_bulk_redistribution
M213318,213318,Conservation Officer,M213318,213318,canonical_role,en-MY,MASCO 2020,retained,high,213318,Conservation Officer,ESCO 1.2.1; NOC 2021 Version 1.0; OSCA 2024 Version 1.0,3,14,12,0,https://www.dosm.gov.my/uploads/content-downloads/file_20220920110308.pdf#page=331,official_source_rights_review_required_for_external_bulk_redistribution
M213322,213322,Environmental Consultant,M213322,213322,canonical_role,en-MY,MASCO 2020,retained,high,213322,Environmental Consultant,ESCO 1.2.1; OSCA 2024 Version 1.0,2,10,12,0,https://www.dosm.gov.my/uploads/content-downloads/file_20220920110308.pdf#page=331,official_source_rights_review_required_for_external_bulk_redistribution
M213402,213402,Biochemist,M213402,213402,canonical_role,en-MY,MASCO 2020,retained,high,213402,Biochemist,ESCO 1.2.1,1,6,12,0,https://www.dosm.gov.my/uploads/content-downloads/file_20220920110308.pdf#page=331,official_source_rights_review_required_for_external_bulk_redistribution
M213409,213409,Endocrinologists,M213409,213409,canonical_role,en-MY,MASCO 2020,retained,high,213409,Endocrinologists,ESCO 1.2.1; OSCA 2024 Version 1.0,2,10,12,0,https://www.dosm.gov.my/uploads/content-downloads/file_20220920110308.pdf#page=331,official_source_rights_review_required_for_external_bulk_redistribution
M213410,213410,Physiologists,M213410,213410,canonical_role,en-MY,MASCO 2020,retained,high,213410,Physiologists,ESCO 1.2.1,1,6,12,0,https://www.dosm.gov.my/uploads/content-downloads/file_20220920110308.pdf#page=331,official_source_rights_review_required_for_external_bulk_redistribution
M213416,213416,Pharmacologists,M213416,213416,canonical_role,en-MY,MASCO 2020,retained,high,213416,Pharmacologists,ESCO 1.2.1,1,6,12,0,https://www.dosm.gov.my/uploads/content-downloads/file_20220920110308.pdf#page=331,official_source_rights_review_required_for_external_bulk_redistribution
M213422,213422,Pathologist,M213422,213422,canonical_role,en-MY,MASCO 2020,retained,high,213422,Pathologist,ESCO 1.2.1; OSCA 2024 Version 1.0,2,10,12,0,https://www.dosm.gov.my/uploads/content-downloads/file_20220920110308.pdf#page=331,official_source_rights_review_required_for_external_bulk_redistribution
M213433,213433,Bio-Fermentation Specialist,M213433,213433,canonical_role,en-MY,MASCO 2020,retained,high,213433,Bio-Fermentation Specialist,ESCO 1.2.1,1,6,12,0,https://www.dosm.gov.my/uploads/content-downloads/file_20220920110308.pdf#page=331,official_source_rights_review_required_for_external_bulk_redistribution
M213435,213435,Bee Cultivation Specialist,M213435,213435,canonical_role,en-MY,MASCO 2020,retained,high,213435,Bee Cultivation Specialist,ESCO 1.2.1,1,6,12,0,https://www.dosm.gov.my/uploads/content-downloads/file_20220920110308.pdf#page=331,official_source_rights_review_required_for_external_bulk_redistribution
M213436,213436,Embryologist,M213436,213436,canonical_role,en-MY,MASCO 2020,retained,high,213436,Embryologist,ESCO 1.2.1,1,6,12,0,https://www.dosm.gov.my/uploads/content-downloads/file_20220920110308.pdf#page=331,official_source_rights_review_required_for_external_bulk_redistribution
M214101,214101,Automation Engineer,M214101,214101,canonical_role,en-MY,MASCO 2020,retained,high,214101,Automation Engineer,ESCO 1.2.1,1,6,12,0,https://www.dosm.gov.my/uploads/content-downloads/file_20220920110308.pdf#page=331,official_source_rights_review_required_for_external_bulk_redistribution
M214102,214102,Robotics Engineer,M214102,214102,canonical_role,en-MY,MASCO 2020,retained,high,214102,Robotics Engineer,ESCO 1.2.1; O*NET 31.0,2,13,12,0,https://www.dosm.gov.my/uploads/content-downloads/file_20220920110308.pdf#page=331,official_source_rights_review_required_for_external_bulk_redistribution
M214103,214103,Industrial Engineer,M214103,214103,canonical_role,en-MY,MASCO 2020,retained,high,214103,Industrial Engineer,ESCO 1.2.1; O*NET 31.0; NOC 2021 Version 1.0; OSCA 2024 Version 1.0,4,14,12,0,https://www.dosm.gov.my/uploads/content-downloads/file_20220920110308.pdf#page=331,official_source_rights_review_required_for_external_bulk_redistribution
M214106,214106,Communication Analyst,M214106,214106,canonical_role,en-MY,MASCO 2020,retained,high,214106,Communication Analyst,ESCO 1.2.1,1,6,12,0,https://www.dosm.gov.my/uploads/content-downloads/file_20220920110308.pdf#page=331,official_source_rights_review_required_for_external_bulk_redistribution
M214110,214110,Systems Engineer (Except Computers),M214110,214110,canonical_role,en-MY,MASCO 2020,retained,high,214110,Systems Engineer (Except Computers),ESCO 1.2.1; O*NET 31.0; NOC 2021 Version 1.0,3,14,12,0,https://www.dosm.gov.my/uploads/content-downloads/file_20220920110308.pdf#page=331,official_source_rights_review_required_for_external_bulk_redistribution
M214111,214111,Systems Design Engineer (Except Computers),M214111,214111,canonical_role,en-MY,MASCO 2020,retained,high,214111,Systems Design Engineer (Except Computers),ESCO 1.2.1; O*NET 31.0,2,13,12,0,https://www.dosm.gov.my/uploads/content-downloads/file_20220920110308.pdf#page=332,official_source_rights_review_required_for_external_bulk_redistribution
M214115,214115,Cost Evaluation Engineer,M214115,214115,canonical_role,en-MY,MASCO 2020,retained,high,214115,Cost Evaluation Engineer,ESCO 1.2.1,1,6,12,0,https://www.dosm.gov.my/uploads/content-downloads/file_20220920110308.pdf#page=332,official_source_rights_review_required_for_external_bulk_redistribution
M214120,214120,Ceramics Technologist,M214120,214120,canonical_role,en-MY,MASCO 2020,retained,high,214120,Ceramics Technologist,ESCO 1.2.1,1,6,12,0,https://www.dosm.gov.my/uploads/content-downloads/file_20220920110308.pdf#page=332,official_source_rights_review_required_for_external_bulk_redistribution
M214142,214142,Photonic Engineer,M214142,214142,canonical_role,en-MY,MASCO 2020,retained,high,214142,Photonic Engineer,ESCO 1.2.1; O*NET 31.0,2,13,12,0,https://www.dosm.gov.my/uploads/content-downloads/file_20220920110308.pdf#page=332,official_source_rights_review_required_for_external_bulk_redistribution
M214144,214144,SCADA Engineer,M214144,214144,canonical_role,en-MY,MASCO 2020,retained,high,214144,SCADA Engineer,ESCO 1.2.1,1,6,12,0,https://www.dosm.gov.my/uploads/content-downloads/file_20220920110308.pdf#page=332,official_source_rights_review_required_for_external_bulk_redistribution
M214155,214155,Energy Engineer,M214155,214155,canonical_role,en-MY,MASCO 2020,retained,high,214155,Energy Engineer,ESCO 1.2.1; O*NET 31.0,2,13,12,0,https://www.dosm.gov.my/uploads/content-downloads/file_20220920110308.pdf#page=332,official_source_rights_review_required_for_external_bulk_redistribution
M214156,214156,Renewable Energy Engineer,M214156,214156,canonical_role,en-MY,MASCO 2020,retained,high,214156,Renewable Energy Engineer,ESCO 1.2.1; O*NET 31.0,2,13,12,0,https://www.dosm.gov.my/uploads/content-downloads/file_20220920110308.pdf#page=332,official_source_rights_review_required_for_external_bulk_redistribution
M214157,214157,Environment Engineer,M214157,214157,canonical_role,en-MY,MASCO 2020,retained,high,214157,Environment Engineer,ESCO 1.2.1,1,6,12,0,https://www.dosm.gov.my/uploads/content-downloads/file_20220920110308.pdf#page=332,official_source_rights_review_required_for_external_bulk_redistribution
M214159,214159,Energy Auditor,M214159,214159,canonical_role,en-MY,MASCO 2020,retained,high,214159,Energy Auditor,ESCO 1.2.1; O*NET 31.0,2,13,12,0,https://www.dosm.gov.my/uploads/content-downloads/file_20220920110308.pdf#page=332,official_source_rights_review_required_for_external_bulk_redistribution
M214169,214169,Materials Engineer,M214169,214169,canonical_role,en-MY,MASCO 2020,retained,high,214169,Materials Engineer,ESCO 1.2.1; O*NET 31.0; NOC 2021 Version 1.0; OSCA 2024 Version 1.0,4,14,12,0,https://www.dosm.gov.my/uploads/content-downloads/file_20220920110308.pdf#page=332,official_source_rights_review_required_for_external_bulk_redistribution
M214202,214202,Engineer,M214202,214202,canonical_role,en-MY,MASCO 2020,retained,high,214202,Engineer,ESCO 1.2.1,1,6,12,0,https://www.dosm.gov.my/uploads/content-downloads/file_20220920110308.pdf#page=333,official_source_rights_review_required_for_external_bulk_redistribution
M214206,214206,Civil Engineering Technologist,M214206,214206,canonical_role,en-MY,MASCO 2020,retained,high,214206,Civil Engineering Technologist,ESCO 1.2.1; O*NET 31.0; NOC 2021 Version 1.0; OSCA 2024 Version 1.0,4,14,12,0,https://www.dosm.gov.my/uploads/content-downloads/file_20220920110308.pdf#page=333,official_source_rights_review_required_for_external_bulk_redistribution
M214207,214207,Civil Engineer,M214207,214207,canonical_role,en-MY,MASCO 2020,retained,high,214207,Civil Engineer,ESCO 1.2.1; O*NET 31.0; NOC 2021 Version 1.0; OSCA 2024 Version 1.0,4,14,12,0,https://www.dosm.gov.my/uploads/content-downloads/file_20220920110308.pdf#page=333,official_source_rights_review_required_for_external_bulk_redistribution
M214238,214238,Foundation Engineer,M214238,214238,canonical_role,en-MY,MASCO 2020,retained,high,214238,Foundation Engineer,ESCO 1.2.1,1,6,12,0,https://www.dosm.gov.my/uploads/content-downloads/file_20220920110308.pdf#page=333,official_source_rights_review_required_for_external_bulk_redistribution
M214245,214245,Quantity Surveyor,M214245; M214248,214245; 214248,merged_duplicate_roles,en-MY,MASCO 2020,retained,high,214245,Quantity Surveyor,ESCO 1.2.1; OSCA 2024 Version 1.0,2,10,12,0,https://www.dosm.gov.my/uploads/content-downloads/file_20220920110308.pdf#page=333,official_source_rights_review_required_for_external_bulk_redistribution
M214246,214246,Building Surveyor,M214246,214246,canonical_role,en-MY,MASCO 2020,retained,high,214246,Building Surveyor,ESCO 1.2.1; OSCA 2024 Version 1.0,2,10,12,0,https://www.dosm.gov.my/uploads/content-downloads/file_20220920110308.pdf#page=333,official_source_rights_review_required_for_external_bulk_redistribution
M214301,214301,Environmental Engineer,M214301,214301,canonical_role,en-MY,MASCO 2020,retained,high,214301,Environmental Engineer,ESCO 1.2.1; O*NET 31.0; OSCA 2024 Version 1.0,3,14,12,0,https://www.dosm.gov.my/uploads/content-downloads/file_20220920110308.pdf#page=334,official_source_rights_review_required_for_external_bulk_redistribution
M214305,214305,Environmental Analyst,M214305,214305,canonical_role,en-MY,MASCO 2020,retained,high,214305,Environmental Analyst,ESCO 1.2.1,1,6,12,0,https://www.dosm.gov.my/uploads/content-downloads/file_20220920110308.pdf#page=334,official_source_rights_review_required_for_external_bulk_redistribution
M214402,214402,Mechanical Engineer,M214402,214402,canonical_role,en-MY,MASCO 2020,retained,high,214402,Mechanical Engineer,ESCO 1.2.1; O*NET 31.0; NOC 2021 Version 1.0; OSCA 2024 Version 1.0,4,14,12,0,https://www.dosm.gov.my/uploads/content-downloads/file_20220920110308.pdf#page=334,official_source_rights_review_required_for_external_bulk_redistribution
M214404,214404,Lift Engineer,M214404,214404,canonical_role,en-MY,MASCO 2020,retained,high,214404,Lift Engineer,ESCO 1.2.1,1,6,12,0,https://www.dosm.gov.my/uploads/content-downloads/file_20220920110308.pdf#page=334,official_source_rights_review_required_for_external_bulk_redistribution
M214413,214413,Internal Combustion Engine Engineer,M214413,214413,canonical_role,en-MY,MASCO 2020,retained,medium,214413,Internal Combustion Engine Engineer,ESCO 1.2.1,1,6,12,0,https://www.dosm.gov.my/uploads/content-downloads/file_20220920110308.pdf#page=334,official_source_rights_review_required_for_external_bulk_redistribution
M214436,214436,Welding Engineer,M214436,214436,canonical_role,en-MY,MASCO 2020,retained,high,214436,Welding Engineer,ESCO 1.2.1,1,6,12,0,https://www.dosm.gov.my/uploads/content-downloads/file_20220920110308.pdf#page=334,official_source_rights_review_required_for_external_bulk_redistribution
M214443,214443,Engineering Technologist,M214443,214443,canonical_role,en-MY,MASCO 2020,retained,high,214443,Engineering Technologist,ESCO 1.2.1; O*NET 31.0; NOC 2021 Version 1.0; OSCA 2024 Version 1.0,4,14,12,0,https://www.dosm.gov.my/uploads/content-downloads/file_20220920110308.pdf#page=334,official_source_rights_review_required_for_external_bulk_redistribution
M214458,214458,Robotic Technologist,M214458,214458,canonical_role,en-MY,MASCO 2020,retained,high,214458,Robotic Technologist,ESCO 1.2.1,1,6,12,0,https://www.dosm.gov.my/uploads/content-downloads/file_20220920110308.pdf#page=335,official_source_rights_review_required_for_external_bulk_redistribution
M214459,214459,Aerospace Engineer,M214459,214459,canonical_role,en-MY,MASCO 2020,retained,high,214459,Aerospace Engineer,ESCO 1.2.1; O*NET 31.0; NOC 2021 Version 1.0; OSCA 2024 Version 1.0,4,14,12,0,https://www.dosm.gov.my/uploads/content-downloads/file_20220920110308.pdf#page=335,official_source_rights_review_required_for_external_bulk_redistribution
M214503,214503,Chemical Engineer,M214503,214503,canonical_role,en-MY,MASCO 2020,retained,high,214503,Chemical Engineer,ESCO 1.2.1; O*NET 31.0; NOC 2021 Version 1.0; OSCA 2024 Version 1.0,4,14,12,0,https://www.dosm.gov.my/uploads/content-downloads/file_20220920110308.pdf#page=335,official_source_rights_review_required_for_external_bulk_redistribution
M214601,214601,Mining Engineer,M214601,214601,canonical_role,en-MY,MASCO 2020,retained,high,214601,Mining Engineer,ESCO 1.2.1; NOC 2021 Version 1.0; OSCA 2024 Version 1.0,3,14,12,0,https://www.dosm.gov.my/uploads/content-downloads/file_20220920110308.pdf#page=335,official_source_rights_review_required_for_external_bulk_redistribution
M214606,214606,Petroleum Mining Engineer,M214606,214606,canonical_role,en-MY,MASCO 2020,retained,high,214606,Petroleum Mining Engineer,ESCO 1.2.1; O*NET 31.0; NOC 2021 Version 1.0; OSCA 2024 Version 1.0,4,14,12,0,https://www.dosm.gov.my/uploads/content-downloads/file_20220920110308.pdf#page=335,official_source_rights_review_required_for_external_bulk_redistribution
M214609,214609,Metallurgist,M214609,214609,canonical_role,en-MY,MASCO 2020,retained,high,214609,Metallurgist,ESCO 1.2.1,1,6,12,0,https://www.dosm.gov.my/uploads/content-downloads/file_20220920110308.pdf#page=335,official_source_rights_review_required_for_external_bulk_redistribution
M214616,214616,Assayer,M214616,214616,canonical_role,en-MY,MASCO 2020,retained,high,214616,Assayer,ESCO 1.2.1,1,6,12,0,https://www.dosm.gov.my/uploads/content-downloads/file_20220920110308.pdf#page=335,official_source_rights_review_required_for_external_bulk_redistribution
M214624,214624,Marine Section Leader,M214624,214624,canonical_role,en-MY,MASCO 2020,retained,high,214624,Marine Section Leader,ESCO 1.2.1,1,6,12,0,https://www.dosm.gov.my/uploads/content-downloads/file_20220920110308.pdf#page=336,official_source_rights_review_required_for_external_bulk_redistribution
M214641,214641,Hydraulics Engineer,M214641,214641,canonical_role,en-MY,MASCO 2020,retained,high,214641,Hydraulics Engineer,ESCO 1.2.1,1,6,12,0,https://www.dosm.gov.my/uploads/content-downloads/file_20220920110308.pdf#page=336,official_source_rights_review_required_for_external_bulk_redistribution
M214642,214642,Water Management Engineer,M214642,214642,canonical_role,en-MY,MASCO 2020,retained,high,214642,Water Management Engineer,ESCO 1.2.1; O*NET 31.0; OSCA 2024 Version 1.0,3,14,12,0,https://www.dosm.gov.my/uploads/content-downloads/file_20220920110308.pdf#page=336,official_source_rights_review_required_for_external_bulk_redistribution
M214645,214645,Pipeline Mechanical Engineer,M214645,214645,canonical_role,en-MY,MASCO 2020,retained,high,214645,Pipeline Mechanical Engineer,ESCO 1.2.1; O*NET 31.0; NOC 2021 Version 1.0; OSCA 2024 Version 1.0,4,14,12,0,https://www.dosm.gov.my/uploads/content-downloads/file_20220920110308.pdf#page=336,official_source_rights_review_required_for_external_bulk_redistribution
M214648,214648,Pipe Stress Engineer,M214648,214648,canonical_role,en-MY,MASCO 2020,retained,high,214648,Pipe Stress Engineer,ESCO 1.2.1,1,6,12,0,https://www.dosm.gov.my/uploads/content-downloads/file_20220920110308.pdf#page=336,official_source_rights_review_required_for_external_bulk_redistribution
M214649,214649,Blasting Expert,M214649,214649,canonical_role,en-MY,MASCO 2020,retained,medium,214649,Blasting Expert,ESCO 1.2.1,1,6,12,0,https://www.dosm.gov.my/uploads/content-downloads/file_20220920110308.pdf#page=336,official_source_rights_review_required_for_external_bulk_redistribution
M214901,214901,Explosive Ordnance Engineer,M214901,214901,canonical_role,en-MY,MASCO 2020,retained,high,214901,Explosive Ordnance Engineer,ESCO 1.2.1,1,6,12,0,https://www.dosm.gov.my/uploads/content-downloads/file_20220920110308.pdf#page=336,official_source_rights_review_required_for_external_bulk_redistribution
M214902,214902,Marine Salvage Engineer,M214902,214902,canonical_role,en-MY,MASCO 2020,retained,high,214902,Marine Salvage Engineer,ESCO 1.2.1; OSCA 2024 Version 1.0,2,10,12,0,https://www.dosm.gov.my/uploads/content-downloads/file_20220920110308.pdf#page=336,official_source_rights_review_required_for_external_bulk_redistribution
M214907,214907,Industrial Health and Safety Engineer,M214907,214907,canonical_role,en-MY,MASCO 2020,retained,high,214907,Industrial Health and Safety Engineer,ESCO 1.2.1; O*NET 31.0; OSCA 2024 Version 1.0,3,14,12,0,https://www.dosm.gov.my/uploads/content-downloads/file_20220920110308.pdf#page=336,official_source_rights_review_required_for_external_bulk_redistribution
M214913,214913,Field Service Engineer,M214913,214913,canonical_role,en-MY,MASCO 2020,retained,high,214913,Field Service Engineer,ESCO 1.2.1; OSCA 2024 Version 1.0,2,10,12,0,https://www.dosm.gov.my/uploads/content-downloads/file_20220920110308.pdf#page=336,official_source_rights_review_required_for_external_bulk_redistribution
M214918,214918,Research Engineer,M214918,214918,canonical_role,en-MY,MASCO 2020,retained,high,214918,Research Engineer,ESCO 1.2.1,1,6,12,0,https://www.dosm.gov.my/uploads/content-downloads/file_20220920110308.pdf#page=336,official_source_rights_review_required_for_external_bulk_redistribution
M214919,214919,Biomedical Engineer,M214919,214919,canonical_role,en-MY,MASCO 2020,retained,high,214919,Biomedical Engineer,ESCO 1.2.1; O*NET 31.0; OSCA 2024 Version 1.0,3,14,12,0,https://www.dosm.gov.my/uploads/content-downloads/file_20220920110308.pdf#page=336,official_source_rights_review_required_for_external_bulk_redistribution
M214920,214920,Optical Engineer,M214920,214920,canonical_role,en-MY,MASCO 2020,retained,high,214920,Optical Engineer,ESCO 1.2.1,1,6,12,0,https://www.dosm.gov.my/uploads/content-downloads/file_20220920110308.pdf#page=336,official_source_rights_review_required_for_external_bulk_redistribution
M214921,214921,Quality Assurance/Quality Control Inspection Engineer (QA/QC),M214921,214921,canonical_role,en-MY,MASCO 2020,retained,high,214921,Quality Assurance/Quality Control Inspection Engineer (QA/QC),ESCO 1.2.1,1,6,12,0,https://www.dosm.gov.my/uploads/content-downloads/file_20220920110308.pdf#page=336,official_source_rights_review_required_for_external_bulk_redistribution
M214922,214922,Factories and Machinery Inspector,M214922,214922,canonical_role,en-MY,MASCO 2020,retained,high,214922,Factories and Machinery Inspector,ESCO 1.2.1,1,6,12,0,https://www.dosm.gov.my/uploads/content-downloads/file_20220920110308.pdf#page=337,official_source_rights_review_required_for_external_bulk_redistribution
M214923,214923,Commissioning Engineer,M214923,214923,canonical_role,en-MY,MASCO 2020,retained,high,214923,Commissioning Engineer,ESCO 1.2.1,1,6,12,0,https://www.dosm.gov.my/uploads/content-downloads/file_20220920110308.pdf#page=337,official_source_rights_review_required_for_external_bulk_redistribution
M215102,215102,Electrical Engineer,M215102,215102,canonical_role,en-MY,MASCO 2020,retained,high,215102,Electrical Engineer,ESCO 1.2.1; O*NET 31.0; NOC 2021 Version 1.0; OSCA 2024 Version 1.0,4,14,12,0,https://www.dosm.gov.my/uploads/content-downloads/file_20220920110308.pdf#page=337,official_source_rights_review_required_for_external_bulk_redistribution
M215135,215135,Electrical Energy Auditor,M215135,215135,canonical_role,en-MY,MASCO 2020,retained,high,215135,Electrical Energy Auditor,ESCO 1.2.1; O*NET 31.0,2,13,12,0,https://www.dosm.gov.my/uploads/content-downloads/file_20220920110308.pdf#page=337,official_source_rights_review_required_for_external_bulk_redistribution
M215136,215136,Electrical Superintendent,M215136,215136,canonical_role,en-MY,MASCO 2020,retained,high,215136,Electrical Superintendent,ESCO 1.2.1,1,6,12,0,https://www.dosm.gov.my/uploads/content-downloads/file_20220920110308.pdf#page=337,official_source_rights_review_required_for_external_bulk_redistribution
M215202,215202,Electronics Engineer,M215202,215202,canonical_role,en-MY,MASCO 2020,retained,high,215202,Electronics Engineer,ESCO 1.2.1; O*NET 31.0; NOC 2021 Version 1.0; OSCA 2024 Version 1.0,4,14,12,0,https://www.dosm.gov.my/uploads/content-downloads/file_20220920110308.pdf#page=337,official_source_rights_review_required_for_external_bulk_redistribution
M215236,215236,Integrated Circuit Package Assembly Process Engineer (IC),M215236,215236,canonical_role,en-MY,MASCO 2020,retained,high,215236,Integrated Circuit Package Assembly Process Engineer (IC),ESCO 1.2.1,1,6,12,0,https://www.dosm.gov.my/uploads/content-downloads/file_20220920110308.pdf#page=338,official_source_rights_review_required_for_external_bulk_redistribution
M215301,215301,Telecommunications Engineer,M215301,215301,canonical_role,en-MY,MASCO 2020,retained,high,215301,Telecommunications Engineer,ESCO 1.2.1; OSCA 2024 Version 1.0,2,10,12,0,https://www.dosm.gov.my/uploads/content-downloads/file_20220920110308.pdf#page=338,official_source_rights_review_required_for_external_bulk_redistribution
M215323,215323,Network and System Engineer,M215323,215323,canonical_role,en-MY,MASCO 2020,retained,high,215323,Network and System Engineer,ESCO 1.2.1; OSCA 2024 Version 1.0,2,10,12,0,https://www.dosm.gov.my/uploads/content-downloads/file_20220920110308.pdf#page=338,official_source_rights_review_required_for_external_bulk_redistribution
M215330,215330,Acoustic Engineer,M215330,215330,canonical_role,en-MY,MASCO 2020,retained,high,215330,Acoustic Engineer,ESCO 1.2.1; OSCA 2024 Version 1.0,2,10,12,0,https://www.dosm.gov.my/uploads/content-downloads/file_20220920110308.pdf#page=338,official_source_rights_review_required_for_external_bulk_redistribution
M216101,216101,Architect,M216101; M216102,216101; 216102,merged_duplicate_roles,en-MY,MASCO 2020,retained,high,216101,Architect,ESCO 1.2.1; NOC 2021 Version 1.0; OSCA 2024 Version 1.0,3,14,12,0,https://www.dosm.gov.my/uploads/content-downloads/file_20220920110308.pdf#page=338,official_source_rights_review_required_for_external_bulk_redistribution
M216201,216201,Landscape Architect,M216201; M216202,216201; 216202,merged_duplicate_roles,en-MY,MASCO 2020,retained,high,216201,Landscape Architect,ESCO 1.2.1; O*NET 31.0; NOC 2021 Version 1.0; OSCA 2024 Version 1.0,4,14,12,0,https://www.dosm.gov.my/uploads/content-downloads/file_20220920110308.pdf#page=339,official_source_rights_review_required_for_external_bulk_redistribution
M216301,216301,Commercial Products Designer,M216301,216301,canonical_role,en-MY,MASCO 2020,retained,high,216301,Commercial Products Designer,ESCO 1.2.1; O*NET 31.0,2,13,12,0,https://www.dosm.gov.my/uploads/content-downloads/file_20220920110308.pdf#page=339,official_source_rights_review_required_for_external_bulk_redistribution
M216326,216326,Green Technology Design Professional,M216326,216326,canonical_role,en-MY,MASCO 2020,retained,high,216326,Green Technology Design Professional,ESCO 1.2.1,1,6,12,0,https://www.dosm.gov.my/uploads/content-downloads/file_20220920110308.pdf#page=339,official_source_rights_review_required_for_external_bulk_redistribution
M216401,216401,Urban and Rural Planning Officer,M216401,216401,canonical_role,en-MY,MASCO 2020,retained,high,216401,Urban and Rural Planning Officer,ESCO 1.2.1,1,6,12,0,https://www.dosm.gov.my/uploads/content-downloads/file_20220920110308.pdf#page=339,official_source_rights_review_required_for_external_bulk_redistribution
M216402,216402,Town Planner,M216402,216402,canonical_role,en-MY,MASCO 2020,retained,high,216402,Town Planner,ESCO 1.2.1,1,6,12,0,https://www.dosm.gov.my/uploads/content-downloads/file_20220920110308.pdf#page=339,official_source_rights_review_required_for_external_bulk_redistribution
M216404,216404,Traffic Engineer,M216404,216404,canonical_role,en-MY,MASCO 2020,retained,high,216404,Traffic Engineer,ESCO 1.2.1,1,6,12,0,https://www.dosm.gov.my/uploads/content-downloads/file_20220920110308.pdf#page=339,official_source_rights_review_required_for_external_bulk_redistribution
M216407,216407,Urban and Regional Planners,M216407,216407,canonical_role,en-MY,MASCO 2020,retained,high,216407,Urban and Regional Planners,ESCO 1.2.1; O*NET 31.0; OSCA 2024 Version 1.0,3,14,12,0,https://www.dosm.gov.my/uploads/content-downloads/file_20220920110308.pdf#page=339,official_source_rights_review_required_for_external_bulk_redistribution
M216501,216501,Geospatialist,M216501,216501,canonical_role,en-MY,MASCO 2020,retained,high,216501,Geospatialist,ESCO 1.2.1,1,6,12,0,https://www.dosm.gov.my/uploads/content-downloads/file_20220920110308.pdf#page=339,official_source_rights_review_required_for_external_bulk_redistribution
M216502,216502,Surveyor,M216502; M216507,216502; 216507,merged_duplicate_roles,en-MY,MASCO 2020,retained,high,216502,Surveyor,ESCO 1.2.1; O*NET 31.0,2,13,12,0,https://www.dosm.gov.my/uploads/content-downloads/file_20220920110308.pdf#page=339,official_source_rights_review_required_for_external_bulk_redistribution
M216503,216503,Cartographer,M216503,216503,canonical_role,en-MY,MASCO 2020,retained,high,216503,Cartographer,ESCO 1.2.1; OSCA 2024 Version 1.0,2,10,12,0,https://www.dosm.gov.my/uploads/content-downloads/file_20220920110308.pdf#page=339,official_source_rights_review_required_for_external_bulk_redistribution
M216601,216601,Designer,M216601; M363201,216601; 363201,merged_duplicate_roles,en-MY,MASCO 2020,retained,high,216601,Designer,ESCO 1.2.1,1,6,12,0,https://www.dosm.gov.my/uploads/content-downloads/file_20220920110308.pdf#page=340,official_source_rights_review_required_for_external_bulk_redistribution
M217102,217102,Marine Engineer,M217102,217102,canonical_role,en-MY,MASCO 2020,retained,high,217102,Marine Engineer,ESCO 1.2.1; O*NET 31.0; OSCA 2024 Version 1.0,3,14,12,0,https://www.dosm.gov.my/uploads/content-downloads/file_20220920110308.pdf#page=340,official_source_rights_review_required_for_external_bulk_redistribution
M217105,217105,Naval Architect,M217105,217105,canonical_role,en-MY,MASCO 2020,retained,high,217105,Naval Architect,ESCO 1.2.1; O*NET 31.0; OSCA 2024 Version 1.0,3,14,12,0,https://www.dosm.gov.my/uploads/content-downloads/file_20220920110308.pdf#page=340,official_source_rights_review_required_for_external_bulk_redistribution
M217201,217201,Marine Officer,M217201,217201,canonical_role,en-MY,MASCO 2020,retained,high,217201,Marine Officer,ESCO 1.2.1,1,6,12,0,https://www.dosm.gov.my/uploads/content-downloads/file_20220920110308.pdf#page=340,official_source_rights_review_required_for_external_bulk_redistribution
M217203,217203,Hovercraft Pilot,M217203,217203,canonical_role,en-MY,MASCO 2020,retained,high,217203,Hovercraft Pilot,ESCO 1.2.1,1,6,12,0,https://www.dosm.gov.my/uploads/content-downloads/file_20220920110308.pdf#page=340,official_source_rights_review_required_for_external_bulk_redistribution
M217205,217205,Port Captain,M217205,217205,canonical_role,en-MY,MASCO 2020,retained,high,217205,Port Captain,ESCO 1.2.1,1,6,12,0,https://www.dosm.gov.my/uploads/content-downloads/file_20220920110308.pdf#page=340,official_source_rights_review_required_for_external_bulk_redistribution
M217207,217207,Ship Navigator,M217207,217207,canonical_role,en-MY,MASCO 2020,retained,high,217207,Ship Navigator,ESCO 1.2.1,1,6,12,0,https://www.dosm.gov.my/uploads/content-downloads/file_20220920110308.pdf#page=340,official_source_rights_review_required_for_external_bulk_redistribution
M217210,217210,Marine Superintendent (Deck),M217210,217210,canonical_role,en-MY,MASCO 2020,retained,high,217210,Marine Superintendent (Deck),ESCO 1.2.1,1,6,12,0,https://www.dosm.gov.my/uploads/content-downloads/file_20220920110308.pdf#page=340,official_source_rights_review_required_for_external_bulk_redistribution
M217211,217211,Shipping Executive,M217211,217211,canonical_role,en-MY,MASCO 2020,retained,high,217211,Shipping Executive,ESCO 1.2.1,1,6,12,0,https://www.dosm.gov.my/uploads/content-downloads/file_20220920110308.pdf#page=340,official_source_rights_review_required_for_external_bulk_redistribution
M217301,217301,Pilot/ Pilot Examiner,M217301,217301,canonical_role,en-MY,MASCO 2020,retained,high,217301,Pilot/ Pilot Examiner,ESCO 1.2.1,1,6,12,0,https://www.dosm.gov.my/uploads/content-downloads/file_20220920110308.pdf#page=340,official_source_rights_review_required_for_external_bulk_redistribution
M217302,217302,Aircraft Examiner,M217302; M315115,217302; 315115,merged_duplicate_roles,en-MY,MASCO 2020,retained,high,217302,Aircraft Examiner,ESCO 1.2.1,1,6,12,0,https://www.dosm.gov.my/uploads/content-downloads/file_20220920110308.pdf#page=340,official_source_rights_review_required_for_external_bulk_redistribution
M217303,217303,Pilot,M217303,217303,canonical_role,en-MY,MASCO 2020,retained,high,217303,Pilot,ESCO 1.2.1,1,6,12,0,https://www.dosm.gov.my/uploads/content-downloads/file_20220920110308.pdf#page=340,official_source_rights_review_required_for_external_bulk_redistribution
M217305,217305,Flight Instructor,M217305,217305,canonical_role,en-MY,MASCO 2020,retained,high,217305,Flight Instructor,ESCO 1.2.1; OSCA 2024 Version 1.0,2,10,12,0,https://www.dosm.gov.my/uploads/content-downloads/file_20220920110308.pdf#page=340,official_source_rights_review_required_for_external_bulk_redistribution
M217310,217310,Aircraft Design Engineer,M217310,217310,canonical_role,en-MY,MASCO 2020,retained,high,217310,Aircraft Design Engineer,ESCO 1.2.1,1,6,12,0,https://www.dosm.gov.my/uploads/content-downloads/file_20220920110308.pdf#page=340,official_source_rights_review_required_for_external_bulk_redistribution
M217311,217311,Aeronautical Engineer,M217311,217311,canonical_role,en-MY,MASCO 2020,retained,high,217311,Aeronautical Engineer,ESCO 1.2.1,1,6,12,0,https://www.dosm.gov.my/uploads/content-downloads/file_20220920110308.pdf#page=340,official_source_rights_review_required_for_external_bulk_redistribution
M217312,217312,Pilot/Pilot Examiner,M217312; M217313; M217314; M217315,217312; 217313; 217314; 217315,merged_duplicate_roles,en-MY,MASCO 2020,retained,high,217312,Pilot/Pilot Examiner,ESCO 1.2.1,1,6,12,0,https://www.dosm.gov.my/uploads/content-downloads/file_20220920110308.pdf#page=340,official_source_rights_review_required_for_external_bulk_redistribution
M217322,217322,Marine Aviation Officer,M217322,217322,canonical_role,en-MY,MASCO 2020,retained,high,217322,Marine Aviation Officer,ESCO 1.2.1,1,6,12,0,https://www.dosm.gov.my/uploads/content-downloads/file_20220920110308.pdf#page=341,official_source_rights_review_required_for_external_bulk_redistribution
M217401,217401,Air Traffic Control Officer,M217401,217401,canonical_role,en-MY,MASCO 2020,retained,high,217401,Air Traffic Control Officer,ESCO 1.2.1,1,6,12,0,https://www.dosm.gov.my/uploads/content-downloads/file_20220920110308.pdf#page=341,official_source_rights_review_required_for_external_bulk_redistribution
M217402,217402,Air Traffic Controller,M217402,217402,canonical_role,en-MY,MASCO 2020,retained,high,217402,Air Traffic Controller,ESCO 1.2.1; O*NET 31.0; NOC 2021 Version 1.0; OSCA 2024 Version 1.0,4,14,12,0,https://www.dosm.gov.my/uploads/content-downloads/file_20220920110308.pdf#page=341,official_source_rights_review_required_for_external_bulk_redistribution
M217403,217403,Operation Centre Controller,M217403,217403,canonical_role,en-MY,MASCO 2020,retained,high,217403,Operation Centre Controller,ESCO 1.2.1,1,6,12,0,https://www.dosm.gov.my/uploads/content-downloads/file_20220920110308.pdf#page=341,official_source_rights_review_required_for_external_bulk_redistribution
M217501,217501,Railway and Locomotive Operation Officer,M217501,217501,canonical_role,en-MY,MASCO 2020,retained,high,217501,Railway and Locomotive Operation Officer,ESCO 1.2.1,1,6,12,0,https://www.dosm.gov.my/uploads/content-downloads/file_20220920110308.pdf#page=341,official_source_rights_review_required_for_external_bulk_redistribution
M218101,218101,Mining Excecutive,M218101,218101,canonical_role,en-MY,MASCO 2020,retained,high,218101,Mining Excecutive,ESCO 1.2.1,1,6,12,0,https://www.dosm.gov.my/uploads/content-downloads/file_20220920110308.pdf#page=341,official_source_rights_review_required_for_external_bulk_redistribution
M218201,218201,Manufacturing Executive,M218201,218201,canonical_role,en-MY,MASCO 2020,retained,high,218201,Manufacturing Executive,ESCO 1.2.1,1,6,12,0,https://www.dosm.gov.my/uploads/content-downloads/file_20220920110308.pdf#page=341,official_source_rights_review_required_for_external_bulk_redistribution
M218202,218202,Quality Assurance Executive,M218202,218202,canonical_role,en-MY,MASCO 2020,retained,high,218202,Quality Assurance Executive,ESCO 1.2.1; OSCA 2024 Version 1.0,2,10,12,0,https://www.dosm.gov.my/uploads/content-downloads/file_20220920110308.pdf#page=341,official_source_rights_review_required_for_external_bulk_redistribution
M218207,218207,Store Executive,M218207,218207,canonical_role,en-MY,MASCO 2020,retained,high,218207,Store Executive,ESCO 1.2.1,1,6,12,0,https://www.dosm.gov.my/uploads/content-downloads/file_20220920110308.pdf#page=341,official_source_rights_review_required_for_external_bulk_redistribution
M218229,218229,Technical Service Adviser,M218229,218229,canonical_role,en-MY,MASCO 2020,retained,high,218229,Technical Service Adviser,ESCO 1.2.1; OSCA 2024 Version 1.0,2,10,12,0,https://www.dosm.gov.my/uploads/content-downloads/file_20220920110308.pdf#page=341,official_source_rights_review_required_for_external_bulk_redistribution
M218231,218231,Material Specialist,M218231,218231,canonical_role,en-MY,MASCO 2020,retained,high,218231,Material Specialist,ESCO 1.2.1,1,6,12,0,https://www.dosm.gov.my/uploads/content-downloads/file_20220920110308.pdf#page=341,official_source_rights_review_required_for_external_bulk_redistribution
M218301,218301,Construction Executive,M218301,218301,canonical_role,en-MY,MASCO 2020,retained,high,218301,Construction Executive,ESCO 1.2.1,1,6,12,0,https://www.dosm.gov.my/uploads/content-downloads/file_20220920110308.pdf#page=342,official_source_rights_review_required_for_external_bulk_redistribution
M221101,221101,Medical Officer,M221101; M221120,221101; 221120,merged_duplicate_roles,en-MY,MASCO 2020,retained,medium,221101,Medical Officer,ESCO 1.2.1; OSCA 2024 Version 1.0,2,10,12,0,https://www.dosm.gov.my/uploads/content-downloads/file_20220920110308.pdf#page=342,official_source_rights_review_required_for_external_bulk_redistribution
M221102,221102,Medical Doctor,M221102,221102,canonical_role,en-MY,MASCO 2020,retained,high,221102,Medical Doctor,ESCO 1.2.1,1,6,12,0,https://www.dosm.gov.my/uploads/content-downloads/file_20220920110308.pdf#page=342,official_source_rights_review_required_for_external_bulk_redistribution
M221107,221107,"Medical Doctor, Gynaecology",M221107,221107,canonical_role,en-MY,MASCO 2020,retained,high,221107,"Medical Doctor, Gynaecology",ESCO 1.2.1,1,6,12,0,https://www.dosm.gov.my/uploads/content-downloads/file_20220920110308.pdf#page=342,official_source_rights_review_required_for_external_bulk_redistribution
M221108,221108,"Medical Doctor, Cardiology",M221108,221108,canonical_role,en-MY,MASCO 2020,retained,high,221108,"Medical Doctor, Cardiology",ESCO 1.2.1,1,6,12,0,https://www.dosm.gov.my/uploads/content-downloads/file_20220920110308.pdf#page=342,official_source_rights_review_required_for_external_bulk_redistribution
M221110,221110,"Medical Doctor, Obstetrics",M221110,221110,canonical_role,en-MY,MASCO 2020,retained,high,221110,"Medical Doctor, Obstetrics",ESCO 1.2.1,1,6,12,0,https://www.dosm.gov.my/uploads/content-downloads/file_20220920110308.pdf#page=342,official_source_rights_review_required_for_external_bulk_redistribution
M221111,221111,"Medical Doctor, Ophthalmology",M221111,221111,canonical_role,en-MY,MASCO 2020,retained,high,221111,"Medical Doctor, Ophthalmology",ESCO 1.2.1,1,6,12,0,https://www.dosm.gov.my/uploads/content-downloads/file_20220920110308.pdf#page=342,official_source_rights_review_required_for_external_bulk_redistribution
M221112,221112,"Medical Doctor, Psychiatry",M221112,221112,canonical_role,en-MY,MASCO 2020,retained,high,221112,"Medical Doctor, Psychiatry",ESCO 1.2.1,1,6,12,0,https://www.dosm.gov.my/uploads/content-downloads/file_20220920110308.pdf#page=342,official_source_rights_review_required_for_external_bulk_redistribution
M221113,221113,"Medical Doctor, Radiology",M221113,221113,canonical_role,en-MY,MASCO 2020,retained,high,221113,"Medical Doctor, Radiology",ESCO 1.2.1,1,6,12,0,https://www.dosm.gov.my/uploads/content-downloads/file_20220920110308.pdf#page=342,official_source_rights_review_required_for_external_bulk_redistribution
M221118,221118,"Doctor, Skin",M221118,221118,canonical_role,en-MY,MASCO 2020,retained,high,221118,"Doctor, Skin",ESCO 1.2.1,1,6,12,0,https://www.dosm.gov.my/uploads/content-downloads/file_20220920110308.pdf#page=342,official_source_rights_review_required_for_external_bulk_redistribution
M221201,221201,"Ear, Nose and Throat Specialist",M221201,221201,canonical_role,en-MY,MASCO 2020,retained,high,221201,"Ear, Nose and Throat Specialist",ESCO 1.2.1,1,6,12,0,https://www.dosm.gov.my/uploads/content-downloads/file_20220920110308.pdf#page=342,official_source_rights_review_required_for_external_bulk_redistribution
M221204,221204,Anaesthetist,M221204,221204,canonical_role,en-MY,MASCO 2020,retained,high,221204,Anaesthetist,ESCO 1.2.1; OSCA 2024 Version 1.0,2,10,12,0,https://www.dosm.gov.my/uploads/content-downloads/file_20220920110308.pdf#page=342,official_source_rights_review_required_for_external_bulk_redistribution
M221206,221206,Medical Oncologist,M221206,221206,canonical_role,en-MY,MASCO 2020,retained,high,221206,Medical Oncologist,ESCO 1.2.1; OSCA 2024 Version 1.0,2,10,12,0,https://www.dosm.gov.my/uploads/content-downloads/file_20220920110308.pdf#page=342,official_source_rights_review_required_for_external_bulk_redistribution
M221208,221208,Psychiatrist,M221208,221208,canonical_role,en-MY,MASCO 2020,retained,high,221208,Psychiatrist,ESCO 1.2.1; O*NET 31.0; OSCA 2024 Version 1.0,3,14,12,0,https://www.dosm.gov.my/uploads/content-downloads/file_20220920110308.pdf#page=342,official_source_rights_review_required_for_external_bulk_redistribution
M221209,221209,Ophthalmologist,M221209,221209,canonical_role,en-MY,MASCO 2020,retained,high,221209,Ophthalmologist,ESCO 1.2.1; OSCA 2024 Version 1.0,2,10,12,0,https://www.dosm.gov.my/uploads/content-downloads/file_20220920110308.pdf#page=342,official_source_rights_review_required_for_external_bulk_redistribution
M221210,221210,Cardiologist,M221210,221210,canonical_role,en-MY,MASCO 2020,retained,high,221210,Cardiologist,ESCO 1.2.1; O*NET 31.0; OSCA 2024 Version 1.0,3,14,12,0,https://www.dosm.gov.my/uploads/content-downloads/file_20220920110308.pdf#page=342,official_source_rights_review_required_for_external_bulk_redistribution
M221211,221211,Neurologist,M221211,221211,canonical_role,en-MY,MASCO 2020,retained,high,221211,Neurologist,ESCO 1.2.1; O*NET 31.0; OSCA 2024 Version 1.0,3,14,12,0,https://www.dosm.gov.my/uploads/content-downloads/file_20220920110308.pdf#page=342,official_source_rights_review_required_for_external_bulk_redistribution
M221213,221213,Obstetrician and Gynaecologist,M221213,221213,canonical_role,en-MY,MASCO 2020,retained,high,221213,Obstetrician and Gynaecologist,ESCO 1.2.1; OSCA 2024 Version 1.0,2,10,12,0,https://www.dosm.gov.my/uploads/content-downloads/file_20220920110308.pdf#page=342,official_source_rights_review_required_for_external_bulk_redistribution
M221217,221217,Surgeon,M221217,221217,canonical_role,en-MY,MASCO 2020,retained,high,221217,Surgeon,ESCO 1.2.1,1,6,12,0,https://www.dosm.gov.my/uploads/content-downloads/file_20220920110308.pdf#page=342,official_source_rights_review_required_for_external_bulk_redistribution
M221233,221233,Dermatologist,M221233,221233,canonical_role,en-MY,MASCO 2020,retained,high,221233,Dermatologist,ESCO 1.2.1; O*NET 31.0; OSCA 2024 Version 1.0,3,14,12,0,https://www.dosm.gov.my/uploads/content-downloads/file_20220920110308.pdf#page=343,official_source_rights_review_required_for_external_bulk_redistribution
M221234,221234,Orthopaedist,M221234,221234,canonical_role,en-MY,MASCO 2020,retained,high,221234,Orthopaedist,ESCO 1.2.1,1,6,12,0,https://www.dosm.gov.my/uploads/content-downloads/file_20220920110308.pdf#page=343,official_source_rights_review_required_for_external_bulk_redistribution
M221236,221236,Paediatrician,M221236,221236,canonical_role,en-MY,MASCO 2020,retained,high,221236,Paediatrician,ESCO 1.2.1; OSCA 2024 Version 1.0,2,10,12,0,https://www.dosm.gov.my/uploads/content-downloads/file_20220920110308.pdf#page=343,official_source_rights_review_required_for_external_bulk_redistribution
M221244,221244,Physician,M221244,221244,canonical_role,en-MY,MASCO 2020,retained,high,221244,Physician,ESCO 1.2.1,1,6,12,0,https://www.dosm.gov.my/uploads/content-downloads/file_20220920110308.pdf#page=343,official_source_rights_review_required_for_external_bulk_redistribution
M221257,221257,Radiologist,M221257,221257,canonical_role,en-MY,MASCO 2020,retained,high,221257,Radiologist,ESCO 1.2.1; O*NET 31.0; OSCA 2024 Version 1.0,3,14,12,0,https://www.dosm.gov.my/uploads/content-downloads/file_20220920110308.pdf#page=343,official_source_rights_review_required_for_external_bulk_redistribution
M221262,221262,Urologist,M221262,221262,canonical_role,en-MY,MASCO 2020,retained,high,221262,Urologist,ESCO 1.2.1; O*NET 31.0; OSCA 2024 Version 1.0,3,14,12,0,https://www.dosm.gov.my/uploads/content-downloads/file_20220920110308.pdf#page=343,official_source_rights_review_required_for_external_bulk_redistribution
M221263,221263,Venereologist,M221263,221263,canonical_role,en-MY,MASCO 2020,retained,high,221263,Venereologist,ESCO 1.2.1,1,6,12,0,https://www.dosm.gov.my/uploads/content-downloads/file_20220920110308.pdf#page=343,official_source_rights_review_required_for_external_bulk_redistribution
M221266,221266,Application Specialist (Hematology),M221266,221266,canonical_role,en-MY,MASCO 2020,retained,high,221266,Application Specialist (Hematology),ESCO 1.2.1,1,6,12,8,https://www.dosm.gov.my/uploads/content-downloads/file_20220920110308.pdf#page=343,official_source_rights_review_required_for_external_bulk_redistribution
M222101,222101,Nurse,M222101; M322101,222101; 322101,merged_duplicate_roles,en-MY,MASCO 2020,retained,high,222101,Nurse,ESCO 1.2.1,1,6,12,0,https://www.dosm.gov.my/uploads/content-downloads/file_20220920110308.pdf#page=343,official_source_rights_review_required_for_external_bulk_redistribution
M222102,222102,Professional Nurse,M222102,222102,canonical_role,en-MY,MASCO 2020,retained,high,222102,Professional Nurse,ESCO 1.2.1,1,6,12,0,https://www.dosm.gov.my/uploads/content-downloads/file_20220920110308.pdf#page=343,official_source_rights_review_required_for_external_bulk_redistribution
M222109,222109,Specialist Nurse,M222109,222109,canonical_role,en-MY,MASCO 2020,retained,high,222109,Specialist Nurse,ESCO 1.2.1; O*NET 31.0,2,13,12,0,https://www.dosm.gov.my/uploads/content-downloads/file_20220920110308.pdf#page=343,official_source_rights_review_required_for_external_bulk_redistribution
M222110,222110,Nurse Instructor,M222110,222110,canonical_role,en-MY,MASCO 2020,retained,high,222110,Nurse Instructor,ESCO 1.2.1,1,6,12,0,https://www.dosm.gov.my/uploads/content-downloads/file_20220920110308.pdf#page=343,official_source_rights_review_required_for_external_bulk_redistribution
M222201,222201,Professional Midwife,M222201,222201,canonical_role,en-MY,MASCO 2020,retained,high,222201,Professional Midwife,ESCO 1.2.1,1,6,12,0,https://www.dosm.gov.my/uploads/content-downloads/file_20220920110308.pdf#page=344,official_source_rights_review_required_for_external_bulk_redistribution
M224101,224101,Paramedic,M224101,224101,canonical_role,en-MY,MASCO 2020,retained,high,224101,Paramedic,ESCO 1.2.1; O*NET 31.0; OSCA 2024 Version 1.0,3,14,12,0,https://www.dosm.gov.my/uploads/content-downloads/file_20220920110308.pdf#page=344,official_source_rights_review_required_for_external_bulk_redistribution
M225101,225101,Veterinary Officer,M225101,225101,canonical_role,en-MY,MASCO 2020,retained,high,225101,Veterinary Officer,ESCO 1.2.1,1,6,12,0,https://www.dosm.gov.my/uploads/content-downloads/file_20220920110308.pdf#page=344,official_source_rights_review_required_for_external_bulk_redistribution
M225102,225102,Veterinarian,M225102,225102,canonical_role,en-MY,MASCO 2020,retained,high,225102,Veterinarian,ESCO 1.2.1; O*NET 31.0; NOC 2021 Version 1.0; OSCA 2024 Version 1.0,4,14,12,0,https://www.dosm.gov.my/uploads/content-downloads/file_20220920110308.pdf#page=344,official_source_rights_review_required_for_external_bulk_redistribution
M226101,226101,Dental Officer,M226101,226101,canonical_role,en-MY,MASCO 2020,retained,high,226101,Dental Officer,ESCO 1.2.1,1,6,12,0,https://www.dosm.gov.my/uploads/content-downloads/file_20220920110308.pdf#page=344,official_source_rights_review_required_for_external_bulk_redistribution
M226102,226102,Dentist,M226102,226102,canonical_role,en-MY,MASCO 2020,retained,high,226102,Dentist,ESCO 1.2.1; NOC 2021 Version 1.0; OSCA 2024 Version 1.0,3,14,12,0,https://www.dosm.gov.my/uploads/content-downloads/file_20220920110308.pdf#page=344,official_source_rights_review_required_for_external_bulk_redistribution
M226201,226201,Pharmacist,M226201; M226202; M226207,226201; 226202; 226207,merged_duplicate_roles,en-MY,MASCO 2020,retained,high,226201,Pharmacist,ESCO 1.2.1; O*NET 31.0; NOC 2021 Version 1.0,3,14,12,0,https://www.dosm.gov.my/uploads/content-downloads/file_20220920110308.pdf#page=344,official_source_rights_review_required_for_external_bulk_redistribution
M226301,226301,Environmental Health Officer,M226301,226301,canonical_role,en-MY,MASCO 2020,retained,high,226301,Environmental Health Officer,ESCO 1.2.1; OSCA 2024 Version 1.0,2,10,12,0,https://www.dosm.gov.my/uploads/content-downloads/file_20220920110308.pdf#page=345,official_source_rights_review_required_for_external_bulk_redistribution
M226320,226320,Occupational Safety and Health Adviser,M226320,226320,canonical_role,en-MY,MASCO 2020,retained,high,226320,Occupational Safety and Health Adviser,ESCO 1.2.1; O*NET 31.0; NOC 2021 Version 1.0; OSCA 2024 Version 1.0,4,14,12,0,https://www.dosm.gov.my/uploads/content-downloads/file_20220920110308.pdf#page=345,official_source_rights_review_required_for_external_bulk_redistribution
M226324,226324,Authorised Gas Tester,M226324,226324,canonical_role,en-MY,MASCO 2020,retained,medium,226324,Authorised Gas Tester,ESCO 1.2.1,1,6,12,0,https://www.dosm.gov.my/uploads/content-downloads/file_20220920110308.pdf#page=345,official_source_rights_review_required_for_external_bulk_redistribution
M226325,226325,Indoor Air Quality (IAQ) Assessor,M226325,226325,canonical_role,en-MY,MASCO 2020,retained,medium,226325,Indoor Air Quality (IAQ) Assessor,ESCO 1.2.1,1,6,12,0,https://www.dosm.gov.my/uploads/content-downloads/file_20220920110308.pdf#page=345,official_source_rights_review_required_for_external_bulk_redistribution
M226327,226327,Chemical Assessor,M226327,226327,canonical_role,en-MY,MASCO 2020,retained,medium,226327,Chemical Assessor,ESCO 1.2.1,1,6,12,0,https://www.dosm.gov.my/uploads/content-downloads/file_20220920110308.pdf#page=345,official_source_rights_review_required_for_external_bulk_redistribution
M226328,226328,Waste Management Competence Person,M226328,226328,canonical_role,en-MY,MASCO 2020,retained,high,226328,Waste Management Competence Person,ESCO 1.2.1,1,6,12,0,https://www.dosm.gov.my/uploads/content-downloads/file_20220920110308.pdf#page=345,official_source_rights_review_required_for_external_bulk_redistribution
M226329,226329,Building Auditor,M226329,226329,canonical_role,en-MY,MASCO 2020,retained,high,226329,Building Auditor,ESCO 1.2.1,1,6,12,0,https://www.dosm.gov.my/uploads/content-downloads/file_20220920110308.pdf#page=345,official_source_rights_review_required_for_external_bulk_redistribution
M226331,226331,Halal Executive,M226331,226331,canonical_role,en-MY,MASCO 2020,retained,high,226331,Halal Executive,ESCO 1.2.1,1,6,12,0,https://www.dosm.gov.my/uploads/content-downloads/file_20220920110308.pdf#page=345,official_source_rights_review_required_for_external_bulk_redistribution
M226337,226337,Food and Drinks Technologist,M226337,226337,canonical_role,en-MY,MASCO 2020,retained,high,226337,Food and Drinks Technologist,ESCO 1.2.1; O*NET 31.0; OSCA 2024 Version 1.0,3,14,12,0,https://www.dosm.gov.my/uploads/content-downloads/file_20220920110308.pdf#page=345,official_source_rights_review_required_for_external_bulk_redistribution
M226341,226341,Landfill Engineer,M226341,226341,canonical_role,en-MY,MASCO 2020,retained,high,226341,Landfill Engineer,ESCO 1.2.1,1,6,12,0,https://www.dosm.gov.my/uploads/content-downloads/file_20220920110308.pdf#page=345,official_source_rights_review_required_for_external_bulk_redistribution
M226344,226344,Major Hazard Competent Person,M226344,226344,canonical_role,en-MY,MASCO 2020,retained,high,226344,Major Hazard Competent Person,ESCO 1.2.1,1,6,12,0,https://www.dosm.gov.my/uploads/content-downloads/file_20220920110308.pdf#page=345,official_source_rights_review_required_for_external_bulk_redistribution
M226401,226401,Medical Rehabilitation Officer,M226401,226401,canonical_role,en-MY,MASCO 2020,retained,high,226401,Medical Rehabilitation Officer,ESCO 1.2.1; OSCA 2024 Version 1.0,2,10,12,0,https://www.dosm.gov.my/uploads/content-downloads/file_20220920110308.pdf#page=345,official_source_rights_review_required_for_external_bulk_redistribution
M226411,226411,Orthopaedic Physical Therapist,M226411,226411,canonical_role,en-MY,MASCO 2020,retained,high,226411,Orthopaedic Physical Therapist,ESCO 1.2.1; O*NET 31.0,2,13,12,0,https://www.dosm.gov.my/uploads/content-downloads/file_20220920110308.pdf#page=346,official_source_rights_review_required_for_external_bulk_redistribution
M226501,226501,Dietetics Officer,M226501,226501,canonical_role,en-MY,MASCO 2020,retained,high,226501,Dietetics Officer,ESCO 1.2.1,1,6,12,0,https://www.dosm.gov.my/uploads/content-downloads/file_20220920110308.pdf#page=346,official_source_rights_review_required_for_external_bulk_redistribution
M226502,226502,Dietician,M226502,226502,canonical_role,en-MY,MASCO 2020,retained,high,226502,Dietician,ESCO 1.2.1,1,6,12,0,https://www.dosm.gov.my/uploads/content-downloads/file_20220920110308.pdf#page=346,official_source_rights_review_required_for_external_bulk_redistribution
M226514,226514,Food Preparation Officer,M226514,226514,canonical_role,en-MY,MASCO 2020,retained,high,226514,Food Preparation Officer,ESCO 1.2.1; O*NET 31.0,2,13,12,0,https://www.dosm.gov.my/uploads/content-downloads/file_20220920110308.pdf#page=346,official_source_rights_review_required_for_external_bulk_redistribution
M226601,226601,Audiologists,M226601,226601,canonical_role,en-MY,MASCO 2020,retained,high,226601,Audiologists,ESCO 1.2.1; O*NET 31.0; OSCA 2024 Version 1.0,3,14,12,0,https://www.dosm.gov.my/uploads/content-downloads/file_20220920110308.pdf#page=346,official_source_rights_review_required_for_external_bulk_redistribution
M226602,226602,Speech Therapist,M226602,226602,canonical_role,en-MY,MASCO 2020,retained,high,226602,Speech Therapist,ESCO 1.2.1,1,6,12,0,https://www.dosm.gov.my/uploads/content-downloads/file_20220920110308.pdf#page=346,official_source_rights_review_required_for_external_bulk_redistribution
M226603,226603,Orthoepist,M226603,226603,canonical_role,en-MY,MASCO 2020,retained,high,226603,Orthoepist,ESCO 1.2.1,1,6,12,0,https://www.dosm.gov.my/uploads/content-downloads/file_20220920110308.pdf#page=346,official_source_rights_review_required_for_external_bulk_redistribution
M226701,226701,Optometry Officer,M226701,226701,canonical_role,en-MY,MASCO 2020,retained,high,226701,Optometry Officer,ESCO 1.2.1,1,6,12,0,https://www.dosm.gov.my/uploads/content-downloads/file_20220920110308.pdf#page=346,official_source_rights_review_required_for_external_bulk_redistribution
M226702,226702,Optometrist,M226702,226702,canonical_role,en-MY,MASCO 2020,retained,high,226702,Optometrist,ESCO 1.2.1; O*NET 31.0; NOC 2021 Version 1.0; OSCA 2024 Version 1.0,4,14,12,0,https://www.dosm.gov.my/uploads/content-downloads/file_20220920110308.pdf#page=346,official_source_rights_review_required_for_external_bulk_redistribution
M226703,226703,Optician,M226703,226703,canonical_role,en-MY,MASCO 2020,retained,high,226703,Optician,ESCO 1.2.1; NOC 2021 Version 1.0,2,11,12,0,https://www.dosm.gov.my/uploads/content-downloads/file_20220920110308.pdf#page=346,official_source_rights_review_required_for_external_bulk_redistribution
M226801,226801,Occupational Therapist,M226801,226801,canonical_role,en-MY,MASCO 2020,retained,high,226801,Occupational Therapist,ESCO 1.2.1; O*NET 31.0; NOC 2021 Version 1.0; OSCA 2024 Version 1.0,4,14,12,0,https://www.dosm.gov.my/uploads/content-downloads/file_20220920110308.pdf#page=346,official_source_rights_review_required_for_external_bulk_redistribution
M226901,226901,X-Ray Technician,M226901,226901,canonical_role,en-MY,MASCO 2020,retained,medium,226901,X-Ray Technician,ESCO 1.2.1,1,6,12,0,https://www.dosm.gov.my/uploads/content-downloads/file_20220920110308.pdf#page=346,official_source_rights_review_required_for_external_bulk_redistribution
M226902,226902,Instructor,M226902,226902,canonical_role,en-MY,MASCO 2020,retained,high,226902,Instructor,ESCO 1.2.1,1,6,12,0,https://www.dosm.gov.my/uploads/content-downloads/file_20220920110308.pdf#page=346,official_source_rights_review_required_for_external_bulk_redistribution
M231105,231105,Dental Lecturer,M231105,231105,canonical_role,en-MY,MASCO 2020,retained,high,231105,Dental Lecturer,ESCO 1.2.1,1,6,12,0,https://www.dosm.gov.my/uploads/content-downloads/file_20220920110308.pdf#page=347,official_source_rights_review_required_for_external_bulk_redistribution
M231117,231117,Pharmacy Lecturer,M231117,231117,canonical_role,en-MY,MASCO 2020,retained,high,231117,Pharmacy Lecturer,ESCO 1.2.1,1,6,12,0,https://www.dosm.gov.my/uploads/content-downloads/file_20220920110308.pdf#page=347,official_source_rights_review_required_for_external_bulk_redistribution
M232102,232102,"Teacher, Vocational",M232102,232102,canonical_role,en-MY,MASCO 2020,retained,high,232102,"Teacher, Vocational",ESCO 1.2.1; OSCA 2024 Version 1.0,2,10,12,0,https://www.dosm.gov.my/uploads/content-downloads/file_20220920110308.pdf#page=347,official_source_rights_review_required_for_external_bulk_redistribution
M238101,238101,Vocational Training Officer,M238101; M238109; M238110; M238111; M238112,238101; 238109; 238110; 238111; 238112,merged_duplicate_roles,en-MY,MASCO 2020,retained,high,238101,Vocational Training Officer,ESCO 1.2.1,1,6,12,0,https://www.dosm.gov.my/uploads/content-downloads/file_20220920110308.pdf#page=348,official_source_rights_review_required_for_external_bulk_redistribution
M238102,238102,Skills Training Trainer,M238102,238102,canonical_role,en-MY,MASCO 2020,retained,high,238102,Skills Training Trainer,ESCO 1.2.1,1,6,12,0,https://www.dosm.gov.my/uploads/content-downloads/file_20220920110308.pdf#page=348,official_source_rights_review_required_for_external_bulk_redistribution
M238103,238103,Assistant Vocational Training Officer,M238103; M238106; M238107; M238108,238103; 238106; 238107; 238108,merged_duplicate_roles,en-MY,MASCO 2020,retained,medium,238103,Assistant Vocational Training Officer,ESCO 1.2.1,1,6,12,0,https://www.dosm.gov.my/uploads/content-downloads/file_20220920110308.pdf#page=348,official_source_rights_review_required_for_external_bulk_redistribution
M239303,239303,Software Trainer,M239303,239303,canonical_role,en-MY,MASCO 2020,retained,high,239303,Software Trainer,ESCO 1.2.1,1,6,12,8,https://www.dosm.gov.my/uploads/content-downloads/file_20220920110308.pdf#page=349,official_source_rights_review_required_for_external_bulk_redistribution
M242103,242103,Operation Research Analyst,M242103,242103,canonical_role,en-MY,MASCO 2020,retained,high,242103,Operation Research Analyst,ESCO 1.2.1; O*NET 31.0; OSCA 2024 Version 1.0,3,14,12,0,https://www.dosm.gov.my/uploads/content-downloads/file_20220920110308.pdf#page=351,official_source_rights_review_required_for_external_bulk_redistribution
M242401,242401,Staff Training Officer,M242401,242401,canonical_role,en-MY,MASCO 2020,retained,high,242401,Staff Training Officer,ESCO 1.2.1,1,6,12,0,https://www.dosm.gov.my/uploads/content-downloads/file_20220920110308.pdf#page=351,official_source_rights_review_required_for_external_bulk_redistribution
M242601,242601,Research Officer,M242601; M242613,242601; 242613,merged_duplicate_roles,en-MY,MASCO 2020,retained,high,242601,Research Officer,ESCO 1.2.1,1,6,12,0,https://www.dosm.gov.my/uploads/content-downloads/file_20220920110308.pdf#page=352,official_source_rights_review_required_for_external_bulk_redistribution
M242602,242602,Scientific Officer,M242602,242602,canonical_role,en-MY,MASCO 2020,retained,high,242602,Scientific Officer,ESCO 1.2.1,1,6,12,0,https://www.dosm.gov.my/uploads/content-downloads/file_20220920110308.pdf#page=352,official_source_rights_review_required_for_external_bulk_redistribution
M242603,242603,Agro-Based Biotech Food Researcher,M242603,242603,canonical_role,en-MY,MASCO 2020,retained,high,242603,Agro-Based Biotech Food Researcher,ESCO 1.2.1,1,6,12,0,https://www.dosm.gov.my/uploads/content-downloads/file_20220920110308.pdf#page=352,official_source_rights_review_required_for_external_bulk_redistribution
M242604,242604,Aquaculture Biotech Researcher,M242604,242604,canonical_role,en-MY,MASCO 2020,retained,high,242604,Aquaculture Biotech Researcher,ESCO 1.2.1,1,6,12,0,https://www.dosm.gov.my/uploads/content-downloads/file_20220920110308.pdf#page=352,official_source_rights_review_required_for_external_bulk_redistribution
M242609,242609,Research and Development Executive,M242609,242609,canonical_role,en-MY,MASCO 2020,retained,high,242609,Research and Development Executive,ESCO 1.2.1; OSCA 2024 Version 1.0,2,10,12,0,https://www.dosm.gov.my/uploads/content-downloads/file_20220920110308.pdf#page=352,official_source_rights_review_required_for_external_bulk_redistribution
M243114,243114,Trade Product Specialist,M243114,243114,canonical_role,en-MY,MASCO 2020,retained,medium,243114,Trade Product Specialist,ESCO 1.2.1,1,6,12,0,https://www.dosm.gov.my/uploads/content-downloads/file_20220920110308.pdf#page=352,official_source_rights_review_required_for_external_bulk_redistribution
M243132,243132,Technical Sales Engineer,M243132,243132,canonical_role,en-MY,MASCO 2020,retained,high,243132,Technical Sales Engineer,ESCO 1.2.1; O*NET 31.0,2,13,12,0,https://www.dosm.gov.my/uploads/content-downloads/file_20220920110308.pdf#page=353,official_source_rights_review_required_for_external_bulk_redistribution
M243301,243301,"Sales Representative, Medical",M243301,243301,canonical_role,en-MY,MASCO 2020,retained,high,243301,"Sales Representative, Medical",ESCO 1.2.1; NOC 2021 Version 1.0; OSCA 2024 Version 1.0,3,14,12,0,https://www.dosm.gov.my/uploads/content-downloads/file_20220920110308.pdf#page=353,official_source_rights_review_required_for_external_bulk_redistribution
M243401,243401,"Sales Representative, Information and Communications Technology",M243401,243401,canonical_role,en-MY,MASCO 2020,retained,high,243401,"Sales Representative, Information and Communications Technology",ESCO 1.2.1,1,6,12,0,https://www.dosm.gov.my/uploads/content-downloads/file_20220920110308.pdf#page=354,official_source_rights_review_required_for_external_bulk_redistribution
M243410,243410,Digital Banking/Internet Technology Specialist,M243410,243410,canonical_role,en-MY,MASCO 2020,retained,high,243410,Digital Banking/Internet Technology Specialist,ESCO 1.2.1,1,6,12,0,https://www.dosm.gov.my/uploads/content-downloads/file_20220920110308.pdf#page=354,official_source_rights_review_required_for_external_bulk_redistribution
M251101,251101,Management Information Systems (MIS) Analyst,M251101,251101,canonical_role,en-MY,MASCO 2020,retained,high,251101,Management Information Systems (MIS) Analyst,ESCO 1.2.1,1,6,12,0,https://www.dosm.gov.my/uploads/content-downloads/file_20220920110308.pdf#page=354,official_source_rights_review_required_for_external_bulk_redistribution
M251116,251116,Technical Specialist (.Net),M251116,251116,canonical_role,en-MY,MASCO 2020,retained,high,251116,Technical Specialist (.Net),ESCO 1.2.1,1,6,12,0,https://www.dosm.gov.my/uploads/content-downloads/file_20220920110308.pdf#page=354,official_source_rights_review_required_for_external_bulk_redistribution
M251142,251142,Register Transfer Level (RTL) Designer (Information Technology),M251142,251142,canonical_role,en-MY,MASCO 2020,retained,high,251142,Register Transfer Level (RTL) Designer (Information Technology),ESCO 1.2.1,1,6,12,8,https://www.dosm.gov.my/uploads/content-downloads/file_20220920110308.pdf#page=355,official_source_rights_review_required_for_external_bulk_redistribution
M251144,251144,Design Engineer (Information Technology),M251144,251144,canonical_role,en-MY,MASCO 2020,retained,high,251144,Design Engineer (Information Technology),ESCO 1.2.1,1,6,12,8,https://www.dosm.gov.my/uploads/content-downloads/file_20220920110308.pdf#page=355,official_source_rights_review_required_for_external_bulk_redistribution
M251201,251201,Software Developer,M251201,251201,canonical_role,en-MY,MASCO 2020,retained,high,251201,Software Developer,ESCO 1.2.1; O*NET 31.0; NOC 2021 Version 1.0,3,14,12,8,https://www.dosm.gov.my/uploads/content-downloads/file_20220920110308.pdf#page=355,official_source_rights_review_required_for_external_bulk_redistribution
M251219,251219,Information Technology System Architect,M251219,251219,canonical_role,en-MY,MASCO 2020,retained,high,251219,Information Technology System Architect,ESCO 1.2.1,1,6,12,8,https://www.dosm.gov.my/uploads/content-downloads/file_20220920110308.pdf#page=355,official_source_rights_review_required_for_external_bulk_redistribution
M251243,251243,Information System Executive,M251243,251243,canonical_role,en-MY,MASCO 2020,retained,high,251243,Information System Executive,ESCO 1.2.1; NOC 2021 Version 1.0,2,11,12,0,https://www.dosm.gov.my/uploads/content-downloads/file_20220920110308.pdf#page=356,official_source_rights_review_required_for_external_bulk_redistribution
M251301,251301,Website Developer,M251301,251301,canonical_role,en-MY,MASCO 2020,retained,high,251301,Website Developer,ESCO 1.2.1,1,6,12,8,https://www.dosm.gov.my/uploads/content-downloads/file_20220920110308.pdf#page=356,official_source_rights_review_required_for_external_bulk_redistribution
M251302,251302,Internet/ Intranet Developer,M251302,251302,canonical_role,en-MY,MASCO 2020,retained,high,251302,Internet/ Intranet Developer,ESCO 1.2.1,1,6,12,8,https://www.dosm.gov.my/uploads/content-downloads/file_20220920110308.pdf#page=356,official_source_rights_review_required_for_external_bulk_redistribution
M251401,251401,Computer Programmer,M251401,251401,canonical_role,en-MY,MASCO 2020,retained,high,251401,Computer Programmer,ESCO 1.2.1; O*NET 31.0; NOC 2021 Version 1.0,3,14,12,8,https://www.dosm.gov.my/uploads/content-downloads/file_20220920110308.pdf#page=356,official_source_rights_review_required_for_external_bulk_redistribution
M251407,251407,Systems Programmer,M251407,251407,canonical_role,en-MY,MASCO 2020,retained,high,251407,Systems Programmer,ESCO 1.2.1; NOC 2021 Version 1.0,2,11,12,8,https://www.dosm.gov.my/uploads/content-downloads/file_20220920110308.pdf#page=356,official_source_rights_review_required_for_external_bulk_redistribution
M251419,251419,C/C++ Programmer,M251419,251419,canonical_role,en-MY,MASCO 2020,retained,high,251419,C/C++ Programmer,ESCO 1.2.1,1,6,12,8,https://www.dosm.gov.my/uploads/content-downloads/file_20220920110308.pdf#page=356,official_source_rights_review_required_for_external_bulk_redistribution
M251433,251433,Computer Infrastructure Specialist,M251433,251433,canonical_role,en-MY,MASCO 2020,retained,high,251433,Computer Infrastructure Specialist,ESCO 1.2.1,1,6,12,0,https://www.dosm.gov.my/uploads/content-downloads/file_20220920110308.pdf#page=357,official_source_rights_review_required_for_external_bulk_redistribution
M251434,251434,User Interface (UI)/ Gameplay Coders,M251434,251434,canonical_role,en-MY,MASCO 2020,retained,high,251434,User Interface (UI)/ Gameplay Coders,ESCO 1.2.1,1,6,12,0,https://www.dosm.gov.my/uploads/content-downloads/file_20220920110308.pdf#page=357,official_source_rights_review_required_for_external_bulk_redistribution
M251902,251902,Systems Tester,M251902,251902,canonical_role,en-MY,MASCO 2020,retained,high,251902,Systems Tester,ESCO 1.2.1,1,6,12,0,https://www.dosm.gov.my/uploads/content-downloads/file_20220920110308.pdf#page=357,official_source_rights_review_required_for_external_bulk_redistribution
M251916,251916,Information Technology Auditor,M251916,251916,canonical_role,en-MY,MASCO 2020,retained,high,251916,Information Technology Auditor,ESCO 1.2.1,1,6,12,8,https://www.dosm.gov.my/uploads/content-downloads/file_20220920110308.pdf#page=357,official_source_rights_review_required_for_external_bulk_redistribution
M252101,252101,Database Architect,M252101,252101,canonical_role,en-MY,MASCO 2020,retained,high,252101,Database Architect,ESCO 1.2.1; O*NET 31.0,2,13,12,8,https://www.dosm.gov.my/uploads/content-downloads/file_20220920110308.pdf#page=357,official_source_rights_review_required_for_external_bulk_redistribution
M252103,252103,Database Administrator,M252103,252103,canonical_role,en-MY,MASCO 2020,retained,high,252103,Database Administrator,ESCO 1.2.1; O*NET 31.0; NOC 2021 Version 1.0; OSCA 2024 Version 1.0,4,14,12,8,https://www.dosm.gov.my/uploads/content-downloads/file_20220920110308.pdf#page=357,official_source_rights_review_required_for_external_bulk_redistribution
M252108,252108,Oracle Database Specialist,M252108,252108,canonical_role,en-MY,MASCO 2020,retained,medium,252108,Oracle Database Specialist,ESCO 1.2.1,1,6,12,8,https://www.dosm.gov.my/uploads/content-downloads/file_20220920110308.pdf#page=357,official_source_rights_review_required_for_external_bulk_redistribution
M252201,252201,Information Technology Officer,M252201,252201,canonical_role,en-MY,MASCO 2020,retained,high,252201,Information Technology Officer,ESCO 1.2.1; OSCA 2024 Version 1.0,2,10,12,8,https://www.dosm.gov.my/uploads/content-downloads/file_20220920110308.pdf#page=357,official_source_rights_review_required_for_external_bulk_redistribution
M252205,252205,Information System Officer,M252205,252205,canonical_role,en-MY,MASCO 2020,retained,high,252205,Information System Officer,ESCO 1.2.1; NOC 2021 Version 1.0; OSCA 2024 Version 1.0,3,14,12,0,https://www.dosm.gov.my/uploads/content-downloads/file_20220920110308.pdf#page=357,official_source_rights_review_required_for_external_bulk_redistribution
M252208,252208,Information Technology Support Officer,M252208,252208,canonical_role,en-MY,MASCO 2020,retained,high,252208,Information Technology Support Officer,ESCO 1.2.1; OSCA 2024 Version 1.0,2,10,12,8,https://www.dosm.gov.my/uploads/content-downloads/file_20220920110308.pdf#page=358,official_source_rights_review_required_for_external_bulk_redistribution
M252214,252214,Computer Support Engineer,M252214,252214,canonical_role,en-MY,MASCO 2020,retained,high,252214,Computer Support Engineer,ESCO 1.2.1; O*NET 31.0; OSCA 2024 Version 1.0,3,14,12,0,https://www.dosm.gov.my/uploads/content-downloads/file_20220920110308.pdf#page=358,official_source_rights_review_required_for_external_bulk_redistribution
M252215,252215,Information Technology Technical Specialist,M252215,252215,canonical_role,en-MY,MASCO 2020,retained,high,252215,Information Technology Technical Specialist,ESCO 1.2.1,1,6,12,8,https://www.dosm.gov.my/uploads/content-downloads/file_20220920110308.pdf#page=358,official_source_rights_review_required_for_external_bulk_redistribution
M252222,252222,Cloud Computing Solution Architect,M252222,252222,canonical_role,en-MY,MASCO 2020,retained,high,252222,Cloud Computing Solution Architect,ESCO 1.2.1; OSCA 2024 Version 1.0,2,10,12,0,https://www.dosm.gov.my/uploads/content-downloads/file_20220920110308.pdf#page=358,official_source_rights_review_required_for_external_bulk_redistribution
M252238,252238,Geographic Information Systems (GIS) Officer,M252238,252238,canonical_role,en-MY,MASCO 2020,retained,high,252238,Geographic Information Systems (GIS) Officer,ESCO 1.2.1,1,6,12,0,https://www.dosm.gov.my/uploads/content-downloads/file_20220920110308.pdf#page=358,official_source_rights_review_required_for_external_bulk_redistribution
M252311,252311,Network Specialist,M252311,252311,canonical_role,en-MY,MASCO 2020,retained,high,252311,Network Specialist,ESCO 1.2.1; O*NET 31.0,2,13,12,0,https://www.dosm.gov.my/uploads/content-downloads/file_20220920110308.pdf#page=358,official_source_rights_review_required_for_external_bulk_redistribution
M252401,252401,Data Scientist,M252401,252401,canonical_role,en-MY,MASCO 2020,retained,high,252401,Data Scientist,ESCO 1.2.1; O*NET 31.0; NOC 2021 Version 1.0; OSCA 2024 Version 1.0,4,14,12,8,https://www.dosm.gov.my/uploads/content-downloads/file_20220920110308.pdf#page=358,official_source_rights_review_required_for_external_bulk_redistribution
M252403,252403,Data Analyst,M252403,252403,canonical_role,en-MY,MASCO 2020,retained,high,252403,Data Analyst,ESCO 1.2.1; NOC 2021 Version 1.0; OSCA 2024 Version 1.0,3,14,12,8,https://www.dosm.gov.my/uploads/content-downloads/file_20220920110308.pdf#page=358,official_source_rights_review_required_for_external_bulk_redistribution
M252406,252406,Data Architect,M252406,252406,canonical_role,en-MY,MASCO 2020,retained,high,252406,Data Architect,ESCO 1.2.1; OSCA 2024 Version 1.0,2,10,12,0,https://www.dosm.gov.my/uploads/content-downloads/file_20220920110308.pdf#page=359,official_source_rights_review_required_for_external_bulk_redistribution
M252411,252411,Machine Learning Engineer,M252411,252411,canonical_role,en-MY,MASCO 2020,retained,medium,252411,Machine Learning Engineer,ESCO 1.2.1,1,6,12,0,https://www.dosm.gov.my/uploads/content-downloads/file_20220920110308.pdf#page=359,official_source_rights_review_required_for_external_bulk_redistribution
M252413,252413,Artificial Intelligence Engineer (AI),M252413,252413,canonical_role,en-MY,MASCO 2020,retained,medium,252413,Artificial Intelligence Engineer (AI),ESCO 1.2.1,1,6,12,0,https://www.dosm.gov.my/uploads/content-downloads/file_20220920110308.pdf#page=359,official_source_rights_review_required_for_external_bulk_redistribution
M253102,253102,Cybersecurity Executive,M253102,253102,canonical_role,en-MY,MASCO 2020,retained,high,253102,Cybersecurity Executive,ESCO 1.2.1,1,6,12,8,https://www.dosm.gov.my/uploads/content-downloads/file_20220920110308.pdf#page=359,official_source_rights_review_required_for_external_bulk_redistribution
M253103,253103,Digital Forensic Specialist,M253103,253103,canonical_role,en-MY,MASCO 2020,retained,high,253103,Digital Forensic Specialist,ESCO 1.2.1; O*NET 31.0,2,13,12,0,https://www.dosm.gov.my/uploads/content-downloads/file_20220920110308.pdf#page=359,official_source_rights_review_required_for_external_bulk_redistribution
M253120,253120,Information Security Officer,M253120,253120,canonical_role,en-MY,MASCO 2020,retained,high,253120,Information Security Officer,ESCO 1.2.1; O*NET 31.0; OSCA 2024 Version 1.0,3,14,12,8,https://www.dosm.gov.my/uploads/content-downloads/file_20220920110308.pdf#page=359,official_source_rights_review_required_for_external_bulk_redistribution
M253130,253130,Cybersecurity Analyst,M253130,253130,canonical_role,en-MY,MASCO 2020,retained,high,253130,Cybersecurity Analyst,ESCO 1.2.1,1,6,12,8,https://www.dosm.gov.my/uploads/content-downloads/file_20220920110308.pdf#page=359,official_source_rights_review_required_for_external_bulk_redistribution
M253131,253131,Test Analyst (Information Technology),M253131,253131,canonical_role,en-MY,MASCO 2020,retained,high,253131,Test Analyst (Information Technology),ESCO 1.2.1,1,6,12,8,https://www.dosm.gov.my/uploads/content-downloads/file_20220920110308.pdf#page=359,official_source_rights_review_required_for_external_bulk_redistribution
M253136,253136,Security Infrastructure Engineer,M253136,253136,canonical_role,en-MY,MASCO 2020,retained,high,253136,Security Infrastructure Engineer,ESCO 1.2.1; O*NET 31.0; OSCA 2024 Version 1.0,3,14,12,8,https://www.dosm.gov.my/uploads/content-downloads/file_20220920110308.pdf#page=359,official_source_rights_review_required_for_external_bulk_redistribution
M253139,253139,Internet Safety Evaluater,M253139,253139,canonical_role,en-MY,MASCO 2020,retained,high,253139,Internet Safety Evaluater,ESCO 1.2.1,1,6,12,0,https://www.dosm.gov.my/uploads/content-downloads/file_20220920110308.pdf#page=359,official_source_rights_review_required_for_external_bulk_redistribution
M254110,254110,Compositor/Composite artist,M254110,254110,canonical_role,en-MY,MASCO 2020,retained,high,254110,Compositor/Composite artist,ESCO 1.2.1,1,6,12,0,https://www.dosm.gov.my/uploads/content-downloads/file_20220920110308.pdf#page=360,official_source_rights_review_required_for_external_bulk_redistribution
M254112,254112,Scriptwriter / Screenwriter,M254112,254112,canonical_role,en-MY,MASCO 2020,retained,high,254112,Scriptwriter / Screenwriter,ESCO 1.2.1,1,6,12,0,https://www.dosm.gov.my/uploads/content-downloads/file_20220920110308.pdf#page=360,official_source_rights_review_required_for_external_bulk_redistribution
M254116,254116,Digital Artist,M254116,254116,canonical_role,en-MY,MASCO 2020,retained,high,254116,Digital Artist,ESCO 1.2.1,1,6,12,0,https://www.dosm.gov.my/uploads/content-downloads/file_20220920110308.pdf#page=360,official_source_rights_review_required_for_external_bulk_redistribution
M254120,254120,Multimedia Artist,M254120,254120,canonical_role,en-MY,MASCO 2020,retained,medium,254120,Multimedia Artist,ESCO 1.2.1,1,6,12,0,https://www.dosm.gov.my/uploads/content-downloads/file_20220920110308.pdf#page=360,official_source_rights_review_required_for_external_bulk_redistribution
M254126,254126,Visualization Specialist,M254126,254126,canonical_role,en-MY,MASCO 2020,retained,high,254126,Visualization Specialist,ESCO 1.2.1,1,6,12,0,https://www.dosm.gov.my/uploads/content-downloads/file_20220920110308.pdf#page=360,official_source_rights_review_required_for_external_bulk_redistribution
M254127,254127,Computer Specialist,M254127,254127,canonical_role,en-MY,MASCO 2020,retained,high,254127,Computer Specialist,ESCO 1.2.1; O*NET 31.0,2,13,12,0,https://www.dosm.gov.my/uploads/content-downloads/file_20220920110308.pdf#page=360,official_source_rights_review_required_for_external_bulk_redistribution
M254128,254128,Story Content Writer,M254128,254128,canonical_role,en-MY,MASCO 2020,retained,high,254128,Story Content Writer,ESCO 1.2.1,1,6,12,0,https://www.dosm.gov.my/uploads/content-downloads/file_20220920110308.pdf#page=360,official_source_rights_review_required_for_external_bulk_redistribution
M254201,254201,Game Designer (Digital),M254201,254201,canonical_role,en-MY,MASCO 2020,retained,high,254201,Game Designer (Digital),ESCO 1.2.1; O*NET 31.0; OSCA 2024 Version 1.0,3,14,12,0,https://www.dosm.gov.my/uploads/content-downloads/file_20220920110308.pdf#page=360,official_source_rights_review_required_for_external_bulk_redistribution
M254203,254203,QA Tester/Game Tester (Digital),M254203,254203,canonical_role,en-MY,MASCO 2020,retained,high,254203,QA Tester/Game Tester (Digital),ESCO 1.2.1,1,6,12,0,https://www.dosm.gov.my/uploads/content-downloads/file_20220920110308.pdf#page=360,official_source_rights_review_required_for_external_bulk_redistribution
M254204,254204,Game Producer (Digital),M254204,254204,canonical_role,en-MY,MASCO 2020,retained,high,254204,Game Producer (Digital),ESCO 1.2.1; OSCA 2024 Version 1.0,2,10,12,0,https://www.dosm.gov.my/uploads/content-downloads/file_20220920110308.pdf#page=360,official_source_rights_review_required_for_external_bulk_redistribution
M254206,254206,3D Artist,M254206,254206,canonical_role,en-MY,MASCO 2020,retained,medium,254206,3D Artist,ESCO 1.2.1,1,6,12,0,https://www.dosm.gov.my/uploads/content-downloads/file_20220920110308.pdf#page=360,official_source_rights_review_required_for_external_bulk_redistribution
M254209,254209,Concept Artist,M254209,254209,canonical_role,en-MY,MASCO 2020,retained,high,254209,Concept Artist,ESCO 1.2.1,1,6,12,0,https://www.dosm.gov.my/uploads/content-downloads/file_20220920110308.pdf#page=360,official_source_rights_review_required_for_external_bulk_redistribution
M254210,254210,Technical Artist,M254210,254210,canonical_role,en-MY,MASCO 2020,retained,high,254210,Technical Artist,ESCO 1.2.1,1,6,12,0,https://www.dosm.gov.my/uploads/content-downloads/file_20220920110308.pdf#page=360,official_source_rights_review_required_for_external_bulk_redistribution
M254211,254211,Art director,M254211,254211,canonical_role,en-MY,MASCO 2020,retained,medium,254211,Art director,ESCO 1.2.1; O*NET 31.0,2,13,12,0,https://www.dosm.gov.my/uploads/content-downloads/file_20220920110308.pdf#page=360,official_source_rights_review_required_for_external_bulk_redistribution
M254215,254215,Graphics Programmer,M254215,254215,canonical_role,en-MY,MASCO 2020,retained,high,254215,Graphics Programmer,ESCO 1.2.1,1,6,12,8,https://www.dosm.gov.my/uploads/content-downloads/file_20220920110308.pdf#page=360,official_source_rights_review_required_for_external_bulk_redistribution
M254217,254217,Graphics Creator,M254217,254217,canonical_role,en-MY,MASCO 2020,retained,high,254217,Graphics Creator,ESCO 1.2.1,1,6,12,0,https://www.dosm.gov.my/uploads/content-downloads/file_20220920110308.pdf#page=360,official_source_rights_review_required_for_external_bulk_redistribution
M254301,254301,Web Designer,M254301,254301,canonical_role,en-MY,MASCO 2020,retained,high,254301,Web Designer,ESCO 1.2.1; O*NET 31.0; NOC 2021 Version 1.0; OSCA 2024 Version 1.0,4,14,12,8,https://www.dosm.gov.my/uploads/content-downloads/file_20220920110308.pdf#page=360,official_source_rights_review_required_for_external_bulk_redistribution
M254302,254302,Graphic Designer,M254302,254302,canonical_role,en-MY,MASCO 2020,retained,high,254302,Graphic Designer,ESCO 1.2.1; O*NET 31.0; NOC 2021 Version 1.0; OSCA 2024 Version 1.0,4,14,12,0,https://www.dosm.gov.my/uploads/content-downloads/file_20220920110308.pdf#page=360,official_source_rights_review_required_for_external_bulk_redistribution
M254305,254305,Multimedia Designer,M254305,254305,canonical_role,en-MY,MASCO 2020,retained,medium,254305,Multimedia Designer,ESCO 1.2.1; OSCA 2024 Version 1.0,2,10,12,0,https://www.dosm.gov.my/uploads/content-downloads/file_20220920110308.pdf#page=361,official_source_rights_review_required_for_external_bulk_redistribution
M254314,254314,UX Designer (User Experience),M254314,254314,canonical_role,en-MY,MASCO 2020,retained,high,254314,UX Designer (User Experience),ESCO 1.2.1,1,6,12,0,https://www.dosm.gov.my/uploads/content-downloads/file_20220920110308.pdf#page=361,official_source_rights_review_required_for_external_bulk_redistribution
M254316,254316,Digital Designer,M254316,254316,canonical_role,en-MY,MASCO 2020,retained,high,254316,Digital Designer,ESCO 1.2.1; O*NET 31.0,2,13,12,0,https://www.dosm.gov.my/uploads/content-downloads/file_20220920110308.pdf#page=361,official_source_rights_review_required_for_external_bulk_redistribution
M254317,254317,Creative Team Leader,M254317,254317,canonical_role,en-MY,MASCO 2020,retained,high,254317,Creative Team Leader,ESCO 1.2.1; OSCA 2024 Version 1.0,2,10,12,0,https://www.dosm.gov.my/uploads/content-downloads/file_20220920110308.pdf#page=361,official_source_rights_review_required_for_external_bulk_redistribution
M254318,254318,Character Rigger,M254318,254318,canonical_role,en-MY,MASCO 2020,retained,high,254318,Character Rigger,ESCO 1.2.1,1,6,12,0,https://www.dosm.gov.my/uploads/content-downloads/file_20220920110308.pdf#page=361,official_source_rights_review_required_for_external_bulk_redistribution
M261907,261907,Coroner,M261907,261907,canonical_role,en-MY,MASCO 2020,retained,high,261907,Coroner,ESCO 1.2.1; O*NET 31.0,2,13,12,0,https://www.dosm.gov.my/uploads/content-downloads/file_20220920110308.pdf#page=362,official_source_rights_review_required_for_external_bulk_redistribution
M282203,282203,Archaeologist,M282203,282203,canonical_role,en-MY,MASCO 2020,retained,high,282203,Archaeologist,ESCO 1.2.1; OSCA 2024 Version 1.0,2,10,12,0,https://www.dosm.gov.my/uploads/content-downloads/file_20220920110308.pdf#page=363,official_source_rights_review_required_for_external_bulk_redistribution
M282204,282204,Geographer,M282204,282204,canonical_role,en-MY,MASCO 2020,retained,high,282204,Geographer,ESCO 1.2.1; O*NET 31.0,2,13,12,0,https://www.dosm.gov.my/uploads/content-downloads/file_20220920110308.pdf#page=363,official_source_rights_review_required_for_external_bulk_redistribution
M282206,282206,Criminologist,M282206,282206,canonical_role,en-MY,MASCO 2020,retained,high,282206,Criminologist,ESCO 1.2.1,1,6,12,0,https://www.dosm.gov.my/uploads/content-downloads/file_20220920110308.pdf#page=363,official_source_rights_review_required_for_external_bulk_redistribution
M282404,282404,Clinical Psychologist,M282404,282404,canonical_role,en-MY,MASCO 2020,retained,high,282404,Clinical Psychologist,ESCO 1.2.1; O*NET 31.0,2,13,12,0,https://www.dosm.gov.my/uploads/content-downloads/file_20220920110308.pdf#page=363,official_source_rights_review_required_for_external_bulk_redistribution
M282407,282407,Psychotherapist,M282407,282407,canonical_role,en-MY,MASCO 2020,retained,medium,282407,Psychotherapist,ESCO 1.2.1; OSCA 2024 Version 1.0,2,10,12,0,https://www.dosm.gov.my/uploads/content-downloads/file_20220920110308.pdf#page=363,official_source_rights_review_required_for_external_bulk_redistribution
M291603,291603,Industrial Relations Officer,M291603,291603,canonical_role,en-MY,MASCO 2020,retained,high,291603,Industrial Relations Officer,ESCO 1.2.1,1,6,12,0,https://www.dosm.gov.my/uploads/content-downloads/file_20220920110308.pdf#page=367,official_source_rights_review_required_for_external_bulk_redistribution
M291608,291608,Maritime Superintendent Officer,M291608,291608,canonical_role,en-MY,MASCO 2020,retained,high,291608,Maritime Superintendent Officer,ESCO 1.2.1,1,6,12,0,https://www.dosm.gov.my/uploads/content-downloads/file_20220920110308.pdf#page=367,official_source_rights_review_required_for_external_bulk_redistribution
M311101,311101,Laboratory Assistant,M311101,311101,canonical_role,en-MY,MASCO 2020,retained,high,311101,Laboratory Assistant,ESCO 1.2.1; NOC 2021 Version 1.0,2,11,12,0,https://www.dosm.gov.my/uploads/content-downloads/file_20220920110308.pdf#page=367,official_source_rights_review_required_for_external_bulk_redistribution
M311102,311102,Research Assistant,M311102,311102,canonical_role,en-MY,MASCO 2020,retained,high,311102,Research Assistant,ESCO 1.2.1; O*NET 31.0; NOC 2021 Version 1.0,3,14,12,0,https://www.dosm.gov.my/uploads/content-downloads/file_20220920110308.pdf#page=367,official_source_rights_review_required_for_external_bulk_redistribution
M311105,311105,Geophysics Technician,M311105,311105,canonical_role,en-MY,MASCO 2020,retained,high,311105,Geophysics Technician,ESCO 1.2.1,1,6,12,0,https://www.dosm.gov.my/uploads/content-downloads/file_20220920110308.pdf#page=367,official_source_rights_review_required_for_external_bulk_redistribution
M311106,311106,Chemistry Technician,M311106,311106,canonical_role,en-MY,MASCO 2020,retained,high,311106,Chemistry Technician,ESCO 1.2.1,1,6,12,0,https://www.dosm.gov.my/uploads/content-downloads/file_20220920110308.pdf#page=367,official_source_rights_review_required_for_external_bulk_redistribution
M311107,311107,Physics Science Laboratory Technician,M311107,311107,canonical_role,en-MY,MASCO 2020,retained,high,311107,Physics Science Laboratory Technician,ESCO 1.2.1,1,6,12,0,https://www.dosm.gov.my/uploads/content-downloads/file_20220920110308.pdf#page=367,official_source_rights_review_required_for_external_bulk_redistribution
M311108,311108,Physical Science Technician,M311108,311108,canonical_role,en-MY,MASCO 2020,retained,high,311108,Physical Science Technician,ESCO 1.2.1; O*NET 31.0; OSCA 2024 Version 1.0,3,14,12,0,https://www.dosm.gov.my/uploads/content-downloads/file_20220920110308.pdf#page=367,official_source_rights_review_required_for_external_bulk_redistribution
M311110,311110,Chemistry Laboratory Assistant,M311110,311110,canonical_role,en-MY,MASCO 2020,retained,high,311110,Chemistry Laboratory Assistant,ESCO 1.2.1; NOC 2021 Version 1.0,2,11,12,0,https://www.dosm.gov.my/uploads/content-downloads/file_20220920110308.pdf#page=367,official_source_rights_review_required_for_external_bulk_redistribution
M311112,311112,Soil Technician,M311112,311112,canonical_role,en-MY,MASCO 2020,retained,high,311112,Soil Technician,ESCO 1.2.1,1,6,12,0,https://www.dosm.gov.my/uploads/content-downloads/file_20220920110308.pdf#page=367,official_source_rights_review_required_for_external_bulk_redistribution
M311114,311114,Meteorological Technician,M311114,311114,canonical_role,en-MY,MASCO 2020,retained,high,311114,Meteorological Technician,ESCO 1.2.1,1,6,12,0,https://www.dosm.gov.my/uploads/content-downloads/file_20220920110308.pdf#page=367,official_source_rights_review_required_for_external_bulk_redistribution
M311116,311116,Geological Technician,M311116,311116,canonical_role,en-MY,MASCO 2020,retained,high,311116,Geological Technician,ESCO 1.2.1; O*NET 31.0; NOC 2021 Version 1.0,3,14,12,0,https://www.dosm.gov.my/uploads/content-downloads/file_20220920110308.pdf#page=367,official_source_rights_review_required_for_external_bulk_redistribution
M311120,311120,Oceanography Technician,M311120,311120,canonical_role,en-MY,MASCO 2020,retained,high,311120,Oceanography Technician,ESCO 1.2.1,1,6,12,0,https://www.dosm.gov.my/uploads/content-downloads/file_20220920110308.pdf#page=368,official_source_rights_review_required_for_external_bulk_redistribution
M311125,311125,Climate Service Technician,M311125,311125,canonical_role,en-MY,MASCO 2020,retained,medium,311125,Climate Service Technician,ESCO 1.2.1,1,6,12,0,https://www.dosm.gov.my/uploads/content-downloads/file_20220920110308.pdf#page=368,official_source_rights_review_required_for_external_bulk_redistribution
M311132,311132,Laboratory Technician,M311132,311132,canonical_role,en-MY,MASCO 2020,retained,high,311132,Laboratory Technician,ESCO 1.2.1; O*NET 31.0; OSCA 2024 Version 1.0,3,14,12,0,https://www.dosm.gov.my/uploads/content-downloads/file_20220920110308.pdf#page=368,official_source_rights_review_required_for_external_bulk_redistribution
M311133,311133,Assistant Meteorological Officer,M311133,311133,canonical_role,en-MY,MASCO 2020,retained,high,311133,Assistant Meteorological Officer,ESCO 1.2.1,1,6,12,0,https://www.dosm.gov.my/uploads/content-downloads/file_20220920110308.pdf#page=368,official_source_rights_review_required_for_external_bulk_redistribution
M311136,311136,Assistant Scientific Officer,M311136,311136,canonical_role,en-MY,MASCO 2020,retained,high,311136,Assistant Scientific Officer,ESCO 1.2.1,1,6,12,0,https://www.dosm.gov.my/uploads/content-downloads/file_20220920110308.pdf#page=368,official_source_rights_review_required_for_external_bulk_redistribution
M311137,311137,Assistant Research Officer,M311137,311137,canonical_role,en-MY,MASCO 2020,retained,high,311137,Assistant Research Officer,ESCO 1.2.1,1,6,12,0,https://www.dosm.gov.my/uploads/content-downloads/file_20220920110308.pdf#page=368,official_source_rights_review_required_for_external_bulk_redistribution
M311202,311202,Civil Engineering Technician,M311202,311202,canonical_role,en-MY,MASCO 2020,retained,high,311202,Civil Engineering Technician,ESCO 1.2.1; O*NET 31.0; NOC 2021 Version 1.0; OSCA 2024 Version 1.0,4,14,12,0,https://www.dosm.gov.my/uploads/content-downloads/file_20220920110308.pdf#page=368,official_source_rights_review_required_for_external_bulk_redistribution
M311204,311204,Civil Engineering Estimator,M311204,311204,canonical_role,en-MY,MASCO 2020,retained,high,311204,Civil Engineering Estimator,ESCO 1.2.1; OSCA 2024 Version 1.0,2,10,12,0,https://www.dosm.gov.my/uploads/content-downloads/file_20220920110308.pdf#page=368,official_source_rights_review_required_for_external_bulk_redistribution
M311208,311208,Engineering Designer,M311208,311208,canonical_role,en-MY,MASCO 2020,retained,high,311208,Engineering Designer,ESCO 1.2.1,1,6,12,0,https://www.dosm.gov.my/uploads/content-downloads/file_20220920110308.pdf#page=368,official_source_rights_review_required_for_external_bulk_redistribution
M311209,311209,Civil Engineering Supervisor,M311209,311209,canonical_role,en-MY,MASCO 2020,retained,high,311209,Civil Engineering Supervisor,ESCO 1.2.1; OSCA 2024 Version 1.0,2,10,12,0,https://www.dosm.gov.my/uploads/content-downloads/file_20220920110308.pdf#page=368,official_source_rights_review_required_for_external_bulk_redistribution
M311210,311210,Tunnel Boring Machine Technician,M311210,311210,canonical_role,en-MY,MASCO 2020,retained,high,311210,Tunnel Boring Machine Technician,ESCO 1.2.1,1,6,12,0,https://www.dosm.gov.my/uploads/content-downloads/file_20220920110308.pdf#page=368,official_source_rights_review_required_for_external_bulk_redistribution
M311211,311211,Building Inspector,M311211,311211,canonical_role,en-MY,MASCO 2020,retained,high,311211,Building Inspector,ESCO 1.2.1; O*NET 31.0; OSCA 2024 Version 1.0,3,14,12,0,https://www.dosm.gov.my/uploads/content-downloads/file_20220920110308.pdf#page=368,official_source_rights_review_required_for_external_bulk_redistribution
M311212,311212,Geotechnical Technician,M311212,311212,canonical_role,en-MY,MASCO 2020,retained,high,311212,Geotechnical Technician,ESCO 1.2.1,1,6,12,0,https://www.dosm.gov.my/uploads/content-downloads/file_20220920110308.pdf#page=368,official_source_rights_review_required_for_external_bulk_redistribution
M311213,311213,Fire Inspector,M311213,311213,canonical_role,en-MY,MASCO 2020,retained,high,311213,Fire Inspector,ESCO 1.2.1; O*NET 31.0,2,13,12,0,https://www.dosm.gov.my/uploads/content-downloads/file_20220920110308.pdf#page=368,official_source_rights_review_required_for_external_bulk_redistribution
M311214,311214,Surveying Technician,M311214,311214,canonical_role,en-MY,MASCO 2020,retained,high,311214,Surveying Technician,ESCO 1.2.1; O*NET 31.0; OSCA 2024 Version 1.0,3,14,12,0,https://www.dosm.gov.my/uploads/content-downloads/file_20220920110308.pdf#page=368,official_source_rights_review_required_for_external_bulk_redistribution
M311217,311217,Process Instrument Technician,M311217,311217,canonical_role,en-MY,MASCO 2020,retained,high,311217,Process Instrument Technician,ESCO 1.2.1; OSCA 2024 Version 1.0,2,10,12,0,https://www.dosm.gov.my/uploads/content-downloads/file_20220920110308.pdf#page=368,official_source_rights_review_required_for_external_bulk_redistribution
M311219,311219,Assistant Engineer,M311219,311219,canonical_role,en-MY,MASCO 2020,retained,high,311219,Assistant Engineer,ESCO 1.2.1,1,6,12,0,https://www.dosm.gov.my/uploads/content-downloads/file_20220920110308.pdf#page=368,official_source_rights_review_required_for_external_bulk_redistribution
M311225,311225,Assistant Civil Engineer,M311225,311225,canonical_role,en-MY,MASCO 2020,retained,high,311225,Assistant Civil Engineer,ESCO 1.2.1; O*NET 31.0; NOC 2021 Version 1.0; OSCA 2024 Version 1.0,4,14,12,0,https://www.dosm.gov.my/uploads/content-downloads/file_20220920110308.pdf#page=368,official_source_rights_review_required_for_external_bulk_redistribution
M311226,311226,Operation Technician,M311226,311226,canonical_role,en-MY,MASCO 2020,retained,high,311226,Operation Technician,ESCO 1.2.1,1,6,12,0,https://www.dosm.gov.my/uploads/content-downloads/file_20220920110308.pdf#page=368,official_source_rights_review_required_for_external_bulk_redistribution
M311227,311227,Green Building Facilities Maintenance Technician,M311227,311227,canonical_role,en-MY,MASCO 2020,retained,high,311227,Green Building Facilities Maintenance Technician,ESCO 1.2.1,1,6,12,0,https://www.dosm.gov.my/uploads/content-downloads/file_20220920110308.pdf#page=368,official_source_rights_review_required_for_external_bulk_redistribution
M311230,311230,Assistant Engineer Maintenance,M311230,311230,canonical_role,en-MY,MASCO 2020,retained,high,311230,Assistant Engineer Maintenance,ESCO 1.2.1,1,6,12,0,https://www.dosm.gov.my/uploads/content-downloads/file_20220920110308.pdf#page=368,official_source_rights_review_required_for_external_bulk_redistribution
M311232,311232,Assistant Quantity Surveyor,M311232,311232,canonical_role,en-MY,MASCO 2020,retained,high,311232,Assistant Quantity Surveyor,ESCO 1.2.1; OSCA 2024 Version 1.0,2,10,12,0,https://www.dosm.gov.my/uploads/content-downloads/file_20220920110308.pdf#page=368,official_source_rights_review_required_for_external_bulk_redistribution
M311233,311233,Quantity Surveyor Assistant,M311233,311233,canonical_role,en-MY,MASCO 2020,retained,high,311233,Quantity Surveyor Assistant,ESCO 1.2.1; OSCA 2024 Version 1.0,2,10,12,0,https://www.dosm.gov.my/uploads/content-downloads/file_20220920110308.pdf#page=368,official_source_rights_review_required_for_external_bulk_redistribution
M311237,311237,Assistant Building Surveyor,M311237,311237,canonical_role,en-MY,MASCO 2020,retained,high,311237,Assistant Building Surveyor,ESCO 1.2.1; OSCA 2024 Version 1.0,2,10,12,0,https://www.dosm.gov.my/uploads/content-downloads/file_20220920110308.pdf#page=369,official_source_rights_review_required_for_external_bulk_redistribution
M311301,311301,Electrical Engineering Technician,M311301,311301,canonical_role,en-MY,MASCO 2020,retained,high,311301,Electrical Engineering Technician,ESCO 1.2.1; O*NET 31.0; NOC 2021 Version 1.0; OSCA 2024 Version 1.0,4,14,12,0,https://www.dosm.gov.my/uploads/content-downloads/file_20220920110308.pdf#page=369,official_source_rights_review_required_for_external_bulk_redistribution
M311307,311307,Electrical and Instrument Supervisor,M311307,311307,canonical_role,en-MY,MASCO 2020,retained,high,311307,Electrical and Instrument Supervisor,ESCO 1.2.1,1,6,12,0,https://www.dosm.gov.my/uploads/content-downloads/file_20220920110308.pdf#page=369,official_source_rights_review_required_for_external_bulk_redistribution
M311310,311310,Electrical Engineering Estimator,M311310,311310,canonical_role,en-MY,MASCO 2020,retained,high,311310,Electrical Engineering Estimator,ESCO 1.2.1; OSCA 2024 Version 1.0,2,10,12,0,https://www.dosm.gov.my/uploads/content-downloads/file_20220920110308.pdf#page=369,official_source_rights_review_required_for_external_bulk_redistribution
M311314,311314,Electrical High Voltage Technician,M311314,311314,canonical_role,en-MY,MASCO 2020,retained,high,311314,Electrical High Voltage Technician,ESCO 1.2.1,1,6,12,0,https://www.dosm.gov.my/uploads/content-downloads/file_20220920110308.pdf#page=369,official_source_rights_review_required_for_external_bulk_redistribution
M311315,311315,Debug Technician,M311315,311315,canonical_role,en-MY,MASCO 2020,retained,high,311315,Debug Technician,ESCO 1.2.1,1,6,12,0,https://www.dosm.gov.my/uploads/content-downloads/file_20220920110308.pdf#page=369,official_source_rights_review_required_for_external_bulk_redistribution
M311316,311316,Assistant Electrical Engineer,M311316,311316,canonical_role,en-MY,MASCO 2020,retained,high,311316,Assistant Electrical Engineer,ESCO 1.2.1; O*NET 31.0; NOC 2021 Version 1.0; OSCA 2024 Version 1.0,4,14,12,0,https://www.dosm.gov.my/uploads/content-downloads/file_20220920110308.pdf#page=369,official_source_rights_review_required_for_external_bulk_redistribution
M311401,311401,Electronics Engineering Technician,M311401,311401,canonical_role,en-MY,MASCO 2020,retained,high,311401,Electronics Engineering Technician,ESCO 1.2.1; O*NET 31.0; NOC 2021 Version 1.0; OSCA 2024 Version 1.0,4,14,12,0,https://www.dosm.gov.my/uploads/content-downloads/file_20220920110308.pdf#page=369,official_source_rights_review_required_for_external_bulk_redistribution
M311402,311402,Electronics Engineering Estimator,M311402,311402,canonical_role,en-MY,MASCO 2020,retained,high,311402,Electronics Engineering Estimator,ESCO 1.2.1; OSCA 2024 Version 1.0,2,10,12,0,https://www.dosm.gov.my/uploads/content-downloads/file_20220920110308.pdf#page=369,official_source_rights_review_required_for_external_bulk_redistribution
M311404,311404,Electronics Design Technician,M311404,311404,canonical_role,en-MY,MASCO 2020,retained,high,311404,Electronics Design Technician,ESCO 1.2.1; OSCA 2024 Version 1.0,2,10,12,0,https://www.dosm.gov.my/uploads/content-downloads/file_20220920110308.pdf#page=369,official_source_rights_review_required_for_external_bulk_redistribution
M311504,311504,Mechanical Engineering Technician,M311504,311504,canonical_role,en-MY,MASCO 2020,retained,high,311504,Mechanical Engineering Technician,ESCO 1.2.1; O*NET 31.0; NOC 2021 Version 1.0; OSCA 2024 Version 1.0,4,14,12,0,https://www.dosm.gov.my/uploads/content-downloads/file_20220920110308.pdf#page=369,official_source_rights_review_required_for_external_bulk_redistribution
M311514,311514,Mechanical Engineering Assistant,M311514,311514,canonical_role,en-MY,MASCO 2020,retained,high,311514,Mechanical Engineering Assistant,ESCO 1.2.1; OSCA 2024 Version 1.0,2,10,12,0,https://www.dosm.gov.my/uploads/content-downloads/file_20220920110308.pdf#page=369,official_source_rights_review_required_for_external_bulk_redistribution
M311515,311515,Mechanical Engineering Estimator,M311515,311515,canonical_role,en-MY,MASCO 2020,retained,high,311515,Mechanical Engineering Estimator,ESCO 1.2.1; OSCA 2024 Version 1.0,2,10,12,0,https://www.dosm.gov.my/uploads/content-downloads/file_20220920110308.pdf#page=369,official_source_rights_review_required_for_external_bulk_redistribution
M311516,311516,"Dockmaster, Dry Dock",M311516,311516,canonical_role,en-MY,MASCO 2020,retained,medium,311516,"Dockmaster, Dry Dock",ESCO 1.2.1,1,6,12,0,https://www.dosm.gov.my/uploads/content-downloads/file_20220920110308.pdf#page=369,official_source_rights_review_required_for_external_bulk_redistribution
M311517,311517,"Dockmaster, Graving Dock",M311517,311517,canonical_role,en-MY,MASCO 2020,retained,medium,311517,"Dockmaster, Graving Dock",ESCO 1.2.1,1,6,12,0,https://www.dosm.gov.my/uploads/content-downloads/file_20220920110308.pdf#page=369,official_source_rights_review_required_for_external_bulk_redistribution
M311521,311521,Hydraulic Hose Technician,M311521,311521,canonical_role,en-MY,MASCO 2020,retained,high,311521,Hydraulic Hose Technician,ESCO 1.2.1,1,6,12,0,https://www.dosm.gov.my/uploads/content-downloads/file_20220920110308.pdf#page=369,official_source_rights_review_required_for_external_bulk_redistribution
M311524,311524,Mechatronics Technician,M311524,311524,canonical_role,en-MY,MASCO 2020,retained,high,311524,Mechatronics Technician,ESCO 1.2.1,1,6,12,0,https://www.dosm.gov.my/uploads/content-downloads/file_20220920110308.pdf#page=369,official_source_rights_review_required_for_external_bulk_redistribution
M311527,311527,CNC Technician (Computer Numerical Control),M311527,311527,canonical_role,en-MY,MASCO 2020,retained,high,311527,CNC Technician (Computer Numerical Control),ESCO 1.2.1,1,6,12,0,https://www.dosm.gov.my/uploads/content-downloads/file_20220920110308.pdf#page=369,official_source_rights_review_required_for_external_bulk_redistribution
M311528,311528,Welding Technician,M311528,311528,canonical_role,en-MY,MASCO 2020,retained,high,311528,Welding Technician,ESCO 1.2.1,1,6,12,0,https://www.dosm.gov.my/uploads/content-downloads/file_20220920110308.pdf#page=370,official_source_rights_review_required_for_external_bulk_redistribution
M311529,311529,Steelmaking Technician,M311529,311529,canonical_role,en-MY,MASCO 2020,retained,high,311529,Steelmaking Technician,ESCO 1.2.1,1,6,12,0,https://www.dosm.gov.my/uploads/content-downloads/file_20220920110308.pdf#page=370,official_source_rights_review_required_for_external_bulk_redistribution
M311531,311531,Hygiene Technician 1,M311531,311531,canonical_role,en-MY,MASCO 2020,retained,medium,311531,Hygiene Technician 1,ESCO 1.2.1,1,6,12,0,https://www.dosm.gov.my/uploads/content-downloads/file_20220920110308.pdf#page=370,official_source_rights_review_required_for_external_bulk_redistribution
M311538,311538,CAD/CAM Technician (Computer-Aided Design and Manufacturing),M311538,311538,canonical_role,en-MY,MASCO 2020,retained,high,311538,CAD/CAM Technician (Computer-Aided Design and Manufacturing),ESCO 1.2.1,1,4,12,0,https://www.dosm.gov.my/uploads/content-downloads/file_20220920110308.pdf#page=370,official_source_rights_review_required_for_external_bulk_redistribution
M311544,311544,AutoCad Drafter,M311544,311544,canonical_role,en-MY,MASCO 2020,retained,medium,311544,AutoCad Drafter,ESCO 1.2.1,1,4,12,0,https://www.dosm.gov.my/uploads/content-downloads/file_20220920110308.pdf#page=370,official_source_rights_review_required_for_external_bulk_redistribution
M311548,311548,Equipment Technician,M311548,311548,canonical_role,en-MY,MASCO 2020,retained,high,311548,Equipment Technician,ESCO 1.2.1; OSCA 2024 Version 1.0,2,10,12,0,https://www.dosm.gov.my/uploads/content-downloads/file_20220920110308.pdf#page=370,official_source_rights_review_required_for_external_bulk_redistribution
M311549,311549,Assistant Equipment Engineer,M311549,311549,canonical_role,en-MY,MASCO 2020,retained,high,311549,Assistant Equipment Engineer,ESCO 1.2.1,1,6,12,0,https://www.dosm.gov.my/uploads/content-downloads/file_20220920110308.pdf#page=370,official_source_rights_review_required_for_external_bulk_redistribution
M311550,311550,Assistant Welding Engineer,M311550,311550,canonical_role,en-MY,MASCO 2020,retained,high,311550,Assistant Welding Engineer,ESCO 1.2.1,1,6,12,0,https://www.dosm.gov.my/uploads/content-downloads/file_20220920110308.pdf#page=370,official_source_rights_review_required_for_external_bulk_redistribution
M311552,311552,Hygiene Technician 2,M311552,311552,canonical_role,en-MY,MASCO 2020,retained,medium,311552,Hygiene Technician 2,ESCO 1.2.1,1,6,12,0,https://www.dosm.gov.my/uploads/content-downloads/file_20220920110308.pdf#page=370,official_source_rights_review_required_for_external_bulk_redistribution
M311601,311601,Chemical Engineering Technician,M311601,311601,canonical_role,en-MY,MASCO 2020,retained,high,311601,Chemical Engineering Technician,ESCO 1.2.1; O*NET 31.0; NOC 2021 Version 1.0; OSCA 2024 Version 1.0,4,14,12,0,https://www.dosm.gov.my/uploads/content-downloads/file_20220920110308.pdf#page=370,official_source_rights_review_required_for_external_bulk_redistribution
M311604,311604,Oil Technologist,M311604,311604,canonical_role,en-MY,MASCO 2020,retained,high,311604,Oil Technologist,ESCO 1.2.1,1,6,12,0,https://www.dosm.gov.my/uploads/content-downloads/file_20220920110308.pdf#page=370,official_source_rights_review_required_for_external_bulk_redistribution
M311605,311605,Chemical Petroleum Technician,M311605,311605,canonical_role,en-MY,MASCO 2020,retained,high,311605,Chemical Petroleum Technician,ESCO 1.2.1; O*NET 31.0; NOC 2021 Version 1.0; OSCA 2024 Version 1.0,4,14,12,0,https://www.dosm.gov.my/uploads/content-downloads/file_20220920110308.pdf#page=370,official_source_rights_review_required_for_external_bulk_redistribution
M311609,311609,Chemical Engineering Estimator,M311609,311609,canonical_role,en-MY,MASCO 2020,retained,high,311609,Chemical Engineering Estimator,ESCO 1.2.1,1,6,12,0,https://www.dosm.gov.my/uploads/content-downloads/file_20220920110308.pdf#page=370,official_source_rights_review_required_for_external_bulk_redistribution
M311701,311701,Metallurgical Technician,M311701,311701,canonical_role,en-MY,MASCO 2020,retained,high,311701,Metallurgical Technician,ESCO 1.2.1; OSCA 2024 Version 1.0,2,10,12,0,https://www.dosm.gov.my/uploads/content-downloads/file_20220920110308.pdf#page=370,official_source_rights_review_required_for_external_bulk_redistribution
M311704,311704,Metallurgical Laboratory Assistant,M311704,311704,canonical_role,en-MY,MASCO 2020,retained,high,311704,Metallurgical Laboratory Assistant,ESCO 1.2.1; NOC 2021 Version 1.0,2,11,12,0,https://www.dosm.gov.my/uploads/content-downloads/file_20220920110308.pdf#page=370,official_source_rights_review_required_for_external_bulk_redistribution
M311711,311711,Mining Assistant,M311711,311711,canonical_role,en-MY,MASCO 2020,retained,high,311711,Mining Assistant,ESCO 1.2.1,1,6,12,0,https://www.dosm.gov.my/uploads/content-downloads/file_20220920110308.pdf#page=370,official_source_rights_review_required_for_external_bulk_redistribution
M311723,311723,Associate Field Professional,M311723,311723,canonical_role,en-MY,MASCO 2020,retained,high,311723,Associate Field Professional,ESCO 1.2.1,1,6,12,0,https://www.dosm.gov.my/uploads/content-downloads/file_20220920110308.pdf#page=371,official_source_rights_review_required_for_external_bulk_redistribution
M311801,311801,Draughtsperson (Architecture),M311801,311801,canonical_role,en-MY,MASCO 2020,retained,high,311801,Draughtsperson (Architecture),ESCO 1.2.1,1,6,12,0,https://www.dosm.gov.my/uploads/content-downloads/file_20220920110308.pdf#page=371,official_source_rights_review_required_for_external_bulk_redistribution
M311803,311803,Draughtsperson,M311803,311803,canonical_role,en-MY,MASCO 2020,retained,high,311803,Draughtsperson,ESCO 1.2.1,1,6,12,0,https://www.dosm.gov.my/uploads/content-downloads/file_20220920110308.pdf#page=371,official_source_rights_review_required_for_external_bulk_redistribution
M311824,311824,Geospatial Technician,M311824,311824,canonical_role,en-MY,MASCO 2020,retained,high,311824,Geospatial Technician,ESCO 1.2.1; OSCA 2024 Version 1.0,2,10,12,0,https://www.dosm.gov.my/uploads/content-downloads/file_20220920110308.pdf#page=371,official_source_rights_review_required_for_external_bulk_redistribution
M311826,311826,Assistant Architectural Officer,M311826,311826,canonical_role,en-MY,MASCO 2020,retained,high,311826,Assistant Architectural Officer,ESCO 1.2.1,1,6,12,0,https://www.dosm.gov.my/uploads/content-downloads/file_20220920110308.pdf#page=371,official_source_rights_review_required_for_external_bulk_redistribution
M311827,311827,Draughtsperson (Civil Engineering),M311827,311827,canonical_role,en-MY,MASCO 2020,retained,high,311827,Draughtsperson (Civil Engineering),ESCO 1.2.1; OSCA 2024 Version 1.0,2,10,12,0,https://www.dosm.gov.my/uploads/content-downloads/file_20220920110308.pdf#page=371,official_source_rights_review_required_for_external_bulk_redistribution
M311828,311828,Assistant Landscape Architect,M311828,311828,canonical_role,en-MY,MASCO 2020,retained,high,311828,Assistant Landscape Architect,ESCO 1.2.1; O*NET 31.0; NOC 2021 Version 1.0; OSCA 2024 Version 1.0,4,14,12,0,https://www.dosm.gov.my/uploads/content-downloads/file_20220920110308.pdf#page=371,official_source_rights_review_required_for_external_bulk_redistribution
M311829,311829,Assistant Land Officer (Peninsular) NT29,M311829,311829,canonical_role,en-MY,MASCO 2020,retained,high,311829,Assistant Land Officer (Peninsular) NT29,ESCO 1.2.1,1,6,12,0,https://www.dosm.gov.my/uploads/content-downloads/file_20220920110308.pdf#page=371,official_source_rights_review_required_for_external_bulk_redistribution
M311830,311830,Assistant Land Admini Officer (Sabah and Sarawak),M311830,311830,canonical_role,en-MY,MASCO 2020,retained,high,311830,Assistant Land Admini Officer (Sabah and Sarawak),ESCO 1.2.1,1,6,12,0,https://www.dosm.gov.my/uploads/content-downloads/file_20220920110308.pdf#page=371,official_source_rights_review_required_for_external_bulk_redistribution
M311831,311831,Assistant Surveyor,M311831,311831,canonical_role,en-MY,MASCO 2020,retained,high,311831,Assistant Surveyor,ESCO 1.2.1; OSCA 2024 Version 1.0,2,10,12,0,https://www.dosm.gov.my/uploads/content-downloads/file_20220920110308.pdf#page=371,official_source_rights_review_required_for_external_bulk_redistribution
M311903,311903,Maintenance Technician,M311903,311903,canonical_role,en-MY,MASCO 2020,retained,medium,311903,Maintenance Technician,ESCO 1.2.1; OSCA 2024 Version 1.0,2,10,12,0,https://www.dosm.gov.my/uploads/content-downloads/file_20220920110308.pdf#page=371,official_source_rights_review_required_for_external_bulk_redistribution
M311910,311910,"Engineering Technician, Production",M311910,311910,canonical_role,en-MY,MASCO 2020,retained,medium,311910,"Engineering Technician, Production",ESCO 1.2.1; O*NET 31.0; OSCA 2024 Version 1.0,3,14,12,0,https://www.dosm.gov.my/uploads/content-downloads/file_20220920110308.pdf#page=371,official_source_rights_review_required_for_external_bulk_redistribution
M311928,311928,Quality Assurance Engineering Technician,M311928,311928,canonical_role,en-MY,MASCO 2020,retained,high,311928,Quality Assurance Engineering Technician,ESCO 1.2.1,1,6,12,0,https://www.dosm.gov.my/uploads/content-downloads/file_20220920110308.pdf#page=372,official_source_rights_review_required_for_external_bulk_redistribution
M311929,311929,Assistant Factory and Machinery Inspector,M311929,311929,canonical_role,en-MY,MASCO 2020,retained,high,311929,Assistant Factory and Machinery Inspector,ESCO 1.2.1,1,6,12,0,https://www.dosm.gov.my/uploads/content-downloads/file_20220920110308.pdf#page=372,official_source_rights_review_required_for_external_bulk_redistribution
M311943,311943,Food Processing Technician,M311943,311943,canonical_role,en-MY,MASCO 2020,retained,high,311943,Food Processing Technician,ESCO 1.2.1; O*NET 31.0,2,13,12,0,https://www.dosm.gov.my/uploads/content-downloads/file_20220920110308.pdf#page=372,official_source_rights_review_required_for_external_bulk_redistribution
M311944,311944,Crankshaft Grinding Technician,M311944,311944,canonical_role,en-MY,MASCO 2020,retained,high,311944,Crankshaft Grinding Technician,ESCO 1.2.1,1,6,12,0,https://www.dosm.gov.my/uploads/content-downloads/file_20220920110308.pdf#page=372,official_source_rights_review_required_for_external_bulk_redistribution
M311945,311945,Agro-Based Biotech Research Technician,M311945,311945,canonical_role,en-MY,MASCO 2020,retained,high,311945,Agro-Based Biotech Research Technician,ESCO 1.2.1,1,6,12,0,https://www.dosm.gov.my/uploads/content-downloads/file_20220920110308.pdf#page=372,official_source_rights_review_required_for_external_bulk_redistribution
M311948,311948,Test Technician,M311948,311948,canonical_role,en-MY,MASCO 2020,retained,high,311948,Test Technician,ESCO 1.2.1,1,6,12,0,https://www.dosm.gov.my/uploads/content-downloads/file_20220920110308.pdf#page=372,official_source_rights_review_required_for_external_bulk_redistribution
M312201,312201,Manufacturing Supervisor,M312201,312201,canonical_role,en-MY,MASCO 2020,retained,high,312201,Manufacturing Supervisor,ESCO 1.2.1; NOC 2021 Version 1.0,2,11,12,0,https://www.dosm.gov.my/uploads/content-downloads/file_20220920110308.pdf#page=372,official_source_rights_review_required_for_external_bulk_redistribution
M312203,312203,Finishing Supervisor,M312203,312203,canonical_role,en-MY,MASCO 2020,retained,high,312203,Finishing Supervisor,ESCO 1.2.1,1,6,12,0,https://www.dosm.gov.my/uploads/content-downloads/file_20220920110308.pdf#page=372,official_source_rights_review_required_for_external_bulk_redistribution
M312205,312205,Compounding Supervisor,M312205,312205,canonical_role,en-MY,MASCO 2020,retained,high,312205,Compounding Supervisor,ESCO 1.2.1,1,6,12,0,https://www.dosm.gov.my/uploads/content-downloads/file_20220920110308.pdf#page=372,official_source_rights_review_required_for_external_bulk_redistribution
M312207,312207,Cutting Supervisor,M312207,312207,canonical_role,en-MY,MASCO 2020,retained,high,312207,Cutting Supervisor,ESCO 1.2.1,1,6,12,0,https://www.dosm.gov.my/uploads/content-downloads/file_20220920110308.pdf#page=372,official_source_rights_review_required_for_external_bulk_redistribution
M312209,312209,Plywood Inspection Supervisor,M312209,312209,canonical_role,en-MY,MASCO 2020,retained,high,312209,Plywood Inspection Supervisor,ESCO 1.2.1,1,6,12,0,https://www.dosm.gov.my/uploads/content-downloads/file_20220920110308.pdf#page=372,official_source_rights_review_required_for_external_bulk_redistribution
M312210,312210,Sawyer Supervisor,M312210,312210,canonical_role,en-MY,MASCO 2020,retained,high,312210,Sawyer Supervisor,ESCO 1.2.1,1,6,12,0,https://www.dosm.gov.my/uploads/content-downloads/file_20220920110308.pdf#page=372,official_source_rights_review_required_for_external_bulk_redistribution
M312215,312215,Quality Control Supervisor,M312215,312215,canonical_role,en-MY,MASCO 2020,retained,medium,312215,Quality Control Supervisor,ESCO 1.2.1; O*NET 31.0,2,13,12,0,https://www.dosm.gov.my/uploads/content-downloads/file_20220920110308.pdf#page=372,official_source_rights_review_required_for_external_bulk_redistribution
M312218,312218,"Production Supervisor, Halal Food Manufacturing",M312218,312218,canonical_role,en-MY,MASCO 2020,retained,high,312218,"Production Supervisor, Halal Food Manufacturing",ESCO 1.2.1,1,6,12,0,https://www.dosm.gov.my/uploads/content-downloads/file_20220920110308.pdf#page=372,official_source_rights_review_required_for_external_bulk_redistribution
M312220,312220,"Quality Assurance Supervisor, Halal Meat Processing",M312220,312220,canonical_role,en-MY,MASCO 2020,retained,high,312220,"Quality Assurance Supervisor, Halal Meat Processing",ESCO 1.2.1,1,6,12,0,https://www.dosm.gov.my/uploads/content-downloads/file_20220920110308.pdf#page=373,official_source_rights_review_required_for_external_bulk_redistribution
M312226,312226,Maintenance Supervisor,M312226,312226,canonical_role,en-MY,MASCO 2020,retained,high,312226,Maintenance Supervisor,ESCO 1.2.1,1,6,12,0,https://www.dosm.gov.my/uploads/content-downloads/file_20220920110308.pdf#page=373,official_source_rights_review_required_for_external_bulk_redistribution
M312228,312228,"Supervisor, Halal Slaughterhouse",M312228,312228,canonical_role,en-MY,MASCO 2020,retained,high,312228,"Supervisor, Halal Slaughterhouse",ESCO 1.2.1,1,6,12,0,https://www.dosm.gov.my/uploads/content-downloads/file_20220920110308.pdf#page=373,official_source_rights_review_required_for_external_bulk_redistribution
M312229,312229,"Warehouse Supervisor, Halal Logistics Operation",M312229,312229,canonical_role,en-MY,MASCO 2020,retained,high,312229,"Warehouse Supervisor, Halal Logistics Operation",ESCO 1.2.1; OSCA 2024 Version 1.0,2,10,12,0,https://www.dosm.gov.my/uploads/content-downloads/file_20220920110308.pdf#page=373,official_source_rights_review_required_for_external_bulk_redistribution
M312234,312234,Industrial Robot Controller,M312234,312234,canonical_role,en-MY,MASCO 2020,retained,high,312234,Industrial Robot Controller,ESCO 1.2.1,1,6,12,0,https://www.dosm.gov.my/uploads/content-downloads/file_20220920110308.pdf#page=373,official_source_rights_review_required_for_external_bulk_redistribution
M312301,312301,Operation Supervisor,M312301,312301,canonical_role,en-MY,MASCO 2020,retained,high,312301,Operation Supervisor,ESCO 1.2.1; NOC 2021 Version 1.0; OSCA 2024 Version 1.0,3,14,12,0,https://www.dosm.gov.my/uploads/content-downloads/file_20220920110308.pdf#page=373,official_source_rights_review_required_for_external_bulk_redistribution
M312303,312303,Construction Supervisor,M312303,312303,canonical_role,en-MY,MASCO 2020,retained,high,312303,Construction Supervisor,ESCO 1.2.1; OSCA 2024 Version 1.0,2,10,12,0,https://www.dosm.gov.my/uploads/content-downloads/file_20220920110308.pdf#page=373,official_source_rights_review_required_for_external_bulk_redistribution
M313104,313104,Power Generating Plant Operator,M313104,313104,canonical_role,en-MY,MASCO 2020,retained,high,313104,Power Generating Plant Operator,ESCO 1.2.1; O*NET 31.0; OSCA 2024 Version 1.0,3,14,12,0,https://www.dosm.gov.my/uploads/content-downloads/file_20220920110308.pdf#page=373,official_source_rights_review_required_for_external_bulk_redistribution
M313106,313106,Powerhouse Fabricator,M313106,313106,canonical_role,en-MY,MASCO 2020,retained,high,313106,Powerhouse Fabricator,ESCO 1.2.1,1,6,12,0,https://www.dosm.gov.my/uploads/content-downloads/file_20220920110308.pdf#page=373,official_source_rights_review_required_for_external_bulk_redistribution
M313110,313110,Solar Power Plant Operator,M313110,313110,canonical_role,en-MY,MASCO 2020,retained,high,313110,Solar Power Plant Operator,ESCO 1.2.1; O*NET 31.0; OSCA 2024 Version 1.0,3,14,12,0,https://www.dosm.gov.my/uploads/content-downloads/file_20220920110308.pdf#page=373,official_source_rights_review_required_for_external_bulk_redistribution
M313111,313111,Distribution Control Operator,M313111,313111,canonical_role,en-MY,MASCO 2020,retained,high,313111,Distribution Control Operator,ESCO 1.2.1,1,6,12,0,https://www.dosm.gov.my/uploads/content-downloads/file_20220920110308.pdf#page=373,official_source_rights_review_required_for_external_bulk_redistribution
M313113,313113,Power System Operator,M313113,313113,canonical_role,en-MY,MASCO 2020,retained,high,313113,Power System Operator,ESCO 1.2.1; O*NET 31.0; NOC 2021 Version 1.0,3,14,12,0,https://www.dosm.gov.my/uploads/content-downloads/file_20220920110308.pdf#page=373,official_source_rights_review_required_for_external_bulk_redistribution
M313116,313116,Solar Cell Technician,M313116,313116,canonical_role,en-MY,MASCO 2020,retained,high,313116,Solar Cell Technician,ESCO 1.2.1,1,6,12,0,https://www.dosm.gov.my/uploads/content-downloads/file_20220920110308.pdf#page=373,official_source_rights_review_required_for_external_bulk_redistribution
M313201,313201,Stationary Engine Operator,M313201,313201,canonical_role,en-MY,MASCO 2020,retained,high,313201,Stationary Engine Operator,ESCO 1.2.1; OSCA 2024 Version 1.0,2,10,12,0,https://www.dosm.gov.my/uploads/content-downloads/file_20220920110308.pdf#page=374,official_source_rights_review_required_for_external_bulk_redistribution
M313302,313302,Chemical Plant Supervisor,M313302,313302,canonical_role,en-MY,MASCO 2020,retained,medium,313302,Chemical Plant Supervisor,ESCO 1.2.1; OSCA 2024 Version 1.0,2,10,12,0,https://www.dosm.gov.my/uploads/content-downloads/file_20220920110308.pdf#page=374,official_source_rights_review_required_for_external_bulk_redistribution
M313406,313406,Gas Plant Operator,M313406,313406,canonical_role,en-MY,MASCO 2020,retained,high,313406,Gas Plant Operator,ESCO 1.2.1; O*NET 31.0; OSCA 2024 Version 1.0,3,14,12,0,https://www.dosm.gov.my/uploads/content-downloads/file_20220920110308.pdf#page=374,official_source_rights_review_required_for_external_bulk_redistribution
M313412,313412,Pumping-Station Petroleum and Natural Gas Operator,M313412,313412,canonical_role,en-MY,MASCO 2020,retained,high,313412,Pumping-Station Petroleum and Natural Gas Operator,ESCO 1.2.1; O*NET 31.0,2,13,12,0,https://www.dosm.gov.my/uploads/content-downloads/file_20220920110308.pdf#page=374,official_source_rights_review_required_for_external_bulk_redistribution
M313417,313417,Refinery Process Technician,M313417,313417,canonical_role,en-MY,MASCO 2020,retained,high,313417,Refinery Process Technician,ESCO 1.2.1,1,6,12,0,https://www.dosm.gov.my/uploads/content-downloads/file_20220920110308.pdf#page=375,official_source_rights_review_required_for_external_bulk_redistribution
M313503,313503,Metal Processing Control Operator,M313503,313503,canonical_role,en-MY,MASCO 2020,retained,high,313503,Metal Processing Control Operator,ESCO 1.2.1; NOC 2021 Version 1.0,2,11,12,0,https://www.dosm.gov.my/uploads/content-downloads/file_20220920110308.pdf#page=375,official_source_rights_review_required_for_external_bulk_redistribution
M314101,314101,Biological Technician,M314101,314101,canonical_role,en-MY,MASCO 2020,retained,high,314101,Biological Technician,ESCO 1.2.1; O*NET 31.0; NOC 2021 Version 1.0,3,14,12,0,https://www.dosm.gov.my/uploads/content-downloads/file_20220920110308.pdf#page=375,official_source_rights_review_required_for_external_bulk_redistribution
M314102,314102,Entomological Technician,M314102,314102,canonical_role,en-MY,MASCO 2020,retained,high,314102,Entomological Technician,ESCO 1.2.1,1,6,12,0,https://www.dosm.gov.my/uploads/content-downloads/file_20220920110308.pdf#page=375,official_source_rights_review_required_for_external_bulk_redistribution
M314104,314104,Botanical Technician,M314104,314104,canonical_role,en-MY,MASCO 2020,retained,high,314104,Botanical Technician,ESCO 1.2.1,1,6,12,0,https://www.dosm.gov.my/uploads/content-downloads/file_20220920110308.pdf#page=375,official_source_rights_review_required_for_external_bulk_redistribution
M314107,314107,Artificial Breeding Technician,M314107,314107,canonical_role,en-MY,MASCO 2020,retained,high,314107,Artificial Breeding Technician,ESCO 1.2.1,1,6,12,0,https://www.dosm.gov.my/uploads/content-downloads/file_20220920110308.pdf#page=375,official_source_rights_review_required_for_external_bulk_redistribution
M314109,314109,Zoological Technician,M314109,314109,canonical_role,en-MY,MASCO 2020,retained,high,314109,Zoological Technician,ESCO 1.2.1,1,6,12,0,https://www.dosm.gov.my/uploads/content-downloads/file_20220920110308.pdf#page=375,official_source_rights_review_required_for_external_bulk_redistribution
M314203,314203,Soil Science Technician,M314203,314203,canonical_role,en-MY,MASCO 2020,retained,high,314203,Soil Science Technician,ESCO 1.2.1; O*NET 31.0; OSCA 2024 Version 1.0,3,14,12,0,https://www.dosm.gov.my/uploads/content-downloads/file_20220920110308.pdf#page=375,official_source_rights_review_required_for_external_bulk_redistribution
M314205,314205,Horticulture Technician,M314205,314205,canonical_role,en-MY,MASCO 2020,retained,high,314205,Horticulture Technician,ESCO 1.2.1; NOC 2021 Version 1.0,2,11,12,0,https://www.dosm.gov.my/uploads/content-downloads/file_20220920110308.pdf#page=375,official_source_rights_review_required_for_external_bulk_redistribution
M314209,314209,Irrigator,M314209,314209,canonical_role,en-MY,MASCO 2020,retained,medium,314209,Irrigator,ESCO 1.2.1,1,6,12,0,https://www.dosm.gov.my/uploads/content-downloads/file_20220920110308.pdf#page=375,official_source_rights_review_required_for_external_bulk_redistribution
M314216,314216,Assistant Agricultural Officer,M314216,314216,canonical_role,en-MY,MASCO 2020,retained,high,314216,Assistant Agricultural Officer,ESCO 1.2.1,1,6,12,0,https://www.dosm.gov.my/uploads/content-downloads/file_20220920110308.pdf#page=376,official_source_rights_review_required_for_external_bulk_redistribution
M314217,314217,Assistant Land Planning Officer,M314217,314217,canonical_role,en-MY,MASCO 2020,retained,high,314217,Assistant Land Planning Officer,ESCO 1.2.1,1,6,12,0,https://www.dosm.gov.my/uploads/content-downloads/file_20220920110308.pdf#page=376,official_source_rights_review_required_for_external_bulk_redistribution
M314218,314218,"Supervisor, Halal Livestock Production",M314218,314218,canonical_role,en-MY,MASCO 2020,retained,high,314218,"Supervisor, Halal Livestock Production",ESCO 1.2.1,1,6,12,0,https://www.dosm.gov.my/uploads/content-downloads/file_20220920110308.pdf#page=376,official_source_rights_review_required_for_external_bulk_redistribution
M314221,314221,Land Scheme Supervisor,M314221,314221,canonical_role,en-MY,MASCO 2020,retained,high,314221,Land Scheme Supervisor,ESCO 1.2.1,1,6,12,0,https://www.dosm.gov.my/uploads/content-downloads/file_20220920110308.pdf#page=376,official_source_rights_review_required_for_external_bulk_redistribution
M314302,314302,Forestry Technician,M314302,314302,canonical_role,en-MY,MASCO 2020,retained,high,314302,Forestry Technician,ESCO 1.2.1; NOC 2021 Version 1.0,2,11,12,0,https://www.dosm.gov.my/uploads/content-downloads/file_20220920110308.pdf#page=376,official_source_rights_review_required_for_external_bulk_redistribution
M314304,314304,Assistant Conservator of Forests,M314304,314304,canonical_role,en-MY,MASCO 2020,retained,high,314304,Assistant Conservator of Forests,ESCO 1.2.1,1,6,12,0,https://www.dosm.gov.my/uploads/content-downloads/file_20220920110308.pdf#page=376,official_source_rights_review_required_for_external_bulk_redistribution
M314305,314305,Assistant Wildlife Officer,M314305,314305,canonical_role,en-MY,MASCO 2020,retained,high,314305,Assistant Wildlife Officer,ESCO 1.2.1,1,6,12,0,https://www.dosm.gov.my/uploads/content-downloads/file_20220920110308.pdf#page=376,official_source_rights_review_required_for_external_bulk_redistribution
M314306,314306,Wildlife Assistant,M314306,314306,canonical_role,en-MY,MASCO 2020,retained,high,314306,Wildlife Assistant,ESCO 1.2.1,1,6,12,0,https://www.dosm.gov.my/uploads/content-downloads/file_20220920110308.pdf#page=376,official_source_rights_review_required_for_external_bulk_redistribution
M314401,314401,Hatchery Technician,M314401,314401,canonical_role,en-MY,MASCO 2020,retained,high,314401,Hatchery Technician,ESCO 1.2.1,1,6,12,0,https://www.dosm.gov.my/uploads/content-downloads/file_20220920110308.pdf#page=376,official_source_rights_review_required_for_external_bulk_redistribution
M314402,314402,Hatchery Supervisor,M314402,314402,canonical_role,en-MY,MASCO 2020,retained,high,314402,Hatchery Supervisor,ESCO 1.2.1,1,6,12,0,https://www.dosm.gov.my/uploads/content-downloads/file_20220920110308.pdf#page=376,official_source_rights_review_required_for_external_bulk_redistribution
M314403,314403,Fishery Technician,M314403,314403,canonical_role,en-MY,MASCO 2020,retained,high,314403,Fishery Technician,ESCO 1.2.1; OSCA 2024 Version 1.0,2,10,12,0,https://www.dosm.gov.my/uploads/content-downloads/file_20220920110308.pdf#page=376,official_source_rights_review_required_for_external_bulk_redistribution
M314404,314404,Hatchery Assistant,M314404,314404,canonical_role,en-MY,MASCO 2020,retained,high,314404,Hatchery Assistant,ESCO 1.2.1,1,6,12,0,https://www.dosm.gov.my/uploads/content-downloads/file_20220920110308.pdf#page=376,official_source_rights_review_required_for_external_bulk_redistribution
M314405,314405,Aquaculture Technician,M314405,314405,canonical_role,en-MY,MASCO 2020,retained,high,314405,Aquaculture Technician,ESCO 1.2.1; OSCA 2024 Version 1.0,2,10,12,0,https://www.dosm.gov.my/uploads/content-downloads/file_20220920110308.pdf#page=376,official_source_rights_review_required_for_external_bulk_redistribution
M314407,314407,Assistant Fisheries Officer,M314407,314407,canonical_role,en-MY,MASCO 2020,retained,high,314407,Assistant Fisheries Officer,ESCO 1.2.1; NOC 2021 Version 1.0; OSCA 2024 Version 1.0,3,14,12,0,https://www.dosm.gov.my/uploads/content-downloads/file_20220920110308.pdf#page=376,official_source_rights_review_required_for_external_bulk_redistribution
M315101,315101,Air Traffic Safety Technician,M315101,315101,canonical_role,en-MY,MASCO 2020,retained,high,315101,Air Traffic Safety Technician,ESCO 1.2.1; O*NET 31.0,2,13,12,0,https://www.dosm.gov.my/uploads/content-downloads/file_20220920110308.pdf#page=376,official_source_rights_review_required_for_external_bulk_redistribution
M315103,315103,Aviation Maintenance Technician,M315103,315103,canonical_role,en-MY,MASCO 2020,retained,high,315103,Aviation Maintenance Technician,ESCO 1.2.1,1,6,12,0,https://www.dosm.gov.my/uploads/content-downloads/file_20220920110308.pdf#page=376,official_source_rights_review_required_for_external_bulk_redistribution
M315107,315107,Aircraft Restorer,M315107,315107,canonical_role,en-MY,MASCO 2020,retained,high,315107,Aircraft Restorer,ESCO 1.2.1,1,6,12,0,https://www.dosm.gov.my/uploads/content-downloads/file_20220920110308.pdf#page=376,official_source_rights_review_required_for_external_bulk_redistribution
M315108,315108,Airframe and Power Plant Technician,M315108,315108,canonical_role,en-MY,MASCO 2020,retained,high,315108,Airframe and Power Plant Technician,ESCO 1.2.1,1,6,12,0,https://www.dosm.gov.my/uploads/content-downloads/file_20220920110308.pdf#page=376,official_source_rights_review_required_for_external_bulk_redistribution
M315114,315114,Rocket Engine Component Technician,M315114,315114,canonical_role,en-MY,MASCO 2020,retained,high,315114,Rocket Engine Component Technician,ESCO 1.2.1,1,6,12,0,https://www.dosm.gov.my/uploads/content-downloads/file_20220920110308.pdf#page=376,official_source_rights_review_required_for_external_bulk_redistribution
M315116,315116,Assistant Air Traffic Control Officer,M315116,315116,canonical_role,en-MY,MASCO 2020,retained,high,315116,Assistant Air Traffic Control Officer,ESCO 1.2.1,1,6,12,0,https://www.dosm.gov.my/uploads/content-downloads/file_20220920110308.pdf#page=376,official_source_rights_review_required_for_external_bulk_redistribution
M315201,315201,Marine Assistant,M315201,315201,canonical_role,en-MY,MASCO 2020,retained,high,315201,Marine Assistant,ESCO 1.2.1,1,6,12,0,https://www.dosm.gov.my/uploads/content-downloads/file_20220920110308.pdf#page=376,official_source_rights_review_required_for_external_bulk_redistribution
M315202,315202,Berthing Master,M315202,315202,canonical_role,en-MY,MASCO 2020,retained,high,315202,Berthing Master,ESCO 1.2.1,1,6,12,0,https://www.dosm.gov.my/uploads/content-downloads/file_20220920110308.pdf#page=376,official_source_rights_review_required_for_external_bulk_redistribution
M315206,315206,Ship Technician,M315206,315206,canonical_role,en-MY,MASCO 2020,retained,high,315206,Ship Technician,ESCO 1.2.1,1,6,12,0,https://www.dosm.gov.my/uploads/content-downloads/file_20220920110308.pdf#page=376,official_source_rights_review_required_for_external_bulk_redistribution
M315208,315208,Assistant Marine Officer,M315208,315208,canonical_role,en-MY,MASCO 2020,retained,high,315208,Assistant Marine Officer,ESCO 1.2.1,1,6,12,0,https://www.dosm.gov.my/uploads/content-downloads/file_20220920110308.pdf#page=376,official_source_rights_review_required_for_external_bulk_redistribution
M315301,315301,Train Technician,M315301,315301,canonical_role,en-MY,MASCO 2020,retained,high,315301,Train Technician,ESCO 1.2.1,1,6,12,0,https://www.dosm.gov.my/uploads/content-downloads/file_20220920110308.pdf#page=377,official_source_rights_review_required_for_external_bulk_redistribution
M315306,315306,Track Network Technician,M315306,315306,canonical_role,en-MY,MASCO 2020,retained,high,315306,Track Network Technician,ESCO 1.2.1; OSCA 2024 Version 1.0,2,10,12,0,https://www.dosm.gov.my/uploads/content-downloads/file_20220920110308.pdf#page=377,official_source_rights_review_required_for_external_bulk_redistribution
M315307,315307,Signalling and Communication Technician,M315307,315307,canonical_role,en-MY,MASCO 2020,retained,high,315307,Signalling and Communication Technician,ESCO 1.2.1,1,6,12,0,https://www.dosm.gov.my/uploads/content-downloads/file_20220920110308.pdf#page=377,official_source_rights_review_required_for_external_bulk_redistribution
M315406,315406,Motor Vehicle Technician,M315406,315406,canonical_role,en-MY,MASCO 2020,retained,high,315406,Motor Vehicle Technician,ESCO 1.2.1; OSCA 2024 Version 1.0,2,10,12,0,https://www.dosm.gov.my/uploads/content-downloads/file_20220920110308.pdf#page=377,official_source_rights_review_required_for_external_bulk_redistribution
M315902,315902,Logistics Supervisor,M315902,315902,canonical_role,en-MY,MASCO 2020,retained,medium,315902,Logistics Supervisor,ESCO 1.2.1,1,6,12,0,https://www.dosm.gov.my/uploads/content-downloads/file_20220920110308.pdf#page=377,official_source_rights_review_required_for_external_bulk_redistribution
M315904,315904,Green Technology Infrastructure Assistant Facilitator,M315904,315904,canonical_role,en-MY,MASCO 2020,retained,high,315904,Green Technology Infrastructure Assistant Facilitator,ESCO 1.2.1,1,6,12,0,https://www.dosm.gov.my/uploads/content-downloads/file_20220920110308.pdf#page=377,official_source_rights_review_required_for_external_bulk_redistribution
M316101,316101,Nuclear Technician,M316101,316101,canonical_role,en-MY,MASCO 2020,retained,high,316101,Nuclear Technician,ESCO 1.2.1; O*NET 31.0,2,13,12,0,https://www.dosm.gov.my/uploads/content-downloads/file_20220920110308.pdf#page=377,official_source_rights_review_required_for_external_bulk_redistribution
M321101,321101,Radiographer,M321101; M321102,321101; 321102,merged_duplicate_roles,en-MY,MASCO 2020,retained,high,321101,Radiographer,ESCO 1.2.1; OSCA 2024 Version 1.0,2,10,12,0,https://www.dosm.gov.my/uploads/content-downloads/file_20220920110308.pdf#page=377,official_source_rights_review_required_for_external_bulk_redistribution
M321204,321204,Ecology Technician,M321204,321204,canonical_role,en-MY,MASCO 2020,retained,high,321204,Ecology Technician,ESCO 1.2.1,1,6,12,0,https://www.dosm.gov.my/uploads/content-downloads/file_20220920110308.pdf#page=377,official_source_rights_review_required_for_external_bulk_redistribution
M321207,321207,Histology Technician,M321207,321207,canonical_role,en-MY,MASCO 2020,retained,high,321207,Histology Technician,ESCO 1.2.1; O*NET 31.0,2,13,12,0,https://www.dosm.gov.my/uploads/content-downloads/file_20220920110308.pdf#page=377,official_source_rights_review_required_for_external_bulk_redistribution
M321208,321208,Cytology Technician,M321208,321208,canonical_role,en-MY,MASCO 2020,retained,high,321208,Cytology Technician,ESCO 1.2.1,1,6,12,0,https://www.dosm.gov.my/uploads/content-downloads/file_20220920110308.pdf#page=377,official_source_rights_review_required_for_external_bulk_redistribution
M321209,321209,Physiology Technician,M321209,321209,canonical_role,en-MY,MASCO 2020,retained,high,321209,Physiology Technician,ESCO 1.2.1,1,6,12,0,https://www.dosm.gov.my/uploads/content-downloads/file_20220920110308.pdf#page=377,official_source_rights_review_required_for_external_bulk_redistribution
M321212,321212,Parasitological Assistant,M321212,321212,canonical_role,en-MY,MASCO 2020,retained,high,321212,Parasitological Assistant,ESCO 1.2.1,1,6,12,0,https://www.dosm.gov.my/uploads/content-downloads/file_20220920110308.pdf#page=377,official_source_rights_review_required_for_external_bulk_redistribution
M321213,321213,Medical Laboratory Technician,M321213,321213,canonical_role,en-MY,MASCO 2020,retained,high,321213,Medical Laboratory Technician,ESCO 1.2.1; O*NET 31.0; NOC 2021 Version 1.0; OSCA 2024 Version 1.0,4,14,12,0,https://www.dosm.gov.my/uploads/content-downloads/file_20220920110308.pdf#page=377,official_source_rights_review_required_for_external_bulk_redistribution
M321214,321214,Surgical Technician,M321214,321214,canonical_role,en-MY,MASCO 2020,retained,high,321214,Surgical Technician,ESCO 1.2.1,1,6,12,0,https://www.dosm.gov.my/uploads/content-downloads/file_20220920110308.pdf#page=377,official_source_rights_review_required_for_external_bulk_redistribution
M321301,321301,Pharmaceutical Assistant,M321301,321301,canonical_role,en-MY,MASCO 2020,retained,high,321301,Pharmaceutical Assistant,ESCO 1.2.1,1,6,12,0,https://www.dosm.gov.my/uploads/content-downloads/file_20220920110308.pdf#page=377,official_source_rights_review_required_for_external_bulk_redistribution
M321304,321304,Pharmacy Aide,M321304,321304,canonical_role,en-MY,MASCO 2020,retained,high,321304,Pharmacy Aide,ESCO 1.2.1; O*NET 31.0,2,13,12,0,https://www.dosm.gov.my/uploads/content-downloads/file_20220920110308.pdf#page=378,official_source_rights_review_required_for_external_bulk_redistribution
M321305,321305,Assistant Pharmacy Officer,M321305,321305,canonical_role,en-MY,MASCO 2020,retained,high,321305,Assistant Pharmacy Officer,ESCO 1.2.1; NOC 2021 Version 1.0,2,11,12,0,https://www.dosm.gov.my/uploads/content-downloads/file_20220920110308.pdf#page=378,official_source_rights_review_required_for_external_bulk_redistribution
M321401,321401,Dental technician,M321401,321401,canonical_role,en-MY,MASCO 2020,retained,high,321401,Dental technician,ESCO 1.2.1; O*NET 31.0; NOC 2021 Version 1.0; OSCA 2024 Version 1.0,4,14,12,0,https://www.dosm.gov.my/uploads/content-downloads/file_20220920110308.pdf#page=378,official_source_rights_review_required_for_external_bulk_redistribution
M321404,321404,Orthotist,M321404,321404,canonical_role,en-MY,MASCO 2020,retained,high,321404,Orthotist,ESCO 1.2.1,1,6,12,0,https://www.dosm.gov.my/uploads/content-downloads/file_20220920110308.pdf#page=378,official_source_rights_review_required_for_external_bulk_redistribution
M321502,321502,Prosthetic Technician,M321502,321502,canonical_role,en-MY,MASCO 2020,retained,high,321502,Prosthetic Technician,ESCO 1.2.1,1,6,12,0,https://www.dosm.gov.my/uploads/content-downloads/file_20220920110308.pdf#page=378,official_source_rights_review_required_for_external_bulk_redistribution
M321503,321503,Medical Technician,M321503,321503,canonical_role,en-MY,MASCO 2020,retained,high,321503,Medical Technician,ESCO 1.2.1; O*NET 31.0; NOC 2021 Version 1.0; OSCA 2024 Version 1.0,4,14,12,0,https://www.dosm.gov.my/uploads/content-downloads/file_20220920110308.pdf#page=378,official_source_rights_review_required_for_external_bulk_redistribution
M322104,322104,Practical Nurse,M322104,322104,canonical_role,en-MY,MASCO 2020,retained,high,322104,Practical Nurse,ESCO 1.2.1; O*NET 31.0; NOC 2021 Version 1.0,3,14,12,0,https://www.dosm.gov.my/uploads/content-downloads/file_20220920110308.pdf#page=378,official_source_rights_review_required_for_external_bulk_redistribution
M324103,324103,Veterinary Biotech Research Technician,M324103,324103,canonical_role,en-MY,MASCO 2020,retained,high,324103,Veterinary Biotech Research Technician,ESCO 1.2.1,1,6,12,0,https://www.dosm.gov.my/uploads/content-downloads/file_20220920110308.pdf#page=378,official_source_rights_review_required_for_external_bulk_redistribution
M324107,324107,Veterinary Artificial Inseminator,M324107,324107,canonical_role,en-MY,MASCO 2020,retained,high,324107,Veterinary Artificial Inseminator,ESCO 1.2.1,1,6,12,0,https://www.dosm.gov.my/uploads/content-downloads/file_20220920110308.pdf#page=378,official_source_rights_review_required_for_external_bulk_redistribution
M324108,324108,Veterinary Biotech Production Technician,M324108,324108,canonical_role,en-MY,MASCO 2020,retained,high,324108,Veterinary Biotech Production Technician,ESCO 1.2.1,1,6,12,0,https://www.dosm.gov.my/uploads/content-downloads/file_20220920110308.pdf#page=378,official_source_rights_review_required_for_external_bulk_redistribution
M324109,324109,Veterinary Nurse,M324109,324109,canonical_role,en-MY,MASCO 2020,retained,high,324109,Veterinary Nurse,ESCO 1.2.1; OSCA 2024 Version 1.0,2,10,12,0,https://www.dosm.gov.my/uploads/content-downloads/file_20220920110308.pdf#page=378,official_source_rights_review_required_for_external_bulk_redistribution
M324110,324110,Assistant Veterinary Officer,M324110,324110,canonical_role,en-MY,MASCO 2020,retained,high,324110,Assistant Veterinary Officer,ESCO 1.2.1,1,6,12,0,https://www.dosm.gov.my/uploads/content-downloads/file_20220920110308.pdf#page=378,official_source_rights_review_required_for_external_bulk_redistribution
M325101,325101,Dental Surgery Assistant,M325101,325101,canonical_role,en-MY,MASCO 2020,retained,high,325101,Dental Surgery Assistant,ESCO 1.2.1; O*NET 31.0; NOC 2021 Version 1.0; OSCA 2024 Version 1.0,4,14,12,0,https://www.dosm.gov.my/uploads/content-downloads/file_20220920110308.pdf#page=378,official_source_rights_review_required_for_external_bulk_redistribution
M325105,325105,Dental Assistant,M325105,325105,canonical_role,en-MY,MASCO 2020,retained,medium,325105,Dental Assistant,ESCO 1.2.1; O*NET 31.0; NOC 2021 Version 1.0; OSCA 2024 Version 1.0,4,14,12,0,https://www.dosm.gov.my/uploads/content-downloads/file_20220920110308.pdf#page=378,official_source_rights_review_required_for_external_bulk_redistribution
M325106,325106,Dental Hygienist,M325106,325106,canonical_role,en-MY,MASCO 2020,retained,high,325106,Dental Hygienist,ESCO 1.2.1; O*NET 31.0; NOC 2021 Version 1.0; OSCA 2024 Version 1.0,4,14,12,0,https://www.dosm.gov.my/uploads/content-downloads/file_20220920110308.pdf#page=378,official_source_rights_review_required_for_external_bulk_redistribution
M325107,325107,Dental Therapist,M325107,325107,canonical_role,en-MY,MASCO 2020,retained,high,325107,Dental Therapist,ESCO 1.2.1; NOC 2021 Version 1.0; OSCA 2024 Version 1.0,3,14,12,0,https://www.dosm.gov.my/uploads/content-downloads/file_20220920110308.pdf#page=379,official_source_rights_review_required_for_external_bulk_redistribution
M325302,325302,Community Health Promoter,M325302,325302,canonical_role,en-MY,MASCO 2020,retained,high,325302,Community Health Promoter,ESCO 1.2.1; O*NET 31.0,2,13,12,0,https://www.dosm.gov.my/uploads/content-downloads/file_20220920110308.pdf#page=379,official_source_rights_review_required_for_external_bulk_redistribution
M325304,325304,Village Health Worker,M325304,325304,canonical_role,en-MY,MASCO 2020,retained,high,325304,Village Health Worker,ESCO 1.2.1; O*NET 31.0; OSCA 2024 Version 1.0,3,14,12,0,https://www.dosm.gov.my/uploads/content-downloads/file_20220920110308.pdf#page=379,official_source_rights_review_required_for_external_bulk_redistribution
M325305,325305,Community Nurse,M325305,325305,canonical_role,en-MY,MASCO 2020,retained,high,325305,Community Nurse,ESCO 1.2.1,1,6,12,0,https://www.dosm.gov.my/uploads/content-downloads/file_20220920110308.pdf#page=379,official_source_rights_review_required_for_external_bulk_redistribution
M325505,325505,Massage Therapist,M325505,325505,canonical_role,en-MY,MASCO 2020,retained,high,325505,Massage Therapist,ESCO 1.2.1; O*NET 31.0; NOC 2021 Version 1.0; OSCA 2024 Version 1.0,4,14,12,0,https://www.dosm.gov.my/uploads/content-downloads/file_20220920110308.pdf#page=379,official_source_rights_review_required_for_external_bulk_redistribution
M325506,325506,Physiotherapy Technician,M325506,325506,canonical_role,en-MY,MASCO 2020,retained,high,325506,Physiotherapy Technician,ESCO 1.2.1,1,6,12,0,https://www.dosm.gov.my/uploads/content-downloads/file_20220920110308.pdf#page=379,official_source_rights_review_required_for_external_bulk_redistribution
M325601,325601,Medical Laboratory Assistant,M325601,325601,canonical_role,en-MY,MASCO 2020,retained,high,325601,Medical Laboratory Assistant,ESCO 1.2.1; O*NET 31.0; NOC 2021 Version 1.0; OSCA 2024 Version 1.0,4,14,12,0,https://www.dosm.gov.my/uploads/content-downloads/file_20220920110308.pdf#page=379,official_source_rights_review_required_for_external_bulk_redistribution
M325602,325602,Hospital Assistant,M325602,325602,canonical_role,en-MY,MASCO 2020,retained,high,325602,Hospital Assistant,ESCO 1.2.1,1,6,12,0,https://www.dosm.gov.my/uploads/content-downloads/file_20220920110308.pdf#page=379,official_source_rights_review_required_for_external_bulk_redistribution
M325606,325606,"Radiographist Equipment, Medical, General",M325606,325606,canonical_role,en-MY,MASCO 2020,retained,medium,325606,"Radiographist Equipment, Medical, General",ESCO 1.2.1,1,6,12,0,https://www.dosm.gov.my/uploads/content-downloads/file_20220920110308.pdf#page=379,official_source_rights_review_required_for_external_bulk_redistribution
M325611,325611,Sonographer,M325611,325611,canonical_role,en-MY,MASCO 2020,retained,high,325611,Sonographer,ESCO 1.2.1; OSCA 2024 Version 1.0,2,10,12,0,https://www.dosm.gov.my/uploads/content-downloads/file_20220920110308.pdf#page=379,official_source_rights_review_required_for_external_bulk_redistribution
M325613,325613,Clinical Instructor,M325613,325613,canonical_role,en-MY,MASCO 2020,retained,high,325613,Clinical Instructor,ESCO 1.2.1,1,6,12,0,https://www.dosm.gov.my/uploads/content-downloads/file_20220920110308.pdf#page=379,official_source_rights_review_required_for_external_bulk_redistribution
M325614,325614,Ophthalmic Assistant,M325614,325614,canonical_role,en-MY,MASCO 2020,retained,high,325614,Ophthalmic Assistant,ESCO 1.2.1,1,6,12,0,https://www.dosm.gov.my/uploads/content-downloads/file_20220920110308.pdf#page=379,official_source_rights_review_required_for_external_bulk_redistribution
M325615,325615,Assistant Medical Officer,M325615,325615,canonical_role,en-MY,MASCO 2020,retained,high,325615,Assistant Medical Officer,ESCO 1.2.1; O*NET 31.0; NOC 2021 Version 1.0; OSCA 2024 Version 1.0,4,14,12,0,https://www.dosm.gov.my/uploads/content-downloads/file_20220920110308.pdf#page=379,official_source_rights_review_required_for_external_bulk_redistribution
M325703,325703,Public Health Unit Inspector,M325703,325703,canonical_role,en-MY,MASCO 2020,retained,high,325703,Public Health Unit Inspector,ESCO 1.2.1,1,6,12,0,https://www.dosm.gov.my/uploads/content-downloads/file_20220920110308.pdf#page=379,official_source_rights_review_required_for_external_bulk_redistribution
M325705,325705,Occupational Safety and Health Inspector,M325705,325705,canonical_role,en-MY,MASCO 2020,retained,high,325705,Occupational Safety and Health Inspector,ESCO 1.2.1; O*NET 31.0; NOC 2021 Version 1.0; OSCA 2024 Version 1.0,4,14,12,0,https://www.dosm.gov.my/uploads/content-downloads/file_20220920110308.pdf#page=379,official_source_rights_review_required_for_external_bulk_redistribution
M325712,325712,Product Quality Inspector,M325712,325712,canonical_role,en-MY,MASCO 2020,retained,high,325712,Product Quality Inspector,ESCO 1.2.1,1,6,12,0,https://www.dosm.gov.my/uploads/content-downloads/file_20220920110308.pdf#page=380,official_source_rights_review_required_for_external_bulk_redistribution
M325735,325735,Water Inspector,M325735,325735,canonical_role,en-MY,MASCO 2020,retained,high,325735,Water Inspector,ESCO 1.2.1; OSCA 2024 Version 1.0,2,10,12,0,https://www.dosm.gov.my/uploads/content-downloads/file_20220920110308.pdf#page=380,official_source_rights_review_required_for_external_bulk_redistribution
M325736,325736,Mine Safety Inspector,M325736,325736,canonical_role,en-MY,MASCO 2020,retained,high,325736,Mine Safety Inspector,ESCO 1.2.1; OSCA 2024 Version 1.0,2,10,12,0,https://www.dosm.gov.my/uploads/content-downloads/file_20220920110308.pdf#page=380,official_source_rights_review_required_for_external_bulk_redistribution
M325737,325737,Mine Examiner,M325737,325737,canonical_role,en-MY,MASCO 2020,retained,high,325737,Mine Examiner,ESCO 1.2.1,1,6,12,0,https://www.dosm.gov.my/uploads/content-downloads/file_20220920110308.pdf#page=380,official_source_rights_review_required_for_external_bulk_redistribution
M325747,325747,Assistant Food Technology Officer,M325747,325747,canonical_role,en-MY,MASCO 2020,retained,high,325747,Assistant Food Technology Officer,ESCO 1.2.1,1,6,12,0,https://www.dosm.gov.my/uploads/content-downloads/file_20220920110308.pdf#page=380,official_source_rights_review_required_for_external_bulk_redistribution
M325748,325748,Assistant Environmental Health Officer,M325748,325748,canonical_role,en-MY,MASCO 2020,retained,high,325748,Assistant Environmental Health Officer,ESCO 1.2.1; OSCA 2024 Version 1.0,2,10,12,0,https://www.dosm.gov.my/uploads/content-downloads/file_20220920110308.pdf#page=380,official_source_rights_review_required_for_external_bulk_redistribution
M325749,325749,Assistant Environmental Control Officer,M325749,325749,canonical_role,en-MY,MASCO 2020,retained,high,325749,Assistant Environmental Control Officer,ESCO 1.2.1,1,6,12,0,https://www.dosm.gov.my/uploads/content-downloads/file_20220920110308.pdf#page=380,official_source_rights_review_required_for_external_bulk_redistribution
M325802,325802,Ambulance Officer,M325802,325802,canonical_role,en-MY,MASCO 2020,retained,high,325802,Ambulance Officer,ESCO 1.2.1,1,6,12,0,https://www.dosm.gov.my/uploads/content-downloads/file_20220920110308.pdf#page=380,official_source_rights_review_required_for_external_bulk_redistribution
M325805,325805,Emergency Paramedic,M325805,325805,canonical_role,en-MY,MASCO 2020,retained,high,325805,Emergency Paramedic,ESCO 1.2.1,1,6,12,0,https://www.dosm.gov.my/uploads/content-downloads/file_20220920110308.pdf#page=380,official_source_rights_review_required_for_external_bulk_redistribution
M331401,331401,Assistant Statistics Officer,M331401,331401,canonical_role,en-MY,MASCO 2020,retained,high,331401,Assistant Statistics Officer,ESCO 1.2.1,1,6,12,0,https://www.dosm.gov.my/uploads/content-downloads/file_20220920110308.pdf#page=381,official_source_rights_review_required_for_external_bulk_redistribution
M351101,351101,Computer Technician,M351101; M351105,351101; 351105,merged_duplicate_roles,en-MY,MASCO 2020,retained,high,351101,Computer Technician,ESCO 1.2.1; NOC 2021 Version 1.0,2,11,12,0,https://www.dosm.gov.my/uploads/content-downloads/file_20220920110308.pdf#page=384,official_source_rights_review_required_for_external_bulk_redistribution
M351109,351109,Electronic Data Processing Technician,M351109,351109,canonical_role,en-MY,MASCO 2020,retained,high,351109,Electronic Data Processing Technician,ESCO 1.2.1,1,6,12,0,https://www.dosm.gov.my/uploads/content-downloads/file_20220920110308.pdf#page=384,official_source_rights_review_required_for_external_bulk_redistribution
M351113,351113,Semi-Conductor Technician,M351113,351113,canonical_role,en-MY,MASCO 2020,retained,high,351113,Semi-Conductor Technician,ESCO 1.2.1,1,6,12,0,https://www.dosm.gov.my/uploads/content-downloads/file_20220920110308.pdf#page=385,official_source_rights_review_required_for_external_bulk_redistribution
M351115,351115,Information Technology Assistant,M351115,351115,canonical_role,en-MY,MASCO 2020,retained,high,351115,Information Technology Assistant,ESCO 1.2.1,1,6,12,8,https://www.dosm.gov.my/uploads/content-downloads/file_20220920110308.pdf#page=385,official_source_rights_review_required_for_external_bulk_redistribution
M351116,351116,Computer Console Operator,M351116,351116,canonical_role,en-MY,MASCO 2020,retained,high,351116,Computer Console Operator,ESCO 1.2.1,1,6,12,0,https://www.dosm.gov.my/uploads/content-downloads/file_20220920110308.pdf#page=385,official_source_rights_review_required_for_external_bulk_redistribution
M351123,351123,"Engineering Assistant, Telecommunications",M351123,351123,canonical_role,en-MY,MASCO 2020,retained,high,351123,"Engineering Assistant, Telecommunications",ESCO 1.2.1; O*NET 31.0,2,13,12,0,https://www.dosm.gov.my/uploads/content-downloads/file_20220920110308.pdf#page=385,official_source_rights_review_required_for_external_bulk_redistribution
M351124,351124,"Supervisor, Management Information Systems",M351124,351124,canonical_role,en-MY,MASCO 2020,retained,high,351124,"Supervisor, Management Information Systems",ESCO 1.2.1,1,6,12,0,https://www.dosm.gov.my/uploads/content-downloads/file_20220920110308.pdf#page=385,official_source_rights_review_required_for_external_bulk_redistribution
M351125,351125,Assistant Information Technology Officer,M351125,351125,canonical_role,en-MY,MASCO 2020,retained,high,351125,Assistant Information Technology Officer,ESCO 1.2.1; OSCA 2024 Version 1.0,2,10,12,8,https://www.dosm.gov.my/uploads/content-downloads/file_20220920110308.pdf#page=385,official_source_rights_review_required_for_external_bulk_redistribution
M351201,351201,Computer Help Desk Technician,M351201,351201,canonical_role,en-MY,MASCO 2020,retained,high,351201,Computer Help Desk Technician,ESCO 1.2.1,1,6,12,0,https://www.dosm.gov.my/uploads/content-downloads/file_20220920110308.pdf#page=385,official_source_rights_review_required_for_external_bulk_redistribution
M351203,351203,Information Technology Technician,M351203,351203,canonical_role,en-MY,MASCO 2020,retained,high,351203,Information Technology Technician,ESCO 1.2.1,1,6,12,8,https://www.dosm.gov.my/uploads/content-downloads/file_20220920110308.pdf#page=385,official_source_rights_review_required_for_external_bulk_redistribution
M351206,351206,Computer Assistant,M351206,351206,canonical_role,en-MY,MASCO 2020,retained,high,351206,Computer Assistant,ESCO 1.2.1,1,6,12,0,https://www.dosm.gov.my/uploads/content-downloads/file_20220920110308.pdf#page=385,official_source_rights_review_required_for_external_bulk_redistribution
M351207,351207,Communications Assistant (ICT),M351207,351207,canonical_role,en-MY,MASCO 2020,retained,high,351207,Communications Assistant (ICT),ESCO 1.2.1; OSCA 2024 Version 1.0,2,10,12,0,https://www.dosm.gov.my/uploads/content-downloads/file_20220920110308.pdf#page=385,official_source_rights_review_required_for_external_bulk_redistribution
M351208,351208,Database Assistant,M351208,351208,canonical_role,en-MY,MASCO 2020,retained,high,351208,Database Assistant,ESCO 1.2.1,1,6,12,8,https://www.dosm.gov.my/uploads/content-downloads/file_20220920110308.pdf#page=385,official_source_rights_review_required_for_external_bulk_redistribution
M351209,351209,Computer Programming Assistant,M351209,351209,canonical_role,en-MY,MASCO 2020,retained,high,351209,Computer Programming Assistant,ESCO 1.2.1,1,6,12,0,https://www.dosm.gov.my/uploads/content-downloads/file_20220920110308.pdf#page=385,official_source_rights_review_required_for_external_bulk_redistribution
M351212,351212,Call Centre Trainer,M351212,351212,canonical_role,en-MY,MASCO 2020,retained,high,351212,Call Centre Trainer,ESCO 1.2.1,1,6,12,0,https://www.dosm.gov.my/uploads/content-downloads/file_20220920110308.pdf#page=385,official_source_rights_review_required_for_external_bulk_redistribution
M351213,351213,Data Centre Supervisor,M351213,351213,canonical_role,en-MY,MASCO 2020,retained,high,351213,Data Centre Supervisor,ESCO 1.2.1,1,6,12,0,https://www.dosm.gov.my/uploads/content-downloads/file_20220920110308.pdf#page=385,official_source_rights_review_required_for_external_bulk_redistribution
M351215,351215,Technical Support Technician,M351215,351215,canonical_role,en-MY,MASCO 2020,retained,high,351215,Technical Support Technician,ESCO 1.2.1; NOC 2021 Version 1.0,2,11,12,0,https://www.dosm.gov.my/uploads/content-downloads/file_20220920110308.pdf#page=385,official_source_rights_review_required_for_external_bulk_redistribution
M351301,351301,Computer Network Technician,M351301,351301,canonical_role,en-MY,MASCO 2020,retained,high,351301,Computer Network Technician,ESCO 1.2.1; O*NET 31.0; NOC 2021 Version 1.0; OSCA 2024 Version 1.0,4,14,12,0,https://www.dosm.gov.my/uploads/content-downloads/file_20220920110308.pdf#page=385,official_source_rights_review_required_for_external_bulk_redistribution
M351303,351303,Network Security Technician (ICT),M351303,351303,canonical_role,en-MY,MASCO 2020,retained,high,351303,Network Security Technician (ICT),ESCO 1.2.1,1,6,12,8,https://www.dosm.gov.my/uploads/content-downloads/file_20220920110308.pdf#page=385,official_source_rights_review_required_for_external_bulk_redistribution
M351402,351402,Web Technician,M351402,351402,canonical_role,en-MY,MASCO 2020,retained,high,351402,Web Technician,ESCO 1.2.1; NOC 2021 Version 1.0,2,11,12,0,https://www.dosm.gov.my/uploads/content-downloads/file_20220920110308.pdf#page=385,official_source_rights_review_required_for_external_bulk_redistribution
M352101,352101,Audio-Visual Technician,M352101,352101,canonical_role,en-MY,MASCO 2020,retained,high,352101,Audio-Visual Technician,ESCO 1.2.1; O*NET 31.0,2,13,12,0,https://www.dosm.gov.my/uploads/content-downloads/file_20220920110308.pdf#page=385,official_source_rights_review_required_for_external_bulk_redistribution
M352102,352102,Cinematographer,M352102,352102,canonical_role,en-MY,MASCO 2020,retained,high,352102,Cinematographer,ESCO 1.2.1; OSCA 2024 Version 1.0,2,11,12,0,https://www.dosm.gov.my/uploads/content-downloads/file_20220920110308.pdf#page=385,official_source_rights_review_required_for_external_bulk_redistribution
M352105,352105,Motion Picture Assistant,M352105,352105,canonical_role,en-MY,MASCO 2020,retained,high,352105,Motion Picture Assistant,ESCO 1.2.1; O*NET 31.0,2,13,12,0,https://www.dosm.gov.my/uploads/content-downloads/file_20220920110308.pdf#page=386,official_source_rights_review_required_for_external_bulk_redistribution
M352108,352108,Sound Mixer,M352108,352108,canonical_role,en-MY,MASCO 2020,retained,high,352108,Sound Mixer,ESCO 1.2.1,1,6,12,0,https://www.dosm.gov.my/uploads/content-downloads/file_20220920110308.pdf#page=386,official_source_rights_review_required_for_external_bulk_redistribution
M352111,352111,Ships Radio Officer,M352111,352111,canonical_role,en-MY,MASCO 2020,retained,high,352111,Ships Radio Officer,ESCO 1.2.1; OSCA 2024 Version 1.0,2,10,12,0,https://www.dosm.gov.my/uploads/content-downloads/file_20220920110308.pdf#page=386,official_source_rights_review_required_for_external_bulk_redistribution
M352112,352112,Broadcast Technician,M352112,352112,canonical_role,en-MY,MASCO 2020,retained,high,352112,Broadcast Technician,ESCO 1.2.1; O*NET 31.0; NOC 2021 Version 1.0; OSCA 2024 Version 1.0,4,14,12,0,https://www.dosm.gov.my/uploads/content-downloads/file_20220920110308.pdf#page=386,official_source_rights_review_required_for_external_bulk_redistribution
M352116,352116,Land-Base Radio Equipment Technician,M352116,352116,canonical_role,en-MY,MASCO 2020,retained,high,352116,Land-Base Radio Equipment Technician,ESCO 1.2.1,1,6,12,0,https://www.dosm.gov.my/uploads/content-downloads/file_20220920110308.pdf#page=386,official_source_rights_review_required_for_external_bulk_redistribution
M352117,352117,Flight Radio Equipment Technician,M352117,352117,canonical_role,en-MY,MASCO 2020,retained,high,352117,Flight Radio Equipment Technician,ESCO 1.2.1,1,6,12,0,https://www.dosm.gov.my/uploads/content-downloads/file_20220920110308.pdf#page=386,official_source_rights_review_required_for_external_bulk_redistribution
M352123,352123,Videographer,M352123,352123,canonical_role,en-MY,MASCO 2020,retained,high,352123,Videographer,ESCO 1.2.1,1,6,12,0,https://www.dosm.gov.my/uploads/content-downloads/file_20220920110308.pdf#page=386,official_source_rights_review_required_for_external_bulk_redistribution
M352124,352124,Assistant Telecommunications Engineer,M352124,352124,canonical_role,en-MY,MASCO 2020,retained,high,352124,Assistant Telecommunications Engineer,ESCO 1.2.1; OSCA 2024 Version 1.0,2,10,12,0,https://www.dosm.gov.my/uploads/content-downloads/file_20220920110308.pdf#page=386,official_source_rights_review_required_for_external_bulk_redistribution
M352204,352204,Telecommunications Technician,M352204,352204,canonical_role,en-MY,MASCO 2020,retained,high,352204,Telecommunications Technician,ESCO 1.2.1; OSCA 2024 Version 1.0,2,10,12,0,https://www.dosm.gov.my/uploads/content-downloads/file_20220920110308.pdf#page=386,official_source_rights_review_required_for_external_bulk_redistribution
M363202,363202,Interior Designer,M363202,363202,canonical_role,en-MY,MASCO 2020,retained,high,363202,Interior Designer,ESCO 1.2.1; O*NET 31.0; NOC 2021 Version 1.0; OSCA 2024 Version 1.0,4,14,12,0,https://www.dosm.gov.my/uploads/content-downloads/file_20220920110308.pdf#page=388,official_source_rights_review_required_for_external_bulk_redistribution
M363204,363204,Poster Designer,M363204,363204,canonical_role,en-MY,MASCO 2020,retained,high,363204,Poster Designer,ESCO 1.2.1,1,6,12,0,https://www.dosm.gov.my/uploads/content-downloads/file_20220920110308.pdf#page=388,official_source_rights_review_required_for_external_bulk_redistribution
M363221,363221,Carve Technician,M363221,363221,canonical_role,en-MY,MASCO 2020,retained,high,363221,Carve Technician,ESCO 1.2.1,1,6,12,0,https://www.dosm.gov.my/uploads/content-downloads/file_20220920110308.pdf#page=388,official_source_rights_review_required_for_external_bulk_redistribution
M363304,363304,Gallery Technician,M363304,363304,canonical_role,en-MY,MASCO 2020,retained,medium,363304,Gallery Technician,ESCO 1.2.1; OSCA 2024 Version 1.0,2,10,12,0,https://www.dosm.gov.my/uploads/content-downloads/file_20220920110308.pdf#page=389,official_source_rights_review_required_for_external_bulk_redistribution
M363305,363305,Library Technician,M363305,363305,canonical_role,en-MY,MASCO 2020,retained,high,363305,Library Technician,ESCO 1.2.1; O*NET 31.0; NOC 2021 Version 1.0; OSCA 2024 Version 1.0,4,14,12,0,https://www.dosm.gov.my/uploads/content-downloads/file_20220920110308.pdf#page=389,official_source_rights_review_required_for_external_bulk_redistribution
M363306,363306,Museum Technician,M363306,363306,canonical_role,en-MY,MASCO 2020,retained,medium,363306,Museum Technician,ESCO 1.2.1; O*NET 31.0; OSCA 2024 Version 1.0,3,14,12,0,https://www.dosm.gov.my/uploads/content-downloads/file_20220920110308.pdf#page=389,official_source_rights_review_required_for_external_bulk_redistribution
M363414,363414,Stage Technician,M363414,363414,canonical_role,en-MY,MASCO 2020,retained,medium,363414,Stage Technician,ESCO 1.2.1,1,6,12,0,https://www.dosm.gov.my/uploads/content-downloads/file_20220920110308.pdf#page=389,official_source_rights_review_required_for_external_bulk_redistribution
M411126,411126,Economic Affairs Assistant,M411126,411126,canonical_role,en-MY,MASCO 2020,retained,high,411126,Economic Affairs Assistant,ESCO 1.2.1,1,6,12,0,https://www.dosm.gov.my/uploads/content-downloads/file_20220920110308.pdf#page=391,official_source_rights_review_required_for_external_bulk_redistribution
M413209,413209,Data Entry Clerk,M413209,413209,canonical_role,en-MY,MASCO 2020,retained,high,413209,Data Entry Clerk,ESCO 1.2.1; O*NET 31.0; NOC 2021 Version 1.0; OSCA 2024 Version 1.0,4,14,12,0,https://www.dosm.gov.my/uploads/content-downloads/file_20220920110308.pdf#page=392,official_source_rights_review_required_for_external_bulk_redistribution
M422602,422602,Survey Interviewer,M422602,422602,canonical_role,en-MY,MASCO 2020,retained,medium,422602,Survey Interviewer,ESCO 1.2.1; NOC 2021 Version 1.0; OSCA 2024 Version 1.0,3,14,12,0,https://www.dosm.gov.my/uploads/content-downloads/file_20220920110308.pdf#page=393,official_source_rights_review_required_for_external_bulk_redistribution
M431112,431112,Auction Clerk,M431112,431112,canonical_role,en-MY,MASCO 2020,retained,high,431112,Auction Clerk,ESCO 1.2.1,1,6,12,0,https://www.dosm.gov.my/uploads/content-downloads/file_20220920110308.pdf#page=394,official_source_rights_review_required_for_external_bulk_redistribution
M431114,431114,Audit Clerk,M431114,431114,canonical_role,en-MY,MASCO 2020,retained,high,431114,Audit Clerk,ESCO 1.2.1,1,6,12,0,https://www.dosm.gov.my/uploads/content-downloads/file_20220920110308.pdf#page=394,official_source_rights_review_required_for_external_bulk_redistribution
M431115,431115,Credit Control Clerk,M431115,431115,canonical_role,en-MY,MASCO 2020,retained,high,431115,Credit Control Clerk,ESCO 1.2.1,1,6,12,0,https://www.dosm.gov.my/uploads/content-downloads/file_20220920110308.pdf#page=394,official_source_rights_review_required_for_external_bulk_redistribution
M431118,431118,Billing Clerk,M431118,431118,canonical_role,en-MY,MASCO 2020,retained,high,431118,Billing Clerk,ESCO 1.2.1; O*NET 31.0,2,13,12,0,https://www.dosm.gov.my/uploads/content-downloads/file_20220920110308.pdf#page=394,official_source_rights_review_required_for_external_bulk_redistribution
M431119,431119,Property Clerk,M431119,431119,canonical_role,en-MY,MASCO 2020,retained,high,431119,Property Clerk,ESCO 1.2.1,1,6,12,0,https://www.dosm.gov.my/uploads/content-downloads/file_20220920110308.pdf#page=394,official_source_rights_review_required_for_external_bulk_redistribution
M431120,431120,Cost Clerk,M431120,431120,canonical_role,en-MY,MASCO 2020,retained,high,431120,Cost Clerk,ESCO 1.2.1,1,6,12,0,https://www.dosm.gov.my/uploads/content-downloads/file_20220920110308.pdf#page=394,official_source_rights_review_required_for_external_bulk_redistribution
M431123,431123,Office Cash Clerk,M431123,431123,canonical_role,en-MY,MASCO 2020,retained,high,431123,Office Cash Clerk,ESCO 1.2.1; O*NET 31.0,2,13,12,0,https://www.dosm.gov.my/uploads/content-downloads/file_20220920110308.pdf#page=394,official_source_rights_review_required_for_external_bulk_redistribution
M431126,431126,AuditAssistant,M431126,431126,canonical_role,en-MY,MASCO 2020,retained,high,431126,AuditAssistant,ESCO 1.2.1,1,6,12,0,https://www.dosm.gov.my/uploads/content-downloads/file_20220920110308.pdf#page=394,official_source_rights_review_required_for_external_bulk_redistribution
M431132,431132,Energy Audit Assistant Technician,M431132,431132,canonical_role,en-MY,MASCO 2020,retained,high,431132,Energy Audit Assistant Technician,ESCO 1.2.1,1,6,12,0,https://www.dosm.gov.my/uploads/content-downloads/file_20220920110308.pdf#page=394,official_source_rights_review_required_for_external_bulk_redistribution
M431201,431201,Administrative Assistant (Finance),M431201,431201,canonical_role,en-MY,MASCO 2020,retained,high,431201,Administrative Assistant (Finance),ESCO 1.2.1; NOC 2021 Version 1.0,2,11,12,0,https://www.dosm.gov.my/uploads/content-downloads/file_20220920110308.pdf#page=394,official_source_rights_review_required_for_external_bulk_redistribution
M431203,431203,Statistical Clerk,M431203,431203,canonical_role,en-MY,MASCO 2020,retained,high,431203,Statistical Clerk,ESCO 1.2.1; NOC 2021 Version 1.0,2,11,12,0,https://www.dosm.gov.my/uploads/content-downloads/file_20220920110308.pdf#page=394,official_source_rights_review_required_for_external_bulk_redistribution
M431215,431215,Finance Clerk,M431215,431215,canonical_role,en-MY,MASCO 2020,retained,high,431215,Finance Clerk,ESCO 1.2.1,1,6,12,0,https://www.dosm.gov.my/uploads/content-downloads/file_20220920110308.pdf#page=394,official_source_rights_review_required_for_external_bulk_redistribution
M431217,431217,Brokerage Clerk,M431217,431217,canonical_role,en-MY,MASCO 2020,retained,high,431217,Brokerage Clerk,ESCO 1.2.1; O*NET 31.0,2,13,12,0,https://www.dosm.gov.my/uploads/content-downloads/file_20220920110308.pdf#page=394,official_source_rights_review_required_for_external_bulk_redistribution
M431218,431218,Insurance clerk,M431218,431218,canonical_role,en-MY,MASCO 2020,retained,high,431218,Insurance clerk,ESCO 1.2.1,1,6,12,0,https://www.dosm.gov.my/uploads/content-downloads/file_20220920110308.pdf#page=394,official_source_rights_review_required_for_external_bulk_redistribution
M431219,431219,Tax Clerk,M431219,431219,canonical_role,en-MY,MASCO 2020,retained,high,431219,Tax Clerk,ESCO 1.2.1,1,6,12,0,https://www.dosm.gov.my/uploads/content-downloads/file_20220920110308.pdf#page=394,official_source_rights_review_required_for_external_bulk_redistribution
M431220,431220,Investment Clerk,M431220,431220,canonical_role,en-MY,MASCO 2020,retained,high,431220,Investment Clerk,ESCO 1.2.1,1,6,12,0,https://www.dosm.gov.my/uploads/content-downloads/file_20220920110308.pdf#page=394,official_source_rights_review_required_for_external_bulk_redistribution
M431221,431221,Adjustment Clerk,M431221,431221,canonical_role,en-MY,MASCO 2020,retained,high,431221,Adjustment Clerk,ESCO 1.2.1,1,6,12,0,https://www.dosm.gov.my/uploads/content-downloads/file_20220920110308.pdf#page=394,official_source_rights_review_required_for_external_bulk_redistribution
M431222,431222,Stockbroker Clerk,M431222,431222,canonical_role,en-MY,MASCO 2020,retained,high,431222,Stockbroker Clerk,ESCO 1.2.1,1,6,12,0,https://www.dosm.gov.my/uploads/content-downloads/file_20220920110308.pdf#page=394,official_source_rights_review_required_for_external_bulk_redistribution
M431224,431224,Rating Clerk,M431224,431224,canonical_role,en-MY,MASCO 2020,retained,high,431224,Rating Clerk,ESCO 1.2.1,1,6,12,0,https://www.dosm.gov.my/uploads/content-downloads/file_20220920110308.pdf#page=394,official_source_rights_review_required_for_external_bulk_redistribution
M431225,431225,Assistant Broker,M431225,431225,canonical_role,en-MY,MASCO 2020,retained,high,431225,Assistant Broker,ESCO 1.2.1,1,6,12,0,https://www.dosm.gov.my/uploads/content-downloads/file_20220920110308.pdf#page=394,official_source_rights_review_required_for_external_bulk_redistribution
M431227,431227,Collateral Clerk,M431227,431227,canonical_role,en-MY,MASCO 2020,retained,high,431227,Collateral Clerk,ESCO 1.2.1,1,6,12,0,https://www.dosm.gov.my/uploads/content-downloads/file_20220920110308.pdf#page=394,official_source_rights_review_required_for_external_bulk_redistribution
M431228,431228,Mortgage Clerk,M431228,431228,canonical_role,en-MY,MASCO 2020,retained,high,431228,Mortgage Clerk,ESCO 1.2.1,1,6,12,0,https://www.dosm.gov.my/uploads/content-downloads/file_20220920110308.pdf#page=394,official_source_rights_review_required_for_external_bulk_redistribution
M431231,431231,Statistical Assistant,M431231,431231,canonical_role,en-MY,MASCO 2020,retained,high,431231,Statistical Assistant,ESCO 1.2.1; O*NET 31.0,2,13,12,0,https://www.dosm.gov.my/uploads/content-downloads/file_20220920110308.pdf#page=394,official_source_rights_review_required_for_external_bulk_redistribution
M431233,431233,Actuarial Assistant,M431233,431233,canonical_role,en-MY,MASCO 2020,retained,high,431233,Actuarial Assistant,ESCO 1.2.1,1,6,12,0,https://www.dosm.gov.my/uploads/content-downloads/file_20220920110308.pdf#page=395,official_source_rights_review_required_for_external_bulk_redistribution
M522313,522313,E-commerce Sales Clerk,M522313,522313,canonical_role,en-MY,MASCO 2020,retained,medium,522313,E-commerce Sales Clerk,ESCO 1.2.1,1,6,12,0,https://www.dosm.gov.my/uploads/content-downloads/file_20220920110308.pdf#page=402,official_source_rights_review_required_for_external_bulk_redistribution
M531208,531208,Vocational Training Assistant DV19,M531208,531208,canonical_role,en-MY,MASCO 2020,retained,high,531208,Vocational Training Assistant DV19,ESCO 1.2.1,1,6,12,0,https://www.dosm.gov.my/uploads/content-downloads/file_20220920110308.pdf#page=403,official_source_rights_review_required_for_external_bulk_redistribution
M531210,531210,Vocational Training Assistant DV21,M531210,531210,canonical_role,en-MY,MASCO 2020,retained,high,531210,Vocational Training Assistant DV21,ESCO 1.2.1,1,6,12,0,https://www.dosm.gov.my/uploads/content-downloads/file_20220920110308.pdf#page=403,official_source_rights_review_required_for_external_bulk_redistribution
M532102,532102,Public Health Assistant,M532102,532102,canonical_role,en-MY,MASCO 2020,retained,high,532102,Public Health Assistant,ESCO 1.2.1; OSCA 2024 Version 1.0,2,10,12,0,https://www.dosm.gov.my/uploads/content-downloads/file_20220920110308.pdf#page=403,official_source_rights_review_required_for_external_bulk_redistribution
M818202,818202,Boilerman,M818202,818202,canonical_role,en-MY,MASCO 2020,retained,medium,818202,Boilerman,ESCO 1.2.1,1,6,12,0,https://www.dosm.gov.my/uploads/content-downloads/file_20220920110308.pdf#page=431,official_source_rights_review_required_for_external_bulk_redistribution
M818209,818209,Engine Driver,M818209,818209,canonical_role,en-MY,MASCO 2020,retained,medium,818209,Engine Driver,ESCO 1.2.1,1,6,12,0,https://www.dosm.gov.my/uploads/content-downloads/file_20220920110308.pdf#page=432,official_source_rights_review_required_for_external_bulk_redistribution
M821101,821101,Assembler,M821101,821101,canonical_role,en-MY,MASCO 2020,retained,high,821101,Assembler,ESCO 1.2.1,1,6,12,0,https://www.dosm.gov.my/uploads/content-downloads/file_20220920110308.pdf#page=432,official_source_rights_review_required_for_external_bulk_redistribution
