link_id,role_id,masco_code,role_title,open_question_id,open_question_source_id,open_question_topic,question_text,relevance_rule,license_id,source_url,review_status
M151103-OQ01,M151103,151103,Chief Information Security Officer,OPEN-30S-103,GITHUB-30SECONDS-INTERVIEWS,security; javascript,What is a cross-site scripting attack (XSS) and how do you prevent it?,"Role-title keyword matched open-question topic: security, software engineering questions",MIT-30SECONDS,https://github.com/Chalarangelo/30-seconds-of-interviews/tree/da235b6185721161b7ebc413075b76dc70339ccf,human_relevance_and_currentness_review_required
M151103-OQ02,M151103,151103,Chief Information Security Officer,OPEN-CONT-001,GITHUB-CONTINUUM-INTERVIEW-QUESTIONS,Software Engineering Questions,What was your most memorable debugging experience? Can be any language.,"Role-title keyword matched open-question topic: security, software engineering questions",CC-BY-SA-4.0-CONTINUUM,https://github.com/ContinuumIO/interview-questions/tree/a22ec7982062ce5c3bad162495452e5738ae3220,human_relevance_and_currentness_review_required
M151103-OQ03,M151103,151103,Chief Information Security Officer,OPEN-CONT-002,GITHUB-CONTINUUM-INTERVIEW-QUESTIONS,Software Engineering Questions,"What tools are in your toolkit with regards to debugging? How do you normally debug: a) your own code, b) someone else's code (or foreign code bases). Ideally cover Python debugging and a compiled language (C/C++ ideal).","Role-title keyword matched open-question topic: security, software engineering questions",CC-BY-SA-4.0-CONTINUUM,https://github.com/ContinuumIO/interview-questions/tree/a22ec7982062ce5c3bad162495452e5738ae3220,human_relevance_and_currentness_review_required
M151103-OQ04,M151103,151103,Chief Information Security Officer,OPEN-CONT-003,GITHUB-CONTINUUM-INTERVIEW-QUESTIONS,Software Engineering Questions,"Tell us about a chunk of code that you've written before that you're particularly fond of. What do you like about it? (e.g. elegant, evil, clever, simple) (This is along the lines of the 'http://stilldrinking.org/programming-sucks -> All Code is bad' section.)","Role-title keyword matched open-question topic: security, software engineering questions",CC-BY-SA-4.0-CONTINUUM,https://github.com/ContinuumIO/interview-questions/tree/a22ec7982062ce5c3bad162495452e5738ae3220,human_relevance_and_currentness_review_required
M151103-OQ05,M151103,151103,Chief Information Security Officer,OPEN-CONT-004,GITHUB-CONTINUUM-INTERVIEW-QUESTIONS,Software Engineering Questions,Tell us about a past project that you were particularly proud/fond of from a technical perspective. What did you like about it technically?,"Role-title keyword matched open-question topic: security, software engineering questions",CC-BY-SA-4.0-CONTINUUM,https://github.com/ContinuumIO/interview-questions/tree/a22ec7982062ce5c3bad162495452e5738ae3220,human_relevance_and_currentness_review_required
M151103-OQ06,M151103,151103,Chief Information Security Officer,OPEN-CONT-005,GITHUB-CONTINUUM-INTERVIEW-QUESTIONS,Software Engineering Questions,Worst code base you've ever come across? What were some of the issues? How did you rectify them?,"Role-title keyword matched open-question topic: security, software engineering questions",CC-BY-SA-4.0-CONTINUUM,https://github.com/ContinuumIO/interview-questions/tree/a22ec7982062ce5c3bad162495452e5738ae3220,human_relevance_and_currentness_review_required
M151103-OQ07,M151103,151103,Chief Information Security Officer,OPEN-CONT-006,GITHUB-CONTINUUM-INTERVIEW-QUESTIONS,Software Engineering Questions,"Tell us about a project that required a novel, thinking-out-side-of-the-box sort of solution? What did you come up with? Why was it better than the alternatives?","Role-title keyword matched open-question topic: security, software engineering questions",CC-BY-SA-4.0-CONTINUUM,https://github.com/ContinuumIO/interview-questions/tree/a22ec7982062ce5c3bad162495452e5738ae3220,human_relevance_and_currentness_review_required
M151103-OQ08,M151103,151103,Chief Information Security Officer,OPEN-CONT-007,GITHUB-CONTINUUM-INTERVIEW-QUESTIONS,Software Engineering Questions,"Describe your ideal development environment (platform, tools, editor, IDEs, compilers, language, database vendor, etc).","Role-title keyword matched open-question topic: security, software engineering questions",CC-BY-SA-4.0-CONTINUUM,https://github.com/ContinuumIO/interview-questions/tree/a22ec7982062ce5c3bad162495452e5738ae3220,human_relevance_and_currentness_review_required
M151112-OQ01,M151112,151112,Application Development Manager,OPEN-30S-005,GITHUB-30SECONDS-INTERVIEWS,javascript,"Create a function `batches` that returns the maximum number of whole batches that can be cooked from a recipe. ```js /** It accepts two objects as arguments: the first object is the recipe for the food, while the second object is the available ingredients. Each ingredient's value is a number representing how many units there are. `batches(recipe, available)` */ // 0 batches can be made batches( { milk: 100, butter: 50, flour: 5 }, { milk: 132, butter: 48, flour: 51 } ) batches( { milk: 100, flour: 4, sugar: 10, butter: 5 }, { milk: 1288, flour: 9, sugar: 95 } ) // 1 batch can be made batches( { milk: 100, butter: 50, cheese: 10 }, { milk: 198, butter: 52, cheese: 10 } ) // 2 batches can be made batches( { milk: 2, sugar: 40, butter: 20 }, { milk: 5, sugar: 120, butter: 500 } ) ```","Role-title keyword matched open-question topic: javascript, node, software engineering questions",MIT-30SECONDS,https://github.com/Chalarangelo/30-seconds-of-interviews/tree/da235b6185721161b7ebc413075b76dc70339ccf,human_relevance_and_currentness_review_required
M151112-OQ02,M151112,151112,Application Development Manager,OPEN-30S-007,GITHUB-30SECONDS-INTERVIEWS,javascript,What is Big O Notation?,"Role-title keyword matched open-question topic: javascript, node, software engineering questions",MIT-30SECONDS,https://github.com/Chalarangelo/30-seconds-of-interviews/tree/da235b6185721161b7ebc413075b76dc70339ccf,human_relevance_and_currentness_review_required
M151112-OQ03,M151112,151112,Application Development Manager,OPEN-30S-008,GITHUB-30SECONDS-INTERVIEWS,javascript,"Create a standalone function `bind` that is functionally equivalent to the method `Function.prototype.bind`. ```js function example() { console.log(this) } const boundExample = bind(example, { a: true }) boundExample.call({ b: true }) // logs { a: true } ```","Role-title keyword matched open-question topic: javascript, node, software engineering questions",MIT-30SECONDS,https://github.com/Chalarangelo/30-seconds-of-interviews/tree/da235b6185721161b7ebc413075b76dc70339ccf,human_relevance_and_currentness_review_required
M151112-OQ04,M151112,151112,Application Development Manager,OPEN-30S-010,GITHUB-30SECONDS-INTERVIEWS,node; javascript,"How can you avoid callback hells? ```js getData(function(a) { getMoreData(a, function(b) { getMoreData(b, function(c) { getMoreData(c, function(d) { getMoreData(d, function(e) { // ... }) }) }) }) }) ```","Role-title keyword matched open-question topic: javascript, node, software engineering questions",MIT-30SECONDS,https://github.com/Chalarangelo/30-seconds-of-interviews/tree/da235b6185721161b7ebc413075b76dc70339ccf,human_relevance_and_currentness_review_required
M151112-OQ05,M151112,151112,Application Development Manager,OPEN-30S-011,GITHUB-30SECONDS-INTERVIEWS,react; javascript,What is the purpose of callback function as an argument of `setState`?,"Role-title keyword matched open-question topic: javascript, node, software engineering questions",MIT-30SECONDS,https://github.com/Chalarangelo/30-seconds-of-interviews/tree/da235b6185721161b7ebc413075b76dc70339ccf,human_relevance_and_currentness_review_required
M151112-OQ06,M151112,151112,Application Development Manager,OPEN-30S-012,GITHUB-30SECONDS-INTERVIEWS,react; javascript,Which is the preferred option between callback refs and findDOMNode()?,"Role-title keyword matched open-question topic: javascript, node, software engineering questions",MIT-30SECONDS,https://github.com/Chalarangelo/30-seconds-of-interviews/tree/da235b6185721161b7ebc413075b76dc70339ccf,human_relevance_and_currentness_review_required
M151112-OQ07,M151112,151112,Application Development Manager,OPEN-30S-013,GITHUB-30SECONDS-INTERVIEWS,javascript,What is a callback? Can you show an example using one?,"Role-title keyword matched open-question topic: javascript, node, software engineering questions",MIT-30SECONDS,https://github.com/Chalarangelo/30-seconds-of-interviews/tree/da235b6185721161b7ebc413075b76dc70339ccf,human_relevance_and_currentness_review_required
M151112-OQ08,M151112,151112,Application Development Manager,OPEN-30S-014,GITHUB-30SECONDS-INTERVIEWS,react; javascript,What is the `children` prop?,"Role-title keyword matched open-question topic: javascript, node, software engineering questions",MIT-30SECONDS,https://github.com/Chalarangelo/30-seconds-of-interviews/tree/da235b6185721161b7ebc413075b76dc70339ccf,human_relevance_and_currentness_review_required
M151122-OQ01,M151122,151122,Information Technology Project Manager,OPEN-30S-005,GITHUB-30SECONDS-INTERVIEWS,javascript,"Create a function `batches` that returns the maximum number of whole batches that can be cooked from a recipe. ```js /** It accepts two objects as arguments: the first object is the recipe for the food, while the second object is the available ingredients. Each ingredient's value is a number representing how many units there are. `batches(recipe, available)` */ // 0 batches can be made batches( { milk: 100, butter: 50, flour: 5 }, { milk: 132, butter: 48, flour: 51 } ) batches( { milk: 100, flour: 4, sugar: 10, butter: 5 }, { milk: 1288, flour: 9, sugar: 95 } ) // 1 batch can be made batches( { milk: 100, butter: 50, cheese: 10 }, { milk: 198, butter: 52, cheese: 10 } ) // 2 batches can be made batches( { milk: 2, sugar: 40, butter: 20 }, { milk: 5, sugar: 120, butter: 500 } ) ```","Role-title keyword matched open-question topic: javascript, node, software engineering questions",MIT-30SECONDS,https://github.com/Chalarangelo/30-seconds-of-interviews/tree/da235b6185721161b7ebc413075b76dc70339ccf,human_relevance_and_currentness_review_required
M151122-OQ02,M151122,151122,Information Technology Project Manager,OPEN-30S-007,GITHUB-30SECONDS-INTERVIEWS,javascript,What is Big O Notation?,"Role-title keyword matched open-question topic: javascript, node, software engineering questions",MIT-30SECONDS,https://github.com/Chalarangelo/30-seconds-of-interviews/tree/da235b6185721161b7ebc413075b76dc70339ccf,human_relevance_and_currentness_review_required
M151122-OQ03,M151122,151122,Information Technology Project Manager,OPEN-30S-008,GITHUB-30SECONDS-INTERVIEWS,javascript,"Create a standalone function `bind` that is functionally equivalent to the method `Function.prototype.bind`. ```js function example() { console.log(this) } const boundExample = bind(example, { a: true }) boundExample.call({ b: true }) // logs { a: true } ```","Role-title keyword matched open-question topic: javascript, node, software engineering questions",MIT-30SECONDS,https://github.com/Chalarangelo/30-seconds-of-interviews/tree/da235b6185721161b7ebc413075b76dc70339ccf,human_relevance_and_currentness_review_required
M151122-OQ04,M151122,151122,Information Technology Project Manager,OPEN-30S-010,GITHUB-30SECONDS-INTERVIEWS,node; javascript,"How can you avoid callback hells? ```js getData(function(a) { getMoreData(a, function(b) { getMoreData(b, function(c) { getMoreData(c, function(d) { getMoreData(d, function(e) { // ... }) }) }) }) }) ```","Role-title keyword matched open-question topic: javascript, node, software engineering questions",MIT-30SECONDS,https://github.com/Chalarangelo/30-seconds-of-interviews/tree/da235b6185721161b7ebc413075b76dc70339ccf,human_relevance_and_currentness_review_required
M151122-OQ05,M151122,151122,Information Technology Project Manager,OPEN-30S-011,GITHUB-30SECONDS-INTERVIEWS,react; javascript,What is the purpose of callback function as an argument of `setState`?,"Role-title keyword matched open-question topic: javascript, node, software engineering questions",MIT-30SECONDS,https://github.com/Chalarangelo/30-seconds-of-interviews/tree/da235b6185721161b7ebc413075b76dc70339ccf,human_relevance_and_currentness_review_required
M151122-OQ06,M151122,151122,Information Technology Project Manager,OPEN-30S-012,GITHUB-30SECONDS-INTERVIEWS,react; javascript,Which is the preferred option between callback refs and findDOMNode()?,"Role-title keyword matched open-question topic: javascript, node, software engineering questions",MIT-30SECONDS,https://github.com/Chalarangelo/30-seconds-of-interviews/tree/da235b6185721161b7ebc413075b76dc70339ccf,human_relevance_and_currentness_review_required
M151122-OQ07,M151122,151122,Information Technology Project Manager,OPEN-30S-013,GITHUB-30SECONDS-INTERVIEWS,javascript,What is a callback? Can you show an example using one?,"Role-title keyword matched open-question topic: javascript, node, software engineering questions",MIT-30SECONDS,https://github.com/Chalarangelo/30-seconds-of-interviews/tree/da235b6185721161b7ebc413075b76dc70339ccf,human_relevance_and_currentness_review_required
M151122-OQ08,M151122,151122,Information Technology Project Manager,OPEN-30S-014,GITHUB-30SECONDS-INTERVIEWS,react; javascript,What is the `children` prop?,"Role-title keyword matched open-question topic: javascript, node, software engineering questions",MIT-30SECONDS,https://github.com/Chalarangelo/30-seconds-of-interviews/tree/da235b6185721161b7ebc413075b76dc70339ccf,human_relevance_and_currentness_review_required
M151123-OQ01,M151123,151123,Information Technology Infrastructure Manager,OPEN-30S-005,GITHUB-30SECONDS-INTERVIEWS,javascript,"Create a function `batches` that returns the maximum number of whole batches that can be cooked from a recipe. ```js /** It accepts two objects as arguments: the first object is the recipe for the food, while the second object is the available ingredients. Each ingredient's value is a number representing how many units there are. `batches(recipe, available)` */ // 0 batches can be made batches( { milk: 100, butter: 50, flour: 5 }, { milk: 132, butter: 48, flour: 51 } ) batches( { milk: 100, flour: 4, sugar: 10, butter: 5 }, { milk: 1288, flour: 9, sugar: 95 } ) // 1 batch can be made batches( { milk: 100, butter: 50, cheese: 10 }, { milk: 198, butter: 52, cheese: 10 } ) // 2 batches can be made batches( { milk: 2, sugar: 40, butter: 20 }, { milk: 5, sugar: 120, butter: 500 } ) ```","Role-title keyword matched open-question topic: javascript, node, software engineering questions",MIT-30SECONDS,https://github.com/Chalarangelo/30-seconds-of-interviews/tree/da235b6185721161b7ebc413075b76dc70339ccf,human_relevance_and_currentness_review_required
M151123-OQ02,M151123,151123,Information Technology Infrastructure Manager,OPEN-30S-007,GITHUB-30SECONDS-INTERVIEWS,javascript,What is Big O Notation?,"Role-title keyword matched open-question topic: javascript, node, software engineering questions",MIT-30SECONDS,https://github.com/Chalarangelo/30-seconds-of-interviews/tree/da235b6185721161b7ebc413075b76dc70339ccf,human_relevance_and_currentness_review_required
M151123-OQ03,M151123,151123,Information Technology Infrastructure Manager,OPEN-30S-008,GITHUB-30SECONDS-INTERVIEWS,javascript,"Create a standalone function `bind` that is functionally equivalent to the method `Function.prototype.bind`. ```js function example() { console.log(this) } const boundExample = bind(example, { a: true }) boundExample.call({ b: true }) // logs { a: true } ```","Role-title keyword matched open-question topic: javascript, node, software engineering questions",MIT-30SECONDS,https://github.com/Chalarangelo/30-seconds-of-interviews/tree/da235b6185721161b7ebc413075b76dc70339ccf,human_relevance_and_currentness_review_required
M151123-OQ04,M151123,151123,Information Technology Infrastructure Manager,OPEN-30S-010,GITHUB-30SECONDS-INTERVIEWS,node; javascript,"How can you avoid callback hells? ```js getData(function(a) { getMoreData(a, function(b) { getMoreData(b, function(c) { getMoreData(c, function(d) { getMoreData(d, function(e) { // ... }) }) }) }) }) ```","Role-title keyword matched open-question topic: javascript, node, software engineering questions",MIT-30SECONDS,https://github.com/Chalarangelo/30-seconds-of-interviews/tree/da235b6185721161b7ebc413075b76dc70339ccf,human_relevance_and_currentness_review_required
M151123-OQ05,M151123,151123,Information Technology Infrastructure Manager,OPEN-30S-011,GITHUB-30SECONDS-INTERVIEWS,react; javascript,What is the purpose of callback function as an argument of `setState`?,"Role-title keyword matched open-question topic: javascript, node, software engineering questions",MIT-30SECONDS,https://github.com/Chalarangelo/30-seconds-of-interviews/tree/da235b6185721161b7ebc413075b76dc70339ccf,human_relevance_and_currentness_review_required
M151123-OQ06,M151123,151123,Information Technology Infrastructure Manager,OPEN-30S-012,GITHUB-30SECONDS-INTERVIEWS,react; javascript,Which is the preferred option between callback refs and findDOMNode()?,"Role-title keyword matched open-question topic: javascript, node, software engineering questions",MIT-30SECONDS,https://github.com/Chalarangelo/30-seconds-of-interviews/tree/da235b6185721161b7ebc413075b76dc70339ccf,human_relevance_and_currentness_review_required
M151123-OQ07,M151123,151123,Information Technology Infrastructure Manager,OPEN-30S-013,GITHUB-30SECONDS-INTERVIEWS,javascript,What is a callback? Can you show an example using one?,"Role-title keyword matched open-question topic: javascript, node, software engineering questions",MIT-30SECONDS,https://github.com/Chalarangelo/30-seconds-of-interviews/tree/da235b6185721161b7ebc413075b76dc70339ccf,human_relevance_and_currentness_review_required
M151123-OQ08,M151123,151123,Information Technology Infrastructure Manager,OPEN-30S-014,GITHUB-30SECONDS-INTERVIEWS,react; javascript,What is the `children` prop?,"Role-title keyword matched open-question topic: javascript, node, software engineering questions",MIT-30SECONDS,https://github.com/Chalarangelo/30-seconds-of-interviews/tree/da235b6185721161b7ebc413075b76dc70339ccf,human_relevance_and_currentness_review_required
M151124-OQ01,M151124,151124,Information Technology Programme Manager,OPEN-30S-005,GITHUB-30SECONDS-INTERVIEWS,javascript,"Create a function `batches` that returns the maximum number of whole batches that can be cooked from a recipe. ```js /** It accepts two objects as arguments: the first object is the recipe for the food, while the second object is the available ingredients. Each ingredient's value is a number representing how many units there are. `batches(recipe, available)` */ // 0 batches can be made batches( { milk: 100, butter: 50, flour: 5 }, { milk: 132, butter: 48, flour: 51 } ) batches( { milk: 100, flour: 4, sugar: 10, butter: 5 }, { milk: 1288, flour: 9, sugar: 95 } ) // 1 batch can be made batches( { milk: 100, butter: 50, cheese: 10 }, { milk: 198, butter: 52, cheese: 10 } ) // 2 batches can be made batches( { milk: 2, sugar: 40, butter: 20 }, { milk: 5, sugar: 120, butter: 500 } ) ```","Role-title keyword matched open-question topic: javascript, node, software engineering questions",MIT-30SECONDS,https://github.com/Chalarangelo/30-seconds-of-interviews/tree/da235b6185721161b7ebc413075b76dc70339ccf,human_relevance_and_currentness_review_required
M151124-OQ02,M151124,151124,Information Technology Programme Manager,OPEN-30S-007,GITHUB-30SECONDS-INTERVIEWS,javascript,What is Big O Notation?,"Role-title keyword matched open-question topic: javascript, node, software engineering questions",MIT-30SECONDS,https://github.com/Chalarangelo/30-seconds-of-interviews/tree/da235b6185721161b7ebc413075b76dc70339ccf,human_relevance_and_currentness_review_required
M151124-OQ03,M151124,151124,Information Technology Programme Manager,OPEN-30S-008,GITHUB-30SECONDS-INTERVIEWS,javascript,"Create a standalone function `bind` that is functionally equivalent to the method `Function.prototype.bind`. ```js function example() { console.log(this) } const boundExample = bind(example, { a: true }) boundExample.call({ b: true }) // logs { a: true } ```","Role-title keyword matched open-question topic: javascript, node, software engineering questions",MIT-30SECONDS,https://github.com/Chalarangelo/30-seconds-of-interviews/tree/da235b6185721161b7ebc413075b76dc70339ccf,human_relevance_and_currentness_review_required
M151124-OQ04,M151124,151124,Information Technology Programme Manager,OPEN-30S-010,GITHUB-30SECONDS-INTERVIEWS,node; javascript,"How can you avoid callback hells? ```js getData(function(a) { getMoreData(a, function(b) { getMoreData(b, function(c) { getMoreData(c, function(d) { getMoreData(d, function(e) { // ... }) }) }) }) }) ```","Role-title keyword matched open-question topic: javascript, node, software engineering questions",MIT-30SECONDS,https://github.com/Chalarangelo/30-seconds-of-interviews/tree/da235b6185721161b7ebc413075b76dc70339ccf,human_relevance_and_currentness_review_required
M151124-OQ05,M151124,151124,Information Technology Programme Manager,OPEN-30S-011,GITHUB-30SECONDS-INTERVIEWS,react; javascript,What is the purpose of callback function as an argument of `setState`?,"Role-title keyword matched open-question topic: javascript, node, software engineering questions",MIT-30SECONDS,https://github.com/Chalarangelo/30-seconds-of-interviews/tree/da235b6185721161b7ebc413075b76dc70339ccf,human_relevance_and_currentness_review_required
M151124-OQ06,M151124,151124,Information Technology Programme Manager,OPEN-30S-012,GITHUB-30SECONDS-INTERVIEWS,react; javascript,Which is the preferred option between callback refs and findDOMNode()?,"Role-title keyword matched open-question topic: javascript, node, software engineering questions",MIT-30SECONDS,https://github.com/Chalarangelo/30-seconds-of-interviews/tree/da235b6185721161b7ebc413075b76dc70339ccf,human_relevance_and_currentness_review_required
M151124-OQ07,M151124,151124,Information Technology Programme Manager,OPEN-30S-013,GITHUB-30SECONDS-INTERVIEWS,javascript,What is a callback? Can you show an example using one?,"Role-title keyword matched open-question topic: javascript, node, software engineering questions",MIT-30SECONDS,https://github.com/Chalarangelo/30-seconds-of-interviews/tree/da235b6185721161b7ebc413075b76dc70339ccf,human_relevance_and_currentness_review_required
M151124-OQ08,M151124,151124,Information Technology Programme Manager,OPEN-30S-014,GITHUB-30SECONDS-INTERVIEWS,react; javascript,What is the `children` prop?,"Role-title keyword matched open-question topic: javascript, node, software engineering questions",MIT-30SECONDS,https://github.com/Chalarangelo/30-seconds-of-interviews/tree/da235b6185721161b7ebc413075b76dc70339ccf,human_relevance_and_currentness_review_required
M151132-OQ01,M151132,151132,Information Technology Business Development Manager,OPEN-30S-005,GITHUB-30SECONDS-INTERVIEWS,javascript,"Create a function `batches` that returns the maximum number of whole batches that can be cooked from a recipe. ```js /** It accepts two objects as arguments: the first object is the recipe for the food, while the second object is the available ingredients. Each ingredient's value is a number representing how many units there are. `batches(recipe, available)` */ // 0 batches can be made batches( { milk: 100, butter: 50, flour: 5 }, { milk: 132, butter: 48, flour: 51 } ) batches( { milk: 100, flour: 4, sugar: 10, butter: 5 }, { milk: 1288, flour: 9, sugar: 95 } ) // 1 batch can be made batches( { milk: 100, butter: 50, cheese: 10 }, { milk: 198, butter: 52, cheese: 10 } ) // 2 batches can be made batches( { milk: 2, sugar: 40, butter: 20 }, { milk: 5, sugar: 120, butter: 500 } ) ```","Role-title keyword matched open-question topic: javascript, node, software engineering questions",MIT-30SECONDS,https://github.com/Chalarangelo/30-seconds-of-interviews/tree/da235b6185721161b7ebc413075b76dc70339ccf,human_relevance_and_currentness_review_required
M151132-OQ02,M151132,151132,Information Technology Business Development Manager,OPEN-30S-007,GITHUB-30SECONDS-INTERVIEWS,javascript,What is Big O Notation?,"Role-title keyword matched open-question topic: javascript, node, software engineering questions",MIT-30SECONDS,https://github.com/Chalarangelo/30-seconds-of-interviews/tree/da235b6185721161b7ebc413075b76dc70339ccf,human_relevance_and_currentness_review_required
M151132-OQ03,M151132,151132,Information Technology Business Development Manager,OPEN-30S-008,GITHUB-30SECONDS-INTERVIEWS,javascript,"Create a standalone function `bind` that is functionally equivalent to the method `Function.prototype.bind`. ```js function example() { console.log(this) } const boundExample = bind(example, { a: true }) boundExample.call({ b: true }) // logs { a: true } ```","Role-title keyword matched open-question topic: javascript, node, software engineering questions",MIT-30SECONDS,https://github.com/Chalarangelo/30-seconds-of-interviews/tree/da235b6185721161b7ebc413075b76dc70339ccf,human_relevance_and_currentness_review_required
M151132-OQ04,M151132,151132,Information Technology Business Development Manager,OPEN-30S-010,GITHUB-30SECONDS-INTERVIEWS,node; javascript,"How can you avoid callback hells? ```js getData(function(a) { getMoreData(a, function(b) { getMoreData(b, function(c) { getMoreData(c, function(d) { getMoreData(d, function(e) { // ... }) }) }) }) }) ```","Role-title keyword matched open-question topic: javascript, node, software engineering questions",MIT-30SECONDS,https://github.com/Chalarangelo/30-seconds-of-interviews/tree/da235b6185721161b7ebc413075b76dc70339ccf,human_relevance_and_currentness_review_required
M151132-OQ05,M151132,151132,Information Technology Business Development Manager,OPEN-30S-011,GITHUB-30SECONDS-INTERVIEWS,react; javascript,What is the purpose of callback function as an argument of `setState`?,"Role-title keyword matched open-question topic: javascript, node, software engineering questions",MIT-30SECONDS,https://github.com/Chalarangelo/30-seconds-of-interviews/tree/da235b6185721161b7ebc413075b76dc70339ccf,human_relevance_and_currentness_review_required
M151132-OQ06,M151132,151132,Information Technology Business Development Manager,OPEN-30S-012,GITHUB-30SECONDS-INTERVIEWS,react; javascript,Which is the preferred option between callback refs and findDOMNode()?,"Role-title keyword matched open-question topic: javascript, node, software engineering questions",MIT-30SECONDS,https://github.com/Chalarangelo/30-seconds-of-interviews/tree/da235b6185721161b7ebc413075b76dc70339ccf,human_relevance_and_currentness_review_required
M151132-OQ07,M151132,151132,Information Technology Business Development Manager,OPEN-30S-013,GITHUB-30SECONDS-INTERVIEWS,javascript,What is a callback? Can you show an example using one?,"Role-title keyword matched open-question topic: javascript, node, software engineering questions",MIT-30SECONDS,https://github.com/Chalarangelo/30-seconds-of-interviews/tree/da235b6185721161b7ebc413075b76dc70339ccf,human_relevance_and_currentness_review_required
M151132-OQ08,M151132,151132,Information Technology Business Development Manager,OPEN-30S-014,GITHUB-30SECONDS-INTERVIEWS,react; javascript,What is the `children` prop?,"Role-title keyword matched open-question topic: javascript, node, software engineering questions",MIT-30SECONDS,https://github.com/Chalarangelo/30-seconds-of-interviews/tree/da235b6185721161b7ebc413075b76dc70339ccf,human_relevance_and_currentness_review_required
M151135-OQ01,M151135,151135,Software Development Manager,OPEN-30S-005,GITHUB-30SECONDS-INTERVIEWS,javascript,"Create a function `batches` that returns the maximum number of whole batches that can be cooked from a recipe. ```js /** It accepts two objects as arguments: the first object is the recipe for the food, while the second object is the available ingredients. Each ingredient's value is a number representing how many units there are. `batches(recipe, available)` */ // 0 batches can be made batches( { milk: 100, butter: 50, flour: 5 }, { milk: 132, butter: 48, flour: 51 } ) batches( { milk: 100, flour: 4, sugar: 10, butter: 5 }, { milk: 1288, flour: 9, sugar: 95 } ) // 1 batch can be made batches( { milk: 100, butter: 50, cheese: 10 }, { milk: 198, butter: 52, cheese: 10 } ) // 2 batches can be made batches( { milk: 2, sugar: 40, butter: 20 }, { milk: 5, sugar: 120, butter: 500 } ) ```","Role-title keyword matched open-question topic: javascript, node, software engineering questions",MIT-30SECONDS,https://github.com/Chalarangelo/30-seconds-of-interviews/tree/da235b6185721161b7ebc413075b76dc70339ccf,human_relevance_and_currentness_review_required
M151135-OQ02,M151135,151135,Software Development Manager,OPEN-30S-007,GITHUB-30SECONDS-INTERVIEWS,javascript,What is Big O Notation?,"Role-title keyword matched open-question topic: javascript, node, software engineering questions",MIT-30SECONDS,https://github.com/Chalarangelo/30-seconds-of-interviews/tree/da235b6185721161b7ebc413075b76dc70339ccf,human_relevance_and_currentness_review_required
M151135-OQ03,M151135,151135,Software Development Manager,OPEN-30S-008,GITHUB-30SECONDS-INTERVIEWS,javascript,"Create a standalone function `bind` that is functionally equivalent to the method `Function.prototype.bind`. ```js function example() { console.log(this) } const boundExample = bind(example, { a: true }) boundExample.call({ b: true }) // logs { a: true } ```","Role-title keyword matched open-question topic: javascript, node, software engineering questions",MIT-30SECONDS,https://github.com/Chalarangelo/30-seconds-of-interviews/tree/da235b6185721161b7ebc413075b76dc70339ccf,human_relevance_and_currentness_review_required
M151135-OQ04,M151135,151135,Software Development Manager,OPEN-30S-010,GITHUB-30SECONDS-INTERVIEWS,node; javascript,"How can you avoid callback hells? ```js getData(function(a) { getMoreData(a, function(b) { getMoreData(b, function(c) { getMoreData(c, function(d) { getMoreData(d, function(e) { // ... }) }) }) }) }) ```","Role-title keyword matched open-question topic: javascript, node, software engineering questions",MIT-30SECONDS,https://github.com/Chalarangelo/30-seconds-of-interviews/tree/da235b6185721161b7ebc413075b76dc70339ccf,human_relevance_and_currentness_review_required
M151135-OQ05,M151135,151135,Software Development Manager,OPEN-30S-011,GITHUB-30SECONDS-INTERVIEWS,react; javascript,What is the purpose of callback function as an argument of `setState`?,"Role-title keyword matched open-question topic: javascript, node, software engineering questions",MIT-30SECONDS,https://github.com/Chalarangelo/30-seconds-of-interviews/tree/da235b6185721161b7ebc413075b76dc70339ccf,human_relevance_and_currentness_review_required
M151135-OQ06,M151135,151135,Software Development Manager,OPEN-30S-012,GITHUB-30SECONDS-INTERVIEWS,react; javascript,Which is the preferred option between callback refs and findDOMNode()?,"Role-title keyword matched open-question topic: javascript, node, software engineering questions",MIT-30SECONDS,https://github.com/Chalarangelo/30-seconds-of-interviews/tree/da235b6185721161b7ebc413075b76dc70339ccf,human_relevance_and_currentness_review_required
M151135-OQ07,M151135,151135,Software Development Manager,OPEN-30S-013,GITHUB-30SECONDS-INTERVIEWS,javascript,What is a callback? Can you show an example using one?,"Role-title keyword matched open-question topic: javascript, node, software engineering questions",MIT-30SECONDS,https://github.com/Chalarangelo/30-seconds-of-interviews/tree/da235b6185721161b7ebc413075b76dc70339ccf,human_relevance_and_currentness_review_required
M151135-OQ08,M151135,151135,Software Development Manager,OPEN-30S-014,GITHUB-30SECONDS-INTERVIEWS,react; javascript,What is the `children` prop?,"Role-title keyword matched open-question topic: javascript, node, software engineering questions",MIT-30SECONDS,https://github.com/Chalarangelo/30-seconds-of-interviews/tree/da235b6185721161b7ebc413075b76dc70339ccf,human_relevance_and_currentness_review_required
M212101-OQ01,M212101,212101,Statistician,OPEN-CONT-001,GITHUB-CONTINUUM-INTERVIEW-QUESTIONS,Software Engineering Questions,What was your most memorable debugging experience? Can be any language.,"Role-title keyword matched open-question topic: relational databases, software engineering questions",CC-BY-SA-4.0-CONTINUUM,https://github.com/ContinuumIO/interview-questions/tree/a22ec7982062ce5c3bad162495452e5738ae3220,human_relevance_and_currentness_review_required
M212101-OQ02,M212101,212101,Statistician,OPEN-CONT-002,GITHUB-CONTINUUM-INTERVIEW-QUESTIONS,Software Engineering Questions,"What tools are in your toolkit with regards to debugging? How do you normally debug: a) your own code, b) someone else's code (or foreign code bases). Ideally cover Python debugging and a compiled language (C/C++ ideal).","Role-title keyword matched open-question topic: relational databases, software engineering questions",CC-BY-SA-4.0-CONTINUUM,https://github.com/ContinuumIO/interview-questions/tree/a22ec7982062ce5c3bad162495452e5738ae3220,human_relevance_and_currentness_review_required
M212101-OQ03,M212101,212101,Statistician,OPEN-CONT-003,GITHUB-CONTINUUM-INTERVIEW-QUESTIONS,Software Engineering Questions,"Tell us about a chunk of code that you've written before that you're particularly fond of. What do you like about it? (e.g. elegant, evil, clever, simple) (This is along the lines of the 'http://stilldrinking.org/programming-sucks -> All Code is bad' section.)","Role-title keyword matched open-question topic: relational databases, software engineering questions",CC-BY-SA-4.0-CONTINUUM,https://github.com/ContinuumIO/interview-questions/tree/a22ec7982062ce5c3bad162495452e5738ae3220,human_relevance_and_currentness_review_required
M212101-OQ04,M212101,212101,Statistician,OPEN-CONT-004,GITHUB-CONTINUUM-INTERVIEW-QUESTIONS,Software Engineering Questions,Tell us about a past project that you were particularly proud/fond of from a technical perspective. What did you like about it technically?,"Role-title keyword matched open-question topic: relational databases, software engineering questions",CC-BY-SA-4.0-CONTINUUM,https://github.com/ContinuumIO/interview-questions/tree/a22ec7982062ce5c3bad162495452e5738ae3220,human_relevance_and_currentness_review_required
M212101-OQ05,M212101,212101,Statistician,OPEN-CONT-005,GITHUB-CONTINUUM-INTERVIEW-QUESTIONS,Software Engineering Questions,Worst code base you've ever come across? What were some of the issues? How did you rectify them?,"Role-title keyword matched open-question topic: relational databases, software engineering questions",CC-BY-SA-4.0-CONTINUUM,https://github.com/ContinuumIO/interview-questions/tree/a22ec7982062ce5c3bad162495452e5738ae3220,human_relevance_and_currentness_review_required
M212101-OQ06,M212101,212101,Statistician,OPEN-CONT-006,GITHUB-CONTINUUM-INTERVIEW-QUESTIONS,Software Engineering Questions,"Tell us about a project that required a novel, thinking-out-side-of-the-box sort of solution? What did you come up with? Why was it better than the alternatives?","Role-title keyword matched open-question topic: relational databases, software engineering questions",CC-BY-SA-4.0-CONTINUUM,https://github.com/ContinuumIO/interview-questions/tree/a22ec7982062ce5c3bad162495452e5738ae3220,human_relevance_and_currentness_review_required
M212101-OQ07,M212101,212101,Statistician,OPEN-CONT-007,GITHUB-CONTINUUM-INTERVIEW-QUESTIONS,Software Engineering Questions,"Describe your ideal development environment (platform, tools, editor, IDEs, compilers, language, database vendor, etc).","Role-title keyword matched open-question topic: relational databases, software engineering questions",CC-BY-SA-4.0-CONTINUUM,https://github.com/ContinuumIO/interview-questions/tree/a22ec7982062ce5c3bad162495452e5738ae3220,human_relevance_and_currentness_review_required
M212101-OQ08,M212101,212101,Statistician,OPEN-CONT-008,GITHUB-CONTINUUM-INTERVIEW-QUESTIONS,Software Engineering Questions,What tools do you have customized dotfiles for? Do you have the dotfiles available publicly?,"Role-title keyword matched open-question topic: relational databases, software engineering questions",CC-BY-SA-4.0-CONTINUUM,https://github.com/ContinuumIO/interview-questions/tree/a22ec7982062ce5c3bad162495452e5738ae3220,human_relevance_and_currentness_review_required
M212106-OQ01,M212106,212106,"Statistician, Applied Statistics",OPEN-CONT-001,GITHUB-CONTINUUM-INTERVIEW-QUESTIONS,Software Engineering Questions,What was your most memorable debugging experience? Can be any language.,"Role-title keyword matched open-question topic: relational databases, software engineering questions",CC-BY-SA-4.0-CONTINUUM,https://github.com/ContinuumIO/interview-questions/tree/a22ec7982062ce5c3bad162495452e5738ae3220,human_relevance_and_currentness_review_required
M212106-OQ02,M212106,212106,"Statistician, Applied Statistics",OPEN-CONT-002,GITHUB-CONTINUUM-INTERVIEW-QUESTIONS,Software Engineering Questions,"What tools are in your toolkit with regards to debugging? How do you normally debug: a) your own code, b) someone else's code (or foreign code bases). Ideally cover Python debugging and a compiled language (C/C++ ideal).","Role-title keyword matched open-question topic: relational databases, software engineering questions",CC-BY-SA-4.0-CONTINUUM,https://github.com/ContinuumIO/interview-questions/tree/a22ec7982062ce5c3bad162495452e5738ae3220,human_relevance_and_currentness_review_required
M212106-OQ03,M212106,212106,"Statistician, Applied Statistics",OPEN-CONT-003,GITHUB-CONTINUUM-INTERVIEW-QUESTIONS,Software Engineering Questions,"Tell us about a chunk of code that you've written before that you're particularly fond of. What do you like about it? (e.g. elegant, evil, clever, simple) (This is along the lines of the 'http://stilldrinking.org/programming-sucks -> All Code is bad' section.)","Role-title keyword matched open-question topic: relational databases, software engineering questions",CC-BY-SA-4.0-CONTINUUM,https://github.com/ContinuumIO/interview-questions/tree/a22ec7982062ce5c3bad162495452e5738ae3220,human_relevance_and_currentness_review_required
M212106-OQ04,M212106,212106,"Statistician, Applied Statistics",OPEN-CONT-004,GITHUB-CONTINUUM-INTERVIEW-QUESTIONS,Software Engineering Questions,Tell us about a past project that you were particularly proud/fond of from a technical perspective. What did you like about it technically?,"Role-title keyword matched open-question topic: relational databases, software engineering questions",CC-BY-SA-4.0-CONTINUUM,https://github.com/ContinuumIO/interview-questions/tree/a22ec7982062ce5c3bad162495452e5738ae3220,human_relevance_and_currentness_review_required
M212106-OQ05,M212106,212106,"Statistician, Applied Statistics",OPEN-CONT-005,GITHUB-CONTINUUM-INTERVIEW-QUESTIONS,Software Engineering Questions,Worst code base you've ever come across? What were some of the issues? How did you rectify them?,"Role-title keyword matched open-question topic: relational databases, software engineering questions",CC-BY-SA-4.0-CONTINUUM,https://github.com/ContinuumIO/interview-questions/tree/a22ec7982062ce5c3bad162495452e5738ae3220,human_relevance_and_currentness_review_required
M212106-OQ06,M212106,212106,"Statistician, Applied Statistics",OPEN-CONT-006,GITHUB-CONTINUUM-INTERVIEW-QUESTIONS,Software Engineering Questions,"Tell us about a project that required a novel, thinking-out-side-of-the-box sort of solution? What did you come up with? Why was it better than the alternatives?","Role-title keyword matched open-question topic: relational databases, software engineering questions",CC-BY-SA-4.0-CONTINUUM,https://github.com/ContinuumIO/interview-questions/tree/a22ec7982062ce5c3bad162495452e5738ae3220,human_relevance_and_currentness_review_required
M212106-OQ07,M212106,212106,"Statistician, Applied Statistics",OPEN-CONT-007,GITHUB-CONTINUUM-INTERVIEW-QUESTIONS,Software Engineering Questions,"Describe your ideal development environment (platform, tools, editor, IDEs, compilers, language, database vendor, etc).","Role-title keyword matched open-question topic: relational databases, software engineering questions",CC-BY-SA-4.0-CONTINUUM,https://github.com/ContinuumIO/interview-questions/tree/a22ec7982062ce5c3bad162495452e5738ae3220,human_relevance_and_currentness_review_required
M212106-OQ08,M212106,212106,"Statistician, Applied Statistics",OPEN-CONT-008,GITHUB-CONTINUUM-INTERVIEW-QUESTIONS,Software Engineering Questions,What tools do you have customized dotfiles for? Do you have the dotfiles available publicly?,"Role-title keyword matched open-question topic: relational databases, software engineering questions",CC-BY-SA-4.0-CONTINUUM,https://github.com/ContinuumIO/interview-questions/tree/a22ec7982062ce5c3bad162495452e5738ae3220,human_relevance_and_currentness_review_required
M221266-OQ01,M221266,221266,Application Specialist (Hematology),OPEN-30S-005,GITHUB-30SECONDS-INTERVIEWS,javascript,"Create a function `batches` that returns the maximum number of whole batches that can be cooked from a recipe. ```js /** It accepts two objects as arguments: the first object is the recipe for the food, while the second object is the available ingredients. Each ingredient's value is a number representing how many units there are. `batches(recipe, available)` */ // 0 batches can be made batches( { milk: 100, butter: 50, flour: 5 }, { milk: 132, butter: 48, flour: 51 } ) batches( { milk: 100, flour: 4, sugar: 10, butter: 5 }, { milk: 1288, flour: 9, sugar: 95 } ) // 1 batch can be made batches( { milk: 100, butter: 50, cheese: 10 }, { milk: 198, butter: 52, cheese: 10 } ) // 2 batches can be made batches( { milk: 2, sugar: 40, butter: 20 }, { milk: 5, sugar: 120, butter: 500 } ) ```","Role-title keyword matched open-question topic: javascript, node, software engineering questions",MIT-30SECONDS,https://github.com/Chalarangelo/30-seconds-of-interviews/tree/da235b6185721161b7ebc413075b76dc70339ccf,human_relevance_and_currentness_review_required
M221266-OQ02,M221266,221266,Application Specialist (Hematology),OPEN-30S-007,GITHUB-30SECONDS-INTERVIEWS,javascript,What is Big O Notation?,"Role-title keyword matched open-question topic: javascript, node, software engineering questions",MIT-30SECONDS,https://github.com/Chalarangelo/30-seconds-of-interviews/tree/da235b6185721161b7ebc413075b76dc70339ccf,human_relevance_and_currentness_review_required
M221266-OQ03,M221266,221266,Application Specialist (Hematology),OPEN-30S-008,GITHUB-30SECONDS-INTERVIEWS,javascript,"Create a standalone function `bind` that is functionally equivalent to the method `Function.prototype.bind`. ```js function example() { console.log(this) } const boundExample = bind(example, { a: true }) boundExample.call({ b: true }) // logs { a: true } ```","Role-title keyword matched open-question topic: javascript, node, software engineering questions",MIT-30SECONDS,https://github.com/Chalarangelo/30-seconds-of-interviews/tree/da235b6185721161b7ebc413075b76dc70339ccf,human_relevance_and_currentness_review_required
M221266-OQ04,M221266,221266,Application Specialist (Hematology),OPEN-30S-010,GITHUB-30SECONDS-INTERVIEWS,node; javascript,"How can you avoid callback hells? ```js getData(function(a) { getMoreData(a, function(b) { getMoreData(b, function(c) { getMoreData(c, function(d) { getMoreData(d, function(e) { // ... }) }) }) }) }) ```","Role-title keyword matched open-question topic: javascript, node, software engineering questions",MIT-30SECONDS,https://github.com/Chalarangelo/30-seconds-of-interviews/tree/da235b6185721161b7ebc413075b76dc70339ccf,human_relevance_and_currentness_review_required
M221266-OQ05,M221266,221266,Application Specialist (Hematology),OPEN-30S-011,GITHUB-30SECONDS-INTERVIEWS,react; javascript,What is the purpose of callback function as an argument of `setState`?,"Role-title keyword matched open-question topic: javascript, node, software engineering questions",MIT-30SECONDS,https://github.com/Chalarangelo/30-seconds-of-interviews/tree/da235b6185721161b7ebc413075b76dc70339ccf,human_relevance_and_currentness_review_required
M221266-OQ06,M221266,221266,Application Specialist (Hematology),OPEN-30S-012,GITHUB-30SECONDS-INTERVIEWS,react; javascript,Which is the preferred option between callback refs and findDOMNode()?,"Role-title keyword matched open-question topic: javascript, node, software engineering questions",MIT-30SECONDS,https://github.com/Chalarangelo/30-seconds-of-interviews/tree/da235b6185721161b7ebc413075b76dc70339ccf,human_relevance_and_currentness_review_required
M221266-OQ07,M221266,221266,Application Specialist (Hematology),OPEN-30S-013,GITHUB-30SECONDS-INTERVIEWS,javascript,What is a callback? Can you show an example using one?,"Role-title keyword matched open-question topic: javascript, node, software engineering questions",MIT-30SECONDS,https://github.com/Chalarangelo/30-seconds-of-interviews/tree/da235b6185721161b7ebc413075b76dc70339ccf,human_relevance_and_currentness_review_required
M221266-OQ08,M221266,221266,Application Specialist (Hematology),OPEN-30S-014,GITHUB-30SECONDS-INTERVIEWS,react; javascript,What is the `children` prop?,"Role-title keyword matched open-question topic: javascript, node, software engineering questions",MIT-30SECONDS,https://github.com/Chalarangelo/30-seconds-of-interviews/tree/da235b6185721161b7ebc413075b76dc70339ccf,human_relevance_and_currentness_review_required
M239303-OQ01,M239303,239303,Software Trainer,OPEN-30S-005,GITHUB-30SECONDS-INTERVIEWS,javascript,"Create a function `batches` that returns the maximum number of whole batches that can be cooked from a recipe. ```js /** It accepts two objects as arguments: the first object is the recipe for the food, while the second object is the available ingredients. Each ingredient's value is a number representing how many units there are. `batches(recipe, available)` */ // 0 batches can be made batches( { milk: 100, butter: 50, flour: 5 }, { milk: 132, butter: 48, flour: 51 } ) batches( { milk: 100, flour: 4, sugar: 10, butter: 5 }, { milk: 1288, flour: 9, sugar: 95 } ) // 1 batch can be made batches( { milk: 100, butter: 50, cheese: 10 }, { milk: 198, butter: 52, cheese: 10 } ) // 2 batches can be made batches( { milk: 2, sugar: 40, butter: 20 }, { milk: 5, sugar: 120, butter: 500 } ) ```","Role-title keyword matched open-question topic: javascript, node, software engineering questions",MIT-30SECONDS,https://github.com/Chalarangelo/30-seconds-of-interviews/tree/da235b6185721161b7ebc413075b76dc70339ccf,human_relevance_and_currentness_review_required
M239303-OQ02,M239303,239303,Software Trainer,OPEN-30S-007,GITHUB-30SECONDS-INTERVIEWS,javascript,What is Big O Notation?,"Role-title keyword matched open-question topic: javascript, node, software engineering questions",MIT-30SECONDS,https://github.com/Chalarangelo/30-seconds-of-interviews/tree/da235b6185721161b7ebc413075b76dc70339ccf,human_relevance_and_currentness_review_required
M239303-OQ03,M239303,239303,Software Trainer,OPEN-30S-008,GITHUB-30SECONDS-INTERVIEWS,javascript,"Create a standalone function `bind` that is functionally equivalent to the method `Function.prototype.bind`. ```js function example() { console.log(this) } const boundExample = bind(example, { a: true }) boundExample.call({ b: true }) // logs { a: true } ```","Role-title keyword matched open-question topic: javascript, node, software engineering questions",MIT-30SECONDS,https://github.com/Chalarangelo/30-seconds-of-interviews/tree/da235b6185721161b7ebc413075b76dc70339ccf,human_relevance_and_currentness_review_required
M239303-OQ04,M239303,239303,Software Trainer,OPEN-30S-010,GITHUB-30SECONDS-INTERVIEWS,node; javascript,"How can you avoid callback hells? ```js getData(function(a) { getMoreData(a, function(b) { getMoreData(b, function(c) { getMoreData(c, function(d) { getMoreData(d, function(e) { // ... }) }) }) }) }) ```","Role-title keyword matched open-question topic: javascript, node, software engineering questions",MIT-30SECONDS,https://github.com/Chalarangelo/30-seconds-of-interviews/tree/da235b6185721161b7ebc413075b76dc70339ccf,human_relevance_and_currentness_review_required
M239303-OQ05,M239303,239303,Software Trainer,OPEN-30S-011,GITHUB-30SECONDS-INTERVIEWS,react; javascript,What is the purpose of callback function as an argument of `setState`?,"Role-title keyword matched open-question topic: javascript, node, software engineering questions",MIT-30SECONDS,https://github.com/Chalarangelo/30-seconds-of-interviews/tree/da235b6185721161b7ebc413075b76dc70339ccf,human_relevance_and_currentness_review_required
M239303-OQ06,M239303,239303,Software Trainer,OPEN-30S-012,GITHUB-30SECONDS-INTERVIEWS,react; javascript,Which is the preferred option between callback refs and findDOMNode()?,"Role-title keyword matched open-question topic: javascript, node, software engineering questions",MIT-30SECONDS,https://github.com/Chalarangelo/30-seconds-of-interviews/tree/da235b6185721161b7ebc413075b76dc70339ccf,human_relevance_and_currentness_review_required
M239303-OQ07,M239303,239303,Software Trainer,OPEN-30S-013,GITHUB-30SECONDS-INTERVIEWS,javascript,What is a callback? Can you show an example using one?,"Role-title keyword matched open-question topic: javascript, node, software engineering questions",MIT-30SECONDS,https://github.com/Chalarangelo/30-seconds-of-interviews/tree/da235b6185721161b7ebc413075b76dc70339ccf,human_relevance_and_currentness_review_required
M239303-OQ08,M239303,239303,Software Trainer,OPEN-30S-014,GITHUB-30SECONDS-INTERVIEWS,react; javascript,What is the `children` prop?,"Role-title keyword matched open-question topic: javascript, node, software engineering questions",MIT-30SECONDS,https://github.com/Chalarangelo/30-seconds-of-interviews/tree/da235b6185721161b7ebc413075b76dc70339ccf,human_relevance_and_currentness_review_required
M251142-OQ01,M251142,251142,Register Transfer Level (RTL) Designer (Information Technology),OPEN-30S-005,GITHUB-30SECONDS-INTERVIEWS,javascript,"Create a function `batches` that returns the maximum number of whole batches that can be cooked from a recipe. ```js /** It accepts two objects as arguments: the first object is the recipe for the food, while the second object is the available ingredients. Each ingredient's value is a number representing how many units there are. `batches(recipe, available)` */ // 0 batches can be made batches( { milk: 100, butter: 50, flour: 5 }, { milk: 132, butter: 48, flour: 51 } ) batches( { milk: 100, flour: 4, sugar: 10, butter: 5 }, { milk: 1288, flour: 9, sugar: 95 } ) // 1 batch can be made batches( { milk: 100, butter: 50, cheese: 10 }, { milk: 198, butter: 52, cheese: 10 } ) // 2 batches can be made batches( { milk: 2, sugar: 40, butter: 20 }, { milk: 5, sugar: 120, butter: 500 } ) ```","Role-title keyword matched open-question topic: javascript, node, software engineering questions",MIT-30SECONDS,https://github.com/Chalarangelo/30-seconds-of-interviews/tree/da235b6185721161b7ebc413075b76dc70339ccf,human_relevance_and_currentness_review_required
M251142-OQ02,M251142,251142,Register Transfer Level (RTL) Designer (Information Technology),OPEN-30S-007,GITHUB-30SECONDS-INTERVIEWS,javascript,What is Big O Notation?,"Role-title keyword matched open-question topic: javascript, node, software engineering questions",MIT-30SECONDS,https://github.com/Chalarangelo/30-seconds-of-interviews/tree/da235b6185721161b7ebc413075b76dc70339ccf,human_relevance_and_currentness_review_required
M251142-OQ03,M251142,251142,Register Transfer Level (RTL) Designer (Information Technology),OPEN-30S-008,GITHUB-30SECONDS-INTERVIEWS,javascript,"Create a standalone function `bind` that is functionally equivalent to the method `Function.prototype.bind`. ```js function example() { console.log(this) } const boundExample = bind(example, { a: true }) boundExample.call({ b: true }) // logs { a: true } ```","Role-title keyword matched open-question topic: javascript, node, software engineering questions",MIT-30SECONDS,https://github.com/Chalarangelo/30-seconds-of-interviews/tree/da235b6185721161b7ebc413075b76dc70339ccf,human_relevance_and_currentness_review_required
M251142-OQ04,M251142,251142,Register Transfer Level (RTL) Designer (Information Technology),OPEN-30S-010,GITHUB-30SECONDS-INTERVIEWS,node; javascript,"How can you avoid callback hells? ```js getData(function(a) { getMoreData(a, function(b) { getMoreData(b, function(c) { getMoreData(c, function(d) { getMoreData(d, function(e) { // ... }) }) }) }) }) ```","Role-title keyword matched open-question topic: javascript, node, software engineering questions",MIT-30SECONDS,https://github.com/Chalarangelo/30-seconds-of-interviews/tree/da235b6185721161b7ebc413075b76dc70339ccf,human_relevance_and_currentness_review_required
M251142-OQ05,M251142,251142,Register Transfer Level (RTL) Designer (Information Technology),OPEN-30S-011,GITHUB-30SECONDS-INTERVIEWS,react; javascript,What is the purpose of callback function as an argument of `setState`?,"Role-title keyword matched open-question topic: javascript, node, software engineering questions",MIT-30SECONDS,https://github.com/Chalarangelo/30-seconds-of-interviews/tree/da235b6185721161b7ebc413075b76dc70339ccf,human_relevance_and_currentness_review_required
M251142-OQ06,M251142,251142,Register Transfer Level (RTL) Designer (Information Technology),OPEN-30S-012,GITHUB-30SECONDS-INTERVIEWS,react; javascript,Which is the preferred option between callback refs and findDOMNode()?,"Role-title keyword matched open-question topic: javascript, node, software engineering questions",MIT-30SECONDS,https://github.com/Chalarangelo/30-seconds-of-interviews/tree/da235b6185721161b7ebc413075b76dc70339ccf,human_relevance_and_currentness_review_required
M251142-OQ07,M251142,251142,Register Transfer Level (RTL) Designer (Information Technology),OPEN-30S-013,GITHUB-30SECONDS-INTERVIEWS,javascript,What is a callback? Can you show an example using one?,"Role-title keyword matched open-question topic: javascript, node, software engineering questions",MIT-30SECONDS,https://github.com/Chalarangelo/30-seconds-of-interviews/tree/da235b6185721161b7ebc413075b76dc70339ccf,human_relevance_and_currentness_review_required
M251142-OQ08,M251142,251142,Register Transfer Level (RTL) Designer (Information Technology),OPEN-30S-014,GITHUB-30SECONDS-INTERVIEWS,react; javascript,What is the `children` prop?,"Role-title keyword matched open-question topic: javascript, node, software engineering questions",MIT-30SECONDS,https://github.com/Chalarangelo/30-seconds-of-interviews/tree/da235b6185721161b7ebc413075b76dc70339ccf,human_relevance_and_currentness_review_required
M251144-OQ01,M251144,251144,Design Engineer (Information Technology),OPEN-30S-005,GITHUB-30SECONDS-INTERVIEWS,javascript,"Create a function `batches` that returns the maximum number of whole batches that can be cooked from a recipe. ```js /** It accepts two objects as arguments: the first object is the recipe for the food, while the second object is the available ingredients. Each ingredient's value is a number representing how many units there are. `batches(recipe, available)` */ // 0 batches can be made batches( { milk: 100, butter: 50, flour: 5 }, { milk: 132, butter: 48, flour: 51 } ) batches( { milk: 100, flour: 4, sugar: 10, butter: 5 }, { milk: 1288, flour: 9, sugar: 95 } ) // 1 batch can be made batches( { milk: 100, butter: 50, cheese: 10 }, { milk: 198, butter: 52, cheese: 10 } ) // 2 batches can be made batches( { milk: 2, sugar: 40, butter: 20 }, { milk: 5, sugar: 120, butter: 500 } ) ```","Role-title keyword matched open-question topic: javascript, node, software engineering questions",MIT-30SECONDS,https://github.com/Chalarangelo/30-seconds-of-interviews/tree/da235b6185721161b7ebc413075b76dc70339ccf,human_relevance_and_currentness_review_required
M251144-OQ02,M251144,251144,Design Engineer (Information Technology),OPEN-30S-007,GITHUB-30SECONDS-INTERVIEWS,javascript,What is Big O Notation?,"Role-title keyword matched open-question topic: javascript, node, software engineering questions",MIT-30SECONDS,https://github.com/Chalarangelo/30-seconds-of-interviews/tree/da235b6185721161b7ebc413075b76dc70339ccf,human_relevance_and_currentness_review_required
M251144-OQ03,M251144,251144,Design Engineer (Information Technology),OPEN-30S-008,GITHUB-30SECONDS-INTERVIEWS,javascript,"Create a standalone function `bind` that is functionally equivalent to the method `Function.prototype.bind`. ```js function example() { console.log(this) } const boundExample = bind(example, { a: true }) boundExample.call({ b: true }) // logs { a: true } ```","Role-title keyword matched open-question topic: javascript, node, software engineering questions",MIT-30SECONDS,https://github.com/Chalarangelo/30-seconds-of-interviews/tree/da235b6185721161b7ebc413075b76dc70339ccf,human_relevance_and_currentness_review_required
M251144-OQ04,M251144,251144,Design Engineer (Information Technology),OPEN-30S-010,GITHUB-30SECONDS-INTERVIEWS,node; javascript,"How can you avoid callback hells? ```js getData(function(a) { getMoreData(a, function(b) { getMoreData(b, function(c) { getMoreData(c, function(d) { getMoreData(d, function(e) { // ... }) }) }) }) }) ```","Role-title keyword matched open-question topic: javascript, node, software engineering questions",MIT-30SECONDS,https://github.com/Chalarangelo/30-seconds-of-interviews/tree/da235b6185721161b7ebc413075b76dc70339ccf,human_relevance_and_currentness_review_required
M251144-OQ05,M251144,251144,Design Engineer (Information Technology),OPEN-30S-011,GITHUB-30SECONDS-INTERVIEWS,react; javascript,What is the purpose of callback function as an argument of `setState`?,"Role-title keyword matched open-question topic: javascript, node, software engineering questions",MIT-30SECONDS,https://github.com/Chalarangelo/30-seconds-of-interviews/tree/da235b6185721161b7ebc413075b76dc70339ccf,human_relevance_and_currentness_review_required
M251144-OQ06,M251144,251144,Design Engineer (Information Technology),OPEN-30S-012,GITHUB-30SECONDS-INTERVIEWS,react; javascript,Which is the preferred option between callback refs and findDOMNode()?,"Role-title keyword matched open-question topic: javascript, node, software engineering questions",MIT-30SECONDS,https://github.com/Chalarangelo/30-seconds-of-interviews/tree/da235b6185721161b7ebc413075b76dc70339ccf,human_relevance_and_currentness_review_required
M251144-OQ07,M251144,251144,Design Engineer (Information Technology),OPEN-30S-013,GITHUB-30SECONDS-INTERVIEWS,javascript,What is a callback? Can you show an example using one?,"Role-title keyword matched open-question topic: javascript, node, software engineering questions",MIT-30SECONDS,https://github.com/Chalarangelo/30-seconds-of-interviews/tree/da235b6185721161b7ebc413075b76dc70339ccf,human_relevance_and_currentness_review_required
M251144-OQ08,M251144,251144,Design Engineer (Information Technology),OPEN-30S-014,GITHUB-30SECONDS-INTERVIEWS,react; javascript,What is the `children` prop?,"Role-title keyword matched open-question topic: javascript, node, software engineering questions",MIT-30SECONDS,https://github.com/Chalarangelo/30-seconds-of-interviews/tree/da235b6185721161b7ebc413075b76dc70339ccf,human_relevance_and_currentness_review_required
M251201-OQ01,M251201,251201,Software Developer,OPEN-30S-005,GITHUB-30SECONDS-INTERVIEWS,javascript,"Create a function `batches` that returns the maximum number of whole batches that can be cooked from a recipe. ```js /** It accepts two objects as arguments: the first object is the recipe for the food, while the second object is the available ingredients. Each ingredient's value is a number representing how many units there are. `batches(recipe, available)` */ // 0 batches can be made batches( { milk: 100, butter: 50, flour: 5 }, { milk: 132, butter: 48, flour: 51 } ) batches( { milk: 100, flour: 4, sugar: 10, butter: 5 }, { milk: 1288, flour: 9, sugar: 95 } ) // 1 batch can be made batches( { milk: 100, butter: 50, cheese: 10 }, { milk: 198, butter: 52, cheese: 10 } ) // 2 batches can be made batches( { milk: 2, sugar: 40, butter: 20 }, { milk: 5, sugar: 120, butter: 500 } ) ```","Role-title keyword matched open-question topic: javascript, node, software engineering questions",MIT-30SECONDS,https://github.com/Chalarangelo/30-seconds-of-interviews/tree/da235b6185721161b7ebc413075b76dc70339ccf,human_relevance_and_currentness_review_required
M251201-OQ02,M251201,251201,Software Developer,OPEN-30S-007,GITHUB-30SECONDS-INTERVIEWS,javascript,What is Big O Notation?,"Role-title keyword matched open-question topic: javascript, node, software engineering questions",MIT-30SECONDS,https://github.com/Chalarangelo/30-seconds-of-interviews/tree/da235b6185721161b7ebc413075b76dc70339ccf,human_relevance_and_currentness_review_required
M251201-OQ03,M251201,251201,Software Developer,OPEN-30S-008,GITHUB-30SECONDS-INTERVIEWS,javascript,"Create a standalone function `bind` that is functionally equivalent to the method `Function.prototype.bind`. ```js function example() { console.log(this) } const boundExample = bind(example, { a: true }) boundExample.call({ b: true }) // logs { a: true } ```","Role-title keyword matched open-question topic: javascript, node, software engineering questions",MIT-30SECONDS,https://github.com/Chalarangelo/30-seconds-of-interviews/tree/da235b6185721161b7ebc413075b76dc70339ccf,human_relevance_and_currentness_review_required
M251201-OQ04,M251201,251201,Software Developer,OPEN-30S-010,GITHUB-30SECONDS-INTERVIEWS,node; javascript,"How can you avoid callback hells? ```js getData(function(a) { getMoreData(a, function(b) { getMoreData(b, function(c) { getMoreData(c, function(d) { getMoreData(d, function(e) { // ... }) }) }) }) }) ```","Role-title keyword matched open-question topic: javascript, node, software engineering questions",MIT-30SECONDS,https://github.com/Chalarangelo/30-seconds-of-interviews/tree/da235b6185721161b7ebc413075b76dc70339ccf,human_relevance_and_currentness_review_required
M251201-OQ05,M251201,251201,Software Developer,OPEN-30S-011,GITHUB-30SECONDS-INTERVIEWS,react; javascript,What is the purpose of callback function as an argument of `setState`?,"Role-title keyword matched open-question topic: javascript, node, software engineering questions",MIT-30SECONDS,https://github.com/Chalarangelo/30-seconds-of-interviews/tree/da235b6185721161b7ebc413075b76dc70339ccf,human_relevance_and_currentness_review_required
M251201-OQ06,M251201,251201,Software Developer,OPEN-30S-012,GITHUB-30SECONDS-INTERVIEWS,react; javascript,Which is the preferred option between callback refs and findDOMNode()?,"Role-title keyword matched open-question topic: javascript, node, software engineering questions",MIT-30SECONDS,https://github.com/Chalarangelo/30-seconds-of-interviews/tree/da235b6185721161b7ebc413075b76dc70339ccf,human_relevance_and_currentness_review_required
M251201-OQ07,M251201,251201,Software Developer,OPEN-30S-013,GITHUB-30SECONDS-INTERVIEWS,javascript,What is a callback? Can you show an example using one?,"Role-title keyword matched open-question topic: javascript, node, software engineering questions",MIT-30SECONDS,https://github.com/Chalarangelo/30-seconds-of-interviews/tree/da235b6185721161b7ebc413075b76dc70339ccf,human_relevance_and_currentness_review_required
M251201-OQ08,M251201,251201,Software Developer,OPEN-30S-014,GITHUB-30SECONDS-INTERVIEWS,react; javascript,What is the `children` prop?,"Role-title keyword matched open-question topic: javascript, node, software engineering questions",MIT-30SECONDS,https://github.com/Chalarangelo/30-seconds-of-interviews/tree/da235b6185721161b7ebc413075b76dc70339ccf,human_relevance_and_currentness_review_required
M251219-OQ01,M251219,251219,Information Technology System Architect,OPEN-30S-005,GITHUB-30SECONDS-INTERVIEWS,javascript,"Create a function `batches` that returns the maximum number of whole batches that can be cooked from a recipe. ```js /** It accepts two objects as arguments: the first object is the recipe for the food, while the second object is the available ingredients. Each ingredient's value is a number representing how many units there are. `batches(recipe, available)` */ // 0 batches can be made batches( { milk: 100, butter: 50, flour: 5 }, { milk: 132, butter: 48, flour: 51 } ) batches( { milk: 100, flour: 4, sugar: 10, butter: 5 }, { milk: 1288, flour: 9, sugar: 95 } ) // 1 batch can be made batches( { milk: 100, butter: 50, cheese: 10 }, { milk: 198, butter: 52, cheese: 10 } ) // 2 batches can be made batches( { milk: 2, sugar: 40, butter: 20 }, { milk: 5, sugar: 120, butter: 500 } ) ```","Role-title keyword matched open-question topic: javascript, node, software engineering questions",MIT-30SECONDS,https://github.com/Chalarangelo/30-seconds-of-interviews/tree/da235b6185721161b7ebc413075b76dc70339ccf,human_relevance_and_currentness_review_required
M251219-OQ02,M251219,251219,Information Technology System Architect,OPEN-30S-007,GITHUB-30SECONDS-INTERVIEWS,javascript,What is Big O Notation?,"Role-title keyword matched open-question topic: javascript, node, software engineering questions",MIT-30SECONDS,https://github.com/Chalarangelo/30-seconds-of-interviews/tree/da235b6185721161b7ebc413075b76dc70339ccf,human_relevance_and_currentness_review_required
M251219-OQ03,M251219,251219,Information Technology System Architect,OPEN-30S-008,GITHUB-30SECONDS-INTERVIEWS,javascript,"Create a standalone function `bind` that is functionally equivalent to the method `Function.prototype.bind`. ```js function example() { console.log(this) } const boundExample = bind(example, { a: true }) boundExample.call({ b: true }) // logs { a: true } ```","Role-title keyword matched open-question topic: javascript, node, software engineering questions",MIT-30SECONDS,https://github.com/Chalarangelo/30-seconds-of-interviews/tree/da235b6185721161b7ebc413075b76dc70339ccf,human_relevance_and_currentness_review_required
M251219-OQ04,M251219,251219,Information Technology System Architect,OPEN-30S-010,GITHUB-30SECONDS-INTERVIEWS,node; javascript,"How can you avoid callback hells? ```js getData(function(a) { getMoreData(a, function(b) { getMoreData(b, function(c) { getMoreData(c, function(d) { getMoreData(d, function(e) { // ... }) }) }) }) }) ```","Role-title keyword matched open-question topic: javascript, node, software engineering questions",MIT-30SECONDS,https://github.com/Chalarangelo/30-seconds-of-interviews/tree/da235b6185721161b7ebc413075b76dc70339ccf,human_relevance_and_currentness_review_required
M251219-OQ05,M251219,251219,Information Technology System Architect,OPEN-30S-011,GITHUB-30SECONDS-INTERVIEWS,react; javascript,What is the purpose of callback function as an argument of `setState`?,"Role-title keyword matched open-question topic: javascript, node, software engineering questions",MIT-30SECONDS,https://github.com/Chalarangelo/30-seconds-of-interviews/tree/da235b6185721161b7ebc413075b76dc70339ccf,human_relevance_and_currentness_review_required
M251219-OQ06,M251219,251219,Information Technology System Architect,OPEN-30S-012,GITHUB-30SECONDS-INTERVIEWS,react; javascript,Which is the preferred option between callback refs and findDOMNode()?,"Role-title keyword matched open-question topic: javascript, node, software engineering questions",MIT-30SECONDS,https://github.com/Chalarangelo/30-seconds-of-interviews/tree/da235b6185721161b7ebc413075b76dc70339ccf,human_relevance_and_currentness_review_required
M251219-OQ07,M251219,251219,Information Technology System Architect,OPEN-30S-013,GITHUB-30SECONDS-INTERVIEWS,javascript,What is a callback? Can you show an example using one?,"Role-title keyword matched open-question topic: javascript, node, software engineering questions",MIT-30SECONDS,https://github.com/Chalarangelo/30-seconds-of-interviews/tree/da235b6185721161b7ebc413075b76dc70339ccf,human_relevance_and_currentness_review_required
M251219-OQ08,M251219,251219,Information Technology System Architect,OPEN-30S-014,GITHUB-30SECONDS-INTERVIEWS,react; javascript,What is the `children` prop?,"Role-title keyword matched open-question topic: javascript, node, software engineering questions",MIT-30SECONDS,https://github.com/Chalarangelo/30-seconds-of-interviews/tree/da235b6185721161b7ebc413075b76dc70339ccf,human_relevance_and_currentness_review_required
M251301-OQ01,M251301,251301,Website Developer,OPEN-30S-005,GITHUB-30SECONDS-INTERVIEWS,javascript,"Create a function `batches` that returns the maximum number of whole batches that can be cooked from a recipe. ```js /** It accepts two objects as arguments: the first object is the recipe for the food, while the second object is the available ingredients. Each ingredient's value is a number representing how many units there are. `batches(recipe, available)` */ // 0 batches can be made batches( { milk: 100, butter: 50, flour: 5 }, { milk: 132, butter: 48, flour: 51 } ) batches( { milk: 100, flour: 4, sugar: 10, butter: 5 }, { milk: 1288, flour: 9, sugar: 95 } ) // 1 batch can be made batches( { milk: 100, butter: 50, cheese: 10 }, { milk: 198, butter: 52, cheese: 10 } ) // 2 batches can be made batches( { milk: 2, sugar: 40, butter: 20 }, { milk: 5, sugar: 120, butter: 500 } ) ```","Role-title keyword matched open-question topic: javascript, node, software engineering questions",MIT-30SECONDS,https://github.com/Chalarangelo/30-seconds-of-interviews/tree/da235b6185721161b7ebc413075b76dc70339ccf,human_relevance_and_currentness_review_required
M251301-OQ02,M251301,251301,Website Developer,OPEN-30S-007,GITHUB-30SECONDS-INTERVIEWS,javascript,What is Big O Notation?,"Role-title keyword matched open-question topic: javascript, node, software engineering questions",MIT-30SECONDS,https://github.com/Chalarangelo/30-seconds-of-interviews/tree/da235b6185721161b7ebc413075b76dc70339ccf,human_relevance_and_currentness_review_required
M251301-OQ03,M251301,251301,Website Developer,OPEN-30S-008,GITHUB-30SECONDS-INTERVIEWS,javascript,"Create a standalone function `bind` that is functionally equivalent to the method `Function.prototype.bind`. ```js function example() { console.log(this) } const boundExample = bind(example, { a: true }) boundExample.call({ b: true }) // logs { a: true } ```","Role-title keyword matched open-question topic: javascript, node, software engineering questions",MIT-30SECONDS,https://github.com/Chalarangelo/30-seconds-of-interviews/tree/da235b6185721161b7ebc413075b76dc70339ccf,human_relevance_and_currentness_review_required
M251301-OQ04,M251301,251301,Website Developer,OPEN-30S-010,GITHUB-30SECONDS-INTERVIEWS,node; javascript,"How can you avoid callback hells? ```js getData(function(a) { getMoreData(a, function(b) { getMoreData(b, function(c) { getMoreData(c, function(d) { getMoreData(d, function(e) { // ... }) }) }) }) }) ```","Role-title keyword matched open-question topic: javascript, node, software engineering questions",MIT-30SECONDS,https://github.com/Chalarangelo/30-seconds-of-interviews/tree/da235b6185721161b7ebc413075b76dc70339ccf,human_relevance_and_currentness_review_required
M251301-OQ05,M251301,251301,Website Developer,OPEN-30S-011,GITHUB-30SECONDS-INTERVIEWS,react; javascript,What is the purpose of callback function as an argument of `setState`?,"Role-title keyword matched open-question topic: javascript, node, software engineering questions",MIT-30SECONDS,https://github.com/Chalarangelo/30-seconds-of-interviews/tree/da235b6185721161b7ebc413075b76dc70339ccf,human_relevance_and_currentness_review_required
M251301-OQ06,M251301,251301,Website Developer,OPEN-30S-012,GITHUB-30SECONDS-INTERVIEWS,react; javascript,Which is the preferred option between callback refs and findDOMNode()?,"Role-title keyword matched open-question topic: javascript, node, software engineering questions",MIT-30SECONDS,https://github.com/Chalarangelo/30-seconds-of-interviews/tree/da235b6185721161b7ebc413075b76dc70339ccf,human_relevance_and_currentness_review_required
M251301-OQ07,M251301,251301,Website Developer,OPEN-30S-013,GITHUB-30SECONDS-INTERVIEWS,javascript,What is a callback? Can you show an example using one?,"Role-title keyword matched open-question topic: javascript, node, software engineering questions",MIT-30SECONDS,https://github.com/Chalarangelo/30-seconds-of-interviews/tree/da235b6185721161b7ebc413075b76dc70339ccf,human_relevance_and_currentness_review_required
M251301-OQ08,M251301,251301,Website Developer,OPEN-30S-014,GITHUB-30SECONDS-INTERVIEWS,react; javascript,What is the `children` prop?,"Role-title keyword matched open-question topic: javascript, node, software engineering questions",MIT-30SECONDS,https://github.com/Chalarangelo/30-seconds-of-interviews/tree/da235b6185721161b7ebc413075b76dc70339ccf,human_relevance_and_currentness_review_required
M251302-OQ01,M251302,251302,Internet/ Intranet Developer,OPEN-30S-005,GITHUB-30SECONDS-INTERVIEWS,javascript,"Create a function `batches` that returns the maximum number of whole batches that can be cooked from a recipe. ```js /** It accepts two objects as arguments: the first object is the recipe for the food, while the second object is the available ingredients. Each ingredient's value is a number representing how many units there are. `batches(recipe, available)` */ // 0 batches can be made batches( { milk: 100, butter: 50, flour: 5 }, { milk: 132, butter: 48, flour: 51 } ) batches( { milk: 100, flour: 4, sugar: 10, butter: 5 }, { milk: 1288, flour: 9, sugar: 95 } ) // 1 batch can be made batches( { milk: 100, butter: 50, cheese: 10 }, { milk: 198, butter: 52, cheese: 10 } ) // 2 batches can be made batches( { milk: 2, sugar: 40, butter: 20 }, { milk: 5, sugar: 120, butter: 500 } ) ```","Role-title keyword matched open-question topic: javascript, node, software engineering questions",MIT-30SECONDS,https://github.com/Chalarangelo/30-seconds-of-interviews/tree/da235b6185721161b7ebc413075b76dc70339ccf,human_relevance_and_currentness_review_required
M251302-OQ02,M251302,251302,Internet/ Intranet Developer,OPEN-30S-007,GITHUB-30SECONDS-INTERVIEWS,javascript,What is Big O Notation?,"Role-title keyword matched open-question topic: javascript, node, software engineering questions",MIT-30SECONDS,https://github.com/Chalarangelo/30-seconds-of-interviews/tree/da235b6185721161b7ebc413075b76dc70339ccf,human_relevance_and_currentness_review_required
M251302-OQ03,M251302,251302,Internet/ Intranet Developer,OPEN-30S-008,GITHUB-30SECONDS-INTERVIEWS,javascript,"Create a standalone function `bind` that is functionally equivalent to the method `Function.prototype.bind`. ```js function example() { console.log(this) } const boundExample = bind(example, { a: true }) boundExample.call({ b: true }) // logs { a: true } ```","Role-title keyword matched open-question topic: javascript, node, software engineering questions",MIT-30SECONDS,https://github.com/Chalarangelo/30-seconds-of-interviews/tree/da235b6185721161b7ebc413075b76dc70339ccf,human_relevance_and_currentness_review_required
M251302-OQ04,M251302,251302,Internet/ Intranet Developer,OPEN-30S-010,GITHUB-30SECONDS-INTERVIEWS,node; javascript,"How can you avoid callback hells? ```js getData(function(a) { getMoreData(a, function(b) { getMoreData(b, function(c) { getMoreData(c, function(d) { getMoreData(d, function(e) { // ... }) }) }) }) }) ```","Role-title keyword matched open-question topic: javascript, node, software engineering questions",MIT-30SECONDS,https://github.com/Chalarangelo/30-seconds-of-interviews/tree/da235b6185721161b7ebc413075b76dc70339ccf,human_relevance_and_currentness_review_required
M251302-OQ05,M251302,251302,Internet/ Intranet Developer,OPEN-30S-011,GITHUB-30SECONDS-INTERVIEWS,react; javascript,What is the purpose of callback function as an argument of `setState`?,"Role-title keyword matched open-question topic: javascript, node, software engineering questions",MIT-30SECONDS,https://github.com/Chalarangelo/30-seconds-of-interviews/tree/da235b6185721161b7ebc413075b76dc70339ccf,human_relevance_and_currentness_review_required
M251302-OQ06,M251302,251302,Internet/ Intranet Developer,OPEN-30S-012,GITHUB-30SECONDS-INTERVIEWS,react; javascript,Which is the preferred option between callback refs and findDOMNode()?,"Role-title keyword matched open-question topic: javascript, node, software engineering questions",MIT-30SECONDS,https://github.com/Chalarangelo/30-seconds-of-interviews/tree/da235b6185721161b7ebc413075b76dc70339ccf,human_relevance_and_currentness_review_required
M251302-OQ07,M251302,251302,Internet/ Intranet Developer,OPEN-30S-013,GITHUB-30SECONDS-INTERVIEWS,javascript,What is a callback? Can you show an example using one?,"Role-title keyword matched open-question topic: javascript, node, software engineering questions",MIT-30SECONDS,https://github.com/Chalarangelo/30-seconds-of-interviews/tree/da235b6185721161b7ebc413075b76dc70339ccf,human_relevance_and_currentness_review_required
M251302-OQ08,M251302,251302,Internet/ Intranet Developer,OPEN-30S-014,GITHUB-30SECONDS-INTERVIEWS,react; javascript,What is the `children` prop?,"Role-title keyword matched open-question topic: javascript, node, software engineering questions",MIT-30SECONDS,https://github.com/Chalarangelo/30-seconds-of-interviews/tree/da235b6185721161b7ebc413075b76dc70339ccf,human_relevance_and_currentness_review_required
M251401-OQ01,M251401,251401,Computer Programmer,OPEN-30S-005,GITHUB-30SECONDS-INTERVIEWS,javascript,"Create a function `batches` that returns the maximum number of whole batches that can be cooked from a recipe. ```js /** It accepts two objects as arguments: the first object is the recipe for the food, while the second object is the available ingredients. Each ingredient's value is a number representing how many units there are. `batches(recipe, available)` */ // 0 batches can be made batches( { milk: 100, butter: 50, flour: 5 }, { milk: 132, butter: 48, flour: 51 } ) batches( { milk: 100, flour: 4, sugar: 10, butter: 5 }, { milk: 1288, flour: 9, sugar: 95 } ) // 1 batch can be made batches( { milk: 100, butter: 50, cheese: 10 }, { milk: 198, butter: 52, cheese: 10 } ) // 2 batches can be made batches( { milk: 2, sugar: 40, butter: 20 }, { milk: 5, sugar: 120, butter: 500 } ) ```","Role-title keyword matched open-question topic: javascript, node, software engineering questions",MIT-30SECONDS,https://github.com/Chalarangelo/30-seconds-of-interviews/tree/da235b6185721161b7ebc413075b76dc70339ccf,human_relevance_and_currentness_review_required
M251401-OQ02,M251401,251401,Computer Programmer,OPEN-30S-007,GITHUB-30SECONDS-INTERVIEWS,javascript,What is Big O Notation?,"Role-title keyword matched open-question topic: javascript, node, software engineering questions",MIT-30SECONDS,https://github.com/Chalarangelo/30-seconds-of-interviews/tree/da235b6185721161b7ebc413075b76dc70339ccf,human_relevance_and_currentness_review_required
M251401-OQ03,M251401,251401,Computer Programmer,OPEN-30S-008,GITHUB-30SECONDS-INTERVIEWS,javascript,"Create a standalone function `bind` that is functionally equivalent to the method `Function.prototype.bind`. ```js function example() { console.log(this) } const boundExample = bind(example, { a: true }) boundExample.call({ b: true }) // logs { a: true } ```","Role-title keyword matched open-question topic: javascript, node, software engineering questions",MIT-30SECONDS,https://github.com/Chalarangelo/30-seconds-of-interviews/tree/da235b6185721161b7ebc413075b76dc70339ccf,human_relevance_and_currentness_review_required
M251401-OQ04,M251401,251401,Computer Programmer,OPEN-30S-010,GITHUB-30SECONDS-INTERVIEWS,node; javascript,"How can you avoid callback hells? ```js getData(function(a) { getMoreData(a, function(b) { getMoreData(b, function(c) { getMoreData(c, function(d) { getMoreData(d, function(e) { // ... }) }) }) }) }) ```","Role-title keyword matched open-question topic: javascript, node, software engineering questions",MIT-30SECONDS,https://github.com/Chalarangelo/30-seconds-of-interviews/tree/da235b6185721161b7ebc413075b76dc70339ccf,human_relevance_and_currentness_review_required
M251401-OQ05,M251401,251401,Computer Programmer,OPEN-30S-011,GITHUB-30SECONDS-INTERVIEWS,react; javascript,What is the purpose of callback function as an argument of `setState`?,"Role-title keyword matched open-question topic: javascript, node, software engineering questions",MIT-30SECONDS,https://github.com/Chalarangelo/30-seconds-of-interviews/tree/da235b6185721161b7ebc413075b76dc70339ccf,human_relevance_and_currentness_review_required
M251401-OQ06,M251401,251401,Computer Programmer,OPEN-30S-012,GITHUB-30SECONDS-INTERVIEWS,react; javascript,Which is the preferred option between callback refs and findDOMNode()?,"Role-title keyword matched open-question topic: javascript, node, software engineering questions",MIT-30SECONDS,https://github.com/Chalarangelo/30-seconds-of-interviews/tree/da235b6185721161b7ebc413075b76dc70339ccf,human_relevance_and_currentness_review_required
M251401-OQ07,M251401,251401,Computer Programmer,OPEN-30S-013,GITHUB-30SECONDS-INTERVIEWS,javascript,What is a callback? Can you show an example using one?,"Role-title keyword matched open-question topic: javascript, node, software engineering questions",MIT-30SECONDS,https://github.com/Chalarangelo/30-seconds-of-interviews/tree/da235b6185721161b7ebc413075b76dc70339ccf,human_relevance_and_currentness_review_required
M251401-OQ08,M251401,251401,Computer Programmer,OPEN-30S-014,GITHUB-30SECONDS-INTERVIEWS,react; javascript,What is the `children` prop?,"Role-title keyword matched open-question topic: javascript, node, software engineering questions",MIT-30SECONDS,https://github.com/Chalarangelo/30-seconds-of-interviews/tree/da235b6185721161b7ebc413075b76dc70339ccf,human_relevance_and_currentness_review_required
M251407-OQ01,M251407,251407,Systems Programmer,OPEN-30S-005,GITHUB-30SECONDS-INTERVIEWS,javascript,"Create a function `batches` that returns the maximum number of whole batches that can be cooked from a recipe. ```js /** It accepts two objects as arguments: the first object is the recipe for the food, while the second object is the available ingredients. Each ingredient's value is a number representing how many units there are. `batches(recipe, available)` */ // 0 batches can be made batches( { milk: 100, butter: 50, flour: 5 }, { milk: 132, butter: 48, flour: 51 } ) batches( { milk: 100, flour: 4, sugar: 10, butter: 5 }, { milk: 1288, flour: 9, sugar: 95 } ) // 1 batch can be made batches( { milk: 100, butter: 50, cheese: 10 }, { milk: 198, butter: 52, cheese: 10 } ) // 2 batches can be made batches( { milk: 2, sugar: 40, butter: 20 }, { milk: 5, sugar: 120, butter: 500 } ) ```","Role-title keyword matched open-question topic: javascript, node, software engineering questions",MIT-30SECONDS,https://github.com/Chalarangelo/30-seconds-of-interviews/tree/da235b6185721161b7ebc413075b76dc70339ccf,human_relevance_and_currentness_review_required
M251407-OQ02,M251407,251407,Systems Programmer,OPEN-30S-007,GITHUB-30SECONDS-INTERVIEWS,javascript,What is Big O Notation?,"Role-title keyword matched open-question topic: javascript, node, software engineering questions",MIT-30SECONDS,https://github.com/Chalarangelo/30-seconds-of-interviews/tree/da235b6185721161b7ebc413075b76dc70339ccf,human_relevance_and_currentness_review_required
M251407-OQ03,M251407,251407,Systems Programmer,OPEN-30S-008,GITHUB-30SECONDS-INTERVIEWS,javascript,"Create a standalone function `bind` that is functionally equivalent to the method `Function.prototype.bind`. ```js function example() { console.log(this) } const boundExample = bind(example, { a: true }) boundExample.call({ b: true }) // logs { a: true } ```","Role-title keyword matched open-question topic: javascript, node, software engineering questions",MIT-30SECONDS,https://github.com/Chalarangelo/30-seconds-of-interviews/tree/da235b6185721161b7ebc413075b76dc70339ccf,human_relevance_and_currentness_review_required
M251407-OQ04,M251407,251407,Systems Programmer,OPEN-30S-010,GITHUB-30SECONDS-INTERVIEWS,node; javascript,"How can you avoid callback hells? ```js getData(function(a) { getMoreData(a, function(b) { getMoreData(b, function(c) { getMoreData(c, function(d) { getMoreData(d, function(e) { // ... }) }) }) }) }) ```","Role-title keyword matched open-question topic: javascript, node, software engineering questions",MIT-30SECONDS,https://github.com/Chalarangelo/30-seconds-of-interviews/tree/da235b6185721161b7ebc413075b76dc70339ccf,human_relevance_and_currentness_review_required
M251407-OQ05,M251407,251407,Systems Programmer,OPEN-30S-011,GITHUB-30SECONDS-INTERVIEWS,react; javascript,What is the purpose of callback function as an argument of `setState`?,"Role-title keyword matched open-question topic: javascript, node, software engineering questions",MIT-30SECONDS,https://github.com/Chalarangelo/30-seconds-of-interviews/tree/da235b6185721161b7ebc413075b76dc70339ccf,human_relevance_and_currentness_review_required
M251407-OQ06,M251407,251407,Systems Programmer,OPEN-30S-012,GITHUB-30SECONDS-INTERVIEWS,react; javascript,Which is the preferred option between callback refs and findDOMNode()?,"Role-title keyword matched open-question topic: javascript, node, software engineering questions",MIT-30SECONDS,https://github.com/Chalarangelo/30-seconds-of-interviews/tree/da235b6185721161b7ebc413075b76dc70339ccf,human_relevance_and_currentness_review_required
M251407-OQ07,M251407,251407,Systems Programmer,OPEN-30S-013,GITHUB-30SECONDS-INTERVIEWS,javascript,What is a callback? Can you show an example using one?,"Role-title keyword matched open-question topic: javascript, node, software engineering questions",MIT-30SECONDS,https://github.com/Chalarangelo/30-seconds-of-interviews/tree/da235b6185721161b7ebc413075b76dc70339ccf,human_relevance_and_currentness_review_required
M251407-OQ08,M251407,251407,Systems Programmer,OPEN-30S-014,GITHUB-30SECONDS-INTERVIEWS,react; javascript,What is the `children` prop?,"Role-title keyword matched open-question topic: javascript, node, software engineering questions",MIT-30SECONDS,https://github.com/Chalarangelo/30-seconds-of-interviews/tree/da235b6185721161b7ebc413075b76dc70339ccf,human_relevance_and_currentness_review_required
M251419-OQ01,M251419,251419,C/C++ Programmer,OPEN-30S-005,GITHUB-30SECONDS-INTERVIEWS,javascript,"Create a function `batches` that returns the maximum number of whole batches that can be cooked from a recipe. ```js /** It accepts two objects as arguments: the first object is the recipe for the food, while the second object is the available ingredients. Each ingredient's value is a number representing how many units there are. `batches(recipe, available)` */ // 0 batches can be made batches( { milk: 100, butter: 50, flour: 5 }, { milk: 132, butter: 48, flour: 51 } ) batches( { milk: 100, flour: 4, sugar: 10, butter: 5 }, { milk: 1288, flour: 9, sugar: 95 } ) // 1 batch can be made batches( { milk: 100, butter: 50, cheese: 10 }, { milk: 198, butter: 52, cheese: 10 } ) // 2 batches can be made batches( { milk: 2, sugar: 40, butter: 20 }, { milk: 5, sugar: 120, butter: 500 } ) ```","Role-title keyword matched open-question topic: javascript, node, software engineering questions",MIT-30SECONDS,https://github.com/Chalarangelo/30-seconds-of-interviews/tree/da235b6185721161b7ebc413075b76dc70339ccf,human_relevance_and_currentness_review_required
M251419-OQ02,M251419,251419,C/C++ Programmer,OPEN-30S-007,GITHUB-30SECONDS-INTERVIEWS,javascript,What is Big O Notation?,"Role-title keyword matched open-question topic: javascript, node, software engineering questions",MIT-30SECONDS,https://github.com/Chalarangelo/30-seconds-of-interviews/tree/da235b6185721161b7ebc413075b76dc70339ccf,human_relevance_and_currentness_review_required
M251419-OQ03,M251419,251419,C/C++ Programmer,OPEN-30S-008,GITHUB-30SECONDS-INTERVIEWS,javascript,"Create a standalone function `bind` that is functionally equivalent to the method `Function.prototype.bind`. ```js function example() { console.log(this) } const boundExample = bind(example, { a: true }) boundExample.call({ b: true }) // logs { a: true } ```","Role-title keyword matched open-question topic: javascript, node, software engineering questions",MIT-30SECONDS,https://github.com/Chalarangelo/30-seconds-of-interviews/tree/da235b6185721161b7ebc413075b76dc70339ccf,human_relevance_and_currentness_review_required
M251419-OQ04,M251419,251419,C/C++ Programmer,OPEN-30S-010,GITHUB-30SECONDS-INTERVIEWS,node; javascript,"How can you avoid callback hells? ```js getData(function(a) { getMoreData(a, function(b) { getMoreData(b, function(c) { getMoreData(c, function(d) { getMoreData(d, function(e) { // ... }) }) }) }) }) ```","Role-title keyword matched open-question topic: javascript, node, software engineering questions",MIT-30SECONDS,https://github.com/Chalarangelo/30-seconds-of-interviews/tree/da235b6185721161b7ebc413075b76dc70339ccf,human_relevance_and_currentness_review_required
M251419-OQ05,M251419,251419,C/C++ Programmer,OPEN-30S-011,GITHUB-30SECONDS-INTERVIEWS,react; javascript,What is the purpose of callback function as an argument of `setState`?,"Role-title keyword matched open-question topic: javascript, node, software engineering questions",MIT-30SECONDS,https://github.com/Chalarangelo/30-seconds-of-interviews/tree/da235b6185721161b7ebc413075b76dc70339ccf,human_relevance_and_currentness_review_required
M251419-OQ06,M251419,251419,C/C++ Programmer,OPEN-30S-012,GITHUB-30SECONDS-INTERVIEWS,react; javascript,Which is the preferred option between callback refs and findDOMNode()?,"Role-title keyword matched open-question topic: javascript, node, software engineering questions",MIT-30SECONDS,https://github.com/Chalarangelo/30-seconds-of-interviews/tree/da235b6185721161b7ebc413075b76dc70339ccf,human_relevance_and_currentness_review_required
M251419-OQ07,M251419,251419,C/C++ Programmer,OPEN-30S-013,GITHUB-30SECONDS-INTERVIEWS,javascript,What is a callback? Can you show an example using one?,"Role-title keyword matched open-question topic: javascript, node, software engineering questions",MIT-30SECONDS,https://github.com/Chalarangelo/30-seconds-of-interviews/tree/da235b6185721161b7ebc413075b76dc70339ccf,human_relevance_and_currentness_review_required
M251419-OQ08,M251419,251419,C/C++ Programmer,OPEN-30S-014,GITHUB-30SECONDS-INTERVIEWS,react; javascript,What is the `children` prop?,"Role-title keyword matched open-question topic: javascript, node, software engineering questions",MIT-30SECONDS,https://github.com/Chalarangelo/30-seconds-of-interviews/tree/da235b6185721161b7ebc413075b76dc70339ccf,human_relevance_and_currentness_review_required
M251916-OQ01,M251916,251916,Information Technology Auditor,OPEN-30S-005,GITHUB-30SECONDS-INTERVIEWS,javascript,"Create a function `batches` that returns the maximum number of whole batches that can be cooked from a recipe. ```js /** It accepts two objects as arguments: the first object is the recipe for the food, while the second object is the available ingredients. Each ingredient's value is a number representing how many units there are. `batches(recipe, available)` */ // 0 batches can be made batches( { milk: 100, butter: 50, flour: 5 }, { milk: 132, butter: 48, flour: 51 } ) batches( { milk: 100, flour: 4, sugar: 10, butter: 5 }, { milk: 1288, flour: 9, sugar: 95 } ) // 1 batch can be made batches( { milk: 100, butter: 50, cheese: 10 }, { milk: 198, butter: 52, cheese: 10 } ) // 2 batches can be made batches( { milk: 2, sugar: 40, butter: 20 }, { milk: 5, sugar: 120, butter: 500 } ) ```","Role-title keyword matched open-question topic: javascript, node, software engineering questions",MIT-30SECONDS,https://github.com/Chalarangelo/30-seconds-of-interviews/tree/da235b6185721161b7ebc413075b76dc70339ccf,human_relevance_and_currentness_review_required
M251916-OQ02,M251916,251916,Information Technology Auditor,OPEN-30S-007,GITHUB-30SECONDS-INTERVIEWS,javascript,What is Big O Notation?,"Role-title keyword matched open-question topic: javascript, node, software engineering questions",MIT-30SECONDS,https://github.com/Chalarangelo/30-seconds-of-interviews/tree/da235b6185721161b7ebc413075b76dc70339ccf,human_relevance_and_currentness_review_required
M251916-OQ03,M251916,251916,Information Technology Auditor,OPEN-30S-008,GITHUB-30SECONDS-INTERVIEWS,javascript,"Create a standalone function `bind` that is functionally equivalent to the method `Function.prototype.bind`. ```js function example() { console.log(this) } const boundExample = bind(example, { a: true }) boundExample.call({ b: true }) // logs { a: true } ```","Role-title keyword matched open-question topic: javascript, node, software engineering questions",MIT-30SECONDS,https://github.com/Chalarangelo/30-seconds-of-interviews/tree/da235b6185721161b7ebc413075b76dc70339ccf,human_relevance_and_currentness_review_required
M251916-OQ04,M251916,251916,Information Technology Auditor,OPEN-30S-010,GITHUB-30SECONDS-INTERVIEWS,node; javascript,"How can you avoid callback hells? ```js getData(function(a) { getMoreData(a, function(b) { getMoreData(b, function(c) { getMoreData(c, function(d) { getMoreData(d, function(e) { // ... }) }) }) }) }) ```","Role-title keyword matched open-question topic: javascript, node, software engineering questions",MIT-30SECONDS,https://github.com/Chalarangelo/30-seconds-of-interviews/tree/da235b6185721161b7ebc413075b76dc70339ccf,human_relevance_and_currentness_review_required
M251916-OQ05,M251916,251916,Information Technology Auditor,OPEN-30S-011,GITHUB-30SECONDS-INTERVIEWS,react; javascript,What is the purpose of callback function as an argument of `setState`?,"Role-title keyword matched open-question topic: javascript, node, software engineering questions",MIT-30SECONDS,https://github.com/Chalarangelo/30-seconds-of-interviews/tree/da235b6185721161b7ebc413075b76dc70339ccf,human_relevance_and_currentness_review_required
M251916-OQ06,M251916,251916,Information Technology Auditor,OPEN-30S-012,GITHUB-30SECONDS-INTERVIEWS,react; javascript,Which is the preferred option between callback refs and findDOMNode()?,"Role-title keyword matched open-question topic: javascript, node, software engineering questions",MIT-30SECONDS,https://github.com/Chalarangelo/30-seconds-of-interviews/tree/da235b6185721161b7ebc413075b76dc70339ccf,human_relevance_and_currentness_review_required
M251916-OQ07,M251916,251916,Information Technology Auditor,OPEN-30S-013,GITHUB-30SECONDS-INTERVIEWS,javascript,What is a callback? Can you show an example using one?,"Role-title keyword matched open-question topic: javascript, node, software engineering questions",MIT-30SECONDS,https://github.com/Chalarangelo/30-seconds-of-interviews/tree/da235b6185721161b7ebc413075b76dc70339ccf,human_relevance_and_currentness_review_required
M251916-OQ08,M251916,251916,Information Technology Auditor,OPEN-30S-014,GITHUB-30SECONDS-INTERVIEWS,react; javascript,What is the `children` prop?,"Role-title keyword matched open-question topic: javascript, node, software engineering questions",MIT-30SECONDS,https://github.com/Chalarangelo/30-seconds-of-interviews/tree/da235b6185721161b7ebc413075b76dc70339ccf,human_relevance_and_currentness_review_required
M252101-OQ01,M252101,252101,Database Architect,OPEN-CONT-013,GITHUB-CONTINUUM-INTERVIEW-QUESTIONS,Relational Databases,"Tell us about some memorable database performance tuning work you've done in the past. Can be from the perspective of query tuning, index strategies, data layout, etc.",Role-title keyword matched open-question topic: relational databases,CC-BY-SA-4.0-CONTINUUM,https://github.com/ContinuumIO/interview-questions/tree/a22ec7982062ce5c3bad162495452e5738ae3220,human_relevance_and_currentness_review_required
M252101-OQ02,M252101,252101,Database Architect,OPEN-CONT-014,GITHUB-CONTINUUM-INTERVIEW-QUESTIONS,Relational Databases,"A query runs ""slow"" -- walk us through how'd you'd approach that at a technical level (feel free to use hypothetical or real-life examples).",Role-title keyword matched open-question topic: relational databases,CC-BY-SA-4.0-CONTINUUM,https://github.com/ContinuumIO/interview-questions/tree/a22ec7982062ce5c3bad162495452e5738ae3220,human_relevance_and_currentness_review_required
M252101-OQ03,M252101,252101,Database Architect,OPEN-CONT-015,GITHUB-CONTINUUM-INTERVIEW-QUESTIONS,Relational Databases,How does a data warehouse schema usually differ from an OLTP schema? *Why* do they differ?,Role-title keyword matched open-question topic: relational databases,CC-BY-SA-4.0-CONTINUUM,https://github.com/ContinuumIO/interview-questions/tree/a22ec7982062ce5c3bad162495452e5738ae3220,human_relevance_and_currentness_review_required
M252101-OQ04,M252101,252101,Database Architect,OPEN-CONT-016,GITHUB-CONTINUUM-INTERVIEW-QUESTIONS,Relational Databases,How does an index-organized table (Oracle) or table with a clustered primary key (SQL Server) differ from default tables? What *is* the default? When would you use one over the other?,Role-title keyword matched open-question topic: relational databases,CC-BY-SA-4.0-CONTINUUM,https://github.com/ContinuumIO/interview-questions/tree/a22ec7982062ce5c3bad162495452e5738ae3220,human_relevance_and_currentness_review_required
M252101-OQ05,M252101,252101,Database Architect,OPEN-CONT-017,GITHUB-CONTINUUM-INTERVIEW-QUESTIONS,Relational Databases,What's a bitmap index? When would you use one? What are some drawbacks? What about a bitmap join index? Which vendors provide bitmap index capabilities?,Role-title keyword matched open-question topic: relational databases,CC-BY-SA-4.0-CONTINUUM,https://github.com/ContinuumIO/interview-questions/tree/a22ec7982062ce5c3bad162495452e5738ae3220,human_relevance_and_currentness_review_required
M252101-OQ06,M252101,252101,Database Architect,OPEN-CONT-018,GITHUB-CONTINUUM-INTERVIEW-QUESTIONS,Relational Databases,"Open source databases: MySQL vs Postgres, have you had experience with both? Which do you prefer? What sort of things would you use one for over the other?",Role-title keyword matched open-question topic: relational databases,CC-BY-SA-4.0-CONTINUUM,https://github.com/ContinuumIO/interview-questions/tree/a22ec7982062ce5c3bad162495452e5738ae3220,human_relevance_and_currentness_review_required
M252101-OQ07,M252101,252101,Database Architect,OPEN-CONT-019,GITHUB-CONTINUUM-INTERVIEW-QUESTIONS,Relational Databases,"An experienced DBA or database developer has just set up MySQL for the first time (with the standard, out-of-the-box configuration). What's likely to trip them up, catch them off guard, or incite incredulity?",Role-title keyword matched open-question topic: relational databases,CC-BY-SA-4.0-CONTINUUM,https://github.com/ContinuumIO/interview-questions/tree/a22ec7982062ce5c3bad162495452e5738ae3220,human_relevance_and_currentness_review_required
M252101-OQ08,M252101,252101,Database Architect,OPEN-CONT-020,GITHUB-CONTINUUM-INTERVIEW-QUESTIONS,Relational Databases,"What are some of the ORMs you've had experience with, if any? What do you like/dislike? Where are areas where they're well suited, versus areas where they're not?",Role-title keyword matched open-question topic: relational databases,CC-BY-SA-4.0-CONTINUUM,https://github.com/ContinuumIO/interview-questions/tree/a22ec7982062ce5c3bad162495452e5738ae3220,human_relevance_and_currentness_review_required
M252103-OQ01,M252103,252103,Database Administrator,OPEN-CONT-013,GITHUB-CONTINUUM-INTERVIEW-QUESTIONS,Relational Databases,"Tell us about some memorable database performance tuning work you've done in the past. Can be from the perspective of query tuning, index strategies, data layout, etc.",Role-title keyword matched open-question topic: relational databases,CC-BY-SA-4.0-CONTINUUM,https://github.com/ContinuumIO/interview-questions/tree/a22ec7982062ce5c3bad162495452e5738ae3220,human_relevance_and_currentness_review_required
M252103-OQ02,M252103,252103,Database Administrator,OPEN-CONT-014,GITHUB-CONTINUUM-INTERVIEW-QUESTIONS,Relational Databases,"A query runs ""slow"" -- walk us through how'd you'd approach that at a technical level (feel free to use hypothetical or real-life examples).",Role-title keyword matched open-question topic: relational databases,CC-BY-SA-4.0-CONTINUUM,https://github.com/ContinuumIO/interview-questions/tree/a22ec7982062ce5c3bad162495452e5738ae3220,human_relevance_and_currentness_review_required
M252103-OQ03,M252103,252103,Database Administrator,OPEN-CONT-015,GITHUB-CONTINUUM-INTERVIEW-QUESTIONS,Relational Databases,How does a data warehouse schema usually differ from an OLTP schema? *Why* do they differ?,Role-title keyword matched open-question topic: relational databases,CC-BY-SA-4.0-CONTINUUM,https://github.com/ContinuumIO/interview-questions/tree/a22ec7982062ce5c3bad162495452e5738ae3220,human_relevance_and_currentness_review_required
M252103-OQ04,M252103,252103,Database Administrator,OPEN-CONT-016,GITHUB-CONTINUUM-INTERVIEW-QUESTIONS,Relational Databases,How does an index-organized table (Oracle) or table with a clustered primary key (SQL Server) differ from default tables? What *is* the default? When would you use one over the other?,Role-title keyword matched open-question topic: relational databases,CC-BY-SA-4.0-CONTINUUM,https://github.com/ContinuumIO/interview-questions/tree/a22ec7982062ce5c3bad162495452e5738ae3220,human_relevance_and_currentness_review_required
M252103-OQ05,M252103,252103,Database Administrator,OPEN-CONT-017,GITHUB-CONTINUUM-INTERVIEW-QUESTIONS,Relational Databases,What's a bitmap index? When would you use one? What are some drawbacks? What about a bitmap join index? Which vendors provide bitmap index capabilities?,Role-title keyword matched open-question topic: relational databases,CC-BY-SA-4.0-CONTINUUM,https://github.com/ContinuumIO/interview-questions/tree/a22ec7982062ce5c3bad162495452e5738ae3220,human_relevance_and_currentness_review_required
M252103-OQ06,M252103,252103,Database Administrator,OPEN-CONT-018,GITHUB-CONTINUUM-INTERVIEW-QUESTIONS,Relational Databases,"Open source databases: MySQL vs Postgres, have you had experience with both? Which do you prefer? What sort of things would you use one for over the other?",Role-title keyword matched open-question topic: relational databases,CC-BY-SA-4.0-CONTINUUM,https://github.com/ContinuumIO/interview-questions/tree/a22ec7982062ce5c3bad162495452e5738ae3220,human_relevance_and_currentness_review_required
M252103-OQ07,M252103,252103,Database Administrator,OPEN-CONT-019,GITHUB-CONTINUUM-INTERVIEW-QUESTIONS,Relational Databases,"An experienced DBA or database developer has just set up MySQL for the first time (with the standard, out-of-the-box configuration). What's likely to trip them up, catch them off guard, or incite incredulity?",Role-title keyword matched open-question topic: relational databases,CC-BY-SA-4.0-CONTINUUM,https://github.com/ContinuumIO/interview-questions/tree/a22ec7982062ce5c3bad162495452e5738ae3220,human_relevance_and_currentness_review_required
M252103-OQ08,M252103,252103,Database Administrator,OPEN-CONT-020,GITHUB-CONTINUUM-INTERVIEW-QUESTIONS,Relational Databases,"What are some of the ORMs you've had experience with, if any? What do you like/dislike? Where are areas where they're well suited, versus areas where they're not?",Role-title keyword matched open-question topic: relational databases,CC-BY-SA-4.0-CONTINUUM,https://github.com/ContinuumIO/interview-questions/tree/a22ec7982062ce5c3bad162495452e5738ae3220,human_relevance_and_currentness_review_required
M252108-OQ01,M252108,252108,Oracle Database Specialist,OPEN-CONT-013,GITHUB-CONTINUUM-INTERVIEW-QUESTIONS,Relational Databases,"Tell us about some memorable database performance tuning work you've done in the past. Can be from the perspective of query tuning, index strategies, data layout, etc.",Role-title keyword matched open-question topic: relational databases,CC-BY-SA-4.0-CONTINUUM,https://github.com/ContinuumIO/interview-questions/tree/a22ec7982062ce5c3bad162495452e5738ae3220,human_relevance_and_currentness_review_required
M252108-OQ02,M252108,252108,Oracle Database Specialist,OPEN-CONT-014,GITHUB-CONTINUUM-INTERVIEW-QUESTIONS,Relational Databases,"A query runs ""slow"" -- walk us through how'd you'd approach that at a technical level (feel free to use hypothetical or real-life examples).",Role-title keyword matched open-question topic: relational databases,CC-BY-SA-4.0-CONTINUUM,https://github.com/ContinuumIO/interview-questions/tree/a22ec7982062ce5c3bad162495452e5738ae3220,human_relevance_and_currentness_review_required
M252108-OQ03,M252108,252108,Oracle Database Specialist,OPEN-CONT-015,GITHUB-CONTINUUM-INTERVIEW-QUESTIONS,Relational Databases,How does a data warehouse schema usually differ from an OLTP schema? *Why* do they differ?,Role-title keyword matched open-question topic: relational databases,CC-BY-SA-4.0-CONTINUUM,https://github.com/ContinuumIO/interview-questions/tree/a22ec7982062ce5c3bad162495452e5738ae3220,human_relevance_and_currentness_review_required
M252108-OQ04,M252108,252108,Oracle Database Specialist,OPEN-CONT-016,GITHUB-CONTINUUM-INTERVIEW-QUESTIONS,Relational Databases,How does an index-organized table (Oracle) or table with a clustered primary key (SQL Server) differ from default tables? What *is* the default? When would you use one over the other?,Role-title keyword matched open-question topic: relational databases,CC-BY-SA-4.0-CONTINUUM,https://github.com/ContinuumIO/interview-questions/tree/a22ec7982062ce5c3bad162495452e5738ae3220,human_relevance_and_currentness_review_required
M252108-OQ05,M252108,252108,Oracle Database Specialist,OPEN-CONT-017,GITHUB-CONTINUUM-INTERVIEW-QUESTIONS,Relational Databases,What's a bitmap index? When would you use one? What are some drawbacks? What about a bitmap join index? Which vendors provide bitmap index capabilities?,Role-title keyword matched open-question topic: relational databases,CC-BY-SA-4.0-CONTINUUM,https://github.com/ContinuumIO/interview-questions/tree/a22ec7982062ce5c3bad162495452e5738ae3220,human_relevance_and_currentness_review_required
M252108-OQ06,M252108,252108,Oracle Database Specialist,OPEN-CONT-018,GITHUB-CONTINUUM-INTERVIEW-QUESTIONS,Relational Databases,"Open source databases: MySQL vs Postgres, have you had experience with both? Which do you prefer? What sort of things would you use one for over the other?",Role-title keyword matched open-question topic: relational databases,CC-BY-SA-4.0-CONTINUUM,https://github.com/ContinuumIO/interview-questions/tree/a22ec7982062ce5c3bad162495452e5738ae3220,human_relevance_and_currentness_review_required
M252108-OQ07,M252108,252108,Oracle Database Specialist,OPEN-CONT-019,GITHUB-CONTINUUM-INTERVIEW-QUESTIONS,Relational Databases,"An experienced DBA or database developer has just set up MySQL for the first time (with the standard, out-of-the-box configuration). What's likely to trip them up, catch them off guard, or incite incredulity?",Role-title keyword matched open-question topic: relational databases,CC-BY-SA-4.0-CONTINUUM,https://github.com/ContinuumIO/interview-questions/tree/a22ec7982062ce5c3bad162495452e5738ae3220,human_relevance_and_currentness_review_required
M252108-OQ08,M252108,252108,Oracle Database Specialist,OPEN-CONT-020,GITHUB-CONTINUUM-INTERVIEW-QUESTIONS,Relational Databases,"What are some of the ORMs you've had experience with, if any? What do you like/dislike? Where are areas where they're well suited, versus areas where they're not?",Role-title keyword matched open-question topic: relational databases,CC-BY-SA-4.0-CONTINUUM,https://github.com/ContinuumIO/interview-questions/tree/a22ec7982062ce5c3bad162495452e5738ae3220,human_relevance_and_currentness_review_required
M252201-OQ01,M252201,252201,Information Technology Officer,OPEN-30S-005,GITHUB-30SECONDS-INTERVIEWS,javascript,"Create a function `batches` that returns the maximum number of whole batches that can be cooked from a recipe. ```js /** It accepts two objects as arguments: the first object is the recipe for the food, while the second object is the available ingredients. Each ingredient's value is a number representing how many units there are. `batches(recipe, available)` */ // 0 batches can be made batches( { milk: 100, butter: 50, flour: 5 }, { milk: 132, butter: 48, flour: 51 } ) batches( { milk: 100, flour: 4, sugar: 10, butter: 5 }, { milk: 1288, flour: 9, sugar: 95 } ) // 1 batch can be made batches( { milk: 100, butter: 50, cheese: 10 }, { milk: 198, butter: 52, cheese: 10 } ) // 2 batches can be made batches( { milk: 2, sugar: 40, butter: 20 }, { milk: 5, sugar: 120, butter: 500 } ) ```","Role-title keyword matched open-question topic: javascript, node, software engineering questions",MIT-30SECONDS,https://github.com/Chalarangelo/30-seconds-of-interviews/tree/da235b6185721161b7ebc413075b76dc70339ccf,human_relevance_and_currentness_review_required
M252201-OQ02,M252201,252201,Information Technology Officer,OPEN-30S-007,GITHUB-30SECONDS-INTERVIEWS,javascript,What is Big O Notation?,"Role-title keyword matched open-question topic: javascript, node, software engineering questions",MIT-30SECONDS,https://github.com/Chalarangelo/30-seconds-of-interviews/tree/da235b6185721161b7ebc413075b76dc70339ccf,human_relevance_and_currentness_review_required
M252201-OQ03,M252201,252201,Information Technology Officer,OPEN-30S-008,GITHUB-30SECONDS-INTERVIEWS,javascript,"Create a standalone function `bind` that is functionally equivalent to the method `Function.prototype.bind`. ```js function example() { console.log(this) } const boundExample = bind(example, { a: true }) boundExample.call({ b: true }) // logs { a: true } ```","Role-title keyword matched open-question topic: javascript, node, software engineering questions",MIT-30SECONDS,https://github.com/Chalarangelo/30-seconds-of-interviews/tree/da235b6185721161b7ebc413075b76dc70339ccf,human_relevance_and_currentness_review_required
M252201-OQ04,M252201,252201,Information Technology Officer,OPEN-30S-010,GITHUB-30SECONDS-INTERVIEWS,node; javascript,"How can you avoid callback hells? ```js getData(function(a) { getMoreData(a, function(b) { getMoreData(b, function(c) { getMoreData(c, function(d) { getMoreData(d, function(e) { // ... }) }) }) }) }) ```","Role-title keyword matched open-question topic: javascript, node, software engineering questions",MIT-30SECONDS,https://github.com/Chalarangelo/30-seconds-of-interviews/tree/da235b6185721161b7ebc413075b76dc70339ccf,human_relevance_and_currentness_review_required
M252201-OQ05,M252201,252201,Information Technology Officer,OPEN-30S-011,GITHUB-30SECONDS-INTERVIEWS,react; javascript,What is the purpose of callback function as an argument of `setState`?,"Role-title keyword matched open-question topic: javascript, node, software engineering questions",MIT-30SECONDS,https://github.com/Chalarangelo/30-seconds-of-interviews/tree/da235b6185721161b7ebc413075b76dc70339ccf,human_relevance_and_currentness_review_required
M252201-OQ06,M252201,252201,Information Technology Officer,OPEN-30S-012,GITHUB-30SECONDS-INTERVIEWS,react; javascript,Which is the preferred option between callback refs and findDOMNode()?,"Role-title keyword matched open-question topic: javascript, node, software engineering questions",MIT-30SECONDS,https://github.com/Chalarangelo/30-seconds-of-interviews/tree/da235b6185721161b7ebc413075b76dc70339ccf,human_relevance_and_currentness_review_required
M252201-OQ07,M252201,252201,Information Technology Officer,OPEN-30S-013,GITHUB-30SECONDS-INTERVIEWS,javascript,What is a callback? Can you show an example using one?,"Role-title keyword matched open-question topic: javascript, node, software engineering questions",MIT-30SECONDS,https://github.com/Chalarangelo/30-seconds-of-interviews/tree/da235b6185721161b7ebc413075b76dc70339ccf,human_relevance_and_currentness_review_required
M252201-OQ08,M252201,252201,Information Technology Officer,OPEN-30S-014,GITHUB-30SECONDS-INTERVIEWS,react; javascript,What is the `children` prop?,"Role-title keyword matched open-question topic: javascript, node, software engineering questions",MIT-30SECONDS,https://github.com/Chalarangelo/30-seconds-of-interviews/tree/da235b6185721161b7ebc413075b76dc70339ccf,human_relevance_and_currentness_review_required
M252208-OQ01,M252208,252208,Information Technology Support Officer,OPEN-30S-005,GITHUB-30SECONDS-INTERVIEWS,javascript,"Create a function `batches` that returns the maximum number of whole batches that can be cooked from a recipe. ```js /** It accepts two objects as arguments: the first object is the recipe for the food, while the second object is the available ingredients. Each ingredient's value is a number representing how many units there are. `batches(recipe, available)` */ // 0 batches can be made batches( { milk: 100, butter: 50, flour: 5 }, { milk: 132, butter: 48, flour: 51 } ) batches( { milk: 100, flour: 4, sugar: 10, butter: 5 }, { milk: 1288, flour: 9, sugar: 95 } ) // 1 batch can be made batches( { milk: 100, butter: 50, cheese: 10 }, { milk: 198, butter: 52, cheese: 10 } ) // 2 batches can be made batches( { milk: 2, sugar: 40, butter: 20 }, { milk: 5, sugar: 120, butter: 500 } ) ```","Role-title keyword matched open-question topic: javascript, node, software engineering questions",MIT-30SECONDS,https://github.com/Chalarangelo/30-seconds-of-interviews/tree/da235b6185721161b7ebc413075b76dc70339ccf,human_relevance_and_currentness_review_required
M252208-OQ02,M252208,252208,Information Technology Support Officer,OPEN-30S-007,GITHUB-30SECONDS-INTERVIEWS,javascript,What is Big O Notation?,"Role-title keyword matched open-question topic: javascript, node, software engineering questions",MIT-30SECONDS,https://github.com/Chalarangelo/30-seconds-of-interviews/tree/da235b6185721161b7ebc413075b76dc70339ccf,human_relevance_and_currentness_review_required
M252208-OQ03,M252208,252208,Information Technology Support Officer,OPEN-30S-008,GITHUB-30SECONDS-INTERVIEWS,javascript,"Create a standalone function `bind` that is functionally equivalent to the method `Function.prototype.bind`. ```js function example() { console.log(this) } const boundExample = bind(example, { a: true }) boundExample.call({ b: true }) // logs { a: true } ```","Role-title keyword matched open-question topic: javascript, node, software engineering questions",MIT-30SECONDS,https://github.com/Chalarangelo/30-seconds-of-interviews/tree/da235b6185721161b7ebc413075b76dc70339ccf,human_relevance_and_currentness_review_required
M252208-OQ04,M252208,252208,Information Technology Support Officer,OPEN-30S-010,GITHUB-30SECONDS-INTERVIEWS,node; javascript,"How can you avoid callback hells? ```js getData(function(a) { getMoreData(a, function(b) { getMoreData(b, function(c) { getMoreData(c, function(d) { getMoreData(d, function(e) { // ... }) }) }) }) }) ```","Role-title keyword matched open-question topic: javascript, node, software engineering questions",MIT-30SECONDS,https://github.com/Chalarangelo/30-seconds-of-interviews/tree/da235b6185721161b7ebc413075b76dc70339ccf,human_relevance_and_currentness_review_required
M252208-OQ05,M252208,252208,Information Technology Support Officer,OPEN-30S-011,GITHUB-30SECONDS-INTERVIEWS,react; javascript,What is the purpose of callback function as an argument of `setState`?,"Role-title keyword matched open-question topic: javascript, node, software engineering questions",MIT-30SECONDS,https://github.com/Chalarangelo/30-seconds-of-interviews/tree/da235b6185721161b7ebc413075b76dc70339ccf,human_relevance_and_currentness_review_required
M252208-OQ06,M252208,252208,Information Technology Support Officer,OPEN-30S-012,GITHUB-30SECONDS-INTERVIEWS,react; javascript,Which is the preferred option between callback refs and findDOMNode()?,"Role-title keyword matched open-question topic: javascript, node, software engineering questions",MIT-30SECONDS,https://github.com/Chalarangelo/30-seconds-of-interviews/tree/da235b6185721161b7ebc413075b76dc70339ccf,human_relevance_and_currentness_review_required
M252208-OQ07,M252208,252208,Information Technology Support Officer,OPEN-30S-013,GITHUB-30SECONDS-INTERVIEWS,javascript,What is a callback? Can you show an example using one?,"Role-title keyword matched open-question topic: javascript, node, software engineering questions",MIT-30SECONDS,https://github.com/Chalarangelo/30-seconds-of-interviews/tree/da235b6185721161b7ebc413075b76dc70339ccf,human_relevance_and_currentness_review_required
M252208-OQ08,M252208,252208,Information Technology Support Officer,OPEN-30S-014,GITHUB-30SECONDS-INTERVIEWS,react; javascript,What is the `children` prop?,"Role-title keyword matched open-question topic: javascript, node, software engineering questions",MIT-30SECONDS,https://github.com/Chalarangelo/30-seconds-of-interviews/tree/da235b6185721161b7ebc413075b76dc70339ccf,human_relevance_and_currentness_review_required
M252215-OQ01,M252215,252215,Information Technology Technical Specialist,OPEN-30S-005,GITHUB-30SECONDS-INTERVIEWS,javascript,"Create a function `batches` that returns the maximum number of whole batches that can be cooked from a recipe. ```js /** It accepts two objects as arguments: the first object is the recipe for the food, while the second object is the available ingredients. Each ingredient's value is a number representing how many units there are. `batches(recipe, available)` */ // 0 batches can be made batches( { milk: 100, butter: 50, flour: 5 }, { milk: 132, butter: 48, flour: 51 } ) batches( { milk: 100, flour: 4, sugar: 10, butter: 5 }, { milk: 1288, flour: 9, sugar: 95 } ) // 1 batch can be made batches( { milk: 100, butter: 50, cheese: 10 }, { milk: 198, butter: 52, cheese: 10 } ) // 2 batches can be made batches( { milk: 2, sugar: 40, butter: 20 }, { milk: 5, sugar: 120, butter: 500 } ) ```","Role-title keyword matched open-question topic: javascript, node, software engineering questions",MIT-30SECONDS,https://github.com/Chalarangelo/30-seconds-of-interviews/tree/da235b6185721161b7ebc413075b76dc70339ccf,human_relevance_and_currentness_review_required
M252215-OQ02,M252215,252215,Information Technology Technical Specialist,OPEN-30S-007,GITHUB-30SECONDS-INTERVIEWS,javascript,What is Big O Notation?,"Role-title keyword matched open-question topic: javascript, node, software engineering questions",MIT-30SECONDS,https://github.com/Chalarangelo/30-seconds-of-interviews/tree/da235b6185721161b7ebc413075b76dc70339ccf,human_relevance_and_currentness_review_required
M252215-OQ03,M252215,252215,Information Technology Technical Specialist,OPEN-30S-008,GITHUB-30SECONDS-INTERVIEWS,javascript,"Create a standalone function `bind` that is functionally equivalent to the method `Function.prototype.bind`. ```js function example() { console.log(this) } const boundExample = bind(example, { a: true }) boundExample.call({ b: true }) // logs { a: true } ```","Role-title keyword matched open-question topic: javascript, node, software engineering questions",MIT-30SECONDS,https://github.com/Chalarangelo/30-seconds-of-interviews/tree/da235b6185721161b7ebc413075b76dc70339ccf,human_relevance_and_currentness_review_required
M252215-OQ04,M252215,252215,Information Technology Technical Specialist,OPEN-30S-010,GITHUB-30SECONDS-INTERVIEWS,node; javascript,"How can you avoid callback hells? ```js getData(function(a) { getMoreData(a, function(b) { getMoreData(b, function(c) { getMoreData(c, function(d) { getMoreData(d, function(e) { // ... }) }) }) }) }) ```","Role-title keyword matched open-question topic: javascript, node, software engineering questions",MIT-30SECONDS,https://github.com/Chalarangelo/30-seconds-of-interviews/tree/da235b6185721161b7ebc413075b76dc70339ccf,human_relevance_and_currentness_review_required
M252215-OQ05,M252215,252215,Information Technology Technical Specialist,OPEN-30S-011,GITHUB-30SECONDS-INTERVIEWS,react; javascript,What is the purpose of callback function as an argument of `setState`?,"Role-title keyword matched open-question topic: javascript, node, software engineering questions",MIT-30SECONDS,https://github.com/Chalarangelo/30-seconds-of-interviews/tree/da235b6185721161b7ebc413075b76dc70339ccf,human_relevance_and_currentness_review_required
M252215-OQ06,M252215,252215,Information Technology Technical Specialist,OPEN-30S-012,GITHUB-30SECONDS-INTERVIEWS,react; javascript,Which is the preferred option between callback refs and findDOMNode()?,"Role-title keyword matched open-question topic: javascript, node, software engineering questions",MIT-30SECONDS,https://github.com/Chalarangelo/30-seconds-of-interviews/tree/da235b6185721161b7ebc413075b76dc70339ccf,human_relevance_and_currentness_review_required
M252215-OQ07,M252215,252215,Information Technology Technical Specialist,OPEN-30S-013,GITHUB-30SECONDS-INTERVIEWS,javascript,What is a callback? Can you show an example using one?,"Role-title keyword matched open-question topic: javascript, node, software engineering questions",MIT-30SECONDS,https://github.com/Chalarangelo/30-seconds-of-interviews/tree/da235b6185721161b7ebc413075b76dc70339ccf,human_relevance_and_currentness_review_required
M252215-OQ08,M252215,252215,Information Technology Technical Specialist,OPEN-30S-014,GITHUB-30SECONDS-INTERVIEWS,react; javascript,What is the `children` prop?,"Role-title keyword matched open-question topic: javascript, node, software engineering questions",MIT-30SECONDS,https://github.com/Chalarangelo/30-seconds-of-interviews/tree/da235b6185721161b7ebc413075b76dc70339ccf,human_relevance_and_currentness_review_required
M252401-OQ01,M252401,252401,Data Scientist,OPEN-CONT-001,GITHUB-CONTINUUM-INTERVIEW-QUESTIONS,Software Engineering Questions,What was your most memorable debugging experience? Can be any language.,"Role-title keyword matched open-question topic: relational databases, software engineering questions",CC-BY-SA-4.0-CONTINUUM,https://github.com/ContinuumIO/interview-questions/tree/a22ec7982062ce5c3bad162495452e5738ae3220,human_relevance_and_currentness_review_required
M252401-OQ02,M252401,252401,Data Scientist,OPEN-CONT-002,GITHUB-CONTINUUM-INTERVIEW-QUESTIONS,Software Engineering Questions,"What tools are in your toolkit with regards to debugging? How do you normally debug: a) your own code, b) someone else's code (or foreign code bases). Ideally cover Python debugging and a compiled language (C/C++ ideal).","Role-title keyword matched open-question topic: relational databases, software engineering questions",CC-BY-SA-4.0-CONTINUUM,https://github.com/ContinuumIO/interview-questions/tree/a22ec7982062ce5c3bad162495452e5738ae3220,human_relevance_and_currentness_review_required
M252401-OQ03,M252401,252401,Data Scientist,OPEN-CONT-003,GITHUB-CONTINUUM-INTERVIEW-QUESTIONS,Software Engineering Questions,"Tell us about a chunk of code that you've written before that you're particularly fond of. What do you like about it? (e.g. elegant, evil, clever, simple) (This is along the lines of the 'http://stilldrinking.org/programming-sucks -> All Code is bad' section.)","Role-title keyword matched open-question topic: relational databases, software engineering questions",CC-BY-SA-4.0-CONTINUUM,https://github.com/ContinuumIO/interview-questions/tree/a22ec7982062ce5c3bad162495452e5738ae3220,human_relevance_and_currentness_review_required
M252401-OQ04,M252401,252401,Data Scientist,OPEN-CONT-004,GITHUB-CONTINUUM-INTERVIEW-QUESTIONS,Software Engineering Questions,Tell us about a past project that you were particularly proud/fond of from a technical perspective. What did you like about it technically?,"Role-title keyword matched open-question topic: relational databases, software engineering questions",CC-BY-SA-4.0-CONTINUUM,https://github.com/ContinuumIO/interview-questions/tree/a22ec7982062ce5c3bad162495452e5738ae3220,human_relevance_and_currentness_review_required
M252401-OQ05,M252401,252401,Data Scientist,OPEN-CONT-005,GITHUB-CONTINUUM-INTERVIEW-QUESTIONS,Software Engineering Questions,Worst code base you've ever come across? What were some of the issues? How did you rectify them?,"Role-title keyword matched open-question topic: relational databases, software engineering questions",CC-BY-SA-4.0-CONTINUUM,https://github.com/ContinuumIO/interview-questions/tree/a22ec7982062ce5c3bad162495452e5738ae3220,human_relevance_and_currentness_review_required
M252401-OQ06,M252401,252401,Data Scientist,OPEN-CONT-006,GITHUB-CONTINUUM-INTERVIEW-QUESTIONS,Software Engineering Questions,"Tell us about a project that required a novel, thinking-out-side-of-the-box sort of solution? What did you come up with? Why was it better than the alternatives?","Role-title keyword matched open-question topic: relational databases, software engineering questions",CC-BY-SA-4.0-CONTINUUM,https://github.com/ContinuumIO/interview-questions/tree/a22ec7982062ce5c3bad162495452e5738ae3220,human_relevance_and_currentness_review_required
M252401-OQ07,M252401,252401,Data Scientist,OPEN-CONT-007,GITHUB-CONTINUUM-INTERVIEW-QUESTIONS,Software Engineering Questions,"Describe your ideal development environment (platform, tools, editor, IDEs, compilers, language, database vendor, etc).","Role-title keyword matched open-question topic: relational databases, software engineering questions",CC-BY-SA-4.0-CONTINUUM,https://github.com/ContinuumIO/interview-questions/tree/a22ec7982062ce5c3bad162495452e5738ae3220,human_relevance_and_currentness_review_required
M252401-OQ08,M252401,252401,Data Scientist,OPEN-CONT-008,GITHUB-CONTINUUM-INTERVIEW-QUESTIONS,Software Engineering Questions,What tools do you have customized dotfiles for? Do you have the dotfiles available publicly?,"Role-title keyword matched open-question topic: relational databases, software engineering questions",CC-BY-SA-4.0-CONTINUUM,https://github.com/ContinuumIO/interview-questions/tree/a22ec7982062ce5c3bad162495452e5738ae3220,human_relevance_and_currentness_review_required
M252403-OQ01,M252403,252403,Data Analyst,OPEN-CONT-001,GITHUB-CONTINUUM-INTERVIEW-QUESTIONS,Software Engineering Questions,What was your most memorable debugging experience? Can be any language.,"Role-title keyword matched open-question topic: relational databases, software engineering questions",CC-BY-SA-4.0-CONTINUUM,https://github.com/ContinuumIO/interview-questions/tree/a22ec7982062ce5c3bad162495452e5738ae3220,human_relevance_and_currentness_review_required
M252403-OQ02,M252403,252403,Data Analyst,OPEN-CONT-002,GITHUB-CONTINUUM-INTERVIEW-QUESTIONS,Software Engineering Questions,"What tools are in your toolkit with regards to debugging? How do you normally debug: a) your own code, b) someone else's code (or foreign code bases). Ideally cover Python debugging and a compiled language (C/C++ ideal).","Role-title keyword matched open-question topic: relational databases, software engineering questions",CC-BY-SA-4.0-CONTINUUM,https://github.com/ContinuumIO/interview-questions/tree/a22ec7982062ce5c3bad162495452e5738ae3220,human_relevance_and_currentness_review_required
M252403-OQ03,M252403,252403,Data Analyst,OPEN-CONT-003,GITHUB-CONTINUUM-INTERVIEW-QUESTIONS,Software Engineering Questions,"Tell us about a chunk of code that you've written before that you're particularly fond of. What do you like about it? (e.g. elegant, evil, clever, simple) (This is along the lines of the 'http://stilldrinking.org/programming-sucks -> All Code is bad' section.)","Role-title keyword matched open-question topic: relational databases, software engineering questions",CC-BY-SA-4.0-CONTINUUM,https://github.com/ContinuumIO/interview-questions/tree/a22ec7982062ce5c3bad162495452e5738ae3220,human_relevance_and_currentness_review_required
M252403-OQ04,M252403,252403,Data Analyst,OPEN-CONT-004,GITHUB-CONTINUUM-INTERVIEW-QUESTIONS,Software Engineering Questions,Tell us about a past project that you were particularly proud/fond of from a technical perspective. What did you like about it technically?,"Role-title keyword matched open-question topic: relational databases, software engineering questions",CC-BY-SA-4.0-CONTINUUM,https://github.com/ContinuumIO/interview-questions/tree/a22ec7982062ce5c3bad162495452e5738ae3220,human_relevance_and_currentness_review_required
M252403-OQ05,M252403,252403,Data Analyst,OPEN-CONT-005,GITHUB-CONTINUUM-INTERVIEW-QUESTIONS,Software Engineering Questions,Worst code base you've ever come across? What were some of the issues? How did you rectify them?,"Role-title keyword matched open-question topic: relational databases, software engineering questions",CC-BY-SA-4.0-CONTINUUM,https://github.com/ContinuumIO/interview-questions/tree/a22ec7982062ce5c3bad162495452e5738ae3220,human_relevance_and_currentness_review_required
M252403-OQ06,M252403,252403,Data Analyst,OPEN-CONT-006,GITHUB-CONTINUUM-INTERVIEW-QUESTIONS,Software Engineering Questions,"Tell us about a project that required a novel, thinking-out-side-of-the-box sort of solution? What did you come up with? Why was it better than the alternatives?","Role-title keyword matched open-question topic: relational databases, software engineering questions",CC-BY-SA-4.0-CONTINUUM,https://github.com/ContinuumIO/interview-questions/tree/a22ec7982062ce5c3bad162495452e5738ae3220,human_relevance_and_currentness_review_required
M252403-OQ07,M252403,252403,Data Analyst,OPEN-CONT-007,GITHUB-CONTINUUM-INTERVIEW-QUESTIONS,Software Engineering Questions,"Describe your ideal development environment (platform, tools, editor, IDEs, compilers, language, database vendor, etc).","Role-title keyword matched open-question topic: relational databases, software engineering questions",CC-BY-SA-4.0-CONTINUUM,https://github.com/ContinuumIO/interview-questions/tree/a22ec7982062ce5c3bad162495452e5738ae3220,human_relevance_and_currentness_review_required
M252403-OQ08,M252403,252403,Data Analyst,OPEN-CONT-008,GITHUB-CONTINUUM-INTERVIEW-QUESTIONS,Software Engineering Questions,What tools do you have customized dotfiles for? Do you have the dotfiles available publicly?,"Role-title keyword matched open-question topic: relational databases, software engineering questions",CC-BY-SA-4.0-CONTINUUM,https://github.com/ContinuumIO/interview-questions/tree/a22ec7982062ce5c3bad162495452e5738ae3220,human_relevance_and_currentness_review_required
M253102-OQ01,M253102,253102,Cybersecurity Executive,OPEN-30S-103,GITHUB-30SECONDS-INTERVIEWS,security; javascript,What is a cross-site scripting attack (XSS) and how do you prevent it?,"Role-title keyword matched open-question topic: security, software engineering questions",MIT-30SECONDS,https://github.com/Chalarangelo/30-seconds-of-interviews/tree/da235b6185721161b7ebc413075b76dc70339ccf,human_relevance_and_currentness_review_required
M253102-OQ02,M253102,253102,Cybersecurity Executive,OPEN-CONT-001,GITHUB-CONTINUUM-INTERVIEW-QUESTIONS,Software Engineering Questions,What was your most memorable debugging experience? Can be any language.,"Role-title keyword matched open-question topic: security, software engineering questions",CC-BY-SA-4.0-CONTINUUM,https://github.com/ContinuumIO/interview-questions/tree/a22ec7982062ce5c3bad162495452e5738ae3220,human_relevance_and_currentness_review_required
M253102-OQ03,M253102,253102,Cybersecurity Executive,OPEN-CONT-002,GITHUB-CONTINUUM-INTERVIEW-QUESTIONS,Software Engineering Questions,"What tools are in your toolkit with regards to debugging? How do you normally debug: a) your own code, b) someone else's code (or foreign code bases). Ideally cover Python debugging and a compiled language (C/C++ ideal).","Role-title keyword matched open-question topic: security, software engineering questions",CC-BY-SA-4.0-CONTINUUM,https://github.com/ContinuumIO/interview-questions/tree/a22ec7982062ce5c3bad162495452e5738ae3220,human_relevance_and_currentness_review_required
M253102-OQ04,M253102,253102,Cybersecurity Executive,OPEN-CONT-003,GITHUB-CONTINUUM-INTERVIEW-QUESTIONS,Software Engineering Questions,"Tell us about a chunk of code that you've written before that you're particularly fond of. What do you like about it? (e.g. elegant, evil, clever, simple) (This is along the lines of the 'http://stilldrinking.org/programming-sucks -> All Code is bad' section.)","Role-title keyword matched open-question topic: security, software engineering questions",CC-BY-SA-4.0-CONTINUUM,https://github.com/ContinuumIO/interview-questions/tree/a22ec7982062ce5c3bad162495452e5738ae3220,human_relevance_and_currentness_review_required
M253102-OQ05,M253102,253102,Cybersecurity Executive,OPEN-CONT-004,GITHUB-CONTINUUM-INTERVIEW-QUESTIONS,Software Engineering Questions,Tell us about a past project that you were particularly proud/fond of from a technical perspective. What did you like about it technically?,"Role-title keyword matched open-question topic: security, software engineering questions",CC-BY-SA-4.0-CONTINUUM,https://github.com/ContinuumIO/interview-questions/tree/a22ec7982062ce5c3bad162495452e5738ae3220,human_relevance_and_currentness_review_required
M253102-OQ06,M253102,253102,Cybersecurity Executive,OPEN-CONT-005,GITHUB-CONTINUUM-INTERVIEW-QUESTIONS,Software Engineering Questions,Worst code base you've ever come across? What were some of the issues? How did you rectify them?,"Role-title keyword matched open-question topic: security, software engineering questions",CC-BY-SA-4.0-CONTINUUM,https://github.com/ContinuumIO/interview-questions/tree/a22ec7982062ce5c3bad162495452e5738ae3220,human_relevance_and_currentness_review_required
M253102-OQ07,M253102,253102,Cybersecurity Executive,OPEN-CONT-006,GITHUB-CONTINUUM-INTERVIEW-QUESTIONS,Software Engineering Questions,"Tell us about a project that required a novel, thinking-out-side-of-the-box sort of solution? What did you come up with? Why was it better than the alternatives?","Role-title keyword matched open-question topic: security, software engineering questions",CC-BY-SA-4.0-CONTINUUM,https://github.com/ContinuumIO/interview-questions/tree/a22ec7982062ce5c3bad162495452e5738ae3220,human_relevance_and_currentness_review_required
M253102-OQ08,M253102,253102,Cybersecurity Executive,OPEN-CONT-007,GITHUB-CONTINUUM-INTERVIEW-QUESTIONS,Software Engineering Questions,"Describe your ideal development environment (platform, tools, editor, IDEs, compilers, language, database vendor, etc).","Role-title keyword matched open-question topic: security, software engineering questions",CC-BY-SA-4.0-CONTINUUM,https://github.com/ContinuumIO/interview-questions/tree/a22ec7982062ce5c3bad162495452e5738ae3220,human_relevance_and_currentness_review_required
M253120-OQ01,M253120,253120,Information Security Officer,OPEN-30S-103,GITHUB-30SECONDS-INTERVIEWS,security; javascript,What is a cross-site scripting attack (XSS) and how do you prevent it?,"Role-title keyword matched open-question topic: security, software engineering questions",MIT-30SECONDS,https://github.com/Chalarangelo/30-seconds-of-interviews/tree/da235b6185721161b7ebc413075b76dc70339ccf,human_relevance_and_currentness_review_required
M253120-OQ02,M253120,253120,Information Security Officer,OPEN-CONT-001,GITHUB-CONTINUUM-INTERVIEW-QUESTIONS,Software Engineering Questions,What was your most memorable debugging experience? Can be any language.,"Role-title keyword matched open-question topic: security, software engineering questions",CC-BY-SA-4.0-CONTINUUM,https://github.com/ContinuumIO/interview-questions/tree/a22ec7982062ce5c3bad162495452e5738ae3220,human_relevance_and_currentness_review_required
M253120-OQ03,M253120,253120,Information Security Officer,OPEN-CONT-002,GITHUB-CONTINUUM-INTERVIEW-QUESTIONS,Software Engineering Questions,"What tools are in your toolkit with regards to debugging? How do you normally debug: a) your own code, b) someone else's code (or foreign code bases). Ideally cover Python debugging and a compiled language (C/C++ ideal).","Role-title keyword matched open-question topic: security, software engineering questions",CC-BY-SA-4.0-CONTINUUM,https://github.com/ContinuumIO/interview-questions/tree/a22ec7982062ce5c3bad162495452e5738ae3220,human_relevance_and_currentness_review_required
M253120-OQ04,M253120,253120,Information Security Officer,OPEN-CONT-003,GITHUB-CONTINUUM-INTERVIEW-QUESTIONS,Software Engineering Questions,"Tell us about a chunk of code that you've written before that you're particularly fond of. What do you like about it? (e.g. elegant, evil, clever, simple) (This is along the lines of the 'http://stilldrinking.org/programming-sucks -> All Code is bad' section.)","Role-title keyword matched open-question topic: security, software engineering questions",CC-BY-SA-4.0-CONTINUUM,https://github.com/ContinuumIO/interview-questions/tree/a22ec7982062ce5c3bad162495452e5738ae3220,human_relevance_and_currentness_review_required
M253120-OQ05,M253120,253120,Information Security Officer,OPEN-CONT-004,GITHUB-CONTINUUM-INTERVIEW-QUESTIONS,Software Engineering Questions,Tell us about a past project that you were particularly proud/fond of from a technical perspective. What did you like about it technically?,"Role-title keyword matched open-question topic: security, software engineering questions",CC-BY-SA-4.0-CONTINUUM,https://github.com/ContinuumIO/interview-questions/tree/a22ec7982062ce5c3bad162495452e5738ae3220,human_relevance_and_currentness_review_required
M253120-OQ06,M253120,253120,Information Security Officer,OPEN-CONT-005,GITHUB-CONTINUUM-INTERVIEW-QUESTIONS,Software Engineering Questions,Worst code base you've ever come across? What were some of the issues? How did you rectify them?,"Role-title keyword matched open-question topic: security, software engineering questions",CC-BY-SA-4.0-CONTINUUM,https://github.com/ContinuumIO/interview-questions/tree/a22ec7982062ce5c3bad162495452e5738ae3220,human_relevance_and_currentness_review_required
M253120-OQ07,M253120,253120,Information Security Officer,OPEN-CONT-006,GITHUB-CONTINUUM-INTERVIEW-QUESTIONS,Software Engineering Questions,"Tell us about a project that required a novel, thinking-out-side-of-the-box sort of solution? What did you come up with? Why was it better than the alternatives?","Role-title keyword matched open-question topic: security, software engineering questions",CC-BY-SA-4.0-CONTINUUM,https://github.com/ContinuumIO/interview-questions/tree/a22ec7982062ce5c3bad162495452e5738ae3220,human_relevance_and_currentness_review_required
M253120-OQ08,M253120,253120,Information Security Officer,OPEN-CONT-007,GITHUB-CONTINUUM-INTERVIEW-QUESTIONS,Software Engineering Questions,"Describe your ideal development environment (platform, tools, editor, IDEs, compilers, language, database vendor, etc).","Role-title keyword matched open-question topic: security, software engineering questions",CC-BY-SA-4.0-CONTINUUM,https://github.com/ContinuumIO/interview-questions/tree/a22ec7982062ce5c3bad162495452e5738ae3220,human_relevance_and_currentness_review_required
M253130-OQ01,M253130,253130,Cybersecurity Analyst,OPEN-30S-103,GITHUB-30SECONDS-INTERVIEWS,security; javascript,What is a cross-site scripting attack (XSS) and how do you prevent it?,"Role-title keyword matched open-question topic: security, software engineering questions",MIT-30SECONDS,https://github.com/Chalarangelo/30-seconds-of-interviews/tree/da235b6185721161b7ebc413075b76dc70339ccf,human_relevance_and_currentness_review_required
M253130-OQ02,M253130,253130,Cybersecurity Analyst,OPEN-CONT-001,GITHUB-CONTINUUM-INTERVIEW-QUESTIONS,Software Engineering Questions,What was your most memorable debugging experience? Can be any language.,"Role-title keyword matched open-question topic: security, software engineering questions",CC-BY-SA-4.0-CONTINUUM,https://github.com/ContinuumIO/interview-questions/tree/a22ec7982062ce5c3bad162495452e5738ae3220,human_relevance_and_currentness_review_required
M253130-OQ03,M253130,253130,Cybersecurity Analyst,OPEN-CONT-002,GITHUB-CONTINUUM-INTERVIEW-QUESTIONS,Software Engineering Questions,"What tools are in your toolkit with regards to debugging? How do you normally debug: a) your own code, b) someone else's code (or foreign code bases). Ideally cover Python debugging and a compiled language (C/C++ ideal).","Role-title keyword matched open-question topic: security, software engineering questions",CC-BY-SA-4.0-CONTINUUM,https://github.com/ContinuumIO/interview-questions/tree/a22ec7982062ce5c3bad162495452e5738ae3220,human_relevance_and_currentness_review_required
M253130-OQ04,M253130,253130,Cybersecurity Analyst,OPEN-CONT-003,GITHUB-CONTINUUM-INTERVIEW-QUESTIONS,Software Engineering Questions,"Tell us about a chunk of code that you've written before that you're particularly fond of. What do you like about it? (e.g. elegant, evil, clever, simple) (This is along the lines of the 'http://stilldrinking.org/programming-sucks -> All Code is bad' section.)","Role-title keyword matched open-question topic: security, software engineering questions",CC-BY-SA-4.0-CONTINUUM,https://github.com/ContinuumIO/interview-questions/tree/a22ec7982062ce5c3bad162495452e5738ae3220,human_relevance_and_currentness_review_required
M253130-OQ05,M253130,253130,Cybersecurity Analyst,OPEN-CONT-004,GITHUB-CONTINUUM-INTERVIEW-QUESTIONS,Software Engineering Questions,Tell us about a past project that you were particularly proud/fond of from a technical perspective. What did you like about it technically?,"Role-title keyword matched open-question topic: security, software engineering questions",CC-BY-SA-4.0-CONTINUUM,https://github.com/ContinuumIO/interview-questions/tree/a22ec7982062ce5c3bad162495452e5738ae3220,human_relevance_and_currentness_review_required
M253130-OQ06,M253130,253130,Cybersecurity Analyst,OPEN-CONT-005,GITHUB-CONTINUUM-INTERVIEW-QUESTIONS,Software Engineering Questions,Worst code base you've ever come across? What were some of the issues? How did you rectify them?,"Role-title keyword matched open-question topic: security, software engineering questions",CC-BY-SA-4.0-CONTINUUM,https://github.com/ContinuumIO/interview-questions/tree/a22ec7982062ce5c3bad162495452e5738ae3220,human_relevance_and_currentness_review_required
M253130-OQ07,M253130,253130,Cybersecurity Analyst,OPEN-CONT-006,GITHUB-CONTINUUM-INTERVIEW-QUESTIONS,Software Engineering Questions,"Tell us about a project that required a novel, thinking-out-side-of-the-box sort of solution? What did you come up with? Why was it better than the alternatives?","Role-title keyword matched open-question topic: security, software engineering questions",CC-BY-SA-4.0-CONTINUUM,https://github.com/ContinuumIO/interview-questions/tree/a22ec7982062ce5c3bad162495452e5738ae3220,human_relevance_and_currentness_review_required
M253130-OQ08,M253130,253130,Cybersecurity Analyst,OPEN-CONT-007,GITHUB-CONTINUUM-INTERVIEW-QUESTIONS,Software Engineering Questions,"Describe your ideal development environment (platform, tools, editor, IDEs, compilers, language, database vendor, etc).","Role-title keyword matched open-question topic: security, software engineering questions",CC-BY-SA-4.0-CONTINUUM,https://github.com/ContinuumIO/interview-questions/tree/a22ec7982062ce5c3bad162495452e5738ae3220,human_relevance_and_currentness_review_required
M253131-OQ01,M253131,253131,Test Analyst (Information Technology),OPEN-30S-005,GITHUB-30SECONDS-INTERVIEWS,javascript,"Create a function `batches` that returns the maximum number of whole batches that can be cooked from a recipe. ```js /** It accepts two objects as arguments: the first object is the recipe for the food, while the second object is the available ingredients. Each ingredient's value is a number representing how many units there are. `batches(recipe, available)` */ // 0 batches can be made batches( { milk: 100, butter: 50, flour: 5 }, { milk: 132, butter: 48, flour: 51 } ) batches( { milk: 100, flour: 4, sugar: 10, butter: 5 }, { milk: 1288, flour: 9, sugar: 95 } ) // 1 batch can be made batches( { milk: 100, butter: 50, cheese: 10 }, { milk: 198, butter: 52, cheese: 10 } ) // 2 batches can be made batches( { milk: 2, sugar: 40, butter: 20 }, { milk: 5, sugar: 120, butter: 500 } ) ```","Role-title keyword matched open-question topic: javascript, node, software engineering questions",MIT-30SECONDS,https://github.com/Chalarangelo/30-seconds-of-interviews/tree/da235b6185721161b7ebc413075b76dc70339ccf,human_relevance_and_currentness_review_required
M253131-OQ02,M253131,253131,Test Analyst (Information Technology),OPEN-30S-007,GITHUB-30SECONDS-INTERVIEWS,javascript,What is Big O Notation?,"Role-title keyword matched open-question topic: javascript, node, software engineering questions",MIT-30SECONDS,https://github.com/Chalarangelo/30-seconds-of-interviews/tree/da235b6185721161b7ebc413075b76dc70339ccf,human_relevance_and_currentness_review_required
M253131-OQ03,M253131,253131,Test Analyst (Information Technology),OPEN-30S-008,GITHUB-30SECONDS-INTERVIEWS,javascript,"Create a standalone function `bind` that is functionally equivalent to the method `Function.prototype.bind`. ```js function example() { console.log(this) } const boundExample = bind(example, { a: true }) boundExample.call({ b: true }) // logs { a: true } ```","Role-title keyword matched open-question topic: javascript, node, software engineering questions",MIT-30SECONDS,https://github.com/Chalarangelo/30-seconds-of-interviews/tree/da235b6185721161b7ebc413075b76dc70339ccf,human_relevance_and_currentness_review_required
M253131-OQ04,M253131,253131,Test Analyst (Information Technology),OPEN-30S-010,GITHUB-30SECONDS-INTERVIEWS,node; javascript,"How can you avoid callback hells? ```js getData(function(a) { getMoreData(a, function(b) { getMoreData(b, function(c) { getMoreData(c, function(d) { getMoreData(d, function(e) { // ... }) }) }) }) }) ```","Role-title keyword matched open-question topic: javascript, node, software engineering questions",MIT-30SECONDS,https://github.com/Chalarangelo/30-seconds-of-interviews/tree/da235b6185721161b7ebc413075b76dc70339ccf,human_relevance_and_currentness_review_required
M253131-OQ05,M253131,253131,Test Analyst (Information Technology),OPEN-30S-011,GITHUB-30SECONDS-INTERVIEWS,react; javascript,What is the purpose of callback function as an argument of `setState`?,"Role-title keyword matched open-question topic: javascript, node, software engineering questions",MIT-30SECONDS,https://github.com/Chalarangelo/30-seconds-of-interviews/tree/da235b6185721161b7ebc413075b76dc70339ccf,human_relevance_and_currentness_review_required
M253131-OQ06,M253131,253131,Test Analyst (Information Technology),OPEN-30S-012,GITHUB-30SECONDS-INTERVIEWS,react; javascript,Which is the preferred option between callback refs and findDOMNode()?,"Role-title keyword matched open-question topic: javascript, node, software engineering questions",MIT-30SECONDS,https://github.com/Chalarangelo/30-seconds-of-interviews/tree/da235b6185721161b7ebc413075b76dc70339ccf,human_relevance_and_currentness_review_required
M253131-OQ07,M253131,253131,Test Analyst (Information Technology),OPEN-30S-013,GITHUB-30SECONDS-INTERVIEWS,javascript,What is a callback? Can you show an example using one?,"Role-title keyword matched open-question topic: javascript, node, software engineering questions",MIT-30SECONDS,https://github.com/Chalarangelo/30-seconds-of-interviews/tree/da235b6185721161b7ebc413075b76dc70339ccf,human_relevance_and_currentness_review_required
M253131-OQ08,M253131,253131,Test Analyst (Information Technology),OPEN-30S-014,GITHUB-30SECONDS-INTERVIEWS,react; javascript,What is the `children` prop?,"Role-title keyword matched open-question topic: javascript, node, software engineering questions",MIT-30SECONDS,https://github.com/Chalarangelo/30-seconds-of-interviews/tree/da235b6185721161b7ebc413075b76dc70339ccf,human_relevance_and_currentness_review_required
M253136-OQ01,M253136,253136,Security Infrastructure Engineer,OPEN-30S-103,GITHUB-30SECONDS-INTERVIEWS,security; javascript,What is a cross-site scripting attack (XSS) and how do you prevent it?,"Role-title keyword matched open-question topic: security, software engineering questions",MIT-30SECONDS,https://github.com/Chalarangelo/30-seconds-of-interviews/tree/da235b6185721161b7ebc413075b76dc70339ccf,human_relevance_and_currentness_review_required
M253136-OQ02,M253136,253136,Security Infrastructure Engineer,OPEN-CONT-001,GITHUB-CONTINUUM-INTERVIEW-QUESTIONS,Software Engineering Questions,What was your most memorable debugging experience? Can be any language.,"Role-title keyword matched open-question topic: security, software engineering questions",CC-BY-SA-4.0-CONTINUUM,https://github.com/ContinuumIO/interview-questions/tree/a22ec7982062ce5c3bad162495452e5738ae3220,human_relevance_and_currentness_review_required
M253136-OQ03,M253136,253136,Security Infrastructure Engineer,OPEN-CONT-002,GITHUB-CONTINUUM-INTERVIEW-QUESTIONS,Software Engineering Questions,"What tools are in your toolkit with regards to debugging? How do you normally debug: a) your own code, b) someone else's code (or foreign code bases). Ideally cover Python debugging and a compiled language (C/C++ ideal).","Role-title keyword matched open-question topic: security, software engineering questions",CC-BY-SA-4.0-CONTINUUM,https://github.com/ContinuumIO/interview-questions/tree/a22ec7982062ce5c3bad162495452e5738ae3220,human_relevance_and_currentness_review_required
M253136-OQ04,M253136,253136,Security Infrastructure Engineer,OPEN-CONT-003,GITHUB-CONTINUUM-INTERVIEW-QUESTIONS,Software Engineering Questions,"Tell us about a chunk of code that you've written before that you're particularly fond of. What do you like about it? (e.g. elegant, evil, clever, simple) (This is along the lines of the 'http://stilldrinking.org/programming-sucks -> All Code is bad' section.)","Role-title keyword matched open-question topic: security, software engineering questions",CC-BY-SA-4.0-CONTINUUM,https://github.com/ContinuumIO/interview-questions/tree/a22ec7982062ce5c3bad162495452e5738ae3220,human_relevance_and_currentness_review_required
M253136-OQ05,M253136,253136,Security Infrastructure Engineer,OPEN-CONT-004,GITHUB-CONTINUUM-INTERVIEW-QUESTIONS,Software Engineering Questions,Tell us about a past project that you were particularly proud/fond of from a technical perspective. What did you like about it technically?,"Role-title keyword matched open-question topic: security, software engineering questions",CC-BY-SA-4.0-CONTINUUM,https://github.com/ContinuumIO/interview-questions/tree/a22ec7982062ce5c3bad162495452e5738ae3220,human_relevance_and_currentness_review_required
M253136-OQ06,M253136,253136,Security Infrastructure Engineer,OPEN-CONT-005,GITHUB-CONTINUUM-INTERVIEW-QUESTIONS,Software Engineering Questions,Worst code base you've ever come across? What were some of the issues? How did you rectify them?,"Role-title keyword matched open-question topic: security, software engineering questions",CC-BY-SA-4.0-CONTINUUM,https://github.com/ContinuumIO/interview-questions/tree/a22ec7982062ce5c3bad162495452e5738ae3220,human_relevance_and_currentness_review_required
M253136-OQ07,M253136,253136,Security Infrastructure Engineer,OPEN-CONT-006,GITHUB-CONTINUUM-INTERVIEW-QUESTIONS,Software Engineering Questions,"Tell us about a project that required a novel, thinking-out-side-of-the-box sort of solution? What did you come up with? Why was it better than the alternatives?","Role-title keyword matched open-question topic: security, software engineering questions",CC-BY-SA-4.0-CONTINUUM,https://github.com/ContinuumIO/interview-questions/tree/a22ec7982062ce5c3bad162495452e5738ae3220,human_relevance_and_currentness_review_required
M253136-OQ08,M253136,253136,Security Infrastructure Engineer,OPEN-CONT-007,GITHUB-CONTINUUM-INTERVIEW-QUESTIONS,Software Engineering Questions,"Describe your ideal development environment (platform, tools, editor, IDEs, compilers, language, database vendor, etc).","Role-title keyword matched open-question topic: security, software engineering questions",CC-BY-SA-4.0-CONTINUUM,https://github.com/ContinuumIO/interview-questions/tree/a22ec7982062ce5c3bad162495452e5738ae3220,human_relevance_and_currentness_review_required
M254215-OQ01,M254215,254215,Graphics Programmer,OPEN-30S-005,GITHUB-30SECONDS-INTERVIEWS,javascript,"Create a function `batches` that returns the maximum number of whole batches that can be cooked from a recipe. ```js /** It accepts two objects as arguments: the first object is the recipe for the food, while the second object is the available ingredients. Each ingredient's value is a number representing how many units there are. `batches(recipe, available)` */ // 0 batches can be made batches( { milk: 100, butter: 50, flour: 5 }, { milk: 132, butter: 48, flour: 51 } ) batches( { milk: 100, flour: 4, sugar: 10, butter: 5 }, { milk: 1288, flour: 9, sugar: 95 } ) // 1 batch can be made batches( { milk: 100, butter: 50, cheese: 10 }, { milk: 198, butter: 52, cheese: 10 } ) // 2 batches can be made batches( { milk: 2, sugar: 40, butter: 20 }, { milk: 5, sugar: 120, butter: 500 } ) ```","Role-title keyword matched open-question topic: javascript, node, software engineering questions",MIT-30SECONDS,https://github.com/Chalarangelo/30-seconds-of-interviews/tree/da235b6185721161b7ebc413075b76dc70339ccf,human_relevance_and_currentness_review_required
M254215-OQ02,M254215,254215,Graphics Programmer,OPEN-30S-007,GITHUB-30SECONDS-INTERVIEWS,javascript,What is Big O Notation?,"Role-title keyword matched open-question topic: javascript, node, software engineering questions",MIT-30SECONDS,https://github.com/Chalarangelo/30-seconds-of-interviews/tree/da235b6185721161b7ebc413075b76dc70339ccf,human_relevance_and_currentness_review_required
M254215-OQ03,M254215,254215,Graphics Programmer,OPEN-30S-008,GITHUB-30SECONDS-INTERVIEWS,javascript,"Create a standalone function `bind` that is functionally equivalent to the method `Function.prototype.bind`. ```js function example() { console.log(this) } const boundExample = bind(example, { a: true }) boundExample.call({ b: true }) // logs { a: true } ```","Role-title keyword matched open-question topic: javascript, node, software engineering questions",MIT-30SECONDS,https://github.com/Chalarangelo/30-seconds-of-interviews/tree/da235b6185721161b7ebc413075b76dc70339ccf,human_relevance_and_currentness_review_required
M254215-OQ04,M254215,254215,Graphics Programmer,OPEN-30S-010,GITHUB-30SECONDS-INTERVIEWS,node; javascript,"How can you avoid callback hells? ```js getData(function(a) { getMoreData(a, function(b) { getMoreData(b, function(c) { getMoreData(c, function(d) { getMoreData(d, function(e) { // ... }) }) }) }) }) ```","Role-title keyword matched open-question topic: javascript, node, software engineering questions",MIT-30SECONDS,https://github.com/Chalarangelo/30-seconds-of-interviews/tree/da235b6185721161b7ebc413075b76dc70339ccf,human_relevance_and_currentness_review_required
M254215-OQ05,M254215,254215,Graphics Programmer,OPEN-30S-011,GITHUB-30SECONDS-INTERVIEWS,react; javascript,What is the purpose of callback function as an argument of `setState`?,"Role-title keyword matched open-question topic: javascript, node, software engineering questions",MIT-30SECONDS,https://github.com/Chalarangelo/30-seconds-of-interviews/tree/da235b6185721161b7ebc413075b76dc70339ccf,human_relevance_and_currentness_review_required
M254215-OQ06,M254215,254215,Graphics Programmer,OPEN-30S-012,GITHUB-30SECONDS-INTERVIEWS,react; javascript,Which is the preferred option between callback refs and findDOMNode()?,"Role-title keyword matched open-question topic: javascript, node, software engineering questions",MIT-30SECONDS,https://github.com/Chalarangelo/30-seconds-of-interviews/tree/da235b6185721161b7ebc413075b76dc70339ccf,human_relevance_and_currentness_review_required
M254215-OQ07,M254215,254215,Graphics Programmer,OPEN-30S-013,GITHUB-30SECONDS-INTERVIEWS,javascript,What is a callback? Can you show an example using one?,"Role-title keyword matched open-question topic: javascript, node, software engineering questions",MIT-30SECONDS,https://github.com/Chalarangelo/30-seconds-of-interviews/tree/da235b6185721161b7ebc413075b76dc70339ccf,human_relevance_and_currentness_review_required
M254215-OQ08,M254215,254215,Graphics Programmer,OPEN-30S-014,GITHUB-30SECONDS-INTERVIEWS,react; javascript,What is the `children` prop?,"Role-title keyword matched open-question topic: javascript, node, software engineering questions",MIT-30SECONDS,https://github.com/Chalarangelo/30-seconds-of-interviews/tree/da235b6185721161b7ebc413075b76dc70339ccf,human_relevance_and_currentness_review_required
M254301-OQ01,M254301,254301,Web Designer,OPEN-30S-001,GITHUB-30SECONDS-INTERVIEWS,accessibility,What is ARIA and when should you use it?,"Role-title keyword matched open-question topic: javascript, react, html, css, accessibility, software engineering questions",MIT-30SECONDS,https://github.com/Chalarangelo/30-seconds-of-interviews/tree/da235b6185721161b7ebc413075b76dc70339ccf,human_relevance_and_currentness_review_required
M254301-OQ02,M254301,254301,Web Designer,OPEN-30S-002,GITHUB-30SECONDS-INTERVIEWS,accessibility,What is the Accessibility Tree?,"Role-title keyword matched open-question topic: javascript, react, html, css, accessibility, software engineering questions",MIT-30SECONDS,https://github.com/Chalarangelo/30-seconds-of-interviews/tree/da235b6185721161b7ebc413075b76dc70339ccf,human_relevance_and_currentness_review_required
M254301-OQ03,M254301,254301,Web Designer,OPEN-30S-003,GITHUB-30SECONDS-INTERVIEWS,html,What is the purpose of the `alt` attribute on images?,"Role-title keyword matched open-question topic: javascript, react, html, css, accessibility, software engineering questions",MIT-30SECONDS,https://github.com/Chalarangelo/30-seconds-of-interviews/tree/da235b6185721161b7ebc413075b76dc70339ccf,human_relevance_and_currentness_review_required
M254301-OQ04,M254301,254301,Web Designer,OPEN-30S-004,GITHUB-30SECONDS-INTERVIEWS,html,What are `defer` and `async` attributes on a `<script>` tag?,"Role-title keyword matched open-question topic: javascript, react, html, css, accessibility, software engineering questions",MIT-30SECONDS,https://github.com/Chalarangelo/30-seconds-of-interviews/tree/da235b6185721161b7ebc413075b76dc70339ccf,human_relevance_and_currentness_review_required
M254301-OQ05,M254301,254301,Web Designer,OPEN-30S-005,GITHUB-30SECONDS-INTERVIEWS,javascript,"Create a function `batches` that returns the maximum number of whole batches that can be cooked from a recipe. ```js /** It accepts two objects as arguments: the first object is the recipe for the food, while the second object is the available ingredients. Each ingredient's value is a number representing how many units there are. `batches(recipe, available)` */ // 0 batches can be made batches( { milk: 100, butter: 50, flour: 5 }, { milk: 132, butter: 48, flour: 51 } ) batches( { milk: 100, flour: 4, sugar: 10, butter: 5 }, { milk: 1288, flour: 9, sugar: 95 } ) // 1 batch can be made batches( { milk: 100, butter: 50, cheese: 10 }, { milk: 198, butter: 52, cheese: 10 } ) // 2 batches can be made batches( { milk: 2, sugar: 40, butter: 20 }, { milk: 5, sugar: 120, butter: 500 } ) ```","Role-title keyword matched open-question topic: javascript, react, html, css, accessibility, software engineering questions",MIT-30SECONDS,https://github.com/Chalarangelo/30-seconds-of-interviews/tree/da235b6185721161b7ebc413075b76dc70339ccf,human_relevance_and_currentness_review_required
M254301-OQ06,M254301,254301,Web Designer,OPEN-30S-006,GITHUB-30SECONDS-INTERVIEWS,css,What is CSS BEM?,"Role-title keyword matched open-question topic: javascript, react, html, css, accessibility, software engineering questions",MIT-30SECONDS,https://github.com/Chalarangelo/30-seconds-of-interviews/tree/da235b6185721161b7ebc413075b76dc70339ccf,human_relevance_and_currentness_review_required
M254301-OQ07,M254301,254301,Web Designer,OPEN-30S-007,GITHUB-30SECONDS-INTERVIEWS,javascript,What is Big O Notation?,"Role-title keyword matched open-question topic: javascript, react, html, css, accessibility, software engineering questions",MIT-30SECONDS,https://github.com/Chalarangelo/30-seconds-of-interviews/tree/da235b6185721161b7ebc413075b76dc70339ccf,human_relevance_and_currentness_review_required
M254301-OQ08,M254301,254301,Web Designer,OPEN-30S-008,GITHUB-30SECONDS-INTERVIEWS,javascript,"Create a standalone function `bind` that is functionally equivalent to the method `Function.prototype.bind`. ```js function example() { console.log(this) } const boundExample = bind(example, { a: true }) boundExample.call({ b: true }) // logs { a: true } ```","Role-title keyword matched open-question topic: javascript, react, html, css, accessibility, software engineering questions",MIT-30SECONDS,https://github.com/Chalarangelo/30-seconds-of-interviews/tree/da235b6185721161b7ebc413075b76dc70339ccf,human_relevance_and_currentness_review_required
M351115-OQ01,M351115,351115,Information Technology Assistant,OPEN-30S-005,GITHUB-30SECONDS-INTERVIEWS,javascript,"Create a function `batches` that returns the maximum number of whole batches that can be cooked from a recipe. ```js /** It accepts two objects as arguments: the first object is the recipe for the food, while the second object is the available ingredients. Each ingredient's value is a number representing how many units there are. `batches(recipe, available)` */ // 0 batches can be made batches( { milk: 100, butter: 50, flour: 5 }, { milk: 132, butter: 48, flour: 51 } ) batches( { milk: 100, flour: 4, sugar: 10, butter: 5 }, { milk: 1288, flour: 9, sugar: 95 } ) // 1 batch can be made batches( { milk: 100, butter: 50, cheese: 10 }, { milk: 198, butter: 52, cheese: 10 } ) // 2 batches can be made batches( { milk: 2, sugar: 40, butter: 20 }, { milk: 5, sugar: 120, butter: 500 } ) ```","Role-title keyword matched open-question topic: javascript, node, software engineering questions",MIT-30SECONDS,https://github.com/Chalarangelo/30-seconds-of-interviews/tree/da235b6185721161b7ebc413075b76dc70339ccf,human_relevance_and_currentness_review_required
M351115-OQ02,M351115,351115,Information Technology Assistant,OPEN-30S-007,GITHUB-30SECONDS-INTERVIEWS,javascript,What is Big O Notation?,"Role-title keyword matched open-question topic: javascript, node, software engineering questions",MIT-30SECONDS,https://github.com/Chalarangelo/30-seconds-of-interviews/tree/da235b6185721161b7ebc413075b76dc70339ccf,human_relevance_and_currentness_review_required
M351115-OQ03,M351115,351115,Information Technology Assistant,OPEN-30S-008,GITHUB-30SECONDS-INTERVIEWS,javascript,"Create a standalone function `bind` that is functionally equivalent to the method `Function.prototype.bind`. ```js function example() { console.log(this) } const boundExample = bind(example, { a: true }) boundExample.call({ b: true }) // logs { a: true } ```","Role-title keyword matched open-question topic: javascript, node, software engineering questions",MIT-30SECONDS,https://github.com/Chalarangelo/30-seconds-of-interviews/tree/da235b6185721161b7ebc413075b76dc70339ccf,human_relevance_and_currentness_review_required
M351115-OQ04,M351115,351115,Information Technology Assistant,OPEN-30S-010,GITHUB-30SECONDS-INTERVIEWS,node; javascript,"How can you avoid callback hells? ```js getData(function(a) { getMoreData(a, function(b) { getMoreData(b, function(c) { getMoreData(c, function(d) { getMoreData(d, function(e) { // ... }) }) }) }) }) ```","Role-title keyword matched open-question topic: javascript, node, software engineering questions",MIT-30SECONDS,https://github.com/Chalarangelo/30-seconds-of-interviews/tree/da235b6185721161b7ebc413075b76dc70339ccf,human_relevance_and_currentness_review_required
M351115-OQ05,M351115,351115,Information Technology Assistant,OPEN-30S-011,GITHUB-30SECONDS-INTERVIEWS,react; javascript,What is the purpose of callback function as an argument of `setState`?,"Role-title keyword matched open-question topic: javascript, node, software engineering questions",MIT-30SECONDS,https://github.com/Chalarangelo/30-seconds-of-interviews/tree/da235b6185721161b7ebc413075b76dc70339ccf,human_relevance_and_currentness_review_required
M351115-OQ06,M351115,351115,Information Technology Assistant,OPEN-30S-012,GITHUB-30SECONDS-INTERVIEWS,react; javascript,Which is the preferred option between callback refs and findDOMNode()?,"Role-title keyword matched open-question topic: javascript, node, software engineering questions",MIT-30SECONDS,https://github.com/Chalarangelo/30-seconds-of-interviews/tree/da235b6185721161b7ebc413075b76dc70339ccf,human_relevance_and_currentness_review_required
M351115-OQ07,M351115,351115,Information Technology Assistant,OPEN-30S-013,GITHUB-30SECONDS-INTERVIEWS,javascript,What is a callback? Can you show an example using one?,"Role-title keyword matched open-question topic: javascript, node, software engineering questions",MIT-30SECONDS,https://github.com/Chalarangelo/30-seconds-of-interviews/tree/da235b6185721161b7ebc413075b76dc70339ccf,human_relevance_and_currentness_review_required
M351115-OQ08,M351115,351115,Information Technology Assistant,OPEN-30S-014,GITHUB-30SECONDS-INTERVIEWS,react; javascript,What is the `children` prop?,"Role-title keyword matched open-question topic: javascript, node, software engineering questions",MIT-30SECONDS,https://github.com/Chalarangelo/30-seconds-of-interviews/tree/da235b6185721161b7ebc413075b76dc70339ccf,human_relevance_and_currentness_review_required
M351125-OQ01,M351125,351125,Assistant Information Technology Officer,OPEN-30S-005,GITHUB-30SECONDS-INTERVIEWS,javascript,"Create a function `batches` that returns the maximum number of whole batches that can be cooked from a recipe. ```js /** It accepts two objects as arguments: the first object is the recipe for the food, while the second object is the available ingredients. Each ingredient's value is a number representing how many units there are. `batches(recipe, available)` */ // 0 batches can be made batches( { milk: 100, butter: 50, flour: 5 }, { milk: 132, butter: 48, flour: 51 } ) batches( { milk: 100, flour: 4, sugar: 10, butter: 5 }, { milk: 1288, flour: 9, sugar: 95 } ) // 1 batch can be made batches( { milk: 100, butter: 50, cheese: 10 }, { milk: 198, butter: 52, cheese: 10 } ) // 2 batches can be made batches( { milk: 2, sugar: 40, butter: 20 }, { milk: 5, sugar: 120, butter: 500 } ) ```","Role-title keyword matched open-question topic: javascript, node, software engineering questions",MIT-30SECONDS,https://github.com/Chalarangelo/30-seconds-of-interviews/tree/da235b6185721161b7ebc413075b76dc70339ccf,human_relevance_and_currentness_review_required
M351125-OQ02,M351125,351125,Assistant Information Technology Officer,OPEN-30S-007,GITHUB-30SECONDS-INTERVIEWS,javascript,What is Big O Notation?,"Role-title keyword matched open-question topic: javascript, node, software engineering questions",MIT-30SECONDS,https://github.com/Chalarangelo/30-seconds-of-interviews/tree/da235b6185721161b7ebc413075b76dc70339ccf,human_relevance_and_currentness_review_required
M351125-OQ03,M351125,351125,Assistant Information Technology Officer,OPEN-30S-008,GITHUB-30SECONDS-INTERVIEWS,javascript,"Create a standalone function `bind` that is functionally equivalent to the method `Function.prototype.bind`. ```js function example() { console.log(this) } const boundExample = bind(example, { a: true }) boundExample.call({ b: true }) // logs { a: true } ```","Role-title keyword matched open-question topic: javascript, node, software engineering questions",MIT-30SECONDS,https://github.com/Chalarangelo/30-seconds-of-interviews/tree/da235b6185721161b7ebc413075b76dc70339ccf,human_relevance_and_currentness_review_required
M351125-OQ04,M351125,351125,Assistant Information Technology Officer,OPEN-30S-010,GITHUB-30SECONDS-INTERVIEWS,node; javascript,"How can you avoid callback hells? ```js getData(function(a) { getMoreData(a, function(b) { getMoreData(b, function(c) { getMoreData(c, function(d) { getMoreData(d, function(e) { // ... }) }) }) }) }) ```","Role-title keyword matched open-question topic: javascript, node, software engineering questions",MIT-30SECONDS,https://github.com/Chalarangelo/30-seconds-of-interviews/tree/da235b6185721161b7ebc413075b76dc70339ccf,human_relevance_and_currentness_review_required
M351125-OQ05,M351125,351125,Assistant Information Technology Officer,OPEN-30S-011,GITHUB-30SECONDS-INTERVIEWS,react; javascript,What is the purpose of callback function as an argument of `setState`?,"Role-title keyword matched open-question topic: javascript, node, software engineering questions",MIT-30SECONDS,https://github.com/Chalarangelo/30-seconds-of-interviews/tree/da235b6185721161b7ebc413075b76dc70339ccf,human_relevance_and_currentness_review_required
M351125-OQ06,M351125,351125,Assistant Information Technology Officer,OPEN-30S-012,GITHUB-30SECONDS-INTERVIEWS,react; javascript,Which is the preferred option between callback refs and findDOMNode()?,"Role-title keyword matched open-question topic: javascript, node, software engineering questions",MIT-30SECONDS,https://github.com/Chalarangelo/30-seconds-of-interviews/tree/da235b6185721161b7ebc413075b76dc70339ccf,human_relevance_and_currentness_review_required
M351125-OQ07,M351125,351125,Assistant Information Technology Officer,OPEN-30S-013,GITHUB-30SECONDS-INTERVIEWS,javascript,What is a callback? Can you show an example using one?,"Role-title keyword matched open-question topic: javascript, node, software engineering questions",MIT-30SECONDS,https://github.com/Chalarangelo/30-seconds-of-interviews/tree/da235b6185721161b7ebc413075b76dc70339ccf,human_relevance_and_currentness_review_required
M351125-OQ08,M351125,351125,Assistant Information Technology Officer,OPEN-30S-014,GITHUB-30SECONDS-INTERVIEWS,react; javascript,What is the `children` prop?,"Role-title keyword matched open-question topic: javascript, node, software engineering questions",MIT-30SECONDS,https://github.com/Chalarangelo/30-seconds-of-interviews/tree/da235b6185721161b7ebc413075b76dc70339ccf,human_relevance_and_currentness_review_required
M351203-OQ01,M351203,351203,Information Technology Technician,OPEN-30S-005,GITHUB-30SECONDS-INTERVIEWS,javascript,"Create a function `batches` that returns the maximum number of whole batches that can be cooked from a recipe. ```js /** It accepts two objects as arguments: the first object is the recipe for the food, while the second object is the available ingredients. Each ingredient's value is a number representing how many units there are. `batches(recipe, available)` */ // 0 batches can be made batches( { milk: 100, butter: 50, flour: 5 }, { milk: 132, butter: 48, flour: 51 } ) batches( { milk: 100, flour: 4, sugar: 10, butter: 5 }, { milk: 1288, flour: 9, sugar: 95 } ) // 1 batch can be made batches( { milk: 100, butter: 50, cheese: 10 }, { milk: 198, butter: 52, cheese: 10 } ) // 2 batches can be made batches( { milk: 2, sugar: 40, butter: 20 }, { milk: 5, sugar: 120, butter: 500 } ) ```","Role-title keyword matched open-question topic: javascript, node, software engineering questions",MIT-30SECONDS,https://github.com/Chalarangelo/30-seconds-of-interviews/tree/da235b6185721161b7ebc413075b76dc70339ccf,human_relevance_and_currentness_review_required
M351203-OQ02,M351203,351203,Information Technology Technician,OPEN-30S-007,GITHUB-30SECONDS-INTERVIEWS,javascript,What is Big O Notation?,"Role-title keyword matched open-question topic: javascript, node, software engineering questions",MIT-30SECONDS,https://github.com/Chalarangelo/30-seconds-of-interviews/tree/da235b6185721161b7ebc413075b76dc70339ccf,human_relevance_and_currentness_review_required
M351203-OQ03,M351203,351203,Information Technology Technician,OPEN-30S-008,GITHUB-30SECONDS-INTERVIEWS,javascript,"Create a standalone function `bind` that is functionally equivalent to the method `Function.prototype.bind`. ```js function example() { console.log(this) } const boundExample = bind(example, { a: true }) boundExample.call({ b: true }) // logs { a: true } ```","Role-title keyword matched open-question topic: javascript, node, software engineering questions",MIT-30SECONDS,https://github.com/Chalarangelo/30-seconds-of-interviews/tree/da235b6185721161b7ebc413075b76dc70339ccf,human_relevance_and_currentness_review_required
M351203-OQ04,M351203,351203,Information Technology Technician,OPEN-30S-010,GITHUB-30SECONDS-INTERVIEWS,node; javascript,"How can you avoid callback hells? ```js getData(function(a) { getMoreData(a, function(b) { getMoreData(b, function(c) { getMoreData(c, function(d) { getMoreData(d, function(e) { // ... }) }) }) }) }) ```","Role-title keyword matched open-question topic: javascript, node, software engineering questions",MIT-30SECONDS,https://github.com/Chalarangelo/30-seconds-of-interviews/tree/da235b6185721161b7ebc413075b76dc70339ccf,human_relevance_and_currentness_review_required
M351203-OQ05,M351203,351203,Information Technology Technician,OPEN-30S-011,GITHUB-30SECONDS-INTERVIEWS,react; javascript,What is the purpose of callback function as an argument of `setState`?,"Role-title keyword matched open-question topic: javascript, node, software engineering questions",MIT-30SECONDS,https://github.com/Chalarangelo/30-seconds-of-interviews/tree/da235b6185721161b7ebc413075b76dc70339ccf,human_relevance_and_currentness_review_required
M351203-OQ06,M351203,351203,Information Technology Technician,OPEN-30S-012,GITHUB-30SECONDS-INTERVIEWS,react; javascript,Which is the preferred option between callback refs and findDOMNode()?,"Role-title keyword matched open-question topic: javascript, node, software engineering questions",MIT-30SECONDS,https://github.com/Chalarangelo/30-seconds-of-interviews/tree/da235b6185721161b7ebc413075b76dc70339ccf,human_relevance_and_currentness_review_required
M351203-OQ07,M351203,351203,Information Technology Technician,OPEN-30S-013,GITHUB-30SECONDS-INTERVIEWS,javascript,What is a callback? Can you show an example using one?,"Role-title keyword matched open-question topic: javascript, node, software engineering questions",MIT-30SECONDS,https://github.com/Chalarangelo/30-seconds-of-interviews/tree/da235b6185721161b7ebc413075b76dc70339ccf,human_relevance_and_currentness_review_required
M351203-OQ08,M351203,351203,Information Technology Technician,OPEN-30S-014,GITHUB-30SECONDS-INTERVIEWS,react; javascript,What is the `children` prop?,"Role-title keyword matched open-question topic: javascript, node, software engineering questions",MIT-30SECONDS,https://github.com/Chalarangelo/30-seconds-of-interviews/tree/da235b6185721161b7ebc413075b76dc70339ccf,human_relevance_and_currentness_review_required
M351208-OQ01,M351208,351208,Database Assistant,OPEN-CONT-013,GITHUB-CONTINUUM-INTERVIEW-QUESTIONS,Relational Databases,"Tell us about some memorable database performance tuning work you've done in the past. Can be from the perspective of query tuning, index strategies, data layout, etc.",Role-title keyword matched open-question topic: relational databases,CC-BY-SA-4.0-CONTINUUM,https://github.com/ContinuumIO/interview-questions/tree/a22ec7982062ce5c3bad162495452e5738ae3220,human_relevance_and_currentness_review_required
M351208-OQ02,M351208,351208,Database Assistant,OPEN-CONT-014,GITHUB-CONTINUUM-INTERVIEW-QUESTIONS,Relational Databases,"A query runs ""slow"" -- walk us through how'd you'd approach that at a technical level (feel free to use hypothetical or real-life examples).",Role-title keyword matched open-question topic: relational databases,CC-BY-SA-4.0-CONTINUUM,https://github.com/ContinuumIO/interview-questions/tree/a22ec7982062ce5c3bad162495452e5738ae3220,human_relevance_and_currentness_review_required
M351208-OQ03,M351208,351208,Database Assistant,OPEN-CONT-015,GITHUB-CONTINUUM-INTERVIEW-QUESTIONS,Relational Databases,How does a data warehouse schema usually differ from an OLTP schema? *Why* do they differ?,Role-title keyword matched open-question topic: relational databases,CC-BY-SA-4.0-CONTINUUM,https://github.com/ContinuumIO/interview-questions/tree/a22ec7982062ce5c3bad162495452e5738ae3220,human_relevance_and_currentness_review_required
M351208-OQ04,M351208,351208,Database Assistant,OPEN-CONT-016,GITHUB-CONTINUUM-INTERVIEW-QUESTIONS,Relational Databases,How does an index-organized table (Oracle) or table with a clustered primary key (SQL Server) differ from default tables? What *is* the default? When would you use one over the other?,Role-title keyword matched open-question topic: relational databases,CC-BY-SA-4.0-CONTINUUM,https://github.com/ContinuumIO/interview-questions/tree/a22ec7982062ce5c3bad162495452e5738ae3220,human_relevance_and_currentness_review_required
M351208-OQ05,M351208,351208,Database Assistant,OPEN-CONT-017,GITHUB-CONTINUUM-INTERVIEW-QUESTIONS,Relational Databases,What's a bitmap index? When would you use one? What are some drawbacks? What about a bitmap join index? Which vendors provide bitmap index capabilities?,Role-title keyword matched open-question topic: relational databases,CC-BY-SA-4.0-CONTINUUM,https://github.com/ContinuumIO/interview-questions/tree/a22ec7982062ce5c3bad162495452e5738ae3220,human_relevance_and_currentness_review_required
M351208-OQ06,M351208,351208,Database Assistant,OPEN-CONT-018,GITHUB-CONTINUUM-INTERVIEW-QUESTIONS,Relational Databases,"Open source databases: MySQL vs Postgres, have you had experience with both? Which do you prefer? What sort of things would you use one for over the other?",Role-title keyword matched open-question topic: relational databases,CC-BY-SA-4.0-CONTINUUM,https://github.com/ContinuumIO/interview-questions/tree/a22ec7982062ce5c3bad162495452e5738ae3220,human_relevance_and_currentness_review_required
M351208-OQ07,M351208,351208,Database Assistant,OPEN-CONT-019,GITHUB-CONTINUUM-INTERVIEW-QUESTIONS,Relational Databases,"An experienced DBA or database developer has just set up MySQL for the first time (with the standard, out-of-the-box configuration). What's likely to trip them up, catch them off guard, or incite incredulity?",Role-title keyword matched open-question topic: relational databases,CC-BY-SA-4.0-CONTINUUM,https://github.com/ContinuumIO/interview-questions/tree/a22ec7982062ce5c3bad162495452e5738ae3220,human_relevance_and_currentness_review_required
M351208-OQ08,M351208,351208,Database Assistant,OPEN-CONT-020,GITHUB-CONTINUUM-INTERVIEW-QUESTIONS,Relational Databases,"What are some of the ORMs you've had experience with, if any? What do you like/dislike? Where are areas where they're well suited, versus areas where they're not?",Role-title keyword matched open-question topic: relational databases,CC-BY-SA-4.0-CONTINUUM,https://github.com/ContinuumIO/interview-questions/tree/a22ec7982062ce5c3bad162495452e5738ae3220,human_relevance_and_currentness_review_required
M351303-OQ01,M351303,351303,Network Security Technician (ICT),OPEN-30S-103,GITHUB-30SECONDS-INTERVIEWS,security; javascript,What is a cross-site scripting attack (XSS) and how do you prevent it?,"Role-title keyword matched open-question topic: security, software engineering questions",MIT-30SECONDS,https://github.com/Chalarangelo/30-seconds-of-interviews/tree/da235b6185721161b7ebc413075b76dc70339ccf,human_relevance_and_currentness_review_required
M351303-OQ02,M351303,351303,Network Security Technician (ICT),OPEN-CONT-001,GITHUB-CONTINUUM-INTERVIEW-QUESTIONS,Software Engineering Questions,What was your most memorable debugging experience? Can be any language.,"Role-title keyword matched open-question topic: security, software engineering questions",CC-BY-SA-4.0-CONTINUUM,https://github.com/ContinuumIO/interview-questions/tree/a22ec7982062ce5c3bad162495452e5738ae3220,human_relevance_and_currentness_review_required
M351303-OQ03,M351303,351303,Network Security Technician (ICT),OPEN-CONT-002,GITHUB-CONTINUUM-INTERVIEW-QUESTIONS,Software Engineering Questions,"What tools are in your toolkit with regards to debugging? How do you normally debug: a) your own code, b) someone else's code (or foreign code bases). Ideally cover Python debugging and a compiled language (C/C++ ideal).","Role-title keyword matched open-question topic: security, software engineering questions",CC-BY-SA-4.0-CONTINUUM,https://github.com/ContinuumIO/interview-questions/tree/a22ec7982062ce5c3bad162495452e5738ae3220,human_relevance_and_currentness_review_required
M351303-OQ04,M351303,351303,Network Security Technician (ICT),OPEN-CONT-003,GITHUB-CONTINUUM-INTERVIEW-QUESTIONS,Software Engineering Questions,"Tell us about a chunk of code that you've written before that you're particularly fond of. What do you like about it? (e.g. elegant, evil, clever, simple) (This is along the lines of the 'http://stilldrinking.org/programming-sucks -> All Code is bad' section.)","Role-title keyword matched open-question topic: security, software engineering questions",CC-BY-SA-4.0-CONTINUUM,https://github.com/ContinuumIO/interview-questions/tree/a22ec7982062ce5c3bad162495452e5738ae3220,human_relevance_and_currentness_review_required
M351303-OQ05,M351303,351303,Network Security Technician (ICT),OPEN-CONT-004,GITHUB-CONTINUUM-INTERVIEW-QUESTIONS,Software Engineering Questions,Tell us about a past project that you were particularly proud/fond of from a technical perspective. What did you like about it technically?,"Role-title keyword matched open-question topic: security, software engineering questions",CC-BY-SA-4.0-CONTINUUM,https://github.com/ContinuumIO/interview-questions/tree/a22ec7982062ce5c3bad162495452e5738ae3220,human_relevance_and_currentness_review_required
M351303-OQ06,M351303,351303,Network Security Technician (ICT),OPEN-CONT-005,GITHUB-CONTINUUM-INTERVIEW-QUESTIONS,Software Engineering Questions,Worst code base you've ever come across? What were some of the issues? How did you rectify them?,"Role-title keyword matched open-question topic: security, software engineering questions",CC-BY-SA-4.0-CONTINUUM,https://github.com/ContinuumIO/interview-questions/tree/a22ec7982062ce5c3bad162495452e5738ae3220,human_relevance_and_currentness_review_required
M351303-OQ07,M351303,351303,Network Security Technician (ICT),OPEN-CONT-006,GITHUB-CONTINUUM-INTERVIEW-QUESTIONS,Software Engineering Questions,"Tell us about a project that required a novel, thinking-out-side-of-the-box sort of solution? What did you come up with? Why was it better than the alternatives?","Role-title keyword matched open-question topic: security, software engineering questions",CC-BY-SA-4.0-CONTINUUM,https://github.com/ContinuumIO/interview-questions/tree/a22ec7982062ce5c3bad162495452e5738ae3220,human_relevance_and_currentness_review_required
M351303-OQ08,M351303,351303,Network Security Technician (ICT),OPEN-CONT-007,GITHUB-CONTINUUM-INTERVIEW-QUESTIONS,Software Engineering Questions,"Describe your ideal development environment (platform, tools, editor, IDEs, compilers, language, database vendor, etc).","Role-title keyword matched open-question topic: security, software engineering questions",CC-BY-SA-4.0-CONTINUUM,https://github.com/ContinuumIO/interview-questions/tree/a22ec7982062ce5c3bad162495452e5738ae3220,human_relevance_and_currentness_review_required
