"embedding_index","skill_id"
"0","6e53fd99-b646-4327-9580-ac062ab21188"
"1","97965983-0da4-4902-9daf-d5cd2693ef73"
"2","2afb2b59-c9a3-4cf3-b1dd-1a2fad51e583"
"3","3e7516dc-0f7c-4686-8b2f-fade4e5d21be"
"4","eb0e5615-1575-4a86-a1a2-7d39595033c5"
"5","9a35cb50-8106-45f9-8aba-2df99dd6f913"
"6","6bc02a4a-66af-4b49-9bd3-d07695d52b42"
"7","c0ccbd15-36f3-4515-ae0b-b4062d225ee2"
"8","27247d7e-d327-4ba2-87fe-215143be6453"
"9","0189f448-179e-47cc-9716-c5c3ac4b1aec"
"10","f90d4810-8bac-4e5e-b870-3e35a4138ff7"
"11","ecc18804-a466-40d9-98b4-fba5cd67dd4b"
"12","08371fe9-c658-4f6a-966f-71dbb0ab683d"
"13","99b163e8-7815-43e2-83f3-a47f3076354c"
"14","880c54f9-866e-4f37-b5fa-25ef8a7d49b6"
"15","bd556223-d9af-434b-a6bf-e70fa3ed3d12"
"16","c09bf6d4-f8a7-40f3-aead-ef01643f2352"
"17","0939079f-e4dc-46c3-94fa-5155fc34c888"
"18","26879b10-1df9-4071-a4c5-cb8e32eddb99"
"19","90be83d9-56f1-46a4-a6bc-96c51f6c9025"
"20","00f2eee1-cd4d-4a45-ae10-b6060f53ad5d"
"21","25e16679-a7d0-464d-916c-63210001bbab"
"22","cb86ea85-0776-4720-984c-e16f228c9bc3"
"23","c9f4efcd-e16a-4515-a0cb-60c6c479853d"
"24","9b9244b4-6f62-4834-839b-19e9eba0a407"
"25","65209d28-1ba7-4b39-9d89-cadf9493c3be"
"26","409b165c-ddae-4366-aeac-fa95c79e57a9"
"27","892f8e2f-189a-41d5-a4b6-b8e2afb99974"
"28","f191c306-f0eb-4cb8-82fb-3331adbbc6f1"
"29","c0733631-0c5e-4b5c-a291-aad52ca493ce"
"30","9fec670e-4427-482f-b2ce-6355cba6b68e"
"31","79c012c7-4b09-497e-8152-e73e5d1d3384"
"32","6e9aaf01-f2a4-4405-9733-29dc9825efa9"
"33","573d3f91-c81c-407e-a56d-0f3a63272b43"
"34","b2a9587a-49a4-4384-b134-0d394be806e3"
"35","591dd514-735b-46e4-a28d-3a4c42f49b72"
"36","f5308e60-d763-4ead-be95-88c96fb3e02b"
"37","5592ab32-4e7a-4cda-8e64-ca36d5de8a10"
"38","21c35dda-555a-4db7-8984-c01dcd8ad865"
"39","63e21f22-0aa9-4337-87e4-46e8008f1524"
"40","5ca9f3d6-d7dd-4bb1-a4ca-75c6b14b7b6f"
"41","7378b8c3-3b62-46de-9d67-1c9528954615"
"42","b4832996-b36c-40b2-b54e-780325b2546e"
"43","4efae845-a71a-4b10-a245-f996394cccf4"
"44","873f205a-05f8-45f8-b544-fe963a3edc1e"
"45","b9f16465-56a9-426b-a047-0f9f1f95ec92"
"46","1cebfd4f-2ab3-480a-a3c8-8065a303717d"
"47","2f92c4ed-279c-467e-82bd-4709172514f5"
"48","68aefa78-9a8c-4d5f-879a-abcfe1cd464f"
"49","2d9aaad3-a3c8-4c5b-bf67-46984d860873"
"50","d2564da5-c21f-4c02-8887-c78a001bb183"
"51","aa238394-8126-4ada-be2f-9dfe065cf314"
"52","e7114462-379a-4fc4-8d7f-37b66734b52e"
"53","6d7e3b0c-3995-4953-816d-cf3c5e9ffe34"
"54","5d099b8d-eae9-457f-a9ae-0fe5395ece05"
"55","c78456d8-9633-4639-ad36-5755628f596d"
"56","1b1d3540-4c65-4d9f-aa14-f6e200e810d1"
"57","42b23922-1c40-4dbe-9e0c-7a568dfdf06b"
"58","2181d77e-d515-49fa-b638-0be505c18149"
"59","ec0d2580-ee2f-45e6-a423-c69dd3f03868"
"60","b1604a2d-c26a-427d-bda9-b8073a319fe9"
"61","dcd2bc5e-043a-433c-b74b-ce9504474341"
"62","0cd351e5-8798-482e-88a0-4d3eb8fec257"
"63","c54b03a9-fe20-42af-9e8a-f8896af4a4f9"
"64","0f7b4bf5-8d37-4205-bd61-fe0878e9d9e2"
"65","a6d2edbd-5f87-40e0-a227-b7ae8c08db03"
"66","bb0069d2-0953-43d4-923b-18ad370bc2f3"
"67","f31ca02e-5ad1-41dc-aed2-5a9a6db96bd2"
"68","ca64b48c-51ea-4c19-8074-b9cf819cfdd0"
"69","ac3848a0-b460-4834-ac2d-ebac17f1b87b"
"70","68174d5f-1646-42e2-b765-6a66cd1e59ae"
"71","468e27bb-d5fa-4062-9d22-97e0d7546717"
"72","933e7ccf-5d56-46ba-aca4-857f826a6b3a"
"73","514210f5-9471-48ee-bb62-0160001522c5"
"74","e9d625ad-ea81-4ff8-b3fe-ccc1bea65cb5"
"75","6494a9d1-71cf-4c98-9321-9d8724f6764b"
"76","0868eef3-2213-4572-9343-74931345a7d3"
"77","dd297859-0f31-43a4-aa5a-cddd5bf79d71"
"78","680f271f-4a7e-410a-aaaf-4f42c8f48251"
"79","fb89a5bd-8f5e-43fd-9d08-907bd6d6e344"
"80","f199955e-870e-4f44-aa65-51694449b6ce"
"81","52f6fca4-1ab6-4588-983d-15a278148961"
"82","19cfe26e-7360-4455-9721-bb342048df25"
"83","f842b607-730e-4a01-b27d-12e3e4535975"
"84","209ae9a3-07c6-42d3-8cee-ddd7162eb8d5"
"85","49ef9f4c-3577-4780-ba2f-d068d1cde7bb"
"86","54ab6368-4834-4da4-9e30-7f7a8e8f984b"
"87","719d8699-a221-4b5a-8fc3-68a8645cbe03"
"88","27b913f0-3c52-448b-ad27-fc6ef08fb326"
"89","14ced458-5f4b-495f-bd3d-9c240614bda0"
"90","d4ae4774-a81d-4255-8491-cade3580685a"
"91","52047630-b880-4939-bb19-6700187af031"
"92","60856bbb-e5db-4398-babb-300a24a7fe97"
"93","d90c6800-e653-4bdf-bc39-5f4e366fe68d"
"94","cacc293c-13a0-468c-96c1-31a6d4c1c0ba"
"95","aba1f05b-f312-47d8-be71-7c574134de8f"
"96","e71c6cee-7247-49f4-829a-141c880ae938"
"97","55a41634-f4ca-4248-9d12-acd45579ddf0"
"98","d329b1ed-6e7a-400e-bca2-7c1936fbfbcb"
"99","7b3abd38-61ae-42a4-88bb-0884784f9ee1"
"100","0f829ca3-7352-4a54-a991-b2fb3412c94c"
"101","1b73b2a7-aefc-49ef-8b30-b90ca7429984"
"102","5ce20598-7829-4e8b-a508-d5860808301e"
"103","fa01d9a8-34ee-497f-a8ac-27726695a14d"
"104","886f4899-872a-4100-94ac-d331e827a99d"
"105","9ebefa04-1a5d-4e85-b98b-5d50f52d8052"
"106","3b5d16de-6894-4712-aa52-86f1e2c48f0d"
"107","7ef2fc4f-1d8a-4169-bad3-20f5cd878e35"
"108","cd2efd98-b3c7-49bf-841f-e7005dbe472e"
"109","27a87847-f6cc-4e49-af0b-3d17da351af6"
"110","10f04ffe-7435-44d4-9f6f-6bf6e87b9a0e"
"111","4b4f0c8a-828c-4370-b793-65cef69cdf8a"
"112","f2711363-fced-40af-837e-5cea0c7f0604"
"113","910b818b-bc24-4d17-844e-941a8bc997a9"
"114","04dcfb3b-d6ac-4044-a35f-a633d3816c28"
"115","3b64ab47-a874-403a-b781-7b23c2fc3c6c"
"116","c8b4b02c-d9ce-4e24-ab43-5dd52c6dff48"
"117","09c28e46-712a-4c11-a4ae-67ae554ea940"
"118","dcf69ae9-a56e-4563-ad2c-c61dda8215f9"
"119","69f36674-440a-4fa0-89f9-1b70172ebb9d"
"120","9091c8e5-9357-4c29-bceb-ddb1792c22e8"
"121","01c03003-516d-43c6-8477-45c472413521"
"122","db59cca2-7b61-4d28-9579-00bb4a81712e"
"123","102b6ba8-452c-4f6b-8b3f-1ab5a2d02ffe"
"124","f40be391-915a-4f80-bc3d-b727cfd172b6"
"125","8bc75dce-beba-40f9-93fc-66c9708ed74b"
"126","a32ff11a-5f97-4c2e-bbf7-6848814e56e8"
"127","b422efe7-b151-4120-86ae-db11a48dd0fa"
"128","a366bfc5-8d17-4792-a9f0-db0951528dda"
"129","61a9e90d-9013-4323-b114-fb4bc7e6729e"
"130","2f31126e-b6c9-4a20-8747-3b1eeb0ba426"
"131","33e5a0ea-6e6f-4b22-9865-71864de92985"
"132","79c36c91-28a5-44b7-ab9b-7093b2d4b21e"
"133","ed1d2fed-92c4-47d6-9d6d-34d501c55572"
"134","c362f415-9cdf-4328-9cf0-651443857a48"
"135","649cab01-fa5e-4721-bf63-76dccc34f3f6"
"136","8232979d-6aa4-40c9-a12b-5152a52a76b8"
"137","78de3e5f-e3ea-4da2-aa09-3704d03ba622"
"138","8614b988-b907-473e-a701-47b525959dc8"
"139","77a3198a-d862-4dd0-80fe-ee127da845cf"
"140","58d8e348-8bbc-4827-9214-822b1ee0007a"
"141","5b8d63ff-a58b-4331-a53b-b1925acae4dc"
"142","13f7cd7c-6ec5-4186-8744-de3c780b973d"
"143","f78877d1-99f3-4649-addc-2d09c9183a1e"
"144","9bb92e10-a5a9-437e-8101-8be2d7f631ff"
"145","dbdd03ec-f64f-4916-8a86-cc71d765cc20"
"146","3ff821af-f977-4cfd-98d7-27d30d2e4828"
"147","b66f9bca-e042-4eca-bd28-b81de0e5e129"
"148","adc82bc2-8b95-4826-a6b5-e7189989bdb9"
"149","8c474534-707f-46f3-b356-810bbfe8b693"
"150","6c80c47c-3d08-4356-aa82-46f6ec82c898"
"151","7b901041-3863-4f35-ad9b-5f89de38b1e5"
"152","9072e955-3c24-408e-a069-15f3fb012e72"
"153","163f98f3-a8a7-4008-be49-87f4c7d27738"
"154","90ccd1bc-af3f-4c04-b2dd-bef2ba62905d"
"155","f4482d36-86d0-422d-aeb2-59d1bbebb6ff"
"156","0e0b8991-4b24-4bb8-9113-df3ce43c1ff9"
"157","b34f8562-9fcc-4e58-bd1c-8088ebadd315"
"158","d2dc31f1-720c-4757-bc1b-9e563d264dcf"
"159","1212ac42-2564-4fce-80e1-6ce4ea4d9bf5"
"160","98bcc40b-2f63-4832-9290-7430a103d102"
"161","41577315-0b55-41d1-9fa6-c4ad021d5783"
"162","592bb88c-c063-48a7-9dca-c81f37f724a5"
"163","4d032f82-6279-48e6-9892-116440a071e3"
"164","acd54bcb-4c69-4ee9-a27f-732aec62804d"
"165","49ba1b34-ae1a-4a6d-8d66-8f1f029d361d"
"166","1528547a-3524-4355-90c1-3428e2798419"
"167","f5584cdb-fded-4dfe-b246-ef06f442d3a7"
"168","410ed4d3-78a5-44c4-a5bd-4276900b463e"
"169","a9640376-8d72-4a70-a4a3-7a18e2e8f3c0"
"170","d952e003-b5af-4a8a-9d32-921d34dc4907"
"171","2691f4d8-d090-423f-afd7-9e721f562e8d"
"172","d619761b-cf3b-471b-8113-87792b256939"
"173","c823d9a1-5403-4f2d-b9a5-2fada5ee0966"
"174","0efbe2dc-2770-47ec-b8f4-d1bdff6ac0a4"
"175","37838e04-ac5f-43a5-82d0-35f42351fd60"
"176","3e25fd3e-2bcd-4320-9587-0aadf7fb93b1"
"177","dbef5042-4b99-4e6f-b2ed-1d33b07b3ed6"
"178","6742977a-aa00-4c8c-9861-898b0373907e"
"179","466af4b2-3467-4f4c-bf9a-8cfb0e0c8e21"
"180","161a6c5a-593a-4977-b7b7-49c6a2a2f2a3"
"181","b5feaf25-3975-4e74-85fd-4470e344ba2e"
"182","b0316cca-d844-451e-a9ba-aad6db2149ce"
"183","31efacf9-6623-4d88-947a-34613ce3c468"
"184","8b46636e-e201-4086-a8d5-049b65eaf40e"
"185","1ab1449d-5b65-458b-b115-f5283a52da8e"
"186","f82b05a7-128b-4a72-a815-044ff6062f62"
"187","274ad409-c740-4e85-852b-7e3f3168b9ca"
"188","4d2fa936-9983-45c3-986b-fdf82fb65d0d"
"189","aa1eb7ac-53a8-4c08-ba6f-3f3196b1cae1"
"190","973d751a-93e0-4bca-88e0-383215f042e5"
"191","7e30aa6e-d65e-4e00-a76b-001444a7d07e"
"192","a85f248e-38e7-46e8-a1e6-9b1881920a3b"
"193","6b85a3ef-4518-42e1-84ff-55ff13c2641f"
"194","394028bf-8dd1-4910-ad46-bc9e8e6e5b6d"
"195","80466be3-825a-456a-94ec-9c83c0007f0c"
"196","8be4540d-db79-4213-8820-bda0d3fb74a7"
"197","5dd96c59-5955-474b-8cf5-e986a5b50f1a"
"198","6db3ac8e-8636-4ced-965b-75e35c3193c3"
"199","dba46f87-0831-49cd-a1c7-340a653c0221"
"200","0a9acb6b-1139-4be9-b431-3a80a959f2f4"
"201","25551d22-cf72-47db-84e4-db18867e5f78"
"202","518779a6-ea5d-4e4b-8029-8bc90b5bcb92"
"203","7e9b4242-2be7-4b9e-8ca0-46d5cedd3cb9"
"204","5f95f9c9-30ee-4735-ab63-8045ec8f78f8"
"205","2facacc1-920c-45f4-9a69-5892e0d34fd8"
"206","df0690fb-070b-4d63-9043-a65f18044787"
"207","c4b03a17-a93e-4a8e-9846-4c4d469d4001"
"208","8034a1ea-5ee0-4a84-8fd3-16411c8d86fb"
"209","5eafee30-f3b6-4cd6-baf8-517bb2f3d625"
"210","afdcb380-ef9f-4785-b877-cc551f035034"
"211","b5d82f65-8934-4cc2-8ced-2a23871d02e0"
"212","b387bca8-0f61-4548-b41c-2fe6887d1534"
"213","34330a42-eeb0-44c3-a41e-670e9b20c7c7"
"214","b293aa52-8ead-42b7-96ef-de4fb0654c28"
"215","557e9247-1a2d-4497-aa7f-0cded7768da1"
"216","2672f6a9-1e70-43c5-859d-e6a0fc9ea0f1"
"217","532bcdca-a889-4dea-8f7f-4e03d8cfd0d2"
"218","787b82e0-382b-4f1e-b9f3-56f419fbb1cb"
"219","e7f7ceb9-6b2e-4a9f-9bc3-34613fd984c7"
"220","137833bd-aa42-47b5-8005-dd004060c8b5"
"221","c648deac-4969-41b7-8a67-9987f5d414a6"
"222","589f0d24-0846-4971-bc6c-a42bb274f69a"
"223","8143d024-c593-49d2-834a-e9e9df1110b8"
"224","b4dc6e4f-dc7d-445f-8ce2-d7b9d225e282"
"225","8c88d336-c249-4537-b26e-d679a85c4b9b"
"226","55e910e4-736d-44cf-bfa9-b15adc5d91d2"
"227","54924a2c-daca-40d3-9716-4b38ceb04f38"
"228","dd276faa-ef0a-4ad0-8744-37b883a79b64"
"229","5133ed7b-0785-4c28-825d-1dcf518c4b5b"
"230","ee7f90cc-922e-4da7-a7ae-83c2688fed10"
"231","2857540c-180b-4208-9127-e94a01871966"
"232","f18b3dc3-fc4f-438c-9279-ebcaf2908b20"
"233","b36a1779-914b-4a4e-9d79-a1765bdfcc86"
"234","7b0abe5e-ac4d-4416-94b0-747ab497893f"
"235","28a2ff4b-5f99-448e-8bd7-fb836166e95f"
"236","3b2d77a8-6a61-48a0-af4b-e63bd083334f"
"237","8f585def-6ade-41b3-b897-3d71fba4151d"
"238","e9ff446f-6a8a-4e35-a611-176508964be3"
"239","f8f89b7f-901c-462e-bc6d-f7d2ba68f92e"
"240","43438fd0-3af5-48f9-8984-495dfc447b0f"
"241","ee1417ac-4e9a-4102-b89a-528ab4ffba13"
"242","97db841c-31bf-4aa0-85b9-0ddd0a77b7a5"
"243","47a49cd6-097d-457a-9f7b-c290c14930d5"
"244","67d37d22-a013-4d79-9185-2f97820917d6"
"245","43805fb4-8bbf-4960-b7d6-8bc275390cac"
"246","5da3c765-10a3-49eb-934c-ec401ceb1a34"
"247","56042303-972b-41be-9310-58467599ff7e"
"248","b04f377b-ee80-4b38-aca1-19d266a23b17"
"249","3bb6f78f-24f3-4799-b247-91a0c4bf5d81"
"250","355c4510-8b6c-4d39-9e4d-5b91ddda2fb4"
"251","39aa5571-45ce-4ba3-a280-f6870ef0075f"
"252","1b8194a4-952a-48e6-8087-237a29039f50"
"253","fbe6232a-e2b2-4830-a5e6-ed6415f01e85"
"254","750caee5-12a0-46ba-b8aa-1e56370deaf9"
"255","03bc5f23-4317-41c2-9528-2db5c3c87b85"
"256","c5d018ca-f6fa-4cc0-b209-43df46e56d48"
"257","5354a726-ee64-4f34-90f8-8436f9f374b8"
"258","5f302d63-048e-451c-b150-97c124a5a26b"
"259","29bfe2cd-f011-4f94-a3aa-f77768e60460"
"260","28878fd9-9a17-452a-b3b8-5db5c63d7905"
"261","77f109c4-3107-4d2a-a512-5160ac103933"
"262","aafbfaa4-5f93-457e-8cb8-d4ed855277f8"
"263","ce5b1446-b5e3-4f05-a5ac-83f2ee142a44"
"264","8a43795b-bb38-4f29-91df-a6c92ad4643c"
"265","eb8babfb-ab91-4937-a032-6a79f82e9b7f"
"266","4214d5f6-7f26-4d15-95d6-4e6aa8cd2d0f"
"267","dbfb9dda-48d9-4a10-9821-3237f868071b"
"268","a4559e78-c78d-4292-8b63-c9a4d4549a6e"
"269","7adb8473-bcc6-4ff8-9850-76d945d40092"
"270","c1df8590-4b5a-4598-84a1-431f639ba66c"
"271","3181325d-0590-4c6e-8db1-8278427c18ff"
"272","3dde5918-f4c6-4d46-9d6f-c7b2865f594f"
"273","e4a57b51-16d7-4dfc-bb47-6aa401e39b2e"
"274","91816e1a-d026-4d21-9b1c-59ca5cf488de"
"275","303a54a3-ff8a-4f29-b598-e54ce54c2b48"
"276","7dc3d869-2a60-425f-8557-ad40eaaefc80"
"277","12d93356-78e7-4857-99a6-f00b4ae2ec77"
"278","5d26851b-270a-4fbe-abeb-2bfd6eba3e2d"
"279","8029637c-00eb-4764-ae88-387611176c4b"
"280","292549e6-08ec-456c-b008-eba7a0a68428"
"281","73e2dbf5-571b-4921-84f4-1d3ee64e4cf6"
"282","da042121-959d-451b-b4d0-3bbf07c1bc67"
"283","545c80e8-7ab2-42fe-af64-242211e94709"
"284","486e0580-470f-42a2-bd6d-ec940c239a9b"
"285","578ea133-eaf3-4542-a727-fe4fc8a6b5a9"
"286","f1b5800e-b763-4740-9586-3fef30568e81"
"287","ae965e49-06f1-442f-87bf-e48fc1e1d8b6"
"288","473a8b64-a05c-4d49-962d-b9d9219950bc"
"289","95f4631e-fcde-467f-8277-01e824b40a06"
"290","bc946ebd-caa8-4e18-b5c5-5928768f45fa"
"291","67ba7f39-1ebc-4d71-ba11-5804a1712ff3"
"292","36ff57b0-637d-4a83-a0e8-d14f86f9f078"
"293","a6c478c7-9807-4a67-bab4-aa9e02547175"
"294","c4f9fdcd-c0c4-4360-a7e9-64a55fc13263"
"295","f28617ad-afdd-4041-814c-216153a38998"
"296","d58a48d1-5b7f-4028-ae11-b051d13ee1a8"
"297","a9d2af37-f208-4ce8-8cc2-24de0b02b555"
"298","632843be-2872-47b4-a92e-352629f9bd88"
"299","96d549bb-3e62-4c45-92a7-f114df089581"
"300","b7e57889-a84f-440c-9e60-459aa69979e9"
"301","45290231-bc6c-461e-b05c-aab9bad212c4"
"302","81a2db2c-7e55-44d0-9cd9-74c25147d7cd"
"303","9714735d-6f60-440b-bdbc-aaf45ebcbe78"
"304","afe9c5d2-e8bd-4377-9d2d-49b9589f05f9"
"305","8c8d0196-4acd-4217-89cb-abaf96845b14"
"306","390bd026-943b-44a5-b871-def0248e26b8"
"307","b8316819-feca-403d-902f-a86562fd91e9"
"308","99095ca0-1218-462d-9e95-79e334ba8b63"
"309","620b7a6a-2231-4fea-b175-fd7ff16cce0a"
"310","5faaac96-9273-4156-93fb-8b3d48cf20f4"
"311","b29e0c5c-7d3a-44a8-a182-75374abd4e76"
"312","ff862044-d49e-4417-bf65-1ae2c0a47e5a"
"313","2ebcd941-fdb5-410d-8346-a5b85833331d"
"314","1b61166d-0495-4f16-aff0-f564d3a8afb3"
"315","1d58c862-1100-438a-bea7-34e0c2a36055"
"316","e286eddc-75e5-4ae3-966b-ec89c1c046ba"
"317","2b4a3217-c06c-456c-905b-58350ab2c32d"
"318","896b0b7f-e793-4b3f-a7a6-4ab1d237f695"
"319","d8829a1d-dbde-435b-b921-29d6462f35c9"
"320","fcae5ce9-62a7-4318-bed4-339553f6a83f"
"321","f022949a-39bf-4f54-978e-3d5fa8dd19d9"
"322","c345ad5f-6b37-4861-98b2-769d819309a0"
"323","41235c52-558f-4f94-9f14-dc69154e5081"
"324","31eede0c-9dac-49b8-b61b-1f9f22e79e1e"
"325","37fd96cf-404a-4fa3-a443-2b5d6858c010"
"326","4bd422bb-6ea3-4161-a908-53c0f5a1bb00"
"327","385a01ed-800c-4fb2-97f4-56c367cf7f97"
"328","ec841d52-755c-4534-b362-811ca07b6cd8"
"329","4e6cfb60-9579-4822-8a5e-424bc0c8835c"
"330","49212efd-acf0-4257-a011-e07c9e369ecf"
"331","7edd11f2-6b4a-4a76-8b82-b5c57f3d8f07"
"332","6f8a40d6-f9ce-43ec-a72f-d4213a53f3ed"
"333","5a0bffcf-4ff6-49cf-a7db-4142e63f5f04"
"334","38cd93b5-af8a-4528-a0f0-f8439ccb4b09"
"335","2206af0c-3deb-48c5-a544-b9983d347da3"
"336","c2aacac0-5a16-4493-b769-e7c052916d39"
"337","f98159cb-935a-4a20-97d0-68e2e3e60765"
"338","a9acb2ba-a88b-4d53-98ca-0e04ec83b5e6"
"339","ea0d953d-654f-4082-b74f-93048a7f5d60"
"340","41d697c1-46bc-4e6c-ab91-002a43f75cf2"
"341","0d168770-4d9c-4096-b048-a6577818d306"
"342","0fb753a1-2ef2-4429-84d2-ecb2b24daf7a"
"343","58d7a289-dafd-4363-833f-d1dc4140885e"
"344","c4b626c1-e71c-44ec-9f88-042766f37fcc"
"345","3d7dc568-4b88-4eab-97d8-2fde5cea3df0"
"346","a07a5d41-add0-4d0f-ad01-718d39554be8"
"347","1859883d-c047-4fe1-8e74-7bb4385d6ad2"
"348","5dbbeadb-45a7-404b-ba3c-eeaa045c4e64"
"349","4f0e579d-ca7b-427c-ace6-9e2de3eb19c7"
"350","607f81ad-93c3-4c62-aa8b-0f8756d90a04"
"351","a7fbcdfa-23af-49ba-a7b1-3d5d69078f3e"
"352","273407b4-0b00-4166-8211-1fc6bbcb6b42"
"353","912f7556-6b75-4d73-9658-4e710050199d"
"354","2d9244f4-f58c-45dd-b4fe-06b24f6d66b5"
"355","27d26fd6-5795-4f0a-884e-112df7c68314"
"356","b811231c-9398-4996-bd14-48b15a3caaeb"
"357","b363bb5f-2c79-40af-94da-33e06f9dee9f"
"358","43032597-223c-4559-bdf9-abf0a312839a"
"359","774ef528-897a-4076-a1fc-249ca021eb50"
"360","3c03ee71-4a23-448f-b79e-81fd75d27dca"
"361","19c1237d-8760-4820-b245-9648ba7abf62"
"362","27f461a7-3bf9-47e5-9e46-a2aa13cf4064"
"363","0a43729f-2a79-4dae-9faa-95520daae79f"
"364","0ee94af1-b445-4973-9c3f-459fab250342"
"365","e18a6a3c-4f26-4141-8c72-4b4f01d77914"
"366","ee8fee1a-75c1-43fb-b08d-779929f99249"
"367","009db49b-fcf5-4409-b4a5-232d059f3597"
"368","f780a6ad-b01e-4c35-9746-af8fc0c5ad06"
"369","6da25bcb-e854-4a19-83de-5d4957e5f7a4"
"370","a9661351-4d11-477e-9f8c-e22dab6596d6"
"371","4b04a0ea-d5a8-4fab-9ff7-c1befe2a57f1"
"372","4b244020-5f28-4e20-b74f-1c2dcb6f15cb"
"373","9295d1c5-8d7d-423e-a6ce-dfbc1d991f88"
"374","0023e7a5-43da-4b68-bee3-726ef21f986d"
"375","0dcea846-04b4-4ffc-8c75-a35c991454b1"
"376","8ab0f769-f06e-4d57-ba9c-1470230236d4"
"377","ecadff1d-9ba6-4802-bd27-6f534ab5c478"
"378","b6ccadfa-695d-43f6-94c6-bfc9d1adb88f"
"379","c751974d-5d8a-4b16-806a-940bbdaf6a57"
"380","88232a01-699b-4041-85bb-8ab7bc54bc21"
"381","5f0082ab-2131-49b5-94d6-a1821daf57d6"
"382","70ed0119-0a2d-46bc-b1e8-da11a5ccdfbe"
"383","23072dbb-e93b-48ab-8756-c64f74aaab26"
"384","6f2a4a5c-2f6e-49ab-8441-cd600d1f20ae"
"385","bf7a45c4-0d72-4e6e-9da7-127b2b6656b7"
"386","ecee574b-4332-4cb4-b81c-d7ac71a0e2e2"
"387","96ae5ab6-d696-4d4f-be1c-d02e722c6f55"
"388","5ba1d5b9-3f8d-46ca-bf9f-2e9ca65d1350"
"389","dcc96a49-0bac-4a9c-8f8e-a32b4e47e6eb"
"390","63d22ad4-b8f9-4910-862f-febfdc2e7f5b"
"391","1907a2d7-c974-4ff2-ab08-d0324515a200"
"392","9707091a-323b-4240-877a-5999a19286f0"
"393","cbe2c304-1e7d-489a-97d9-a7d3e37a9db6"
"394","86d2e2ea-1ba2-4aa6-b465-8a1f9abc81b8"
"395","e3ef4981-2cba-4b34-b273-728c3a33d04f"
"396","43a02264-9393-43ed-b517-00dd99369710"
"397","a0e23745-6ba4-45e2-9510-df6e71ed1230"
"398","b6de3efd-39dd-428c-a20d-b2a8f5583429"
"399","f8bc0c97-e56f-4f19-bedc-fededf7bea26"
"400","8a13f5ba-6630-4f41-a2e3-8cb7202bc932"
"401","89f5ecf0-fb04-46d0-8f2f-aa0a09d8d6aa"
"402","5dd01a1e-7ba0-4b7f-a76c-ed811c12bfde"
"403","a28e8141-89ee-4b24-a3bb-1aebcc56c72d"
"404","d3eccb86-f02d-4950-bfbd-20b9510774a1"
"405","7a63f944-6948-4ae4-9c1f-d08e492535c9"
"406","8ca08a35-2d2e-46f5-b440-8fc8ce736287"
"407","98d0c976-2966-4f72-831b-ffd1f531a2c6"
"408","298bd71e-5cf0-47e9-8b9f-08103f0b03a4"
"409","1fd51289-0490-409f-8074-08af9382b7d0"
"410","723a149b-101f-4d5c-8afd-46efd1bcc3c5"
"411","35421ebd-dc4c-4827-adbb-faf4a98c1968"
"412","fca51799-19db-434b-b18a-3d5ea2d2ffb2"
"413","110833ee-c4f1-4856-9b7f-7e49ffda537f"
"414","2f8a2712-d20c-4e5f-b34a-738f55486aa0"
"415","2ebf1ab5-1088-492a-96f7-51d308b75c76"
"416","b61124b7-3a6d-4f76-96cb-8e2214b79484"
"417","554a5829-7383-47cc-9cad-5f9f69de4a79"
"418","bc250150-3372-42c9-834a-a1b65f89ca0b"
"419","833289fa-3646-4010-9d9e-93ba8c9ef2d8"
"420","20b9852f-a445-4097-8273-4a18fa6bfff0"
"421","a7a14be2-78b5-4b4a-ba77-2658285e2756"
"422","96550830-539b-4746-96aa-92aa4959945d"
"423","80cf2345-7fd8-4535-8e8d-0279771a03cf"
"424","989dc903-5838-4d84-8e04-e5b7a2ba97c5"
"425","6f571969-3640-4774-a9bc-fd2ef583fdec"
"426","7a34b3d9-bd3b-4f4e-a0f6-f97439901cb7"
"427","791eff86-914c-417c-9159-1a123ee516ae"
"428","64e09849-a7db-4d6b-a932-66264420eb97"
"429","136596a4-00b5-4ed3-bb6e-717198c1ccbe"
"430","bd6148e4-f776-486f-9f88-efd77d786bfe"
"431","50e313a8-01fc-48a0-9270-f25102adb8bc"
"432","382c11ed-20d5-4ae7-b60e-15fec527fa6c"
"433","6c870993-9341-438b-91c0-c7fe4f96d8f5"
"434","e6bf6e73-230a-434c-97b2-a0c042a8b7ac"
"435","0cf3117a-c627-48e0-8d55-65b0f4557ae5"
"436","07e47d58-dd0e-4302-9e68-70a188e89065"
"437","4d30ad07-9e39-4899-81dd-02b280f162f9"
"438","ddb8588c-7b89-4f38-ab5b-0d3e60b8c34d"
"439","59eb177a-2f30-4943-8b30-5f87dd51a80d"
"440","c32ad607-0c4d-4e34-b73f-668298f7bf13"
"441","8460496d-aa54-495f-af9a-a4b571a5f994"
"442","f1f5eb7f-1776-456b-83a4-f3e06df2da5a"
"443","5f847c9e-38cf-4506-aa1e-58ab1a8c9c8c"
"444","37a438f3-e28c-4e32-83c5-299f047c1dc9"
"445","7afd29d7-9c9f-4151-83f2-562b8c94a3af"
"446","b4d13ce4-30b6-42b4-8f58-2846a8e641c2"
"447","e040fb97-ac17-4cd0-bf74-7e96c83811b6"
"448","679e221d-4e86-49af-8e91-ae8c6fe8e5ae"
"449","f54c10e4-630d-4e50-95e9-4e9e268e8f12"
"450","71b48d23-8a2d-4f99-8d90-7e904de607ca"
"451","a0b6f2b8-0f41-420d-9d7b-942026f83b50"
"452","4ba6ac71-22ca-4e65-8aaa-7a065fc3deda"
"453","30dce29d-0518-4f5d-aeb0-2b5b49e3afbe"
"454","450aeb6d-5f23-4e08-b088-3bbefbfb9f2d"
"455","54434099-46cd-4809-a0c2-648d46def111"
"456","9d3bdfd8-6637-4503-95ae-86810c119c7e"
"457","5333761a-9a0e-4150-ac1d-6ff8111e37a8"
"458","eb15dded-296d-4d7f-a5f4-549ece8b34fd"
"459","80c042de-bc1a-4d78-b266-35bc80ba3093"
"460","9f5e899e-a53f-4b7a-a137-aade7fb18b86"
"461","88680a21-57f9-46b6-8268-7d8e42aef849"
"462","6451e645-67b5-4cc7-aafd-fab19629fa82"
"463","2e040fb0-66b9-4529-bec6-466472b60773"
"464","b30b6e13-6688-4035-b99b-fb3a1def0833"
"465","587f6825-0ef1-4fb0-8425-71a50d786a37"
"466","72e36936-3eb4-498b-8bf0-1f2cbe145447"
"467","39b2f4dc-86b7-4bf9-94df-01771a56e042"
"468","83d9f34d-d362-4b8c-993a-aa8a8be407f4"
"469","1b5b4ecb-0c8a-48cd-a512-ef0007de2a27"
"470","14f9a27c-d52e-4e3d-9819-e564d4ec3d71"
"471","6c6f0d6e-1f31-4413-b2ee-dabe135b29a7"
"472","4e8d34e2-b236-4d05-9607-85fb4bd9c0cb"
"473","829d1376-41bf-4c41-9bc3-62dce647677c"
"474","5608d5a0-6d5e-43b7-be37-616501729bb4"
"475","d13f1685-9848-4c9e-a40a-686ddb407858"
"476","56a7f561-1d55-43c9-9cd7-36a0a9bc6c50"
"477","415cb0c2-e169-4f99-ba3e-d1c433b75368"
"478","78aeeab7-f22f-4fcd-8543-d11340e3ee3c"
"479","4ed385bf-3e87-476a-9f06-08c2e801133a"
"480","3dc6fd8e-6ff7-432e-a262-04d487858efb"
"481","af0b1937-7538-434f-871b-7e8f72e04117"
"482","87a0c0e6-c114-4ea1-b2d0-933bce1f3c5f"
"483","9060ae06-7149-445e-8173-b99a098931ad"
"484","940d02e8-0199-4b5b-bba4-19547aa9b498"
"485","db4a5d3a-47f5-4ff2-bc79-e458ee58c3fe"
"486","aec13d38-b54b-425a-90c5-b0daac6f0776"
"487","79edf815-70bf-48fc-a2f4-86ae5d372918"
"488","7ffae77a-93ce-40a3-af99-fae5729e8b15"
"489","b3afe118-6631-4640-942b-5acf7a0e7ada"
"490","368e5db0-ecca-4694-b116-3bb0f238d10c"
"491","dbab7fdd-b99b-4233-bc81-75563eee51a4"
"492","8e9ba0f2-a152-4cde-93ff-db56eaa0c204"
"493","e73c5d59-5e54-4238-bd2a-9aded8083107"
"494","b36176ec-3499-4235-a15c-cb485a386dc6"
"495","47b9bbcf-356c-4782-83a4-7f5a1b2b51a3"
"496","d33b9bd2-6dcb-4abc-b3c2-96b8983d5c97"
"497","48f9797c-a39e-4a27-a9d1-f4c32cf9c9bf"
"498","5cfd2965-ea80-4d1d-a6d6-9ac5c6af6073"
"499","81a51be0-b205-4853-b8a7-3e11aaf2ad64"
"500","03bc85d5-78f0-4409-86ed-87dc35345760"
"501","60fbed03-0ce8-4bb0-9f01-af6467e954ec"
"502","1e25d043-0307-4e50-8a19-9e7cce22caea"
"503","3727f0d3-da1b-4ce3-a9cb-efe6130fe41f"
"504","908e8fa9-7ce7-4328-816f-381748504aa4"
"505","bceb723f-a74b-40e5-8187-f2e0904b6261"
"506","64f2c90c-4144-418e-82c6-3150e03d29a3"
"507","36570124-e778-4213-862e-c4059eb5c224"
"508","705ee92e-8cc4-4c86-9321-88e0821373a7"
"509","426c1016-5a78-4357-9734-9cf5127d4fb7"
"510","e541c69c-ea80-4b17-87cb-4001d0b9d303"
"511","41168850-6e3f-4fc8-afd5-9337f0c66190"
"512","192e12e7-6bf0-42e6-bfc3-70c08551f12a"
"513","d3a0f1fd-3a6e-452c-84a2-dc594b403a18"
"514","ae6d2f17-313d-4747-af86-213625db5084"
"515","e95058a6-e139-42e7-a470-72038a606649"
"516","edf0690f-629d-4674-a9df-45fd89413e85"
"517","a92dbdb0-03b2-4547-a030-982d087a94eb"
"518","2474e095-309f-4283-b880-6a3a9aec4d34"
"519","e9e08a59-f697-434c-a955-39623650be9d"
"520","2307b2e5-433d-4168-b486-fddb2b5ce129"
"521","5e641832-dafe-46fa-8e0a-b29b223f985a"
"522","0dc7aa1b-b5af-4f4b-81ce-ee22ed8b6926"
"523","1c9bb265-6ff7-428e-9a72-9c8df75178b8"
"524","4bf37ee3-2c8b-44cc-9f91-3eeda46e8c5b"
"525","0d7f5ea2-dee7-4d6f-9f1d-93772148e6f8"
"526","6a429716-fa3d-453f-9b0c-658d25ed0085"
"527","b6d7afec-bee3-46e8-8651-c6b1f38d435d"
"528","b82f51d0-38d1-45f6-99a0-4586309c6b60"
"529","cfbde1b6-8e47-4b83-b430-3d5f7f38d69a"
"530","bfe54838-37e3-44b5-a387-97ef728410df"
"531","87a557ca-7965-43a4-b7b9-719da218d371"
"532","1b9899a4-5b50-44b0-a21a-e2f86c51ac5a"
"533","b9201557-7fab-430e-9acf-36a9e57aaa8d"
"534","36fccad9-1d20-4104-bcc2-a8ea9d1ce5ea"
"535","66cf649e-fd1d-4840-8250-ebd546a12239"
"536","b2235ce8-d0f0-4954-9b60-e2c1aeeadab5"
"537","c3a9d357-2279-4d9d-92e2-e4280b8a61c6"
"538","4ac70e2e-7e8f-4175-9845-59e841c3a1f8"
"539","016cee6c-9e95-466c-bd51-d63327751aa2"
"540","b74fd765-e1ae-4f56-a188-45cd782bca01"
"541","d7b66759-c40c-44de-9f31-9418f84e10c5"
"542","d1ac8870-b1f5-4ea5-9fa6-0a1c606940fd"
"543","c135fe47-dbc1-4acc-a7ac-5818a29e74f1"
"544","cf441bdc-450b-4f44-8b21-3ca946c5d96b"
"545","7ff1cbaf-f06c-4726-a74d-e2bc8c446f0f"
"546","8d927aab-9202-4c02-9f39-5d478458f25c"
"547","7c794fa9-7b30-40a4-a3c8-a34c6bdc367a"
"548","be0d40bc-23cb-4551-89ac-727faa8a4e52"
"549","6fe019dd-027f-45f3-b19c-d27f7ae00980"
"550","d1041406-2c24-4177-9b64-406621a8865e"
"551","96ec2d53-4f41-4172-8ef2-70742c4bb540"
"552","3cd0ee1e-73b1-487e-b186-2e0c4fc3720f"
"553","4a8492b8-55ba-4ffa-b187-4b16d20bacc4"
"554","21056f6a-8a85-4eb0-b709-468578b809e0"
"555","4e87c852-602a-4a0e-b8d8-20709ce14ac5"
"556","465e7c78-cd26-4503-a5ca-40009e807705"
"557","bbb653b1-677a-4dc2-9504-374cba290bf1"
"558","9c3e99d4-c887-4c8f-a48e-3ca5f73b8b3a"
"559","1ead478f-4e9d-4aa7-a728-823fc1e894f5"
"560","7f27f1ff-2e17-4b69-990e-c23334478313"
"561","31b67516-af16-4b97-8430-a8a8e0f84190"
"562","b02b38c4-d46d-44da-9479-1310060bd74d"
"563","18a5e674-550e-4fdf-98e9-df4584e2869c"
"564","128f0b4c-8da7-467b-9196-7c691e067a1e"
"565","ed8e99d5-68c0-4f1b-8356-8fa963f6d75f"
"566","bcb02777-45be-4166-9448-74a15b6f8136"
"567","61970f8b-099c-4e7e-82e0-9ccdced0baf3"
"568","118d663f-473b-43d4-a990-fd81bc239517"
"569","d0f48427-7987-4f86-b24d-709837a37fd2"
"570","763635b2-a9f0-4192-9656-0412a9d57488"
"571","6f2ac3e9-859e-442e-91fd-2db1a2bc8467"
"572","d7cbc3a2-fd0a-4d3b-acb9-6e24706c2176"
"573","186776ca-1758-454f-a544-2004f21bee9f"
"574","2fd5cac8-b23f-46fe-b186-8836df388fda"
"575","9153d8b4-f8ac-4a2c-99d2-383f5c129af1"
"576","14728ad1-fe4a-4921-8962-ab10a585c521"
"577","a374d988-ef19-47ce-90c3-9be2b6330a73"
"578","929d3b3f-bb2b-4c6b-a90b-c57e79a36267"
"579","539d758d-8625-4b82-bad1-71cddead2a48"
"580","d90ee634-e618-4d67-8b33-200266acea92"
"581","25b762be-23eb-4165-aa05-64663de3e654"
"582","d63f83f4-648e-4adb-8e4c-b7aa7b3d76c0"
"583","a31c8047-8715-4484-aa32-c974127bcc69"
"584","f7ec9783-09e3-4064-917a-362492adb210"
"585","d2f78372-c23b-41ef-bce3-2874f587579c"
"586","797b7c30-6b29-4002-86f9-5825f0511d71"
"587","82e1876d-03be-4e15-b32a-b0967a20df71"
"588","3ab2b4be-e304-4c3c-98f5-ce0620218bc6"
"589","09f159aa-2745-4ab0-a050-96722a2269b9"
"590","6b29b77f-7265-4dae-8309-78077f99ab60"
"591","51f30679-bc69-4fc8-b456-d3e6a560fe0b"
"592","0f298334-ae4a-4ab7-96c2-0d90d2883768"
"593","af8ca5cf-7fd1-4275-a886-e951c335d497"
"594","d562c400-953a-4620-a191-ffefb5c322b8"
"595","2435cec5-38ed-4ec2-8cbe-57381ffcf353"
"596","248951cc-3b10-447f-a4b2-0037e6e7a9ab"
"597","3c88c371-56cf-49b8-bad7-d575eb3f07b7"
"598","54c8619a-3ae2-4e3c-8c05-a8f4586aa557"
"599","739194a6-407a-40e9-b8bf-2e9934b77632"
"600","d6179c4b-ff5a-4bbb-a3c8-e0acf0de1f56"
"601","d5e1e30e-44ab-4aba-abab-b8263e801b7a"
"602","7530bc44-f09d-4dd2-8911-92b98333e442"
"603","94c42df0-5d8f-42c7-842f-21be2d0e0588"
"604","f7fd1900-b7f3-4f7c-88ac-a1c199bb41d7"
"605","5ad31f50-15ca-4940-8db3-2104c9b79d0b"
"606","ee62e616-b6e9-49c1-888b-1b4e81f3536e"
"607","6210f756-7d6a-4ae3-b326-b5504aae05a5"
"608","095656c3-7a65-4c17-8a05-14c660c62a06"
"609","f77cb8fa-5a5a-4909-a9a7-4d610c969c1d"
"610","917dcd95-4819-40e0-83ae-ee563d291e29"
"611","03134e63-81eb-439a-b6eb-7de49ae01bbd"
"612","ff27618d-43d0-4480-83ee-8b1a672da078"
"613","e9030465-13c5-46d2-bdae-c2c1a9dbec86"
"614","c267819f-35d3-45be-8354-b3b2ad7e1f04"
"615","501537a7-9d63-491d-ae02-09f04767ff1e"
"616","589798b2-4870-4459-b966-ea0622fbdd55"
"617","3dee5aa2-3cce-4cac-9fc4-17a71b067052"
"618","44aa3a70-2022-4a5e-8b79-e0485737d29a"
"619","4b973dcf-3ffc-4c70-b84a-8360e63db7cd"
"620","26baf34d-6721-4bac-b7eb-add0bc566a82"
"621","638ec3a8-97dd-4407-a3ed-4eba33477faf"
"622","7f0b1a66-ebaf-4c8a-b606-4c1844eb692e"
"623","53cc0cc2-a9ce-4803-ae55-3cc0d7a5fc2c"
"624","b4814783-3fb4-422e-b00e-1c09b5d57dde"
"625","cae4c053-05d1-413d-8499-f37793aad56e"
"626","a520b743-8f40-43ac-a2d5-755899120844"
"627","1a4490c8-e98b-49f0-bdc8-78484a978dc0"
"628","112a2d79-fff0-4b9b-92e9-7fe40cd6104b"
"629","e6262391-ffda-4b8e-9f5c-89cf1a0e7384"
"630","bc8b2c74-cce5-497e-85c2-51d3ede632ad"
"631","0520d8ba-3c24-4f75-a8b0-f883ddeed82d"
"632","c6f3b73c-bf11-42a1-abd3-e3539d0853bf"
"633","6a536b36-c5c7-4d10-bf67-a4fb0f8549b2"
"634","abdc7ac8-151f-40c6-bc1a-1e9b4b073290"
"635","d4789070-2ff7-4bbb-94ca-8bb1739826a9"
"636","586c5e11-b70d-499b-8589-b67e1ff3cc93"
"637","ce8ae6ca-61d8-4174-b457-641de96cbff4"
"638","4a477e55-fdb6-4fe5-8dec-fcebfa3579d6"
"639","7229b6dc-e2ef-44fe-b9a1-06b1c1075d8f"
"640","f4a6e9f7-5cff-46c0-894c-59c20bb78694"
"641","187f82c7-b165-4e6b-b327-704e38e85cdd"
"642","0e44ceb3-9dd4-4ec4-b1d7-a0e83ddba7d4"
"643","b80b624d-8fa5-4a88-a12f-9d56880eddef"
"644","77a331d1-5110-4ff5-8383-037a0e03d421"
"645","5483c363-e942-4787-8686-0f29c593357f"
"646","58783f72-5098-4807-b1d1-954ec2ae94c4"
"647","9ba8fd27-275d-4bad-8c48-f668aa99a578"
"648","f70dda6d-aded-4d24-a02b-103bb2b8b1d2"
"649","8a3351e4-caa0-4b70-a838-b56e0da59b83"
"650","882cb8bb-1538-4a77-818b-64c65697fe73"
"651","10643a25-303a-46fb-bc8e-2acb9d4e7a7d"
"652","3c209873-c757-47bb-91b5-9b6dc05df116"
"653","fb8464e3-949e-4cc0-b50b-be7cf9c3e250"
"654","b7b1d2aa-c489-41c2-9fe3-9b237c0a79c3"
"655","84cc8c9d-db57-42ec-8948-9b632bf06124"
"656","8cf03262-b6b0-4fe8-9d66-91063bb32db3"
"657","0864c444-c22f-46ee-ae1e-c0eeffd49c34"
"658","142f7164-fe09-49ec-af18-7c9e86269d9e"
"659","f820e9db-fdb1-4237-9c6b-6f912ca884e2"
"660","1cdd0afe-196f-4d8a-924f-4d7473cce3c7"
"661","6dce7757-c416-4cec-bd2e-9f2319438c48"
"662","dee61e4f-2304-425b-8ff6-eb03070482da"
"663","88e3eb05-cdd9-4529-80da-a0ff03bef0d8"
"664","269b8734-fa1d-4c6f-a843-523fa3bbae6e"
"665","968bb301-faa1-44aa-a7c9-75d1f7a43b3f"
"666","6f30181d-65b5-4527-b36e-a686d47fed84"
"667","609d6bb4-db16-4578-87fc-57b11a701cc2"
"668","1d1b0108-3d56-45e2-bf0a-dca06a8ee5e3"
"669","c65ac31c-fdaf-4e87-beca-8ed952c3aa35"
"670","1d4b74b0-1a48-48ec-a3cd-26cca0c212a3"
"671","11335fcc-23af-4afe-bfaf-c0c25abcb5b0"
"672","9433da85-70fa-4a25-8f96-71fa59dd1989"
"673","b115cabc-c030-45b2-ac8e-922d45716183"
"674","8a06c621-adfe-41df-8fe9-6b33f1ea3f0a"
"675","d9b6af48-e906-4a2a-94d9-557023740180"
"676","01e66e1c-97d9-4829-bee1-f3ab649161e8"
"677","4309691a-e389-42f6-a539-6965a440fec9"
"678","a9a52adf-0bf3-4dee-aec3-4fdeb950538e"
"679","3c35dfa4-6dae-45a5-ae0a-f6a45923a95f"
"680","81d1da98-f00d-45f0-a908-327b50a631b9"
"681","585593ef-d0a3-47a2-82da-14f26d75d83e"
"682","f49df8e2-f451-49aa-9aa9-b21b2afdbb87"
"683","0302f93a-0d38-4c00-bc37-eda17b6316ea"
"684","a261c61a-29b8-4b6a-a283-e5a7d5077352"
"685","61bef658-d7f9-4759-b1b0-0f9cb3bc581a"
"686","c3108ed8-de97-41fc-9ff7-8c028e662734"
"687","8a30eb28-eca0-4ab6-8c05-32c47d3e0dd6"
"688","ba04b19b-0b18-4d5c-b799-4db31a98e58d"
"689","fc94266b-322d-4f1d-87a0-03f999e72344"
"690","3c2e6f38-42c1-46ec-b782-5854b2db330d"
"691","9035afc4-5317-455d-ab60-f32e2ecc6bfc"
"692","4ee6d767-f269-4711-a513-9d9ff958d4fa"
"693","11e2378a-ccc0-45a5-993c-23eb65f9e1ce"
"694","406cff78-4aa9-427e-9d56-ad998041cb92"
"695","841ec8d9-ff33-4e76-af59-27ace79c2932"
"696","d1072655-88ce-4445-8803-e6273da273e7"
"697","1492f016-379c-4dbe-a3f6-6b486c103b8f"
"698","1a59af95-f36a-4d99-a5ca-6a7a46e2ecb0"
"699","b4d7bea5-2d62-4d74-ace7-20ec98417cc0"
"700","2ff405ec-f59c-4a7b-84b6-9776a49582c4"
"701","2a58e994-74b9-4211-85ac-cfb409a9b667"
"702","614c627b-2ec9-4a0d-811e-de14be4362f2"
"703","17a0c89d-1c78-4543-a637-ce2a03dbea18"
"704","3eb03076-6fb4-48a1-8b36-36b5a5031ead"
"705","8dd866b9-ec50-4037-ba4e-bb56defc1bd2"
"706","b5c027e0-1774-4cd1-973d-452dc03a8d23"
"707","604f62cc-0f04-4903-b9f9-7128f72d4e5a"
"708","21dd999b-c5cc-4cec-8a9f-33f07079c12e"
"709","70988d2c-a750-4808-a360-5aaf859cf39a"
"710","e439742d-558d-4f52-885e-afdc740b48cf"
"711","dccbdbb8-7266-4fb4-a4cf-29056f102f12"
"712","74688c5d-2af1-4f7a-9d1c-00e808eaa1e6"
"713","6ed67cf0-d8b9-4025-8b6e-a29a11e6b977"
"714","dc72ad0a-c5dc-4abd-bc0d-ca43e82162e1"
"715","28f98c7e-b89c-4b4d-ae0a-0c5a6328992e"
"716","fdb44237-c0b0-4924-9439-911332e0d884"
"717","e1e94871-b7d2-4492-a205-75ea078f9951"
"718","a379672f-0c83-4858-8bfc-8a68adc8030e"
"719","f0006418-17ee-4c38-af75-f5e1e35de64c"
"720","38d49d88-9069-467b-b29e-3cae739bdd4d"
"721","505e4ef3-7ce4-437d-b7b4-5c608f71c258"
"722","eade4171-3d57-4fb2-9518-44d5a1da4ff5"
"723","6709e92c-7546-46a4-aa57-5e951bd4cb0f"
"724","615cfc39-797f-4229-8e92-159fcf8f3030"
"725","6c190890-d5ab-46ab-915b-04e995dc0d76"
"726","fae7e545-5114-43cc-8e83-178e2549ecb9"
"727","e26e07ca-4a35-42e3-940d-e5868fd38fba"
"728","0e8d16c9-e2db-4862-ac06-1567f01ef806"
"729","633a3637-2c6b-40ae-ac38-289eb2a62aa6"
"730","98a1dec3-8138-4f46-a596-5e2a83b884b9"
"731","b17f4305-741a-4a1c-8fe8-6f11cb3d5c0a"
"732","ccdbd9bb-4faf-403c-a968-e8bf487f8a53"
"733","143769cb-b61e-47d8-a61e-eedfbec1016c"
"734","fcb2b5f4-3a64-42f2-987a-073bea986104"
"735","341c4478-c976-4ff0-a102-cfd92174d873"
"736","be252635-341e-4b1c-b94f-aef362b645ed"
"737","0a48d064-dd04-47fb-a00d-85e9b4874033"
"738","98301d4a-2cc3-439d-8d7f-0b6ac76302bb"
"739","9e84a506-df06-4be3-874a-fa01293e3dd5"
"740","0ee94c0a-3716-494a-95a2-dcbab9e58be2"
"741","bd698bbe-7003-4508-b422-46c2ff4d5e95"
"742","4e02ce5a-7321-426b-a809-6c507f30ef52"
"743","ffe9b8ef-f32a-42a9-a256-38e7967fbe23"
"744","4c016b68-4116-468c-9dc6-42710c239e4a"
"745","b633eb55-8f1f-4ae6-ab4c-2022ffe2cb7f"
"746","c5ed451b-ef39-47a3-aee7-8f5be0aa8431"
"747","a2b5dcf3-5b6a-453d-876c-cff540c0faf1"
"748","77e1563f-84fb-48dd-98f2-59a4e33908ca"
"749","3a33cec3-4b44-471a-8864-5cc8567a8b1f"
"750","82313e12-9d39-47d1-b7c9-78bbd6bb50e2"
"751","09cf2c34-6f93-4a19-a9f1-c0d866414bcc"
"752","fdfa44f7-2f10-4fba-8ade-df0a1fb77abd"
"753","07e6bc9f-9c98-44ae-a7a3-5266caa393e1"
"754","6fbb7540-30f7-45dc-980a-fa004463a92b"
"755","72e88c2d-855d-4dbd-b06c-0e1ca748be5e"
"756","f46220aa-ad70-4c18-99dc-cb978f2850d2"
"757","0d66a12e-eefc-419a-8027-e6ce01046e13"
"758","0a53f6b2-9205-4505-93fb-480e163cdc2f"
"759","08f09776-a8cd-4981-a5d2-21e01ecf078d"
"760","5d9dd44a-81f8-4710-bd4d-af27ec5c2139"
"761","06ddc929-2f34-46e0-92ef-784fd1c48783"
"762","6f8f86f8-0ef9-4dd6-8e29-7d790e65706b"
"763","47ae7b24-3fe0-47e0-b0ea-825ebc10e18c"
"764","3a01bfd1-6c8f-4705-b485-2501e1ed0657"
"765","5bf756dd-a54a-47cd-80fe-3418fedd1c51"
"766","2ecf90f1-c511-464b-b26f-598d69182c70"
"767","e5235e42-776d-4cd6-8b4c-95d500306f61"
"768","644fce93-9abb-498d-9fbe-19dafc66dfbc"
"769","27db7f61-085f-481c-8e74-1c97b7649d90"
"770","8867088a-e54d-41bc-81e8-a21ff98e81d3"
"771","82fadde2-45cc-4734-bace-dadafdeaa41f"
"772","6a72c057-499f-4fe4-b425-0fbe2a50ce07"
"773","46fbc5cb-e6df-4355-8483-a4ccb819f753"
"774","6532ef3b-1685-4de7-a858-d31fdaa435ca"
"775","b535516b-9f8a-4c29-b6aa-a0a4561e1086"
"776","27065048-bca8-4b0a-891a-b192b9ceadfd"
"777","99550622-4c7f-4bba-884b-d4b03dbaf91d"
"778","cfb8d64c-f8d7-4894-a02e-2551ab33f1d0"
"779","5ea2d808-461b-4a56-b669-69fefc1b80da"
"780","ffc1e455-ced2-4e67-bdb3-1c50f9683859"
"781","d6a58927-b8e0-4863-b4e0-de0e63cf7661"
"782","1b1c2d44-c487-4121-a2ed-dcda651f4d59"
"783","d37c3b99-7e6c-44b6-81ea-f5d6e0b71a8d"
"784","92dfcb21-863c-4fa8-9458-3760e53e966a"
"785","b2b31eeb-a6b6-49cf-aa4a-3307d13fbac2"
"786","d0fc1d32-c64d-4b53-923f-953f648715ab"
"787","c81c9ea3-4689-4146-9076-24dd175c69bc"
"788","8e0f43a3-7cb9-45bc-b6e3-0f9b1e3d18b5"
"789","938fe4d7-623b-43f6-83b4-c818f3d3c130"
"790","6b6c6b8f-3a1d-43af-a40a-73fb50518d00"
"791","4fea6307-bdc0-423d-ad63-c61755c14522"
"792","84dfe7a9-2765-44c6-a5dd-d03c4e1a65c0"
"793","c2241f73-9151-4817-96b2-b9a6aae4c9e9"
"794","27d62e71-5727-4725-83e5-131b7b3c8295"
"795","885808f7-f42b-406e-95f2-28efcd45ddda"
"796","60ab2bf7-c812-4a88-86c0-7c81a9b2f77c"
"797","03a0ab28-ce99-4e14-baf8-a66c55da28f8"
"798","266a3d52-5b86-45d7-b980-52be1a647fc7"
"799","888787d4-dedd-4f15-a14e-5c556a4e988b"
"800","e93780cc-ef96-4248-90d6-bd5caa2478f3"
"801","f9f6559c-029a-4586-ab68-02cbc1632b67"
"802","f6d294f4-db62-4fc5-a7b8-778e5071c112"
"803","9b0b2bb5-e26d-4384-8272-fa72060ac6bd"
"804","c1436327-d95b-4cb1-9125-40182f87a5d2"
"805","fa477985-066a-4d7f-972f-c21d0d1095a6"
"806","53815c73-d352-4d4d-92cb-fb7020cbd8e6"
"807","05281013-f5ae-4bf2-ad23-d5d6f7573b46"
"808","b82fffce-9874-4c6f-b1b9-e8b61d7ecfdb"
"809","d7d1887c-1baa-41e2-a714-0dd2723ac2cd"
"810","c605fd71-08c4-4f03-8187-9874d2401cb7"
"811","4be5ce29-9ecb-47c6-b38d-a2552230dd3f"
"812","ef1e6c93-2a90-4abf-951b-a8ae283d368d"
"813","a89c463d-e6f0-417d-9216-b59b92249226"
"814","a60a7887-8f7f-4512-a81a-97ee4dce2c47"
"815","8aa4eb46-b5d7-454a-875d-9c12719007ce"
"816","6f4f800d-2186-46a8-85ff-21f5ec83f340"
"817","1fcce318-3212-487a-ac07-4941bc85060d"
"818","d40fc63c-558e-4107-8b19-fde1dae16eb5"
"819","05580192-9610-4bbf-9dd7-f09fe4cae28a"
"820","ac6e266a-5362-4690-8937-b71a2d9311d1"
"821","65155435-1c5b-41ee-8812-e0b9b03ae480"
"822","b1084057-66a7-4ab6-8162-41c4e74d00cb"
"823","2dd6ecdf-8a08-438b-8b4b-e0374f7b523b"
"824","94a67c29-2078-4091-8bd9-9f10c7089a4c"
"825","1cf8cd2a-0b84-47f9-be63-4d36d3bff528"
"826","be727774-46d7-43d7-aee9-1a51b5cd8c71"
"827","7edb0956-5aa3-48fc-84fb-9095619612f5"
"828","0aa02c52-077d-45f8-8c2d-7132c11ac16e"
"829","2c4b6914-4b97-4e35-85cb-e6602a8bb04a"
"830","2cb27e30-2be7-4a09-9502-fdd2102c046b"
"831","7666e121-32a4-40c9-90a7-6dc024985475"
"832","5206a9b8-8337-4f0b-ae00-163a2f55d8cf"
"833","cca6049f-4b0f-4ea5-b0f9-9c54bbe147f8"
"834","2dfa5bd5-c87c-461c-bce9-69b2c58732bd"
"835","5e0ead74-5711-45ef-ba64-a88b0572aafe"
"836","1b90438f-820f-4b1c-9fbb-ac60a4369404"
"837","e17d2415-e79f-4907-908e-5511b515fa3c"
"838","4d51a8b4-f051-4052-bf3a-f9eb2ccd1dd8"
"839","b4478c05-1587-45c5-a56f-386cf23916ad"
"840","43117c55-4b23-4f9b-9a37-6d36e2c28d2b"
"841","15e2a323-7cfd-4a40-ba44-a693b70f7d02"
"842","f8c1295e-6666-4c47-aa1d-4b6936b464d0"
"843","a3f1d933-728d-494a-a260-293132b8fdd4"
"844","69683c43-af05-4691-bb6c-9d71bf363bd7"
"845","1585fc98-bfe4-461f-97fc-734055a2c3ce"
"846","fb3bc9b5-2297-4bba-85b1-60f696a92db8"
"847","5c095b0c-c9b8-49fc-ad30-460905783d77"
"848","32008d26-6879-449b-b8a6-c1aee01042ac"
"849","5f1ebff6-98ec-411f-a1d4-0bf04bd03bdf"
"850","2bc4d0cc-5f2b-41cf-954c-a8d3d5783396"
"851","3892f2ff-714e-4201-823d-5d6fc5bab621"
"852","1b71f0d0-8e57-44dc-aaa0-3ee6fbb59991"
"853","61484ab7-e5da-4fc1-82bd-72c3fa6ffab3"
"854","d09e253e-6984-46ab-badd-f96dc5a2eb52"
"855","e30f51d6-c590-4e7d-9781-fff916e15ad8"
"856","542b09e0-b198-4a04-b0f8-6b07ccd80ae8"
"857","8269dc3d-50ee-46b5-a742-a7d2cb7d90bb"
"858","efbd5328-029f-43b7-9da8-009159933f6f"
"859","f024dd81-76a9-4d84-950e-7c6d1383a403"
"860","030de41b-bb8b-4e4b-859c-9afd4c17605b"
"861","d1a2437d-7eee-4c13-9104-0bb3dd7b45d6"
"862","1ff53c92-370d-414b-b758-b0a1b8026853"
"863","a1efea8f-62a8-4f9e-bd07-7d0c193f725e"
"864","5d05068e-7ae7-4ff6-8fa3-e35ea03b48b1"
"865","a93011ca-e6ab-4182-8a05-4d4b282cff27"
"866","b42b1578-709f-4b59-b23a-fe4bfc7f6b9b"
"867","90bc100c-d537-4532-b190-30264940597b"
"868","e0e86af6-ecb7-446b-acdd-d70cf2e7daad"
"869","22a40965-a2c7-43c4-853e-e0fd412383bd"
"870","74aa00bc-db99-4984-8817-7df2ca954ea1"
"871","2aff15fb-1c24-42b5-89ca-17696df25370"
"872","296e7a69-c21b-47ad-af28-bc1baee73c68"
"873","cde9911c-f92e-4de1-811f-336e177ac4ce"
"874","16cd7594-f518-45db-bd9a-9cf2b5a59691"
"875","a1da6111-1b0b-438b-b4bb-365af3202c30"
"876","103770db-5ed7-4208-ac72-cf174dd677e9"
"877","eb3aa3a8-6ece-441d-9041-15dcb0880e47"
"878","22c45bf7-e52b-475f-847b-c32a87f65a5d"
"879","709ef32a-7435-48e2-8fa2-16e389ecab8a"
"880","572c3e87-61ed-4271-9c95-148837deae5e"
"881","bebb3e1a-1c39-474a-b452-57e51c1b09fd"
"882","82887396-e5bf-4306-af51-3fe8d82790b2"
"883","c33dd5ae-ae72-49d7-8dcf-8bc72e59fe78"
"884","f85bb847-febe-4853-9dbf-7d25424e5921"
"885","e1dc3eab-4d66-4ae5-a089-b9d884fd4e5a"
"886","eccd4313-c931-4e47-853e-76fdfac6e30b"
"887","bcdfc41b-1fca-43ee-b07b-2b574dae763d"
"888","42a56403-8ec8-4a13-951a-f60c79353817"
"889","c1617786-decf-40cc-b44d-b90fabe92203"
"890","5521fcf8-80fa-489b-af18-a69823b85702"
"891","f57cb4e5-562a-4bc9-b657-a0e7804365a5"
"892","1175cd3f-c4d1-46f6-8e76-e59ec58a82b3"
"893","ff9a3bec-d0df-4a6f-ac60-a14a3486b764"
"894","7bb01a18-4637-4535-ba18-258f48f705b8"
"895","6ff01827-907d-43d8-b6e4-7162c1cf0aca"
"896","ae1b0406-4948-4c7e-93bb-885d84231a83"
"897","594690e1-d69b-4f99-b1d0-ee4523521162"
"898","adf661fe-9429-4094-8671-ca69fb72ad02"
"899","09dea77e-870c-49eb-9a97-1398bee57bd0"
"900","bfa5427c-83ec-404f-8465-dd49b42fde8e"
"901","1565b401-1754-4b07-8f1a-eb5869e64d95"
"902","04012dd1-478d-4eec-9951-dd623bfe86ca"
"903","cfccea88-0558-40d4-b896-56a1e7993e24"
"904","f3805809-9882-4bc5-bce1-b44040758b64"
"905","3f24c61e-8dbd-4a42-baa5-38d8399a2e37"
"906","50d38d64-9ad7-42b9-be8f-d329c1422558"
"907","66b1758e-0999-44f9-87ab-bf22c8b92b37"
"908","c35fc70f-20b6-4798-8907-510c736c41ab"
"909","ab8c5c8f-acf0-4f35-b0fc-8e18ce5fb90b"
"910","13af7f6b-6d72-4e7d-86f6-3e6d1bd6ef7a"
"911","d5e7da40-2571-43da-a5ae-0f82c151255f"
"912","d5a344f0-cf71-4fcc-9c00-99588b4de3c0"
"913","ebf38025-7180-45f4-83da-79292a366c1a"
"914","8a9e00a5-b795-4cde-b744-ec2f2ce4ed88"
"915","08591546-e9bc-47fc-97b3-8663b3713a5f"
"916","ad05c2bf-3905-4e4c-bd56-6fcfdebc994c"
"917","80d3bfd0-5781-4c8e-a8d8-54146e22af21"
"918","966ade6d-9450-48f6-a955-83d4e9ad9ca3"
"919","8efa6a7a-6556-4cb8-908d-59d3b5c58d2f"
"920","1c2978b8-bb0d-4249-9c23-877571a4dffa"
"921","bd14968e-e409-45af-b362-3495ed7b10e0"
"922","fcd7dbd4-095d-448d-b605-89e8ac6a3d92"
"923","0cc9c234-f817-4f4c-908a-4d28fe3b0f4a"
"924","d5c8ec12-202d-4b39-a71e-b6dcc24a358b"
"925","91a58da7-2111-4a03-9874-37311e105d06"
"926","a94dbd21-611b-4540-9ce0-66db8e8f6ed8"
"927","def007fa-5fed-4a5f-91a2-b0d7e3db1be1"
"928","993b1e23-f2de-4bd8-b33f-f86dde1c8e9d"
"929","ca71c597-51c2-4ead-a7b0-b108bce89caf"
"930","2618f336-8e71-4666-83b5-f368edb0906d"
"931","3c20b802-06c0-42e8-8a39-a1ab0ba1832b"
"932","c7d328f4-87a7-4091-8eb5-122f471bd954"
"933","c565e722-0e14-4f57-99ff-267dd9ea2510"
"934","7c07f6f7-f7da-404c-8c48-eee79a6d10d6"
"935","94d02529-72e1-4180-9d93-4008342ac481"
"936","08d0ca45-c99c-4384-8401-b2926a006a88"
"937","d52382fe-f236-421f-95fe-34fe69d48dbd"
"938","94b2c46e-6338-4a1d-950a-d44eef018c53"
"939","e3fcd642-5f9c-48ee-be58-258dd895d281"
"940","1f6579b0-11e6-4eb2-82d0-5f2d27cc11d6"
"941","6e4c479c-2206-4375-bf45-160f8f4711c3"
"942","e63438d4-0e09-4ca4-8622-56a94f45664c"
"943","71746a0b-e58d-4dc4-ad03-bd84082eae21"
"944","fcbb3a90-cdde-49ff-9ecc-8e2c0a6dfca2"
"945","d89b9a3f-19bf-4b9b-9664-ed35924eb399"
"946","cbaeb978-87a0-450f-b6fd-6231dffcf3da"
"947","16a3d876-e330-4648-b03f-5f8d7e18ee17"
"948","cea46a1b-d29a-4373-8c39-e465a90756ac"
"949","7d08e3cd-3a68-4568-8273-5b53ac0cbc71"
"950","79e29b8b-47d1-470d-b7b1-32506bfe7d9a"
"951","5ec3f184-8f2c-46a8-85cd-6931e6dc4877"
"952","2b834a98-14ff-47e1-8aef-cf8ffae912fa"
"953","02820870-3b92-480b-8475-8a521563ea3c"
"954","5cd20131-046a-4273-a27c-a7eea0961ca5"
"955","17fa2e6a-ca80-4d60-afb0-03f170e9d5f3"
"956","4bbb309f-9162-49b9-93da-fb2c371e5c5f"
"957","aca0ed11-96f2-43b0-850f-93503565d949"
"958","7c86c1b1-4a06-4804-afbc-7e857145b6a5"
"959","0ce96a86-7a28-4c44-9e59-591375310894"
"960","6c8ed0d1-4fc9-41a6-9587-6dbc82cabfc3"
"961","8a203a8c-d42e-4063-9036-970434c424e4"
"962","9e8377c5-ff35-4dd1-a7e4-f50bc7e6f39e"
"963","c983dbc8-8b2e-4f7e-aa66-f9042a898ea8"
"964","4eba4667-402e-4aea-a15d-c9fb82da60dd"
"965","d63c2bad-817d-4116-b4d8-b927cb01212d"
"966","5be12b90-774f-4105-a44f-f3937c1c53f1"
"967","d5b63f98-28ce-4cbb-b075-6ac539a685b0"
"968","0cd6dcf1-5778-42a5-b685-4d01ae4a4871"
"969","7032c696-4cd3-41f7-84ae-1d9c5c18baaa"
"970","f263da7f-0708-42c2-b1a9-39083416f632"
"971","de2f0ce8-f8d6-48c5-a213-4d065251cecf"
"972","4039158b-2e58-484a-8771-ad215e065c12"
"973","0cfc7eb9-2891-4153-b335-6331f381ff05"
"974","1423df2a-8d84-4c70-874b-2762eda88694"
"975","6d56955d-2b6c-471f-890d-8c17ab16053b"
"976","c6c0ceda-a2b6-4f8f-8d31-e259933300dc"
"977","7110bf9f-b245-4adc-9159-5081013fd64d"
"978","268f3f0d-252e-4f61-9d96-1a87f4389ca9"
"979","a5826fe3-8df6-4fa8-adad-b7116864588f"
"980","a27296de-4b08-44df-a4f1-660e5bb03f59"
"981","5ef9ba60-042f-476f-bed5-4e214a7927b2"
"982","8df86db8-dfcd-414b-854f-ad1cdb18d733"
"983","91be6910-bd67-4e1f-95b0-32513b399b24"
"984","e8db787b-d1a2-4000-b74a-e3db5436fef6"
"985","da56feea-941c-4ff6-b573-bb16ccbde670"
"986","246c0425-b9f8-44db-b989-4f4385732413"
"987","652da95d-b336-497a-bce5-1c29a674eecb"
"988","85e6b82a-8244-45f6-8300-a6b2d62ee748"
"989","0f46a403-9606-465f-8247-8ae975ff4f35"
"990","ff64e9fc-36dd-4035-872a-83aa41dc1ad9"
"991","66baba7d-178e-4c51-935f-03a9049ff2f6"
"992","32abc65b-333e-4af8-88df-ae2938018fb9"
"993","b215031a-dd21-48b1-a998-75d6373838d8"
"994","0da516ee-e70e-4384-be13-f5ff80be8127"
"995","4b9cf8e3-5b00-49ee-9d2f-bb78d6b46493"
"996","5ef7eaab-a17d-479e-860f-04d00e1540e8"
"997","3c8c9fe5-bbc6-4a0b-8cf2-a839aeef585c"
"998","68088afb-3afd-4538-8e25-377a63f09666"
"999","90a4035a-f72e-48d3-9d4e-1c6be84c9ae5"
"1000","e8828961-9e8e-471f-bd24-0673a7e844ef"
"1001","477173ca-5fc2-406b-9122-95d92811f284"
"1002","14eac141-025b-43dd-a7cf-398040e56ab2"
"1003","15d76317-c71a-4fa2-aadc-2ecc34e627b7"
"1004","fe30a4b0-1a99-4fc7-afff-b162b8c834ba"
"1005","27de0574-cb9b-412b-a14b-be856efb0a95"
"1006","4a752bd2-9fe9-4539-ab5a-8edc0dec6ef0"
"1007","3f9eafe9-965d-4397-b095-176809c84eeb"
"1008","3e20dad4-2b69-41d8-906f-bea6a317c884"
"1009","d846661e-04b8-4b30-8b6b-f3525799fd3a"
"1010","f75b740c-b36c-495e-bc67-efe347bbc6b5"
"1011","1ba35185-09cc-4b54-a3c5-57b87be4d9d1"
"1012","bab46a75-0a6c-44cc-b7e7-28c7c55d801f"
"1013","e2b82b00-f07f-4fc8-a7bb-c8febf65efe5"
"1014","3dbb132f-fb62-4227-8277-7c89a9fe4749"
"1015","96a67da1-881f-4d09-927e-ac75fcff4d93"
"1016","2f0a426f-3b95-455b-a872-ef6dee168114"
"1017","49320ec7-65f9-4f90-bed2-2d41784f1836"
"1018","1d7234e4-1c76-4d67-9487-71d8c529cdc9"
"1019","0c97c78e-53bb-4d4f-9aaa-2c64507e13ca"
"1020","a0cafd94-40c3-4d55-9e94-bc27ef071b4b"
"1021","d9cc828c-61fc-422d-91e7-b2e8e4aa48a5"
"1022","a5a146a4-a2e5-4d47-a982-192c42f5d449"
"1023","86c6e967-2e4f-4bfe-9fe6-abf1c40d8cbc"
"1024","d66964f4-6f5b-443e-bf74-e61a56f5957f"
"1025","6a627ab6-3b8f-4366-9559-cea882fe4cee"
"1026","3d3ee5c3-4286-457f-9f76-1704011f7e11"
"1027","a1be3fcd-c837-4ee3-8966-700d808852e7"
"1028","9fcf9918-fdef-49c3-aedc-518eb1e7e1f5"
"1029","38eed4e2-7fdd-47e6-a79f-5f29bee6c52a"
"1030","87d1cb89-8de1-4e15-8255-492323203237"
"1031","90cac92e-bda6-4739-a754-6a2172df7c2f"
"1032","98eb1f3b-3480-416b-bd4b-811946f7e347"
"1033","84e953cf-6e59-4bae-8e4d-7582baaedd8d"
"1034","95261d1e-b16b-4c41-a39b-2d1279062719"
"1035","b112ead8-6245-49bb-879f-07b1388a1c9b"
"1036","e8d9ce55-7bc3-4f09-8412-0a393d4b5b96"
"1037","208b41bd-3b61-4439-b3ca-d39628dd7fe3"
"1038","74c0c0d2-aeb8-44b2-b86a-117d0455ae88"
"1039","6b69101a-0e51-45c6-a7e5-5a60a1c85da0"
"1040","81db5616-3c98-4317-a728-5dae08d44bd4"
"1041","e464363b-8346-421d-9035-52118b76d8c8"
"1042","d663e407-33c6-4397-b40e-dced5ebe20b5"
"1043","bb2a71c4-ff2e-47cf-ab44-684797a1ee5d"
"1044","896c43c3-0af9-41e3-867b-56b1ffda0b3e"
"1045","ebab1997-4e08-4c9a-a3be-3a32fe3b5aa1"
"1046","89f6560b-2194-45c9-9ece-d33049a73eef"
"1047","9983816d-cc78-4d3f-9e3c-c7baa9ebc77a"
"1048","118a9b27-1c5a-4214-b685-1a4d9e6365ea"
"1049","afda6ca0-7aa8-41ef-ba5e-8dc607839daf"
"1050","21d2f96d-35f7-4e3f-9745-c533d2dd6e97"
"1051","7b5cce4d-c7fe-4119-b48f-70aa05391787"
"1052","0823ccef-813f-4f22-afef-ac0d68615e8f"
"1053","ddc3119d-1d6e-4324-9125-a3380d299ac5"
"1054","7b0d5000-00da-4864-b776-6de49a87a669"
"1055","c7282ec3-9153-4b4b-b7de-777e3207b04e"
"1056","f1a56786-e6d7-4b2e-a39c-23e09024d473"
"1057","b8559266-052b-4291-b46b-2e4fb40221dd"
"1058","5d460d64-9d93-4593-aab9-d57ade1c5860"
"1059","e73708c4-3a14-4ba6-a570-bbe8e0d00093"
"1060","40a2c1a1-e446-4cea-a4a7-a79a57703060"
"1061","1493ddb4-9a46-4e00-b9c8-d8e1c64e8f34"
"1062","e39e5950-6f9a-489c-9dae-3e42694801fe"
"1063","6c9ce09b-e7b2-4164-b5b2-9b3bb2b720fd"
"1064","0f365cf9-4f68-4a25-affc-75de20bcdc09"
"1065","27bcdf34-aebd-413b-9c02-e8ac63558e6a"
"1066","7f6cef79-026b-41cc-ad8e-a0aaf9ce72d9"
"1067","1bd03b9b-835e-4719-ac20-d2d547840061"
"1068","f2df64d4-1dd2-47d4-b96c-d553f2523933"
"1069","29154735-107a-4daa-a050-537f7707f34e"
"1070","32a9f2e2-929c-4e1a-afbd-185452ab279c"
"1071","7ad85aef-f74d-4c57-8dde-adc1d3e8269a"
"1072","55a4ae74-45e3-4f5c-8646-17149edfbddb"
"1073","aeb400b6-d38c-45cc-9252-3c6983c614bb"
"1074","8af15e52-c743-43da-94aa-c4ea52d4f3e8"
"1075","0ad6d5e8-593f-4191-843c-439b23a468ca"
"1076","09473fea-69ea-40dc-9ff4-bbaaff10840e"
"1077","f12f094b-492f-4e88-b36b-50b8e58b7500"
"1078","96835f47-da71-415b-8cbf-d37386dc98d4"
"1079","89a94a26-29d4-4cd7-9e9d-faebc300c1b1"
"1080","cc1ee268-8928-4344-86a1-592de0e983df"
"1081","bc54eee1-a858-4f80-afdc-0442a617ef50"
"1082","89ff28d6-342c-435d-83aa-83e71dbbbc96"
"1083","0c1bbbd7-7827-4594-9254-a4b91cb8163f"
"1084","6074be26-466d-4df7-b845-4c44157a2529"
"1085","b8ad23ec-7b72-40e6-a85f-a4ee71f8fdd9"
"1086","7272ad09-c6a4-45df-802b-c772f9b573c9"
"1087","c857adde-6f65-43a2-9a9e-5516c51715b9"
"1088","283b5e03-571e-4d58-b087-e7c9b2a45128"
"1089","780f2c9e-4847-479b-bd46-c5886f98245a"
"1090","a7b9e3cd-cd39-4ea1-b617-3f5b651fd535"
"1091","7abd0821-f3ba-4946-a79a-310edb85471f"
"1092","afdee309-07f9-464e-ad3b-29f4e539da88"
"1093","9d1b08b3-ba1e-41f6-a466-1ac1e62eb5f0"
"1094","f041ce17-a005-4c69-846e-e3806e0b62f9"
"1095","2b60c0cf-6ce6-4f04-9748-0e6d883673d8"
"1096","39e71107-3aa9-41a0-809c-edea477c968f"
"1097","0d282d6e-8cb9-4339-8e7d-cfafed96b5ed"
"1098","138aecdf-1b02-4ffc-81c4-0a0461b4f3c0"
"1099","6fa976e9-da4e-47a4-8655-36aa6a4e293f"
"1100","a8109a61-55b2-4e89-8672-f589d455380a"
"1101","09638218-695c-44c7-bac3-26b45a2ae418"
"1102","bbd57056-80e0-45bb-a2c1-658ed99a1251"
"1103","852e6830-f87c-4f35-b6d3-6aee31dc518c"
"1104","a3aff665-ab4a-4a9a-9eba-0cd60cba6517"
"1105","ba73ea7b-3e80-446d-898a-f8ec07437cb3"
"1106","f3290909-1730-43bf-9bb0-03cfee12ee15"
"1107","6af2f535-433b-4c38-b31b-ab14a8bac266"
"1108","66f8d657-ce46-4a8c-a3f5-60ff7fb6ba35"
"1109","19bf4fdc-c0aa-40c5-b531-35ed408067a8"
"1110","ebaff640-cdf2-4917-a2d2-f4b3fa9109db"
"1111","fd446407-b08e-49da-b8e3-7e7c79618c3f"
"1112","5f00bf83-f776-4488-b312-6725f8b6783a"
"1113","fa465db3-56e8-4b5d-a781-e2a313a4ed2d"
"1114","0b198656-2440-4ab6-91c1-05f2ba6e12fe"
"1115","41a3240f-58ba-44e2-a688-edeb21ea5c16"
"1116","8316979b-df5a-4dc7-98ef-61ec6a10df84"
"1117","df538078-0ccb-4125-a61d-ebaa648b39f2"
"1118","4fdcf911-b738-4cf4-80ab-aa5a14d22f73"
"1119","e8459f6a-20b6-47d4-8c94-63ed354fc2d0"
"1120","f7b071bf-4882-4cfc-ae0a-7e0e0ab94c61"
"1121","c6445183-6a52-49e0-a51c-6b3481ba5c54"
"1122","896563fc-6255-4419-89c2-ffed30159ad6"
"1123","442328a8-8a11-4e15-b80c-402a9bd5844d"
"1124","eecbbdd5-5c07-41a4-9486-c0373de7fbab"
"1125","0058526a-11e9-40a1-ab33-7c5ffdf5da05"
"1126","bbfb0e36-807c-492f-bed2-267224ba7bc7"
"1127","eb083439-8a16-48b3-9f0f-906391da0b6c"
"1128","c9df1379-028e-4d52-b9d2-469877049172"
"1129","17e222ea-b04a-4b8c-961d-6552c1ea7589"
"1130","a8ea1f32-be7e-48ff-8ef5-7e2847beadb1"
"1131","1dc72b51-0428-4d28-b44f-2b8d55f25599"
"1132","65a3a184-7d11-4db9-9b85-281961d1514b"
"1133","0b8f2fb9-59b0-43f7-8ad1-6cb952386255"
"1134","485cdafb-3c7f-4104-ab1c-773e6131a39a"
"1135","a0bf9b9d-e53f-418c-a839-5d99eff718fe"
"1136","0e628dde-8d1b-4a1d-b973-a349fe1725c8"
"1137","a11c4c9c-ed68-4dcd-b7ef-841e7e347d70"
"1138","ec04e800-4f4a-4c53-994d-316215daf9c6"
"1139","6ce5720c-eab2-4d63-98aa-38f0a1c554db"
"1140","9737edec-475a-4a00-907f-1223770d6b99"
"1141","6be60dda-a0d8-490e-9d24-df7c7003d41f"
"1142","3093881b-74f6-48e1-820e-50831b0d0775"
"1143","13fe62b4-ea25-46e1-91f8-4201161c0107"
"1144","9b696239-fbf2-4031-84b7-eccdeaa2f11c"
"1145","556be6f4-225f-46a2-a795-d3d54d98c3f7"
"1146","4e10bb72-d6ba-414d-a9e3-d653cddf7ce3"
"1147","03459358-3f0f-4b13-a143-890e2da798d3"
"1148","b3c8eada-b0a8-4b61-968b-b354fbfb6874"
"1149","52c3a6cf-90b1-4cba-b5b6-30561f298314"
"1150","afd49651-9119-4327-91fc-844a6dda1254"
"1151","dd5451c6-a006-4218-bf94-348d81bed42f"
"1152","397c14d5-42e0-4c85-8376-4c70b5a90bcf"
"1153","8df12fb1-7f41-4068-8d05-007e8fec8f33"
"1154","b25c3eb8-fd63-4d77-8308-7061dbd271c1"
"1155","fd2930ce-cd21-4eb2-87f7-115c3d197e24"
"1156","a4c4c0b7-3dc4-4a6b-b1c8-6502cde56a14"
"1157","e243c15f-d1f7-4cc7-904d-84a113eb1f43"
"1158","d41262ae-eca1-4ede-89a8-46d2d99a7a31"
"1159","afc7c834-8190-4b65-acc6-5c158c851c85"
"1160","f6c7b7a5-6194-45a2-8791-9609c897b1a0"
"1161","b091d04a-bb5d-4998-afc9-d71e6c96fb80"
"1162","fe77f9ca-7bd2-4a68-98f4-8463a4fb8301"
"1163","204713d1-a658-435b-b495-765866715755"
"1164","cc173f61-3386-44c5-a048-3889e1ec9114"
"1165","5518db9d-4a2f-4b53-9068-4d0d61465bf4"
"1166","5ac07f1a-6436-4103-b891-c59a7ac505f0"
"1167","c503729b-8f91-43f6-82b8-522b92826656"
"1168","7287dff1-7420-4d24-939a-5f4eb15b752b"
"1169","1be68ecc-7263-4118-8ca5-254e444f3bc0"
"1170","9f34107c-8db0-4b00-84d8-3f64e400c80c"
"1171","9531fe02-1e1f-4a36-95f7-a76a77cd4b8d"
"1172","c475b9cd-148b-4854-b13e-1e1a86231943"
"1173","94e3fa6e-54d7-42a8-a3fe-7f1b5f6d14e4"
"1174","6fef6942-06b4-4808-aa9d-99afcfde5089"
"1175","1d0c2220-6855-4689-aeea-16c9c615b284"
"1176","24229e89-9e1d-4c1a-ae23-c64777b152ce"
"1177","c3e88160-eebc-4cb9-aacb-c11792bcdc7a"
"1178","4b3c8605-819d-4b38-83fc-f23663e78dc9"
"1179","38788a64-6271-40ff-9e0b-5644c38322ff"
"1180","6c153605-d62c-4970-81a9-49646ab32032"
"1181","0dd4d328-f015-463d-9a7e-06b7041f0b26"
"1182","7ae62140-fe02-4ee3-a0c5-fb5668a2870d"
"1183","81513fdf-5ea9-4375-9bc4-67ad959ac5de"
"1184","3c6cd54b-e206-47a4-90c8-d19ff4523f34"
"1185","023faef3-0633-436d-8b91-389c45c1421c"
"1186","e74f4f21-8d45-412c-b5c3-652e6167ee32"
"1187","b0560439-14eb-41d1-aa53-1938efc24123"
"1188","8bbf9c69-ba9d-4e6d-a50a-ba4f666e0d25"
"1189","0550431f-9c8b-4204-9c45-59bc5feacf06"
"1190","e3bcd26a-d16d-4f60-ae65-d41364931551"
"1191","5c606d18-6404-4047-b235-350f18e11827"
"1192","702dc749-67fb-44c4-8662-bb755eaa47c4"
"1193","8d62cb7e-0fcb-4d52-997e-f526406b9c46"
"1194","13724e7d-b946-4773-915e-9621340237bc"
"1195","e86698a6-ef2b-417c-a2dc-406380e01f10"
"1196","b77b7ac5-f25f-4baf-8e49-dcd4f31899f2"
"1197","029e2bb0-6dd8-4600-bb89-ac7480ae8fb0"
"1198","ec0449aa-ad5b-4231-8022-907ce82e1128"
"1199","e13d2b8f-fc81-4f60-8958-74b8be492ad0"
"1200","684a597e-0d82-4f98-92f1-1e5888043764"
"1201","0e9fbf47-0cec-4d82-97f9-12a3334819fe"
"1202","a6f62b85-d347-446e-8e1f-c0fa0023c278"
"1203","9a0c96a2-8ffb-4384-b9e8-8928e7f86e23"
"1204","0007bdc2-dd15-4824-b7d6-416522c46f35"
"1205","bf1f763e-c505-46e7-8af3-e48f13ec5f44"
"1206","2d008d5a-b7bd-46f7-bbb1-5d70a0af9c84"
"1207","4d7410df-51a9-42bc-83ec-363c201ee631"
"1208","381306c1-bb5a-4696-8b1b-d7a6679400bf"
"1209","e1f5c539-7c93-49ee-917d-a24e0d887686"
"1210","feceacee-d425-4e73-821a-02dfb85084db"
"1211","42b2e137-201d-4859-bd14-c3b580687666"
"1212","7e6509bd-9642-4af5-bad3-5b2cec29b6f9"
"1213","8065d59b-82da-48a8-8071-a07471bf6635"
"1214","ef983998-fa85-4214-91ba-fb4b2f1e0cd5"
"1215","144318ce-d147-49fb-ae0b-3c5a9a677c14"
"1216","39d92981-7b68-47de-bfc0-5374c067dba9"
"1217","02053349-bc3a-4945-bcf7-33d2136c14d5"
"1218","b2f9eb81-eda4-49a9-8453-3ba345da2d98"
"1219","7abf5b24-8f18-49c5-a64b-5a5870a03a56"
"1220","b34a15fe-dc14-43eb-9eb3-c227238a029c"
"1221","082967d4-b94c-4305-aa13-35a6aa8c5c7c"
"1222","a3df9f73-7d84-4f3b-8581-fcdc5b02db3f"
"1223","ae6af2c6-890d-40a7-9849-326a8c21df76"
"1224","5ae6743f-8241-49f8-b447-0df43756cb1c"
"1225","8dba2a16-2804-4d60-a385-73c0734db749"
"1226","71480db1-a706-47f9-952f-bdc5036e3df3"
"1227","cd85312f-0e0b-460b-addd-57d6df800595"
"1228","fff5bc45-b506-4466-8977-4869079c1cb2"
"1229","0d07fb7e-2815-454c-83e2-9c736c23435c"
"1230","6a259051-86bf-4d55-a72e-c795d4ec1f23"
"1231","9525dcdf-5085-4143-bbae-544263acd63a"
"1232","b552832c-ad26-4901-b76c-232a53c74aba"
"1233","7af6e9e8-1e11-4c0b-b7c6-ac96bbbbc674"
"1234","bd70f004-e1d6-43f0-96f1-59c014a4ea01"
"1235","2111dff8-f830-46ad-80ce-7885893b3134"
"1236","8899ee6c-7df4-41dd-9dc5-36be940864ee"
"1237","04bcb522-62a9-4fc1-8ea9-b7ccff10147e"
"1238","2479ac51-f43f-42d1-a912-ff000b351439"
"1239","118796d8-28a3-4865-bcd0-d037f4abcc0f"
"1240","f5794c88-ab8e-4208-a9e6-95d6cf9b5a6f"
"1241","8fa53f47-eca7-4d95-895c-ef70d1d43140"
"1242","05c00631-b864-4842-b47e-06710c197c7a"
"1243","90398aca-82b7-4f56-8e0f-814d949162b4"
"1244","d0e23450-1409-4dd7-99ef-0f84ffd15da1"
"1245","afdb41dd-5dd5-4fbb-bf9e-e041422698b4"
"1246","81079e09-228b-4476-9bc4-279d7e2152c2"
"1247","650f44e2-cb4c-41ba-9095-581fe6bea4b1"
"1248","a744db65-78a7-4b3c-8267-0ffe05715901"
"1249","5f6e56b0-7cf7-42b2-9a3f-524ba0774881"
"1250","9bafaea2-76cd-4532-ab77-8b3d21fa6235"
"1251","e0417d6c-b6ec-4730-a406-2018c3bee038"
"1252","9d04490c-cea5-4765-a15e-99c46b543c1d"
"1253","f64fe2c2-d090-4e91-ba74-1355d96b9bca"
"1254","af607e5e-4ba1-4e5f-a2a6-dc05806567c7"
"1255","f5994792-4487-4e69-9944-f1aa1879cf23"
"1256","ba036844-c989-4365-b79d-a5fcfd26c9db"
"1257","313c2ac1-56ca-4f4d-a22a-2b2f67f796f3"
"1258","de0812a4-2313-4bbd-9321-150fc8e2886e"
"1259","dd3518ef-691b-4f98-8fe1-52b79edd4b25"
"1260","3a0f10bd-4c3f-4020-b29c-f03cfe6d6e5b"
"1261","9349f502-9c11-476c-957d-2e016790a2ee"
"1262","47ed1d37-971b-472c-86be-26f893991274"
"1263","9a5b670b-81b5-4807-8db6-a5d5b8413f83"
"1264","12da3e83-57a6-4011-8a4a-c72b47434f52"
"1265","d82b3bfc-b323-44d6-8776-e3d28e9183a4"
"1266","c811bb08-31cc-4b3b-a26d-a098182411fa"
"1267","1677a5fe-a0f9-4a3f-862d-91c0a2ff1983"
"1268","2ac93cb1-537b-4551-acc2-511a6f809664"
"1269","e2103a1d-4a84-47a9-b4f7-774787573449"
"1270","84f583f4-f32a-4202-9b92-e25f0c978410"
"1271","d77d7685-04fb-43a4-a1ac-09a10811f646"
"1272","66db424f-2abe-420d-8e5b-186607266b61"
"1273","f5bf985b-ac78-4d23-881a-18a359234528"
"1274","fbfef8ed-cea4-4674-bc9d-71661dd953ff"
"1275","ac846964-c171-4d43-8834-cc83ff96f582"
"1276","a5d88c63-853a-4f4e-80c3-1e793bb42051"
"1277","1c5f1010-17aa-4a17-acd3-3bbef4fcd2b4"
"1278","476015fc-ab0d-462b-83bb-0354e2d48610"
"1279","24bd5079-e4f3-4bff-8ed7-7540080ce7ec"
"1280","21a40266-69b6-48be-b882-38b2f55fd703"
"1281","7d9d73a8-08df-4624-a5df-95cb220c0736"
"1282","ceda9207-797c-4d4a-b65a-5eb59084f011"
"1283","7d35602d-bc94-4975-aa7c-f4e8e05ce8e0"
"1284","ac6ff889-328b-46ea-a8ee-e196443b2447"
"1285","1024388a-5601-4d18-bae9-4531a12b774b"
"1286","ae3e863c-8803-4de9-86f1-ed5afe7d24d3"
"1287","7f2cb89b-cd07-48d3-8e29-0082942284ef"
"1288","e6881443-3b59-4198-a3e0-61a814424bf4"
"1289","0fc9b742-ad2e-4ae1-bcc1-5207e0496675"
"1290","7e11b04d-c6b5-458b-a8af-0b12551ea8a0"
"1291","0ffed47f-d320-48cf-988d-40449825085c"
"1292","42cad89f-afd4-4418-8439-8ce87eff1f26"
"1293","db10b60e-efd2-4ba9-a873-d1e2ec37620f"
"1294","e63da991-d405-4463-9874-3555c80082d9"
"1295","6b21150f-e704-4758-b102-63fd3412543c"
"1296","0620ecd1-e4b1-4dfa-972b-38a93e5ebd9d"
"1297","be59c6bd-0e88-4ffe-bc81-50b86be815e6"
"1298","56ff27ef-2565-45bf-a70c-f06d78d2a480"
"1299","dd7c9dfd-6e2c-46fd-aefc-369402d0200c"
"1300","fa41dd03-398e-4f86-8e4d-e49742331e51"
"1301","53403f06-6c51-4a24-9491-d8a6200526ce"
"1302","1e929fc8-bf0c-4222-925c-f31e1dfc74ad"
"1303","9d59f4e5-20a5-428e-b8b3-645043500457"
"1304","aa8b0abf-7ff0-4fbb-b85e-5364badbf214"
"1305","80c4d5a3-fe4a-4f6f-9bb0-1f6605f98d43"
"1306","1b2889c2-154d-4e5f-b7d1-bd1f07df86ab"
"1307","bc5deb5a-5b54-4241-b52e-68389d9a1e92"
"1308","f9759731-c199-4d02-8a12-b1bc9c31c8c3"
"1309","76415d7f-0fde-4364-b45f-5c044580d2aa"
"1310","ee6c325b-223e-432f-89c3-a0f135adac9e"
"1311","0cb35854-7d5e-4f88-83a4-64431cfe58ca"
"1312","3140d979-2d6a-4c10-add9-f7091103829f"
"1313","df996a98-202f-4a9b-b088-38c8db03ef1b"
"1314","6f9ac146-8bbd-4b9d-9514-d85586caf17a"
"1315","5cd78d6b-b414-4a52-a24a-ae3ba1ffe7a1"
"1316","1ea8cd01-71b5-43de-af75-b742651dc148"
"1317","a7573f65-d00c-417f-b952-441ebaeed675"
"1318","fbafa41f-cd05-4109-a649-8b44d306d779"
"1319","906323f4-00c4-4c3b-ab5a-8af77be3456e"
"1320","84f58e3d-8669-4d83-8c1d-5dd1e73a654f"
"1321","981f770c-24f1-4711-afc0-13a6fa1a33ab"
"1322","546a96b1-5f0a-4c80-b3c5-8ac0830d9f0e"
"1323","5f782745-6382-4873-b415-8fb91c705b03"
"1324","1f1cdba2-4887-45ef-9eb0-235e7f63fa8b"
"1325","901105f8-3a08-453e-b1dc-23619e317fd3"
"1326","24a776a7-73f2-48a0-9b3e-93b8c78997e4"
"1327","446d29ed-9eaa-4798-bb91-5f196651ad0a"
"1328","bad66a63-4e3f-41f9-9e5d-a4d5f12f8d36"
"1329","0959a14b-9743-4d71-93ba-a1fefa56e5ae"
"1330","8d1e742f-28f4-4248-9a5d-6ef88a047f18"
"1331","c5f8613b-5546-4295-8b26-7bf977d401f0"
"1332","9c2dc96b-5d53-4d26-8d90-644d10c3ba1c"
"1333","b07593d9-fa33-4554-ab08-b38ef5837ca7"
"1334","37520413-563e-4d99-a14c-1c6dca3cf833"
"1335","67f21527-ca9d-4c76-8571-3cf74e3ce979"
"1336","26343dda-6dda-4c14-a329-34828135ecbc"
"1337","e8dd9cc1-c83d-45ec-a7b0-e3727ab90336"
"1338","e87da0cb-eb09-460c-9867-48a63b0ef145"
"1339","c19c5b7d-ce2f-451f-9ae3-59cf823aa490"
"1340","90e3b759-6425-4d7a-a9fa-af45a163c5db"
"1341","21fecc8a-392e-49ce-ac26-fb0696ccfead"
"1342","bd832a82-b079-4001-80d1-f59efed33688"
"1343","3c134a08-521f-489d-9ff0-d84fcdc963eb"
"1344","cb89a5c0-b5cb-4c62-8e7e-7714631b66b5"
"1345","3bddfd7c-ab6d-40c2-883d-5e97fb7640ba"
"1346","a5f836cc-7e6d-4f3d-a7ee-0146ebb84260"
"1347","03b9b491-fc9b-4868-914a-bf7cd47b5041"
"1348","8e207517-34bf-4711-a0aa-c8a557ab692f"
"1349","2344fb75-9deb-4e6e-b485-3e30df082920"
"1350","5c98825f-146d-4d35-97cf-207b2afd9ae2"
"1351","9e14c1d8-72f2-45ba-815d-0d12e12d19fa"
"1352","4c5d616e-f6d8-4fb4-8ce6-89a4b048b916"
"1353","c32c9c44-6a83-42e8-9dba-09b3582335b1"
"1354","ddfd922f-a4f7-47a7-bf1c-cf9124e5bf40"
"1355","f0f5bb34-71df-4715-9c9e-03567b76ec8f"
"1356","1bfd3bf6-a289-4c30-b0b0-16aae3434c39"
"1357","1a4cc54f-1e53-442b-a6d2-1682dc8ef8f9"
"1358","499031e7-9821-4728-adb8-2925663c6ef2"
"1359","e126f782-b4e6-4f7d-8dca-8d2e6778559b"
"1360","d65babdd-b9a9-4ca6-ad55-f02a9027bbbb"
"1361","8836a5a5-e2ff-4baf-aae3-bfb78a4cca7f"
"1362","03f922b0-d518-457d-8f2c-80252a714be1"
"1363","8e261d1c-12c0-498e-bfc2-ec0c16496c68"
"1364","b71e3394-599c-4205-a592-1778e45626ec"
"1365","99bac9a4-0623-41bc-abf0-0fb1c2e5f83a"
"1366","060850d5-3dab-476a-beea-4a01408c1bad"
"1367","4ca83b9d-afa0-49f8-b7af-e4e6a42ad299"
"1368","5056e290-959e-4e7c-a34f-69ea02417c7d"
"1369","694dc996-52f3-4afa-a802-672e19f061b7"
"1370","fdca2645-4d0d-4537-95d0-00ed70b48988"
"1371","05b70efb-6b80-4f04-9a25-67cd317daf37"
"1372","c07dab7f-deb2-4985-ac64-c62514221869"
"1373","e5d1f825-60ed-4bdd-872a-e748c387f777"
"1374","272b53d5-8a03-43d1-b0ba-e93dcd9dbcdf"
"1375","072f35a1-98e7-4a6c-9a19-474ace5644da"
"1376","3821d148-ef26-4658-8200-b6c6c0395167"
"1377","0c4ab800-2daf-4feb-b34e-4e86a2eff2ce"
"1378","7d594881-a9b4-4d4c-8a8b-75082c136b78"
"1379","d51ca82a-1a70-449d-91b3-9465f7ba905c"
"1380","24554d47-70d2-4153-bb27-84e338e76792"
"1381","f7f4d43e-86fb-4395-b52f-552f3c6ba9b4"
"1382","edff6d20-660d-4d33-b412-9a5b664a14be"
"1383","dc9a236c-c640-43c3-812f-269403591edb"
"1384","15a33d76-4640-438d-ae64-fdc0c1d3eebc"
"1385","24c39caf-6f4d-4fa1-bd54-2eb917c0dfde"
"1386","4a2a63e6-5c62-43a0-a375-fdf4c2805270"
"1387","8c2d6746-1966-442b-9a7d-8ee1accdadfc"
"1388","8acf5d5e-2ba1-4880-adf5-61746253ec44"
"1389","2973b3bc-5893-4b3d-8953-22ef677a162f"
"1390","5898d99a-62a4-4e10-a2e3-0d815ce44248"
"1391","8088750d-8388-4170-a76f-48354c469c44"
"1392","8b85dc08-df56-49b4-a1dd-69c48ac557dc"
"1393","97bd1c21-66b2-4b7e-ad0f-e3cda590e378"
"1394","48db96bf-3314-45c6-bad8-fdb6e20e5639"
"1395","e9575f7f-053a-439e-8074-f93df3334e92"
"1396","25f0ea33-b4a2-4f31-b7b4-7d20e827b180"
"1397","fecf8a0d-62c4-4e71-9b03-0f4fc2ad7bf5"
"1398","a4346013-a967-4a58-a533-6b32ad1364c5"
"1399","cc7370dd-69fa-4c67-a96f-d4d135d38700"
"1400","edebd83d-35f6-4ed5-a940-6c203d178c01"
"1401","a7f0fbe0-c546-4f30-8e41-34a58c64567e"
"1402","65e58886-bd1e-4c5b-8ca5-8d9b353c8aa1"
"1403","43ae58b9-5e56-4524-b45a-b422777a0576"
"1404","9ef0f3a0-9ce2-4ef1-a987-0366b5cb2dbe"
"1405","ab1e97ed-2319-4293-a8b7-072d2648822f"
"1406","b5c7e0dc-dda3-4790-a7d1-d6d8023b3089"
"1407","3cee858e-79e8-4a4b-b99f-93c7f735d58b"
"1408","51b4a8c4-6af7-41b7-a68d-f3c2fd63c9ec"
"1409","60d97332-5284-47f9-a5ff-5e73c10806a0"
"1410","1f551366-dd12-4a80-8913-865276149e42"
"1411","f8e5f1fd-82ee-45c0-b179-399d8e9a22aa"
"1412","3035be48-c249-453f-bf11-cb27219448b8"
"1413","51e79cb4-fab3-404c-88f3-cd4a1bd5879e"
"1414","7a258bc5-c5bc-41ae-ab7f-d7976fd9ed0d"
"1415","6c77aeef-327e-440f-8510-74ce5a73bd8a"
"1416","7a66b8a3-502f-408e-ac69-46e72dec6ede"
"1417","5c2a951c-9eb3-45a7-af45-39f3bf3a095d"
"1418","2fd26ae6-bd98-46c7-b1ba-8a0b52734fac"
"1419","b497a163-daf4-4f1b-a6ba-8c640d803979"
"1420","2522a6ce-3202-4ac8-9f5b-b9cb5a3a83a1"
"1421","5dc193da-e018-457a-b7b2-c8b315660e16"
"1422","41df9059-9265-4d0d-a94b-6b0bb06c991b"
"1423","af7a7ae3-b803-4448-b0b0-a5a5af26e5a1"
"1424","995bf279-5055-4eed-910b-ccc927074658"
"1425","efafc59d-a2bc-4f10-b681-edd0053f3de7"
"1426","3ce1fe19-7f9e-4070-941d-651673a5693b"
"1427","83aedfbe-5a70-4188-a40f-47c3492105f6"
"1428","2dd79277-f639-463d-b74f-00b7501d742d"
"1429","ec410bec-db3c-4950-9f42-d4b3221868a7"
"1430","ecc4552a-92c5-4222-b18d-faf5ac841080"
"1431","17924c75-45f4-4593-afac-eea0d51f04b5"
"1432","c69fe106-693e-4633-8c80-9734e52700b1"
"1433","b7ff512a-8bce-4918-b11b-7c388892472c"
"1434","bff8e986-204f-41f0-b760-6fc9bf6029fd"
"1435","94a56423-06a2-4753-b158-4d9231c8293e"
"1436","54c9c155-9293-4329-8ed2-2e76e8b519d4"
"1437","022dc430-872a-473a-9cf4-fed4895e58ad"
"1438","555343c3-e580-4b3d-82dc-51af4e1b3b75"
"1439","054f26ab-cfdc-4077-883c-1c4c9e9b310a"
"1440","46e1b714-94f4-462d-88e6-31f442708812"
"1441","d53b04fb-1bbb-4a25-92f8-8ceb308d276f"
"1442","acc74047-f59f-4935-afc0-45ec43b9b57a"
"1443","5d9e766b-8f17-4e17-bfab-3bb0e0719791"
"1444","7e7bbf72-2bfb-49c2-a341-04c02932f916"
"1445","8300443c-c793-4102-bff5-aa917a0cb39f"
"1446","37bc4dc0-1233-4008-98db-1116d0c1cfcc"
"1447","d9e5349e-8791-49c2-8ba4-839fdd1606c2"
"1448","248894d1-42dc-474f-af6e-2da52ac0c679"
"1449","092f44f6-8631-460c-a862-f79f5c15dc03"
"1450","2f573ad6-1fa6-46c5-a48d-912368fe55aa"
"1451","acf62e14-76eb-4ada-bb09-7570006f4d59"
"1452","df1265b9-81fd-4a40-a746-f0442ffbf7ef"
"1453","3597b613-de06-45d8-89a4-6b01ceb1c3a8"
"1454","0d7f2cce-245a-4d02-9b8d-2e9946cc4c5d"
"1455","f79b4e88-864f-4d59-ae1c-077af72a76dd"
"1456","4b5d4fe3-4280-47c0-b1d2-ab08ace85557"
"1457","c3e36d05-8ae8-447f-bb2b-6f9409f85389"
"1458","c94dd931-f568-48e2-9a1c-922f1ce21f67"
"1459","4134622c-c3fb-4a41-beb6-6d58ba5107db"
"1460","b6843068-2dd3-43ea-9625-3aaffe9f0112"
"1461","97b246e3-4f45-4708-9734-cd3158d868cf"
"1462","de7b8c6c-9ed4-4776-924c-4265dd1d9cde"
"1463","4319f251-014f-4b0d-b78a-1fac68057b58"
"1464","113d2de3-2150-4949-b91d-abd3d39b370b"
"1465","b32e593b-cc7f-4f38-bf50-e69431ec7ada"
"1466","d8a37cc7-878d-4c76-af69-3584282d8a8f"
"1467","905b5971-6b18-4719-86f8-edfe4b65c5e4"
"1468","b8990fac-b9d6-4c9a-980c-fd6753757106"
"1469","6195c5f7-a4fb-425d-a3dd-c4467c4471a3"
"1470","71c2f41e-14de-4b23-82ad-5dbcd54ba5b0"
"1471","64be6a06-52e8-4f5c-b64d-caa516cfa291"
"1472","c0508d27-e150-49c0-92be-f63f0e0f0cc7"
"1473","55fed833-b876-4f71-a6f3-534419a9b030"
"1474","69693912-0fc4-4c07-af34-e3cb24c68f63"
"1475","11190c86-bf63-4d98-be9a-fbee97c9f93a"
"1476","42c7632a-b497-4995-b120-56932a59fc77"
"1477","fd082998-8cea-4abc-8504-03f7e4b7088e"
"1478","27ad6528-0914-4049-87c0-2f05791d0e2e"
"1479","df179770-1c8d-4673-a270-481b7e4e6010"
"1480","17446f6d-d8b0-4945-a37b-9ad0dfc9f3e8"
"1481","30685aeb-512f-4517-adc8-63bdc1eefb8e"
"1482","f76eeb55-2ad1-40ef-ba09-fa60e2c28b40"
"1483","73cc1ce2-4ada-4ae1-9f8e-d7efadcd52f6"
"1484","b0096dc5-2e2d-4bc1-8172-05bf486c3968"
"1485","f96f5aa5-6ed7-40dc-a431-68b0a09d6d4b"
"1486","0082c13b-5866-4542-bc4f-722a4ae9530e"
"1487","2eea3fd6-82ee-4334-8e36-62a0707cade1"
"1488","cc0a45a7-4883-4122-af11-7ca6c45a37c2"
"1489","44d5340c-45df-4478-9e55-2363342a7324"
"1490","7c3cde53-9ff7-4e82-8396-13fdfadd3432"
"1491","77bf865e-6360-424f-9d77-ce03918c7dcf"
"1492","9ba355be-f119-42b6-a7d6-52f6ce2e4a3f"
"1493","11430d93-c835-48ed-8e70-285fa69c9ae6"
"1494","4da4587a-fd0b-4ca2-886c-c42a1562d432"
"1495","2164e860-7f20-48bc-b98c-5d9f8a561550"
"1496","d560df46-dda4-4407-bab2-b87353a96814"
"1497","378b4cd5-ced1-4133-82e6-6d12bee2553b"
"1498","d1a47422-bcf0-4f81-864c-984d08f7cf64"
"1499","ab67fbfb-0ca7-4345-8bf6-af8f59480212"
"1500","7e796b51-49d7-4e73-95af-2e7323763f15"
"1501","6c08403c-a5bb-4868-b8c2-b7d039c0e511"
"1502","5233e3f4-904a-4f68-9327-707f11d93374"
"1503","397412dc-47c4-4580-82d0-15a9f9a86ea2"
"1504","3c333552-8d89-43f5-90bd-856e15bec433"
"1505","9bcff7ef-1f9e-4054-b8fa-3c640e491a11"
"1506","05010f6c-0b40-4525-ac4a-057d46a2b6f4"
"1507","8c30f212-806e-49f6-ba1d-77ec0f0df524"
"1508","c5422318-3218-4ce9-9bdd-f38b93ff63a3"
"1509","feb717ff-fba6-4a91-aa10-ee11cf2da6b4"
"1510","87434439-c07d-48be-af34-b0cdd03121c4"
"1511","ee3c1d54-f46a-43c7-a0f9-0ba3648164d0"
"1512","4ed46658-cc30-4d37-9301-47dd354c92a2"
"1513","162c7407-14ec-43ef-a4c2-31ccd1267850"
"1514","dfff95c6-9758-4c04-a228-7eaa88dec6cd"
"1515","f85c6fbb-51c9-4b3f-adc9-391df4b2da65"
"1516","f058bf62-70d1-4f5e-be2a-8b26fac24a96"
"1517","be4588ee-f2c4-425a-9c23-a97ff1a6ca98"
"1518","34406889-f522-47a7-b60d-8545b36d73bb"
"1519","3e37d714-4d65-416d-a138-46f7e2a98073"
"1520","d80ebb29-7b20-4343-b7c9-0e3ef9f2e1f2"
"1521","3936cc7d-d045-4eb0-b951-b862a072c0a2"
"1522","a47d194d-0ffd-4aaa-b695-fbbe0255000e"
"1523","6d12ac9b-5ec0-49b9-bd70-5a19352585cb"
"1524","12274664-b642-4945-b88f-d7787dc3c9dd"
"1525","1f51e46a-4588-4c1d-b507-3f9ea480dde2"
"1526","935d6f91-60c7-4eec-b6e0-255f96fa37d3"
"1527","33a0a2ea-025e-4107-8717-39ac45b3b78c"
"1528","b1a5d83a-e02a-449f-a68b-539b34821078"
"1529","c31db791-e28e-4331-81a4-ddceb51d43f6"
"1530","16886497-e872-421a-8b9c-dc7fbbbb1ba5"
"1531","9c07b3e2-b919-4594-b6f2-e01df6e9390f"
"1532","c022ff1b-7783-4e64-89ef-0422c81ff51f"
"1533","8712b176-c063-462f-9d0f-2e3c54d9a2eb"
"1534","ca273412-56a5-487e-a58b-2539abc0d730"
"1535","dae7b6eb-dea0-4298-9554-d951656e9389"
"1536","eabc06f6-2daf-45bb-b525-7fc078e2eadf"
"1537","b73bda36-9c32-4045-ad4b-168b81d44662"
"1538","0b16ebec-1fd8-41c8-a1b9-bbe91a1cc1b8"
"1539","ce689fb5-2c21-4f96-a4b0-d02d4af35923"
"1540","1c8327dd-9af0-4124-9c4e-0342d90189d4"
"1541","977ea26a-3721-4f5e-9a99-b6676ff6ba7d"
"1542","3ef76cca-f763-4ec0-b4b7-71971e0f35ff"
"1543","2ce0a4d6-f2f4-47f8-a811-a445862089e8"
"1544","78ebd783-feaa-466a-85ac-9cc44779c202"
"1545","4c58528e-bdaa-43ad-8f5a-8ad0b8cd4bbb"
"1546","a3ff9653-a07e-428b-9ae8-1af2f864cae8"
"1547","2c28fc20-8a60-4311-8899-5ef8729c05b3"
"1548","bacbfc27-4b5d-47de-8bfd-af5fa27562a2"
"1549","f73ed9e8-65c6-450d-9f19-8f3f8266689c"
"1550","1fcc7c3a-9693-4999-870f-8dab6283d9e7"
"1551","d2efac49-6a08-402c-ae58-1b8aa95980ba"
"1552","f256f3fb-bb26-4d2c-99f2-7f99b68076fd"
"1553","fe4a9fb8-2963-4b23-8a18-e033197304f2"
"1554","4e0a7f6e-b546-4cc6-9f8b-53e4fa31a426"
"1555","50ac5186-bb18-4ffb-9f29-00636853c8ea"
"1556","16d61c6a-30e8-49e2-abbb-d20879eb8afd"
"1557","065ec709-e0f4-407f-91fe-9feab66942be"
"1558","5aa79c4a-8b29-4d57-8723-b9a69ef0727e"
"1559","f2071535-4da0-4253-a548-920d170b80e0"
"1560","df64a7cc-2e96-4304-95d3-56fe0ac2dd39"
"1561","11f364dd-0814-4398-b00e-10d1be8b27af"
"1562","fd33c66c-70c4-40e6-b87c-5495bd3bf26e"
"1563","e36c1f47-3913-4d35-a6ae-fd9a7243483f"
"1564","44864dac-e16e-4a28-85d3-c08552f2fba3"
"1565","3d957fb2-b8f4-4b4c-b955-23299c761ad5"
"1566","dc580b44-5099-4327-aabe-8e59b6d1ab90"
"1567","854de3ad-0bf5-4b8f-a283-1c31b4c7e272"
"1568","b3365920-f342-4bfc-9bde-db0de855c14c"
"1569","f14cfbac-07c5-43de-8b63-51518be99826"
"1570","9b5aa426-7daa-4143-8d70-c3623e8c7e60"
"1571","c46cf6f9-8b1e-44b9-a529-f5774c9167dd"
"1572","414bfea8-a6bd-44e1-8820-80b1238a39cc"
"1573","93415e89-f7cc-48cb-939e-18576f21045a"
"1574","7d4d1dae-bcba-47e8-9409-ea52b02ce246"
"1575","0e8a19c5-2f06-4a7c-b228-d4ef1021c5d0"
"1576","442f1140-fc9e-4652-b6d8-28cccc288a13"
"1577","d34ed027-4050-4612-b70e-e4242cdbdcc1"
"1578","128f318e-1bc8-4921-821f-b0aad1d98922"
"1579","e6c6da92-cc13-4c83-bce8-2e0bd2a27f15"
"1580","b4c100f7-b115-4886-b3ea-9469b9b6c477"
"1581","fd70741f-5916-4fae-8d8a-d4ca8b578b8f"
"1582","32bfacd9-51b7-4757-952e-7f2be2671632"
"1583","2e04c512-6867-49c5-ad58-0797b8fbddf2"
"1584","d6141677-b63e-4ce3-bcd1-fc860dc989bf"
"1585","d1bffe87-5020-4199-bcea-50108b040809"
"1586","7236d0d1-127f-4307-a7d4-9730ee8a9167"
"1587","a5443429-dac6-4849-9dc9-3b740a42f424"
"1588","d84cda8c-92ac-4b3b-8d04-3d086cba0e7f"
"1589","671fa6d0-5052-493b-8476-c4ef43bb96bc"
"1590","c79a6989-a73c-496b-997f-c706e1c5c52b"
"1591","a550c4e9-5773-47a2-861d-e57ceb076eb6"
"1592","26514334-a6b2-47d6-ae86-490f5ee972f7"
"1593","fe42b42e-0cad-4902-892e-496280b45e88"
"1594","8a18f41b-70e2-4a03-986f-95b52d2ca39c"
"1595","1d38a162-61a0-42e8-83ca-47ce3e881032"
"1596","d93f9e29-9740-4231-8486-13d377b99f05"
"1597","00ebb379-ce26-439a-ba89-9a7d1ef2f696"
"1598","ac51e567-2261-48c7-b0cb-97c07fc60b6c"
"1599","a886afe5-6a20-40ac-b660-562d46f94d9e"
"1600","0e531bd6-7997-43c0-b042-7cec951e6ada"
"1601","3a55c908-154f-4739-a8d7-cce034cc8e27"
"1602","a0ce60da-9e93-4fc8-9ada-35bbe5247d07"
"1603","273eb12c-7c34-41d2-afd2-c0222bf853bc"
"1604","eee58e6d-4587-42f0-b9a0-fe055cfe2044"
"1605","72a22a1e-4db2-46ac-9757-bbb2285ec590"
"1606","0c8f5f32-a286-4f88-b9e9-d7e7f3a3684b"
"1607","180a1099-978f-494a-aee0-3e5ae5c2f381"
"1608","921f52c7-d977-4e84-8b62-adf64fed999f"
"1609","88cc9573-e12f-4915-a915-5c3ee19891cb"
"1610","8157b8e0-433b-4fe6-b520-3fc7377c8d2e"
"1611","d1a2b81b-a3b5-4e4c-958f-e361254c295e"
"1612","b5d7adfd-b8ad-4f12-88fa-e2d161c0b296"
"1613","ed0718f6-5823-4c74-9749-2936c9c06203"
"1614","0b0335f3-0aa1-491e-895e-81fc8774a300"
"1615","6a322874-e32f-4cd8-9683-badce67a7f73"
"1616","23cb29ec-5738-4966-8453-09952ed8c1fc"
"1617","93b22bbf-ece1-4e2d-8d47-0c9392c5a4fd"
"1618","a4bbd0d9-a6be-4472-b05d-291e60cf6b4b"
"1619","ead58f22-0af5-467c-ac1e-b750e4e1ac6a"
"1620","0c521914-1ba6-4f92-8fce-b6b97f3f8edb"
"1621","4309a39d-af97-4e56-8d0e-5351b7b8dd01"
"1622","49812c2d-3a36-4be8-bd41-8c0be3db7c6d"
"1623","3c834f6e-523a-49ee-8ed1-e073e28ae6fe"
"1624","ba2c6181-b036-40b4-8f6d-51499463ccbb"
"1625","9a9e28ad-4d03-4a06-ac8e-26938a3767b3"
"1626","4754d9fe-dc3a-4f8f-8ea6-5dbcea3a21ca"
"1627","ba4e1200-05e5-4c42-9d07-c352223bb10d"
"1628","fa3567c8-a7c1-40de-bac0-a4f5a85b9f1a"
"1629","ebff1a39-7261-49cd-9cb2-88f565e8dc26"
"1630","f0699875-51da-48d2-bc92-54b0749baef1"
"1631","8c4c49d4-9708-433f-8ca7-bf2c5211ee49"
"1632","4e8a2bd4-1a44-49be-b4e3-0616091f5fde"
"1633","f9670490-8aa4-4540-b121-d440a8294aab"
"1634","dade132a-487b-40fb-9d8e-f20ce5e6c076"
"1635","e665d919-f28d-4ac4-adf0-8903ac66540e"
"1636","5fd5c985-eaaa-47aa-8314-62359c54505a"
"1637","b6d14ab8-3441-4cbe-8a0e-5b4f7f994730"
"1638","695c3249-18e7-4435-bdb8-54a16011159d"
"1639","253b7df4-621a-41d7-b363-ccb2e4d6b178"
"1640","3a5b7435-c262-4a9d-893d-ee6c19bd9d92"
"1641","f672b7a0-698e-45f1-a102-51adeaf89200"
"1642","01faf296-e037-494c-bb1c-65bda5aed750"
"1643","e7b05688-c191-4c34-b8ba-9cdcb8d805ad"
"1644","0de6bca4-f3aa-452a-8e10-d355b2c1bfc4"
"1645","c4e9f0d0-bbdd-42d7-83a5-2c131f6d67c2"
"1646","0037c821-2898-4919-b96e-7ed1cd89554c"
"1647","507e2b21-1285-47e9-bf09-0db794df1bf0"
"1648","e4ff825c-7376-4135-93cd-3892fd67b7c1"
"1649","cdbb225c-d69d-4442-8cdc-818b1fdda074"
"1650","4f060129-8b75-4d58-a8dd-515bd8fef349"
"1651","36f3b02f-4511-4be9-a257-94f53513aa84"
"1652","6b5d032a-b85a-44ea-9dad-5201048d2dd2"
"1653","709ba9cf-ad8c-41d8-b09f-3de1ca0692ee"
"1654","77558a0f-5e48-44bb-80d2-6380592080de"
"1655","47bff4b6-0152-46e0-b20a-48cc78e4ba46"
"1656","ae6c1227-dd33-4df0-a64e-439cfdf948ea"
"1657","dff0087d-25e4-40bf-979e-32fdf2445438"
"1658","215d64d0-a698-4508-b1b4-3d8a56b3ce9e"
"1659","5b776f2d-cac1-437e-badd-9871876209a5"
"1660","3220a66f-d129-463b-848e-891b4f1c79e3"
"1661","15725b82-9608-4579-abdf-adf91982dad9"
"1662","7253d98c-4a6d-4e37-8b6c-accca9f4b639"
"1663","751941a0-5645-4f8b-b97e-b252909d5edb"
"1664","3579208e-49b3-4ce4-98e7-20e41b1ce8d4"
"1665","1b3fc0e0-c6f9-45fc-9c6e-14bbba662979"
"1666","fcffe2a5-6253-4848-92e7-749304aca647"
"1667","d8c19849-f4cf-458d-90cd-abe735a729bf"
"1668","452c4c68-50d7-42ed-8c4e-b437446637d0"
"1669","189777b9-6e95-4f76-b8db-f8e0f0477bc6"
"1670","c51fef82-590a-4077-b210-2b5fdd53f68d"
"1671","7ee872de-db39-4ae3-8e19-75d1a2cdf697"
"1672","2c9a8493-6a2d-4613-9d4c-03663cc15c1c"
"1673","0bca9840-478a-40fd-a6c3-c8cc923add98"
"1674","ab1f5998-7ee8-4123-a420-7e96fb8de143"
"1675","764db027-9063-4468-acb3-c73ecfc76f35"
"1676","658b6ea0-79f5-451d-a037-7593a4416c85"
"1677","1e887ec5-cc41-4517-b3b2-0805ab4293c0"
"1678","a917fd91-866d-4ecf-a70e-894b755f9baf"
"1679","c2d48b3a-1f91-4442-8f18-6c43a589737b"
"1680","409a7608-20ac-40b6-a022-5cb74d23799d"
"1681","e043adc7-e5e6-4c26-8c97-cb3a5f4bf119"
"1682","669edd06-1de6-4d01-8029-3e64a3754001"
"1683","fc7ed09d-3010-4054-8136-a534b16fb35e"
"1684","090ae6b3-12ab-4c72-b98a-17b790cf416e"
"1685","cccaef32-ecec-4417-8f67-75e62056ae77"
"1686","d36178d1-07fa-44c5-8b19-0ca637256261"
"1687","d73a88a6-6325-4c2b-887c-5d598580afad"
"1688","c9bb544b-99a1-4335-bcea-23f84b01095a"
"1689","eb2ae1c7-ba57-4695-8f29-9dd41c26e01e"
"1690","c1b746ee-b72c-4ef7-b5c1-f817892938a6"
"1691","6433cb12-4a41-4660-8d73-8b33b3c9515c"
"1692","8f6cd809-2f5b-4c88-aebe-59fd48571d26"
"1693","f274995e-9781-4c7f-a246-25577ee51dc6"
"1694","1835a7c1-600e-4b16-a0af-fb4f7d8d77b9"
"1695","4d5c38e4-6687-48b5-942a-7b7c018ea9d5"
"1696","d8aa87e2-bbe4-45ac-a1e4-f48b6f63952e"
"1697","541f6f61-40ee-43d3-9f24-a1a5b31c2a34"
"1698","e2ca587e-9018-4f80-a9f6-100bc3d384ab"
"1699","b63bfc0b-5b35-4019-b909-68ade8d9be66"
"1700","04e52ec7-5107-455b-a943-8004015d5b26"
"1701","41097e86-42ad-4bbd-9a72-55f428fee251"
"1702","c65c7304-03b5-4065-a140-ddc405e670d1"
"1703","fd4386c5-96f0-4c6e-970c-c08729ae0cc6"
"1704","3d1b1cfe-a182-480a-b4dd-f482c6b4e6a4"
"1705","bb40da1a-232f-4ba1-a9f5-5283a4fb7a7a"
"1706","bf5d77ad-e18c-48d8-83f0-bc79c011c74a"
"1707","cc61f9e5-d4fc-470e-8606-1ce865ff8386"
"1708","94579fbb-0485-48d4-b97e-ca85e15691d3"
"1709","8c6feedd-339f-4dba-b28a-dae84c759853"
"1710","c606cb12-9c63-4d2d-a58a-934b1dd3a0a8"
"1711","613ec980-2d4c-4f56-a58b-28a343205d7b"
"1712","c5111560-0140-48bc-8475-0638a8cc852f"
"1713","862920c8-f2d0-4058-8fb8-9f06fbfc2446"
"1714","9b9662e0-100a-4314-9bdc-8146a7105c3d"
"1715","810134a4-3c40-4140-b8ca-6d6e8d0dc0f1"
"1716","0253b09a-7217-43fc-b62f-e6b23ffebac9"
"1717","9da7bfb1-9e1a-46de-8374-dac1a7cfa86c"
"1718","68d5d7e2-1e9e-4b2b-bce9-ff6c687e4f45"
"1719","797a4416-0b8d-44f3-8fcd-eb10bd0be6b4"
"1720","4539aeca-b56f-4d03-ba86-8f675a7f2536"
"1721","714eebcb-569a-4f1b-b592-28f70b59a9ba"
"1722","4321478b-3e6f-4b47-88be-fc9b04c8f3f1"
"1723","bb165899-d95f-4433-95f2-173fefd716d2"
"1724","a30bc8c8-1d7a-4629-82fc-24a0c07a30a2"
"1725","0f62b20e-90ea-446b-b5a4-eb5ece4057b0"
"1726","94e7a22f-16b8-4eee-98ba-a5b09e9cdf96"
"1727","7a8fb784-67fa-41e9-a75c-6b491d91f800"
"1728","9fa06999-9ba9-4d74-9b15-edfc788b55f7"
"1729","f10142ce-d522-49c3-9fd1-054fb63529d4"
"1730","73a023d0-888c-4d89-87e4-a03e84395da8"
"1731","517f678e-001b-4985-acb4-9edc3500d74c"
"1732","0a71a150-17fd-448e-a5b8-19fbea76d569"
"1733","a5515186-a519-4a9f-8876-9aaacf06e0a9"
"1734","7d5ff73e-7bea-436d-974f-3a51ce24a138"
"1735","3f24d74c-a8b6-425e-b197-85757cf657da"
"1736","114a79ef-1e62-475b-a862-954f5b4cca20"
"1737","6af000e5-a451-4f78-9feb-723971f2ad05"
"1738","6039fb0d-cf20-49e9-9fd4-5b561e85c77a"
"1739","6b643893-0a1f-4f6c-83a1-e7eef75849b9"
"1740","c64c4f42-253b-4d53-8637-fd00d86100c7"
"1741","fc39a239-f574-4109-b280-cf1f06966bda"
"1742","da165530-15aa-417c-b2e6-9bac1bfe0fe5"
"1743","f0de4973-0a70-4644-8fd4-3a97080476f4"
"1744","bc916b78-2b53-4850-a4aa-7d748e99cc0a"
"1745","5c64102d-8a0e-4450-9b25-f9e9fa29fcc1"
"1746","3164ecc3-1ccc-43c6-8d7e-9e9e80b46ae4"
"1747","b6a22297-3067-4981-92a6-cb9bfe45db69"
"1748","150f7517-4ab9-492a-9db5-f3f53fef44d5"
"1749","b7d292ca-b873-407e-a1cf-0e7d1a2149cf"
"1750","e06f9eaa-004e-4999-a75c-36ed1fdc0a5b"
"1751","ce82b32c-53ad-4543-9315-7350a2ec059c"
"1752","26e517d8-207d-4c1f-9d20-be6a93d0f415"
"1753","7714b4a3-afa9-4517-a721-bd879a750893"
"1754","46003629-a579-4d0a-b3ea-80ef890699d6"
"1755","a6b79d32-263b-4e13-bb44-047c6b1f8f5e"
"1756","39da28ca-7dbc-49d7-8633-ba1b3a4b00c7"
"1757","52743af8-ab5d-4ce3-b877-13d349394456"
"1758","7ecd9100-1deb-4df5-91d3-5f25d4ca450e"
"1759","1612575c-22f1-4a36-8b5e-88ed662b8b14"
"1760","2633d227-076a-4e71-a96a-f81ccba7a554"
"1761","c9e1cb88-bd7c-463d-83b2-2bd197a3114c"
"1762","d49bfcae-1dbf-4b06-8d34-eb70719ea6ec"
"1763","2e49f58a-a8d3-400e-b7bd-d8f8bc703a3e"
"1764","6ad61ee9-f2b4-4257-b424-4294125bcc8a"
"1765","46a5e3ea-e276-4d84-a289-bd1187ac8cb1"
"1766","57e7593f-0871-421c-88b2-a02acd85d79e"
"1767","f190355a-cea5-4cd0-b6cd-a5c3d9a14985"
"1768","083c139e-3228-413e-93f0-71fe5e301421"
"1769","b99c9b86-b16f-4592-8505-de3d9c99e25b"
"1770","5706691c-2c38-46e4-9e88-c55be7e5d3ff"
"1771","574257ea-7b64-4100-b7b6-e27c233fe143"
"1772","3cc1ee94-ab2c-4f35-8171-3cf4b5b664e4"
"1773","f5369f2f-e52b-43d8-8d31-79a6c11188d8"
"1774","8f6ed69b-29d0-4c01-81ba-f05920a185f3"
"1775","629685b8-5f9e-4522-8cff-b3e2c4ec625a"
"1776","966f2fd3-3de6-42da-b87c-da924c6d7960"
"1777","0e361e34-c563-4892-b9d3-873a6a4fef8a"
"1778","43dfbe7f-9e10-4871-b171-e5076737b4cf"
"1779","a88da605-095f-4a4f-be1c-d1444df8228a"
"1780","397da142-ab35-48fe-b154-7c38f447adfb"
"1781","737f8895-46df-4283-8f38-13f3f0fc3b77"
"1782","367c240d-5f34-423a-86b1-866ad27206ea"
"1783","aa0d8201-5a8e-417f-81f4-c04601139582"
"1784","5753e2ca-8934-45d3-8e52-3877d373239d"
"1785","a1ded3c7-f3e2-45c9-aa01-e4e84d5f69c8"
"1786","e8bd4f15-c928-463c-8454-5a7d99dd9926"
"1787","85ac537a-9233-42cc-a6e8-73851e77d214"
"1788","5e80353d-53ed-4e64-a5ff-0e3ec52156fa"
"1789","8bb1e784-f54f-48dd-aedd-23723e171898"
"1790","54411e8e-d62f-46d8-b87b-fce23f8e3bc8"
"1791","6b28bb69-a6ef-42d4-84df-46e498f09297"
"1792","7ba8eea9-3f9c-422b-90db-1a11eb6ff904"
"1793","db3c8181-31b4-4950-bf0b-de01f93c372b"
"1794","2562fa92-6ecf-4ba9-831e-0ce94acb8991"
"1795","86c8482c-776b-43b5-a01c-956601069cfe"
"1796","1ccb6921-3599-4d58-86ee-b659b5fa1c2a"
"1797","54e4e941-76cd-4bb7-bf25-019d50b737de"
"1798","e2bc4d45-e630-41a4-af4e-3d1eb9e14c64"
"1799","8aaf9e1a-7f54-4092-a636-5675c0df9afc"
"1800","b868a1b3-2056-423e-b60c-48e0a1892e8b"
"1801","f1bc8d78-3310-4a91-aec7-a20df9146dd2"
"1802","6b7ec709-9635-4197-82eb-dc1525b2eb8b"
"1803","6c3031c8-fac1-449a-849f-c24c5009db33"
"1804","46b391a6-bbd9-4e80-afb0-ad205101af59"
"1805","f645997b-e5a3-47e4-b715-65bbfb3e69f5"
"1806","dacaebb5-5d85-4f3e-9adb-7c82b4f53189"
"1807","6f900dcb-c7ff-4d97-8015-9c45b99f7097"
"1808","458d8ab9-a385-4e78-9638-1c3f9ce3c586"
"1809","4f4ca760-970a-4839-9ce2-ab85ed66772e"
"1810","b9e19b5f-06c8-4062-b6aa-b3a1c06c40ce"
"1811","40fa39b5-0f69-432a-b5ea-b01b5d98649a"
"1812","4aba6668-6118-4953-804b-869cef94422a"
"1813","5436f06d-4cc0-42a6-8e5b-63b842cce03b"
"1814","b8656b5c-e3f0-4418-82ff-87b5f677f9e8"
"1815","1f6eac42-e5aa-4fa7-a75d-a4eea12c618e"
"1816","81dc035c-921b-4fea-a453-94538e86097c"
"1817","2b1e2927-3542-48da-9063-02925e7562c1"
"1818","c6a0e8f4-ac0d-40b7-a594-86bf33c3e8dc"
"1819","a36de838-7fd3-474a-8391-492354b47fc1"
"1820","40c815cd-30a2-42e5-a549-bf9017cb6df3"
"1821","b5a8ce01-a4ae-43c1-b4e4-c44be6804691"
"1822","897b393f-e7e0-4248-a40d-d77119694e83"
"1823","d1e954cd-d290-4d80-97c0-7969960d2928"
"1824","ef010091-ddce-410d-9864-9276ef6fe390"
"1825","4422d55b-6b66-434b-a322-1e251c0183d1"
"1826","38716afc-a93b-44ab-96cc-2ecf67edcf32"
"1827","30560a8b-e9e9-4988-8192-8bf15bac72b3"
"1828","75f650d0-9096-4b8f-bbd6-ad05ee3f6121"
"1829","7ddbfce9-902d-4d1c-b751-30274f4b49ce"
"1830","e1f09038-b493-4771-ae29-a2d3e7ea013a"
"1831","ea1bf5e5-e7f0-4d2c-a415-1c39c00512b1"
"1832","4707bc7a-e7e7-48e5-8dc5-49ec60fbae90"
"1833","65f375e1-6724-4539-8f8d-b35f4ba11af0"
"1834","cdf83a12-56d4-4e3c-ad0b-af1c1f21c62a"
"1835","48e10631-64c1-4831-8518-a6a992ae0a13"
"1836","327d15c8-29ff-4ad4-a4fe-6536d777a45f"
"1837","071233c4-ad2b-4f50-b79f-768d2231163e"
"1838","ab1cb4c3-8a39-4e26-aa53-6e0680eb08dc"
"1839","b5cb259e-83e7-48f5-950e-245d5b5fd6d0"
"1840","ad903700-6511-4804-afc6-f9a2e9344a59"
"1841","ec0bbf39-0edd-4015-a2c3-82ad563ce3a8"
"1842","a8d41cca-3bc9-4d2a-ae09-436dabe86e21"
"1843","559441b1-15fe-471f-a4b9-6534a390bbc8"
"1844","7800332c-a8eb-4792-8d72-50d509616154"
"1845","f17f94f1-88cb-4815-873a-2a9639f10729"
"1846","00b9a3aa-7070-4bb5-8020-f228a97cf42f"
"1847","bf59255e-782a-4e83-a93c-6055cfdd8e7f"
"1848","fc4fcb4b-993f-4f2c-b158-c2171ec18ed8"
"1849","0c452783-8873-4b04-ac18-ea353bc55b1d"
"1850","17363757-35c3-4b1e-84be-4aa53fb5b8d3"
"1851","02c7caf4-4e8b-4745-8917-dbbd3af17c28"
"1852","9c44ebf8-f996-4fef-b260-5faa2cf3a8f2"
"1853","349167f7-faa9-423a-b054-9e4fa0978fd7"
"1854","68ad2716-36f4-4445-a437-ebfce0e23430"
"1855","594bd121-9614-4e87-9ecf-6ccb95507efe"
"1856","6b9c6280-cd0b-4462-885e-da63fe5918ea"
"1857","a6bbc19a-381c-4c60-a79a-41dea2d1a422"
"1858","b8c1e014-1f54-480a-bf0f-2ef3d2d275e8"
"1859","4c196a43-8b0a-4d22-a158-77ea6f346093"
"1860","2a82241a-216e-44d8-bb50-6b9a0ef82084"
"1861","4c35663d-f3c7-464a-bbdd-3568eba2dc7b"
"1862","68c5d392-22f4-4b2c-847b-d18a34c22fea"
"1863","1de3942b-99d8-41e8-9ef0-fbc9e9f6307b"
"1864","9c6f038b-7b3e-480b-bc21-aa54288086fa"
"1865","9372cc5b-8f47-4805-8a37-fd0e85a948f4"
"1866","97272b3e-d497-4420-893d-612b15d377d9"
"1867","b1272de4-1f5f-408b-8b26-061f2550fc72"
"1868","5f5e9350-1d13-4391-b9e1-07f6b2047fc5"
"1869","8bc3c77c-30c3-45e6-bd61-069ba433ecfe"
"1870","378caeec-10a0-4162-b75c-ab374a42e93d"
"1871","05e975d0-bbdb-4822-8da9-3153bfcfb52b"
"1872","6b6a9252-2ed7-4862-a02f-1578f4a532ea"
"1873","62685d7a-a8be-4070-89e9-8699ad1201b6"
"1874","a8429098-ddac-481b-91e7-688d021c092e"
"1875","88af9294-b697-4687-ae19-aefbb6234dfa"
"1876","270c4de9-97f9-4a7a-95d1-63670f1ec3bc"
"1877","ddbf25f1-b91a-4083-9ef1-cc113a46e4c0"
"1878","9ce52938-fe28-4548-b38d-0c783933e19a"
"1879","0fba68dc-6f5d-4974-b3cf-5d3215f7d363"
"1880","df11ab22-3c40-4dc8-ab0c-e9f41e62449e"
"1881","c2218533-3e2a-4f50-b4fd-afde71dcf442"
"1882","17702c40-e963-4593-847e-a332b1c9357e"
"1883","ef1b72a4-7f39-47e8-985a-a541db616dcf"
"1884","9a5a5a61-15ee-4ffd-9fe9-b5e9fab9b261"
"1885","6aef2baa-5fa7-4c16-bd28-3e070ec4e4df"
"1886","6a66039e-0580-473b-a605-eedfdab85a2d"
"1887","913fcf58-07f4-401d-8395-4daeb3a4617f"
"1888","2be2d20e-1191-4f85-8f8c-d49a60ca428a"
"1889","097098fc-6d89-44e9-9305-98ac5c0a78ac"
"1890","76f552ef-bb2d-4f66-83a8-ad205086967e"
"1891","e2649956-6e7c-4ac6-92ee-fab9c61badf2"
"1892","83d57165-ecba-4a8b-ad28-e71630f961a0"
"1893","c36dc79e-3414-4283-a85d-f664a523837f"
"1894","9dea0656-bc8a-436c-bb78-e29b0f5ef317"
"1895","57869946-cec2-4121-981c-84c9846c58d0"
"1896","b979d9ae-37c2-4d1f-b8b8-7539f913cb19"
"1897","c8c18b8d-a813-49f8-a702-689564dcf8b2"
"1898","2bc626f8-32ce-4131-9f65-c52929d55a95"
"1899","2e55bf22-45f2-43f6-8aa0-28894263313d"
"1900","56a13f47-ad7c-451f-81cf-e550107abc03"
"1901","3e40c7d0-0e36-4b33-bc33-0aa87eda0561"
"1902","e5ad0cce-e3d5-4c60-8504-5d1c7e3b55b9"
"1903","2aff3316-15b8-4ca1-8ae2-270bd5fd22e1"
"1904","722be5b6-9492-46da-aeef-ddd880fdceb1"
"1905","f0ab5d57-4be7-411b-afce-b4a76a142302"
"1906","6360d655-3494-45f6-bfc6-d5f63afc355b"
"1907","5088c536-13fb-4b6b-85e7-4053578e1451"
"1908","c8bd9f9f-0ec6-447a-ab78-ad6eeeed9aa8"
"1909","4940d889-a185-4176-a920-46b88cbe0d8c"
"1910","ed291aa0-8b2f-4179-b2f7-540ea6f63bf3"
"1911","d15e92c4-c8dc-48cd-a1f6-94fe13347f87"
"1912","c8ac1986-38fa-43b2-89dc-50a4beeb420e"
"1913","21c27eba-bd1f-42f5-a1d5-c250227030f7"
"1914","4334037f-c1d8-4241-b82e-8db7e469327b"
"1915","1fea0bc2-a6fa-4fe8-b36f-7a3194f8ed1c"
"1916","371d4ecb-4413-4d4c-9ffb-d3ad82f1f552"
"1917","c500f5d0-42d4-4341-904e-cd4ef2ff3181"
"1918","3edd4853-a8d2-4791-a5f0-af3a92f18245"
"1919","c3cad273-2cd4-4e4c-9d0a-4d7ed638fc36"
"1920","2bbdea06-a265-42b5-bb4f-7241b661f069"
"1921","07b83472-11f3-45f8-8855-987aa600581f"
"1922","5d9d5582-2a36-4887-98fc-cff1ba767983"
"1923","49fed129-e32b-4f67-b80a-609d79e45b20"
"1924","a6532ae5-efc4-4ca4-b172-c11471940d09"
"1925","debef2fc-7af4-4bff-ac92-4d0317915a84"
"1926","8a2f841c-fe35-46c0-90bd-51858a88a83b"
"1927","19ec88aa-c0b1-4515-ba10-56b6cf27369e"
"1928","0e9e3a56-3b26-4fa5-91df-6d9bfbea4259"
"1929","95c35c3a-035f-47c2-90cf-7e934d20fc08"
"1930","557d1221-0235-4a48-ada5-8fca73443627"
"1931","07ad40ef-1336-4c0c-abd5-1001773c0eda"
"1932","64d8077e-d231-47f7-883a-568b8b9d5fc5"
"1933","aef7eab0-ae14-4a8d-8f7b-01a97f0581e7"
"1934","dbd3e193-6a61-43d1-ab00-b34bae73e82a"
"1935","e9d74b8e-04a5-4743-b17b-bd8a4f09bc3b"
"1936","fbb8f1a7-c8b5-4722-92c4-814836b86934"
"1937","748780fa-b879-4a5b-80ca-7d018e6e1e6f"
"1938","28cd3cc4-5b92-47e6-9534-a0e1a4981103"
"1939","42cb7669-c371-4903-9c0b-13db67b2e4bb"
"1940","2bdc2f65-b42f-4963-abff-d7214ca4caae"
"1941","2475cd27-8d6c-4318-a364-21395b23acba"
"1942","3f13dda5-f504-4997-a595-f0d60719897c"
"1943","f6ac6241-adb2-4ce2-b35f-09832cbb11ea"
"1944","0e0e4af2-4af8-40f5-8460-99e7401733c6"
"1945","9dfab993-ecab-4292-9cb2-528a93eb3161"
"1946","a48a4b0b-e092-4267-b8df-ee382446a2f4"
"1947","97b713f0-b9e8-4903-8dee-7e0b4019a1c0"
"1948","441707bb-9ad3-406c-9975-a6bec96f537b"
"1949","2e62b29d-3aa8-4e58-8aca-f3b48c8deefd"
"1950","7785cf38-b45e-4e5a-a88c-d693842bfd35"
"1951","5650081a-877d-4d59-b7df-05c00572485a"
"1952","dfb1271a-7400-4094-8426-d1bcacc7aadc"
"1953","e1dbae48-bf24-4231-9079-3a8213d993c2"
"1954","1e38f5be-bb7d-42c5-8301-c16cf400f8ee"
"1955","ddce2912-bc0f-4a47-aa2b-c1de48bc4b44"
"1956","83fc0b2b-6cd2-46af-b1ff-d3fc83604c26"
"1957","071c7f1d-f659-4b96-a222-b21012297f3b"
"1958","761de590-ca64-423f-a5a7-8639abd8c615"
"1959","4e09e2d2-e317-47d2-bf5e-1d6c66be3efc"
"1960","438d5286-1cf8-4013-a1ef-cde62682ff7a"
"1961","6e7a67c0-832b-48cb-83b3-bab60f31fd73"
"1962","106b9659-4b9a-4ce2-8d16-80add5bf81b0"
"1963","c26c7d9d-f9cf-4147-b774-c63e050ebe87"
"1964","2313b15d-a9a7-4830-9bcc-fd7df79d842b"
"1965","b013ae1f-5efc-42b5-8dab-8a8add39bbd8"
"1966","81f03b64-4f82-4bc4-b67d-894ddc97985b"
"1967","619f7f8b-5141-4e4d-a1fa-1d5308e656da"
"1968","d81a22a2-4f57-4b4d-a3eb-11767238be21"
"1969","56dff862-b89f-4f0b-9e6f-e8a2a3dad0af"
"1970","99c4c69a-025c-464f-adda-874c7f107a31"
"1971","f5fa2654-52cc-45d2-ac92-ac979dee5d12"
"1972","3c42d13b-d6e4-4ed9-bdc4-991251461dc4"
"1973","209a5498-3449-4689-8ed9-bd08cab4fd78"
"1974","72a74f69-5cf1-43c5-99b9-62a444578919"
"1975","219dd03d-4168-416a-be40-f4becca55130"
"1976","16be151c-c501-43cf-82b1-59df7e32974b"
"1977","69c0689f-09dc-45a8-bc8e-4952b19f7df2"
"1978","8add048c-4d51-41c5-8aa2-f57412c4a637"
"1979","ef64005d-75bc-4597-8ed6-717edec5e55e"
"1980","b8271c8a-cba6-4baa-80f5-6361af3f07e3"
"1981","be566f3e-6c21-4799-a7d0-fa4abbcb71cd"
"1982","41ad35e8-8978-4f97-b420-971dc534a275"
"1983","988ec766-73c5-4066-97ed-dee2a6d07fba"
"1984","f17a8366-5d5d-44b1-9cc8-94c605ef9b8e"
"1985","b7c8f418-08d5-45d6-b697-ab26c6ecbfb4"
"1986","d6e78d9a-deca-4bcb-b08d-011b2616758d"
"1987","62b7060c-3055-4ab8-bcf2-8080fd7c01f3"
"1988","2b8d193d-4e87-41d0-8221-979c274b935c"
"1989","b79955b0-8ca8-4a9f-8134-41c06cdbc234"
"1990","4cb51222-3e2e-417c-9a5c-e9ccf262721d"
"1991","6181f475-110c-497c-a46d-ed2e14e7bc90"
"1992","da629999-d226-4ff3-9e1a-01788132664f"
"1993","694e1e70-3e22-4d72-a3ac-b5f92951423d"
"1994","089ee650-297e-4716-87d1-440743b70a0d"
"1995","f66b2fc3-2952-41e5-89bf-a9157ea29420"
"1996","e8c60367-d0fb-498d-9e90-7d46346f0089"
"1997","1dae8445-12e5-423a-bb26-824010e299b9"
"1998","fb40d2c6-fe3c-4e49-9289-49e98900b315"
"1999","351cd749-498c-4ed3-9e38-58fc9bbf8f0e"
"2000","bda0d115-f315-453e-99dc-f8b0e5862db3"
"2001","07c73859-2c3f-4810-8735-53656f6944f9"
"2002","dc07021c-7528-4351-809a-1525904466ba"
"2003","7c4bb41a-9b5a-472c-888a-9d58bb4e2a0d"
"2004","233be639-bdb5-4099-ab40-96d537d6c1f3"
"2005","734fc996-03ed-40c2-b502-b1ba44e3b867"
"2006","70aacc9d-30cc-4df1-a37f-a660b1331b25"
"2007","27273605-2400-4392-a6d6-cc8161a2d445"
"2008","efc5534d-3631-4564-a7b0-f6ae558f3c03"
"2009","8fea133a-8e3d-4ae6-89b6-94961445ee85"
"2010","6fcf2fc7-7b74-42e5-845f-f5854fd44f37"
"2011","bd620a17-3f2b-411f-9613-8c6e8b3faafd"
"2012","4548416b-2310-4afc-bd6a-c022d3e41014"
"2013","b216d9a2-7d4e-4312-8d05-e375f4ab44d8"
"2014","5b91b6d4-345e-4195-a078-218514871e7b"
"2015","69f23426-9279-4fe6-a283-24c2aa4c855d"
"2016","8844808b-5788-4872-ba15-d3cfa4d9ddaf"
"2017","c927ec6e-9082-4b22-afd3-0c4e219eaf73"
"2018","68269b0a-35c5-4867-bc17-a0b0230fe60c"
"2019","deeb6ab7-c8e6-4486-8eae-897e58aa349f"
"2020","9f8a0463-e34e-4af0-ae66-f9a0f3a82180"
"2021","f9622dac-e823-479b-aabc-209232c1e391"
"2022","65227f84-5d33-44a4-ad4b-1e8571b415c0"
"2023","f0b45409-42ca-42bc-a701-041e594d0657"
"2024","60ccdd6a-c100-43cf-9797-543a5c42b922"
"2025","81d47290-6046-44c9-96e0-7d54542072b5"
"2026","f6d327dc-ccf4-4018-b0b7-cbab010a0aa4"
"2027","bbdfdc78-3297-48d0-a03f-f7d18fe6f5d3"
"2028","71717c33-dd63-4acf-b052-a5fd5d9fc490"
"2029","6833e58b-eceb-4599-9375-1b7e6ec64087"
"2030","0332f526-6dc0-4f09-8a7c-2b9473c50736"
"2031","4a806285-13a0-495b-b383-c3990f8f7d4a"
"2032","f0153530-9ff3-4fe6-8f9e-012d06ac5b89"
"2033","3a92bdc4-19b4-4d7e-811f-47a44e7129c7"
"2034","69925c23-6fed-4baa-8bf3-e5aaeb6b0b54"
"2035","62278d41-2182-4a95-8e9c-ae6fa3e342b7"
"2036","df08a4ae-4024-4460-8c92-eab78da1c94b"
"2037","5f680338-289a-454a-b762-d87e07915f02"
"2038","2f12b96c-7e14-48aa-89e4-91603879a3a7"
"2039","1c7c161d-1c78-4098-b28d-147857d44699"
"2040","979fdc05-7bfe-41f8-b071-7d3ec4c9540b"
"2041","f453b1a6-c7db-4d9d-9ba3-47c45159bfe3"
"2042","c241f5a5-e23f-47bf-ad24-d83ea0010166"
"2043","499c05a2-6f36-4407-83c1-dc3448d35818"
"2044","7b34af45-c010-4f1e-a2f3-b3d690addb45"
"2045","54bbf5e8-596f-4698-a451-06b3f1339722"
"2046","200a8387-d67c-43e4-9cdc-44ab592c299e"
"2047","2492becf-6769-4431-8e95-bee41b36232a"
"2048","f3033b6b-c4d5-42a0-a5ed-c239c1c4ffc4"
"2049","2b76cbbf-eddc-4a12-a120-f4ea370820a5"
"2050","7546bf61-91c0-4715-8024-9ee276563cc4"
"2051","f7582089-04a6-4de8-92e1-b11d79769ab7"
"2052","ab239c75-dfcc-4f6c-9d11-75bb78049afc"
"2053","1a2949ca-8b39-4fd6-9a48-4b704bdc6eff"
"2054","ce0d6a42-59c1-433e-ab62-adfc969c46bb"
"2055","39f55791-434d-4169-9a46-c000a2859a66"
"2056","0c944316-12f6-4949-a156-a03dbaae790f"
"2057","5d1a7c14-188d-4d90-9fcc-51bc1748c58e"
"2058","e693138a-842f-4d9f-9aa5-bf515605c359"
"2059","c7e8948c-e7e4-406a-957d-55daaa4cdb44"
"2060","f2aeb587-32fc-4a2c-af4c-07fbb82f7287"
"2061","a9441b7f-6917-4d42-8d1c-88bd1784d3da"
"2062","509fedda-d520-46b5-a801-b3d36221a645"
"2063","6735ab07-325e-442f-aac9-5256cae5c305"
"2064","e2bb641f-f647-4229-a48e-9a5ef3526c23"
"2065","710c37e5-a6df-4755-9482-2e87db91f593"
"2066","9a26b8b7-ec0f-46f8-a698-1f07cef1c5e3"
"2067","3eefc2c7-d5a6-4340-9277-d908e4e0e1bd"
"2068","f3ff2fee-879c-4112-9002-d2df984fcbb0"
"2069","00920055-eb50-4cb8-a23d-3deedbf3753e"
"2070","a3b453f1-1151-444c-b0fb-2c49539ce2bf"
"2071","63f9a5bc-f070-46a6-bea7-c6b9e9dbacc3"
"2072","dab7c301-2a33-454e-8fed-23218fa28eee"
"2073","b1b118c4-3291-484e-b64d-6d51fd5da8b3"
"2074","661f929f-3874-4841-903a-e9d3d3f7f5e2"
"2075","e9e57db9-a6ef-4e44-a33c-a022d7c4a17f"
"2076","6f5850ea-5785-4e2c-b062-743066fd5bdb"
"2077","3419fac9-575d-4492-a018-edff6f4dae26"
"2078","e3f2c37f-e484-4b4c-ad82-f565a2b98f89"
"2079","95bff246-c3ce-4181-a11b-e4363453c2f8"
"2080","081d7679-5070-4777-bece-a28c49f15636"
"2081","81af8698-9873-4b3d-b6d2-8eb275bf170b"
"2082","46d64d3c-22d6-4186-b2a7-9765e6585eae"
"2083","9fa6b84e-d625-4d1d-a5d0-e7f6b357deb8"
"2084","79ecb6aa-a865-4444-9dfc-9f23232fdc45"
"2085","fbdbed1c-442a-47b3-a26f-0e867d82bbea"
"2086","034c29fa-c3ba-45ea-b8f3-bf8e3705e386"
"2087","c96c2080-1654-4787-a2bf-895d0adc31c9"
"2088","e1e99428-b91b-45e1-8ede-ed0cbf161930"
"2089","114c9698-c999-4369-8498-81bf641fe871"
"2090","4918ec9a-0204-4935-8b09-b0112370daa8"
"2091","326809fc-238d-40c2-881e-40042f7f2f0d"
"2092","c683335e-b862-44a5-9d37-fc85b39cf022"
"2093","cd990eab-c6a9-4c11-b17d-b12a98f6573b"
"2094","65ca5e3c-940c-46b2-b277-aff394cfdd4c"
"2095","2daec0e6-f0c1-43e8-8178-aedba99130ec"
"2096","6d2e2dac-e93b-4afc-8621-7b8ceb3e48f9"
"2097","7053c54a-994e-4b87-865d-a520b5c401c7"
"2098","6793f4b5-ea63-4b28-ab61-1f5769c73e67"
"2099","b90c0e12-a83d-4ebd-b1e5-710201ab6a41"
"2100","cd4c3908-c626-4331-8e94-60e6ec4ea2c3"
"2101","10d57d01-c5cc-4e50-967e-4ccaada0787d"
"2102","9ce7c497-a019-435b-90ca-27b6889c2cb9"
"2103","d1724ca5-ebd3-472a-bea9-fad9fe9004bf"
"2104","c6543651-d743-4e12-be72-c81d1eaf4541"
"2105","e207163b-7963-4c3e-9494-7a4bb000211b"
"2106","6e508ff8-b580-4a94-b148-b62bc92dee48"
"2107","3ec9208f-991d-4253-a8b2-50d538bae017"
"2108","64bd4157-5df0-4166-8259-ede237dd7cdf"
"2109","56c59e98-f133-48ad-9d01-f357a8e2c218"
"2110","827ebc71-b406-483e-9617-33c63dd487a0"
"2111","d1972916-b734-4f0b-8070-ef410a771335"
"2112","0ffdb6ac-03b5-4f1c-bfcc-3d9cb874fdf9"
"2113","cef5c0f8-1e40-4c09-b6a7-aa7811849e5d"
"2114","d83e8dbd-257b-4aa9-abb5-e65924eb1797"
"2115","16af9bcb-5fca-4a65-bd59-8a407f009999"
"2116","9328d71d-e46c-47ff-b48a-af0da294d4f4"
"2117","b1c7c4c6-f3cb-4fb2-958c-236385b2782a"
"2118","2fa85ca3-818b-4e92-a1cf-a35f86ac9585"
"2119","60c4cdfa-1aa3-452d-a989-10fd61706911"
"2120","307f452b-27a0-40cc-8ffd-c03aea4d4b4f"
"2121","6457122e-5eed-4817-9f67-c3edb607fef6"
"2122","58bacbcf-2b82-4716-959e-ac529120342d"
"2123","d5c6e438-2e6d-4919-8f1b-17cf93080b4b"
"2124","6556cbf1-d5c0-4f53-89a9-8707066069a6"
"2125","fefd081d-a237-4606-9e37-161ab6babdcb"
"2126","8d68f734-078b-4df5-b346-b75a2b1814b6"
"2127","969ebc5a-e486-41b7-9a3d-15f9aa61680d"
"2128","ab20726a-14dd-4536-9aa1-6166bc1a5832"
"2129","1d6c7de4-350e-4868-a47b-333b4b0d9650"
"2130","2912fc2d-6e4f-4f8c-b40b-5926d57da483"
"2131","3b660a83-91c3-4c9d-8f82-2d306777a42f"
"2132","8b9332c7-2551-4527-9a64-a615713d8b02"
"2133","8a98707e-b2ee-48fe-9f36-e47e3555ecf7"
"2134","ed938748-60ae-4964-a657-ff2685ecc0d0"
"2135","e135f4ad-2eed-448c-8f39-beb44238177c"
"2136","d2590cd1-8c5a-4f81-b77e-6ea212076ede"
"2137","c2fddf67-6b53-4cd4-8483-82e97e0f2a81"
"2138","3984527c-3a61-460f-8089-a8473b92b515"
"2139","886af2d0-64e5-4046-8883-68491cb4f9ca"
"2140","bf9a2403-850d-4dd3-b266-edaabebc8ab0"
"2141","af76c813-5c7f-4a08-a560-b4b70f96f3ff"
"2142","3cf44236-7030-4889-ba65-acfecb0d6d86"
"2143","a1d24f87-230e-4b4c-8107-dccf81316364"
"2144","e98a5096-de98-46d2-88c8-951f4029c038"
"2145","b4910ea9-578d-4767-bd68-00a315a64e09"
"2146","5cfd2ec5-ef34-4e3b-9397-e580b903d716"
"2147","ad320551-6c52-4fa3-bee9-558a44ed1e2a"
"2148","dbbe485f-b9c2-42df-ba1c-144a2ecfb119"
"2149","1b6a5461-942e-43a0-a521-c6ef1e3ef66d"
"2150","39f67488-cfd3-4370-8d7e-da98163102d9"
"2151","350e0620-569f-48d7-a6fd-56622936923c"
"2152","599b2e75-00e8-482f-9335-b2f9aca415f1"
"2153","9622b720-ee2b-44fb-8cd0-37afc9c183a4"
"2154","8a455b44-004d-43c7-8e42-45163482a66f"
"2155","50a279eb-fa11-45a8-87f9-cdeec7dadc0f"
"2156","63d21263-059d-4533-81d0-8159e6a87823"
"2157","728ad40d-4a79-4b4d-b77b-a48d094d73fa"
"2158","f2bf8eae-5b91-47ba-93d3-557af74e23eb"
"2159","1075bb7c-2caf-49e0-92cf-5cb4a2b1c9eb"
"2160","58fcd942-3019-4498-b685-6b2727b37031"
"2161","9fd3b0ab-8eb4-4790-9733-9d383df53df3"
"2162","349ba297-53b3-4bb6-9952-5c5e65f7e047"
"2163","9b7f6e90-50af-4d18-a6bb-9de1accbead8"
"2164","f6a90f59-5a07-4088-b318-e486a42ca58c"
"2165","b729d6bc-326b-46cd-aa63-ea280024b116"
"2166","64d1250f-1c2b-4bea-929e-626ba927ea35"
"2167","50a382c6-e848-467d-b156-7a1a3610b522"
"2168","74b89bd4-3490-401b-8be0-f1324f062793"
"2169","88ba6ce6-d285-49ef-80db-07ecfaec03db"
"2170","41ef4b15-1c8c-488e-9abc-6731d8011312"
"2171","b55f1863-706b-4587-a756-5100c3c7ce5c"
"2172","68babd52-64d1-4904-a476-173828217fd2"
"2173","68defa68-cb54-4d99-89ac-af6bfd71946b"
"2174","9d06f8f0-5edd-491f-b3c9-e531e9645f13"
"2175","8bc1c7da-c832-4896-a441-30d087c46aad"
"2176","0562cd60-cd92-47c3-bc63-30a55c5ca4fe"
"2177","25fce4fb-35b6-49b6-a4fa-c7aa168fd770"
"2178","5e9add34-6725-4c70-9747-00a1d276b2d7"
"2179","d2a9965e-6f93-4edc-90e6-125f063fb5b0"
"2180","0ecf2d93-39a1-4b3d-8ebe-36ea879c7cd7"
"2181","98119761-07b9-4e27-ae16-23586ab4becb"
"2182","1eb9469c-a11a-4595-be46-96ab15f1397a"
"2183","d2b3891d-d710-4f53-9a68-ff7b1158fef5"
"2184","31c69100-b612-4a61-8db5-fd314318854c"
"2185","e85cff6b-ee0e-4106-98f0-b57b39a2ea3f"
"2186","d74df140-eb69-43e2-bac9-1cafc824d702"
"2187","c4f97536-866b-4a4f-b91d-da07809ef2d8"
"2188","726629ad-29f1-4e46-9723-13c023ed43b4"
"2189","36c67907-7863-467e-99b3-a11d0c9448d2"
"2190","7e1f9657-ab4e-407c-842f-b846197060e3"
"2191","f13bcfba-84b9-44a0-974f-a3d5b470ea9a"
"2192","ea412de3-9d7a-4943-8d8c-c6d3c7495d0e"
"2193","913e7e83-b8f8-4574-b1ca-1b38f3fd974a"
"2194","e3211ab2-18b5-49b4-90de-d395f3be2378"
"2195","1bb3a4b7-c0e4-434a-850d-0d2874a9c251"
"2196","2aa8d1eb-4c9f-4ba8-bb53-e35ed36fb14b"
"2197","151174e2-2a27-4c1e-be68-6446278d34b7"
"2198","b08ec8ff-1a3e-4cc3-8016-9520b21666a6"
"2199","97e077b3-c517-4cd9-9486-0818b1da6a90"
"2200","1edc9d4c-66b5-4268-9b7c-917d3e4b4dc7"
"2201","cb059032-dd34-4761-a786-98cfb9d0efe3"
"2202","11bbb82e-f3cc-4734-94d5-b99fdd0a683e"
"2203","973e711f-5c7a-43b2-9ac7-3ab95505aa00"
"2204","151aafcc-7ccc-4f62-9d39-a09059aee098"
"2205","1e3e0736-6d4a-4a65-8787-1fa16bff5660"
"2206","4aa5e293-ec94-4c55-b51c-1145d15fbbd2"
"2207","8794f8b6-8217-4e1e-91c8-ae1345bb4f7e"
"2208","abf09aa8-a7a9-43b0-9f6e-33ac110c7a4e"
"2209","8fd5cc16-8d8a-4ae4-b557-9847207e9483"
"2210","d3c81a84-b96a-4d31-8d24-4e487396ce92"
"2211","8b7f2ac7-605c-4975-83d0-d1014852fdaf"
"2212","3cb5fb7e-f618-4afe-b3a8-596aaa1fdfe4"
"2213","5fe2e5e7-b8a2-4072-b527-f82f3169d989"
"2214","229b10cf-6f3a-490c-9706-01c107df0562"
"2215","68a596a2-6255-42bd-b3b1-e33a2214bef6"
"2216","42f977aa-a6eb-4994-b368-d5f26c0fd1fa"
"2217","1acf32e9-3cc6-4b3d-9d02-7cdf307743c3"
"2218","cafc2723-c308-4058-9921-61306b5de924"
"2219","e31ff919-3923-481d-82b5-2008a695710a"
"2220","e586b882-987b-447e-a833-eaf266c0670d"
"2221","5b1d43d1-e063-4d07-8ba1-6f08d4e46279"
"2222","d9a6e7e5-5519-4e1e-b9c8-0d04b303f509"
"2223","d560f55d-9718-48ba-90a6-5c759b39438c"
"2224","7976294b-215b-4310-a53f-5b0b5ee23d16"
"2225","46786464-6c5b-4970-9a63-2f2fb29b4c12"
"2226","b4db1a85-2488-4dc9-bd53-3dcb3f9deac7"
"2227","fdfa3dcb-b8f0-454f-a659-64c66dc6b6a2"
"2228","95760903-58e9-4194-842a-a24e0af43074"
"2229","3d427a49-4f85-42cd-8a92-62d4a34f41a1"
"2230","a35b9b1c-ebfe-41ac-96be-2a7b2ea04670"
"2231","b8eb2517-37d8-43e6-9856-9c29d5c51fde"
"2232","8d49f760-3765-4612-8d40-a2bdd50738fe"
"2233","493b20c2-c435-449a-896e-0af057c41fef"
"2234","99571e68-801f-49af-a897-5f75996642e1"
"2235","811bdb9d-5bf7-4b5a-a3f5-4fc2002f6d57"
"2236","39e43f7c-a95e-4583-be76-bb134ccce1ae"
"2237","4b2db903-cd8e-48ce-97fb-a92db4def54e"
"2238","e4c205f6-55ba-4bed-9c5d-2032058300c0"
"2239","52e53619-fa77-4f72-b237-5e4aae784dc2"
"2240","905b6acd-377b-46b9-9d80-e47e9ca789ca"
"2241","0bd4c62a-c309-467e-be76-8403b3f3a1a8"
"2242","4a460161-eaea-4fe2-bd0e-164ccc635be1"
"2243","9e00c7e1-2c36-4f0c-9acc-6668f4b10928"
"2244","0ffce932-cec4-4fec-87e6-df23fb6bdc12"
"2245","46990b9b-746e-481d-a66a-0cac3f07dfac"
"2246","17996b4f-1302-4bd7-a4c7-912b74feccf0"
"2247","9c604f80-b430-40f3-8c88-e19e29899dbc"
"2248","cf084c37-3f3b-47cf-a044-b18b9a0bc07a"
"2249","7d092d81-d1e2-4c34-b3cb-c1c9f2e68b7d"
"2250","88cb31a2-bd69-4511-b31a-3bc562f93375"
"2251","861009ea-4d15-4e80-a8dc-7db41ecaf49b"
"2252","6633d687-cb8d-4743-a69c-cfb963fe4f4c"
"2253","61268e22-9367-4c3b-91d9-b651e4c142e2"
"2254","ccde26f3-e822-4b6a-94a1-39af4ae41fed"
"2255","4f7fa632-15a6-4739-930b-abbac8055a80"
"2256","f7464f30-662b-4177-85a0-3df9693e9e58"
"2257","02bf9522-bd6e-4482-be03-1827483be21a"
"2258","eaa4cdc0-43e0-4388-9b8a-e2779218d10e"
"2259","cacc8765-aee4-492e-a938-d556c912412b"
"2260","7376894b-6c71-495c-bbe4-8b373f2ec5a6"
"2261","0524a62d-96bb-45f5-b7c6-baacbef31af9"
"2262","29d37533-c151-40a2-82f1-7f65f2548f6e"
"2263","32bbd1de-4995-4e47-84ab-fb3a2b0cfdf1"
"2264","8aaa2a49-9007-4472-8a2b-d23e56ed91cc"
"2265","bc05eaf7-8d1f-46e3-8834-9d45c4e92831"
"2266","13f56e40-eb4c-41d4-82e4-850f6f356581"
"2267","20cafa47-c3e5-4ab6-83dc-f948183a38fc"
"2268","45bd49b2-2e24-4279-89a8-b5ae84e8acf2"
"2269","9b9e03bd-b8cd-45d1-8983-7a68e0e63e1f"
"2270","0b370a54-aba5-438d-9b3f-5c739aa57496"
"2271","906c9e66-bdee-4f8e-93d7-88d9fcf39a0a"
"2272","1b5801fa-1153-40a5-aa45-861c28a7f662"
"2273","e2ba5755-d934-486e-b6cb-a938c2857b79"
"2274","9c5dbb72-563f-449d-ab89-56b8dfc271b6"
"2275","f2704539-8b55-4164-8911-e550a1f9c47f"
"2276","87b1c959-236d-4761-b3be-b1c729497f75"
"2277","fdc83a3b-0ea5-4c2e-af42-8cc0ffce5670"
"2278","08365fba-e874-497b-aa9a-1c09d2aecd4d"
"2279","1e63f0c8-07ac-4ad6-a996-7556f25459f2"
"2280","25f4c955-e429-44a6-98a7-7d8cb3b6b690"
"2281","5612d47c-2256-4259-977d-ae8ab67fd7f1"
"2282","492214f5-5bfd-4f2a-9a48-c36240ce100d"
"2283","76395873-7fe2-4f9a-b4b6-9932f8cbd0b4"
"2284","f5f5b244-6cea-4fbc-8a50-8f712791bc09"
"2285","c68841cb-e661-44fa-a007-439de442ddbd"
"2286","b31ccede-907f-49de-8047-4d851bd4add3"
"2287","24ae68dc-59c5-4156-b25b-3070bfdaa79e"
"2288","16010de9-b33f-4766-93d3-8ea0c6458a68"
"2289","45205440-fa65-44e0-a719-e89278dd723a"
"2290","86df7af2-f9f3-4c06-a500-7f1fba9e78fe"
"2291","031bfd8d-af80-4606-b4bb-6de4d5da6249"
"2292","a34f4fd4-1aff-4941-82d5-542ac94f81c3"
"2293","bdafc87b-c8a3-4e2a-914d-d3a96b2d98cc"
"2294","9359cabf-2521-4f8c-9abc-107f2aa70329"
"2295","faf1930e-1818-4710-a85e-c690a153eeca"
"2296","ea0e069a-d1c1-4c11-b4aa-af9809815d3e"
"2297","632a96bc-498c-48ea-a83f-fdc42d811a51"
"2298","02e235f4-a30a-412a-a06e-1c471ad28678"
"2299","c8f14c32-7f24-41bb-9e8f-b24d6fd3ca86"
"2300","e29386e8-a042-4fc4-9819-ecbe229fdc7b"
"2301","d2d9051a-10e1-41c5-9cfb-bbdc58016176"
"2302","fafbb75f-ec35-4cc2-996a-20c85ef6c266"
"2303","86065a19-7537-4bd5-b41c-7e0638d67b58"
"2304","f39a5dcd-1b8b-4eff-a021-a96196fd71eb"
"2305","83e97138-899a-4af8-9187-47823e875841"
"2306","68b51538-b056-4cb3-bb15-ab8c3e576cc9"
"2307","2a7fbf4c-0bc4-42fb-9245-f70bfae8fb94"
"2308","668504c9-aca5-4893-90eb-9805da03a0a2"
"2309","2aed5d29-15c3-44ba-bb5c-80750a815b3c"
"2310","eb6b7a26-69ab-43f5-9ab4-d09f8904f8e0"
"2311","fc511e12-fe90-40a0-bec8-227abb5e4255"
"2312","0894fcfc-1fb2-4146-b32c-56f89b6fe409"
"2313","a23659b1-a8bc-4331-a58d-eef263ca6a14"
"2314","194c05ed-253c-485a-8bf0-0c8de1aaafda"
"2315","54d68400-9da3-4077-a7ee-52e68b390ef6"
"2316","432e7857-2f0a-4339-8510-88a69479e1d8"
"2317","5966d07c-0242-43ad-b2e8-839031a084d9"
"2318","527b4d56-76f9-470a-9a90-cc5203501083"
"2319","c1e6e283-bc66-4e78-b4ec-501ff082d9f1"
"2320","dc57f705-75b6-4232-b531-1f020afa0364"
"2321","d5c9c535-6539-4fc7-bada-e3169dcc445d"
"2322","27b86b4c-758e-4749-b242-f6dfde2e74f2"
"2323","509ae385-e593-4535-8bac-28c96b200a70"
"2324","456f68b4-ca28-4029-a67f-7813b2c6cb4d"
"2325","dd06c2e2-ecf7-4ce8-9f12-ae5d935071f2"
"2326","d59012cb-1362-41db-b431-f0cc5bf44bc4"
"2327","791fa659-3382-49f8-a8dd-505226d0da48"
"2328","e9a68ed0-d96e-4054-b1c3-9bbdc5ed6b46"
"2329","713f1ba8-c7a8-43e5-a5cc-0b869474efe7"
"2330","3761780c-a40f-409e-9320-4de0ec25472a"
"2331","09dd7302-368e-4b3e-b644-7c03a2aae4a2"
"2332","e591f458-93c4-4cc7-a441-2340545c33f3"
"2333","e4a46d74-71a8-469a-85ad-e40278a23ba1"
"2334","bb992d83-2d7d-4618-9109-0f0e04881a8e"
"2335","699d61dd-7e3f-40e6-87d5-2bd609055761"
"2336","3f4e4eab-a8e0-4aed-b8bb-79afe7c890e3"
"2337","fa46ff13-5ad7-4a11-85d6-4b0614e411de"
"2338","78521a78-d0b6-41ca-ae11-d1af9da8a3cb"
"2339","b4b3b539-81ae-43aa-a540-0e2ea2c7e802"
"2340","4e081e0a-e25f-4f6e-9c75-e9043ba08aad"
"2341","2879e8f6-037a-49ed-ba73-6f7d7766223e"
"2342","2465763d-2bc8-4d76-8705-4755a2a120ce"
"2343","a448126c-69a1-45a2-bd76-a8eafd86f9c5"
"2344","f2a34d6b-131a-4b8f-a110-898b9c91d18f"
"2345","1942d146-9aab-4767-b565-57f106396419"
"2346","8fa840f7-e66a-4370-8e6d-7d554260c31c"
"2347","ab167ae1-dfd8-4607-8dc4-d6d500622e1d"
"2348","1c08d63d-1c5e-4b9b-ad3e-f7ba7debb2d1"
"2349","e5c108c3-d6b6-4018-a34f-763e7793e746"
"2350","68e73bf6-2838-4705-86f4-e4bda4ac8a6f"
"2351","146eccdc-c52a-4d61-9406-3af617caa7d6"
"2352","6777c396-89fd-4e49-b53d-5ec46c449313"
"2353","875eeec4-fc70-4e6a-80ef-4d18356976e3"
"2354","709bce3d-c211-4926-8886-dff262ff499c"
"2355","2a38d8fa-92ad-46d3-9bcd-9e5c7f90ad2e"
"2356","93f1caa3-df33-4de7-98da-40f5fc30fd52"
"2357","04455dce-a796-4a1f-bd07-ad42bdbda180"
"2358","ea18b2bc-b0ea-4da8-949e-fe11cb0f7ed7"
"2359","18591ccc-3c25-43eb-871a-b0fefeee3b93"
"2360","705f5906-9b08-4562-9544-46f6ab944a7e"
"2361","e5727f3b-0dc9-4daf-84e0-d5789b33a6d9"
"2362","2b281511-176e-4f7c-a581-0875d3c4cb51"
"2363","9194696f-8a5a-4f7b-bf8a-a680da41c320"
"2364","48a63f52-60e3-433a-bd10-7e38d3e503fa"
"2365","fd02e17b-05ea-4449-963d-95273199159d"
"2366","4b7f00c6-d280-47dd-b15c-b22aaf8b1706"
"2367","b806b5bb-a5c4-47dc-945c-579d576bc242"
"2368","96f80c78-c021-4e15-8f94-784f2961a355"
"2369","c564a8dc-e6b3-48a1-bb6c-674f6ce37215"
"2370","826c1cf4-582a-4f1a-805f-98cc2b8000ba"
"2371","e4c19f92-6379-45e7-b94d-592457c6d68d"
"2372","81672802-5463-4676-87aa-3d0f7d8d4f8e"
"2373","541cdc23-1eec-4520-81fc-3392eaf538ed"
"2374","a16e3fc6-c77d-46e3-aa18-c691fed47fd1"
"2375","7493634f-30ea-4f2f-8fd4-c78b4a309bf7"
"2376","be149bed-a789-48ee-832b-620ccf776af9"
"2377","6c4b5031-2eaf-449e-af88-8304a66e4eb5"
"2378","7c127140-3a91-4fe2-b33e-12567d78ef0f"
"2379","d11fd23b-ad01-4f12-85f4-e0d2ed16d5af"
"2380","9b55d4b6-d015-4605-985e-5313a1e3face"
"2381","74ce6ebc-8886-437e-bee9-ce5735aaa020"
"2382","3556c075-eee0-4549-b730-48ae70cb5af9"
"2383","c6482540-4e20-42ab-9154-16deb6db7536"
"2384","2c71ffc8-dae9-4584-ae7f-5b3a78c8cc69"
"2385","8b8de60e-6f9e-4667-895a-80dd14fc4f4a"
"2386","89f88666-e7cf-4659-9f6f-3a6ff65789b7"
"2387","8b0f73ff-d36b-4196-bb83-464c3a6ef07d"
"2388","cd56a093-3400-4635-80bd-b9611dcf1542"
"2389","8b2f716d-4ee3-41ca-97de-62ef56f80591"
"2390","7b5cb897-2ee8-450c-85a6-d73925cbd1dc"
"2391","657c5a25-903c-4669-9efc-46c85c176fbf"
"2392","3b73a161-be59-4079-815e-b4879f9b20b5"
"2393","4669d245-31b4-4695-ba92-2eea6e965255"
"2394","1557a239-5ed4-48e6-9536-d1ac6eaefcf3"
"2395","6f6ab5de-3b3a-45bd-8d0a-f64956fce991"
"2396","2bab7535-cbef-44a7-8677-c31d2bcacc27"
"2397","0d6714c6-720e-4985-9791-5ab85d28da79"
"2398","0c766ca3-9364-4203-916b-fed16e4814c1"
"2399","89db623e-e1fc-4ec2-9a0f-7b72b4c35303"
"2400","6053cf28-2f42-44bb-8d27-a43920128b30"
"2401","d9c7afc0-2c34-4757-b9f1-cc9137f11a29"
"2402","0b8da079-f587-403f-a6ad-cd18b8150044"
"2403","d3e9b00a-0891-4fa8-836d-8240ec3d2758"
"2404","ecf2deca-8e91-4dd3-8315-a8b69d621492"
"2405","cb1e8e43-6fc5-4c34-ad4d-f3850144789b"
"2406","4f7b14d8-f09c-49f7-abae-231e8c210e07"
"2407","07469451-ae47-49af-98ea-99f8ef9d283c"
"2408","d62c361a-d772-4009-a6c3-cfc10e5a51f1"
"2409","909c2e48-262e-4ebe-be05-5324ab086c1d"
"2410","e3423f86-0e6b-4bec-a354-1d21fe8597b6"
"2411","67e27398-fa6c-4aa1-8de8-b03792bcf1e3"
"2412","54b2c5ea-4475-4bf5-a433-b0dc5442e691"
"2413","50431cf0-3b03-40fe-82aa-0b3a55ff7f9b"
"2414","73777be0-65f2-48b6-a9a7-50066ee521bd"
"2415","e0081a56-7199-4d5b-965b-2386492cd354"
"2416","7d4e4636-f136-46f6-ae23-2a7639d6b861"
"2417","0db1a833-e4b7-4cae-9c6f-ddcdd4326e85"
"2418","377861af-f966-4c87-a2db-7e99904312b9"
"2419","fa64c52c-08cf-4074-bc9b-a93075802166"
"2420","7bf0c60a-9303-414b-a43c-21c28a98d4ff"
"2421","cf9c8e73-105d-419e-86dd-4304cc6cd718"
"2422","032b0bed-22b1-456b-8009-91e6b838fe45"
"2423","75ffb6d4-0b48-4471-b3c9-731b01ee1b47"
"2424","8bdd25f8-4b6e-40fe-a2cf-c1badc594114"
"2425","023f4870-b417-4bd2-b0ae-78e61587c79f"
"2426","21dfab2e-f954-49ab-8fb6-18cc98cf10bb"
"2427","82fc3feb-752b-4d49-803d-c08a717917aa"
"2428","fea269a3-85e5-4953-a5b8-e9b7b275b7df"
"2429","5195eebc-f400-467c-97a3-6f9fbf136169"
"2430","3c1622fc-6c95-4b51-98da-1814ebe6e889"
"2431","23759dba-1abd-4865-b0f9-608012348870"
"2432","52c19dc8-651f-4095-98fe-dcb2799d702e"
"2433","4a466c62-db7d-4905-9a41-f23214810acb"
"2434","b9bb1f03-15e2-4079-943e-7e483b21725b"
"2435","1dea2f3a-857c-4fc3-b1f8-d5f2015c46a9"
"2436","4d313147-b39d-413f-a5e2-b12d5f0dc9e6"
"2437","c55caed2-de9e-4a25-819e-a0b0e83fba1b"
"2438","2b16031c-6278-4929-adc1-127f40c3c76e"
"2439","7cf8f149-59b8-4ada-8956-e7ac45fc9b67"
"2440","e93acbe5-535a-4927-9e7c-3b2e06ddfee8"
"2441","6e8fe5de-fe6d-482c-92fe-20e56ee57324"
"2442","4300b453-9bcf-474c-9ee3-92ec2229720c"
"2443","1618ee1c-6753-456e-a171-3d7e5f75404a"
"2444","13f22eb5-e3a8-405a-9d89-c8124d4a239a"
"2445","2be699a7-416a-4f32-967c-4edc65027b71"
"2446","1b1cf435-46ba-4471-afda-5029b36b3862"
"2447","d4ae9564-0b61-4aa0-9df0-d4fdc969fd6f"
"2448","7fb699d9-182a-430e-b7a0-6d8ed05c284b"
"2449","a71577b2-7550-4222-88ee-dcbd2d881516"
"2450","bf4779c9-ce55-4110-a996-a7014ca3f1f9"
"2451","86f0bb12-6491-4be7-8306-c88900e91a63"
"2452","c3ac5c4c-b4b9-4842-b871-43e12cfc0442"
"2453","7f4d1dee-bc5a-495a-926b-17b383b8d8fd"
"2454","b589fa82-f177-4cce-9fb4-31bbbebf792b"
"2455","5368a46a-54b5-4874-a06f-964d557c1cfb"
"2456","c8b34758-5954-4388-b475-a4e57b3906ac"
"2457","624fd970-2877-4290-9c01-0dedd5735bfe"
"2458","52cf3037-ab53-4806-85ed-7fd21ea7f6a1"
"2459","933efc5f-a797-4581-8a8b-c08956ff7d58"
"2460","c5f255ef-02d3-4ab0-a652-2bf055d1d493"
"2461","00e53a0a-c0ba-4c9f-a2ed-4706d5832a00"
"2462","11f536f5-b0e2-46a6-95c1-bd765946604c"
"2463","af2eb9ef-c98d-4ab2-b4dd-049cdb30e665"
"2464","502b4d8d-eb4f-4427-a82f-651549b98a3d"
"2465","d8903406-abc4-48be-9b2e-5d8ddf103bd9"
"2466","03d988af-2e63-4151-bb5e-950f366e2c64"
"2467","29c60c96-d71c-4a6e-ad81-fca0a4e48925"
"2468","e46291c7-52b9-4174-bd59-178884861038"
"2469","c76d86b3-9860-4bc0-996d-cc724c669bcf"
"2470","49a5effb-e497-4dba-afb9-c6c354882b22"
"2471","2711c7be-a232-44c6-9779-a1a1b3ace2d8"
"2472","2416dc09-6384-409e-8b1d-80bb7a2e7369"
"2473","16a8cf8a-69fe-4316-b784-38bfaf27639f"
"2474","28d715e3-3e5b-4fb6-8dd2-4be4919c8587"
"2475","4a193795-fa63-414e-9f2e-bfdb3924571e"
"2476","360e1c45-d335-4a19-b717-e1932927a72b"
"2477","5b98cca5-778a-4041-a0c9-130f92b680fc"
"2478","f70b5f39-b8b6-407b-8c08-64fd65db79e9"
"2479","f7e7ccb6-fadc-4c35-935d-e1040be40dfe"
"2480","4c92e214-7749-46ee-a35d-d1c57dc4656c"
"2481","60e7f136-49eb-4496-a54f-410a6e564de6"
"2482","4f6b656a-54d0-48ce-9b55-ebcac5904a14"
"2483","118efbcd-8fc5-4668-81d1-c383a0d16070"
"2484","4fb7c7aa-9f19-4cc3-9e19-64ce564f22f5"
"2485","a7e17d18-93e2-4eff-8ada-f1eff25c1189"
"2486","5ac3a1b8-78d4-4f7d-b922-dad34595c975"
"2487","76f22707-8d30-453f-9eb7-3376e2960311"
"2488","e7b73261-ac14-4f71-9d98-3213a41b3885"
"2489","a2723f98-0fb2-469b-8c79-7ad2d0f73660"
"2490","30b1f3e1-1586-4d41-aa02-e2ab021b5164"
"2491","7fd3b5e4-8f7c-461c-8faa-203cf4b2b0fc"
"2492","a72fe645-0a41-4459-879e-fcc485800c17"
"2493","63321ecf-4fc6-44d9-88f1-5373a4f3038a"
"2494","8bd18514-365d-497b-8b42-d057f4e08940"
"2495","bc6c7ce1-d99b-420e-9677-7bcf6e5a1e2d"
"2496","5b2acf48-7746-42d9-861f-5445e7ea6f48"
"2497","a8460be3-f4ba-44a0-a961-0389069a3614"
"2498","8f12f69a-d6ea-4f1e-b201-3ec18ff99ade"
"2499","0d85dc6f-ea26-49a9-85b9-532441b000e2"
"2500","cde1ed83-8527-4ad1-9d26-7d8ccb2e8b03"
"2501","e855e93f-654b-495b-aaa9-aaa7998938a1"
"2502","18bf658e-ff9b-4151-adea-c03f06538a4d"
"2503","87da57a8-ae40-41e3-998e-f517daa95c9a"
"2504","e3b4b533-cc4d-4c70-adb6-128120f40c88"
"2505","348e4a08-d01b-4cd5-8370-d114a9e31df1"
"2506","e043aeeb-78f5-4049-afbf-12bba52225bc"
"2507","4b51e76e-9e8a-455f-a289-5b48246345c4"
"2508","ed1fbdc3-1071-423c-9bb4-e3288ca6d1fe"
"2509","61d6ef20-6cc7-40f8-919e-3360db6cf2b3"
"2510","117373c8-f04b-4fff-8683-aebe36edac81"
"2511","53456d90-8c0d-4bd2-9f1b-312619b6e2a6"
"2512","8f1a24be-d770-470d-94c8-d074f4087754"
"2513","2e4e8114-e579-453d-918e-b0262818ab76"
"2514","f133e815-4477-428e-9c66-774954b6e39f"
"2515","000f1d3d-220f-4789-9c0a-cc742521fb02"
"2516","26068834-fa73-47b3-9f46-a8b551447854"
"2517","d15ce60f-ddab-41ce-ba56-398451b77b60"
"2518","4e7b2c61-aa42-404c-995f-32281b818923"
"2519","a7723f06-53c3-4228-9fd0-1952ea1d7391"
"2520","ed8dbdd1-5b40-4eaf-adaf-3b1f6d16a37b"
"2521","519e5731-4d6c-4f98-938e-0976a202c6ba"
"2522","5944cee9-763e-4b08-99e4-f514bdde14a6"
"2523","a3d2c72d-1029-47fb-9d0d-4c4a57a044d9"
"2524","198b614d-a9af-46f5-b3fd-2672b401dd8e"
"2525","74ad37e3-325b-4ccd-ab2a-04f7696750e8"
"2526","f2f463e5-2382-49cb-8199-e7e043d868df"
"2527","1709f408-9965-489b-9805-8e1e5d9e483b"
"2528","33c01497-8264-4773-81dd-6096ad512f02"
"2529","9b63d92b-5a3a-46b0-b2ba-c98b39ea5aaf"
"2530","99c90174-eb03-4221-b1b6-1ad8b7035e15"
"2531","7aff2d0c-790a-47e2-a1c3-206eb0fc74d9"
"2532","5d7890d5-d229-4b79-a5da-6819e38a52b6"
"2533","2dbdd054-896a-4167-8f11-e9b9ebcf199d"
"2534","6ec33857-420a-411b-a313-e8946de36357"
"2535","a1eef0f4-133f-464a-a8f1-68fe3e8cc1b4"
"2536","99814cb0-5f6c-4663-99a4-af28b11d5d2f"
"2537","678c587c-540c-4093-987f-eba684d8c640"
"2538","54b927e2-7a9d-4593-ba64-284b5dde443e"
"2539","46257638-c7e5-4257-8a96-1df07ec0d51b"
"2540","cf9a4613-ff8a-40a7-931f-c6fba2cc3d50"
"2541","aba2e61d-ef78-45bd-a9bc-392a718d4877"
"2542","b3f74d7d-82d6-48e0-8460-219b4aa5dcaa"
"2543","557820b5-b503-45f4-a7a0-6ace64b162a4"
"2544","b8e6eb75-7e0f-4836-83a8-93ef5f41cec0"
"2545","9faa44df-0821-4f69-8f86-184c799cf44f"
"2546","3da61870-0905-4c4b-bf9b-e50adaf39336"
"2547","56d88178-99d4-400d-9415-d700ce6a29f3"
"2548","5aa57bdc-5765-435e-8fc9-99b3febdb213"
"2549","b5207591-6db2-4ace-af66-c79ad5176fe0"
"2550","76a12197-e3c4-456b-bbff-1e2248716a55"
"2551","77a9c736-154e-4a19-8476-4246ed25fd54"
"2552","4f78c62a-178c-40ce-b9f6-6058cfa7d7fe"
"2553","2b22f3b1-5de4-43f9-b6d1-b20f65871268"
"2554","6d7bafbc-dea9-42aa-96ca-c5b8ab47417f"
"2555","fcb7ca53-130f-451e-b29f-b0aa6d41ea86"
"2556","daf3da9c-0b23-418f-befd-3d05337a2002"
"2557","dcb01a4f-720a-480f-b61a-11a1286d56f3"
"2558","3bd457e2-42cd-4415-978e-68ce47cc766d"
"2559","d4a970f6-134b-4d0c-8ddd-1252cda86506"
"2560","9ec4252d-cbe8-4134-88fa-549dee1883f3"
"2561","596d7f27-5676-4a86-a6a8-bddc98eb6a4c"
"2562","02137a68-6860-45e8-8e4d-38db467bb8b6"
"2563","51e53aff-6f8a-42ca-9cb9-47335130f4d7"
"2564","ad649b0b-ced2-48b6-be0a-0c35e07a445f"
"2565","e437eba1-3e22-41f2-8703-741e94785cba"
"2566","9136cbf1-7916-4f1c-bc9a-0318ee1d6016"
"2567","0f5374e3-0b9b-4b16-af7a-49654ce0bb15"
"2568","ce7c9e97-40e4-497b-a85d-72573a8b9991"
"2569","ca2a7a85-43cf-43c0-b703-f18fed7dfba5"
"2570","a2b566b0-1070-47a4-adc8-88839942ce25"
"2571","67a118f4-8a5f-48f7-8e5f-de34b9ca2c37"
"2572","90d04cf8-dcc1-45cf-93e1-a2eba80aed6f"
"2573","25b973c6-68ea-4ff7-bd26-aa76bd08b62a"
"2574","68e66ed6-a171-4350-8ec1-2cfc4cae50e4"
"2575","ab04dd50-0bdd-4d51-8c06-9405a81612f3"
"2576","2a8a178f-5206-4657-9f4c-750bf0bf5874"
"2577","50e6eba0-4440-4ba5-bb58-3ee78a96e29b"
"2578","d2c3fe66-d01a-473e-a7b1-cb463a617f86"
"2579","67bdd7f8-761e-4cb5-a561-be8e268a4f0a"
"2580","affb720b-98e7-4ae6-b833-b12e94fa8987"
"2581","8ceaad7f-1d37-41e6-a1fe-4ab9707a959b"
"2582","0450eaee-1a00-4622-8f4e-5356fce816d2"
"2583","84251cb1-babf-4d17-a3cd-baa642c24c8d"
"2584","a4e31589-3632-4926-91d0-15b889c90b9b"
"2585","3e23db60-0c3d-498a-a6ac-ffbed0ecb033"
"2586","c453cf81-6197-428e-84c6-70c773b63f27"
"2587","60d48be0-4260-4b2e-85b9-aedff7a9b7d9"
"2588","6e4f75b4-c60f-4623-a9ba-760c8245753b"
"2589","6014921e-1d25-4039-adc2-04852d61880e"
"2590","d32db06e-bd06-4415-a7ab-1b0ee68caa9a"
"2591","3497ebe1-d417-4105-a68f-f7bbcac7ee5f"
"2592","778ca7ad-6c5d-4868-9b96-a7777dca799c"
"2593","d0c6d77e-cb25-4770-bf77-2073fc5f7523"
"2594","e5609f89-0daf-40bb-bd6b-94f5d7498131"
"2595","d6e3395b-5ab6-4fba-969a-3df634e904c5"
"2596","0da6cab1-0ee9-4391-a299-f71fbf21db56"
"2597","2ddb1226-1117-4eb4-ae65-3a2f5a5a3c80"
"2598","f6424ebb-8401-446b-9f7e-10d7c854da02"
"2599","f9e788df-d68a-4f92-92c7-80e135fc35ff"
"2600","ed39edd3-44d0-4a16-9796-bfb99f92baf3"
"2601","a3ce2bf7-5562-4639-9b52-fdb4850a3904"
"2602","fafe0b9d-dbd9-46bd-b770-26299539ce66"
"2603","94dd823c-148e-4614-a6e8-99249b16357d"
"2604","bec4359e-cb92-468f-a997-8fb28e32fba9"
"2605","3be6b84a-fa78-42b9-a8df-150cdb40b9d7"
"2606","c9e96450-421d-48af-9ee6-d9c50e29afc2"
"2607","426ceaba-6867-481c-bb6b-aee3933da7d2"
"2608","7814e88f-c133-4c3b-b27f-857afa145d42"
"2609","3ff589b7-68df-4ea5-ae41-b395bdb2378f"
"2610","9ce670ec-318c-4a91-9179-03437db728dc"
"2611","6fa1c2c0-a012-4ca0-9642-e01569ba322c"
"2612","b105ec9b-0857-41d6-8d07-a83e58b73d90"
"2613","ca73ac82-867a-4afa-9732-834aebe896ff"
"2614","9c48a5cc-d4a5-4cef-93f7-504902f35319"
"2615","2e90ef65-646a-4b1d-8597-26ca88aa1c6b"
"2616","8a326ee1-169c-4c44-b38b-8f1bb20ec79b"
"2617","94c24e4a-cc9a-4a49-b623-bc00bb5aa1a3"
"2618","7f31f12d-89f8-4e54-b7f6-ca2b72f0d231"
"2619","1e3c2776-fd81-43cd-a6ff-53ada8fcf540"
"2620","f43ee9cc-7284-406f-b23f-3eedb0581141"
"2621","82e8931a-ba6c-4c14-9611-e56fca33a2b9"
"2622","4a84caca-4423-4a73-aeb4-47986173922b"
"2623","0e0c9c11-b39e-43cf-ba95-2fe646f5de64"
"2624","68698869-c13c-4563-adc7-118b7644f45d"
"2625","238343b1-7b51-42b3-a9ed-cf24d3a236e7"
"2626","96d901a6-c931-4e8d-b685-a47e1deaaa1b"
"2627","48a83424-6758-4ad5-b5fa-ca3a32034431"
"2628","97b473ae-8535-498d-9999-cc77549c5e50"
"2629","5f97fac8-2001-4b81-ae8b-22f9062d921a"
"2630","fe1c2b32-7fe9-4668-affa-07ff658a68cf"
"2631","dad7e408-162f-46a4-8567-db560e19e2fc"
"2632","ddfe79e2-c2e3-4ba7-9bdf-3820b4f75b54"
"2633","e2482d6f-90c8-4b93-997b-7d2556d2579d"
"2634","94193295-26de-42e5-a8e9-2ef7597e59f5"
"2635","b9bf9e17-ae47-417b-bbb1-e8b7c263ccac"
"2636","bf40aa7c-1e99-40bb-a718-1e1492aaf00f"
"2637","7d8ca06a-f737-4927-96f2-de4f2cd15895"
"2638","b22e46d7-1c5f-4837-943f-7f75531acc26"
"2639","d207a30b-2f80-4138-9b77-f88d549b8768"
"2640","89f5fa96-ae45-4906-902c-d50ca51009c6"
"2641","2846ad39-6535-48cf-a4c4-64f0ae9066c1"
"2642","9ec07ba9-f876-4dce-92b1-9e0cd68aa969"
"2643","550ed2f5-be07-4fee-9dbc-0299209a933a"
"2644","b430c19c-a6f8-40ca-bbee-1e652f8a37f4"
"2645","751f6baf-de47-4d67-a657-4133066703f4"
"2646","58240e34-7364-4078-a530-7a4f51649731"
"2647","958b8802-ec3e-4813-97f7-6c8f48610dbd"
"2648","553ad092-b799-44c9-a94c-65a84fdc7526"
"2649","432439cc-ae2a-4788-8f84-d69297dff68e"
"2650","434fb032-3c05-45bd-aaf2-09468ee34d7f"
"2651","b7729524-6d0e-45b6-87c8-79af1e955a5b"
"2652","66c88f8d-b73e-4f9d-8cf3-15d9c68b5384"
"2653","de53afe1-ee31-4328-9744-584ee3824bad"
"2654","a4fd17bf-6309-47c5-b7fa-ae5560673acf"
"2655","772a9c72-abef-4333-9788-f4cb48ad8e08"
"2656","06670261-ea6b-4b52-a915-c7d4ff837f74"
"2657","11747665-0e98-4f27-bd0d-536862cd5746"
"2658","64ebb116-acb3-44f9-ac6d-9a464e57fb64"
"2659","06b61b85-5838-4b6a-9ee2-abc6568e1b38"
"2660","ee5e17b9-be48-48c8-a72f-a489988eaf74"
"2661","cb5bac93-9111-4275-af1d-f40b0a73511b"
"2662","b562efb4-e497-4495-a775-27b9da7779ab"
"2663","4dafe480-f2ae-46b5-bd5e-8d4e538f50c7"
"2664","4e3d93fe-0d7f-45fd-aae0-a60425ba4b2b"
"2665","45f1ae17-c20d-40fc-9307-7d33b6ca9213"
"2666","ba96668e-afbb-46a6-aafc-f366e1b47d87"
"2667","9d00803f-5dde-4803-8111-416ed174676f"
"2668","d0e7e7b5-ea7b-4c20-8ee5-d2f2ba197e17"
"2669","8ba9a58f-a491-4a23-9325-85f3b171aa53"
"2670","7109d172-c370-47fe-ac81-8fe93550a9e3"
"2671","35bca3d6-c1ae-48ff-9ae3-a11cea578c2c"
"2672","27a638bc-6362-45f8-afce-5596a606269b"
"2673","d60a1a1b-d697-4bda-b410-c43815194a4d"
"2674","d4ea6fc9-e533-480e-851e-285c0ffe5125"
"2675","e5b5053e-0ef6-4c4e-a3f2-42f955f4322c"
"2676","b1ef509e-f191-405a-8419-51663b08922e"
"2677","acf0a78c-f4e3-4bd9-a5cc-9cf4791b3b95"
"2678","4d06fa94-49f8-4c75-b52c-3a4e699b73cc"
"2679","bb2b4485-2bad-402f-8517-44bf7d9afff4"
"2680","d168d98c-b7bb-4b9a-b1dc-eac008af4df3"
"2681","c13fb093-5ffb-491a-b8b7-fa2d42a57e2e"
"2682","b229114a-01d3-46f3-95db-d71230ea085a"
"2683","f2c63b7a-ed6c-4890-9f8c-7685d172624c"
"2684","50181a4b-1cfd-4fbd-ac9a-c1a494b9c5d0"
"2685","713fb616-118e-40bc-9366-4a69879a49d5"
"2686","fd6d2981-3d4a-4ce2-9741-cfc98c5b74bd"
"2687","59004ee8-3975-4877-bf82-ff0b8070ef28"
"2688","f6d7ba88-5234-4994-944d-843ca453c923"
"2689","df18ce7d-6e61-48ee-bd35-96988d808a7c"
"2690","c4b1f326-224a-420a-b8b3-814a8f13b6cb"
"2691","516e324b-03fc-4d3b-9986-e46e9834cd43"
"2692","4b88b1ee-c2d9-473a-9fe8-ba3b9c0c179a"
"2693","bf7ea00f-db77-4a95-9b9f-2d12b6d9fcb4"
"2694","fc2f1d4f-a46f-471e-a618-cbd4d0496a53"
"2695","69cfc5ed-6569-4aca-a4cc-fd782ba51d9c"
"2696","14d1e367-3efe-4ec5-86ae-eca48710ee4e"
"2697","a13c6c28-d876-4364-ac3f-450dbceae06c"
"2698","e2235528-49c7-40c3-b44e-c5962ec1af85"
"2699","13e2378e-0d10-450d-843a-b3592575826e"
"2700","f98e06f5-a09a-4356-b6a8-d55a7d3c5356"
"2701","da70d0cf-1b0b-43eb-924f-e2a69d0d5390"
"2702","0a856d55-23b5-4bdc-ad24-3eb5bc83d81f"
"2703","97e46fd4-8b3a-4068-859b-6eaa7216da54"
"2704","b99aa3b8-0066-46b2-a027-30afae444ad8"
"2705","8e0bfbba-6e9d-48e0-b152-2cc949e5022a"
"2706","2da73273-67ce-4a5d-b890-491491bac073"
"2707","c2cbbccf-4ffd-4626-86e7-505b39c872a0"
"2708","953445c0-4770-4be0-91cf-270a64c0e297"
"2709","f7b5d916-52f0-4865-b6a6-e1a3b711cb5e"
"2710","9a10411b-8758-4cf3-9c2f-b17ff6d752c6"
"2711","a031d739-c760-441e-955b-b667502e9af2"
"2712","f9807523-f807-40e4-83fa-4c2d28cefebe"
"2713","75b30aeb-34c0-40f4-b77d-271d75a98b14"
"2714","451c8010-7dbb-4f96-b4d4-0955766d9eff"
"2715","f2ee4067-d66b-4c18-bb56-27e32a0c88dc"
"2716","3115ea14-f412-42cf-86d3-b16df8b38938"
"2717","88b9ac3d-1c1d-44d1-9584-c4f5dd2503b3"
"2718","e8f80ec5-c423-4eb2-9f0f-805d22f844ae"
"2719","4d39b27a-b34f-4c89-8d46-df844d42f728"
"2720","00c04e40-35ea-4ed1-824c-82f936c8f876"
"2721","32c2af8a-6bc7-499c-b9c5-d043c6d6e00a"
"2722","efacdaad-ab73-4056-bee3-4eb34b458bf6"
"2723","a1816dfd-dbdc-4499-bef3-ff81dd895b33"
"2724","c49eb4a4-7b5f-44e6-b346-7153879ac86b"
"2725","ec6df9cb-be92-4027-80fa-83b70aabce58"
"2726","41ec47dd-08b3-464a-9c45-c706f3e74467"
"2727","a125a4c2-3b0a-4996-9a63-57043d4d9159"
"2728","6d13053b-ee35-492c-8976-8178420df398"
"2729","756e7f39-d48d-4f42-a900-b09e0c34aa8c"
"2730","486e3034-765e-4cdc-835a-ac44ff7335fa"
"2731","64c813d6-f73a-4f55-8154-8fef4ef54ec7"
"2732","fae1463c-9f5c-4b4f-96be-c461703bca8c"
"2733","14464b13-19b5-4403-8c2c-09eb98e28f2f"
"2734","e38cbdd2-cd6c-451a-a9bd-9bc6355dafe8"
"2735","d5ac6a93-7fba-49d4-93fd-b38d23b556e8"
"2736","6c3f7679-af52-4806-ab0d-2a692640703b"
"2737","e4c5a9f8-72f8-4282-aefa-0fa924cb3db6"
"2738","41437077-2522-49bf-bcb2-083a23d52958"
"2739","0b5aaee4-c948-4853-bf8d-b9cd6c4917ee"
"2740","1bba98a7-92b9-450b-9235-e0c905f8f3c4"
"2741","93aaf65c-5aad-4e6f-a7ba-ce9bf7c0e6e6"
"2742","a56dec32-05ef-45de-a256-ee6741f356db"
"2743","696e3b5b-8b61-45af-ae4c-3ab700f197ec"
"2744","11eebd42-44ab-401d-8a2c-bdb9fc9beb50"
"2745","03ff0d53-573a-47a0-a0ad-1995815a4339"
"2746","a118a699-7258-48d1-bc45-45fc04f792c8"
"2747","766730a9-669f-43b5-ace2-c947fbbba7e8"
"2748","c1013d55-b503-428f-aa58-f45412350e28"
"2749","5308b523-dc53-4d32-91c7-6654ff40eea8"
"2750","5cc97a45-69fc-4f37-a973-402d5ac561ac"
"2751","400719bd-481b-4549-b634-7e03697887b3"
"2752","8327754d-3990-4056-b07e-4faa49cfcd26"
"2753","bc7a6b88-a279-4b6e-ac5e-21666bc51dae"
"2754","2fb8480e-de3c-462b-b169-e8bbb344da68"
"2755","b74a4387-80dc-4d78-aab4-11215c86b1dc"
"2756","07846f2f-e182-4f94-a7c7-9fd2865c0dde"
"2757","91003b4a-f2aa-4472-a9c1-4597abb518f2"
"2758","eff1bb34-b454-4482-8c29-65f820619f3c"
"2759","9d8ff89d-728d-4875-9fbf-f6f1a22dce8b"
"2760","c9fcb537-963b-4b9e-910d-701e818a2d62"
"2761","2167bb42-8f4c-452b-a091-50cf64e46b99"
"2762","2c02af08-a7f9-4535-889d-f4172cfc9a17"
"2763","ef46ca1b-8f6d-4d3d-9f72-f681223f5b52"
"2764","c178e14b-c76c-42bd-9e00-4db4e4d4ead2"
"2765","2c24c001-686d-456b-aab1-96668f1f9983"
"2766","887a5c70-5524-4c7d-96cc-6cdcf1c5309f"
"2767","8ab0d202-a908-4442-b562-32b1c684908d"
"2768","2592d0a3-a6ab-44f7-ac29-c145b4ad81c8"
"2769","340a75f4-76e1-4ef0-8f1e-1bb78ba561ef"
"2770","d4f7cf8d-0d14-483b-9840-4b4583dcc0f2"
"2771","50f2d23c-b3fb-48a5-967b-14fd0a6dd205"
"2772","a571ae14-3e16-4fd3-a615-5646e0b0b696"
"2773","2179e0fd-7431-41a3-bbf4-76451c615ce2"
"2774","59a317ae-8b75-4ee3-9942-cceb10b39d4a"
"2775","49830020-70f3-41ee-801d-dd19533f9ae9"
"2776","4cecff40-8e5c-4320-a87d-be8687008dbf"
"2777","52819593-af43-4c5e-b143-ce9f71ef2aac"
"2778","4170595f-4424-42ff-83c5-7ff80aa3d7d6"
"2779","c50bfa91-0b9d-492f-bf64-fce6e9a25c7b"
"2780","4746fab4-2cd0-4809-830e-f15aaf163120"
"2781","5aa90e70-f661-4c2d-aaa2-70ac38c1ace9"
"2782","94747ff4-603d-47d4-9780-bf53be41e190"
"2783","23033c54-cc98-47dc-b972-4a8d1646754d"
"2784","45496598-075a-4eb0-9cdb-f0aec3e7b73a"
"2785","d67aaf6e-e3fc-4d47-9694-3fba2dc64ef6"
"2786","c83b7143-132d-4559-be57-83eb4da1e7c1"
"2787","013a64b9-5e74-4f7f-af5b-9ec76715238b"
"2788","22d69f7d-cbbf-4098-a5a8-a1b2f73cafb0"
"2789","10ac5282-3288-4383-8f69-9864d8564ea9"
"2790","b02f6cd7-4882-4796-9e2e-3f279c60d130"
"2791","1a3660c2-011c-4e96-9b1d-529afc305428"
"2792","ef31d34e-039b-4cbb-a175-fdf6ffcae59c"
"2793","cb3bbb14-9d5e-4f66-9bb3-cdc76a971f29"
"2794","07c29939-d5fe-4f7f-8546-f1d02fd352db"
"2795","1883a1f5-f190-4ef3-8521-36d8cc6dbb47"
"2796","b9efc4b5-0266-43e3-a7e3-064d09bcf90a"
"2797","83331548-2159-4b87-9177-c3cb29978540"
"2798","6cfd4a53-f454-43aa-900e-c973cf5827a3"
"2799","89364a58-c32b-4fab-b3ca-622648bbe443"
"2800","6f2ba673-00a3-4d5b-8a03-807d7996d049"
"2801","3a560dc4-ee2e-4437-b94f-c076a2b5f25e"
"2802","52242966-692f-4a4f-8279-cadbc7874183"
"2803","4c1ff5b1-fec0-4e07-a313-ec3df804a687"
"2804","818c2b89-1335-4443-ada7-e1046862e273"
"2805","a72408af-b488-4ad4-801b-bbf16f7a7b57"
"2806","a7e5804d-d0b5-40d8-985e-9da9d93206e9"
"2807","76b9e515-715d-4a53-a702-019adad1059b"
"2808","982ccb23-102c-4d7a-a899-4df50a032def"
"2809","8ed53702-3e4e-4637-a4c3-9dc8f4281019"
"2810","c3d1ada5-1d97-4a23-be2a-9ff39296775b"
"2811","52797dce-911c-4e6d-b0cb-491f6469014f"
"2812","52d6eb67-56c0-4ad7-b5c2-71e7c2362ece"
"2813","fc6cddab-c9ce-4ce6-83ac-32b6854dd6da"
"2814","861cc783-6d4c-442e-9081-3a6e389be454"
"2815","592188c6-7212-47bb-ba58-f9361026addc"
"2816","753b1781-ea44-4eea-b84a-f8a76fbd6c4d"
"2817","13879c29-3c14-4a53-945c-5a8c0f8984db"
"2818","aa43f245-7201-4d05-bd52-57f6c262f3ed"
"2819","e574c14e-eeb2-4db7-b7ce-a1b46d98f42b"
"2820","0b034df5-6d36-4a4c-932e-d348850d5cb6"
"2821","45da162b-c721-4282-983a-9c29293a96fc"
"2822","fd60bbcc-c3b6-4fa5-936c-eef5ae0a2d44"
"2823","b1f71b18-4ccb-4334-bdd7-32b60c2aa272"
"2824","455a7133-cf0f-4c74-a91f-fd35c0d25b79"
"2825","7a96889b-5ae5-4a43-bcdf-ed38a759b739"
"2826","bd08f332-a295-4a59-a13a-05b08ca3761b"
"2827","c330db31-7fa9-4a8c-8ad6-baa957bcfed1"
"2828","18d3f89a-6ac5-4ca6-bf93-0baec4e13bcd"
"2829","82da5835-1759-4eeb-9d58-a834ee80384e"
"2830","50dd3681-081b-4349-97cf-1537ad332d20"
"2831","33c8742f-fc91-433b-8d3f-3238f7e3018f"
"2832","f0ff6f10-cbb4-44c0-acd5-ed17046b1396"
"2833","c8de8023-ab8a-402b-a828-b2b57cd3b2f7"
"2834","bc125238-252c-48bc-9c1e-c1d202352fa1"
"2835","72c80b59-6b2a-430a-a68a-108470bd64b8"
"2836","dbadb531-2fb9-4361-b80b-9be8c3c54229"
"2837","f0f2da78-ef60-4653-b2c8-ff0a7a9ea2f8"
"2838","84cbdc3d-b66e-45e0-afc7-d2dda17f2334"
"2839","ecd368bc-6383-4a03-9b61-46e0a94750f7"
"2840","e111620f-090e-4427-a996-21a6e5a2d14f"
"2841","fbb14862-aa9c-4f60-bf33-8b27a0785aba"
"2842","359b86b4-c7ff-47f8-b128-64ca24bfea1c"
"2843","a271a40e-ec1e-4721-8db1-c6d0e62a629d"
"2844","e2901844-81bd-4759-9a90-d525e486ae49"
"2845","e3145bd7-7f35-44ec-a5dc-4417c5c9ab9a"
"2846","81ad8286-cc55-4a08-92a6-38474c35c893"
"2847","69fe6624-bc7f-412e-ad6d-35c7b0df842e"
"2848","b7b381f5-7de2-4f91-9a8f-524041cb47d9"
"2849","16c8eade-5c2b-4c9c-a60d-6799dbc758a3"
"2850","15d6d4e9-9b4b-4a93-aea5-a29a67b6d9e7"
"2851","fcd02121-ae3e-4d20-92ee-e2e368658a45"
"2852","bd2102ea-c8d9-40f6-8327-211450120e96"
"2853","de41f238-93b5-4122-be08-b7e3b42566c0"
"2854","c0e2f74c-51f0-4020-9756-d190848cf181"
"2855","ee239d14-bfc8-4939-91ff-824b5814ff67"
"2856","cd50d616-1f8b-481e-983f-68d2674ff82d"
"2857","46ec0033-3c71-415e-bcff-b065675ba2dc"
"2858","8981d38b-fbc1-4ebe-9300-2357fb71913a"
"2859","8a753714-9a19-4418-9b37-77e79d72c705"
"2860","ae23d0a7-6670-4ac2-b165-13c697407763"
"2861","089bab26-a854-40fb-8c04-5be4f693315a"
"2862","ed8de897-adbe-4f0e-b4d2-534953e64c72"
"2863","61c81161-b732-4c47-aba5-9e554d9a853f"
"2864","2b9f4584-da2e-44e2-a2fb-4dd4fc64c1a2"
"2865","f03a3387-c4a7-41e3-a5d4-dd4577147940"
"2866","925463a7-d51f-4d5b-9f79-4d28cf30acde"
"2867","2d73b2d4-2dfd-42e9-a9f4-106d9c58a4b9"
"2868","2ad081e6-0a3f-4612-ac15-7ace75d39e26"
"2869","e862fb43-5acd-4d37-a4a2-63684c164932"
"2870","20a8fe89-d4eb-4698-8521-8881c13377e0"
"2871","3c82bd87-15f3-4628-a0ff-db396139ca3e"
"2872","a12057b4-6d11-4a12-ab8e-15a028ef0a6d"
"2873","abe138ec-e084-47c7-abe3-e7f371f05eae"
"2874","82a3247e-bb0d-4b68-a177-a6457f84717f"
"2875","1854ad4a-9789-4596-9a9e-fed7b8a29c50"
"2876","c65aa043-98da-4136-9877-494e72d9e4cf"
"2877","a8797f21-1af0-4c5e-98ca-bf1442929363"
"2878","123cf7c5-6a3b-419d-be4f-49a6cc020f9f"
"2879","275db6dd-7606-4dce-b8dc-644b2a50e578"
"2880","23b45aa6-a479-486d-9e6f-062cbab7c68a"
"2881","8804d963-5a31-4609-b5df-f741b7199fb7"
"2882","0daaf096-1639-461c-bf1a-bbeea77e6b67"
"2883","77931759-69af-4637-8b26-c8376f9240e2"
"2884","6f45a77d-9208-40f2-a116-ac99c77ef580"
"2885","aac9e93a-106a-4cdc-8d27-ac3a9ffce0ac"
"2886","4a855abe-ac5b-4e95-ac10-3c1adceeee28"
"2887","c4118654-695f-44bc-b9d3-1b26f3a955f8"
"2888","34879781-a164-4ebe-86f0-cdbe2f91d0f3"
"2889","2b57ba73-7fe3-4410-bda4-a3429e4ddab7"
"2890","f69722f4-7e34-4aaa-ba5a-7bf621421085"
"2891","90ab937a-9421-4a4c-a5fa-5c5a349aa818"
"2892","16f22744-64f4-4798-8666-aea6d7d201fc"
"2893","5063a99f-975b-4a7c-85e3-69ecb375b4d3"
"2894","f049d050-12da-4e40-813a-2b5eb6df6b51"
"2895","dfce2aba-783e-4e17-9c17-e74aca505ec2"
"2896","aafbb139-02c6-4f35-bc62-ff73faf97d6d"
"2897","82d09d1b-8618-44f0-aeeb-2c897a2416fe"
"2898","bf449d96-2ce7-4095-8d14-84bfa4c0fa19"
"2899","02c71cde-f513-43da-8952-0974763c7568"
"2900","1e77e42a-181f-4b48-8e74-201ce50ffc29"
"2901","f6fcc895-3dfc-4b00-bb83-348e3c9c72e1"
"2902","fce2f0ae-7cd5-4b0b-8e41-e2a01ec0b2e9"
"2903","8ed02827-a49f-488a-b5b9-34201dd4fbee"
"2904","fe96f581-4905-4282-819c-922c68bda989"
"2905","7940ede6-5656-41da-8961-bacc2492a35f"
"2906","e76dd90d-91c4-49c0-bfd0-dfa2c4c90c81"
"2907","3606bf22-1987-4356-b8c4-13e89d8f6c69"
"2908","5f1d1319-7954-4a9b-90c7-57668e3a0d4b"
"2909","88323c78-204d-4b96-81ad-6b52add135c0"
"2910","e3688cae-7a28-4405-88b5-6b87179e0d76"
"2911","b64b9863-5ed3-49c7-8fd3-5324fabeda5d"
"2912","ea99e1f2-ad03-4bb3-8960-1227fc76bb2a"
"2913","8fb72af6-c2a9-4b12-aaf0-f5dbd4a9db9e"
"2914","269ea7d1-9909-47cb-b4d9-f63fc7f4a302"
"2915","9fb9f552-917f-4d26-acfb-bbe6d1005b90"
"2916","ebed12be-5b84-4962-a4bb-9ef569fa2661"
"2917","1be9dd4c-ea8d-485e-8a45-28e8a7ab36d3"
"2918","d59d023b-8f28-4e67-9a41-aa36320e6c69"
"2919","ff258a7e-b2ba-414a-9878-2380ecf89de0"
"2920","8f394713-08f9-4c2d-bb91-f5cbed29ba62"
"2921","94f2935b-b4ac-446e-9775-60b4239d016c"
"2922","5b871642-a03d-452d-885c-bbf7b2be671c"
"2923","07ec6866-d283-46a6-991c-e8ce0c6fc159"
"2924","e1011626-04dc-4454-9a1d-0c293887bfae"
"2925","be48353d-25c7-4f86-bea9-7b9e248fbc6e"
"2926","85c11255-469f-41bd-a6d1-382bc4a87783"
"2927","9ab25f31-8aa8-4367-bff0-b7c6ca07ac0b"
"2928","1f403e44-7a79-4b91-b86a-e406208be161"
"2929","9fa1f26c-f10c-47a3-a4d1-8854579a117d"
"2930","66b95837-7ad1-4acd-b2a0-fdf2e55323c4"
"2931","a07def4c-3b7f-4df0-8052-05968d9c936b"
"2932","34e0f023-0ca9-4f64-a932-3248bb4ed5df"
"2933","670c79e9-aa33-41ae-9858-573ade0adb89"
"2934","8ad2b7ca-42c3-4bfe-939a-056a90bdd2d8"
"2935","66d47084-9437-48b2-819b-c4c8214ed650"
"2936","324f0243-1a21-4f5c-9f71-52eebc2596ed"
"2937","645effd7-3744-4ea9-a081-4144c0c22054"
"2938","d09584de-57ff-450a-8e06-0d0f614f11f8"
"2939","e585d690-ebfc-4b27-9dbc-7d655ce1176c"
"2940","5aaf2780-04d7-4bbf-8b06-af36eafe8eba"
"2941","11e26767-e597-4349-ae50-f4ae16da9c60"
"2942","914c9f5d-b8c5-44af-b302-1947b55bd115"
"2943","e4698f9f-bb23-486e-a74a-c8f3a19c3132"
"2944","c44b3ddd-1a5a-4a3d-9dc2-a1f0b0d5e25f"
"2945","4efb00d2-e8b3-4d13-8ab7-70bc7a0a8af9"
"2946","3d0a644e-d056-46cb-aa0e-fbf6f88fcbb1"
"2947","2cbb31ac-2403-4c31-90f3-7473623a56fc"
"2948","2c8199c8-4e40-49b3-b878-caee6e1c1bc0"
"2949","ef1d031a-33f1-4778-934c-080545315686"
"2950","f351292a-db64-4b8b-8029-5687290bddc1"
"2951","ad7dbf6b-7c37-42c0-8566-328249a3d21d"
"2952","bf12b461-1c53-4d81-a395-8ba77f7483c4"
"2953","49047409-9307-4b41-9b04-a9615f049044"
"2954","ce26e71f-2d47-474e-89b6-7920931ac4fc"
"2955","a5b308e8-78b7-4376-bdf8-7dfe047d62a2"
"2956","700ea222-8139-4c48-95cf-014855565530"
"2957","d4673a6d-4b7e-439b-81b0-e6d5ee67d396"
"2958","735d7622-351b-4c22-b1b0-c718a8148179"
"2959","65c6a8a0-2dca-4d03-a6dc-20ad15c51096"
"2960","404b3fcd-306a-4d18-b5db-d90c517ff72f"
"2961","bb5d9cf2-a5d7-481b-9fd6-d56fa3a47ae0"
"2962","73225018-7139-433b-bdba-2b90774761d9"
"2963","e3e42d54-78bd-4337-aa87-bb31a7670c9a"
"2964","c06b0686-927e-45be-867e-aab1cc601728"
"2965","e6b84607-fa1f-4ec9-a486-1e7fe98b00e3"
"2966","0e0eec3f-0a8b-4cfe-b86d-925bde288bc4"
"2967","33d49d4f-31ec-473f-9b8a-b555aa5116bb"
"2968","19a8293b-8e95-4de3-983f-77484079c389"
"2969","3cd569a2-4f88-4c1e-9995-8dce8c5e51a7"
"2970","9b9de2a4-d8af-4a7b-933a-a8334ae60067"
"2971","f47a1998-0beb-43be-9f46-380aa4d183da"
"2972","a815de2c-cefb-461f-9c55-05f21ae7da8f"
"2973","7bf4539a-3f2e-4485-876b-1c9306b181af"
"2974","29d762da-1711-4a3c-b424-f0a404f4bf2d"
"2975","2e8e2acf-5d58-4d99-807d-2ed77a6c8b17"
"2976","d2adb565-a865-424d-aeb5-9fbcbf2afe2a"
"2977","8785ccda-6f9f-4cf3-9033-fda10653d0be"
"2978","625b57ee-29d4-425b-bf99-9fd54dd021fe"
"2979","013441c1-1f13-47e9-80c4-9a53e8e1bc05"
"2980","a2304e67-d282-448c-9fec-1ea551ac86bf"
"2981","04b90037-ae21-48dc-9448-f0b3eef05b33"
"2982","0c04d0af-af50-4463-8ce3-e9968e229237"
"2983","35718973-913e-447b-a968-83e66e6c8872"
"2984","9df34bc3-25d4-4452-a896-4d19b94ef896"
"2985","7bab3575-28d7-4b29-9429-350cdf214a6f"
"2986","7fc1fbed-87c5-4703-af74-4722ef42b9a0"
"2987","a8fe6eae-cfc1-4580-ad12-f325e8c2b21b"
"2988","c5a5e216-07d0-44ff-8fb6-06dfd6484462"
"2989","8b7409b0-e18e-4dfc-9ad9-8ddbcce38849"
"2990","bef39770-1abe-4b86-830a-7c168f69c459"
"2991","ccfbdaad-b91d-4bfe-bd0e-d30b33587f19"
"2992","f4d3a8ff-2db1-4015-aa28-d4564afef3fd"
"2993","f60416d5-2d98-4401-ba0d-b92b53e01d86"
"2994","43b13058-68d0-40c6-8031-caf5a7b7d20c"
"2995","01e7dee7-3ff1-4807-acad-058dbed91aba"
"2996","86d1dd29-b6af-4964-a9aa-b34e9e547b3b"
"2997","dc4b2c95-d807-414c-aed3-4d4fd55a30e8"
"2998","0458f6a0-cb54-4ff5-a543-b2c5354e17c0"
"2999","c299c135-7cdf-4c06-ad9d-50da94ae2d21"
"3000","20c920d4-7ff7-4676-ba61-3f04490d9416"
"3001","efda73b4-5212-40a7-b2f8-d2f754ffdf2b"
"3002","bca1830e-9e96-4788-b7d5-8f4ce41be9d2"
"3003","bfe7009d-4f93-4803-8b7d-9ee51b4860e6"
"3004","f698f8df-b473-40aa-a5c9-033cd892467a"
"3005","49dd67a9-d0a6-4375-b856-85e09032fdac"
"3006","7f70572d-f0c1-4039-9954-b57dc69981f6"
"3007","812590e4-7108-4016-baba-957dcf8213ae"
"3008","209ec3e1-8738-4b09-8f5c-b1236bb2c019"
"3009","96a893b6-4520-4daa-89c1-b79487505da2"
"3010","06f33d6a-f7a7-4a2b-baa5-8c3c53bd1a9c"
"3011","56a46b02-ab98-4603-8816-c9daff1a119a"
"3012","38da3c60-4b7c-4698-9256-574e4ee4e93b"
"3013","6cf8c56c-4db6-4f6b-88b6-331f9902acea"
"3014","26a79a26-7e70-4727-bf1b-eb79febe388a"
"3015","fabc4abb-d255-403e-bfbb-6557afb4db58"
"3016","35f1dcdc-577f-46c6-96d9-6c7a64501de9"
"3017","604671e1-89a6-42a0-a3a2-075e52899131"
"3018","8259c2c0-2749-41e2-a4a8-4a64a76eab37"
"3019","de134835-030e-4f79-9873-e87c34c1a0db"
"3020","08fe5910-8c4c-4679-a988-eb2ded3c4909"
"3021","297acfd7-3efd-4d35-8204-bb3f217fc4ca"
"3022","54971fec-1c2f-49c0-9396-2f0c9fa5c8c0"
"3023","fdeabe51-1d92-4770-acfe-eff9769b3d4f"
"3024","4c598891-db23-4b7c-9b39-233ba8eaf848"
"3025","6055a4be-3f41-47e3-acd1-0535fa17e04c"
"3026","bf056c12-eaba-4f00-b5a9-c4add7f841f3"
"3027","19115dcc-8b12-4155-8c46-20ce4e9ec74f"
"3028","2eb2fd88-0fde-49cd-9d9f-8ae823f52b3d"
"3029","aa9eb826-390c-4923-b379-ba56444e680e"
"3030","fed2fe77-623b-42f7-9d46-a2e5454f069a"
"3031","96e70743-6a84-4fee-b226-fe10cddb266e"
"3032","3180dd8e-332e-4430-bf4d-c4079e9da1b0"
"3033","415f816c-07ae-4ac1-9ddb-ecaa9957a249"
"3034","ec8b44f6-e2ef-460a-b964-e66192a278bd"
"3035","5db4eeb9-e064-474b-a9de-85cc6bbf97e4"
"3036","a57a54b6-2f2e-43e4-9621-b52f4a63cb08"
"3037","1f1d2ff8-c4c1-45cc-9812-6a7ee84a73cb"
"3038","22a1cbbd-58fd-4fda-99f0-e91b688788d8"
"3039","4c21c36d-b699-4f36-b539-c01842d24989"
"3040","991efbde-9d52-40f7-8d4a-dc40d13913a7"
"3041","b39ae3ea-e6b1-48d4-9afb-fe7463432c4a"
"3042","ddb65832-91a7-4157-9488-719a0e2ad87b"
"3043","6ebb869b-3931-4c7f-b168-07e2a271b1bc"
"3044","f9d70f2a-c3f0-475d-ac55-dc2e2ba856e8"
"3045","10026df1-670d-4c75-b3d5-ee0037f9d59b"
"3046","b91535d7-1265-455d-a565-901e2eafa883"
"3047","06ec0ecb-87fc-47a4-8348-81df2470ff3d"
"3048","cf6ca1fc-f2be-4deb-bb35-1fffe4099023"
"3049","d5145a9a-602e-40bf-b3e1-f04cf9c3ef86"
"3050","82fea746-853f-4f1b-8ab7-55de8619cccd"
"3051","da6393d5-a53c-4863-abc7-51f36281d74e"
"3052","731101d9-94bc-4805-bff4-9578d1bf03b5"
"3053","6c80d53c-d8c9-41fe-998f-091fca208834"
"3054","7fc4c18a-68f3-425a-aadf-f83633be47a1"
"3055","80d8e893-44ef-442a-a796-f1660acd570e"
"3056","c68e4cc4-b842-4660-a84c-48f11c70f657"
"3057","39dd50ae-814c-4a15-99e9-39afcc36bf9f"
"3058","a846cb9e-c152-41e7-bd34-45e7ff941e3b"
"3059","a1df411f-0ef7-40f4-a53f-453c55b77b9c"
"3060","a8585efe-4011-47b2-9aed-cd01bd3652c0"
"3061","06f46a6e-62d3-4ca0-bedb-cb4c021c14ee"
"3062","c7e686a1-d03e-4641-a229-68247fdc5887"
"3063","1289bd81-8daf-4e7c-bb46-6bbfe9141c49"
"3064","46f3ddb4-917f-4854-b47a-306a32506610"
"3065","26fa7a33-a426-4cd5-9792-33bf668612e1"
"3066","85f46538-ae70-498a-bfbc-b8ddafe96c7d"
"3067","5a19182a-7f24-4b34-91ed-9c342787f821"
"3068","24e67151-ff7e-43e2-99c0-424a758278a4"
"3069","c0949c80-94c5-4bf1-8e05-ebed75807c01"
"3070","3882c29a-a3b4-48be-8349-00958cdfdc58"
"3071","9d5521f9-44d7-4db4-b7ac-0ba7d389f44d"
"3072","488d5779-aaed-4a94-b56c-bacc4becd6cb"
"3073","20e7c937-a5e5-4a27-bb87-ddda5826f777"
"3074","ed57378a-2b27-4d80-8701-124e559cf17d"
"3075","36fe44b2-af36-4467-9be8-601e64b3dbc7"
"3076","c5c51528-ccfc-4c53-b409-c200aaa44222"
"3077","20a41697-108d-4231-b230-ea7a16a659a6"
"3078","401d8d12-b56d-4c71-ac58-f791e8c085b4"
"3079","283091c1-0d31-475d-94f7-030459aafcff"
"3080","56fa904b-eb1c-4f34-a671-8c5dc6af6de1"
"3081","4bf0a15a-be84-4560-b64c-9556781a0d60"
"3082","d1317634-ccea-44d0-9cdc-c863f9bf856b"
"3083","8496d258-bf95-4041-a3d7-1cc19b629d14"
"3084","2839f191-cd94-49a9-ac16-46018066b8b2"
"3085","f14ff4b7-be1e-4b55-b39b-520005f8a97e"
"3086","729ee685-e714-4858-8c49-584a29cbcd6e"
"3087","d6d99ded-08d9-4e2b-b6bf-bc9fc4d266b6"
"3088","79c2a4b6-1323-4a4e-b1e6-bcdfe075fcfd"
"3089","99ca6ed2-b6b8-4eb0-8180-92e750e546be"
"3090","6172948e-5d52-4f94-a617-278a9013a8ae"
"3091","8f9e8842-94f3-48d5-8d09-c43829bcabc5"
"3092","1f618933-1c1b-4b49-91f7-d567d25406bf"
"3093","fba826dc-c801-446b-9bde-b989cea1b1c3"
"3094","4515f6b6-76e7-4005-9fd8-6db8b84396b3"
"3095","ab944aef-09dc-4047-a4ac-0048d8405fb3"
"3096","055192dc-f16c-4855-835d-19cac6ff20aa"
"3097","ab2bb44a-3956-4028-8715-8b70b1960b99"
"3098","d5e53e8c-ea8f-47fb-a715-6edcf3842ca6"
"3099","98296642-26b2-4ef0-97f4-38c84603e2e4"
"3100","c39b8441-359e-4cf9-8a52-c5f6dd918813"
"3101","810df100-e85a-4c13-b619-34030a75ecc2"
"3102","c7d24594-0c11-4b27-9039-fe0bb903da8e"
"3103","19ef6a77-394e-42e9-95bd-3e1131885f75"
"3104","781797f4-c2c3-49a4-a80d-eb81eb4f818c"
"3105","0de61385-de6d-4146-ba32-1cc1bc102220"
"3106","a17286c5-238d-4f0b-bc24-29e9121345de"
"3107","0ab9d433-10e5-4683-ae54-4687179a5259"
"3108","a87c1c42-8927-4183-97c7-a17554c22b29"
"3109","f874149a-1d76-43ba-a3b9-338c6d83da30"
"3110","9a6e9f3a-830d-4bdf-9aee-3db636e8e93d"
"3111","a7309d64-6209-49d7-878e-2b0e403908a4"
"3112","08dede9c-570a-462a-931a-481aef87fd6d"
"3113","ed3afb1d-c091-45c7-b0aa-09fd1ec97332"
"3114","c5f3e735-917b-4024-b2cf-19f4f75b2469"
"3115","7a21689e-3f98-4284-8501-6e9b053262c9"
"3116","621cd6bc-b146-44ef-965f-4fa882c12eb6"
"3117","221a3714-9a9e-43a4-869e-184bbea5e32d"
"3118","b4b28d82-0a26-4b1c-a932-38d4378c189e"
"3119","4c945cb7-446b-4199-a1be-f54bc0603353"
"3120","0b2de99d-e762-4b15-ac4c-0e0063329b23"
"3121","8e91c9b3-45de-4db2-91df-138d10031cf0"
"3122","e8488824-3865-4d2a-97e9-fe4647d6add3"
"3123","294cf13e-4fdf-4cb8-bb6b-31b9da7f4819"
"3124","e843973c-23dd-416a-8a9c-9e89512542fb"
"3125","6a04e6da-93e2-40cb-b4ee-d42864cce6fa"
"3126","2f58fc20-4528-410b-877f-3dec775f1b4e"
"3127","3a2d5b45-56e4-4f5a-a55a-4a4a65afdc43"
"3128","7b2ebf06-c789-434e-b274-7f159a1a4ea3"
"3129","70198e4e-86ad-4acc-a9eb-e24e2c107d18"
"3130","770d4956-b5e0-4d44-bf42-3a766b232c5d"
"3131","540a1886-ab91-4324-9f63-568533fad853"
"3132","fa96f4e2-71ef-45b7-9bc7-823ad398cbc4"
"3133","473c68ee-1ab3-4bcf-b286-f7a8df0acec6"
"3134","99579aba-aa0d-40d4-bab4-15f609083527"
"3135","89d25455-184b-4c20-9cbc-9f5f89df500f"
"3136","dfe94963-428b-4282-90f9-dfe32c86e088"
"3137","a27f3a99-e88b-490d-b151-2b07e65bd2bf"
"3138","2e6cf730-c5b2-4101-8c44-b3e88a97a6ed"
"3139","6e4f264a-e2e1-42fb-9866-e64069f8b441"
"3140","534e2ade-f9dd-470c-a56f-97d2cc896468"
"3141","6d043734-b8a7-40bd-8e7a-c873bf9e310b"
"3142","6b42f6d0-709f-4011-b777-2c8ecc559214"
"3143","dc3932d7-d064-436b-9dc7-ee8835d0f246"
"3144","b6bf0f5e-0fb2-4bf1-82bd-019d643c3812"
"3145","fba060b5-fb15-4722-9666-564040bd29ef"
"3146","24016006-c963-4135-a2c5-b1f7740782e2"
"3147","5d852752-4bae-4c6e-ab2a-7eb6bf82a99d"
"3148","8570573a-937b-406a-b4b2-1def0387d0d1"
"3149","a703b581-ad64-4791-8bb3-624aea569fa5"
"3150","df12fd50-55dc-4cfd-a021-818880668789"
"3151","23d124d7-d9a7-421f-ab7a-fb077c430956"
"3152","95fc86de-8e74-4753-9344-281179aa74b0"
"3153","c753a3b5-d5cc-406d-adfe-3372bb267f4b"
"3154","75dfe1ee-5935-42ce-b820-697f827825c3"
"3155","06cf28f4-608d-4fb9-94c5-c0698d70ea71"
"3156","88564d2d-2dc9-4789-864a-f9cb73f389ec"
"3157","d6cdef49-b669-4507-91d1-3f959cf98e47"
"3158","ec85cc63-4e24-4631-bf92-8789db2605c0"
"3159","ea6ddade-6674-4e6a-8e93-1ae14fc05981"
"3160","cbb6c71e-7c4a-4f1d-8d6f-de9cc4f55abc"
"3161","ada3c91c-c957-4808-bf9d-b79e70eea17d"
"3162","2818cc47-5a9e-424c-9416-8078526097d5"
"3163","2876970d-90af-45bd-9cfd-c0af757947ea"
"3164","386774ac-fe5b-431a-b485-9aec0bf5c09e"
"3165","e0ded9a1-372d-46c8-80b5-ad994d606ef2"
"3166","ba45db8f-34e8-4f29-af0b-e6645e1d693f"
"3167","89bb44dc-9f4c-400b-86cd-dcd0bd599a58"
"3168","5033c2fb-ec55-4b8e-b0a4-9379593f1e1c"
"3169","5bee9f92-221e-44e8-81b8-20edcd741077"
"3170","241f559e-d255-4e93-b448-19ae20406dea"
"3171","faf8943c-72ff-4736-a587-25508695d6f0"
"3172","2e686e71-dd6a-45f0-bbda-0c01e2653de3"
"3173","8f8e16a0-a5d5-4bce-b2fa-d8177a26c43b"
"3174","0df2e216-68ae-4952-b9dc-3c2f2bc04fe3"
"3175","1e82d6b1-9f46-498e-a53e-d9aa7ebbae50"
"3176","b7cf2d84-6c43-4baa-98cf-816a27336701"
"3177","a5ba32c2-ae96-4601-b171-dcc84ea20657"
"3178","34be82f1-8442-46e4-a911-40b91fa8bf24"
"3179","d5f8208c-07b8-41f3-be93-822942202b31"
"3180","dd5e070b-92c5-4483-a321-dfd97b814257"
"3181","51ece34f-c24e-4183-9bf4-9b6f28748aec"
"3182","8eebf05f-4495-4fd5-b1f0-cb85750295be"
"3183","ab49f767-296b-47d5-af56-0b4a69515b03"
"3184","f5ac9226-0ace-4d34-a1c3-7b3845834a98"
"3185","fbbcb9ab-4b95-4e57-a756-30d08b7da7a5"
"3186","2f20ffb0-f701-4189-b4f4-620e9745e8a2"
"3187","3fa8e226-4f06-4efb-8abe-26dbc1f5c085"
"3188","3e4cdaee-740c-4754-9135-466362bbd22e"
"3189","3838a64c-78dc-4f3f-a0c0-9f604e33eefd"
"3190","b9aad733-959a-4178-984f-53e4bd05b420"
"3191","31c7add0-0150-4029-bf33-47872c23fcf1"
"3192","645386bb-8011-4434-90f5-9da2d8bf78cb"
"3193","2f05d09d-7e91-423c-9210-19da0b0e34c6"
"3194","cb073ba6-30bd-4fd5-871a-15b0fb1fa930"
"3195","56b4bb7f-e73a-4695-b939-ea91fcf98c88"
"3196","3529d640-5d49-45fe-8ede-491e9c8e0447"
"3197","293bf73e-9070-411b-af96-2278eeb37bcd"
"3198","704c0b98-7083-4b23-b6e5-18f5a6342324"
"3199","9f436e91-bc51-4d18-a3c7-17c1271e2ed0"
"3200","3aeab77e-daa2-4851-95fc-d236c3b5718e"
"3201","61d9ad65-6a78-4c72-9824-aeca20d9a102"
"3202","8efb6150-2c43-4109-b3cd-41c3451698ea"
"3203","875a4e96-dbe6-4673-b3e9-9a06459f77e7"
"3204","fef20fea-bb6d-4423-9b19-c28e225081a8"
"3205","8557f2f8-7ff3-47d8-bdb4-b9608dee906e"
"3206","87a6436a-c83f-4afe-a93a-d807a988e0ec"
"3207","9b3a7918-c4f0-4f3f-9eaf-72c952d17374"
"3208","90b98d58-96ca-4d75-9045-18eb97886b5b"
"3209","2fd77342-8b8d-414e-8b03-5a65f79e9b78"
"3210","37cda11c-63a3-4941-9a66-32e8d999e708"
"3211","e58a3832-4e13-458e-8efd-bfa251eed702"
"3212","72b90d26-b881-4984-a542-9c47bd42e549"
"3213","51c9eb38-e148-4094-b23a-6b8e31c3bfa8"
"3214","fc1eae96-01cb-4d97-b594-d5040913675e"
"3215","27ce49c9-cec8-451d-ac6f-818394aef827"
"3216","0e21e183-e787-4f23-a240-93b416c088c2"
"3217","16d076f8-5ae7-4e93-91df-4cdc13329f99"
"3218","c2ce5a8e-7885-48b7-81fe-3e8a057c47a9"
"3219","33784b61-bd86-4451-8a89-741ada5f8475"
"3220","23db1cab-e565-4a90-89f8-3a8685a20029"
"3221","f6ea35a8-4ef0-4e87-8388-491a6b49aaf8"
"3222","ca1a708c-0178-4ef3-8b5a-1eabfc533b0a"
"3223","909a28ce-d4b6-4567-9b74-d111f1ed9633"
"3224","2d78e626-28e9-423a-abb1-5f6491785a20"
"3225","9d3490b2-a0e6-415b-81a4-a3a4a63268b0"
"3226","6d53015b-6867-408f-8f3a-4eb9d5dae101"
"3227","0ae3af47-dc33-4cb0-a2a3-01c6a5bcd968"
"3228","7807d33c-c581-48dd-be90-69cc9b13b54c"
"3229","9c3db86b-2cbf-4f8a-82e1-08533494c7a9"
"3230","73e7e2f4-7e5f-4e6c-86c2-3b5fbd191172"
"3231","8ebb2c0a-0baa-43bf-95cf-094047c57427"
"3232","7837ef5c-2c81-4a89-8227-b4d4f1f7331e"
"3233","b6c26847-deb4-4fc4-b8b1-bf01347956c2"
"3234","be8379ff-352d-4e4e-bfa7-f5ea8af64412"
"3235","aee24c19-7dfd-4011-ae95-7a2fe2f7e369"
"3236","d2dae131-dd89-4e60-ba83-77e41db9d7bb"
"3237","ab1ad155-db0b-4fa0-8bac-856853c47175"
"3238","648782e0-b5e5-4e59-bed0-627aa8ac29f0"
"3239","182915aa-3470-433a-9b12-347511befcde"
"3240","351e3f8f-4631-412d-963f-25b5fd4efe48"
"3241","bd17a64e-a9bd-439d-9b87-01c6bb1b7e09"
"3242","44a4f189-7414-402c-9c1d-c85743f34d0c"
"3243","e345cf05-bc6b-43a6-aca3-2f9c1ec0e772"
"3244","1ad823ab-5eb5-4377-a24a-d3deca1f7bfd"
"3245","2239694b-771a-4586-8b54-2794e361a9ae"
"3246","3cd35f5d-ce6d-4f14-9a09-53d7a28d834c"
"3247","7dda0798-1fb5-40ed-982a-ebd2825082b2"
"3248","5e9de344-2bea-40dc-8410-f940121330e4"
"3249","6ad40ca3-dc34-4442-b23f-0b1b28936f56"
"3250","fa10db2f-5191-4f89-bf6c-f5accba0f55c"
"3251","7341904f-5913-470c-8c53-bc832df248ec"
"3252","dc72d646-4e40-405a-8fa9-a410c60e490b"
"3253","0b41f1ca-73b1-470e-a425-ba3e9c1b6e0b"
"3254","5a29fbb3-3b5c-44f2-b07a-e84faa790088"
"3255","8db66322-ff8f-4471-82c5-37f8d3e4227f"
"3256","26c60178-5d93-4ded-93d7-c58e0ed92388"
"3257","9cf2856d-0375-4ec3-a51f-7f9c82119859"
"3258","d7734eca-1359-4169-87ea-0b8512ae9425"
"3259","5b3a9b2e-3447-4874-accb-534c333eae4a"
"3260","047fcf0a-2936-49fb-b4eb-97cdd8d09d0b"
"3261","de804504-bd5c-465d-b54f-9da299d8ee90"
"3262","eeb2c17a-79f1-4e6d-9786-c34d462b7ae1"
"3263","188ad0ce-1703-4d41-801b-201d739aeede"
"3264","57c1debf-3867-4e64-baf8-ce70d84f88c9"
"3265","5a42eaf5-93bb-4bca-8ebd-4d78e96e4929"
"3266","ba11879a-723d-4209-8ffa-008eaab9771f"
"3267","dd009c14-f702-4d16-a919-8d2098205cf4"
"3268","da353933-40c3-4790-b6d3-85cf945e0f01"
"3269","ea00877d-ac0f-4de0-bb76-f7bfa61d3d25"
"3270","b478d218-21df-447f-9eba-6fb11f94b071"
"3271","987a848a-01ec-4938-9f31-1af1c7bef651"
"3272","9b115fce-f6ee-4d20-96f5-847fc6b11c6b"
"3273","1e48c5d9-b4e2-4069-8ab0-0a2e84e050f5"
"3274","6f40f0db-6a4b-43f5-8ff3-4e5bd3fe882f"
"3275","24814e7a-70cd-47e5-98b2-d44b46be92d2"
"3276","d0d3c335-5a7b-4856-a940-2057ea2c9e7b"
"3277","a38e54a1-0922-4e8f-92a6-4f028d7d569f"
"3278","1274596d-f537-4ec9-90b3-e0c7a73ee55b"
"3279","5924a1a6-507a-43bf-8609-23840e59dfd7"
"3280","183eb46f-24f6-4e15-8017-93f10039c0a6"
"3281","9f278b77-76f3-44cb-a82a-4c6f07cec4e7"
"3282","1d6d32ea-9753-4069-b6b3-98cd6a1195c1"
"3283","e0ae0101-ab8f-47a2-938b-ab0cc367b3b5"
"3284","82ea1455-ff29-43c8-8074-685fa2653144"
"3285","14cc13f8-b0fb-428a-8423-9f3c63222764"
"3286","5bb28770-52a9-4a1a-8299-30a969495c47"
"3287","5598739b-6718-4cff-8402-91d7f65b1505"
"3288","e1bcb3aa-cb5e-4dcf-ab90-f7adcbd2c848"
"3289","dcce4783-eab6-4f77-880d-eac877364aae"
"3290","6cb9c23b-e3bc-4917-b588-26c4cef9d920"
"3291","788df1e1-2991-455a-862e-062897f2a14e"
"3292","59e2df68-7442-4306-92b9-116c48146cc3"
"3293","be20d05c-f6b4-4580-9fcf-f00f4baab562"
"3294","c8195036-dab3-4d87-b83b-395a59b18a42"
"3295","f1e1057f-c441-4e76-9721-786821cf5ef6"
"3296","4938b245-1312-4e8f-adc9-a3ae031e4d70"
"3297","6cdcabee-5927-4f16-9b46-0bb384782915"
"3298","d57752ff-dc3f-45f6-908c-e97b9255f721"
"3299","61368732-eb1c-47e0-8e33-20c8c8f5e70a"
"3300","101d63ee-bb22-4a7c-9e0a-c2716063696a"
"3301","6dc2dfac-3e21-44dd-a71c-9a1c8fe2514c"
"3302","0c9da986-721e-4f75-b566-0c6c212a8f60"
"3303","5d805ae9-0d48-423f-b1b1-6d19015e13d1"
"3304","d8d261bd-da63-4872-999c-42daef00c9f2"
"3305","36ca973f-7997-46f6-82f2-75277a003f45"
"3306","f60c9e52-95fc-4ca1-a73c-18a491153b63"
"3307","881cd4ec-5b52-46c6-abc4-60551d58b355"
"3308","875217fb-fe22-4c2c-adf4-b57f2052626a"
"3309","024037ca-96a9-4cb8-ba86-2cd5a209c90a"
"3310","804ba625-e9c8-4853-a44b-9f3801a782bb"
"3311","072a702d-70c3-4959-91c7-85e69d143894"
"3312","277a2eba-ce6d-4ef5-857b-df8a66584839"
"3313","31032902-0909-44ac-a8e7-b6b1d5f52149"
"3314","cb668e89-6ef5-4ff3-ab4a-506010e7e70b"
"3315","e2e15494-65b9-4af5-8b86-53fb51e7e022"
"3316","9a350a15-0f93-4c3b-9954-32bd19c8e91e"
"3317","ea8aa053-2ac6-4f8e-b5d7-8e52b55966c2"
"3318","77e7cb08-2c6f-42ab-881b-b34b2318acbe"
"3319","445f384e-c0bb-4362-8e44-22f65821f9b6"
"3320","cae8a697-1047-4da2-ac7d-77065dade235"
"3321","263782c1-c65d-458a-ae67-8526ccf214f5"
"3322","c89a3068-fe2d-404a-b505-eeeee71b3da0"
"3323","f6f66b89-248b-438c-a3ce-196edcb3397c"
"3324","9f763ac3-1d6c-48d2-ab54-324b1b144f40"
"3325","bf0f48cc-6cc4-4f4d-809c-13c7cfefcce6"
"3326","18ab25a5-ce2d-4cd5-b7b0-3890f595f77d"
"3327","8b9d609a-6d62-4d5c-9133-01d41979cfac"
"3328","c928ace5-bd88-46ca-b49a-c7235fcd64d9"
"3329","1fc580ca-9adc-46af-8a88-61e871273b49"
"3330","66dbdb89-74ca-45b7-b8af-2479fc0e22c0"
"3331","2d158a78-179e-48e3-ab6f-dd5df7aedadb"
"3332","834b8673-1498-4423-b748-7bb6dc312169"
"3333","83c92faa-7ad7-42fa-9229-4eb6fc9719c1"
"3334","ed183385-b82e-46c5-83d0-dfdd2625d2ff"
"3335","6101480a-811d-46da-b4f6-fc0360826f22"
"3336","21c5790c-0930-4d74-b3b0-84caf5af12ea"
"3337","41bf7ede-fc84-4a57-8c89-b548d11b0ba1"
"3338","6a37e62d-0c83-4200-899f-b958a402d337"
"3339","9775c2f8-6c1f-4fb8-8c03-c7081dafc0b5"
"3340","3982571a-e9ce-442a-a4a0-fdfc97727091"
"3341","1e7ed56a-6d6b-422f-962e-38543d150755"
"3342","624b124f-6d1d-4d50-b775-f7c81c4f0cb5"
"3343","abcfd4de-3b3d-48ed-a002-36071bad8d46"
"3344","03d93b02-a461-4815-a4c0-b46451afc1c2"
"3345","c57fbedb-6e0b-49cf-9ba2-cf431d61972e"
"3346","a97353c8-f2a3-47be-86e1-f7c301fca630"
"3347","0b96f260-d768-4c08-aebb-5fc7ccb5aef9"
"3348","16284f84-15c9-4542-b122-a6d584f937ee"
"3349","b0288eea-74b3-460a-8ac5-edc4ba70b75c"
"3350","d3286405-49f8-4e8a-8046-a4376b4e7963"
"3351","80ae18bf-f3a4-4f83-b372-7c5c9d686865"
"3352","298a166c-24d6-4635-9731-8376617fb0ff"
"3353","5838d780-c9fd-4b97-b9e2-2ccc64b4ce3c"
"3354","e7211c0c-e571-4d61-bfda-3bea3953151d"
"3355","3a519990-ae6c-4c8b-a827-2bf96d949940"
"3356","cc5c0498-ddbb-4f21-9cdc-1eb06efce075"
"3357","0c8f1351-d1fe-4542-89fe-b70729679c52"
"3358","ac516e9b-8bfa-4b72-8e3e-340b0a3a51d5"
"3359","9710092c-f174-4e84-95bf-2064d39ad7a0"
"3360","f79e4715-5776-485c-ab7d-631c9b8d70ad"
"3361","92721092-fe7c-4689-96bd-4f02385bc0e7"
"3362","658a38bd-6954-4a2a-945c-42330c5d13b9"
"3363","286e486c-a094-4715-8e5b-a2370b09a408"
"3364","80458486-d231-48c8-b4ae-665c454772a5"
"3365","754de174-292f-4ddc-ae08-24b8fb8cff2e"
"3366","ecf9829d-e532-45cf-aaff-1dd1fb1c812b"
"3367","c09c5786-a479-46de-b0aa-d5d2d8ccc123"
"3368","9ff9db9d-d14b-426e-83f3-e7449af6c79f"
"3369","a80fb090-63f4-4b05-83a5-2f090deb7757"
"3370","a89a94fb-c417-49b4-a9a9-9a22e0f12697"
"3371","4d97e3c3-f335-47cc-a4ee-0d779fd42222"
"3372","29fb0fb5-dfc4-4098-ac9b-3a712000f48f"
"3373","ff1c55da-2436-4b6c-a978-a0255e12d39b"
"3374","eaef3371-cb14-4d21-90a4-e54dc7c6391c"
"3375","b769f524-0f25-44d7-8538-5c46710a040e"
"3376","14525f24-afb4-4a4e-80a7-facf27080cdd"
"3377","64852ade-6ae1-4760-ba4a-976bf07ca255"
"3378","cc1d0498-bcce-4b0f-aa2c-372246f8da6b"
"3379","8ee39fb7-8b46-490e-ae21-6e8b32854dd6"
"3380","2f1b740a-8b2c-48c0-a38a-64d347370d1f"
"3381","18ee0ab2-60c0-42f2-9ce6-041738d63293"
"3382","f8f1f725-0105-41fa-9887-4df9e7a7af1e"
"3383","c1b0bfc2-4932-4e03-9077-92bc56042511"
"3384","445b65c5-5b16-4f66-94ce-f2a7f49f9ee7"
"3385","2ac4b20b-bf0f-44e4-910e-090de3d4bbab"
"3386","6a899482-8bcf-40ca-ae67-579a1cc467ab"
"3387","d3a8ef9c-8572-438c-91dc-010537070be3"
"3388","d86babea-bf8b-4552-81a8-daf706066ad6"
"3389","b13e0689-636d-42d0-86c3-df9d6f85a882"
"3390","8d81e661-00de-4bbb-9582-920bce0018c9"
"3391","1f1da04a-897e-4347-b465-1058a3e9b93c"
"3392","981a0f1a-ad65-4756-90a5-7e9b3520b96b"
"3393","568e4759-c698-4879-a6c2-708b4e6a0dc7"
"3394","ca0f9294-09f6-4528-bb3d-604955f8acfd"
"3395","08e2ff26-88ff-47b5-9d37-d19ace01b075"
"3396","7f7756fc-d89d-41d5-93ef-85991603f4ad"
"3397","4f5c1208-62fd-4e5a-a51e-306c06947e11"
"3398","85947873-e99a-4b08-a4e3-743942710fea"
"3399","45a87caf-d38d-4ad2-a8fa-4289e8f4b5d6"
"3400","2ec7edc2-f184-4c7d-bcd1-52b9d994934c"
"3401","fc6890aa-1dbd-4aa1-bae2-4699965eeaf0"
"3402","3d9873e5-7128-49d9-9048-f72b8ea4b29e"
"3403","37f07136-54e8-4c4f-91b5-240fd64cca7d"
"3404","1c50435f-593c-4269-b111-36475599dccf"
"3405","4246db3e-b5e2-43d4-a0cf-f799743e534b"
"3406","f7e5e2a0-5039-4bee-b48c-b7a9c7287a43"
"3407","abbf99aa-4969-4865-997e-450c1cf8b6e9"
"3408","31910296-7c31-4b87-a00b-594ec072b6e5"
"3409","5589cc21-672e-4fd4-8a25-74f3f9da3b5d"
"3410","f78d5c04-a440-4068-90c2-fab03409a911"
"3411","d085f57a-db05-4db7-aab5-9d9a29e8b949"
"3412","a28c96cd-a43d-4143-b992-903356d0923e"
"3413","db9050db-ae5d-4be8-8114-c26f272c3bda"
"3414","44e2c4c4-9fd2-42d4-a133-d81360ded4bc"
"3415","90a7db00-9262-482d-b50c-12d12b7a7d98"
"3416","add39442-b8ca-4412-8156-391db53b0c5d"
"3417","4d614c92-0c48-4a11-a5ed-416b34fd50d2"
"3418","2a314d49-c071-403b-9cc8-75aea53e7859"
"3419","05befef9-cb0b-410c-b5fc-f8a3c3598fca"
"3420","279a4b1d-21df-4d78-9f4d-324c73fd7536"
"3421","4d85b881-e490-4b4c-897a-2faa4ef53956"
"3422","03a74eee-2dc6-4147-8667-5cdeb65f122d"
"3423","861313ba-3a1a-4d33-842a-1b8e45e2415b"
"3424","3c76296d-4bbd-44ba-8eaa-95bf275f79b7"
"3425","fda917eb-0d6a-4371-8c93-2a10bf950966"
"3426","ae4f0cc6-e0b9-47f5-bdca-2fc2e6316dce"
"3427","7c02513e-c23b-4686-8bdd-1ad99de5a8eb"
"3428","ce086892-462b-45b3-80e7-33bdb5d2db4d"
"3429","6c3e28d6-e3cc-4b25-a5da-a0dce043cf17"
"3430","11245eee-fcbd-44c7-aa6a-3db2eb40106c"
"3431","5d71a91f-cc72-4b66-b6e3-d75ecc05e235"
"3432","518dc04d-092d-4fa1-bd82-88b7a9278ef7"
"3433","ab6265f2-a9bf-49e8-a9a5-67cbab4de38b"
"3434","06358891-8424-43c5-891e-d40f226bef40"
"3435","a0c4e4a2-9d7c-499d-af51-4e32dd028418"
"3436","e5beeff8-7c98-490a-ae2c-16fbb6a87305"
"3437","062ec888-7fd2-4b1e-860e-4cdcc9503ab3"
"3438","d96e25fe-18f2-47bc-9939-bad113934204"
"3439","34982b79-842f-4835-8598-d27793731d26"
"3440","d3d99bf2-cdad-4bdf-acd3-c94d599c4808"
"3441","872bde22-f1c4-4416-8e3e-f2813312e81b"
"3442","a9bf8565-8a09-4118-9922-932d65a79d69"
"3443","953c0b65-537a-42fe-a90b-26cd36c64361"
"3444","c5bc42be-4970-4dce-80e2-af78bae42e84"
"3445","8071881c-d652-46e7-9cf4-e06a7f1e57c7"
"3446","dd6f8901-b20a-48e9-94ac-b1829dc2cfec"
"3447","cefb7674-cafa-4468-90ef-0ce6c3373d29"
"3448","71d441c3-163a-41b6-b713-074d69362c27"
"3449","d97880ee-434d-4085-aeff-1a76ac21071e"
"3450","f077719c-82ff-4035-9426-47c5eb554454"
"3451","58888680-07cd-4baa-8eb1-f846bff7e2d4"
"3452","694f1a0a-b6bd-453f-af6d-a833503da307"
"3453","1d86078b-c78a-46b7-bee6-9e2bb7532b91"
"3454","f735e153-1f57-4841-afe9-4712cc740054"
"3455","25f46432-5ee9-4cb7-a18b-d2ee41761823"
"3456","2ea26d96-22bc-4425-97d4-3fab5384f614"
"3457","4eae43eb-bf68-4f29-998a-dc48627bb905"
"3458","bd7540e1-ae1f-49bd-9f69-a9af3d0affed"
"3459","2a95d8f8-dcd8-4052-9805-2dd9c507d372"
"3460","52e3507b-1cad-409f-9146-3c5e2afe7df9"
"3461","c1f29568-f2bb-49d2-b6c2-28748bd1629b"
"3462","da930e2f-6047-4616-a598-bba8ecef3039"
"3463","a3d2dbb6-3979-42de-979a-b144583741e2"
"3464","fc518d4e-1968-4ba9-9750-8d386712a00f"
"3465","3fedb2c6-488f-4c78-b20d-af23d481348a"
"3466","135488ce-f5ba-4238-b7d1-8a1197664ab6"
"3467","3ee090a1-9d1c-44ed-bd93-f6b7c9b68a97"
"3468","9cbf9dff-3e4f-4e25-8217-4338e821f123"
"3469","abba2bdf-f5e5-49f9-a6c8-021b4c127c84"
"3470","73d95ec0-d7fb-45e5-8134-b2ee1c0be8af"
"3471","a8d24a95-47b3-4f88-92e7-06600bcd3612"
"3472","7ec3c77b-1955-4397-9bd3-7b7b9d0b8531"
"3473","aa6a8f15-75aa-48ab-a1ca-413d43b23c43"
"3474","0f3ac478-54fa-4305-b077-50e3c0baeb8c"
"3475","17447ce4-4c4a-4158-b1ea-03ed5364b4e8"
"3476","8f98653a-4aee-4619-91c7-0cdc2f8e225a"
"3477","94f5e909-48c5-4782-9005-84d793dd01ba"
"3478","ab1af25a-1513-47ea-80e7-2726610c10c7"
"3479","b90316c1-67e9-4338-b4dd-c950831ce33e"
"3480","b7a03115-41c9-4167-a0b6-7e40cf0fd607"
"3481","435d1751-8667-41ec-8b32-865b7cd3c684"
"3482","6004cc99-d2d1-47c7-ad13-32d8fc85811e"
"3483","b3a75400-103f-42c7-b742-be11d161d05b"
"3484","4cfc7ef6-e251-4c93-bd5e-fd6936dee11c"
"3485","4df7a57a-9405-4995-8e02-4ca404832247"
"3486","22902bf9-cc3f-495b-811a-c441e28e23f6"
"3487","10c11836-683d-45db-872d-3ec8aee4d37c"
"3488","57231a22-4da7-49c8-97b8-75672feadf1e"
"3489","479944ef-8d2c-4279-b3d1-2b85c761fb30"
"3490","da037304-d958-4580-89ad-edc914dc0b21"
"3491","d9d3eb78-a7c6-4076-9e19-df225af2ec62"
"3492","aafb8d62-1592-4488-bd40-7bdfb751ff98"
"3493","d5dbc342-8e39-4998-8237-ebbe05a381ce"
"3494","08b04e53-ed25-41a2-9f90-0b9cd939ba3d"
"3495","911e13ee-1eec-4243-88c8-3c08a3681a19"
"3496","860e85ee-5992-445a-b3d3-9bab524f7600"
"3497","aa5428e2-5464-45bc-ad2b-928775051258"
"3498","950c1106-4ea1-4fb7-a115-5dd5adcc1ea4"
"3499","0e1fe34b-f4e7-4642-8c8b-5a05ac3438e5"
"3500","ab6b2887-0ecf-462d-8c9d-70da02e5d475"
"3501","865ccba0-e1a2-402c-9641-d23a4acac6ea"
"3502","b8be06aa-a29f-4b7d-86fc-d3949f842e5e"
"3503","a4d46d86-9de5-4734-881c-5b2059b9fccf"
"3504","bf298db2-b90e-4739-85ca-9c3003103fab"
"3505","978db6a1-7297-4c89-819a-47605f2c3ba8"
"3506","4fa830eb-965f-467c-9dc2-46f1fdc30875"
"3507","79c48123-b0d4-4d01-b511-0ce999f3161c"
"3508","339ac029-066a-4985-9f9d-b3d7c8fea0bb"
"3509","f0393af3-bcd9-41af-a36e-0cfb83b60081"
"3510","cb5cccc9-abe4-4b11-abe6-d27e5cd85fb1"
"3511","143d889d-3128-45af-805b-a2d5a1d501c7"
"3512","44da96fe-26a3-4a32-9a0f-c49614bb7298"
"3513","a5735dd9-2e74-4fb1-b785-50b98498fc25"
"3514","020b3c27-bae1-4b85-9d6f-eccee0f5ed99"
"3515","2a3a96a3-709e-4d60-81f6-d247d6933f13"
"3516","ce354460-500e-4eaa-8e95-8f243fcea3db"
"3517","75e48971-3242-4ea5-a1ba-4deec48ad41c"
"3518","130f6043-6bb4-4f14-81b3-b34cdaf6ea1f"
"3519","4b2c4de9-43d7-4905-9d58-bc2e7d84b2e1"
"3520","4b95c7bb-5672-4e4a-88ea-ba96c12e8ca2"
"3521","efc49485-b24b-46d5-825c-d9d80864c8da"
"3522","dc417e19-edb4-4401-883a-2375f67a162f"
"3523","c0799f81-9955-463a-b071-4f1c82719aa8"
"3524","7c6ab71d-c8d4-4a85-9f33-7ab3c2e23157"
"3525","25605f81-d995-4b18-8244-aa91586d8a1e"
"3526","84324095-c722-44c4-a662-7155312f153f"
"3527","14593aaa-def7-4766-ba88-03e89c8f51b7"
"3528","6338e1e5-1cce-47ab-9e55-8914d8adc2f0"
"3529","cbd2c661-741d-47fe-874f-53d23378aa59"
"3530","efe5d94c-2249-4a50-8c44-6e77331c698d"
"3531","8bc11ec8-90a3-4d4d-aba3-1c48c71e8fe2"
"3532","c6d43089-8855-4da5-9b8b-ace87281476e"
"3533","a519961c-513f-4f9e-abd3-c71db9e4b3ea"
"3534","c6630414-123f-49e9-9838-5376ab24f75e"
"3535","7a958aae-fc10-48c5-93b2-93777593dda9"
"3536","fb39389b-07d5-439f-948b-6c6e58c0384f"
"3537","5986140f-daac-4a44-9c77-756db279e3ac"
"3538","334a91db-48a1-4fee-bbb0-82e97f48c07d"
"3539","81a66a2f-6286-466f-be26-307c85136d6a"
"3540","65df3083-d28c-4a24-8351-b8fdfc4dc529"
"3541","6ae27517-4d1c-452a-bcfa-e7ffa2a6cb0c"
"3542","36dc2bd2-3d9a-4a84-ad70-918a539c4311"
"3543","fe42bab4-e289-493b-a537-933f62c9eda4"
"3544","bb4f3174-8d64-478b-8d9b-5f37cbf557b7"
"3545","50b96d21-f2eb-4f35-a8d3-77eee15ef51f"
"3546","232f854a-f5b9-4d8a-8499-23f59852273c"
"3547","fa7be6bf-f906-4b8e-857d-48a9a7da901c"
"3548","63359272-1303-41d5-a437-f4522f5abcc2"
"3549","73a9561d-112c-4d8a-9d5f-b2c11c5bbd5f"
"3550","1aae38c8-f75a-4009-8aa0-c5fa94b06e6b"
"3551","d04ee340-5378-4601-8181-19da6d5cbfe0"
"3552","33887e80-89d8-4473-8622-e56fd90aaa5b"
"3553","7add3681-17b6-4027-8a9d-ee92d2b96a42"
"3554","6e9a7927-db55-41ff-91aa-fc21ef3f654d"
"3555","f120ad8f-dab4-4fa5-bbd8-b031d60cbfbf"
"3556","ff599c4c-f7bc-44fc-b75f-eea4b7178692"
"3557","043f3cba-7827-4a1f-9a87-7775ca01ec9d"
"3558","81c50c62-f78e-4aa1-a252-5a714318c7aa"
"3559","337e06b0-29e3-47bf-95a3-19bd84b311de"
"3560","1aef21e0-ed3a-4c1b-9f78-39892d47828b"
"3561","5d32c4f8-d90d-447a-875d-d8626ce2c57b"
"3562","334da06a-c45c-47eb-86c9-222267135e94"
"3563","44e2906f-48f2-48ee-88f8-351ecdb53f18"
"3564","ae0f2a15-ba82-4a88-817c-431c58c70167"
"3565","f99965f2-63ef-45ad-9060-1377fb9627f8"
"3566","49e750a6-e752-4947-9bda-3b3947d670c2"
"3567","9023e58e-6d88-41da-b2a0-4ba262f9a572"
"3568","499323d7-8f52-4195-9766-f59e61118574"
"3569","8ee6763c-ca7b-4c0d-9208-b8f26f100e72"
"3570","4909646e-35d8-42f2-943c-19f220869345"
"3571","67df159c-735e-4784-b75b-90859ea8a170"
"3572","ed6d188d-d14e-49f7-960d-6c9a94cfd364"
"3573","2e3ae45d-04b5-4922-98a0-de914a8e018c"
"3574","d90e2684-a5f0-45de-a06d-dd97ed6d18e1"
"3575","c27e11b7-2f1e-4e20-8c47-fee6cd22c148"
"3576","d2a921a0-894d-4a4e-aeb4-602914c33a5e"
"3577","beba7567-b897-4832-84b5-67d3ae38fd99"
"3578","d874115e-2668-4619-a0a8-6022feb47aec"
"3579","c9327d3a-4245-47a9-bbbd-e39720cabb63"
"3580","8296eb2d-c9bf-41fc-be72-781383c51298"
"3581","7a273f33-016a-47cc-b4b7-5ebeea768816"
"3582","5393128b-d743-4b3f-b9d0-15ec8f6643a6"
"3583","2d63745d-3c4c-4da1-ad77-985f68768be9"
"3584","ec071bae-b53c-465b-b8ae-3b339f6b8580"
"3585","a6f8dabe-476b-433f-9f89-c0f839a9991c"
"3586","fdd2806d-be01-4d3c-ba55-b1d5eb9ab4ff"
"3587","fde9f003-eedf-40d4-984d-d8beb2e0a855"
"3588","92e05418-6986-4374-b3e9-00becdf54b57"
"3589","035afc40-e8fc-448f-b287-1a973fb5aa93"
"3590","f266380e-9830-44db-8f93-60a6e8b9a1b6"
"3591","e6c20084-4b2a-4583-a983-9988fa084bba"
"3592","d1f607d0-48bb-4d08-a0c8-c6ee1c888b8d"
"3593","3786b61f-f22e-48d1-af8d-ad4c354534db"
"3594","2e5d8410-00fd-4c3e-87fa-7c72c0d235ba"
"3595","e361af91-3e68-4e59-b0e2-bca0ffb416fa"
"3596","0d73a5c0-7f95-4ede-92f3-eac434a970a9"
"3597","ec4de8aa-9ba4-412b-832d-93361210eae3"
"3598","3cbe7548-973c-416f-8af9-d0484f0bba99"
"3599","243ffeb4-3395-4e39-9cf0-695be5b142aa"
"3600","bd3f0b14-fd20-4b7c-81e8-a8fe6fbd8c8d"
"3601","9156104b-9bcb-4c22-aaa8-02e3e990ebc7"
"3602","2f4f78ac-0246-4c59-907d-9fcb46f8fb77"
"3603","8ee056cf-c4f7-46bb-a9fb-1ff7b1ab9534"
"3604","c8563d5d-9204-4337-870d-687b0d102972"
"3605","b011c8b4-76e1-4bbc-8bb9-1d205e7b618a"
"3606","a551ec45-db14-4d5a-84ee-20abef51e739"
"3607","d5111703-c344-484d-bef1-9565a278166a"
"3608","8770350e-746f-4adb-9556-18ca68104be6"
"3609","11c56452-fcec-4b00-9695-cca4728e5048"
"3610","5bbaa0e6-0fd7-4df2-9db7-34f78b40dc34"
"3611","de03f4fd-c147-4477-a048-7109e5ba2d6f"
"3612","e819cc1e-09d9-47f2-b418-93972852daef"
"3613","f591979a-dc42-4000-810f-5852056982c6"
"3614","8eaba8f3-98f7-40e6-96a9-181f1c121e44"
"3615","b028aef0-6227-40a8-a35c-9ded6ceeead8"
"3616","dae63e12-3547-493c-8e6b-809c348984fe"
"3617","ffaf5635-45b2-4192-8bd8-6987cfde04de"
"3618","2964011e-f828-4c6c-b98b-51e984d66365"
"3619","614fdb7f-637f-4501-a80a-53c14a9804e5"
"3620","db845223-034b-4b59-b76f-290ba48167e1"
"3621","2a0efd9a-4a60-4edc-8561-f2754d24eeb8"
"3622","0760bfac-9a03-427a-ad84-ccd33a2f2ae8"
"3623","7e5a7bec-0e19-4a35-b27b-1c4a6d9c4de0"
"3624","4339176e-3acd-4f7f-a5d9-445bee3d23f2"
"3625","c3a03c5a-c260-4c26-9b9a-873abb396f4d"
"3626","1334fb4f-8554-417b-be8e-93bdec4be6f1"
"3627","e929af6c-9e6d-4c61-bf9c-7c3d99e2a8ed"
"3628","9f10e94b-a43d-4772-9f60-24e9bbbdedb7"
"3629","1b7c716e-af95-4cda-a42f-6479c8b139f5"
"3630","0880fb28-cded-4729-a254-927afbc7c974"
"3631","89ba58e8-a67e-4d2b-ad42-6acab25c241b"
"3632","398304c5-6073-4968-afc7-394fbd837d74"
"3633","270de514-3206-4cf9-b122-0f148ab06fa1"
"3634","1a0d7ac7-71d6-4efd-84d3-199f88821bc3"
"3635","78298ec2-fb7d-4720-85d2-817e4aa2a11c"
"3636","5a181485-2c17-49d4-a68b-3eb0d955f42c"
"3637","36aa8d72-84b2-4abc-a30b-cdee19363cb3"
"3638","5aec5b83-df71-483e-90b9-21e56a0a3cb2"
"3639","be0ff6d8-5e61-4021-9c89-e40cf0b75cc6"
"3640","e0475631-c151-4413-829c-cb5c76b83271"
"3641","032867c3-3c53-42ad-aabe-030eeb6292ab"
"3642","f01fe651-4270-47e8-bb85-e74c8084bd83"
"3643","2f48c606-a936-46a4-9058-dd925973efd6"
"3644","575f79e8-8500-4ddf-91ec-5e6de73d35a3"
"3645","9c071f1d-eac3-449d-b004-c14775b5a3b9"
"3646","48c82c54-fc6d-48f3-91f5-c9adc2a70f4b"
"3647","69bece91-c806-42ad-bde4-db28c7f8fc4b"
"3648","44297bbb-306a-46fa-ab1b-fa3fb327ebda"
"3649","efa141df-f382-418f-9121-bd88fd735669"
"3650","7566f0b4-7f6e-455c-abb5-ec58e57f7e17"
"3651","af0bbc31-b54d-4e8d-82b1-2e91a1115523"
"3652","2ee670aa-c687-4ff7-92eb-0abc9b57e5f2"
"3653","a10aabfa-beb1-41b1-b8a3-4442b52536e3"
"3654","d88cb3f1-8e02-4618-bf32-4b0488066934"
"3655","fef96bad-e623-42cd-b961-d1adf39db8b9"
"3656","a1670c61-bc6a-4c40-9d98-88fb272f945a"
"3657","e8f602f8-b98b-4071-b088-c65e016cdf98"
"3658","6ccce6e5-d18b-412f-a28e-828ac6dd839b"
"3659","ef539e4d-8907-4a88-b2f7-8f8fa95e3117"
"3660","3e71ddfd-fff4-4c8d-a510-a46f4e2edb6b"
"3661","f4946c16-1dc0-4c56-9bd3-8b9e68a49277"
"3662","df958b10-9e1c-4a80-9170-5572a5366e84"
"3663","4ddd2c3e-db95-4299-bbc6-f206820ef4c2"
"3664","f9246b8b-d8c4-4c28-ba6c-b50680dd0c79"
"3665","d6ed2572-96be-483f-863b-d8a3c19255ea"
"3666","5645b349-2b67-48cf-b290-bbb029e59dcf"
"3667","b21e2984-c6b2-4352-bbe8-8f3b03bd50f6"
"3668","e0cfe83a-17d7-4015-a427-bd3986f27b42"
"3669","3f0cc12d-9838-4f29-bbf2-2939952b15a3"
"3670","a6d728e6-d6ba-424c-ad92-d6831290faf0"
"3671","72246889-9655-4b21-b4ff-48cceae57d03"
"3672","bea8009d-7d73-4daf-bbe8-39870aa3cceb"
"3673","4d3f3068-9b6a-4f33-bfa5-a7b298bfd303"
"3674","53d45a18-6c15-4c50-821c-d116ae0611ec"
"3675","2806260f-6399-4add-8f11-070141423f9d"
"3676","4262ddf4-4985-4d23-ba82-f82a226b2bde"
"3677","1236128d-9bb4-4d94-bc1e-40fd14824280"
"3678","e7468bc3-9f25-4c78-9077-4fd118afa4a4"
"3679","01d80f57-3906-44e9-8592-fd1bd8a35808"
"3680","4ccf7d02-764c-4129-a1df-fa1dd2e12647"
"3681","576b305e-8c25-4546-8a69-87f975783114"
"3682","91abe492-18be-4cce-93c7-0dca07072363"
"3683","44b768da-1397-4ff8-b575-d71889a67b9d"
"3684","db9463b7-5c24-46d2-8419-002e03bae1dc"
"3685","a584a638-a2c0-4b3c-bdf3-a64f87225be9"
"3686","51317990-9672-4635-bd76-7882718af136"
"3687","0f850624-ae28-47c2-ab80-484290a96aea"
"3688","dfb76ee8-1e49-4371-b0ef-ea132d93aaca"
"3689","f12d412a-04e3-49a8-a4f6-2e32a67c12a2"
"3690","6055f185-3214-491e-975a-cfcc1756fe1d"
"3691","306ca6bc-bacd-434e-91d9-249a518ec71e"
"3692","ebd90bfe-ab0f-4155-a77c-3de9267b27a1"
"3693","5b0a8b4d-7c71-43b1-8e52-4c0cfacd7bbd"
"3694","c1b64266-c2a8-4a92-a2a0-812b972e5f4d"
"3695","7077b2af-9169-4499-bccb-1b4f96364163"
"3696","50597e96-9b6a-4736-ac79-dd80f36c0269"
"3697","840ea882-439c-4fa9-b219-edbe0607fe60"
"3698","c0c08d3e-3215-4197-ac64-00a4f7371d80"
"3699","a181e89d-44ae-40e7-8d37-177071237c74"
"3700","9cd87d80-9718-47e1-9ed4-cd85cbfebd0a"
"3701","0bc42cda-a6f0-4cac-9b34-7911faba0bd4"
"3702","b8b2a035-38f0-4c0e-94ee-edefc266c643"
"3703","4b164a27-849f-4be2-ae79-d26a4969b677"
"3704","b27411a8-c401-4241-841b-c742ae32a8d3"
"3705","4107d971-baf4-4118-a217-4025810d6256"
"3706","acfaffa2-9607-44fd-b014-19b817362089"
"3707","8a211052-4bec-49c2-9b4e-7914c37d21b4"
"3708","deed7f6d-328d-4f67-b74e-9b83180c1c5c"
"3709","e763b5c3-cfb3-48d2-9b83-fff97553ad95"
"3710","3d03c40c-1b83-4793-8902-2523f40af59e"
"3711","86f7126d-97fd-4da5-be96-d1cf6ecd54e6"
"3712","8369ede5-4200-4a44-be2e-bc60ef959259"
"3713","4cdbc76c-75d8-4e12-8653-4820c2d5446f"
"3714","1ca140f8-d8aa-4e02-8ddc-31cbf75dd7ae"
"3715","020918ef-4b55-47c1-8430-ab7b8f6a7377"
"3716","730ce01a-8f7f-4bfd-8799-ed7a8620b841"
"3717","3a6b6485-8775-44b9-aba8-0ae06a53ce2f"
"3718","7b969ac9-f085-4afb-a480-c5210fb4da7d"
"3719","cfbe1cdb-1738-45a1-b442-75cbda1fff06"
"3720","4064716d-6714-48ea-95a0-ef81c2b31672"
"3721","500ec9db-4ce6-4955-9f2a-706cf35e5fbd"
"3722","9be02d2d-9d45-400b-aa05-1e9aee7bd815"
"3723","5a70f4b8-0e70-4432-b052-6aa33345154f"
"3724","55116536-a3e0-4c32-818d-cc567fd3023e"
"3725","5eeac647-dc4b-496d-b109-c90b58006021"
"3726","ce4990a4-bf69-4f5f-becb-e4fd96da3a74"
"3727","564e86a6-0916-44e6-b3d6-d99bc0c1f194"
"3728","d2c81ad1-2439-43cf-9c63-204187b8f771"
"3729","2fffc0e3-3e79-4e85-8af4-c0ae327ce2f8"
"3730","16ac3d37-dd72-40c3-863d-dab1ded961be"
"3731","84bbad5b-6560-440a-89f0-0e61729e80a0"
"3732","a4d336a6-9ffd-402a-91cc-f359716ba4e0"
"3733","cf532795-a1fd-43bd-8407-6e43f877e6e3"
"3734","976455eb-5bbe-4493-ae64-ed16c3b009ea"
"3735","a06a0d41-10fa-4ba7-a988-e8b5eba966fb"
"3736","25df422a-bf0a-4f76-8631-d0be91cb8751"
"3737","52739347-5eaa-4c9e-8cde-af7d2ba83320"
"3738","78fef945-17e8-4d56-aab2-8625060ab3d3"
"3739","bbbd263e-affb-4ec8-84fb-3e5d9e62306b"
"3740","ce6242a1-a2d9-43e6-a481-ae89b9ec0460"
"3741","b9a57803-7f3d-42a7-a652-03c96de1d42f"
"3742","59a8086b-59b3-4e88-9341-21d7fb693b89"
"3743","bcadc519-00f4-43bc-9373-054f4ac717cb"
"3744","0aabcae7-71de-456e-8e38-d9e40a4e0272"
"3745","f4997eb0-5c30-4c7b-abc6-592b65038003"
"3746","cc3a2a2b-1aef-4370-a1af-5439597c6fc3"
"3747","c863e6a4-ddab-4314-bc9a-2f6b0aee143d"
"3748","6310b25d-2a2f-45d3-a632-c5fa0c2bf48c"
"3749","069dd599-cc57-451f-b7c4-b93d01faa2e8"
"3750","8f2a4d74-b16f-4023-8fc1-b8dc8b21ffb9"
"3751","b856655a-ee98-481f-a5a3-b0abc45f6ad5"
"3752","de8a922b-f688-498a-8198-6e530d65f882"
"3753","43965b8b-327f-425f-a370-75336f2e2a6f"
"3754","6a025696-1aae-4904-9bf3-342dadb634a9"
"3755","7aa52bdc-9c56-4341-be65-e8e30f64403f"
"3756","bb39a4c6-164f-40dd-ab6e-7ad018eefd4c"
"3757","d3b74d50-7fc9-4051-9335-58d129a4a064"
"3758","7e7f8ff0-16e8-43cb-a2db-6ffe86b13eb5"
"3759","c9445320-0cdf-4eb5-a680-b8ab4e6b89b9"
"3760","f83e61e0-cb73-4a6a-b266-c4be03fb30eb"
"3761","3ff9d956-3e26-40d1-ae0e-f5f247943042"
"3762","71475d96-7a21-447f-921a-67392e3702d2"
"3763","e08821b5-d6dd-4db9-a0f1-43185653c244"
"3764","6fce8d3f-a15f-4f26-943a-d200b32f6949"
"3765","6e1afa70-3055-4e71-8b56-628d77dcb3ed"
"3766","fc1a75bb-70e3-4005-881f-7709bf7b0ed4"
"3767","d89f5cee-649a-44bd-9aa9-8e74bbdbd50d"
"3768","62d34066-f07a-4437-914b-0548ba8bbe59"
"3769","0612b3e9-5515-4233-af5e-07191b03c4ba"
"3770","9e9d2dba-7022-40ab-a480-8fad0f89f920"
"3771","ee1d5734-89b8-4519-81f1-733a6b4f8df8"
"3772","23ac233d-84ad-4517-b0f5-8ca19ba2614e"
"3773","0d90f823-6f6a-44df-8ab0-1771300d9660"
"3774","942948af-0959-418b-966a-732762f88519"
"3775","7608e884-6f73-4205-a02a-ea7062a2337e"
"3776","83a7b66e-d55c-4820-bf5d-07f04caab38d"
"3777","5de0599a-8fca-4cdd-a72d-f5d21af8eeb3"
"3778","f7a4fb1d-d951-4c4c-8643-3212c0958f71"
"3779","5d204ec8-981b-4405-9a82-0b1cb21ca9d3"
"3780","920764e7-43c6-42c0-b2a6-2cbcc07fafc2"
"3781","3f5b2c0b-64ec-40e4-8661-55e12c0716a5"
"3782","a94ef591-d0c5-4097-98ff-6a7f50ea72e8"
"3783","70f89c90-0290-4fbb-a91a-d433a5f28b15"
"3784","2ada2f9d-77f7-4ba0-9096-89ae285a65c5"
"3785","2cb23f25-95ff-4349-ac8d-bc4a75c64120"
"3786","0aa44b22-2da9-4704-aea0-b6289bee0462"
"3787","49708c50-fa54-4384-be24-4ac1ff8dbf64"
"3788","10535df6-0496-4350-8b69-ef5c37871dee"
"3789","347b6a67-59ad-4408-bb9c-cfa502867e24"
"3790","787e449d-d635-46c1-a0d2-e4bd0b49dee0"
"3791","f2d873cb-d6c0-40cf-81de-8c5ccca5961f"
"3792","bda6846c-72b4-4d22-b3fb-01ebba562f4f"
"3793","285cac9e-dad3-4b7b-848f-9bd2860ae345"
"3794","c974b9e9-3a19-4706-9d0b-7ded148bdab7"
"3795","8c7707b3-cd9b-405a-b2e5-9df24172d4f9"
"3796","60025a41-0609-4629-b054-88d9ee2cffcf"
"3797","c16a14d7-55f2-4505-ae72-de7a9b3cd7e0"
"3798","e9d3081f-d1c9-4981-8dc3-617eab62de1c"
"3799","cc716f65-a0d0-4fba-95d9-64c358f697c0"
"3800","1c8a92d4-18b9-4279-898c-ad89233bb511"
"3801","1f2f1169-5e58-4320-ac82-bc6ffbb17693"
"3802","14addffe-fa1a-4679-b3f0-440cdf43c657"
"3803","8bdc520c-6293-4e99-bf6f-a44d5da3ebcb"
"3804","54932d77-2778-4866-b184-45b5e9ae5ae6"
"3805","757252bd-77d0-4a61-af7c-b500f1379d93"
"3806","c35b19ad-b06f-44e8-be9f-c20c68750346"
"3807","0c15aa34-6977-4da7-b1f0-2ba6a582ef1b"
"3808","188048ff-18bf-43c4-a1a0-7adb6e68f421"
"3809","3d69b305-4051-4c1d-ba1e-d8c5b35e22db"
"3810","3edfcb2b-2d0e-4673-87ce-f55c37eb5fca"
"3811","d4acc9e9-5302-4c55-8869-7c1882887690"
"3812","9ebae336-b0dc-4711-9aef-0aeb3504ba63"
"3813","3443f825-fe5b-4f7a-80c9-968130ed0297"
"3814","23845010-4c1e-41d3-94a3-940bcab65bce"
"3815","9a8043af-5b1c-4f16-9e00-39416b46f512"
"3816","e4a7d2be-9cdd-43c6-ab43-8060fe5ad5c8"
"3817","459f76d9-8534-4880-aa23-209179ea5080"
"3818","3dd3dfa7-51c0-40ef-af46-e2df300489f6"
"3819","e6d8fc29-3217-45e7-b36e-9abb6d39f5a9"
"3820","fb57d335-1e7c-4dac-bde6-29bd06c586b7"
"3821","fa01b6c3-82e0-43f1-af78-fd57f832e09a"
"3822","46a8c70b-3894-4ce5-887b-7df4f7456b36"
"3823","c09dce1b-e198-487e-b63f-934e10a4c181"
"3824","6aa0f78f-2d68-432b-ab08-e3f504571076"
"3825","7a9c3fa5-a9bb-46a0-8b5b-4d87427c8b76"
"3826","46406ae4-31b4-41d0-bd12-8a78588f431f"
"3827","9148c1e4-beae-433c-bd72-e4a009440744"
"3828","41be77d3-d683-4221-a0e4-fff732212402"
"3829","c291df22-0d6b-4cea-8feb-11c350a33081"
"3830","b275643a-530a-476f-8e50-c95b4fefce48"
"3831","f6100198-9398-4c31-9003-d976c37d5022"
"3832","0a74ff59-62a8-4942-9063-10fea819e19a"
"3833","2cc30e4e-2139-411a-9fa9-f0d616b64c57"
"3834","40005305-4541-4da7-9f76-abab74f0bc51"
"3835","f4471c04-3c13-4e42-a828-f1877841825d"
"3836","44f6a65f-6be7-4818-9a66-73908797283f"
"3837","b078d38c-7dd4-4efc-b333-7633d8bf6259"
"3838","5461dd07-62e9-429c-af24-15810a17c230"
"3839","c8cb1d0a-079c-4abd-bdf5-178993dee2d8"
"3840","9190d87f-9792-42e0-bb7f-64294a656bcd"
"3841","7a17d7ce-01a2-4746-bbcc-22ffe22fa16e"
"3842","cfcc2266-a578-4300-93ce-ce7860c7398c"
"3843","3767a7e2-2f0c-41fb-aa14-40af1e00d430"
"3844","a6eec30c-2f94-4d4e-91f0-bb87b61a8611"
"3845","2472a8c9-06f3-42f0-9c02-93e9ec00c507"
"3846","d483ae95-5f25-4601-ba97-113bbb7a31b0"
"3847","2c1683df-c037-4bdc-b008-3a8db0665cc8"
"3848","eafe89c8-0b80-4c50-86ea-4ceb9f9d57f9"
"3849","a022bb4b-6ee0-470a-829d-10ca30284edb"
"3850","41b64d51-7439-432d-9639-dc6422933c42"
"3851","6c6da46c-c939-488c-8055-006b11d4ed1a"
"3852","3cad3a73-8a5d-49f8-8151-f3260a10f479"
"3853","d10030a4-f49c-4125-8646-6b091efe5089"
"3854","ad2552dc-fa50-417f-8d05-493089242fd2"
"3855","d22f2f23-9dd5-4854-bada-0514ff6c51a9"
"3856","8a274547-f06d-4cf3-9f73-33fcec553892"
"3857","4f21fbb3-5b34-42b3-a6aa-46c24f1a2a83"
"3858","ccb5a740-1469-4be6-80e6-41574b749b6c"
"3859","df5bbca9-dd22-45a8-b87f-bf84fdc98096"
"3860","0b4c6885-eecd-48b5-b9da-c5c20a5f9550"
"3861","f4349677-549e-419a-8f8e-eb10bfe10720"
"3862","de7d8271-2410-4fab-bcb4-19e4d1965984"
"3863","b2fb9c46-cb25-42b9-9f04-ca1242f9402f"
"3864","d589970b-933d-4656-bcb6-a43b3cc67888"
"3865","62d227f1-3765-42f9-ab47-aaf8f7b423e8"
"3866","37ab8cef-8abf-43be-a71f-1e45aef610b8"
"3867","931bfed9-8ce6-4b79-ba95-416852d3e0d6"
"3868","6b4f794c-062e-4e05-863a-ae1bad44f395"
"3869","bedd8fa7-5a64-4134-9095-58f5709e25e4"
"3870","f6cb0d31-b245-4de6-b8dc-b5e11af3f017"
"3871","a727b46f-880a-4acb-9138-b7531b9d4121"
"3872","258d3de5-60fd-4336-aa7e-7700b64f5ed5"
"3873","8afe68ff-b261-4fa8-ab25-bb30b0e5c292"
"3874","ece81686-331c-4381-bf3f-5ea610d47a7f"
"3875","1b2ba534-a8de-42ff-83fc-55d7e6103d3a"
"3876","08a5f6dd-d3dd-4371-9919-6d730f34499c"
"3877","ef0c52b6-8225-4b65-ba83-5164d0528d1c"
"3878","f150e743-1313-48e5-9948-4179a3c7ad95"
"3879","6c252ea9-e7df-4f82-8035-7d7ee742ff0e"
"3880","9fc400ac-8ed2-4aff-915f-aa4f2609ec7b"
"3881","a59708e3-e654-4e37-8b8a-741c3b756eee"
"3882","4d6a1837-93df-4a81-b424-74e1a8ed2f03"
"3883","0e7f7009-6633-47a0-ab39-b04e9436daef"
"3884","c1b4aa1e-bc42-49e4-952a-0cbd45f1d57b"
"3885","29d4aaba-99f9-4733-bd74-ad558f2ae3a7"
"3886","577df4a9-804e-4b3e-9521-13ee0e3ad417"
"3887","4da171e5-779c-4983-a76f-91c16751e99f"
"3888","f597f772-24d3-4cec-813c-cf5a7027c794"
"3889","bc1a03da-e78c-4956-9dc2-0da70711df80"
"3890","badbd33c-3da8-43ae-a504-de388b988f4a"
"3891","a8da58c7-42fc-4fd6-b25a-b06b74c00179"
"3892","d0c425c6-e3de-465e-923d-d4d30ec4be9b"
"3893","0815979a-6506-47e2-951c-912414c98cbc"
"3894","d84ff2a1-aa27-44a8-8af0-317db8d3001b"
"3895","6825a7dd-c2da-40fa-b745-508ff20ee293"
"3896","608eb32b-276c-42a6-9be9-2d7bc33e9b3b"
"3897","fff0e2cd-d0bd-4b02-9daf-158b79d9688a"
"3898","b34be26f-fea9-4e58-90d1-3f8d2176a803"
"3899","37e5bf28-bb5a-478b-aa96-fce66cb742c3"
"3900","fde186df-c9c4-49f5-b2a5-d66adc7c43a5"
"3901","860be36a-d19b-4ba8-ae74-bc61b9f0bf63"
"3902","97bcbb41-c42b-4777-ab26-1f8f7dcfafd8"
"3903","23b97a3e-dfde-4627-9d97-114a9f3e4cd0"
"3904","ac3de76e-7197-4830-b8d2-c7ed3d51622c"
"3905","c8aae1f6-eab3-41a9-9e2f-f5bc0f8ef0bd"
"3906","5d00929a-7124-488a-91c1-324bd75bf8ba"
"3907","b61a2c7f-b56a-47c2-a2ef-dc89736167d7"
"3908","89602bfd-eba0-4989-bd1a-19398df22420"
"3909","691f970b-db3d-4658-aa07-5fc94baecd5d"
"3910","71152876-b629-4a99-b9ea-0f25a0d07e4e"
"3911","c842be42-81b3-40f2-904c-ea8790ac88bd"
"3912","5f2efbdf-08a2-49cd-9c06-bd284e4f0fbf"
"3913","87de6e49-ca1c-42a4-8751-5ff0b991966b"
"3914","5b1aecb9-17a6-46ae-8611-c742f11db2f9"
"3915","15e83051-b2dd-4231-a35f-60e1c6ad2fed"
"3916","2891f0dc-4426-4a9a-8fbb-db4fb0a66f91"
"3917","02058de6-4b98-449f-8a45-8588b0eb2446"
"3918","0ab03c6c-281b-48f4-83e0-10eeb27a1bae"
"3919","d78dedfc-21d2-45fd-ba05-e56b7a8865e6"
"3920","0bdf0aad-cde4-4885-a2a4-af3e28cc9557"
"3921","5dfcc46a-4fb1-453c-961b-5d41bf077433"
"3922","2052d546-c8ed-4595-a2e2-49247063372b"
"3923","e8b93f3e-fd7f-4eaf-af8b-3f510ec70fe3"
"3924","e40d5ab6-957c-414f-9a6f-5e4c6208420f"
"3925","2f216b61-b755-46a3-8c9f-289690358a26"
"3926","5ff6f551-f2a4-4cef-a72d-e81116155a43"
"3927","f0010b93-5552-45cb-ad26-168c8168f319"
"3928","75697ed4-c1a3-47dc-93e3-bb50f21aa2f6"
"3929","0b472dad-1a3f-456e-99ba-de5ffe8665c2"
"3930","07889c08-7220-47c8-96f7-6068fbea00dc"
"3931","76ef6ed3-1658-4a1a-9593-204d799c6d0c"
"3932","81d274bc-6dbf-4003-bcba-f76478d5d930"
"3933","263a0c64-ca94-4639-8c0f-465e153cd4fd"
"3934","f3baae75-145e-40dd-b5ff-b8fe40c5fcbd"
"3935","1ba3a076-6517-4dd9-b461-eb23ca25fbe9"
"3936","fce09eac-0b2d-4a50-bdcd-9dff4edfd9d0"
"3937","7b3717e4-e963-44e0-b94f-1088a7242da0"
"3938","eadf0f36-cba0-4e68-8458-c91bc60b494d"
"3939","8b3aefd2-5021-418f-b069-828fb7abc598"
"3940","d429b19a-132f-44d3-971b-bb0ccd94f979"
"3941","13d96098-2ff0-46b8-b326-b7c0e18cc1f1"
"3942","63e6742e-5ee7-4008-a17d-0b2079e7fae0"
"3943","c3102a5f-dafd-417c-8210-1eb779a05448"
"3944","6bed3a09-888b-4b85-b9f6-32b966154cf4"
"3945","5be3d306-6cf1-4b49-aa1d-01651dd4ba4c"
"3946","9973a5a2-7822-4161-99e9-95c781eb63f8"
"3947","4959697d-3a24-4f46-af0c-b752318e6c54"
"3948","3c3e3419-ef94-4984-9632-fb93a64bbf17"
"3949","8d202e22-85e9-47b1-a1e0-3296d17244cd"
"3950","0bd17766-8025-43b2-b22c-768f86d8bbeb"
"3951","1f1fe0e1-9fe1-4f7f-b40c-36a3a0b857cb"
"3952","744add42-681e-4cfb-8e43-af1d16794238"
"3953","e97f4e66-bb24-4727-b053-cadd23cfe29d"
"3954","0bf01698-0eaa-4892-ad67-7bcfea0bef92"
"3955","2e2e0231-b8d7-4819-be7b-8e453bf5f0f7"
"3956","6fa0f0de-5630-4a08-a042-a2e07de9208e"
"3957","71ae4f64-6505-4b6f-91b9-5acfa5721798"
"3958","2a8c1070-b7a6-4e4b-998a-21e885b6fb13"
"3959","4a112f96-72c1-47f3-aa61-4b34ea415701"
"3960","d5e39a53-4f54-4d5f-9df3-b49664c9559d"
"3961","0f69d0b1-b2a4-4e38-8281-cba49b718303"
"3962","1bd24c22-f065-4ef9-adf4-068f01581987"
"3963","b157439a-3b5f-4024-8b58-5b3b0182fb0e"
"3964","50ed4d18-60a8-4f14-a94c-73fd0d561c23"
"3965","6e19c179-3b5f-4c43-b6f5-16ce05b5e548"
"3966","e2858f53-a141-4cba-ad05-5b5a976b1d62"
"3967","e3c7bd87-edc1-4d9a-a3d5-36415de1aac6"
"3968","6a609f8f-1451-4102-ad2d-62c5270e1237"
"3969","5a234b3b-63b4-482f-b481-a1ff9d95bbf8"
"3970","cf310cff-0d28-4dbc-9dbb-cc500a3196c2"
"3971","9b04cd15-b9c4-442d-9bbb-32e1b2058dca"
"3972","aadf267e-08f0-4bf3-ae4a-f1670b8e9e5d"
"3973","c1e0de6d-ec3b-4323-92d4-d1c62df2064a"
"3974","5ab5301c-f32f-4688-91bb-adb92968187d"
"3975","634865e0-2ec2-4b7f-bb7f-c196637f0f7b"
"3976","f36fb0bd-21d5-4347-b484-69c735f4e700"
"3977","b0a3bb25-a02f-43ed-ab1f-994fa66a424a"
"3978","c9b6aa32-6c42-4903-8e5a-23e43edf03fc"
"3979","b16200f4-4f39-4b8b-aa9d-3568054d6bdb"
"3980","300d432b-f457-4cd3-9cb1-1858c7d14954"
"3981","43ec6db6-33f7-449b-a566-5779a7e8997a"
"3982","f5b33464-4df9-4cf3-b468-b0a2d6b3ee85"
"3983","10cade4f-df4d-4408-8924-5994976fc798"
"3984","b85af24f-68b3-4483-b980-67d3f414559a"
"3985","13afe9ee-803d-4de1-a8e0-bb529c959f9d"
"3986","f3316342-f9f3-4223-8901-e92dd1c59177"
"3987","541ce3bd-a6a0-4413-a020-0db81e299658"
"3988","00dd3271-077f-4a12-a958-e297fdd724ce"
"3989","32506cc6-7dff-4693-9bea-90c543b9c38a"
"3990","72812eb6-5a0f-48e8-815d-3d2a16b8e963"
"3991","f39336a8-8bf3-4a36-ac40-2f88836f5112"
"3992","b5b09dac-5b28-40a5-b671-5f9aa31f65d8"
"3993","cbeb1221-10ed-4676-a2a1-576718977001"
"3994","0a0532c2-ee60-4410-8e07-70e4d69370ec"
"3995","7c8a86b2-b0ae-4969-901a-5949d9974755"
"3996","68bb49f4-59b7-489e-8903-4aea01fb5fc3"
"3997","10f24e0d-bd23-4432-b96b-e9f23136c503"
"3998","af529b5d-a055-4dfa-a386-1b1c1c8670e3"
"3999","9c203a4b-406e-487c-a27a-6ac99253e8fc"
"4000","0cb013af-6dd9-4fb2-b34e-63dda1a5cf82"
"4001","b2b8ec41-d6d1-470d-9e78-4eee515aaa3d"
"4002","1619f337-77d4-401c-a090-277a7b7253fb"
"4003","6a50499d-70cc-4fa7-9895-682302d08f16"
"4004","75d2ac62-700a-41d1-b920-5cd7aaa78553"
"4005","c96ab6ac-cf85-4c91-86b5-7ac5bb14eb28"
"4006","4e6bf27c-e5eb-4653-80cf-63295f731cb1"
"4007","9318894b-206c-45fb-91f4-36bce8715481"
"4008","8e74635a-abf2-4c5a-a6b2-7d00827573d4"
"4009","db99d662-4230-49b3-a9e9-b0043a70c3c3"
"4010","254d5358-8e20-450c-9fed-28ceff0479ef"
"4011","a9b68e58-766a-403d-b5fe-955b57bdad1b"
"4012","76d7fa6c-b410-475b-b62a-c7a55b5bede4"
"4013","978a76ca-0d14-43b5-a69d-1996dfeb22de"
"4014","d300a8db-f353-4acb-aa6e-9dc757daf1bf"
"4015","081c58df-0ce8-4fc0-a031-14481c80f32a"
"4016","ffe198e3-3f51-40c1-8d43-6e559bb98c8d"
"4017","28cb374e-6261-4133-8371-f9a5470145da"
"4018","621c6430-46ba-4793-a1b8-a2d30cb816ba"
"4019","425e1982-4fd0-4b6d-9644-ab20b933f3ed"
"4020","b46b3e55-4a2b-4cb1-977f-87ce3cc2db2c"
"4021","97fb21db-a4e5-4b03-af21-03b9d510d872"
"4022","8853dc46-e29e-4c6e-ab9c-f2553f7b2b8f"
"4023","8cb74cda-060e-4a86-b763-92527caa029c"
"4024","f0cfc5d3-5d39-433e-b652-0ac274703495"
"4025","949fe489-274a-4ce5-8c00-334b46b144e3"
"4026","bb75528c-a953-459e-bd48-f90a8a7a0cf3"
"4027","a6dcd5bd-d498-4469-96c9-cbc46e8efd04"
"4028","d2fd219f-5cb1-4f67-8db5-be6c5fc865c7"
"4029","f9aa7826-8572-4cd0-8fbf-932b3e79e78a"
"4030","7c632656-361e-4db1-8d69-b9f85d6be0d0"
"4031","69c865d1-39d6-48ae-b33f-75a7e9cc1811"
"4032","f5750c05-7b15-4e0b-8591-f9a1bb95aaac"
"4033","3563cd80-cea7-4410-b049-7dd6ad7b7074"
"4034","69ab1f34-a861-49ab-96bb-1f235002d3f1"
"4035","2a422611-4172-421b-a5f1-6ec9eb8f9f28"
"4036","8d17898e-cd9c-444d-b084-8708a5447747"
"4037","6b324e60-ccc3-44c2-adc7-c12cc84c9fa7"
"4038","607e4018-3144-43c3-832a-6da339f1d1ef"
"4039","72aed9bf-33ba-474d-a02e-5ae3de2d5e05"
"4040","5800167a-677a-4311-b2ad-66d4773961c6"
"4041","2b34764d-637c-48f5-aa70-31e15c965db6"
"4042","e8fd5bfe-e4fe-417f-bceb-270a0e6657f4"
"4043","5e127fef-cc93-4e34-a924-680a18035fc5"
"4044","8b09c290-c941-4119-870f-bdafbd78c669"
"4045","14b4a40e-da80-452a-86d6-88a959052219"
"4046","05d529f7-a76a-4d45-b681-5e03eb505845"
"4047","430c57a4-72d0-498f-8895-8f7a6c489cea"
"4048","2f6e5619-2478-475f-a414-ec05c2b72795"
"4049","d8045ecd-22f3-4711-bb51-58969d9f28c7"
"4050","42c25baf-ccb3-47d9-a872-bb2ceb615538"
"4051","98221b4f-1f4f-435f-b895-eeb7d4c6561c"
"4052","7c5b66c6-36a1-4e03-bb57-64e8688b8f58"
"4053","11dc8e6b-dffa-42e4-9de1-c47293a848ff"
"4054","1864d4a3-eb9c-44f2-84f3-77137db21aeb"
"4055","5e4d9af1-9c71-4c60-bc76-8549bcef7968"
"4056","c6c37f68-190e-4482-905c-93007a64ed61"
"4057","0256f6b0-f4a9-4c5e-9cfd-96d58a2a70fe"
"4058","3007c147-5c93-47a8-be0a-378a040c9fa9"
"4059","b4cea126-86f6-45dd-b4d8-bd9f2291e07f"
"4060","ef0527db-0442-4f05-a150-533b410e1cc1"
"4061","6836894b-dc14-4ed2-937b-4dd9dbf81e51"
"4062","4b8670a1-f3cd-4c1d-bd1e-8b9a0e1c2b9a"
"4063","62fe2ec2-3a70-48cc-b806-ebfdb89d6c33"
"4064","7369f779-4b71-4aab-8836-48b69c676eec"
"4065","8a7a0d46-d88a-4ab0-bfa4-d861a82bab3c"
"4066","02b6350e-433a-42b1-b620-92fc53b9a14d"
"4067","cb1a2fbf-242d-4a4e-a466-588378f124c1"
"4068","f9032d23-4b04-4cbb-8152-2cafc2d394d2"
"4069","f774cc69-f0cf-4767-bf13-9b16dc7f7c07"
"4070","8682024b-2c8b-4de4-8cd7-23ea6169da57"
"4071","a723adc4-3eaa-4c28-ae75-8f6282655883"
"4072","b8daa5f3-fc11-46db-a0aa-59d026a95bc6"
"4073","ab0deac2-b872-45c8-ad65-657938d2fe79"
"4074","f30a7ea4-77dd-452c-8a2d-b06c12606a7f"
"4075","e8bae3fe-6d8d-457e-a20b-6f8eea4d5402"
"4076","03500955-88a6-4c3d-a8c0-7594409dcff0"
"4077","50deacaa-7789-407d-afc0-b217a39fc7a8"
"4078","7594068e-1a9d-4d39-b6f8-aa10f9792d2d"
"4079","74dc2276-263f-4d84-b354-547b9ccbcf4c"
"4080","af1df253-5103-46d7-a757-b17bf5a4e581"
"4081","9436db78-4331-495b-a97d-223fd246de2f"
"4082","15b43942-baaa-4014-9766-e26d5954ccb0"
"4083","9227d524-d1fa-470b-975f-13a83bdd22d9"
"4084","895564f3-951b-4e89-b136-72f5bc7988bb"
"4085","30d926ba-1615-417c-a799-e24a3ea239b9"
"4086","440d7494-3d79-4e1f-83ba-b346e116b471"
"4087","988f696e-01c9-4aa5-b024-4aa96505ee0c"
"4088","2fcd95a4-1f9a-41cf-95a9-4701bde476b4"
"4089","f2f9934c-b462-43e1-9172-432cf1904c8c"
"4090","f9a6f35b-01a7-40c9-8b61-b6ee46f97272"
"4091","204cd81a-b1f0-467c-8c5c-17e723eb62fd"
"4092","726abd5a-d23c-44b9-abb0-f22bbe95f1d3"
"4093","4e5687e3-3d3a-4f5e-b76a-93da0124d453"
"4094","2d140a3a-45a6-4248-80dd-b3760ebc9cc6"
"4095","3807585e-a35a-4b84-8498-70a63295609a"
"4096","91a36728-ce00-4293-bdac-4e24eced9c86"
"4097","12c82224-6394-4c3c-9831-2a8198ed1274"
"4098","a670abe2-c4a2-49a6-996c-760562aeb43d"
"4099","a2f40faa-f101-414c-9258-1b91fb564f10"
"4100","08deb446-76f3-4fa2-bd01-dd368c66880d"
"4101","18edb12e-4f41-4ae0-8085-7513236580c8"
"4102","f8bd915e-8424-469f-bab8-e64fc2e4c2dd"
"4103","ac42ad10-4399-4730-a097-04dfb605aace"
"4104","38dbdfc4-427e-4fc8-b394-b00ec29dbe3a"
"4105","3cfa46e9-b7da-44ac-b09e-9596dffe0425"
"4106","3369d4f5-bfa7-47dc-b61f-e74d0d91bf74"
"4107","798d427e-51b3-4cd4-8b24-1357015e9ae7"
"4108","0f0698e7-04e4-4bf7-9af2-e3191147525a"
"4109","bf4b6b71-3025-4129-babc-0e275804e058"
"4110","e66cd71d-371c-4f82-8bce-b220b8c2d6ea"
"4111","3912401a-cccf-4995-9f5b-76302b26fff4"
"4112","8485ef31-f707-4452-a6ec-9dbf3837611f"
"4113","8764d4b1-e069-44f2-8baa-fb1eee1850ec"
"4114","de9f85ba-e77f-48fd-8c66-f5ebaf32d655"
"4115","70de94f5-9575-4edd-bca7-c797b023b9d6"
"4116","1496ae24-9ccb-4470-8ed0-5b7b64253b35"
"4117","9f1bd2a4-91af-4b60-aeb3-0fe1f4434966"
"4118","8d1dc94c-d8e1-4ce6-92d5-a17ec0543dc9"
"4119","c609c7cf-ec3f-42df-9147-3ea012e31b66"
"4120","210827e3-3129-45a2-8683-70399f3f561f"
"4121","74fc4291-203e-4082-9f22-8499f584861c"
"4122","37f621a7-8346-472a-b6fd-a226751a27d8"
"4123","186da517-9a3e-41cd-9158-4001e3694459"
"4124","3a5231a0-8c30-48ee-b671-08e2debd4441"
"4125","79f24a62-7718-46e1-9b41-37be0560a5ca"
"4126","c4272323-cce6-4535-ac71-4f6841f4f89a"
"4127","fd265b91-d214-4298-bb94-21dcf2966ec2"
"4128","829e07c7-d7d8-4cdf-8c67-3953e7490e42"
"4129","a2adddad-2889-460c-a111-e3a2001ae785"
"4130","3e04e39d-9eb6-4167-ad2d-e3413f647e4e"
"4131","c58050e1-0774-4097-93d2-07dd7ba6a27a"
"4132","06bf62ec-3316-49b7-989f-a47fe61f8987"
"4133","bf05da8d-772a-4423-adb2-df79672f46f7"
"4134","4b8269fa-20e2-4d6c-90da-2e5f633c6326"
"4135","01755f08-4df4-4cf0-8d22-08f94cad68b5"
"4136","b661befa-db9b-46d7-b89d-95a8c394f82f"
"4137","54e60889-c5cc-435f-8d6d-7aefb67e993a"
"4138","2e046d83-a38a-453c-a26d-64114ed2e036"
"4139","77a11321-754a-41de-b9e4-80d747f528db"
"4140","c3687b34-fe53-4db2-ad1b-5055a6c5b6fd"
"4141","f405e179-f6bb-4c19-92f3-023a7254382c"
"4142","1a2c6b6e-4878-493b-96a3-876e89259230"
"4143","05bc7677-5a64-4e0c-ade3-0140348d4125"
"4144","c7a989eb-a8dc-4ecb-9944-3bbac9088c3c"
"4145","9b6a88df-d64d-4c06-ad01-dc23dc92632d"
"4146","c44d8c88-8a21-4a39-8585-fc7cfc49180c"
"4147","967b9b7d-2e12-4a47-b747-5cee472bed92"
"4148","2fcb2f35-b6ee-4e58-8975-08e74a93926b"
"4149","2ae4ae1a-367e-47e0-a0cc-6777be3e58d0"
"4150","3ecff5db-ded6-4263-9db5-6601090ba299"
"4151","435efc22-0dcb-487c-b9c4-d4860b6d4c52"
"4152","382ed835-8958-4d86-8471-cff55c6df3e7"
"4153","76f4dac8-9cf6-4f07-9cfc-e350e50fb39e"
"4154","f8d2571d-1918-45ab-8e10-0c3830c1e77e"
"4155","1c34d5c8-68d9-4cb2-9a38-5ca95652bf86"
"4156","14c9635f-1afe-41a1-997e-7b406751e033"
"4157","18f36e41-209a-4691-8381-e830eddbaae1"
"4158","4ac4f99c-bf5d-48e5-a358-c507876faeeb"
"4159","4cb4178d-077a-42f0-9b09-b09b14c28756"
"4160","b5b00d74-1425-4dd5-b2d3-f45fb8ef1410"
"4161","30ba7d0f-f410-4ec8-8f0d-89619f774539"
"4162","190be8c6-69a6-4aff-8320-473aee68d4c8"
"4163","2ed78f04-8282-40ab-89a6-9392fde00826"
"4164","da802060-ddcf-499d-ba4e-d04c5804e84d"
"4165","63d91373-3140-4e63-a2fa-f0a2937eef57"
"4166","09529105-30ab-4b92-b394-18a8607a57c8"
"4167","f40c7c6f-92c6-4c60-a21b-a837904d14c2"
"4168","05515233-5b76-481e-af0c-369142c2f86b"
"4169","71f05755-74f0-4638-89fc-c14b3887a7cc"
"4170","63f0aa84-5e4c-4eb6-8e8c-876d9feedf1f"
"4171","6f8baa62-bc2b-4cc1-942b-f540c837cfa2"
"4172","936bac96-56cf-4a5a-a693-3cf69715c06e"
"4173","32274070-ea59-427b-b8f6-af508077708c"
"4174","6b9194f0-f8bb-4b9a-96a5-2203c9c2671b"
"4175","1de548e0-9535-4d2e-9d20-d4474c1ea813"
"4176","83b33952-3872-46ec-9a2e-b28f91303a7e"
"4177","9cec826f-7f63-454d-8ab8-a88444a01cef"
"4178","ca226595-beda-406b-a0ac-c65c40784ca4"
"4179","40f27736-0d98-4446-8234-11646e4f4bc3"
"4180","4b905e0b-6323-49fb-aca2-e1bf8c3d5a81"
"4181","555ee719-4bc2-49c9-82b2-c2c01bfe3637"
"4182","5b9a2f49-0510-46d9-a2f6-5c74129088bb"
"4183","277f489c-7a47-4791-bd87-61ca01737f96"
"4184","5d34adde-0b78-42b4-9d3d-69e9388d8398"
"4185","7a6f50a7-d876-461a-8336-f85a01af4c5f"
"4186","0a30a7df-750a-4df3-9a70-f537c5d14277"
"4187","e2028206-3060-4e81-8350-77baefabefde"
"4188","1ce4cddd-4a74-458e-a2d4-152ca939475a"
"4189","7b663720-0834-4291-bad3-96b4e48f80a1"
"4190","57d4d1f4-28b2-4a38-b7a9-a80626e99afc"
"4191","9e406af9-6561-43ef-9138-e5befeefd856"
"4192","bd2f7603-5e58-4d71-8f13-44c632782b02"
"4193","b8ac179c-4a29-4467-9177-031daf1321d6"
"4194","518339db-bdfb-4d12-8d76-c065a7ca4364"
"4195","a3b513bc-8851-4496-afcc-ad5dac33abe7"
"4196","8671290a-ab17-42c2-9114-adcb741e7257"
"4197","330772b3-288c-41b9-a5f3-157f71bc938d"
"4198","c5a80bb0-31e6-4de0-868c-00a0f9b88b47"
"4199","4f012a77-a344-467f-9f54-70f48e090095"
"4200","608a5d9d-0007-4797-bd51-361e3aa51a48"
"4201","0ebcef42-ad74-438d-b435-87fd734b4d72"
"4202","c016e901-79b8-45b5-a51a-86735e684a91"
"4203","656ae836-2075-459f-8967-03706d4ac2bb"
"4204","afd63e8c-a4e7-42d3-86c9-3b2dd549a353"
"4205","54c8490d-067a-40f1-96ca-4960a30d6eb5"
"4206","f264ce55-d1bf-4be5-9c25-08f9c14ed5e0"
"4207","0afb2715-a6ee-4ad9-ac8a-fb904dd99b61"
"4208","4be3c34e-47ba-4881-ac74-8bd244e0b04c"
"4209","bf2be07f-2290-4d5d-84ec-fbcf3b1001d1"
"4210","6c7e5e01-a372-4674-aa7c-589eb9e9448a"
"4211","76437256-e318-4b8b-af67-32bdae072b17"
"4212","13666d7d-41a8-42b6-80ba-34ea6a64667f"
"4213","da40ce72-a158-4116-84d2-01d4924e0667"
"4214","e8b89eb6-51e8-4c3a-babb-88b2e110376b"
"4215","daaa5a52-1a02-4965-b7e0-d88bbfa79620"
"4216","b54545e6-637c-43a2-8ab2-9efd5f9e2d38"
"4217","78d5f0a2-53ac-421e-b415-573a88557a21"
"4218","c52d4012-4a97-436c-a452-b76c26ae423c"
"4219","b2273cd7-3249-42b3-bc23-8f228b73f84d"
"4220","db8a9ba7-96ad-4c53-b552-d4f1570dfefb"
"4221","2b1ce548-4e16-45fb-bfb2-f3141c8efe8d"
"4222","79fc83a3-9c76-4e21-b766-2e9c0f8d31eb"
"4223","e95dc989-ae49-49c6-bfc4-9aef35e92f35"
"4224","a117f32c-662b-4dd9-b739-1230dd04cb60"
"4225","92b3842f-5b25-48a3-9ff4-b78a7cb55b4e"
"4226","de586dcf-d7e5-4340-bf5b-d59026f1b436"
"4227","4c72749b-c2c8-47b6-8330-5ebb22862314"
"4228","aaa84f7f-4006-4d9b-81e0-e8eeacdde025"
"4229","da896663-08b3-409d-aa3d-31f39a8e8d2b"
"4230","a3629b49-ef78-49ce-8538-033772d6e6ca"
"4231","395ace35-e463-4dc7-8181-c2dd43885107"
"4232","1e3222fa-724d-41f0-9b0a-e88d1003cd35"
"4233","96585aab-fab8-4657-95c1-cafaa26f26f8"
"4234","e717b036-2c0c-4c11-99e9-0cb4ce084fed"
"4235","e61cf429-2382-4073-99b3-693126eb80d2"
"4236","a6aa15be-1d6b-4361-9eaf-bb6be5eb6f10"
"4237","1c218559-82fd-45f9-b2db-1734321b3edc"
"4238","5b3df9ff-3277-4f23-8bd5-374d74f608c5"
"4239","f8d30e1d-baa7-4d35-b9f4-df7e1650396e"
"4240","cf3e976d-2c3e-495c-a874-f9e8a66d3b48"
"4241","1a2cca81-480c-43ad-b183-923827f2fc0b"
"4242","2057cf5f-4aa7-4094-bbf0-819777405eb7"
"4243","27ed854c-15b8-4ba2-90e9-ae888a219703"
"4244","0839eea4-c57b-4c14-b19b-923fbedb5d88"
"4245","b8e0e484-955f-4396-b9b4-aaadde86017f"
"4246","50f8b1de-747c-4967-9732-3db89c365261"
"4247","cedd0710-62ae-4ff4-89ae-ac52375f86ec"
"4248","4f1b6304-f54a-42f0-9604-5427a28d240f"
"4249","ab986bc4-df92-4351-9ac1-aa75af943cf7"
"4250","3cc54d4c-294c-4672-81e6-f73116a11935"
"4251","7d35b31e-a1b2-4f4e-98f1-6f93081aa0f5"
"4252","906ef09c-959c-42de-8c65-6e11c73c3570"
"4253","ce592b28-4467-4908-b2e6-64bbe18da631"
"4254","c5b90c0c-3af0-4c8c-a06c-cc3ced02242c"
"4255","91306a20-9b81-4f3d-97eb-f5368b607da7"
"4256","31c83903-8fc8-4bd8-9ca4-7a98a9c31eae"
"4257","2b92a5b2-6758-4ee3-9fb4-b6387a55cc8f"
"4258","50b100ea-74fd-4706-99db-3e4ca55e51b8"
"4259","4216e465-7baa-4884-a241-54b197bb9278"
"4260","9da22795-4383-4bea-9ac5-e80fdf16ece5"
"4261","fe490139-ccc4-4b82-ab55-5c6708cb0e30"
"4262","8fced680-a4e4-4ecc-9999-3061ddc3583e"
"4263","972465ce-3f6a-45c2-9a79-98b9ce97bdd2"
"4264","98def55f-bb18-40af-9169-4da208e1f4de"
"4265","ed8fb417-50ba-4d3c-8525-1a7aef389d82"
"4266","6d4e180e-019f-417c-b6a6-69175c1f76d3"
"4267","7d874411-d555-4320-8356-6f7715c15ef5"
"4268","3e2ab38a-4519-4bef-b762-a8bf4836a775"
"4269","89a717d5-b30c-4b15-982b-415e54c54edd"
"4270","7e305865-5b6d-4225-a4f7-ee5c10aaa134"
"4271","f22cfa92-9336-4205-a691-4d5290701463"
"4272","ffa1d58b-ba09-49bd-a982-e743b2237006"
"4273","3f82a026-8a37-4b54-9ebb-7702b66eeb24"
"4274","85f73cdf-fb6f-434d-8fff-fcd723834a90"
"4275","946c1229-1171-40d4-82cc-fe3f483ca100"
"4276","511025b5-8f29-402b-9d90-49a874eb6ac3"
"4277","1f20a6f9-7f2e-42cb-8ff5-7f11a603a3f8"
"4278","5889c7dd-d33d-4cda-93d6-84b61577cc98"
"4279","cbe6e2a5-f7bc-4162-9803-fcb9ecd86052"
"4280","b71fc6e4-14eb-488b-9f26-a7c15fd6d6e8"
"4281","6561f116-70de-47d8-80b8-f0e2a1d2cf11"
"4282","2931aea3-136e-4344-8fe1-c8f57f950246"
"4283","b10c9a92-d6ff-40bc-ac64-4705949a2ac7"
"4284","30d3a303-158b-483c-b74d-de2bf7269c6e"
"4285","550f0643-9756-4b27-a18a-aa04bb823e3f"
"4286","71135818-ecb6-4c21-bb8e-ce502162e33a"
"4287","c3404999-faaa-4779-9cbf-e594b9c4d3b6"
"4288","ef258352-7226-4eb8-a943-4be6eaa5ec00"
"4289","a21fe959-69de-400b-b77c-5e59e389046f"
"4290","114a5cda-0ef1-4065-a064-755260aaa77e"
"4291","28a0fe16-4e03-4d5e-8f0e-5198309e77a9"
"4292","21331900-9d2a-4806-9a0c-a1885e16dc3d"
"4293","2a910a87-2253-404c-b75d-05af9b3363e3"
"4294","79fff3ee-a40f-4487-881c-4735938de75e"
"4295","0c5d2db1-6b19-4620-950a-b31a13b936d9"
"4296","c0f41108-bbcb-48a1-8255-62201a4b1bc6"
"4297","41be6ab9-1cf9-43af-8c63-b6664b921dd5"
"4298","1d4975d3-3278-4a35-ab2f-92215876ae73"
"4299","777339f8-fe81-41af-b945-6c4922031119"
"4300","f4a85869-1855-45d5-a43c-7ee8cd451996"
"4301","744442ac-c157-4350-8be0-ce454df4f5c5"
"4302","0fdc32f8-d7f4-48c3-895a-5aefc23a44b4"
"4303","91ba97f5-7518-4638-b2d2-308996db3cf8"
"4304","2c70a5c0-0f8b-4c33-bdd5-34cd93095242"
"4305","70159320-b7f9-4d3e-9f00-99e0adf3f77e"
"4306","4c1fcf22-65d6-40da-8b96-8c576c2ff068"
"4307","a2bd1707-d1b8-47f6-a720-bc2002000982"
"4308","3e5fe3b1-185f-4aad-b673-6a95fa4b19ca"
"4309","79e64cc4-75f2-4b92-b579-fb127ca17091"
"4310","17c4385f-ee2d-4105-b0a1-32dded6987a2"
"4311","0b917c3e-e49f-40d9-8f95-3bc8e9c06fd2"
"4312","3012a059-e062-4171-b37e-f9e7c7eb603e"
"4313","8a4e99e0-f259-4931-888f-604cfdc15b31"
"4314","79aa4ec0-399d-432e-aae8-7a390ce89bcc"
"4315","19da5526-0a6f-4dbb-9d73-2509912271ff"
"4316","e97733e8-5bf1-4c21-93c4-8bebbdabc394"
"4317","fe39d4db-4cb5-4299-bb9f-896c8fd6ab13"
"4318","8c855071-e09d-4f08-9af9-bdc9de6d909e"
"4319","60ff3eac-7d4d-4e51-87b8-74c3b5d62498"
"4320","f015c5d5-6a1c-4f63-9012-a05f4f34105e"
"4321","e53c1103-5d13-45f9-86d8-0b291a3eaa10"
"4322","5f1cfde7-344e-4e55-9190-627e82778673"
"4323","c0fc7d2d-d013-40d7-bc58-75cf3771153f"
"4324","9142eba6-0abe-4d6f-9b8b-5a88f4ff6a8d"
"4325","4a44a44d-4a9f-4045-ac40-800aa78a6065"
"4326","0b144726-21c2-46ed-8d13-c03d27f61604"
"4327","102bab2f-6d11-43e0-afa8-d50c6b94e4b4"
"4328","ff82aa43-aef7-40fe-9d0e-2426e95b4417"
"4329","9646b1e4-7440-4f78-b025-8f3df225ea1d"
"4330","5f7c6321-25d2-4c5a-83ea-0e68da0ecb85"
"4331","7c3865d1-e5a9-4043-a7a4-2e9e30468c0b"
"4332","b1d7660b-0f5e-4ff6-819e-2b64e35bb7a7"
"4333","062320e5-79d1-45e8-8b7e-5deeb53279a2"
"4334","023e4b09-a193-4c2b-9009-f7dc9326a19b"
"4335","a983df1f-7192-4ba4-9b75-944b9614ed89"
"4336","cc62c334-f5f6-492a-87ab-02a13122bd44"
"4337","30a4d870-d6fc-4b78-80d5-5741322cc44d"
"4338","3be9e2fe-d793-4f35-91ed-61fbc55ae7db"
"4339","76731933-dad3-4053-aba3-d3ed6160b580"
"4340","3cb69f14-c297-474a-8950-5e7af4da0049"
"4341","8ff67760-40b6-43fe-a6c5-6f1949fd0f0a"
"4342","a46b6220-7313-4b3b-9bdb-cca897aff546"
"4343","0c0a8629-97b7-412f-ad91-be97d80205af"
"4344","9e9a4209-c7cf-4f6e-973e-dc2ffadccc74"
"4345","d15ba5cb-9212-4a90-85af-2c560da59925"
"4346","371d57e6-cc5f-4fc0-9c0c-58feb595cc5b"
"4347","cd5efa8c-e44d-4cbc-91c6-796018dbed68"
"4348","e77cbe19-1830-4c24-b43e-38767929e75a"
"4349","7edc05fe-378b-4c9e-bbb2-e5a29c5a845f"
"4350","d83cba15-8511-4d07-b89a-9fde0d1d8241"
"4351","3a1c546d-914a-46e4-a7c1-47d43646fedd"
"4352","80a8eafd-8827-4e63-93f5-8ab91550a75d"
"4353","60358919-aa4c-4fc4-b687-14597dbbc752"
"4354","d4b14482-e5c2-48a2-a3f6-f4ba37a6e588"
"4355","3a48fc82-f199-45eb-81d8-4ae250505009"
"4356","f5dd06b8-5d17-4932-9d03-957d0c4f5051"
"4357","1dd23dba-dd00-45ab-abf4-642902538317"
"4358","923dc3f7-5e76-4159-a736-402be592fbfe"
"4359","faf2d093-d95a-471a-9d6b-3fc6951498f0"
"4360","b5a1fc87-c9f2-41f4-a1ae-28e023715592"
"4361","c902a799-6b8a-4dca-87dd-be0b9b0c9c7c"
"4362","4fabca9a-7435-4f33-b1da-3cdb00340fdc"
"4363","78bac337-ed76-45b6-bd7f-621841c997c4"
"4364","a7774bdc-de0f-423e-b527-ef1409fbee6a"
"4365","2f4e1ff6-1191-4fd8-b1bf-043af19cec65"
"4366","ebfe7b18-1fad-463f-9509-8ef1a5736045"
"4367","2c632ab6-5548-4af1-a026-92d655201156"
"4368","45304537-c7d5-447e-b670-1a68945e3eb2"
"4369","69b393eb-0695-4e49-956a-b8b953338674"
"4370","ec66a2f9-db12-4eec-936a-47632bfdccfb"
"4371","ff25cbf0-6978-4c4c-887e-d4b185410d74"
"4372","5cd76739-b8c7-45d1-a950-082dee2d6778"
"4373","835a88b8-3a49-47b2-8a86-6d58cf42757c"
"4374","16594fea-3004-4730-838f-e35a432b49da"
"4375","15e87c59-dd3f-4b72-a404-367cb0047eae"
"4376","66fb6368-a67e-4676-8362-3969d4784fad"
"4377","86945516-619a-456e-b0d0-2fb31d927992"
"4378","91300a14-24c6-4b1f-b827-909d992f8d1d"
"4379","5b394ba8-5d40-40d9-b771-5df6ea9ac436"
"4380","465ff64a-1271-4064-8ed1-e969cb68d8b4"
"4381","f83cc89f-30a3-4674-a4ce-a1be2a3c0bd2"
"4382","aec8ca21-4a5c-4ca6-ab60-939580010d39"
"4383","000bb1e4-89f0-4b86-be05-05ece3641724"
"4384","55b656ad-ee08-443a-924d-a2608439df92"
"4385","a51adea8-bf02-488a-a0d8-b0961caca5b0"
"4386","bbc84808-9e85-4bde-acd7-5ce408aa2ba9"
"4387","46a227b3-6d97-4611-b9ae-09410aaa3d70"
"4388","fe358ce4-bbe7-45d8-94e6-11a86a75dfab"
"4389","abeaad8b-649c-4215-aacd-bc7524a0e368"
"4390","cbaa2139-7789-4e7f-a58b-4946d455d390"
"4391","0646be77-a425-40da-8577-f77d1198c67f"
"4392","5e13af88-67d3-46ed-af58-8a7b8ebe7b1f"
"4393","d055b839-911d-4c93-aab1-09baba13af92"
"4394","5ce80f97-b385-4a41-9339-a6593d0709c1"
"4395","ad151716-22e2-4519-9021-de1d5d350574"
"4396","b8b5d6aa-6c28-4e06-a98b-8a8a4c245a8c"
"4397","18508acd-a561-4d3a-bc93-9261021edc10"
"4398","2db2667c-bbaf-4e30-8640-c9a647bd2512"
"4399","e08d5950-f694-450e-90ae-088001dad5e9"
"4400","e80f9e50-71ff-4bb7-8b7d-eb232685d17f"
"4401","8bcf4ef0-edda-4f6a-a1ce-7defb1d324d6"
"4402","2afefe51-4dcf-4314-a014-7c0477ee7372"
"4403","34016949-da9c-4107-98e3-1080ae405e27"
"4404","401eb8d8-6daa-4f8b-90ad-60afc71eb4f8"
"4405","8168333b-8257-48f6-82c5-6b5128c21ecc"
"4406","66ea3249-a079-45ad-b4f2-e6a79b59f10f"
"4407","14db3283-8b66-4649-9192-41defda9c33e"
"4408","67cacb56-17df-4e4e-8039-55f659ac59a7"
"4409","88b406d0-72e2-4087-be19-d5992d259473"
"4410","0d11711b-870f-4701-be93-fa175b6e4002"
"4411","9d75efb9-0c77-4f86-b5e7-99100808564a"
"4412","5b6abc4b-0cfe-4178-845d-479da3d2d699"
"4413","5fb523ab-25e9-43a7-a853-c785db50f6cc"
"4414","ad536e6e-7333-4d86-bea6-130ca4ed9ee3"
"4415","520ff013-d72c-44c7-b1c0-a97bbadfce76"
"4416","429c6dba-ddf1-43b4-93de-091cbe1b2ef4"
"4417","acbb31e0-7cfb-4987-a9a7-4df119e0b83b"
"4418","34396520-b785-42dc-afe0-f74d7aa9f793"
"4419","a1c72d66-3671-4a8e-840d-e8b28e237b6f"
"4420","0aa38c07-644b-4f81-8014-924ea3cc8dc5"
"4421","89423614-b96a-44f5-9e63-1501549d8f31"
"4422","94bbdb2d-b70e-4e42-8977-f4627b42a0a6"
"4423","16b1f191-eafd-4821-a08a-9f0cc4e5a71a"
"4424","7b1ab171-caed-4561-89e4-b214396b1ae8"
"4425","82a63a4a-b43b-420c-aa5f-92e6a85368fb"
"4426","b7cd09b7-58d8-4f2e-87de-613ae629f270"
"4427","60c544c9-0815-479c-bcec-93c7891815ea"
"4428","f00b56a7-0160-4af4-bb7c-e6ef02d06a4f"
"4429","4db59630-40d1-403d-b2f0-0cc81d95632d"
"4430","34d247a0-23da-42d4-872e-df4698c1d5c1"
"4431","967b60c2-4657-4ffc-bcaf-aab565793f97"
"4432","1c582939-d981-4325-a2ac-f87fc6cf2315"
"4433","dc892a23-091b-486e-85b9-fe2989414796"
"4434","94ebc6cb-9cd0-4f17-941e-29927cf5d616"
"4435","0435fe96-523f-4888-a76f-22df1e92d9c4"
"4436","ae628720-1765-4737-8e83-a7f6f516e2d0"
"4437","38509fa4-7c06-4a4b-9622-f521f03c37b8"
"4438","1f56f042-27cd-4ef0-8a57-28860af950e7"
"4439","e45507ff-c1e2-4e0c-92fb-b6c0e6cb6245"
"4440","4350c38d-0fe9-4ca7-bab9-40ed7f72b04f"
"4441","65df6a1d-c254-438f-ae7c-90a4c7b4db96"
"4442","af5e7f45-325f-4424-8724-5692d62caada"
"4443","0b4f9939-4c27-4743-9158-ea1ceccb46b4"
"4444","85c13cba-d555-429f-88cf-589b409fe978"
"4445","692ace70-7f97-4214-92bd-88f7637d8a44"
"4446","60e0ed61-6340-4372-984a-416d1fe0010c"
"4447","33a1b24a-3230-4e46-bffe-a3f45685f9fd"
"4448","3154e3b5-93d8-46c5-bb15-326b3be99d51"
"4449","f4d1fce0-6d7f-4a5e-b317-2040b64758f2"
"4450","493fb8bf-d880-4499-b374-b1ecb0df4b50"
"4451","307f11d5-1356-42e7-88f2-07ff41ec18b4"
"4452","7efb32ce-dc98-4d94-a4c7-a08890b74a87"
"4453","805b73ff-4a51-4ed1-bebc-6fe6b1741a26"
"4454","04666ae0-ad33-41b2-8977-7121583799d3"
"4455","c2ce4c71-63ae-4d66-8549-8f928940698f"
"4456","efc1d46f-39ab-4c73-ade6-0a99a90dbeba"
"4457","65ce30a8-8190-4ed9-9903-68f1c6eb1b0a"
"4458","d3991af1-c3ca-4f8d-b2b3-2d8adee67bce"
"4459","2234f499-aae9-4a7a-9d41-3aaa5cd98c07"
"4460","28c4b670-ae54-4120-97b0-b20c4c470cc4"
"4461","e07a0fbf-7ffe-47d0-9636-e25cbb5fd475"
"4462","cdb66bd3-e356-45a4-888b-6d1f69cd30a7"
"4463","d7a67428-3afb-4bbd-932b-f6718ca489c5"
"4464","267b9417-9d05-4731-a877-bfb978fb50eb"
"4465","f23f2b11-5bd8-422f-a669-a96a03d0eb4d"
"4466","de2db5d2-966c-4062-ad10-e37386c439e9"
"4467","2c5cbddf-3393-452f-abb0-8e734d1b61be"
"4468","f21c2b32-83e0-46b2-99b1-c277e3d27f2f"
"4469","bb663409-5c88-4e3a-bc16-01aa1c8ce171"
"4470","37c325b6-1818-4d38-998c-cea4a7380094"
"4471","7d0f33ea-e724-4d77-8b75-ee4fe66bb9ba"
"4472","9c6e951f-aa88-4890-983d-e7a6ee49f5bb"
"4473","bc70f963-c1c0-49a5-b940-3e28e163db45"
"4474","e9d6ebab-13ad-45ce-a955-fc3f1e56add8"
"4475","cc3b901c-4d66-48f8-90b9-41883be1e1ed"
"4476","0a52bed5-fd29-45fb-aba6-e32bccfda1c1"
"4477","6acf652c-33b2-4e28-8f79-1e553f255229"
"4478","6ab316ef-985c-45d8-85a5-79c774d2728d"
"4479","080b0153-36ae-43f6-b3c3-c1fe6fd8f1de"
"4480","29fb886c-6be0-4e93-9ea1-232881f2092a"
"4481","4ac715f8-7c4e-4e78-a96d-2398b8bdc49d"
"4482","ee8aee62-ccad-44fa-b020-20aec23ac328"
"4483","f88cb903-83a2-44a3-98a8-e72180ec37a9"
"4484","7c05199f-7b03-4a4a-afee-7c9dfcf9066a"
"4485","60851cc6-ad2e-468f-96e0-ef381615f324"
"4486","c73ea1b8-e121-4f91-b8f0-dee4ee28d6ec"
"4487","85aa1871-db96-42f7-801f-c39f924de2d7"
"4488","fca6acfc-5e1d-44a9-9984-c581b246d367"
"4489","5d74614d-32c8-4ca4-9818-6980e52424b1"
"4490","4c3eb8fb-83dc-4c01-bb81-6acbe0c35ad9"
"4491","d58ac822-ebcb-4932-935b-54ea816d4e32"
"4492","a42cb3ed-f7d3-4c9c-af2e-ff4d9c9f4d48"
"4493","a906a992-65d3-48c4-9912-43f5bcc34e72"
"4494","4c5fed97-939f-4050-adc0-7adaf15065e5"
"4495","f1e6a941-ea9b-45d8-8393-47b9e445e897"
"4496","68a8fc55-1755-40c0-ad3c-ef6371254159"
"4497","f8460277-3c9a-4be4-b203-600a2a295f47"
"4498","8ce4a4af-969b-4d1c-8bfe-891cff82f913"
"4499","b8931778-5f34-41a3-8200-b52357f70e74"
"4500","f36dff27-a70e-4c23-b2de-e2dffe84adbf"
"4501","73997f48-cd9d-4724-872d-86ecbb2ed9a2"
"4502","541fca97-cedf-4ab7-9ea6-4ed363cfd4a3"
"4503","1ae7c07e-7594-4f43-846c-db47698b3164"
"4504","e842ed4c-23c1-4c29-b1b1-b490889db735"
"4505","87d3fd84-0f94-43bc-a2da-48722c7a575f"
"4506","bf419e00-8548-491a-a06f-d72ab439df2f"
"4507","f61da4ef-5615-466c-908f-37851e615c96"
"4508","3654eff3-5056-4728-87ab-d9c0d34e589e"
"4509","3cbe8b8d-69ba-4faa-9a7c-4cb95769df88"
"4510","e19b64a9-9816-4561-9b93-6222fc925c10"
"4511","5641a2af-9eb2-4209-9fc6-856f78f2d2f2"
"4512","75f312e1-622b-4751-8d93-815b32feaf8d"
"4513","870ac739-6eb1-42ed-8c3e-82af7c9e71d0"
"4514","c4c51507-f669-4740-abf0-9bee87732185"
"4515","8c4b7305-4b83-4586-9d42-2817f96c60ea"
"4516","e9d1691f-9e80-4108-8bd4-a9cf3c486fea"
"4517","e2e398af-6449-48e7-9fd5-ebe202dd157f"
"4518","215762df-b2b4-40fa-a5e6-3004001cb315"
"4519","9244ef58-632a-4755-bb27-5336e325633a"
"4520","ba1f42f2-da96-40d2-b052-7f92d5889b72"
"4521","a8d07b5a-c1a1-42c6-9d53-db9c7a2ca996"
"4522","f038e121-fcc1-4327-9175-f1726cadeb00"
"4523","624e82e5-1424-4ef1-8aa9-de19f8117249"
"4524","86ff9a65-66eb-4c8f-93d8-22e0a467fc08"
"4525","dd6e5939-d19b-4e2f-a025-2014f0a2ec88"
"4526","81665015-4963-472c-9b5a-f2cf13ae9de0"
"4527","d91cbd56-31d1-4a0d-a3dc-bb5c7e4eccd0"
"4528","3e42adbb-8089-49b7-bdfe-b9cd7247b26b"
"4529","3caca7c9-5530-4333-b525-134073fdf740"
"4530","ffc2465f-d2b5-4b2d-bf6e-56eefbe02da1"
"4531","0d254d2f-f6c7-49ac-be0d-a2651c222f7a"
"4532","b386e189-12c5-4df6-b1db-059eb3f6dd88"
"4533","2fea2558-630e-480d-9e12-47a05bc19b55"
"4534","7d913551-e17a-40ba-baf7-48d0c3b12e50"
"4535","5b671d86-f1fa-4468-947c-374dc6cdf6b8"
"4536","f7f41688-c430-41e5-a19a-46d5588c374c"
"4537","cc94f454-56d1-41b9-a82e-2aed9ed4f72e"
"4538","c6913015-e1aa-4ea5-bd2f-ccf517aea899"
"4539","e89fbede-3d65-4744-9a41-2990e66492f2"
"4540","f19f2c6d-3f1d-4231-9fd9-ece77ed359d7"
"4541","095fdace-1cc3-4e80-b37b-268fe297904a"
"4542","54674189-be78-4210-b167-9e8292301f64"
"4543","316d3695-d4b2-47f8-8ea3-7958d0b5d420"
"4544","aaffe2b8-60b7-468c-8b21-477ef753c390"
"4545","cb5c6c3a-8999-41ee-83c9-012974efc43e"
"4546","e2e9bf69-80b3-4237-afd9-40960dc3c67e"
"4547","afbc401c-cad8-43b6-8d61-775d2c7b58d5"
"4548","80274731-15ce-490a-8d5b-f55a36b976b0"
"4549","36bca324-45b8-4a90-925c-9f61f6b7bed4"
"4550","42c3ffa5-d6a9-4a57-942a-6b79f0bbfcd7"
"4551","0a8fb161-bf67-4dc0-9f65-266d0f717767"
"4552","8645704c-a896-4ac1-8189-9ac5586d5c3a"
"4553","9bfae677-2b7f-49bf-b7eb-2ade795df734"
"4554","fce983b6-f54d-4ef3-8a20-e101c76a79a8"
"4555","be5d0d1c-780c-49f9-a809-e72458e5be38"
"4556","052b829c-67c5-466f-9300-0e0b001a68ef"
"4557","46f2f6b5-3112-44f7-a272-ea37e85e922f"
"4558","64c626b1-0078-4958-bbde-86b5cf2b18fa"
"4559","e1c21024-c2d4-4374-a886-61562d37c293"
"4560","2962214b-cc38-4d20-aa8b-aa120091d743"
"4561","4da883cc-056d-4661-8970-da4bbcc1f9e0"
"4562","3e9b580d-811b-48df-a5d1-a7bdd26f901f"
"4563","60f51172-37c0-4933-a27a-cbf55dcd7580"
"4564","2f69e057-4ecc-4710-88af-6c8fa0d23bc4"
"4565","4cedf3a7-f716-4e23-832d-a2f4f8a1be3e"
"4566","274ba318-ab30-4d16-87fd-58af75cd6a22"
"4567","74340524-8a0c-4a04-b4a2-a886d22109a3"
"4568","1cd4dbed-77dc-435c-8fc5-c8f4eb740853"
"4569","c7b4fa0d-0095-4e28-9601-d96904f0955e"
"4570","faa8e4f3-40fd-4fb7-bf3e-fb8eb639fb33"
"4571","7c394f22-0d20-40e9-b7f7-230b36be6494"
"4572","20f57a7f-b90e-4403-8c77-5ddd89b5835b"
"4573","0d4471ae-3820-4c23-8566-f44a7bd159b2"
"4574","0551beb0-2e59-4e43-8883-d4a06400940f"
"4575","5df8434d-0b7f-4627-8b13-5fd4ad296a76"
"4576","a4ed301c-1339-4f4f-97bb-2730d9ee6a41"
"4577","ad32ac81-7dff-48c0-ac27-062d62b08861"
"4578","50ffa48e-f25c-4dc3-913a-fa0aadb3ffca"
"4579","dfccb2c7-3bbd-42bd-85ed-887ded1e6504"
"4580","f94ccbcc-a818-4151-82ff-9440bf59b88c"
"4581","66509193-f1ce-44a6-8c4e-db24dcd19cdd"
"4582","16da7f95-bd00-4a5c-b837-bf1c2a5a9f15"
"4583","e1479957-1606-4dbd-90f7-4c46c615936c"
"4584","4dfebc9d-bb40-4629-9224-07b995fccf69"
"4585","1ba59ce0-7fec-434b-8d5c-9b275250a26c"
"4586","e921279a-1a7e-4900-9720-bde93ae3e70e"
"4587","1d0293a1-638f-4e0f-a4c1-4cb59e6e1a22"
"4588","09276365-d4a2-45d0-a5c6-3b25e306f6d9"
"4589","1a90e24e-c548-4104-8554-011870b0a891"
"4590","0ae55852-562d-4fc9-be5e-d99f54e91b24"
"4591","cd4b9e72-a18d-44bd-b227-14bbdd162dc1"
"4592","99fc129e-360c-4174-9553-5c666a64a395"
"4593","088dd17a-9d92-4b93-9e4a-49587e015e06"
"4594","4bd3cd7d-b061-4cc2-ba8d-3262065ebbf0"
"4595","f23ced50-862a-49d8-b7f6-a5c4bd6b49af"
"4596","222137dc-9021-4be8-bb7a-29833e02616a"
"4597","d18527e9-68ee-4977-965d-84a366dce971"
"4598","22a173f5-868c-4d82-87e6-beed500ce070"
"4599","bbdb0b36-60f6-4761-8f7a-1ff9a9c804f3"
"4600","88547698-700d-41dc-b0c1-515adf63f9bf"
"4601","e46186e4-c784-4122-9828-4881c01bfae0"
"4602","eaa9727c-df1e-407a-85d3-48cc71508bc2"
"4603","6963e364-fb91-4dee-8985-5f7859ba7ad0"
"4604","c0326e27-5fa8-4dca-aecb-ed89ab491513"
"4605","6edc677d-60d2-4dbc-8eed-cf83020bd09e"
"4606","ab580ada-4513-473b-bd49-6dfbc1f4990d"
"4607","a1eac260-229c-4e22-a338-354a3eb375e2"
"4608","93460015-6948-42c8-a104-fbec998404cc"
"4609","ac745bcf-7b2a-4f64-bd81-129c1d4c8699"
"4610","674e8dd7-bb77-407c-8f77-c2dda956aa54"
"4611","8eab4e4f-03f8-4a66-a830-ec4e5db43253"
"4612","7b097c0a-77e8-4bec-a705-ba3e0319a9e8"
"4613","093b43df-7bbf-46ed-8ddc-fad2368f2498"
"4614","b87f6102-5bab-4e99-a5d8-11b6be1b99c2"
"4615","fd9694e7-5e7a-4209-806f-51451bb63dc7"
"4616","326686e4-a55f-4eba-9d07-1c86408d5c5e"
"4617","c45848bc-33c6-45fa-b791-bc5b06c21b87"
"4618","13fb1ca0-043d-4fcd-8185-c9ca78a23b4a"
"4619","d0f2f8a7-d935-4a6d-8e54-dcc3e5e2cbeb"
"4620","617a9d25-d30f-40fe-b172-2ce1fbf2d8b1"
"4621","85c1377a-b96f-4ad0-adb4-8d11f8a2eecd"
"4622","512702d5-e700-4ddf-b72d-9c41c23f8ec1"
"4623","ff9ed77c-f19c-41d8-8b11-a382c6819e8d"
"4624","4fbfdcdb-85a2-420e-98ae-17092d4acc49"
"4625","eded531c-c3e3-408a-aff5-7eaf39f3904e"
"4626","63395522-32f0-46c4-851d-69c2d3800a8a"
"4627","5f08605b-aa03-45ed-bc49-395477783a38"
"4628","8006596d-605b-4088-a3f6-8e3aedec21ab"
"4629","fac6dbca-0d38-48a0-a255-d2beea8156d6"
"4630","7491916c-bb6a-4e56-b2a7-ee9821eb62c2"
"4631","6b41fcd8-85eb-4b27-b409-05ffcc663a3d"
"4632","f10cf304-f32c-40ee-97a7-ec8d84d72955"
"4633","54ed4a0d-6bbe-4480-b594-80481f0d880b"
"4634","aaebfccf-664c-4888-9d72-1cf75128bfab"
"4635","4d99d401-79fb-41b3-9980-387eaa3958e0"
"4636","3551b8e4-5b45-4983-bfb3-e5bfc029352b"
"4637","801ef90e-6db2-4a6b-83bc-5e1144524d10"
"4638","08f85a8c-c50c-4c97-b456-2fdda7f6a973"
"4639","1c460d2d-90c6-4fc9-ad49-febb6e15605a"
"4640","9c1e94ad-6c81-4fce-bc16-f7cf2e730cf0"
"4641","1c00bc98-2713-4c62-82c5-6d86f2e6a4cb"
"4642","e465a154-93f7-4973-9ce1-31659fe16dd2"
"4643","d3e63bd9-cc29-4e46-92b1-c2b6fa491624"
"4644","ab927ee8-acd9-41c2-aef0-2020364a1003"
"4645","54804209-6aac-4ca4-bf3c-aef4fbe18f8c"
"4646","d85a0e92-8b31-4d7e-9cae-9e62d44cc273"
"4647","6a2bc03b-e30d-429b-9549-5784cb92ae2f"
"4648","3e75d405-c3d1-4a66-9963-05a9397d68fb"
"4649","50167173-ac2d-42b1-954a-a5c5a18a6373"
"4650","359b5031-74da-418f-bd97-6f4e66eb9851"
"4651","41c13016-6e94-45bb-81b7-3ff25ac2aa25"
"4652","f3c38c0f-eef5-443f-be68-14d74eaa695b"
"4653","f642d7ed-e8d7-4355-a747-b85094d4e2e3"
"4654","7e5147d1-60b1-4a68-804b-1f5cb0396b91"
"4655","0f997f18-7304-4f0c-b0f0-6468f953d52d"
"4656","6b30644d-bdc5-4bca-b1af-edbf5c6b15ee"
"4657","48391ec6-42ba-4093-acf4-c7673b0c07f4"
"4658","ec66b111-d8d0-4516-88ba-ee0b6fe6f695"
"4659","0d6c9508-1cd6-4cea-98d2-d5fe2f5c6a73"
"4660","f2d57f41-43b4-4f5b-8100-3df5c21eda50"
"4661","3413584b-a4e9-4f8d-b836-c9bfee0ed80b"
"4662","e4a3c9af-8a5d-49cc-95bb-b77e41588746"
"4663","32ac6bfb-8b86-4312-9421-dcb8e0203ab5"
"4664","a3e0224a-c952-4b4e-b664-d7186f62715b"
"4665","8474d1d3-1fea-43b2-b6ed-5b961faabe9e"
"4666","77526b41-a770-4d4e-975e-5a595f6544fe"
"4667","7361c086-443c-43c2-8215-31ef8e8895e5"
"4668","bdcac0c8-b77a-4640-9eaf-c0cf3efd1e23"
"4669","a6d697d1-80ba-4175-82d4-43440ed04270"
"4670","d5a59ca8-2e91-472e-8571-d12ce4478679"
"4671","f3c3e51d-f4dc-49a8-8725-2a2d3160446e"
"4672","825999ab-104e-46d5-87ac-385cdd0b3ea2"
"4673","32428b21-514b-42c2-81b5-244a7804ea74"
"4674","4c337c37-fc5f-474b-bb9e-d03858f0f9fd"
"4675","05bd9f18-370a-4a88-98c7-473cffb7b2ca"
"4676","b0565bd9-29c8-42f6-b174-702970fc2f4f"
"4677","08ee68b2-0a6d-4bdf-a870-a36c0dc8064e"
"4678","97725325-5287-4ebb-9f83-1ba2c38f465c"
"4679","d6d3fee7-47e2-47f4-a0ec-6c75f28c6abd"
"4680","e2d0daae-2aa1-40cc-99e2-b340b02f97d3"
"4681","21e0cad8-4eef-42be-b18b-0f8e37f0dbd0"
"4682","6078e099-7696-44a5-b3c1-452b9abe886a"
"4683","12c7b323-d870-4f5b-9d7d-d9f525206d77"
"4684","9a7cc3c2-b529-44a4-ab8e-f04fc91362e2"
"4685","bf942c60-8539-4951-83ee-63f770da1cb8"
"4686","cf200547-25b5-47c8-9eda-bca4aedc13fb"
"4687","daa56d49-d7d3-4ba4-9b41-8b542ecfaa27"
"4688","5b4ea415-3a3a-4d90-91d2-2d18ad196f4b"
"4689","6468e5fb-f3be-4025-87be-4b6556755c61"
"4690","53103efa-a525-4a5b-81e5-282c4331e72c"
"4691","a283db93-b160-4b6f-9855-4e79806c4674"
"4692","4ca91852-c534-4b98-ab1c-59a126534c88"
"4693","ccb2e5f2-4279-48fd-9d85-a1db42ff1e13"
"4694","7111b95d-0ce3-441a-9d92-4c75d05c4388"
"4695","237db40b-4600-47c0-837f-4a2c4f3014ab"
"4696","2bde42ae-e776-41c1-9ded-b07b30bfe985"
"4697","1b3370df-c280-470c-ac35-951f42ca8b19"
"4698","5a3c7fa1-4f0d-4ede-8e5e-734a2afa5ca7"
"4699","8abdc43c-2bfd-417c-97c2-27fcdaf53171"
"4700","63e92f65-e70d-421e-94ac-40f944966161"
"4701","22134337-8baa-4879-adec-d9cdbc02cc27"
"4702","abec880d-99ac-4af4-a8d2-900b4aa0de12"
"4703","93a68dcb-3dc6-4dbe-b196-f6d212228a50"
"4704","14d88fae-ead0-4d19-8519-04b154b46987"
"4705","6d23d9b2-3eb0-454b-bb1a-bb5b277c98b5"
"4706","646d871b-4503-4dc8-a076-06d7085e4cde"
"4707","bcd2ce08-ba12-4d66-865f-f4ba36419707"
"4708","b251544f-7b92-46d5-8e14-97f59ce1c7dc"
"4709","c634630b-210b-4da5-b0f3-894cc292d6e3"
"4710","8813cd22-3831-457d-82b3-b197ba974ace"
"4711","807b974a-3901-49c4-87ef-86c3edaba222"
"4712","872a1632-f1db-4feb-bb27-0a6a359b7591"
"4713","f9faf3a5-1b4a-43c2-be0e-ad389c8a8685"
"4714","0c67b0dd-8cbf-43e4-a9d7-0c4c2e7a6236"
"4715","e517f098-dce4-4ecd-9371-499936c0f947"
"4716","644209ac-8452-4e81-959a-2b10050023cc"
"4717","469e19ed-a0bd-445a-ae2d-4ba9430e296b"
"4718","1a6c7e0d-fc13-41d7-a5c0-8ca00606de89"
"4719","fa642fc3-5cc5-41cf-8926-6617a8b976a7"
"4720","988f4ac3-a37c-4b0a-a40f-4e0e56b5919e"
"4721","3edfa33c-c644-4a9a-acd1-e82039daa663"
"4722","637ca2e2-0624-48b1-be6e-9ff4580344ac"
"4723","844e9480-7aef-49f6-9260-d88c27249241"
"4724","41daf4d3-33b8-4199-b814-e54964d277b6"
"4725","b3a4924a-f793-485c-8dc1-54e12198d95d"
"4726","07e51c60-763a-4335-b4ec-70a15f66d328"
"4727","6d97bf55-6fb6-4795-8282-3ef915ae0bb8"
"4728","80ffa169-a3ff-47a8-9be1-7731ba543739"
"4729","e81f2d1a-9b32-493d-899a-ab87cee06d15"
"4730","c440bd51-6fc2-49dc-91d1-d34d417f5e2f"
"4731","25a7fc25-f2fc-4bfd-9999-943c03d53372"
"4732","72836f47-cf5c-48e1-a82b-1cf6e4e0f623"
"4733","55dda75d-698c-4c10-9984-8c4538fcc957"
"4734","d1ed5b3a-cab5-4c5d-baf8-0214998b58fb"
"4735","df329d70-87b0-466b-a214-3431f36e2a5e"
"4736","33a82b83-c838-4889-ae62-fae1317481eb"
"4737","bb859329-0cd8-45c0-a09f-48b6dcd9fc1a"
"4738","5be72e00-e506-45ca-a251-b59500d7fca7"
"4739","a0cd5d35-a1f4-48bf-b78f-11faf4f1935f"
"4740","ed1d8bd4-cd2a-4c64-b665-56d70651026c"
"4741","402ebc59-b960-400c-9a6d-ab96e601b71a"
"4742","9f6946f7-60aa-409a-b33d-152f244299d8"
"4743","d4abfcab-2b74-4487-a2dc-e24a3ebfb56a"
"4744","b3a6dda3-e084-40e4-b211-7abb76a07eb6"
"4745","be974fa8-60d4-4f4f-bd8d-e8c32a661fe2"
"4746","235b15d9-5ccd-4406-8993-f6dd0de2c4c9"
"4747","3a08450a-7e60-449d-84cb-a39b3d8aaece"
"4748","8550a96d-3970-46e1-83e1-371c59473ec4"
"4749","ef822959-5142-4a45-967f-8cc745ceab38"
"4750","d92d88cf-dd72-4c3b-a98a-2c2a12600df3"
"4751","0e685cc5-df53-451f-b987-7fd6d7025447"
"4752","cf6dcd52-0641-487e-960f-7f4455aff85d"
"4753","2cc35da7-3fd8-42e8-aa70-87ef8a3b1f3b"
"4754","24f980ba-b44f-4739-b563-205104c3190d"
"4755","95531758-6341-4217-a9c3-95f95382db52"
"4756","bdee6867-b76a-4652-bd15-824fce9dc792"
"4757","fd88851f-4d1d-4de8-aee1-4464c3012969"
"4758","5fd64399-aff4-459e-8d78-510acf1abba1"
"4759","2ccb197e-ce8d-4fca-bccf-f387e74b9f0a"
"4760","c2e7273c-f15d-4ef3-be3c-4fa7da33396e"
"4761","e9d8829d-5835-4100-a541-5c28b860cfc6"
"4762","5410f054-8e2b-4950-aa10-5f48107a68e7"
"4763","848c6821-5578-4104-9060-f1bf75bb3a80"
"4764","3912b99c-e438-417e-85a2-1c5c10185e33"
"4765","48b68726-0fd6-4e03-a5eb-82236516ee7a"
"4766","debb8d81-ed7f-447d-853a-5d107fda6fcf"
"4767","2b69525c-731c-4813-99a7-673fa5679d32"
"4768","ae4ea3e1-3c1a-45b0-96a7-106988c053c0"
"4769","45844ea3-bb3c-4f63-b23e-a0a62b78bc49"
"4770","49921021-87b9-4561-ae30-cdba351fd770"
"4771","cf19e34f-e168-47d5-a7d5-028d1fbfc75e"
"4772","c0b5c55d-545f-4b10-8736-cd3a35b53e76"
"4773","3c1ef982-b91a-47f7-9cab-0bb1b0d50283"
"4774","8762380a-893e-459c-a028-44122c94b737"
"4775","a347cf6a-1f32-42b9-8fd7-d5c0294ff973"
"4776","dbc538a0-7d1d-4394-b2f6-8fae44a55d86"
"4777","e92f4673-1dec-41ec-b6ec-36fef226359c"
"4778","1d21f6ad-340f-45da-a0a3-4e83867f47a6"
"4779","546aaf54-8f69-4573-837c-b60e00327edc"
"4780","7c875c65-21e9-4500-9e96-f8ec8b41ab1a"
"4781","fd4abe0c-4c20-424d-b8b7-b2e6c2ceb344"
"4782","b63ba4e4-ebf4-4e17-b0d6-662244022a4f"
"4783","60b2dd49-c677-4f47-816e-aff3b577e113"
"4784","371f44ba-4a83-4726-89d1-cb527d7ced5c"
"4785","e77eab3f-ff23-4b93-9911-e6c86477f12d"
"4786","a15dab55-f1da-4f85-ae3e-2b5c5b5333ca"
"4787","283cbcd3-7101-4dbb-be37-56f3625515b1"
"4788","c2296e2e-5fef-4f24-a24f-e5b3792268be"
"4789","418a56a2-7cfc-4b6d-8cf5-5c2add99a849"
"4790","d4cc5022-7801-4885-bcff-166552788d35"
"4791","e402a6d8-0ca8-4230-9bbe-c559a80b7624"
"4792","732cb4dd-af91-4c88-9a9f-5fc62144e500"
"4793","e02faa7a-9277-4340-aeda-e35bf138320e"
"4794","1cf20c3c-027e-45f4-bad1-c91b98726d28"
"4795","4f499e02-2983-40c5-a493-c720e6b03b23"
"4796","82c1f267-89cd-4761-a879-45efbcbf81a4"
"4797","8f6a8df0-ab99-4e5c-8606-6d1652d14a6a"
"4798","7832b684-580c-4eaf-a8b3-322164b041ab"
"4799","68f909bf-1b0f-45f4-bbea-b5edb6747740"
"4800","6d6fb354-ae77-4fb0-80d3-e4e52270774a"
"4801","f167af5e-096a-4ffd-8340-8306399823a3"
"4802","7ff9cce1-6518-48db-8f59-2beb81508fb2"
"4803","4659e742-7568-4b16-86df-57cb66fdd926"
"4804","c8e42fdb-ac7f-4494-acea-f29561c19ab6"
"4805","758e8e0c-2406-460f-b33c-36b422e018bb"
"4806","ea451251-71ab-4f89-8c0d-53344ef7004f"
"4807","7dd3640b-d224-45c8-a542-dad9e6e11c3a"
"4808","d39a5880-7d0a-4573-9f70-a75ff875bf83"
"4809","87b3e2f5-ff05-489a-a13b-9e5b3aff5fee"
"4810","077fb5d5-a9a2-4e27-b1b0-fe3149ba3da0"
"4811","28722c99-68b7-4b7b-808f-53f343299935"
"4812","dfb9cec6-3ae3-408a-9d57-c44361bf7aaf"
"4813","6063652e-22c4-472e-bb96-6e5ec1e7c5de"
"4814","8dc99c09-2f10-4096-92a7-54cb7497bb71"
"4815","1048db56-0ef6-431a-a830-9686c07113f2"
"4816","0bb3792c-0a17-4e48-a8b3-5603bb12a660"
"4817","3ab0d7fc-a266-4609-bdab-85d09d5de10e"
"4818","0b04874c-7fa7-4646-9549-495bc8889910"
"4819","fd199f25-cb19-4195-9cc4-dd34746ce3f3"
"4820","852d758c-f222-4edc-99ad-31c9e3bd8079"
"4821","b469a01e-2d3c-4143-8af8-687630fb4ee5"
"4822","08f5c290-a81f-4614-89d2-bb5e81e82276"
"4823","4f449a5e-302a-4d02-808f-a7e687532400"
"4824","705ec490-d4e8-4792-a230-82182f53d14a"
"4825","154c7027-53f6-4e52-96b9-32bdf949c389"
"4826","947f34a6-fb18-4b0a-9e89-5d38cbbc7abe"
"4827","8ca18245-8842-4e6e-bc80-3ace0ee7fe5b"
"4828","f8b05146-5ffc-44a9-846b-63e3ad1fe187"
"4829","2c108d0d-c489-4321-8bc4-992954a9faa4"
"4830","05ab4b2c-7389-4495-9355-ba0a69effe4f"
"4831","b459f803-ddbf-4a90-9419-fb92acf12e14"
"4832","1023ac61-250f-4eef-b7a9-238cf071685f"
"4833","52272cdd-7a52-4b88-a12b-7ca442c37f99"
"4834","b6446f23-37fb-42b0-95d2-f9324767500a"
"4835","108112e0-a3df-43bf-91ec-d9614ca4224c"
"4836","42b20fea-6a62-42e2-83f3-b4b9b052a101"
"4837","624d9fff-370d-4001-9481-9c86129fd84f"
"4838","09d6ed43-95a1-4492-8bd7-d01039285afa"
"4839","78a74fd1-efc6-49dc-adb1-1b0fbe35c22c"
"4840","ca180ac5-3b49-438e-992b-57f2af49c1e3"
"4841","7ace7312-2775-4bfc-9705-3416a9f7b35b"
"4842","efaef6b2-1435-436f-94b6-ead3bcf0db9c"
"4843","81b6d428-028b-4bf5-89a2-5e5cb4a8c444"
"4844","6bf6b5bd-6658-4338-b0ee-dc143e68e6d3"
"4845","4d8c02e6-f8d0-4538-84e1-f06abee8267b"
"4846","2636b3d3-843e-46a9-8b4c-a9d6ca3f5a2d"
"4847","c69587b4-05d3-45bb-b79b-9b85e6603fc2"
"4848","d54a1355-05c8-45eb-9c42-267d2cfcdf44"
"4849","2cb9cefd-5333-4893-ba47-9b38d13f7ec6"
"4850","478da040-fb0a-4fa8-9112-285ff5c4aefa"
"4851","ff031994-dd71-4bb6-a351-1b9c83efa0d1"
"4852","8318ca1f-117e-4a21-a07a-5d7515a21035"
"4853","09e7cd13-ea36-4694-afe5-f34373759392"
"4854","c82f9319-cf46-4257-a8ce-542d0a7fed8f"
"4855","385479b7-5da5-4367-9763-0d15b41bb65b"
"4856","d71a09e6-04a7-4588-9ae5-d2e205238c29"
"4857","be40c4c3-a855-4d67-9ca5-6f4428c34b0d"
"4858","553e1d2d-abf1-4b37-8ac4-c5c78a8edbc0"
"4859","51097602-8e4e-4830-8f35-d77afc713fc0"
"4860","af9b6098-7d2f-4990-b4eb-d7dd73fdb933"
"4861","a8f1c3cf-bd8b-4c85-80d3-c69955f6bd00"
"4862","fe82195e-af26-4156-b554-c724b28fb2fb"
"4863","4b9b1bc5-a1a9-4172-a669-509f94a479dc"
"4864","f9f258e3-4728-4107-9e08-293d5d2ef65e"
"4865","6a78bc7c-4bfd-4fef-b9e2-59ad84ad453a"
"4866","c4020d90-e0d9-4ab3-b5cd-d2b560c4f596"
"4867","c92970ad-a6dd-446a-b529-4338da4e502a"
"4868","66ac954c-d656-4eb3-88f6-a4ee55602753"
"4869","dff7260b-0879-4d4a-98db-0866c64e08ec"
"4870","14ef75cd-ca1f-49c9-9478-ee611b7778fc"
"4871","ea28ce13-e620-4191-95c3-3e0f0f867834"
"4872","b9b572bf-5e50-4588-8aa0-a42a49332467"
"4873","eda8a126-08bf-4fb1-8442-fa9febabb75f"
"4874","d5f629b3-7974-4938-ae50-66cc4a3b7010"
"4875","bfe4f330-d595-48c7-ab3c-f309471d6953"
"4876","40923b61-344c-43eb-a8b7-d2d8a7a73143"
"4877","c388229c-484d-42ec-ac28-ffad52020138"
"4878","603c249b-ed35-457a-a1ea-f850e687fefe"
"4879","ccd4c7a9-fd9e-42d3-85e8-f9b83e6b2215"
"4880","74d17112-4675-4e97-8525-8d27ffe20fc7"
"4881","387ee646-0aaa-4161-ab3b-cde87ec09fdf"
"4882","9570e84e-6699-4c9f-9a12-7bc82d53a231"
"4883","f5f72523-3e48-47ae-825b-fa49a33cd94b"
"4884","efb523d0-c998-440d-8639-cd14ba841c4c"
"4885","5330b70e-16f5-43a7-a6de-18fd6a4bd063"
"4886","979cf728-896f-4f2c-8fa8-2698ca0d4930"
"4887","39f9b48c-04b5-4e6f-9c52-3cdb29a5a93b"
"4888","e258707b-7676-4e9b-9c36-20c38018b349"
"4889","d6c29154-9cc1-48a4-a2de-3d1d0d7f0831"
"4890","6417a4cc-6f61-4459-a114-761a7fa0279d"
"4891","ab95b8eb-b5ec-4f4f-9eb9-52c7912faee7"
"4892","2de02cd6-3803-4561-b9d7-2b87a769f7ac"
"4893","0138fdc7-edbb-485c-9aa9-544f723eb62f"
"4894","6ffdcb09-16bc-4480-9ac8-40fdbf915712"
"4895","5ed83764-c32f-402d-b5b3-168cddfbe4c5"
"4896","ccd0a1d9-afda-43d9-b901-96344886e14d"
"4897","88ec9e5e-8798-475d-81a3-dd5ea7e96215"
"4898","3b3b7373-220a-4287-87cf-e24a208b63c6"
"4899","c7cc6dc5-d56b-4323-8e5c-47c4022f615f"
"4900","1177c6f5-09c5-4c35-873c-afd22d170ad3"
"4901","d56358e4-3bcc-4b5d-981d-ea15b2743e9e"
"4902","186ba200-6c13-4ffd-947d-dbfe75a2b985"
"4903","14026826-61f5-4476-a217-4e4d62e86b4f"
"4904","8d4271ca-c9fd-40b3-875f-15f78332a49e"
"4905","c5e3bd7d-670b-4579-beab-a2c66e72e9b5"
"4906","616940bc-d888-4be8-912d-014b78550bf2"
"4907","6360a934-cc87-4954-9656-b32db20592e3"
"4908","773e217c-8b21-4d8c-b384-68752a2243a9"
"4909","9be758b6-a45d-403c-8943-68390ee2c961"
"4910","e79a3803-dd53-46b0-906b-13e6d46ef687"
"4911","d460032f-f49e-4b70-90c2-ba563aee14be"
"4912","6400e5a5-5534-4465-b456-3632af0c5cf1"
"4913","89839842-a111-411f-b64a-94354d6118e0"
"4914","9cf681c7-89ec-470c-b651-7fe03786f586"
"4915","51586df8-1c46-4b47-8583-773cb63bf00b"
"4916","286d0e0d-48e9-4210-b110-b1fbf04c35f1"
"4917","09e66cd3-1eb2-4653-b07f-d919cf990962"
"4918","4d392ce8-9b29-498d-9744-e64b882d51bf"
"4919","eb65ce8e-61bf-49d1-99bb-cb699ba1005b"
"4920","12adba20-07ba-40af-ad41-48f730af3851"
"4921","7c6e8f64-99bb-4282-8cab-b64abdc23080"
"4922","e60ce8fd-89e7-4f9f-ab4b-7238e68f14ab"
"4923","932e60c4-118a-4280-8e49-38a16a0c73d0"
"4924","30281a0e-a82a-4d13-bd74-4b0fd9964e02"
"4925","dd88bcb0-100a-4d48-896b-746c355fcd46"
"4926","47269d03-c3e5-47f6-90cf-5657fdcbdedc"
"4927","0c9f20cb-32fb-4ff7-877e-508762791151"
"4928","5a1c87f9-425d-4c7e-bd50-da213ee36939"
"4929","ceb0d9a0-96c6-4334-bcf4-c529e314d1ac"
"4930","591ce038-dcf6-4552-af8e-a51cc0986914"
"4931","aaee0ebe-d6f5-4355-8fed-460963306445"
"4932","96eb286a-58b7-45ff-a916-5578d0b79b8c"
"4933","9fc8af29-f33f-4e80-8a23-11e258c910ab"
"4934","92f54ff7-f6d8-4702-8e0f-2d7d3254a7fd"
"4935","be7c80ee-0b7a-455c-8928-055cfa65076c"
"4936","768fe91b-ccde-4649-94f3-07be5d8b6be1"
"4937","2feeef46-05cf-445c-9ca1-c96a30e10106"
"4938","ea271a04-ce7f-492f-bf2f-b6984a9a1910"
"4939","b07daddc-8625-4360-946e-ad2b0e56ebf6"
"4940","25bd8287-a5e9-4378-abff-a09d0a637604"
"4941","d646a68c-b0f7-4b1d-87eb-3d1f5d224554"
"4942","a03929b1-c9fd-4c41-be00-a05588930cfc"
"4943","3172f001-a4dd-4e7e-9f74-9707b2e7c6e1"
"4944","d60f6482-39b0-4a8d-acdc-ac26fbe5fca7"
"4945","182afdb1-ea05-49c3-9e51-2449c340c1ce"
"4946","1263904f-1c2c-48f5-a6ca-0176ef5d2060"
"4947","68b6ef08-d823-489d-a95c-752ae6f6e6a7"
"4948","c6f412b4-8dcf-4298-8792-88f3be109c85"
"4949","698ff0a8-5811-4035-8064-1a96240fa190"
"4950","478e8a68-eda7-4c1a-9fc3-32ef14c7d40a"
"4951","6f6163dc-a801-416c-86e9-ce857d71c24d"
"4952","ccbdd86c-852c-4e82-998f-4f31e5735845"
"4953","e2b9bc47-7bef-4dde-a129-7becc64c6d2f"
"4954","7f0f5ec6-6874-4428-97b4-a7e373410806"
"4955","8360f128-ef04-41f6-8fd0-203f41dc05dc"
"4956","d7a04dc3-22a7-4ec1-bfcf-39b04c6492a1"
"4957","aac5a97b-4062-4aad-9ee3-4ea54047aa08"
"4958","b0279338-ddfa-473d-b961-fa51b1185612"
"4959","ea062dd7-92fc-4172-adce-a56694fd8214"
"4960","24513b22-fed9-4f28-9c37-8b4d198b42b6"
"4961","8f342cc3-8541-42b2-b553-7a60c9a93244"
"4962","314ec082-ddb7-4b9e-87f0-2818f1ea7b80"
"4963","c0fce59c-e227-4745-945f-95eb2f0bc03e"
"4964","4ee3bf25-0f79-4d6a-b7c5-d4142f360571"
"4965","7f783956-f734-4d56-85de-10f0c1706f8a"
"4966","8dcc1c68-1ebe-412b-b437-cab3c26da509"
"4967","d716e8f0-a93e-43f0-b651-be9a5658e905"
"4968","7d0da710-7fb9-4291-abbe-5e359c8339d0"
"4969","342af3a1-4fdc-4ddc-898a-bb82a7f62efe"
"4970","9a8f5432-fb04-498d-9ba4-a4e1444ff056"
"4971","cc7b37ef-9a91-4d16-ba55-138208c20502"
"4972","2879a6f9-868b-40a1-a424-d50007ca8354"
"4973","120b9b87-3aad-4a42-b5e7-1b146a672038"
"4974","328733a7-6d84-420d-a65c-2a8014fadc60"
"4975","b9127c16-955c-4aa3-9786-2c784ae378f9"
"4976","7ba2ce03-ac36-4cf5-9383-e665ed0d86c3"
"4977","496932f1-0b6b-4f73-9432-d95c7ddcd43b"
"4978","65715f7a-c791-416b-b88a-2933a1c81647"
"4979","4c4235a9-a1fb-403f-a173-37d9297c218c"
"4980","eb9f8a48-4be4-434b-be9d-293ff5c07f97"
"4981","21d61f14-8fe3-4066-aed7-a0c4e0620d8e"
"4982","e381f278-7218-4f30-a7b6-34dc3eb7e4a8"
"4983","b97f4aef-ccda-4d55-8587-d62be69755b2"
"4984","67d81541-4dc2-44ee-af59-2c3ebb8a91e1"
"4985","34921476-4b44-4912-bc6b-bc7c47cf69d9"
"4986","d1ba2b40-8811-4b60-8fc9-0e82b369c887"
"4987","90439304-b13d-4e0e-99bc-11f256688653"
"4988","fb39ea51-74e5-4f05-bf6c-ff2c05dac89c"
"4989","d8ea5f5c-423c-4c3a-87a6-82a25ad3dc01"
"4990","adeeed0d-25cd-4e7b-bcb2-ef63bea7e491"
"4991","e8c81e5f-bd2c-494a-9c71-b725c3a600e2"
"4992","87454307-a3ad-40ce-8024-1aeb7c94f1e3"
"4993","42dced65-823e-4f29-ad93-cae933b0dd7c"
"4994","d1ec6846-dd8a-4810-8115-474cdf271540"
"4995","04ba2e0a-a939-43ab-92fe-63f50b55c798"
"4996","87669743-a291-4ea0-9a50-cac60d45649c"
"4997","3fe9d11d-eae3-4e89-82ef-bf2187808b32"
"4998","d03dbfd1-0415-4a3a-8d2b-ff4dfff06bc8"
"4999","996243ee-543f-4c36-a31a-e0f2403c0c5d"
"5000","0e54cc0e-6cef-41ec-bd8c-e8e8778969ec"
"5001","b0f4dea9-2a99-449e-b042-9afada464cb1"
"5002","ffef5eb3-a15e-47f5-8c2f-490516c16f6f"
"5003","cbb330ab-55ac-4eec-b54c-b85c6219f508"
"5004","1ac80de2-ed02-4ce1-9739-cd4a84b835dc"
"5005","8359bd04-d2cb-4757-af1f-39a921df9efe"
"5006","c76375af-5a54-4d21-aac5-fdaa9177a890"
"5007","02619401-8e21-46e5-8f19-204747fd755d"
"5008","36cf8d2c-3463-4147-8ea3-c423280087ab"
"5009","31f01be9-7bbf-4afb-a647-bcd4931cfc8b"
"5010","357e1729-e2a8-49f4-8b42-dc8b278320fa"
"5011","095cf302-1542-49fa-92f9-b7f212edf1a1"
"5012","e8171178-9a60-40a6-ad3b-510e10cfebad"
"5013","f8413360-6114-40de-a276-c59b764b9913"
"5014","78fc4e90-a522-480a-a2f0-21ff3dfe6ba7"
"5015","66d7957f-c313-4de3-ac4a-77e026e0bc34"
"5016","e487f6f8-854d-4210-9658-4196f07cc209"
"5017","1bc7c69b-4292-4592-b854-f48165a06082"
"5018","b928ae44-b19f-49c7-a823-b09094de1063"
"5019","0d45c1ef-f56b-4a6c-9517-2d30205d693b"
"5020","b4877620-c375-45f3-a678-2ddb4dae6a29"
"5021","c4fe78ae-8fef-4aa6-b767-146ed2b40198"
"5022","70c06606-d438-439b-b61f-68c2c4754e06"
"5023","b761de43-013f-42cf-89db-f307b05cd2e9"
"5024","f3e7f152-27f1-4f29-a0d6-40619927df88"
"5025","dd9df234-993b-4812-b048-5399a1751337"
"5026","fd84cf80-b9c9-4329-88b6-d3a4d5b8adb4"
"5027","4f9e3dd2-fd39-4ea4-aeb0-285119650473"
"5028","8ba80dbb-bf0f-4226-b740-989212f13e0a"
"5029","3c4cfade-58c1-4f6d-9a0e-dabf78b0e9e0"
"5030","af1c7b89-679b-4fae-b67c-ed05c669719c"
"5031","87af00b5-30fa-41c8-bfa5-357f22c8d589"
"5032","e704b3b5-f695-4a7c-8332-6cb558b454ad"
"5033","ca8c5849-2655-44b3-b2fa-c4c0e2a04aeb"
"5034","5f55caf6-a0d6-49db-aa47-dfc74c8b25a1"
"5035","202d0d2b-f6b9-48fe-b70e-cff49fa1d087"
"5036","eb3aa8c1-fb14-47b4-a352-b7975abd2480"
"5037","c544a9f3-5945-4b54-afed-de0697852817"
"5038","a349fbfc-8b65-44f2-a112-761be2218cbc"
"5039","2a051ae0-e42e-4733-8bb2-de24c4d5e3b8"
"5040","d72df8d3-058d-46b0-be77-10663d1a006b"
"5041","3f54dea5-0bef-4229-8a7c-e277be134499"
"5042","f3cc52e3-a96c-4549-b841-6e41a846fa99"
"5043","3310562c-ed9e-43c2-a4d0-bafeed7057a4"
"5044","d73cb129-b385-4776-8303-f3f926b2e481"
"5045","c904a021-876c-47cb-8e52-da2d1e45374f"
"5046","cb21d617-4aa5-4a93-81ac-cde9aae7716a"
"5047","de131ede-cbfe-4e34-aff4-96f16831c3c4"
"5048","561c2525-5bd8-4d86-8f45-820f4be7db93"
"5049","f9411f5f-0bb8-4f92-91c4-38b8b38e5179"
"5050","3cfb159e-3a0b-48bb-951d-bc2d3b071a37"
"5051","1a4fdd0e-2cbe-4b77-aa6e-e46efc181b76"
"5052","74399ae8-d058-44ee-8f79-aa316de010d4"
"5053","d80f7a28-1e75-4247-9104-de8e5f909f0a"
"5054","7159e587-c7cb-4ec0-a662-03e1dee2cccb"
"5055","8dee09d8-07da-493a-a171-d2d7737498ff"
"5056","236e368e-28ff-469e-b3c0-e1d364f5da71"
"5057","b47da85a-bfde-4012-a3b2-60be9f7ddcdc"
"5058","d4eeb8f1-50d2-4a62-a405-f5eeaeec7f52"
"5059","45b2a257-1c28-4c84-bc71-a4871e398c54"
"5060","f5d8db86-12fe-4b17-80ee-dc126bab8335"
"5061","1edd57be-9746-42ad-87e4-f468f0950628"
"5062","4fc1d2b4-9645-4fda-be99-abdf8e66c88d"
"5063","efed789f-e3fc-405c-ac27-062fdef14125"
"5064","ea14a3eb-526f-4d8d-9015-c2dc62739e7a"
"5065","3379edec-4d25-4135-83c1-2bf47b2fb52e"
"5066","8ed0f653-795d-422b-8856-a55ec250bb88"
"5067","aa9b1abd-3a2d-499e-95c5-684385ca5847"
"5068","1de6b87b-2c7d-49aa-bcc0-3b2ef75f064f"
"5069","99207709-d076-4cce-ba38-e90d3bb28806"
"5070","d1f73ae9-d348-4aac-b5d5-9b6d508401d3"
"5071","75595bbd-e2f4-40b7-846f-27945e52ab7c"
"5072","097c6a36-f031-4d3e-b5c1-62d6ffcb430b"
"5073","07d3074b-f5cd-420a-bdf8-c8d643563ea5"
"5074","bd960649-0b5b-4a92-a4de-d00f4c4aa3a5"
"5075","e35bfbda-2b8a-4d8e-9afb-8a1862703642"
"5076","9ab32fb9-93e4-4226-84a1-fbfaf5c71eb6"
"5077","34ff4148-8d8a-4186-94ff-c67524c16c0c"
"5078","049c8caf-dd12-45fc-9bfa-b64051f32a19"
"5079","cace7a77-38b7-4cdf-8171-e17692bef5f6"
"5080","6542601c-92ee-4a03-abd9-fde0635727a2"
"5081","87cadd76-4e3a-47e5-b66d-559fbc1e8993"
"5082","4d3541fa-3e71-4574-afa9-900ff6a2b33d"
"5083","440d5784-52a5-4729-8b04-29f978bd896d"
"5084","b66b7130-e851-4e54-a3cc-7bd1f8db531e"
"5085","079079fd-7918-491b-8302-34bec3e10d5d"
"5086","8f15b22d-930e-4842-80dc-5cab28ac71fc"
"5087","0ddce721-52dd-485d-a2da-f3237c65dec7"
"5088","b4292366-9d25-48c5-9775-60f2bf56b5fd"
"5089","8bd49d04-ab2f-4333-b5d9-12d716e4e2f6"
"5090","8fdf4273-d8ce-47a2-b461-45cb1282ef36"
"5091","ebbf3488-7d1e-4603-b7d4-938d23bc1af1"
"5092","ea9fc9d9-c602-4430-a7fc-edac7429a6a8"
"5093","62736ac3-37f1-428a-8a14-1788f106a3fc"
"5094","cb1b0777-0388-4b01-a0cf-7c6bbfbbd61d"
"5095","c290c45c-b8da-4517-be4a-b16fdce26cb2"
"5096","510dc744-330b-42f0-ad67-ef865df9e772"
"5097","56426cfa-6e92-4ed9-a632-f08849864588"
"5098","5e09534b-9ba1-4f29-84ad-1b3ad66d2dc8"
"5099","ea65085d-34f8-4c78-b789-e7ef9d7580d4"
"5100","a95e0f9f-726e-4b0a-97c5-fa7a9d40ae8f"
"5101","82ae17ef-a422-4803-923e-d62da42476a9"
"5102","6c315001-d329-4930-9294-9cf2c7afb672"
"5103","ca1844f3-933d-468f-9c2a-ae67c618ce88"
"5104","aa56a80c-b4d5-495c-9c15-70b5a7933911"
"5105","8e9d6856-9ac9-4264-aa48-0ae6e1e36f75"
"5106","c415ce6e-24f5-4130-add4-645b9d455c71"
"5107","9cc78400-9ba9-4ffd-9ef5-59e2cd657035"
"5108","43ea53b0-65a8-4c23-a0ef-b95389e7548e"
"5109","701f0a7d-1be9-4e98-b985-2652b2bf327a"
"5110","8744f28f-59a9-45af-8ef6-6944cb5a1473"
"5111","6eff134b-e34f-4d6e-a6e8-5e47cf2228d0"
"5112","5d5f0963-a8b7-4a4f-a8f5-05b3142752b9"
"5113","0d564cb6-98ef-4c18-9392-dd69e6724cbf"
"5114","bacbf3d2-c151-4911-b376-e664faa313e3"
"5115","d3d9b3ab-9dc8-415b-b450-f3ecfbef684a"
"5116","25a11048-dc43-4696-8a71-2428233d68b6"
"5117","48f480aa-c9a8-4552-b1c5-e94330912257"
"5118","509ff122-3546-40a7-ae02-3ee7395b3a76"
"5119","7a950986-27fe-4b6c-adf3-88f211e77019"
"5120","e87ec79a-c9ff-46f5-84fa-7a0f394cdf40"
"5121","7fafdbcc-01e5-41df-b269-37dffc49c678"
"5122","9aabb257-530a-4a38-83c8-35ca52caa954"
"5123","0ccdfe98-f845-4598-84a1-3dca66e9d9a3"
"5124","1c685542-aa09-4704-ba87-2b1ffd802e1f"
"5125","6f41081b-39ee-4a42-a8d4-a1cee7a39873"
"5126","bb664ebf-2e54-4a88-ab97-158c3d321af9"
"5127","93d61edc-e7a2-46d5-a75d-2b12f68110c1"
"5128","2d6904db-9e16-42a5-bc12-c5acb8bfab18"
"5129","b5a8e3fe-63b3-4a67-a4c4-dee8f4ff5d1a"
"5130","1e8751e3-9b7a-4230-a6e5-83bf57fb70b6"
"5131","ae6d655d-bbce-4701-ba04-d687cfa90eda"
"5132","c42a92b2-a802-4cf6-a645-3904004bbdbe"
"5133","47d491a9-f7c0-4b13-a10f-983d3aa0113e"
"5134","519b3949-b711-4a08-a395-a4bd068f9fa2"
"5135","a9622bbb-3a6f-4819-a3fe-cd6a447a78e9"
"5136","450de541-797a-4da0-9fe4-a81471c8047d"
"5137","0c0488b3-fca5-4deb-865b-8dc605c3d909"
"5138","756ae350-9e1f-4cb9-9c27-6bd99806dadc"
"5139","e7219848-a27a-4bf4-8775-d367707be7c9"
"5140","c7451027-8249-405a-bb1b-342ff0f3fb3b"
"5141","baf1fadb-975a-42be-9744-d8ba02304d09"
"5142","88ea614f-7e96-48fd-bf0b-96bf00bdb098"
"5143","6dc4bab9-1982-4d5a-b8b6-14c3cfd32c31"
"5144","98efbf90-3786-4f20-832a-887a2cfdece9"
"5145","45289df8-d02d-4f08-9802-2c7deae944ad"
"5146","bb99af26-71ff-4dca-bde7-1eb1f6194426"
"5147","04f1b938-d4d4-4cb1-a863-982af76b9d93"
"5148","1110c92f-3059-445a-9436-0f4200d365f5"
"5149","3a0d4d83-6392-4a81-87f1-5b57b08110b5"
"5150","54660948-b811-49a9-874c-bf2be5f280a2"
"5151","00c85cbc-2b24-4605-a6fe-55b5c615e3fe"
"5152","ffddfc7c-a9dd-449f-9e96-882dc447c8b6"
"5153","162c2e87-3d6f-4f7e-ab3c-97694c2f6f08"
"5154","f8ea6bda-9f1d-4864-b8f4-ba7e6984e5dd"
"5155","2a778aeb-f246-4f03-9a96-c60183001037"
"5156","42e49c37-38bf-491c-a36c-6eec0800f44f"
"5157","a7b9039e-0145-4e3e-bbf8-30151d3e6cc0"
"5158","489b2571-ce18-4944-b452-ed1f54e55b68"
"5159","5b26f08b-88bc-45f0-b901-530d7786466b"
"5160","74e49482-75e8-4637-bdb1-fff868d02f7a"
"5161","cb304338-3a44-4b6f-802b-dfc6c64de109"
"5162","ed3f3dba-3a35-4ed5-b113-67f4d10ef4c8"
"5163","d56fc2b5-4b0a-4e7e-9bde-a33736f6ff18"
"5164","7b75c076-6c0f-4cf8-a6be-a6404c02eef5"
"5165","1774bd31-8893-44cf-9498-7e3d95508419"
"5166","663a92c4-ea7e-4936-b71a-66d0c5a2cb69"
"5167","374ff115-fc97-4b64-afc1-86ef14a25e4d"
"5168","a1388163-462a-4b76-8649-67470ea858a1"
"5169","e7d6c4f1-baa6-438e-ac0d-1107ddb204e9"
"5170","f09e70cb-5d8c-4c57-b027-a45127c0bf92"
"5171","a6c7635f-c042-45ac-ab10-a740c7582a85"
"5172","6ed2fb8d-3580-497f-8a21-30a0ada5caae"
"5173","749ce4c2-4dfd-461a-a8f3-0f6914814d3e"
"5174","6f1edc19-191f-4ba5-a048-ee69aff05bab"
"5175","3398504d-9137-4a38-a91c-b37416eba276"
"5176","5acf6408-e084-4202-9442-ffcf0119811c"
"5177","7f50301e-bdb3-49ee-9b97-9f8862dc6eb1"
"5178","f975091a-e5a5-4472-ac17-11680e53e98f"
"5179","e65117b6-97e0-4f45-bd61-e581dcd6ec2a"
"5180","8e5a3be5-8bbe-470e-8863-1be9539e0647"
"5181","720623d3-362c-4685-bb1c-1c4a82f22dfe"
"5182","5d76ed44-f022-4a1f-a6bd-5f0686a2ae3c"
"5183","f33b0ef2-7fe1-4ac1-96c4-36a1bff1771b"
"5184","2399e65b-cf2b-4f5b-9002-607e790fcf2a"
"5185","a35b49b7-aabb-4f59-9bbc-617df0bd4a7d"
"5186","a554781e-d8d6-4777-bcf4-6d34fcc06ac3"
"5187","edf6ed6b-bc24-4211-ae0f-6b5cb9de4437"
"5188","6717f75b-1c16-4e5f-80c2-b7c02280f87f"
"5189","bfdfba8e-5ceb-4bad-9a02-b7f8149be4b1"
"5190","61c567d0-e01c-4f5c-9420-5926298f5099"
"5191","3195533c-acdb-42dd-8c72-18bc36b3826f"
"5192","931b92cb-5705-4b6f-be86-36d8264e75d0"
"5193","c214d86e-fbb8-45c0-87d4-f2cefc954057"
"5194","ce84a0b1-5217-4653-8683-7fff7df37946"
"5195","e2b0d44f-df0f-47a7-882a-f8d7ffd40e60"
"5196","d48b4816-8e60-4d65-8542-29eb327551d1"
"5197","9783ee06-7ad3-48f3-8297-74cde9476894"
"5198","d6e800ae-bbbb-453f-8ac6-19973a8ecea9"
"5199","1532fc46-f911-4b74-93f6-c0334966fd6b"
"5200","0eb05180-6927-4c35-b898-176e00d0488c"
"5201","e5e17773-3a63-40c5-99e4-10e036cf7b99"
"5202","c7194910-5738-45e9-9932-22dbe2293a0c"
"5203","819c55a7-8bc7-423a-9b3b-7adf5a6e6a5b"
"5204","70a7b3b3-31ef-4b29-a30f-bb7299dff39b"
"5205","d1e78795-b3ed-40f4-abb0-21b689fa4ae5"
"5206","b18aa3d0-4f04-4b25-b983-21bf9ffb6ef6"
"5207","1c2b578b-829e-4ef7-b709-c77dd51d457c"
"5208","83218cac-3599-417e-93d2-26013cdccd98"
"5209","599a908b-83be-4822-afa2-a5a30f668771"
"5210","5fc0d7d8-bb81-4c1e-b420-e0f1ef8c2743"
"5211","8bad61b8-75f7-4bdc-b994-f7158f4b90f0"
"5212","d154e48f-95b4-4ce6-907e-4a44d50129fe"
"5213","095b0a0f-9b66-4e42-965e-d1c538a2986f"
"5214","22b8039c-c890-4610-9228-5527e3b98f12"
"5215","f9e42732-d143-465d-bc9e-b27758537725"
"5216","ef30e7f8-1ef0-4a6f-87ac-d6a701125305"
"5217","16977544-891e-44d7-86fd-444eadcf90ef"
"5218","51927003-a757-4552-804f-c045e21fdaf2"
"5219","e975b791-b488-4935-be44-06f2f9a443bb"
"5220","ec25e825-8c5b-4b46-950b-dcb87dd410e7"
"5221","febcc41e-bf0c-4733-a498-c2881c86ce88"
"5222","4e039fe9-e7d3-4d9b-82e5-381269a38ceb"
"5223","54d774a3-de3b-4425-b0d7-c03bc99a0937"
"5224","5865c47c-cf1a-4dcb-8871-d4a1ea4b047b"
"5225","2384ce67-127d-467c-8ac3-cdabd3629936"
"5226","f32eb5de-3fc7-4bba-853a-c6f2f043c33e"
"5227","dcaaa791-ee3a-4bb8-836f-68051a30039f"
"5228","8108e0ae-98f0-494c-9199-ec3bee50446a"
"5229","a1a032e1-4b7a-4603-8516-43d83707ffac"
"5230","24ff9b31-a497-4817-9e9b-c0ff3b3fa0ef"
"5231","e2c884e4-4952-4a5c-ba69-ad406b66bd7d"
"5232","20c6a2ec-ef98-4f95-8a16-c8006d9242ba"
"5233","dfc63948-4423-4be0-9b32-8e532f90f2ed"
"5234","c4782b3e-a5da-40af-a6a5-79855c0357fb"
"5235","1bd159ef-68ad-4a6d-90c7-e1ba4b258c9d"
"5236","ef2adfe8-d7a5-465d-bbe6-8f9e913ae7ed"
"5237","d9818afc-1dec-4944-8c9c-e3ae8fad176d"
"5238","d80ec9e6-7e81-4615-88e9-979b072e8864"
"5239","9ed54677-459f-4442-9917-995a3b970f96"
"5240","a8f2a095-9d03-43f0-980d-2b9fcc59a994"
"5241","ac6b866c-d18d-4572-b24d-fe65567f5943"
"5242","40001d93-8937-4859-89d5-2dca53290ff4"
"5243","8c3e63aa-b645-4fc7-ae8a-823dea0930bd"
"5244","bd770b66-679d-4304-a148-6b17e026a1cb"
"5245","0b4f100c-813d-4eec-8aa5-4227bb98c635"
"5246","1c7fbce8-741b-416a-8b34-f9900e0ddd52"
"5247","ece25f2f-e91a-4186-a221-caa715195fd7"
"5248","120e54ef-b480-4d49-bf8d-591dbd3598f5"
"5249","abadc923-3b82-4ef6-91b5-a59da89a097e"
"5250","e2088cd0-b174-468a-adc0-921efdadb337"
"5251","762de24a-8cf0-49f4-a3e1-2c6857e72779"
"5252","ea86e53f-e7b8-4cf3-89b5-48c961f7ad34"
"5253","cfa2be0d-96d5-4017-a866-962efb9c5070"
"5254","32d011d6-7875-4cc3-9755-28b366ef927b"
"5255","999f0cf8-0d78-492c-be17-06ee15bce47a"
"5256","82394321-7f35-4a29-b2fa-4a58f66258f5"
"5257","436b8f31-1a12-408a-be5f-a951942fbf92"
"5258","85038d57-1fdd-40de-b908-2c005545a8c3"
"5259","8c245dab-8890-47be-adfc-c85fc3be634e"
"5260","db85a2ca-04c4-4275-ba7a-b615c3686e09"
"5261","04e08696-b62e-446c-9b53-3b48f9af0904"
"5262","42ed3bfb-1a01-4c8b-9758-fc6438865734"
"5263","d5bcc417-a004-4165-b7f1-ab739eadd2f4"
"5264","670f8eea-f25b-4c3f-97ef-a4729d4c63d6"
"5265","79a5bc25-5b59-47bc-a4c2-fb8e8cb1ddf6"
"5266","b713a540-54d8-4648-809f-6304450579f5"
"5267","956487a3-5b0b-4d03-8d0e-01e71fb65482"
"5268","5303169c-75d6-4751-9136-a4b88343388c"
"5269","33e584f9-ff7a-4979-bfc0-5a3a374a145a"
"5270","8881a9c2-bd07-4954-bf27-c1f8acca9af0"
"5271","82068fe6-183e-4396-9996-27d0152d713a"
"5272","438ff259-d086-4004-acda-1ec3e1631bc6"
"5273","2450c3b3-e78e-435b-b84d-e05d984e71dc"
"5274","484df271-bb52-49f1-8f50-f19624bf4df2"
"5275","e6b8f934-7f35-4dc6-9a64-f6c43acdc00b"
"5276","8ff015a0-98ea-4d80-a23e-1f68110a919e"
"5277","24c200e5-be20-4370-a137-ab53797f3a17"
"5278","de0be6e8-644c-4cc9-9c8d-925dd98dda56"
"5279","fb7aee4d-f6c6-4a87-8e9d-8e542b3771f8"
"5280","1019423b-3368-4f83-b24f-19e5fa23e816"
"5281","5548401e-dbe9-4603-9917-1c8b3e0ad4ad"
"5282","91a6da8d-24dc-4453-9821-de305864677c"
"5283","6c1143b7-1a4c-49ba-849a-ae328673e566"
"5284","9ccb56ee-3d5f-4d48-8692-8f96fe1e4adb"
"5285","05e5e14f-ffa6-4106-b311-c6335ccc2bd2"
"5286","9f719da2-5ba8-46b8-b20b-3d5f59208f49"
"5287","c4867766-50f8-489e-98d7-262da5589c0a"
"5288","190b7060-79fa-4450-9a3d-c4ce63b0fa4d"
"5289","26ed52cf-30ca-451e-9699-a6c04a30649f"
"5290","a4557e97-d7f9-4669-88b0-c57591acce80"
"5291","09cb71d5-08e2-4d71-b05e-a5310c4b118a"
"5292","1a6d5cbc-74e5-444c-8fb7-00cd7daf245e"
"5293","1d86f05e-e9cc-40ce-99d8-2b21cc71b16b"
"5294","9e06bac6-6b91-48ca-8b7d-c1f48cdecd7c"
"5295","6efef9df-ac86-45ca-8b1b-a8178ef17b5c"
"5296","fd406035-5c82-4421-9692-08f991d91b3b"
"5297","a32e7fb1-af9e-4c09-8ea7-72b7442e9cda"
"5298","14832d87-2f2f-4895-b290-e4760ebae42a"
"5299","c8d53d69-d900-4092-af80-c5d0422bcdb3"
"5300","57b7804d-048b-4293-b8ac-a105d0468883"
"5301","af7ae54f-4649-4c16-87c7-59ba41d4d57f"
"5302","5da8018b-ae85-4cde-ad93-0394369018f3"
"5303","27c7910a-c3b5-4d8d-a713-a6c334929a42"
"5304","dffed0c4-0de5-437c-90d6-a1619eacc05e"
"5305","2de4572a-4724-4f76-afc2-72a568a264ac"
"5306","ef1e63c9-f8c1-46ad-8c74-3cea311c9377"
"5307","99a09006-31f4-41d3-b3aa-feb2aeff730b"
"5308","a96dea4e-1c76-4808-8f18-3ce662ff82cb"
"5309","68e8e227-b843-4f2b-8572-9cbe63aada3a"
"5310","9ce18534-9fa6-49af-9521-42c1e10fe07c"
"5311","95930ceb-4d39-44d1-a361-b60bad7df2e5"
"5312","be3f635b-b400-4eb3-b4cc-c44a34f26eae"
"5313","2a11d374-c3b9-4542-9349-b1f3844125bc"
"5314","4840338b-ac6c-486a-be1d-9ddfe00b8bdf"
"5315","4a30802f-827c-4706-9099-de85beee6cb5"
"5316","ef59f2b1-66d6-4a10-a775-00714fc4f2dc"
"5317","00506f28-e884-4496-800c-3477c67eb355"
"5318","b6e84c79-b9a3-415a-a1af-6149b3fba650"
"5319","61a9724c-ffab-4a69-a609-e593caf6f87b"
"5320","7f6f3d05-7b6f-4622-9082-6c355edfcb7e"
"5321","34250f4b-b39e-42bd-a2d7-783e90051b08"
"5322","9c2f2331-960f-41ee-a2c9-d26e258a156e"
"5323","598de5b0-5b58-4ea7-8058-a4bc4d18c742"
"5324","c062bab3-3ea0-4291-9220-a2d8fef4bead"
"5325","69f0167e-75d9-46cf-847f-72a592880ebb"
"5326","bbff1ad2-cdb9-4def-9c16-1d36af146a30"
"5327","571267c5-98e7-4dd2-b6bc-cde5aeec3eaa"
"5328","feaefe50-fcbe-4c5f-acbd-580724bf6ba2"
"5329","d38871eb-b988-495e-8fca-345677b597a8"
"5330","ad59afe4-6f8a-4bc4-acfd-0f228277508a"
"5331","68ef0e4d-5542-4e64-84f4-752cce5a3c22"
"5332","0c77bcd5-b94a-475d-98e9-5a4327e4d726"
"5333","7ee4c2ea-b349-4bd2-81a3-ec31475d4833"
"5334","74aa45cf-175f-47ef-9978-d9de437d92ba"
"5335","8ae07465-e7f2-4094-bd27-f4b8257f1e38"
"5336","783ab646-4ccd-4058-a512-152ba6c00582"
"5337","938973e2-c084-4c34-9dd4-382128caee6d"
"5338","a9728d44-4f93-489e-a517-b8b11b7ad0f8"
"5339","7b85473a-d609-4da4-92b7-a66cfaa86302"
"5340","2ee3dfd7-fd74-42e8-b32d-5b727e6e929d"
"5341","6f46a3bb-eb18-4c3e-b05b-8b073fceb4fb"
"5342","d97c894e-d330-4bd3-b8ba-138fc11855ee"
"5343","b895bd42-0009-4815-a150-eb9eb5caec21"
"5344","7e9daad3-8604-4839-af9b-dc6f8db3ef68"
"5345","ae0a4a3f-5e5b-43d0-86cd-c3c0314bd7fe"
"5346","b9f621b2-fecb-417c-98ca-802cbf0ba0b9"
"5347","611ed16b-99bf-4840-9cab-f55d1d286e0a"
"5348","eca40476-bf90-44fd-b318-c609ab083bc4"
"5349","f675d28f-9e1f-4938-ae49-c1d07f902fed"
"5350","8f822c28-fe87-4791-be2b-6b7889da7a79"
"5351","949ced5f-7536-4614-ac60-563ffc91a2f2"
"5352","f6d5f009-b188-45ef-98e0-18d700744892"
"5353","2a2fa8e8-aaf3-4abf-a60b-af6415f1c6d4"
"5354","960e6f79-2606-4a45-8971-b74876cb584c"
"5355","cc9b4fbb-65f1-4c92-9229-1392d03b6e20"
"5356","db27065e-3c06-4f89-aa55-48fd87dabf82"
"5357","7c3a172a-4c14-4a32-b4d7-bfc9913f9e25"
"5358","ac78df58-c269-42df-97f2-46a75a581dbf"
"5359","11877887-d81e-4fdd-865a-e47a40b6707d"
"5360","530cda05-cdb9-4ec2-b35e-644ed67981d0"
"5361","a06907da-7037-45ef-846c-4b684c9b6f91"
"5362","c8ab7e5b-b786-412f-a519-dfd93517b698"
"5363","3fa84dbb-f9f4-48a5-ab56-18d3ff0e5951"
"5364","e4d90d50-bd28-4a0c-a3a7-d4963e2a307a"
"5365","171eee55-19b9-46d6-aded-33193ba8ccf1"
"5366","c5afeb33-4291-44c9-a89a-373185d0bfef"
"5367","e72ce847-f7a9-40b8-ac66-ce291a2121de"
"5368","54f78038-58a8-46cb-9633-41ade03c07b7"
"5369","969caeb0-cfc5-42aa-9c44-0ca3c09305fe"
"5370","6fe76a8b-4d5f-4cea-b76b-5908463fb014"
"5371","c2999f0c-eb37-4cdf-b9b0-82107b628794"
"5372","2c474763-2cdd-48d6-8e65-c0a60ad5cf9f"
"5373","4503c65f-2bd0-4aa5-91cd-4188c7e5e31b"
"5374","f5652e8e-7e25-4f3a-bd31-509c8406213f"
"5375","fb58508d-f526-4f0b-ba8f-36571e845393"
"5376","d62755fd-2b38-45b8-aed6-22b4cb36f8c8"
"5377","48ca61e4-9b68-445a-87a0-270472a8fd1d"
"5378","cc5ba652-736c-401c-bb5d-de17990ed619"
"5379","9581639c-e521-4d12-9b4e-25faca24d34b"
"5380","9013b46e-5a9b-4929-8918-fcadfdfd37ce"
"5381","7718ad50-18ab-45a6-9eda-91e7634e3b4b"
"5382","8b9dc459-bb42-4c5d-8d5a-8cffd6a704c9"
"5383","e996a468-2097-42ed-98da-d8161e60a8e4"
"5384","17cb7368-2d27-4caf-8a34-e7ce96af89fe"
"5385","7263d760-f114-42b8-8d60-3b9e8107e990"
"5386","05cd9341-0d92-4bcc-983c-bf47132ac3f8"
"5387","ca17f0df-59e4-4ed2-9360-fc5325bc7151"
"5388","38bceda2-af8c-40f5-943b-c9f3f13db6e6"
"5389","968ae7d9-40ca-4593-8dc6-fac11e4eeb6b"
"5390","ca02218c-c5d4-41d6-9a11-1d7447f05167"
"5391","44e5dcba-0731-493b-848f-a7d2a256ba8e"
"5392","5a8d4d8c-ff64-4f82-945e-ec6f56e05cbe"
"5393","93261e82-8ffe-4a8b-b8b0-02265edbf562"
"5394","3d2a1f45-5367-47d2-a15a-a8fc72a45bbc"
"5395","056f3e1e-ba27-4498-9fd1-c22ae04dbf3a"
"5396","e6ec4da7-8c85-4e80-8660-075f36196a45"
"5397","e4aea84e-6f33-41f9-a61c-53cf5125ea26"
"5398","272b74a0-f01a-49c9-ba36-7bf3ecfd198f"
"5399","3013c7d0-b22b-43b0-9318-c0e8eca25c78"
"5400","43e346fb-ddc8-4679-b975-e5d0644e40ad"
"5401","e394b68e-576e-48d3-9d8f-a7ead7dfb008"
"5402","a1ce519d-6aeb-4f54-955a-beef7f08f5f0"
"5403","d07e7d39-60f9-4ab9-ba03-73f5f8d65cc8"
"5404","d2e42e14-80be-48cd-bb0e-ea2f0892f951"
"5405","a79f7982-36b8-44e7-b19a-9b7366ca2e87"
"5406","cf22d572-a77f-410d-83e4-3a627cc8df77"
"5407","12a6ed6e-079e-4c72-a1e8-23391425a088"
"5408","d6af2e83-6f95-4882-9774-af91ed59d4a6"
"5409","f8249dd0-c832-47d4-a9b5-0dad85d2bd16"
"5410","debb3ae0-7e55-4a0a-bd35-4372df770dad"
"5411","9601b2a8-68e4-4906-9306-a23679b8f0b0"
"5412","4118be70-c09d-45cd-b53e-0bcdbdc98be0"
"5413","349f6b99-9b8c-4463-9665-9842d95af241"
"5414","2a2e85d7-75cc-40b4-8a34-82277d72eb84"
"5415","fcc29203-1f8d-4c54-90ee-78cb18467695"
"5416","53a2c0d8-d08d-483f-b708-7d6928f63005"
"5417","b1fd9eda-3d2e-48ef-9c1d-0ba318e3c7e6"
"5418","03227978-f839-4cc8-88a6-0a3c44d2c776"
"5419","6badc79b-4353-4f95-b248-57a9ed07c7ac"
"5420","47ac9325-b072-4e37-8e40-e6ffed03e851"
"5421","fe1ec582-d63b-466c-9149-e7fc4fe93e22"
"5422","f929c89e-c363-4132-a918-e021d57b307c"
"5423","cf579543-272b-43c8-b942-555836ae4241"
"5424","9ea652f6-accf-45bb-b9a8-590f06f7bd51"
"5425","1f5148bb-1eb0-473d-a312-50e4ed24159f"
"5426","d87269e5-722f-451a-8616-4f9e13431e57"
"5427","8a99780c-5345-4783-8ee8-97dabb9401ab"
"5428","31587950-8b69-4a15-91c2-74dae22d38a4"
"5429","f40ab382-0a5d-4ade-af36-106c85ec7353"
"5430","899e57b3-b1a6-44c6-95d8-faa058294366"
"5431","147170ba-0141-4337-89af-b4513d745afe"
"5432","c524d364-e818-44e0-800e-5963f42b07e5"
"5433","f3c5fae0-c0e3-4410-bc09-62bd82d4cecc"
"5434","bf257425-65f0-406d-a971-6500ae91a575"
"5435","db36f7f1-5900-45bd-9ffb-f2b19c4362ac"
"5436","ccbd0898-e225-4abc-8992-57a23b0e2eec"
"5437","657b4b35-7d90-4f91-be1e-be69a61e7adb"
"5438","eacac7e2-4e88-4bd3-9797-1dd1922cd10a"
"5439","cb871f4d-d878-43f6-97a2-b334824146fd"
"5440","62268d9a-42f9-4c65-9ed3-d7ba69249896"
"5441","beb7712f-5a8a-4a4d-b75c-e3165a3da7cd"
"5442","908f0c27-ccc8-4c8f-b926-037c3beaebd3"
"5443","69cbecb1-2a77-42b6-ae0b-61507e85ddec"
"5444","ee93e363-0c2b-40ed-bbf1-aa5aaf9683fe"
"5445","88033500-d3a7-4a94-ba88-0f1680b9d017"
"5446","508f3b4c-799a-4742-b3ae-75f2ff11153d"
"5447","3d395072-95d7-4706-986f-a7d29ddbd547"
"5448","f6f22c8e-249e-4e82-9528-6779a947b265"
"5449","11bebcd3-ad55-42b9-b9af-4c7cd7953e3f"
"5450","5b6fb4d6-582e-4187-9f17-f6e582f8714f"
"5451","1cca610d-2afc-44a7-97fc-f2262fb5fc75"
"5452","67785eab-0818-41f9-9756-a8e0a215b95b"
"5453","9926889a-7074-4e37-acce-1271fe6c5a6f"
"5454","e0324a23-7946-4851-b770-d1fdbe79166d"
"5455","691c7db6-bad8-4a09-a3c4-4bf799375a35"
"5456","5def6d00-daed-4d21-af9e-47938cf1877f"
"5457","dada8e80-2a53-41bf-9eac-f8c1f9971bed"
"5458","203083ca-b051-4c28-8986-fc8731bacee5"
"5459","41de7eb8-be07-4822-ba85-b76e9b8d6e4e"
"5460","303c6ab0-21c3-4b09-ac77-d405936857d9"
"5461","28ad7c97-9fb3-4b1d-846a-654e529ab8ac"
"5462","103f7814-d262-4df6-a1b6-759bc51f76cb"
"5463","be80acfc-b6f2-4411-9b8d-b19d9cd2556a"
"5464","eb0d83b2-3aa4-4a36-a60a-99b6746429e2"
"5465","3baa5993-1438-41d3-b629-9412ea8833b1"
"5466","90d7dc07-3d66-4364-b6ff-c40a1fe1b849"
"5467","284771c8-2648-4443-a39c-adf9b6808f6b"
"5468","b0ac313d-de44-4344-ada6-76d2177b6d92"
"5469","5c99d21a-9d02-4638-9b52-a6ba840dcb0a"
"5470","f715be1d-5fc4-49d3-82a5-0b8090d12849"
"5471","70d9b308-f8f2-4a4f-b4d9-54b5c8648c05"
"5472","f82e10fc-392c-429e-bcc2-0b9ce5ee886f"
"5473","47ca0da1-cae5-4395-ae6b-fd97b9ff48d3"
"5474","fae27053-8924-4bfd-b565-c9fe502044c9"
"5475","09f2f811-a3fb-4de3-a70f-6420a6935575"
"5476","cdd8b6b2-2fd9-453c-8d62-8a1dc6efcd49"
"5477","0f9958d2-f700-4f62-b90b-a5873cb5ae4c"
"5478","daa52226-7795-48ff-aa3e-ad3189d9aa61"
"5479","bcfe38c7-7495-4cbc-894b-e321e3a30717"
"5480","56d9c810-c598-4e4b-85ab-722674f90fe8"
"5481","04e762ae-18a9-457f-9b2e-280cdddae1f0"
"5482","2d154e1c-3860-4cce-8967-b354f030a8f8"
"5483","be1b93a1-dda7-436e-b291-7fe28ae9a450"
"5484","2832382f-fa74-439f-a85e-6ff2d03c9cd0"
"5485","441da17f-5560-43d3-920e-2865931c96d2"
"5486","761fd66c-f138-4403-9588-c1b0b1e6b9db"
"5487","490b7aaf-f44d-4ea2-a2cb-d3e2c2f1938d"
"5488","d87fe0be-9055-4a76-a444-e98b5bfad9d8"
"5489","7482a123-e801-48de-9733-262125671410"
"5490","d669af41-756c-48d9-a286-1443253f54b1"
"5491","2708b88d-e849-48a5-a2b7-50b79d91b675"
"5492","f5122357-c3f7-4f3e-b0cc-25173199d554"
"5493","d2a9f2d0-9de7-44ce-a168-590b85234f20"
"5494","8d10ae08-3b0d-4bbb-86c5-25dd2c6858cd"
"5495","f5b228a8-869c-4cfb-b5f6-daef86f395ef"
"5496","c8fa4313-80b0-4f37-8b1b-1739707bc362"
"5497","a3b516b1-a711-4add-b0de-9f3d05c4b461"
"5498","c4d86aca-6c99-4881-84ec-19ac6ab7e87d"
"5499","51729032-56d3-4092-9dd8-23d6cbd97511"
"5500","b20ea066-d438-4c86-b70b-9eff66d314b2"
"5501","873c298e-96c1-487c-b752-6b8a0f30b38e"
"5502","be040651-f357-45d0-9e1a-d98245be6546"
"5503","beb9653a-d31b-4582-8492-340c068745bc"
"5504","4cd85845-f31c-4306-994d-e12d45114d83"
"5505","5aa4b603-6edd-45cf-a2f8-3d242e55f3bd"
"5506","80220259-7c78-46e1-abb6-1ddb4af68e7a"
"5507","795f25e5-7989-4e60-9be7-8b1b686a1547"
"5508","9437a218-22d2-4eb7-bc64-b4555eb4a95f"
"5509","04e6f19b-6458-432f-9790-3979831a03bc"
"5510","281be11b-c0a1-4948-8de5-0ba6cacb4296"
"5511","2bc7884c-0d04-4ae9-a4e5-dccd77701ba3"
"5512","4c459ffb-4462-410e-8b60-e16092738e91"
"5513","5b22f5a1-edf3-4476-8487-ed4ab344edc5"
"5514","3b927416-da82-43ff-9e27-8233e467edb6"
"5515","60fb1a08-82d0-4d96-a176-9ad68bf74761"
"5516","1b957e3d-0017-42b0-9bfe-49a1cdd31de7"
"5517","a5b0cd5c-e13a-4ab3-8d93-4d242adcfb01"
"5518","59ea80e1-463a-4dba-82c6-d0b6d577d532"
"5519","07862bb1-835a-4f14-9245-17717dc550a8"
"5520","d8567009-7c6f-43fb-82fb-7154ed8ebca9"
"5521","6cad4013-3055-47ba-8316-0720e1a55256"
"5522","0449bf39-a288-4ecc-823a-3d194be5e932"
"5523","78d90f00-5226-44fc-95c2-0d8dac6b081b"
"5524","7f2afce6-e98b-4bbe-8441-d52b45e28ab8"
"5525","60b44dab-03f1-46de-be08-0e5ba8662b3d"
"5526","4f1afd9d-77a7-40f8-a3c7-fe18b984ce43"
"5527","14764a75-3104-4875-ba1d-57c059b9b013"
"5528","a8c14569-704d-4615-bfb3-b1ecfd721bb3"
"5529","f5f9b6fe-0ff2-4c0b-887a-12702d8612ba"
"5530","6f728d63-5c45-40b3-8bfd-e17c5dba28ad"
"5531","b11fe9a5-4e80-4cb8-a902-7d53a6b28b47"
"5532","4cb58ef4-67a9-4bea-a743-2c83ebd60e79"
"5533","c4949dcf-bbcc-40f2-8584-6c6299beb7fb"
"5534","03305638-bd08-410a-a960-f963ad89cce6"
"5535","c14f7ca4-fb62-420b-925b-8ac8d98c9dd1"
"5536","e4a9ec84-4eb3-494b-8a70-0fcf0d687f03"
"5537","f53ec337-786f-4904-951d-adf3655e1c60"
"5538","83bf74c8-6d77-4aac-9a36-f3118a066e51"
"5539","560db5a6-cd42-4d8f-a5ed-69308e5ce011"
"5540","16504009-552d-46b8-bfc3-b8dcaf556c9d"
"5541","d9eaf831-9348-4330-a83e-b7c099cdc8f6"
"5542","89314406-22ff-4199-bd52-53c7729392b6"
"5543","ab2e56f3-24f0-413b-a67b-291a67fc2d1f"
"5544","2847f2cd-36e2-42f2-91bc-ede7aacdfaaf"
"5545","dda69c90-2355-4ab5-b0ef-6ada47f74cc1"
"5546","676807c0-348d-452e-8eab-40fb7b9e1594"
"5547","7ea25aad-b02d-4491-b748-07b7f075d11b"
"5548","3f6dc31c-ceef-4e93-9d8a-b4b862cf9b51"
"5549","4babe92a-68a1-4718-b1ab-640735c2cd53"
"5550","baf501a8-f0fe-4ad7-9b69-8e920fa1a87b"
"5551","7bdcdadb-146c-475f-8cff-921c6fd5f858"
"5552","3d3db1e7-b041-495e-8a93-deeacded8a2f"
"5553","6957717a-84f7-4af5-9791-b3f6f5cf6084"
"5554","52b38e90-3d05-4042-a9e2-d19dec8dd7c1"
"5555","aec4c9bf-9c44-4f9d-99f1-70011cebe1a8"
"5556","f464be1f-4bb2-4501-a7d2-3ff74daca3bd"
"5557","0415142d-6921-4f8d-832b-6271382b8193"
"5558","6c65bbce-15ce-447e-9666-0fe928f5588c"
"5559","08cdc2d8-3b6d-491b-8c0e-f631855c8083"
"5560","6b6c1537-58c1-45e1-b4e4-f5193fb0a6dc"
"5561","7957b5f9-1f33-4ff8-84e9-e258b17882c2"
"5562","2e5c3901-cac5-46a0-ad5d-b98a34680513"
"5563","eaeb2b76-c095-4bad-89da-0ead3c10db59"
"5564","7803e87d-5df8-42c2-aaa7-7ebd557ffc5a"
"5565","65825c90-dd02-4533-8192-9195c18e1676"
"5566","6a0aab53-6246-41e8-a910-e7a13f314860"
"5567","d1f435d2-e574-482c-8187-4a6c2214c683"
"5568","d512d178-37a6-4eab-a660-412d2bb0824a"
"5569","0dc8813a-cebd-4a42-acc8-9a7c4e6e3663"
"5570","f0c3839a-e295-42b5-b986-b3960c90c79f"
"5571","d40d24bc-e531-417c-b8f5-cd22be702c28"
"5572","db9f6f5d-2177-4c49-bf97-8eb462536665"
"5573","bf318ffc-0b68-4915-80be-8c8b500d344c"
"5574","82423b5c-486f-42e7-b00e-7358757a8de5"
"5575","6e34b68e-0d61-49f2-bc4d-571c0326d857"
"5576","be64bb4c-84ac-4c83-8cc7-fc8593e15136"
"5577","219eab1a-b297-4468-a6ae-92bebabf38cc"
"5578","325e8546-a5bb-4bbe-be43-07df4cd2970e"
"5579","6290031b-4183-4849-ab02-11a3ea0494da"
"5580","3159d806-fa7b-4803-9288-0c0417b7871c"
"5581","f2c26cd0-f823-4549-a418-f84d23131308"
"5582","fed5b267-73fa-461d-9f69-827c78beb39d"
"5583","07d1dd29-4954-48f0-b807-6df53a7bceb2"
"5584","95992467-644f-4178-97ad-b0e50a8ab084"
"5585","8f5d6a1b-32fa-4c3f-b3d6-5f070d2e0f74"
"5586","857e8624-4db0-4725-a758-5914bd8cc350"
"5587","9fd17276-f2c1-47a3-8a42-808134136630"
"5588","fabd4be5-c648-40f7-9706-f2d99f065119"
"5589","9a58cd26-58eb-4a1c-b1b6-64037fe9cfa1"
"5590","d0bfb5bf-2234-45af-8d81-421a534e3a52"
"5591","e186976a-64f0-4052-a25b-297d19e1d0ec"
"5592","a501695e-a054-409c-9456-75678b795245"
"5593","2336b108-a59b-4ff0-84c4-d838b4d297bd"
"5594","f2af6651-a600-4324-bd90-b22cbcd67068"
"5595","d15f8745-28f8-4abf-a7b6-6cb8a304efd2"
"5596","08040bcc-a824-4441-bfd0-738b2de965cf"
"5597","7557f0f4-b8bc-4ac0-b91e-222ab1ba744f"
"5598","9d2e926f-53d9-41f5-98f3-19dfaa687f3f"
"5599","790a335b-2005-4b8a-b6fe-47ff7701ebb7"
"5600","8af372fa-7b85-4bab-ab20-3f2eb980c400"
"5601","6ee0f29a-2be7-4dd1-bee3-6ee2a3539376"
"5602","b70ab677-5781-40b5-9198-d98f4a34310f"
"5603","2284d858-5836-48c6-8c70-86bf2b62e462"
"5604","0295b2a4-fb86-495f-9547-d479532fc4c2"
"5605","f81ff65a-f235-41ea-af47-620e535c51e0"
"5606","d0f01be9-5672-446d-aadd-eccbff1de14a"
"5607","8dcbcabe-09f7-4d11-940d-125af57bbc40"
"5608","31eecea5-c1ef-4e5c-96a9-808ff4e43813"
"5609","bcacf8c9-b60c-4954-bdb6-0828bca2930f"
"5610","6dbf93ce-2e5d-4116-a9f5-5468968d59f2"
"5611","c4b5eec1-2da9-4353-acd4-fbbf929123e2"
"5612","ba1b0441-a6b8-4e57-8ccc-871012f63e42"
"5613","dda26251-7331-41fd-871f-1106ca468189"
"5614","33a8fae7-d559-43e9-af8e-d48579865748"
"5615","3bee464c-bf7c-47c9-b33b-0668d201a387"
"5616","e54ff029-1ce9-447d-a5b2-eb7283a23e6e"
"5617","4e4a9605-66d5-4e47-b591-bdc2d0fbdba1"
"5618","a5e4890e-85c4-470b-84be-66095378b624"
"5619","e3fbd312-a4b2-4bfb-a589-be28f134f1c1"
"5620","cf2eca70-a30c-4bb7-aeda-61c434a0f05c"
"5621","3ebfb75e-f4c4-4b16-a006-0b1980ab141e"
"5622","ac33e224-5027-4799-989a-b57db935f97a"
"5623","5340627b-1461-4e56-be7d-87207317d555"
"5624","4ef70fd4-d340-4524-b7ad-f9f7baeab96c"
"5625","b30c2dd2-996c-4984-9c68-ce05bf26f1e1"
"5626","e5f77488-7561-475a-9888-decd2443d37a"
"5627","001d46db-035e-4b92-83a3-ed8771e0c123"
"5628","4f6e68b2-85c8-446e-a96d-b306ec7e0091"
"5629","73aeff8a-28d9-46ca-9920-a9f37ce074fe"
"5630","4873958e-12a4-4f3b-ab06-fb00652601c4"
"5631","2755816d-b765-435e-a29e-dddfddee1786"
"5632","78101d08-0c97-43f2-bfb9-19cd59cf4b63"
"5633","949c119b-3433-439f-8ca9-1a9ce04b696d"
"5634","64cb2785-974b-4aa3-818a-0310602185cb"
"5635","0ebd8359-48bc-4b28-adb1-450774e5f683"
"5636","88de5ff4-310a-4f4f-9b47-349eb5589902"
"5637","0ba0717c-3a7a-45a3-834c-59c554e56c72"
"5638","0dcbf7c5-bedf-4485-b16b-23df54443864"
"5639","2d6d4784-0992-48e7-b100-22d7229b3f0a"
"5640","71f81e1a-e2ca-48d6-b7b8-7a34c56c51f8"
"5641","3a116ee0-19d4-49e9-a8f0-f2cd4f51c463"
"5642","b4e481fe-8d7c-41d7-9787-a5dcee658e3a"
"5643","24e09e11-49f4-4e65-86a9-d8179eb6f4ee"
"5644","4af56376-7b2f-4ced-ac58-0c3967bd1e83"
"5645","ec410a76-f890-4012-8863-b82f2c75527c"
"5646","73de691d-d112-444b-a99f-606888fa9414"
"5647","09f4c52b-ac72-4f0e-a8ae-78bb1d7bffba"
"5648","94c41e56-2a55-4fbb-a03b-e3ca2080d0f2"
"5649","0539bd09-531a-4857-b739-cfd0316e4c65"
"5650","87635702-302f-47a5-8f3f-30c2cde8742a"
"5651","d96b6330-c73f-443f-9048-702b2226f62b"
"5652","a196d64e-214a-4be3-9451-88eadb0498cd"
"5653","ae04aae5-968e-4b05-ae3a-a38d61964528"
"5654","e71e0f4d-4ae7-42c9-bf71-ca5126727477"
"5655","89c64f74-7cd5-4fc1-adf4-48d1248dc937"
"5656","c2aa438c-4f6d-41d4-8146-f899dfb4d1f1"
"5657","da179276-69c8-47bc-a925-215bd7830179"
"5658","1273b436-800b-49f5-91ad-82e22f5ebe57"
"5659","d2e66c64-ee69-4854-8978-b6d1210532e1"
"5660","415a2d8e-9923-4ace-818b-37cee1f5096a"
"5661","24e3d6ad-3357-4c6e-af8d-909f0e22f1bf"
"5662","815d1585-1706-4d01-b178-535df35bf403"
"5663","e52c1125-1d27-4e3d-afc9-761ee5f678b3"
"5664","32fcad69-381e-43cb-aebc-94f51ea15bab"
"5665","8a16add0-6faa-4387-896c-ee641568d89f"
"5666","4e6d2538-a48e-48a7-8dad-14b067cfcb8b"
"5667","7ff46b5b-bdbe-4904-95b5-cb1b2e62a77f"
"5668","334e3e49-fb02-4051-809a-f06adfdc1c40"
"5669","e23e81f5-18db-49aa-ad9b-b3d0fdcad1d2"
"5670","fc461d64-ef74-43d5-8fc1-e1d1943e5bc5"
"5671","692b9132-5b2a-4c62-8cc8-6d02ab5668a6"
"5672","2a093fd2-bfed-4506-ab58-257e29e238f0"
"5673","2937cef9-e822-4f1f-b569-4ec0362fa5f6"
"5674","63b9a087-a5db-424e-96ef-3212c8b5311e"
"5675","55e286cf-b8a0-40bd-9e87-276cbc0284b9"
"5676","f8bd29a6-b32c-4cc4-b171-389f88830f53"
"5677","059b2748-e1df-43d2-8a08-0331fb8d0ddf"
"5678","fc513c64-c7cd-4be2-a8ca-a342d0331a0e"
"5679","52838a25-11f5-4cb1-b4ab-c5c7d59041e8"
"5680","ec3d6423-8c36-4451-893e-95b4a6a026fb"
"5681","279e8cb1-b704-41b3-a1c9-60f130e303b4"
"5682","ec6bb2f9-7f46-43f3-a3ad-5233ae3986cd"
"5683","59998878-fa14-458a-9085-06b45e89df1b"
"5684","fce3268c-c944-4a5f-8b9c-034a72d5df13"
"5685","59bfa2b4-c5e0-44d6-afe2-991d173516ba"
"5686","7bb85eab-18df-437c-adce-7b729abb315e"
"5687","3364034e-78b0-4faf-8dab-6b40bec41159"
"5688","629c9139-8a87-447b-8f61-bfe678cf3e7c"
"5689","89c1d71c-f443-4e60-a7c3-f824ecb10597"
"5690","7f107a85-d6ac-410f-a995-d635c5aa418b"
"5691","c01b4549-3bc2-4640-8ecb-ef335fc4445c"
"5692","3ab7c355-94f2-4b07-ab1b-4dcb29745b0e"
"5693","bf79d407-559a-4ef3-a771-fde99da5beec"
"5694","1c3a0f83-8ee5-4693-9e3d-f1546a59a653"
"5695","af2e97dc-fa66-421e-a793-ba4e4afa2dad"
"5696","8c1ffdbd-3581-4102-bcf9-d802ded713fa"
"5697","8248a071-5307-4a64-a62d-643a35ec31e2"
"5698","c1d7a6df-92e8-4b2f-9259-e04dd7242be3"
"5699","9c66b182-96ec-43b3-8821-2aeb7df66f12"
"5700","dc2a04ca-61b6-4e37-a8b1-ff9f6f208c49"
"5701","b3f971b2-6c11-43d3-b5ce-8ba7f5a223c7"
"5702","bc038a0a-27af-4d9b-a6b5-93b9d9314d21"
"5703","e89af3db-c486-4534-883e-b119c6124297"
"5704","81f53835-1dfe-4819-8bc1-01d9b647add8"
"5705","bc87f316-b87f-456f-b8bb-0e6efa965999"
"5706","8a5d67b6-4abf-4fae-bedf-78c8882d7d47"
"5707","4394a7e8-ffec-4062-b679-a2570260a84f"
"5708","6853886b-ebc5-4b91-98af-9a4ecca803bd"
"5709","cf2005ee-c788-4283-81d9-b443dfdf2c2e"
"5710","867137fb-ff1b-4ca3-99f3-cb6969aa2c68"
"5711","1633770e-5606-4422-b293-6c8c551fe663"
"5712","068271d5-c50f-4d5c-bf33-db3727bf69e2"
"5713","0c8c1e58-1c48-4efc-9359-9a28f803c52d"
"5714","66654c94-4657-46f2-aecb-606fea2cb14e"
"5715","b9aa41a9-636f-49a8-ac9f-24fc18de07c2"
"5716","721419a7-f1b6-454c-80f4-2a84ad90dd33"
"5717","36e9c099-614e-44f1-ab0a-5e6fda4a0763"
"5718","4c03cc73-cd21-46b5-8d42-eb97b4b7dfb1"
"5719","eeabb115-df17-44ed-bdf9-5d27ba5d5521"
"5720","edd6a6bc-139c-45de-8f1a-d0ea353f45ab"
"5721","0a244ad8-4aa0-4ae5-9f7d-f11931028687"
"5722","6a018f47-e8eb-484c-9750-9ee304329876"
"5723","235a6894-16ad-42f4-a16a-d0da28e7448c"
"5724","7193cb6d-8334-494f-86e5-21e6d03a47c3"
"5725","d1a86399-24d8-415f-98b9-e8cbb6b04a26"
"5726","d4e9055e-597f-42ca-98ac-a5e3d8e881e1"
"5727","a521903b-aa32-4954-9790-961b0df1261f"
"5728","b04c4965-4fd7-4dfa-a8d4-0cec5c5f5d0c"
"5729","c5e8abde-d2ba-4e8e-a65e-720b71180666"
"5730","4ce09e3d-ca6b-424a-a328-7f551db75e59"
"5731","43f0bfbb-8cda-4e31-8dcc-9ea479aae08c"
"5732","4f5ccaad-0e4f-4e9f-8246-47765564387d"
"5733","7f18039d-dfae-471b-9daa-507f6b2d2842"
"5734","1f632076-fd9b-4b18-a9a2-b59a59181d3e"
"5735","538f8bc6-a5bf-422b-8112-5ad3fe9de9a0"
"5736","61844a55-4103-4bf2-afcf-08e4ee120928"
"5737","feb98135-93fe-4b57-b7f6-cf7d4796bc39"
"5738","9d5e2143-08db-44d6-83d3-12c87dc23586"
"5739","1a165a9b-2006-49e1-90b8-c0709933b4a3"
"5740","8a16ada9-2794-4c81-bb48-5ec1cfbcf1db"
"5741","7c821387-b428-4f75-b5a7-7b038aa81cfd"
"5742","5da73370-f6b9-417d-a94c-09bf01f84aa2"
"5743","a0d79341-8398-4019-ad1b-27888ec35aaa"
"5744","fdc388ba-c8f4-4455-a55f-ffdf29b05f5f"
"5745","c71e5209-dfb8-456d-a1ad-5ac657a92812"
"5746","04fe962b-4017-4eb7-9139-7d69b6922bc9"
"5747","c0133edf-845a-47bf-968b-bd4a5bd03bbf"
"5748","4fbe3e87-6f12-4764-b6ea-dce1adf4547f"
"5749","bcc0db5f-c1e8-4f08-b68b-020396ef07b9"
"5750","7d10fcb2-b368-48ab-996b-7c9fafcf68ed"
"5751","5b264a14-d4db-4352-9278-fbb63c5ebed4"
"5752","82de2df7-0d6c-42b1-94ac-b3e9a029e917"
"5753","b34e2ba1-9080-48c9-9b42-ee9192a4d3f1"
"5754","54ddd422-5905-44db-93d4-03b17b913c5e"
"5755","9ab0a456-e4f6-4070-a360-46e1009b6c0d"
"5756","7a757fa5-9a6f-43ab-9e66-f8f4dba1ffcb"
"5757","f1c5dd7f-8be0-4c07-a1bb-f2f9f81eba03"
"5758","c3fb1757-a529-4336-8898-4e96cd99f95f"
"5759","1c43679a-c6fc-4b42-bb8b-452a34ae9b73"
"5760","0f551181-e1af-47e2-b2d8-ff9f4e011ecd"
"5761","87a708d8-a14d-42ce-8f03-c8a199f999d5"
"5762","79c366d4-0316-4838-b72e-c3be4f90fbd3"
"5763","7373abdb-ee5a-4949-b4ae-dee60ab37914"
"5764","7ff2c668-0e86-418a-a962-4958262ee337"
"5765","64ab52f5-9200-45a3-a127-679b487c6415"
"5766","2b285a57-4add-453e-af5d-3d986a65c8fe"
"5767","3c6fe585-7d12-4315-b579-e30c042088ce"
"5768","a28df07f-976c-4eb4-b29a-06161af39756"
"5769","25b291b5-8245-4d9d-b391-86a8a31d7109"
"5770","414332e4-8347-4771-b947-65bd3801a620"
"5771","56a10e3e-c9e7-4d39-b6f1-6013398fcb3a"
"5772","1bc718b6-ed90-4a9d-9fa7-8cec928a4581"
"5773","9889b795-d755-41b2-8afd-2e3c87a65a38"
"5774","1b70a55d-b8a4-49fc-96c6-15ab4cff2522"
"5775","4463a721-69f3-413d-8321-43e3af13a4f1"
"5776","429f440f-9dc4-48d3-80ae-e58fce165cca"
"5777","415abd43-e8e5-4643-b5da-5f11307af57a"
"5778","8ff314a8-57d7-4b8c-bf41-79f9572fedd0"
"5779","16636767-c215-4cf0-b126-e144fea20926"
"5780","bc067d2e-e151-408f-8e34-24effd2b7fd6"
"5781","16a00c69-9c74-4c37-96d7-6301d285e5ce"
"5782","a46743b7-ff8c-49b6-99f7-7fa5bc241771"
"5783","f9da1ca4-40f4-483a-92e6-0a0c6d078638"
"5784","cc69175e-c35d-4494-8844-e71385ccce4a"
"5785","e724205b-6b9a-45b4-b629-cd32a6c80b4f"
"5786","5fed696b-77d6-46e1-aa57-e520928a9837"
"5787","d31fab87-2a7d-485c-b699-2901ca294b15"
"5788","8a1942a8-bebd-4cc5-bdff-fe215aaa3de5"
"5789","440f64e5-e66c-45ee-bc29-53c14a2ad720"
"5790","890e0046-184f-4b1d-a00c-41f6eb34481f"
"5791","7cd6de25-f691-4aac-81a2-a9d09b004b38"
"5792","6474fc36-67ae-436b-9d39-c14402c6a89b"
"5793","5c845ff8-b3f7-42b1-a846-a4238a8b404e"
"5794","31d35d3d-2bf2-49aa-9c20-92566ef80277"
"5795","6430eb0d-c6de-46b7-a7fc-3dd2e8e62a69"
"5796","ff340526-6bf6-4cd0-bcb1-87f1d6265bda"
"5797","c779cf40-506b-44b6-a366-b3bff0a5e11a"
"5798","f632251a-4078-4546-b19f-7ef528d08325"
"5799","70bc4cfe-16c8-4433-a873-15ea8620453e"
"5800","09e8e770-b467-4fba-80dd-7e896ada0d5e"
"5801","37055ceb-1234-4987-bc40-a3ccd59c5b26"
"5802","2c4e11ef-da18-4e19-816b-e6bc19e12424"
"5803","432ab648-aece-4237-969f-8bca94fe181c"
"5804","adc76417-47f8-4f3d-8037-3c5c5ce9d9b2"
"5805","0af062de-eb43-41e9-9b96-249e2cd22d26"
"5806","db77825e-0f3e-47d0-abdb-356794484272"
"5807","b92758d4-4591-4df1-9ceb-f907aa71ebd9"
"5808","1b270383-b30c-4092-a9ed-b1637ecf2b79"
"5809","2f954283-4642-409a-8e9b-d6ae0a11b358"
"5810","7364cc39-b9c0-449f-9416-57723e2fd9c4"
"5811","f683ae1d-cb7c-4aa1-b9fe-205e1bd23535"
"5812","f4229545-9cd3-4abf-ac7b-744040a7a61b"
"5813","a4ec696c-ac73-4bd5-8a3c-09a783cf3944"
"5814","12d2c08a-3b23-4b15-8aae-15e675f60182"
"5815","8d6a9e62-1e89-49df-8147-680081ce5315"
"5816","5b9cde20-f1b9-4adc-bfb3-dbf70b14138d"
"5817","ea57d35d-cdb2-42cf-a2aa-1b23ae39be32"
"5818","76813cd4-7317-4d3b-a46e-87f362989deb"
"5819","00c51318-4ea9-4d37-9cd8-74680583d203"
"5820","65bfc98f-19d4-4b1d-aa17-037fc6500ae6"
"5821","71dde84c-0058-4c52-a556-523369333db8"
"5822","580660a6-5d3a-421d-a54f-d85b706c2b2f"
"5823","12a105f9-8288-48b5-91e3-ac886c5f77fe"
"5824","1e186b86-9ef9-405b-94d0-73593c5f6dc2"
"5825","d6b11049-c4e7-4768-a09f-12c92498133f"
"5826","b45cda99-dbbc-4fde-8844-3e3821f523ee"
"5827","fdf15b35-9028-4acb-bfd2-43f00a015cd9"
"5828","51754b8a-3e2c-4cc1-86e6-cf510d9c6fe4"
"5829","e7be825a-1fba-4da1-ace9-d1ca8e7875ea"
"5830","c7b1e520-8921-46dd-b444-e0637323bb7f"
"5831","3325729c-96db-4217-a9ca-4564cc1f909b"
"5832","5bf7f85a-b080-4b27-8ddc-9f62af4643f5"
"5833","a99c6783-50c0-4f7a-99df-bf93429ef6dc"
"5834","234aeb8d-56c3-4531-9193-1c5e6a8d16cb"
"5835","8ad984cf-6506-42ee-8d15-0ac571be0354"
"5836","5591ec30-b8a4-4498-8f23-945c915175bd"
"5837","75f839c2-fd9a-4ad3-8921-6e734608568d"
"5838","0f2eee6f-2203-4cc8-9d79-854d2d5d8131"
"5839","58c3ed60-c06b-47c0-b213-4e3608608644"
"5840","6561c8e7-3851-4878-bcf4-d2ffd63d835e"
"5841","91aade3a-9427-4e80-998b-29492dcb9ffd"
"5842","d7d53919-5313-4f23-a701-d12f86c03a60"
"5843","53b12b36-d27d-4ae9-8681-36d1cf697939"
"5844","c643e59b-d74c-4f44-b76e-6e1d96c05ec4"
"5845","ae57a9c3-f761-4b03-be2b-99a781704c73"
"5846","2aa6039e-c747-4f74-a61e-e96a195f3260"
"5847","5ef0c719-5bcb-49f8-b8eb-824388225333"
"5848","eb275d0d-64bb-49cb-a501-72aff776088f"
"5849","7df4c2c2-6d09-498d-9ad5-eb4ac6f4db1a"
"5850","2b7a79e5-84d8-4880-be66-3d9bb05bea17"
"5851","3c4c3fa1-d638-42df-8e98-2a38021da6f9"
"5852","8b94aa1e-89c9-459d-b3b4-1dfab8dec2df"
"5853","55cc1f3f-69fc-46ec-b24a-9708f6bd92b4"
"5854","9ecd4016-b9de-480d-8ec3-9881644f0eda"
"5855","fcb5e5c1-69b4-46d7-b9e6-328a5381dd89"
"5856","206f5738-e91f-4390-84a2-fcb864bc11b1"
"5857","3c1af34b-4562-4c39-a30e-0812b84a147e"
"5858","4dc5042a-b2b4-4ad5-a39b-3558b073cec7"
"5859","5c221b93-667d-408b-a37b-bfeb2c94dd61"
"5860","c95c29fe-3971-46b7-80e9-1f7e75ba99b3"
"5861","c2f70431-2cc5-4552-bcb7-6564512c15bd"
"5862","1973c966-f236-40c9-b2d4-5d71a89019be"
"5863","a453d1fa-e494-4e39-96e5-bbc5c730d0d3"
"5864","cffc3e97-e942-4b13-a2f3-0bf4910c06d3"
"5865","541561bc-510c-4a99-881c-2d8bf5a85462"
"5866","82b6f3bc-5dc3-4c8b-a814-9b471df42e02"
"5867","e54dc9c5-0f7f-4503-9776-efff47902602"
"5868","45a16833-6666-488d-aadf-e02e569275e8"
"5869","74374d09-7a54-4a05-ae78-d5940423de7c"
"5870","5d3798b0-d3a3-45ef-9df2-8b8756d4d79c"
"5871","36500a31-3204-45b2-bf75-5cfe06d9cea2"
"5872","cbc24ea1-8f53-4211-96d4-2c682d018b8a"
"5873","325ef602-74c0-4944-9cc2-95c9af86857b"
"5874","b1338cfb-930c-4bcb-b77a-1034d76ddb0e"
"5875","dfaf0c99-3887-4a49-be53-c480075075f1"
"5876","f7723de4-70de-4109-a69f-6a79e5d008a6"
"5877","0ec5d049-5269-458b-8f02-15a597f320a4"
"5878","0f4cc60e-820e-439d-8810-31a2cc27ada6"
"5879","224423a6-ac6a-4b3e-be7c-e38b41f82116"
"5880","78a45d6e-8785-4016-984f-b54cba6c3ae8"
"5881","7f8d7116-6d80-49eb-86b1-8327aa15ac5f"
"5882","4c08e39a-1a4b-4ab9-98f8-97d975850fb1"
"5883","81633a44-f1db-4a01-a940-804c6905e330"
"5884","60482359-eda3-410f-a2cf-05ff1bddef8e"
"5885","172020d1-e151-445b-8173-e2a5fb16fe51"
"5886","7234e847-451d-499a-9c7b-0050a4e758d6"
"5887","df0612db-366c-4ff5-b106-40b9e385195c"
"5888","8369c2d6-c100-4cf6-bd83-9668d8678433"
"5889","d40fb05b-5a5a-4a38-9e47-9560349860fb"
"5890","6b3afb82-c4ea-4f14-be54-a757fb762663"
"5891","75719644-f285-4060-b42b-9ed9c4a70375"
"5892","a044a90e-be8b-446e-9703-e42cc34c3551"
"5893","b1a1149a-9bc5-468d-9d09-f6d171cfd619"
"5894","b0132abb-7e1f-4b03-ae15-c7de85e6e8ca"
"5895","0fb63e16-f674-4b96-9954-b9d63b666650"
"5896","63048464-d2b1-42cd-9aed-9a6c6b0dc349"
"5897","dcdd5ddf-82a6-4ac3-8edc-d4b23cae9a88"
"5898","bbf58b2f-8c32-42b8-ad01-91c5ab5eeaea"
"5899","60493b7f-8613-431e-91ea-6a2c0410c6d4"
"5900","3a5275f4-67e5-4371-a31e-68291aa86691"
"5901","ef250dbf-2f98-4895-8e4b-fdc804e71555"
"5902","86836c4d-5ed7-4dea-83d1-64d3927f3547"
"5903","62dcff8d-ef02-4b50-9786-679ad940e665"
"5904","6ab7c99f-a430-419c-a881-8ef945230e4d"
"5905","40d243e3-436d-4acc-9481-5d3acaf07665"
"5906","f5bb6b92-2773-4403-8188-4b04bbc587fd"
"5907","b123b346-f98a-4d57-8409-4f7ce622d14e"
"5908","849d8ce0-d362-4e39-943b-9d1150cdf3a7"
"5909","fa656035-d990-4b73-bc89-16bb90b4b697"
"5910","e16e37e8-e5eb-4b88-a9df-7546f71412ac"
"5911","45399c1f-2ea2-4a5a-8701-def168041e5b"
"5912","d7e4a9fa-cfc2-45f9-96eb-13dc6e48c86c"
"5913","641bc86f-42ca-44e9-af8b-4f9e1f284e41"
"5914","5da42cfd-1da8-4e4f-b68e-4f821d005fc5"
"5915","2c02fb07-de47-46d3-8a99-b916137951ef"
"5916","13bdd41a-2a18-441f-96db-41252c519413"
"5917","0a14bbb7-6f92-4fb1-8f87-a5353b662e1b"
"5918","348b74cd-49ce-4844-8bdf-ec188b497213"
"5919","3c9fc332-97e4-409a-8c32-e81fa552e882"
"5920","84a67aa9-1d83-4122-a381-cef8c770c8db"
"5921","089ddb19-1c7a-43ff-ba64-070f7ce4787a"
"5922","5c5d38eb-4529-48d1-ab98-b6f6800f0a92"
"5923","3935e442-df7f-46c9-8eb8-901d001990b6"
"5924","b9f67432-0057-4247-aa84-469f8c53b39d"
"5925","40f65a56-ccbe-4601-9f32-1cc6cdd24f28"
"5926","82b14cde-76e7-4d4b-b564-c45c014f3ce4"
"5927","192f3ca9-2232-40d0-b241-387966ce2de8"
"5928","97bba453-d31b-4ba3-8dca-51c5991c9e79"
"5929","4959d8c3-40dd-404d-9b29-ec7501bf5c39"
"5930","1697d506-a82b-45aa-9a2f-2b71d71e1789"
"5931","4ee4ed1d-dc38-48e0-a9e6-a6b64f316ea6"
"5932","20e16be3-80b0-46bd-8b5e-ad9aa1ddf608"
"5933","b970e437-2f8b-42e3-ae49-6718a0cca44f"
"5934","6a876489-7ad8-4a13-b09c-c9b8e97a302e"
"5935","94812554-043f-4ffd-838e-583eccf3e297"
"5936","995f7d9c-45c9-4622-b704-739982ff9070"
"5937","6122d586-5978-431f-8e7a-96e61fc1f3fc"
"5938","07e1799a-82c2-4877-9b43-1499812c5619"
"5939","1605025e-a179-421f-8f35-5b07d182a6b2"
"5940","902fb91c-3113-4004-9b4f-79aa86b638b7"
"5941","93e65de1-923c-437e-aa5b-e6002967ce71"
"5942","69bbd53f-fbb0-4476-b4b2-ef7844464e28"
"5943","f84a433f-34f1-4083-b0a3-24802623509c"
"5944","5c66ce3a-658d-43b1-9d8d-0f39be6c0f2e"
"5945","b36e7ccd-fa4b-413f-a858-029737119ea6"
"5946","5a6dda77-c09d-441a-8456-c6ca7e1bda06"
"5947","418765cd-77f9-4c6f-8b00-e56ebec767bb"
"5948","530cb489-d900-46ab-9350-4d50ccd49eea"
"5949","3e5c6279-457f-429a-a53a-d27d4d38a10a"
"5950","8b3315e8-812c-4718-a9b9-fe8255bbc5b9"
"5951","e79dab00-fe87-48f2-b8cc-f48b68bc7f35"
"5952","b16bcbcb-1d3f-42b3-a6a5-b91348a72b70"
"5953","77390acd-7cf6-4cb2-895a-16bc6b6d2058"
"5954","bed97655-cb0c-4f05-bfd7-9a79d058619d"
"5955","25fb676a-cf69-487d-a9c1-273c6f291b6a"
"5956","3b8d148d-dec4-459e-a0ad-431dccbaa976"
"5957","8fa510d0-a8a6-4932-a361-00f8442cfe23"
"5958","085bfce5-70fe-43da-9499-307725e89bbc"
"5959","bb933bf6-e9a6-4dd8-8c88-0d8bacae30a5"
"5960","1536a96f-9dab-4386-85e7-29f2a2edef9e"
"5961","c9026b8f-7c5c-44b4-9e59-ae1e72fb29c0"
"5962","0f9098d1-9bcd-453c-a9ec-e8b635705976"
"5963","4c06a716-6363-4308-b548-88f7a3e70097"
"5964","6d289e8b-2cc1-4eda-ab1f-ad1090ef98f0"
"5965","e25a23f4-c956-4d04-88f0-116157fd0726"
"5966","156f8c5b-894a-4ccc-a70e-37a2726f3f00"
"5967","4fa2d6ba-4fff-4f21-bddd-4a54ae840955"
"5968","146a1971-1ff0-4ed6-99f3-d6d0dbcc4c95"
"5969","ed883d6b-cd2a-4d87-8bef-13f66f80fcb6"
"5970","40f95147-6453-4ab5-85b7-f1a7ad86f8a1"
"5971","fe29e658-7cad-4b70-a169-10a240ec0bef"
"5972","b55f61a4-5f9e-4741-ba95-9ac04b64119b"
"5973","284e28fc-7218-4ebc-a4bc-406f95f26d8e"
"5974","dc0e2b6b-1932-437d-b251-b808ebb09979"
"5975","524106a8-b343-45f6-b4ce-58e8d3cf1093"
"5976","d5ab94c9-f5e5-4030-82af-18e2c7614207"
"5977","b805f989-14d5-46ad-80b0-755634b66dba"
"5978","54936e0e-2e1c-4b04-b73d-720b85a3f907"
"5979","eba85523-6ad2-4cd9-9b27-a0b6a39b8cfa"
"5980","0e355580-bd4a-465a-8058-92984623070e"
"5981","6f2721bf-40ad-4f5d-8774-a478d1d6f5a6"
"5982","ec74893f-e11b-471f-85e0-f7339da98d53"
"5983","174fd014-d6fc-4c27-b7f3-88b911823c18"
"5984","daea23cb-c46e-4dc7-b0ac-882ecff74f40"
"5985","d8986e9a-44f2-4988-822e-1be3bd961a8f"
"5986","90cf93e8-5714-4be9-8fc8-c9e9f68e6c6d"
"5987","905e8db4-0429-4abf-a11d-8df2547f4cff"
"5988","89d2bb53-67fc-4b9e-80c7-07b6c587bc0d"
"5989","4c831013-9027-4ec6-83de-c5c19e68d083"
"5990","b69cb255-e939-4928-b3fd-9557087dce52"
"5991","7679b863-4d53-4a44-ab2f-be5618783e00"
"5992","f5dce36f-8ffc-4eaf-841b-cfd9ab72ccfe"
"5993","19931934-3d3f-4c9f-81a2-e962e02cfe01"
"5994","65a1c226-5d93-4fec-8a15-cb1b2ec4379f"
"5995","e9ea388a-5e61-451b-aac9-f9080def9374"
"5996","ab1b190f-754c-4a7a-b70b-f6ef6bbdcb68"
"5997","929a997b-d56c-4383-b36d-6de9fa0e1721"
"5998","35f1f02e-f1b9-44a2-92d3-032a16fe586e"
"5999","d94cdb45-ce0c-4e1e-8149-1998127f627c"
"6000","12154830-df49-42d6-95b3-6f83f29733d5"
"6001","bccafecc-4d80-43d3-8c9f-aef382c3926f"
"6002","604fa3e6-bc8d-423e-b7e8-c0ba2416eaa4"
"6003","2d3552aa-08da-4aad-9942-675be826a212"
"6004","b7544d46-870d-4962-bb91-c6bcaf84aa90"
"6005","b73035a9-bf06-412c-9796-db579f85995c"
"6006","65030093-f22d-486e-a978-ae7825829af1"
"6007","ecea634c-1622-47c6-a394-253d868d62e7"
"6008","af1727ee-e8e3-40a0-85f7-6e52e2a12035"
"6009","b78f324d-e16c-43f8-97d2-50d3a7cd1fb3"
"6010","28ca2f0b-9fb2-487a-9f10-9688e5191ec4"
"6011","8696aff0-18c0-4ba6-a4d0-9a21861b3e5e"
"6012","6042ba76-e5c9-4b64-b61d-cc96be8dc562"
"6013","c24f8b78-95c2-4dd0-8314-0cddaeba0399"
"6014","c438aa25-949e-47e6-a79c-a805d774946e"
"6015","f96c8129-91b8-4d29-bfa2-3d889e427e74"
"6016","64db87c7-2360-4e20-88d3-d222402e477c"
"6017","681a1f8a-4244-4e82-af36-0148b89c2863"
"6018","14f7bfe0-9eee-4e89-bf70-c7a4b7567ab7"
"6019","cdd2b6cc-b4a9-42a0-824b-766f52176fd3"
"6020","03589d0d-a6f0-4d68-b5eb-dafbc6833efe"
"6021","cbd9cd0f-6c22-4bbc-8af2-dc9c7f5efcb5"
"6022","ef69c0d3-0203-4de5-848f-9329c7fe8440"
"6023","7f18c3a2-f1ce-4db2-a354-9417691b5a43"
"6024","297c8dc3-0417-413b-8905-c4590ab8036f"
"6025","f8cfab53-c7f7-465d-9eca-d2a28e4dc708"
"6026","7cb8cb58-aae4-4625-9e8c-744560474241"
"6027","0ee7b0d6-db98-4785-9948-f2ef415d155a"
"6028","271a36a0-bc7a-43a9-ad29-0a3f3cac4e57"
"6029","78b1de70-0930-462f-9a7e-bf9b4135e1e2"
"6030","c3c2420c-ce9a-4371-8eed-1db479c3a562"
"6031","8fd96f45-e2ff-48e3-8829-5f25684993b9"
"6032","a933a46f-d4d8-4e96-a7f7-345725111bfa"
"6033","941364b9-1375-4add-9889-d67bae99bc8c"
"6034","68949f17-32a2-469e-b874-2fe7ac1cef34"
"6035","a2dfc063-7b24-4258-a778-d395c41d4966"
"6036","ea6c0bf5-fe69-4ffa-a1b4-398f46a67c95"
"6037","3d6302f8-028b-453d-97fe-fe04d5e148a5"
"6038","e6e5c6b7-4e2e-47bd-a01f-917334e81d2c"
"6039","918f5211-b99f-4b29-9a34-6e475583ef55"
"6040","e33f2942-c4e7-4cfa-8b5a-4e068ab5b1aa"
"6041","91dd8397-063d-499c-83b9-0603a10d94ac"
"6042","449d119b-2d66-43a9-9230-7d27f16afbb6"
"6043","3f4dab51-572b-4e2c-85ef-3b4c3f7094e1"
"6044","3abfda93-0f26-46ac-bf92-d5917047e90b"
"6045","46454506-fb7c-4ad7-84e0-d4a6a5589ea1"
"6046","76654176-5cc8-4cb3-b307-4ef1b6c2543c"
"6047","3e56a2b6-6316-4de9-9a56-e5f87359ca72"
"6048","f35fa66a-32bd-4be2-be62-786ba5ade441"
"6049","27e8f919-3ae1-42fc-b1e0-7d8f9ed972a7"
"6050","f40f94f2-1d6d-47db-8005-11e0d7cc8d2e"
